idx,actual,predicted,split
465,11.15815227453436,11.118522,train
7482,7.122559615852516,7.1779203,train
10764,8.853425538902453,8.802814,train
12105,8.111188022808278,8.112857,train
1327,3.924207602980861,3.9234953,train
14914,19.491905175059014,19.504648,train
9751,13.97746838290313,13.965856,train
11899,11.6939774148581,11.632342,train
15041,5.663360529255239,5.6827135,train
2019,14.306836905823571,14.379609,train
16213,2.328287830532974,2.3605735,train
2143,1.1248996832044238,1.1380891,train
7539,1.3640775395221618,1.3498255,train
6930,3.0357571145684243,3.0083728,train
961,1.3324347996082473,1.3097485,train
1728,2.037060734652315,2.0210621,train
11729,9.22833411742444,9.148634,train
6227,16.760001442058666,16.676489,train
11469,15.698997983474923,15.621434,train
12739,4.970074057436039,5.0123763,train
7458,9.521999306630264,9.520316,train
13897,4.694793008014956,4.719792,train
4718,12.682475856412742,12.608383,train
2967,13.479831379788449,13.51766,train
18900,6.109745362735048,6.119562,train
13510,4.587030983027788,4.5393147,train
5791,1.1418728351213168,1.1770355,train
2304,3.3090230757080343,3.3100204,train
3943,12.71888830509066,12.700747,train
11909,10.558962795309691,10.570343,train
8987,10.831937746920236,10.856475,train
7791,14.761521494281109,14.781423,train
6018,17.34862035127475,17.314754,train
5291,12.974432028817237,12.943838,train
7347,1.2789766876532411,1.2567883,train
14585,12.102675404668254,12.184108,train
18611,16.21586760141947,16.258791,train
730,4.935569482139703,4.894232,train
7180,20.20276947416801,20.166636,train
310,8.399196793781872,8.396915,train
3941,13.265072058370482,13.121666,train
5924,6.079240820584858,6.1896205,train
235,18.130697642935484,18.111427,train
8184,16.75787399029037,16.793028,train
19321,2.934729869358428,2.9121063,train
6968,0.3280300059740946,0.30644006,train
12588,1.3643135946101614,1.3581781,train
16790,3.703100233586735,3.6028295,train
2643,9.08758511748702,9.1101465,train
291,10.723729450474767,10.710201,train
8426,10.586598153351904,10.623311,train
10664,0.3502727558132797,0.36072758,train
15235,5.157914483673854,5.2720203,train
14896,1.1186337000215294,1.0696824,train
13736,1.9630814628647737,1.9321903,train
8027,11.60140901141606,11.672897,train
3238,6.078655060459636,6.063526,train
18836,13.603671755866438,13.676814,train
2916,1.2647121167626485,1.2783829,train
15827,3.712804434789981,3.7120173,train
4392,5.242573372235055,5.2367806,train
4202,5.636878019008875,5.6382823,train
4832,0.9962860918490576,0.9758562,train
5156,6.087295758309891,6.112935,train
3248,5.0061871791855,5.008011,train
3729,16.1769840341866,16.178564,train
6413,19.13216513351756,19.084873,train
16779,4.856804903470609,4.7587624,train
7887,4.566344950269103,4.48543,train
17499,10.262069407340576,10.219489,train
6214,17.978156245243238,17.763834,train
6168,1.175038775019975,1.1517838,train
10222,4.895926269888145,4.9291987,train
4462,20.452749093713987,20.465298,train
19307,4.099080213387343,4.0561967,train
7300,5.799164257586732,5.814473,train
16087,14.01404920026369,13.91398,train
13738,1.824809917069185,1.8149902,train
3905,16.744317316609695,16.724577,train
6392,21.78362500775537,21.63219,train
8083,5.0999244811362825,5.160244,train
12748,4.060557987415013,4.1276546,train
6942,1.9493239353654828,1.939588,train
2309,2.8511132669306263,2.7999787,train
12877,12.165803804722358,12.14051,train
2818,10.75993888638036,10.767671,train
8336,22.133217653024985,22.175516,train
10128,15.645825198466772,15.673963,train
3563,12.188017937362703,12.337321,train
17318,8.976990959933177,9.0556755,train
15449,2.511349970053812,2.565859,train
8978,11.70810458799787,11.758808,train
14383,15.268199184117329,15.276827,train
14437,8.419175071010386,8.418906,train
7677,5.355918765063729,5.3525414,train
17445,14.490342306948264,14.51045,train
860,11.769639358594054,11.810155,train
12729,6.01844105730327,6.01826,train
17098,11.918189187105122,12.065954,train
2810,11.778891371970168,11.916767,train
2840,8.259669793882667,8.281739,train
182,1.1636813411390234,1.1227622,train
14378,15.64280150773385,15.662186,train
12665,12.791324002600428,12.753792,train
7727,1.0235426042415654,1.0069985,train
11804,1.3659115059799294,1.3363963,train
5136,8.340796866853728,8.380766,train
7381,19.46033646742458,19.464258,train
7051,9.934168719786554,9.870531,train
1260,10.626345434768684,10.688239,train
6738,3.681507907381658,3.671536,train
10120,16.782944918555224,16.724642,train
5695,10.650703952612346,10.391366,train
11293,15.395312749027038,15.450771,train
12,19.198530303904978,19.37004,train
10060,0.9080445973434326,0.92308986,train
12578,2.176464781103417,2.167129,train
8906,20.616569636347872,20.680233,train
4385,5.892706546533848,5.6208415,train
7470,8.301716032735344,8.322636,train
7384,19.27066596613536,19.262135,train
11310,12.366138365160383,12.426119,train
17014,0.8197907904772723,0.8172108,train
12709,8.22008155876891,8.251884,train
10684,19.76185389932109,19.75057,train
1973,19.75199893252584,19.775795,train
784,20.812423941725463,20.810602,train
8271,6.454838191491575,6.447768,train
8133,0.6590135897115403,0.6759693,train
9363,12.324251325297052,12.460158,train
12281,11.292216444471984,11.414141,train
18411,16.21563688070417,16.19219,train
9867,1.3379631756470611,1.3230479,train
11390,4.088668625174265,4.1275196,train
11168,7.738856775113466,7.681776,train
8386,15.540908463617551,15.564603,train
9675,1.2778419124346587,1.2119304,train
1047,12.453124469646252,12.209661,train
8966,13.441708120255171,13.437338,train
18111,7.869333867084174,7.8638515,train
18024,17.721073123898083,17.736876,train
4215,4.395128837844302,4.3730507,train
10483,17.64177067741828,17.627493,train
12156,3.986004349297875,3.9916801,train
14702,1.471493308694364,1.5016906,train
8900,0.751270640785817,0.7583902,train
3062,4.318041381976746,4.255847,train
9655,2.9304095903371383,2.8457768,train
18148,3.9458602417066544,3.9608386,train
18681,8.903792453329125,8.810301,train
12051,15.015259562277784,15.014015,train
7512,3.981373502157621,3.9797993,train
60,13.871144308982554,13.904341,train
7833,10.732717895576943,10.67207,train
7946,21.651906524045927,21.733799,train
11597,2.466397061192373,2.4273605,train
8292,4.407126219952904,4.3872957,train
18861,10.109806827091145,10.081962,train
12128,6.6361495428428885,6.6301627,train
1481,8.054910430390452,8.065102,train
3224,7.544976341199019,7.5149145,train
10104,19.04426925775184,19.039646,train
9222,5.602512317661243,5.5694222,train
14818,8.930117059267337,8.93443,train
1368,22.51998602306659,22.480165,train
19288,5.862772638451232,5.7858725,train
6575,1.2905670390756714,1.3018113,train
15314,17.40211451302451,17.342964,train
13303,6.94214934774557,6.968472,train
1967,19.79633459123386,19.89464,train
7892,4.169110417610817,4.180408,train
4912,12.759062452131374,12.71697,train
14958,15.3376034470882,15.381425,train
9537,15.806332822361162,15.8442335,train
5404,1.3103860675975836,1.3248879,train
14472,4.966229796525897,4.945231,train
16996,2.086683172589896,2.1389496,train
17562,3.2839834898453866,3.178179,train
13099,9.051787725262608,9.090248,train
5025,1.2199115666790967,1.2160385,train
6470,11.755512504743304,11.755228,train
14968,14.09039457535677,14.093804,train
14313,1.52823975140422,1.5609436,train
3792,8.30987555969853,8.286095,train
4142,12.276108761146237,12.364939,train
18594,20.58364539494216,20.510107,train
7942,0.3553801361940875,0.37513185,train
3939,13.842513217502182,13.876182,train
16915,10.072147671176005,10.027241,train
11060,20.06037056932901,20.09424,train
9796,8.791127686312517,8.835295,train
9948,12.073643317059997,12.005062,train
15431,4.038521196352172,4.0235515,train
2675,5.685563328810952,5.724338,train
14525,0.6262680250933428,0.622981,train
7789,15.100457240683628,15.003478,train
4275,17.04794888867678,17.148409,train
6678,10.158454014894277,10.191883,train
9406,7.548318551516197,7.415476,train
3721,16.474687460512442,16.430367,train
13406,17.11285868317025,17.158121,train
16268,16.126681115530282,16.180662,train
6634,14.04394548995826,14.009038,train
9064,2.852218850136121,2.8117752,train
6636,15.708322235709344,15.719119,train
6647,14.060549178516602,14.194324,train
5387,2.220166633543083,2.216842,train
18606,18.347009787605543,18.327047,train
4579,6.863346443577692,6.8618903,train
577,0.7697217906832876,0.75660646,train
2699,3.0540981436982744,3.0299954,train
5673,13.119286900715975,13.107956,train
11508,11.591687527322298,11.571224,train
14791,11.578203411975572,11.510554,train
2897,2.911274691519933,2.9135914,train
3954,11.344152035860573,11.335214,train
15092,1.1102978887575867,1.1064293,train
14490,3.0821300358262023,3.1123629,train
13775,19.73890904387981,19.708668,train
12278,12.314709191692083,12.302332,train
2490,3.938549221339754,4.0337324,train
7508,4.056070320245504,4.0410957,train
6893,6.569924562247978,6.5546865,train
8713,22.4765521967158,22.47077,train
16884,13.820534416576756,13.708972,train
3999,6.812592615250985,6.8409104,train
19114,3.387153107304247,3.329684,train
13839,10.995072945392456,11.019262,train
8760,13.949185525844502,13.908244,train
12711,7.894415270634916,7.953502,train
208,21.952572283151927,21.985096,train
10934,13.000174374050374,12.989793,train
16092,14.845156691361865,14.799395,train
18396,19.252965617869645,19.328081,train
17085,13.891726497887689,13.816707,train
11881,13.563221356757888,13.648558,train
8923,19.745830070708845,19.710241,train
13083,10.621394928254318,10.577125,train
14565,13.936438632430056,13.980492,train
18589,19.11171996227374,19.124704,train
6264,12.00056606030894,11.96704,train
197,0.3944483655531696,0.36260542,train
12000,1.6188354525069717,1.6424435,train
8,18.55380255660916,18.436544,train
3459,3.0801613668744774,3.0260806,train
5061,16.793928593106873,16.698711,train
9499,20.893174110716867,20.82029,train
8103,3.1085365320041443,3.1525571,train
11177,6.732687347991842,6.7037773,train
16580,4.87997799219674,4.9130125,train
15307,17.894267408045142,17.90576,train
15303,17.429449202856972,17.371845,train
8777,12.861815326384033,12.849724,train
15285,0.9290038212892728,0.9565613,train
15452,2.086838420794624,2.065905,train
7174,20.529929741530324,20.637396,train
11401,3.1046798794363344,3.1857858,train
10015,4.338457227529569,4.251696,train
1380,20.62604039973176,20.660748,train
10213,5.899634734247968,5.8847456,train
7202,17.300462826537757,17.306118,train
3106,0.7201859990599521,0.7615104,train
19253,10.049417611064923,10.057974,train
4563,8.52809178272246,8.508164,train
9987,7.958798375686489,7.8886642,train
7550,18.58958851937553,18.63161,train
11043,1.3383837534733125,1.2943498,train
15243,4.355904818421786,4.4105277,train
265,14.27750471148739,14.300074,train
15562,11.73603158791876,11.678296,train
5137,8.172435086377016,8.230945,train
9150,13.761213355570176,13.831763,train
17701,10.664949219510008,10.696177,train
16214,2.2513850636999737,2.2759526,train
5358,5.074150739357833,5.029309,train
3376,12.488314844206135,12.443513,train
17184,3.3315774542768133,3.3185813,train
8485,4.005354550445484,3.9769197,train
6307,7.107836900975004,7.159355,train
1722,2.5321912625234773,2.5326037,train
15111,19.48666510314977,19.500978,train
7874,5.9484750967144775,5.893267,train
14844,5.65919126215436,5.671753,train
13061,13.237823870231884,13.177498,train
18155,3.5697943351300987,3.487538,train
13353,1.9900911280098663,1.9871966,train
1808,15.728476582341402,15.704627,train
8926,18.239898525419218,18.284346,train
18013,19.09156204865963,19.206219,train
4680,17.009909944307005,16.955141,train
17232,19.65917038073069,19.657103,train
7402,16.790705204739684,16.731049,train
14222,10.563408237964378,10.451469,train
10546,11.618473808141552,11.591841,train
3371,12.907130842970233,12.866332,train
11240,1.1118927445105318,1.1574576,train
3990,7.737040589610419,7.7688146,train
5845,14.27357261866068,14.36529,train
6674,9.91060629571145,9.889014,train
9632,4.931022492914544,4.832064,train
5952,3.383748204322518,3.3849115,train
10158,11.871440719165546,11.821308,train
7358,22.36371758537056,22.364094,train
889,8.348917730610433,8.3431835,train
1598,17.052034352886942,17.013695,train
9515,18.580801382967767,18.62794,train
14426,9.63307895188288,9.62397,train
8141,0.5780210175451242,0.5749859,train
11291,14.25145016938408,14.3836155,train
19272,8.037490706842926,8.0331955,train
12622,19.78593355619777,19.764387,train
17955,3.873783779037429,3.8024175,train
1544,1.8839467441144748,1.9044304,train
8321,1.8045986284478448,1.8201672,train
9333,15.865610187151445,15.98666,train
98,9.036478655915444,9.102475,train
16742,8.71520203802638,8.648678,train
11805,1.3529410624030356,1.3363963,train
12815,19.75216393667077,19.731192,train
11701,12.691968849106262,12.522728,train
8561,14.732206119745202,14.762237,train
2573,17.483380111239807,17.55469,train
4260,20.12332188088549,20.135326,train
5144,7.053434606423555,6.957746,train
6653,12.250691490130055,12.297032,train
13602,16.064268149037517,16.012718,train
10703,16.296520933991214,16.31502,train
10368,8.374398828191975,8.471717,train
18525,4.6856184107935706,4.686985,train
14839,6.509272312825617,6.5368347,train
17171,4.673894177021192,4.616088,train
13388,19.788177344840022,19.829615,train
5459,13.983921979914417,13.98026,train
8654,5.801236819224587,5.899154,train
830,15.462333291289308,15.489816,train
4993,3.843014695842262,3.85997,train
19081,7.105944910094136,6.960511,train
2700,3.009215041342088,3.026632,train
17215,0.8672673295525601,0.87801594,train
6346,3.053359907928256,3.0743032,train
16437,0.2628894421745604,0.23454055,train
8801,9.54732224127508,9.523019,train
11064,20.028732980567767,20.051392,train
15661,1.219888309609766,1.1488382,train
10414,3.633909250110263,3.6498694,train
13140,4.729182042671759,4.7885294,train
9648,3.0931474045146694,3.2052312,train
15208,8.024679321764564,7.9450035,train
16141,9.243786779326948,9.231091,train
376,2.1516655346925915,2.1703146,train
6824,14.273400329895871,14.2411995,train
3554,12.934807635975744,12.976468,train
12251,14.447310037577582,14.521615,train
13530,2.745391135835444,2.7335706,train
4603,4.395931642811124,4.4320674,train
13243,13.99063297356704,14.028703,train
13308,6.311186771063032,6.2583356,train
18545,2.7880900207432764,2.8228705,train
4029,3.704208289862741,3.716361,train
14146,21.120095992147714,21.172781,train
12143,4.738397036920925,4.734297,train
7472,8.243785046923946,8.28415,train
271,13.175727157316029,13.205268,train
5345,6.982205344224285,7.03509,train
16676,15.286365971097784,15.28624,train
18269,12.397997366696512,12.472023,train
4999,3.0154769006418887,3.019188,train
3410,8.263841867353225,8.257446,train
717,6.513837491393115,6.644231,train
7372,20.71879604654209,20.726599,train
15184,10.553026136813578,10.647578,train
3496,0.5988023879920309,0.5640042,train
14001,13.559658055053378,13.599234,train
11824,21.668381308934244,21.64307,train
17175,4.1356965156183625,4.064873,train
7588,14.922042816193567,14.958124,train
7109,4.331264863729229,4.368357,train
6096,8.357122931597997,8.421715,train
11573,4.815382568416244,4.729775,train
12221,17.41479832944138,17.487867,train
4653,19.259032231964056,19.2483,train
13989,15.363093555848014,15.439831,train
12607,21.778722037859268,21.792753,train
625,16.868401615836042,16.97736,train
9127,15.93215480533688,15.966844,train
9235,4.3489341472798895,4.4016275,train
15568,10.82302532903864,10.916525,train
6733,4.078332371268999,4.1336665,train
2494,3.733022991598802,3.6644614,train
17300,11.642251200490696,11.602634,train
8304,2.965398915935092,2.9393342,train
10937,12.687328806188075,12.736642,train
3738,15.343059012663206,15.430793,train
11786,3.029472826392259,3.014777,train
11536,8.657654132269258,8.642771,train
12980,1.7387476654554157,1.7127502,train
3919,16.344289429226226,16.342365,train
12289,10.81863541238018,10.837061,train
13036,16.49088900101607,16.482431,train
4932,10.373790723527906,10.3837185,train
5390,2.1699225811269955,2.1728623,train
9491,21.835441142975554,21.714245,train
5850,14.564179384262866,14.496332,train
3718,17.89795358187788,17.940079,train
17820,19.385006115408068,19.389599,train
19034,11.508658310531445,11.487552,train
9821,5.880969917649892,5.899881,train
9413,6.737893951972912,6.8166356,train
4208,4.966516995278824,4.949223,train
17358,4.942293565809887,5.030266,train
16067,16.481950127834356,16.469429,train
18289,10.054362843227317,10.081127,train
13730,2.5117973680700088,2.5214446,train
6061,11.741738794445576,11.8155775,train
1824,12.116587202223664,11.988381,train
11378,5.257415300992038,5.25492,train
15606,6.654393979484871,6.6499667,train
13714,3.873616268355614,3.9567993,train
14188,15.143954010279115,15.211118,train
10332,11.60932211886431,11.6163225,train
17395,1.651801404557662,1.6963888,train
7474,8.18606665474395,8.232691,train
1206,17.768632391233165,17.702215,train
16729,10.601216023429195,10.586372,train
1968,21.119342836644687,21.128675,train
12971,2.1339243996302244,2.082465,train
3111,21.39703466856536,21.31637,train
5458,14.498578249075145,14.405394,train
15005,9.478951651620967,9.551546,train
4270,19.043940207347447,19.04321,train
8925,18.71678028479074,18.70808,train
4309,14.511593479312486,14.4218445,train
14546,19.70605423277713,19.74437,train
13219,15.948541907452936,15.95016,train
8131,1.24624115747879,1.2452266,train
9403,7.809889761598921,7.8121066,train
16322,10.877731962331612,10.85399,train
2108,4.018076305764639,3.9832656,train
1479,8.260702350325841,8.27663,train
10776,7.310207387759281,7.332819,train
10731,11.427643485624449,11.421394,train
6569,1.353493001358789,1.361414,train
11843,19.37516772768525,19.270527,train
14544,16.060543963348444,16.001596,train
4575,7.218107098756445,7.161881,train
15636,3.6215477980103,3.6183975,train
7135,2.04489766687276,2.0935678,train
1342,2.1524789062247844,2.148594,train
735,4.635806947572577,4.7094026,train
13251,13.200804237939332,13.220742,train
3562,12.535491066935124,12.589838,train
3311,20.433800101049417,20.44508,train
2335,0.8721528827915014,0.9008153,train
17142,7.705984606945577,7.7013655,train
7393,18.029396822329986,18.016905,train
506,6.849078557104911,6.804627,train
9872,1.2139436251024822,1.241409,train
13507,4.886301354992319,4.847067,train
2468,6.15781897846285,6.5310507,train
13803,14.502051171267684,14.462174,train
9497,20.827445126083614,20.793541,train
11314,12.63015067026855,12.553934,train
7192,18.53597170087972,18.580246,train
5757,3.9473430143444257,3.9487855,train
9468,1.3728683105158574,1.3862845,train
9771,11.551206183661767,11.611239,train
2306,3.1177199776701743,3.115869,train
5147,7.044807762033693,7.0469933,train
9193,8.623676663677259,8.5714245,train
16865,15.801703861087926,15.67641,train
13059,13.719491832798925,13.728198,train
12916,7.792025636976773,7.832783,train
17480,12.160392277137836,12.138506,train
14342,20.38996146330848,20.333384,train
9079,1.5889033581446907,1.5972661,train
3598,9.153144167867977,9.184266,train
15563,11.581510928784336,11.573835,train
3714,16.1525215027128,16.19666,train
16110,12.705052825363977,12.725187,train
8098,3.897440495957388,3.9195786,train
7353,1.0903625987279992,1.116578,train
18015,18.560969608162207,18.606638,train
10658,0.4390302254679471,0.45155993,train
15955,10.318979500416097,10.318595,train
1785,15.812357741050665,15.840463,train
4778,5.784534893576915,5.7172484,train
18501,6.835147300189758,6.7815747,train
12026,17.055262312772683,17.144186,train
17584,1.4438557777927212,1.4190776,train
4249,1.2423533055971556,1.2580513,train
7193,18.342719746100133,18.340538,train
3689,21.102366182729067,21.048763,train
12261,13.405621328140722,13.415873,train
7793,15.775354272357433,15.728103,train
2129,2.084899639052403,2.1242867,train
753,2.854650462238808,2.8587782,train
4151,11.281204180752916,11.324823,train
3309,20.78961557300016,20.86628,train
16496,13.53705681991372,13.545863,train
5174,4.092855978476497,4.111182,train
4809,2.7377058433690045,2.6913764,train
18423,14.73737348390056,14.709155,train
17181,3.680592813601896,3.671671,train
14295,2.968200320411572,3.0764194,train
17564,3.027425843218808,3.0084355,train
10777,7.122594791646069,7.2374444,train
11264,18.865448626930228,18.880669,train
17217,0.7665643825256395,0.78634125,train
4956,7.260793231288104,7.2099953,train
3925,14.470944373749386,14.50742,train
400,19.371671661555983,19.42032,train
3988,8.108926206233829,8.149795,train
3570,12.071089587689542,12.0111265,train
14436,8.473164290741929,8.522657,train
7055,9.197211283138412,9.115438,train
8233,10.71490048041114,10.838967,train
1318,4.083779073943348,4.1230817,train
3623,5.789720065084432,5.7747717,train
10676,19.03930122792292,18.983463,train
19326,2.4388870250713235,2.4302588,train
15803,5.961487260152538,5.944131,train
935,3.765827421212419,3.8246047,train
12551,4.837383220801318,4.841486,train
6316,6.119490104280223,6.0980024,train
12395,0.6907970016749876,0.7240053,train
19216,13.515562222821146,13.550628,train
3209,9.36294927744762,9.360204,train
17152,6.614228575984908,6.633704,train
8600,10.715414757452653,10.864693,train
18859,10.547666113181371,10.473759,train
4742,9.596981901611231,9.578098,train
12320,7.312935569805804,7.369519,train
2542,21.4425088618801,21.490877,train
846,13.398605072096032,13.283698,train
16436,0.2934325457581953,0.2698064,train
12912,8.249329022699552,8.24327,train
12946,4.650723644780852,4.6726556,train
10053,1.3644532433573902,1.403066,train
9702,20.03831897938345,20.078094,train
11122,13.207444586617136,13.072663,train
9444,3.665116931536071,3.6085856,train
17297,11.291870241156264,11.294503,train
15778,8.877122419722788,8.899644,train
16429,0.6664858906177018,0.6985238,train
15418,5.310981060104362,5.3940196,train
19323,2.723949643514318,2.7282734,train
13067,12.70295548005703,12.750134,train
15495,19.78497568467419,19.815126,train
6917,4.074362910158173,4.093454,train
4735,10.144589095607875,10.291433,train
962,1.3067154438916406,1.3078345,train
7270,9.119218237596336,9.105763,train
18204,18.43407584434104,18.524103,train
5331,8.236746703641279,8.277089,train
7336,2.139074677218102,2.1090899,train
13108,7.992717289148539,7.9942136,train
12857,14.48415661021908,14.406654,train
16384,4.197734325177847,4.263025,train
1151,1.995433671113304,2.0060174,train
14766,15.699257243224803,15.696772,train
7531,2.1540626784549968,2.1655629,train
16104,12.787777843838068,12.802899,train
6796,17.239186061019424,17.171188,train
524,5.103669571366556,5.2670074,train
3442,4.94459581105157,5.137361,train
14294,3.0705114370751097,3.0911903,train
6005,17.668112927262783,17.402885,train
15748,12.334757249534023,12.35218,train
15374,10.058088239613204,10.076924,train
6600,18.737148313799786,18.764353,train
14470,5.03492218290112,4.9732146,train
19030,10.972835041395188,10.85102,train
8660,4.731403869703238,4.7052765,train
9112,19.067827609951408,19.160318,train
11567,5.289390095496381,5.2215157,train
12301,9.177954482047264,9.210661,train
16649,21.080995292906223,21.048258,train
11422,1.16554421207906,1.0938334,train
3190,11.59268755236649,11.599879,train
5803,19.1314580281306,19.24636,train
2207,13.176764898548733,13.253356,train
18348,3.743294848663583,3.7731628,train
3976,8.784125828754739,8.812924,train
18096,9.578174473641637,9.608998,train
18503,7.199263849889973,7.1586366,train
15850,1.8456205309936764,1.8579546,train
3768,11.620672362048454,11.665607,train
4725,11.202752145801426,11.351276,train
448,14.459663312490616,14.467044,train
18317,7.013280574546756,7.080109,train
232,18.278630312116093,18.260193,train
7114,3.748344927570885,3.7566485,train
17089,14.438074629847982,14.38669,train
15789,7.694008301213013,7.7539673,train
9456,2.664808103738349,2.6565447,train
4013,5.167529125738562,5.1598973,train
3320,19.31178009463927,19.26237,train
27,16.567119982467585,16.597883,train
6189,21.1176423931811,21.188166,train
6531,4.969632813499086,4.9760075,train
14004,13.024218437451555,12.992788,train
6412,19.17910621204242,19.107103,train
12285,10.466570476862188,10.45956,train
9657,2.215652917452433,2.3997328,train
5635,17.48365274382998,17.404015,train
5374,3.918919033081983,3.9296951,train
1467,9.64296897777688,9.786632,train
8599,10.947458681742106,11.006751,train
11079,17.927177981779067,17.89844,train
2172,18.243441245445457,18.27666,train
3438,5.083462242239238,5.2844515,train
18409,16.81354900864245,16.817808,train
17056,17.161872741610342,17.186266,train
13244,13.75470409012536,13.703985,train
4952,8.079542980927235,8.087787,train
3485,1.283534207224952,1.2641406,train
16169,6.561253070364734,6.5716157,train
12775,1.785755754890773,1.7129437,train
13547,1.272883396966841,1.3423681,train
16691,14.916627748625343,14.82769,train
17228,18.17944331350627,18.329365,train
9233,4.517043717173248,4.5351486,train
15828,3.6672051401830608,3.7084904,train
2872,4.935473472708134,4.9571776,train
1039,14.168534884881272,14.255413,train
17179,3.920473738608764,3.8697414,train
12517,8.361034707370491,8.345265,train
1839,11.359983788924136,11.460531,train
1345,2.1224026614325338,2.117113,train
12121,6.994800405008898,6.981868,train
413,16.898200452570983,16.9842,train
10197,7.220477891886274,7.2026367,train
1795,14.883563141873852,14.95369,train
16780,4.714934604056148,4.643405,train
8232,10.710865832822876,10.6402445,train
865,11.209859739803742,11.231667,train
6514,7.015037257043001,6.959327,train
4488,17.827861346997036,17.8622,train
18513,6.087501597231059,6.0885286,train
8477,4.949582820487319,4.938336,train
5119,10.120815327349822,10.126034,train
1196,19.03240790533879,18.958483,train
17930,6.080143973719344,6.3220744,train
12766,2.525885332322231,2.4945564,train
14382,15.342671560078,15.328422,train
3051,5.472615561430438,5.3650866,train
12445,16.821446820796613,16.705872,train
11212,3.045157249849772,3.0704494,train
5841,15.45381093852218,15.368169,train
16357,6.496479122920297,6.5376678,train
1492,6.851400777047828,6.851753,train
8735,18.47115975196372,18.45032,train
3874,0.8095649890548602,0.80056775,train
10426,2.783017065016044,2.731145,train
14499,2.2169759332580714,2.1635509,train
11112,14.479241864498231,14.395228,train
4004,6.019413667728776,6.0491686,train
1966,20.082916968575383,20.123236,train
8786,12.05278308449848,12.059444,train
11461,15.978828535880115,16.059464,train
14857,4.7301736831031,4.70866,train
2336,0.8293175702619027,0.88029486,train
15788,7.769915349479032,7.7999997,train
13970,17.87657904707054,17.896793,train
4420,2.656961648178161,2.6402094,train
13951,20.78318863704672,20.768957,train
10011,4.933672059404886,4.9170256,train
18866,10.062504653209611,10.074879,train
17434,16.068375216945302,16.120045,train
4745,9.094312371521475,9.221288,train
14488,3.137168908475584,3.144044,train
9223,5.498437088204986,5.53975,train
17764,3.969613786921169,3.9665136,train
1022,15.66348953262692,15.722933,train
11109,14.455489972014014,14.507592,train
15725,15.149640757567,15.137924,train
12480,12.763365168171742,12.816484,train
12659,14.510024579352326,14.466991,train
8062,7.917040471543762,7.579987,train
10861,0.2611465155374809,0.27510545,train
10149,13.043462897981088,13.099248,train
17577,1.927780708433724,1.9158726,train
3002,10.6986104726783,10.700877,train
9581,10.489405150285158,10.548327,train
14388,14.378883008636274,14.359952,train
16152,8.011448299594866,7.9490237,train
9914,13.990642530083038,13.895188,train
16997,1.9796647065884752,2.0566094,train
5692,10.961120510795022,11.018479,train
10744,11.09008312676388,11.006752,train
11566,5.431023559524497,5.310626,train
8737,17.373058419684927,17.355268,train
5116,10.71400426274007,10.771276,train
6817,14.378782122508126,14.384459,train
10404,4.513773959978969,4.423712,train
9777,10.749936841436275,10.790312,train
12998,21.15131277070033,21.077295,train
11210,3.596299340538788,3.522324,train
588,22.416183711362283,22.33563,train
9139,15.31033484684477,15.23056,train
15691,19.761149492137434,19.648958,train
13170,1.9813417252921184,1.9836465,train
4677,18.00087881938123,18.053843,train
2334,0.9157377277983768,0.909278,train
13209,17.040046909417292,17.108086,train
3564,11.848991556660303,11.827803,train
12426,19.71731020857493,19.737453,train
11514,11.403546820513476,11.3924465,train
7771,16.857346749314225,16.931452,train
18018,19.37801784543971,19.38226,train
14350,19.324097686098423,19.349,train
1813,13.35335951634011,13.247472,train
10378,7.332552445160615,7.366765,train
14226,10.684309342628389,10.803199,train
1895,4.977349720676828,4.9895706,train
13393,17.13017025809998,17.078432,train
8809,9.000716085614606,8.907802,train
3007,9.377091707755037,9.386538,train
14405,12.695520370248834,12.652804,train
2416,12.214086409498986,12.244458,train
11010,4.674632445262042,4.6768436,train
8838,6.098321675124641,6.009427,train
17304,10.796787340503046,10.784819,train
175,1.7589338840334172,1.7834036,train
5476,13.15213966997752,13.049466,train
14612,9.977520451082972,10.002924,train
3041,6.519376030544732,6.4648857,train
10601,5.3227212234547245,5.308629,train
15907,16.131111986104035,16.036621,train
3771,10.75993882341824,10.646265,train
5513,7.579586946147373,7.588587,train
11030,2.793294122807621,2.855872,train
1190,19.38166310678188,19.46352,train
19324,2.6248201449315265,2.5513406,train
17962,3.0138628757724675,2.986648,train
8904,21.833254275520204,21.824192,train
14292,3.278708705155389,3.2879522,train
12894,10.308036293910636,10.3114395,train
4633,1.7665081634764503,1.7491626,train
16197,3.936657514380904,3.8634722,train
6948,1.5346917566500746,1.4984821,train
18494,8.066268441526727,8.131258,train
642,15.040035800812914,15.045361,train
4528,12.810821639856137,12.813126,train
15375,9.881686160432416,9.909445,train
18510,5.977102911182345,6.085452,train
16824,0.8556474185011054,0.8293832,train
8743,18.35238377434429,18.342573,train
13658,10.0425917841722,10.0704365,train
2136,1.7524942740293,1.7775548,train
18039,16.302662189430364,16.225668,train
12237,17.641686158613,17.624811,train
6017,17.844222608066996,17.871239,train
5323,9.299215674039958,9.256296,train
15846,1.9648758963853747,1.9802085,train
9768,11.865200182532504,11.95513,train
8818,8.17539131316837,8.104559,train
5166,5.01486687819586,4.971943,train
2798,13.230594356596397,13.309147,train
6823,14.653575165878664,14.661933,train
14425,10.332798570135134,10.318428,train
7020,13.273808698617035,13.310101,train
6479,10.608440340594251,10.652486,train
12849,15.191971987329683,15.243272,train
3609,7.748796140977337,7.7561455,train
15138,16.536470853202427,16.423016,train
1827,11.603072108498765,11.541904,train
993,18.625468818404265,18.699572,train
6458,13.095321986255,13.202456,train
3129,19.458826101230603,19.4273,train
5199,1.8867615710017736,1.8877612,train
15150,14.811354951002528,14.761159,train
17936,5.843334111908765,5.545995,train
10569,8.679494930271247,8.768122,train
3877,22.50240016671537,22.452572,train
16830,21.92716251657896,21.856115,train
6194,20.41608622759403,20.329842,train
13697,5.753411512697554,5.73532,train
17383,2.6025246804982545,2.5800664,train
6091,8.46334142789182,8.489504,train
5808,20.199443831797563,20.142742,train
4944,9.096778603269255,9.098098,train
15756,11.373645209012269,11.392468,train
13980,16.37190361277802,16.40035,train
4507,15.52109734861967,15.49077,train
6442,15.354582924746806,15.298058,train
7663,6.192330495622536,6.238992,train
14969,13.894968556593,13.83897,train
16117,13.168387278573572,12.990137,train
2524,1.200860584667641,1.1824102,train
10146,13.238216886659876,13.194193,train
8390,15.21656081195129,15.1941185,train
4094,17.652598736690017,17.760723,train
7645,9.070612127846578,9.029534,train
11731,9.18282528181326,9.09681,train
384,1.3623473829851669,1.357313,train
8155,20.23474428605837,20.192144,train
8375,16.918934581056142,16.92052,train
15984,7.002288298898415,7.01553,train
6773,0.8608167704893002,0.8599661,train
15426,4.5243572633561735,4.509675,train
8343,21.146718661266405,21.142181,train
18688,8.45645835307214,8.398306,train
3513,17.67241767944938,17.582352,train
11190,5.540972816520819,5.452401,train
15320,15.652759113103851,15.731422,train
5132,8.444110417602987,8.418751,train
12018,16.870370086384657,16.632746,train
739,3.9851800594972073,3.9304554,train
17005,1.4302139616711949,1.4449533,train
15115,18.28516575402024,18.483274,train
3605,7.351031589788093,7.471844,train
11975,3.7039252833878336,3.7299838,train
16068,15.285934452073176,15.329218,train
2397,14.491427320869969,14.457243,train
18699,7.202282656587532,7.1780753,train
15817,4.6868393110292415,4.730853,train
14973,13.135159415808344,13.141006,train
8244,9.365195191620662,9.408055,train
9268,1.317865283092102,1.4020035,train
3169,14.259535452551352,14.303593,train
6953,1.1121084202640066,1.0822372,train
5455,13.195982274316387,13.132322,train
15112,19.17867214682688,19.176546,train
3199,10.552440852497774,10.520313,train
11208,3.671836014683859,3.6077812,train
2235,10.321523995790589,10.354942,train
12644,15.582222798489648,15.571258,train
14653,5.717421178373309,5.7347746,train
18246,15.755709114279682,15.777179,train
17113,10.901822344979228,10.84846,train
16337,8.431829787138676,8.442229,train
4634,1.7142917255866434,1.726977,train
7639,8.940590552524672,8.99927,train
17995,0.6061249746368346,0.6104224,train
9601,8.190019690796644,8.185807,train
691,9.224755554548135,9.199236,train
7403,16.73810826111329,16.70778,train
6663,11.18801206083371,11.246233,train
2673,5.812344330636199,5.8875628,train
9720,17.887775995855858,17.946821,train
842,13.93543346798944,13.956106,train
364,3.0662181517051725,3.055928,train
11426,1.00290152411097,1.0106059,train
9540,15.43297445232542,15.323442,train
2350,20.267829607706087,20.20717,train
3515,16.72646247942796,16.750605,train
1969,20.8414414137196,20.810926,train
7455,10.470179020065856,10.479849,train
9011,7.850109826356985,7.798527,train
3671,1.5740209082222305,1.5662735,train
1029,15.411357634501533,15.448781,train
1621,13.074955438427644,13.025598,train
6597,20.425192921987115,20.426937,train
575,0.856703579189538,0.83890474,train
12135,5.340377770488409,5.398777,train
6797,16.82959075514149,16.736149,train
18780,18.92224311650125,18.888649,train
17821,19.224483208218675,19.19329,train
11666,16.561966610377233,16.662354,train
9565,12.57888502500131,12.5277405,train
14242,8.342819323253487,8.284637,train
7165,0.2230295181475954,0.21349256,train
18156,3.103419746298085,3.1543684,train
3937,14.445841775840414,14.475105,train
9346,14.36170172843022,14.159332,train
17067,15.644621450138892,15.7774515,train
15253,3.4186696357392905,3.4297357,train
16752,7.601101733694606,7.583756,train
3101,0.9819671278785598,0.9756383,train
14280,4.457282686232592,4.4239564,train
13464,9.055694208716387,9.153726,train
11874,15.212053691640616,15.196991,train
18975,17.61888845797002,17.593218,train
3230,6.947321718431877,6.9794807,train
6099,7.75617816027182,7.7993565,train
634,15.885508341465869,15.867635,train
3731,15.33152768550346,15.285251,train
14148,20.215595435233663,20.14095,train
4629,1.9851385346955308,1.9669095,train
16995,2.195609655658648,2.2042317,train
16696,13.205090825822069,13.216236,train
18544,2.893202014630175,2.902246,train
4764,7.166715546709964,7.30131,train
18172,1.966202228422521,1.9981885,train
16954,6.051730071984016,6.024012,train
6389,22.02111032305009,22.012257,train
14951,15.880898726961922,15.891258,train
1288,7.272023401864084,7.3227096,train
18523,5.013854673479504,5.0106096,train
8770,12.920251767462249,12.952483,train
37,15.52773042053689,15.519745,train
10254,2.0403476050834337,2.0746114,train
2926,17.902862768302633,18.027435,train
6740,3.4718506434933607,3.4088824,train
18886,7.799432701277843,7.8783927,train
18240,15.674506814159512,15.72837,train
3282,1.862419307720145,1.850857,train
9717,18.41866873965818,18.395353,train
17210,1.135599082255229,1.1007389,train
14310,1.7410720657568417,1.7182983,train
11107,14.64451447535232,14.65081,train
13034,16.734816876672966,16.771183,train
11205,3.817807551014933,3.849472,train
17323,8.72486833244121,8.719339,train
5802,19.58595293512021,19.592054,train
16360,7.184767340696094,7.156045,train
10854,0.4528280794255579,0.4588077,train
1651,9.72529699412316,9.81374,train
17883,11.586674131627603,11.653275,train
5098,12.717953111291196,12.781665,train
18530,4.090184798532427,4.120799,train
6805,16.5489148163124,16.513748,train
19023,13.056222166854951,12.952516,train
3413,8.10663831588898,8.078048,train
10711,13.359381127893478,13.24083,train
11622,22.49191732718539,22.508013,train
15214,7.292078190577743,7.4002023,train
7075,7.291379685579661,7.291164,train
14600,11.649339795103652,11.639999,train
9253,2.6848026399255813,2.739279,train
10614,4.140938788612746,4.0771065,train
16341,9.052095064432995,9.030194,train
14780,13.030470474662488,12.92425,train
4162,9.977123193620448,9.849688,train
16098,15.740559373390754,15.81227,train
7074,7.431305004472475,7.466367,train
16657,16.785159158745607,16.810635,train
16754,7.224237816350818,7.143355,train
5163,5.169265165114108,5.181556,train
964,1.2563936764838726,1.2667888,train
10227,4.039869504498803,4.034941,train
10009,5.324622132102338,5.3439536,train
5027,22.03826723299796,22.019398,train
13792,15.877397953121012,15.932943,train
7157,0.3680642165759369,0.31820807,train
3918,16.696941969308416,16.727072,train
3894,18.180433134649427,18.18213,train
13098,9.115510303192169,9.113382,train
11902,11.932025026488208,11.870711,train
12208,20.35137702908542,20.165344,train
13284,9.03726998818669,9.036153,train
15533,15.292537738407342,15.211755,train
5143,7.208713859334403,7.204183,train
3203,9.9224148019883,9.916412,train
18842,12.001228308607336,12.066022,train
15855,1.206200134059209,1.1819862,train
10868,21.223448833218256,21.30047,train
9408,7.275781645492864,7.3371477,train
14084,4.565770806993004,4.45844,train
6007,19.10703269015411,19.05859,train
1498,6.114106884441057,6.1024776,train
7878,5.458346010674899,5.5469966,train
1548,1.3073146275413896,1.2753601,train
3748,14.085485993794912,14.107962,train
5492,9.8004968350403,9.8784685,train
19169,17.20922972899823,17.215319,train
8866,3.4514352891620894,3.3844023,train
18782,18.018808728235392,18.078222,train
18416,16.95712506504255,16.915745,train
16773,5.309064061962791,5.253014,train
16002,5.010484795751991,5.0064883,train
7097,5.7176826893910455,5.6525598,train
2269,6.980712060639113,6.990244,train
2930,19.89954035050844,19.815062,train
4197,6.124366985073036,6.1182084,train
11632,21.115068800445,21.178873,train
16044,1.2570782086253025,1.2772298,train
16597,3.235611853396038,3.0652874,train
11488,13.836229612284294,13.825098,train
15513,17.843060526764162,17.776657,train
4128,14.267355342562254,14.306746,train
12580,2.0970774771466605,2.1191,train
3873,0.8610602759474079,0.8634551,train
2863,5.944440635432504,5.9576635,train
11903,11.721336840410771,11.728129,train
5264,16.54749190261104,16.554935,train
18414,18.415168629033705,18.44005,train
14972,13.32189800270123,13.288524,train
412,17.233967678874958,17.331076,train
6004,17.80573615782911,17.714972,train
5621,19.278631226314733,19.40588,train
585,0.2963846498681274,0.30358237,train
2496,3.650315401373885,3.6031945,train
611,18.978299250963488,18.94192,train
15473,0.5503020427759988,0.5526199,train
1003,17.570573005893547,17.44004,train
6895,6.238779254712069,6.2553425,train
8975,12.553648470020038,12.631392,train
6336,4.025904726789486,4.047449,train
2245,9.224912311044914,9.210498,train
2271,6.667794528875318,6.67394,train
4171,8.987117480901292,8.983512,train
14723,18.692684494006706,18.70825,train
12358,3.650148986986078,3.7061288,train
1509,4.970702907834296,4.955538,train
9707,19.76558795854443,19.744177,train
4384,5.994701662154391,5.7879033,train
17166,4.9514032253732525,4.9247,train
13580,19.191720592507195,19.152225,train
19270,7.546103132198485,7.3434196,train
6943,1.8711686736053184,1.9435477,train
3004,10.152097567995476,10.021119,train
4000,6.647519019297593,6.6904244,train
2517,1.883278796199071,1.7900934,train
10763,9.161277671659189,9.160748,train
5640,17.161705659241598,17.323238,train
7140,1.6396366947521106,1.6205633,train
11330,10.203821934741391,10.307059,train
6869,8.563821190655274,8.65512,train
6404,20.38260664066758,20.224092,train
17194,2.450895460051347,2.436291,train
16636,0.3803496351644422,0.3807369,train
14171,16.614202631775072,16.471722,train
5931,5.410646503891956,5.378978,train
15847,1.9344362868738905,1.9206297,train
10577,7.929944139511961,7.992123,train
14215,10.995696218379834,11.02913,train
827,15.564623621445516,15.424174,train
13763,18.457117387518984,18.462877,train
13366,1.0698695623387966,1.0777353,train
5092,12.965704669664888,12.9114685,train
1385,19.47352335680004,19.54244,train
5320,9.42542404470697,9.394777,train
3494,0.6162501284049036,0.6242014,train
9107,19.039770993644776,19.06602,train
17742,6.070471798184469,6.041513,train
1332,3.040033508600404,3.0798802,train
7964,19.51369469645063,19.568018,train
13740,1.6897706386797986,1.6680156,train
3639,4.54570705164396,4.4604015,train
18310,7.621365563653928,7.5592375,train
6584,0.6161167061321727,0.61765206,train
7078,7.5452044420190365,7.605364,train
2035,12.132071893113558,12.066615,train
3641,4.202868834927385,4.147184,train
17861,14.173092379551036,14.052231,train
8721,17.296929094118337,17.358099,train
18670,10.18663763627386,10.086991,train
811,17.80653537091786,17.802061,train
6507,7.237700176008606,7.3010664,train
4363,8.130240355786421,8.054122,train
17830,18.08771743816511,18.09051,train
8258,7.752956378634684,7.7680492,train
14160,18.157390512319573,18.119457,train
1714,3.203231018976254,3.1489477,train
19238,10.9007566833092,10.977207,train
1379,20.876852640149,20.83461,train
4440,1.0693608783282174,1.077129,train
6717,5.854238682974171,5.8314147,train
6882,7.831362328348235,7.8562746,train
3273,2.650032824402597,2.6189995,train
14284,3.972499095785359,4.004829,train
1488,7.222400296305341,7.200497,train
13764,18.02299560864144,18.124722,train
4527,13.006671719737144,13.02891,train
10930,13.57985107642764,13.661184,train
16047,1.175476146213121,1.1414726,train
16444,19.707913837137955,19.810682,train
5885,10.058158938625269,10.180843,train
18938,2.5512601929719296,2.5134904,train
4893,15.120663977068912,15.068393,train
302,9.505994134782975,9.514868,train
6546,3.122070968461569,3.144946,train
14252,7.263910965878198,7.2126565,train
16093,14.451917436883685,14.435286,train
7891,4.237434054713945,4.1810894,train
7601,12.740102849992892,12.756893,train
5529,6.379628849006988,6.2573824,train
11789,2.978906429612316,2.9832187,train
18765,1.1079794755646526,1.1037612,train
3653,2.9808282122191105,2.906525,train
10550,10.69883062668199,10.844139,train
13618,14.858130902786638,14.872351,train
7461,9.4266772373507,9.420651,train
13632,12.566970447864074,12.57954,train
10779,6.802813737183014,6.8670273,train
7687,4.389684215543912,4.4248238,train
11992,2.1128388905392512,2.0338624,train
18333,5.106881543017055,5.1190166,train
77,11.26401748667796,11.288444,train
16772,5.459338466990947,5.4260855,train
9993,6.465396004279364,6.5191684,train
6040,14.25449297016627,14.279363,train
229,18.43218296193736,18.379084,train
17022,0.2852305897382541,0.2702259,train
16497,13.37075475445256,13.369244,train
8684,2.7913992840524418,2.8814046,train
16207,2.9595834315924616,2.9405937,train
18538,3.382571541593318,3.3875673,train
7459,9.490154885551709,9.520316,train
1503,5.701496121558932,5.755426,train
5389,2.186419717868586,2.1888304,train
17461,13.934040341290313,13.957009,train
7759,18.570783392524525,18.710869,train
8704,1.0957083596866943,1.0877959,train
17601,0.2985522760840729,0.30815715,train
14423,10.438055586358056,10.482578,train
10521,13.818121635461477,13.781051,train
13350,2.389249442496269,2.4410672,train
12062,13.138355204051749,13.12975,train
14797,11.55910350006208,11.552234,train
12294,9.606436591214964,9.646186,train
19248,9.876879673519696,9.846088,train
15299,19.42091256545608,19.437286,train
2411,12.672318883341642,12.645578,train
10504,15.472304187776462,15.365318,train
17436,15.376891937985889,15.428096,train
8300,3.563497703077839,3.5562484,train
6042,13.735248967165129,13.824373,train
11001,5.631962757232938,5.627168,train
11633,20.82129119417217,20.866428,train
2220,12.644293515933688,12.669795,train
14940,17.331319469092332,17.385988,train
10831,2.136916796331145,2.0695996,train
10856,0.3911977732387257,0.3896667,train
11917,9.785709876711724,9.816683,train
4643,1.0394932225916675,1.0255591,train
14875,2.825722209250867,2.9340093,train
10387,6.537836619909564,6.5544853,train
4394,5.029970113162178,4.8977003,train
17878,12.00555374008991,12.04681,train
7113,3.8455451450384577,3.9381127,train
2168,19.741261277684167,19.756989,train
7549,19.19446835408953,19.213247,train
16771,5.613748198287221,5.555676,train
10102,19.22716422031241,19.247787,train
6371,1.1466331948010076,1.1386155,train
4245,1.7694402125426114,1.7660058,train
3182,12.439859856356016,12.457046,train
18158,2.9985084883752178,3.0339246,train
14034,9.728406389445782,9.740145,train
7698,3.3208106021928256,3.357418,train
9343,14.674761557350664,14.807294,train
7212,16.066757123817613,16.035053,train
996,17.797519713512802,17.73714,train
11568,5.150129447355892,5.1500664,train
1381,20.38246168386393,20.365322,train
2559,19.52570220165085,19.561998,train
3723,15.584842306357508,15.526706,train
15644,2.800471949034151,2.7500181,train
16706,12.141658194749471,12.165649,train
12743,4.558270892249317,4.603034,train
9452,2.869811840639658,2.881066,train
7369,20.92954486102491,20.884264,train
14849,5.459789556729397,5.3992105,train
9020,6.976282341289972,6.97112,train
7510,4.018605884590661,3.9823844,train
18794,19.31736667628467,19.335354,train
16573,5.485642921356057,5.5900145,train
12022,19.75623576827473,19.671963,train
3341,16.62133124661918,16.581985,train
3480,1.353755809104766,1.4080247,train
4388,5.774698034485472,5.9768243,train
11272,18.360616208582,18.344635,train
9450,2.986247087070004,3.0064688,train
6792,19.770579036814176,19.810146,train
14725,17.75343871238163,17.961779,train
497,7.754016443211065,7.6879177,train
1936,1.5314371355946446,1.4444873,train
7764,19.770068278189783,19.717768,train
14116,1.3759900601765611,1.478505,train
15121,18.255280296126447,18.261976,train
4645,0.9635417437357764,0.9341676,train
11257,18.802433005646765,18.821497,train
18941,2.308206465985635,2.3160784,train
16839,21.09735377382721,21.088636,train
7678,5.167291249625146,5.2217093,train
4954,7.974045494769278,7.9831376,train
4136,12.772333659939644,12.742977,train
7176,21.13576720059378,21.11675,train
6459,13.029400334966333,13.120061,train
8093,4.078205854583624,4.165617,train
521,5.52250692186654,5.502149,train
13828,12.400627093562182,12.406751,train
17648,17.11192852428291,17.140587,train
2603,13.793938339021198,13.829571,train
9460,2.102644149702362,2.149159,train
7689,4.072471359456569,4.1238737,train
1800,15.402763180159765,15.448056,train
7948,21.30803336131922,21.28248,train
13495,6.161507921367204,6.2744637,train
12548,5.024921094327889,5.012181,train
17542,5.161991960379595,5.271501,train
6534,4.904926596065269,4.898306,train
12713,7.594596150509646,7.6247983,train
4864,18.74107686583488,18.747276,train
2838,8.392289999768686,8.413202,train
10516,15.27789563339004,15.360989,train
8709,0.8033171075356956,0.80657583,train
3262,3.643540890790972,3.6075997,train
16304,13.661400473084145,13.641628,train
2870,5.001195533281239,5.0201135,train
14253,7.097272047502288,7.0831923,train
6416,18.435507657378466,18.510115,train
3450,4.0091482832509575,4.2099414,train
4292,15.673985468008588,15.725161,train
12973,2.0435824235514475,2.023499,train
17481,11.740833148781892,11.659315,train
1740,1.0893115093138457,1.0905174,train
9486,0.4853399599849899,0.47950262,train
5832,16.282689497081158,16.212399,train
6802,18.421538667974254,18.448109,train
9559,13.039779635181567,12.971228,train
3420,7.146319315072215,7.1733623,train
13035,16.6124366343256,16.660332,train
4833,0.964231165390586,0.9591511,train
12939,5.401050204023712,5.416503,train
4753,8.354214955100224,8.433884,train
1170,21.99233847397449,22.010672,train
619,18.143805591943487,18.05731,train
15696,18.7688432880518,18.819365,train
10756,9.400606525075938,9.314869,train
12124,6.424237424071884,6.4331903,train
16485,14.813590790631409,14.785847,train
4045,2.2474041122324624,2.2595584,train
12319,7.539639623884394,7.5688586,train
12838,16.553509384709894,16.534283,train
9642,3.938275667995808,4.0020494,train
9728,16.927879545232475,16.943392,train
6958,0.8689909048221166,0.8525129,train
4797,3.8211191469237664,3.7297478,train
17204,1.6394387322519943,1.6247419,train
7424,14.157570609893352,14.174444,train
6655,11.738211566761828,11.74963,train
3872,0.913569562996486,0.8823071,train
8591,11.562753196180156,11.549875,train
17993,0.6239767994996173,0.6568756,train
16662,18.111695809986053,18.093256,train
8151,19.966150643979923,19.74899,train
15349,12.457178306430103,12.487564,train
7464,9.331917539503856,9.365597,train
330,6.165898149338199,6.151667,train
15719,15.797385064068145,15.807739,train
10234,3.8447188538095234,3.861904,train
15064,3.4851527344104323,3.5022545,train
6635,13.74255137547046,13.737458,train
7467,8.389137610746223,8.383882,train
10561,9.465382027715476,9.603551,train
7473,8.21490006356075,8.272587,train
1514,4.609667316767138,4.6331706,train
15707,17.334637729711833,17.377401,train
1694,5.039248333312762,4.9720917,train
4499,16.30818800076136,16.404137,train
17942,4.9560941285874085,4.9547944,train
11951,5.989147010772557,6.1204147,train
104,8.457017756892371,8.462592,train
14732,18.05735961620701,18.082857,train
5896,9.405721874739411,9.255867,train
16531,10.133555230502507,10.137526,train
3076,2.903790002865112,2.9892836,train
6675,9.700906851297926,9.745015,train
7006,14.086500430053375,14.156939,train
10897,17.6320510608134,17.663849,train
1088,8.389360694265113,8.484988,train
10922,14.483862526333835,14.335811,train
9968,9.833511462997649,9.714549,train
10046,2.023115490464208,2.1254041,train
12159,3.4974039811456987,3.5009043,train
5664,14.152606654975129,14.109955,train
4504,15.277126377103734,15.245035,train
16486,14.619099604281956,14.608289,train
2762,17.7871269014517,17.801807,train
8335,22.26228125421084,22.24121,train
5502,8.778607288729132,8.718924,train
7181,19.98306850276655,20.003817,train
15175,11.50841806264528,11.6298895,train
18825,15.120999217680954,15.147435,train
4327,12.850615079404465,12.875727,train
11976,3.611091193204363,3.6296146,train
1357,1.3090805616354744,1.306075,train
16715,11.337565317407426,11.26075,train
2679,5.02913218430364,5.0333686,train
2399,14.227940455099391,14.272787,train
6964,0.4374640862954253,0.41575378,train
12181,1.6138029542913852,1.5487467,train
10873,20.899649329122347,20.936176,train
9579,10.61895009130689,10.64112,train
5884,10.249049267266916,10.323981,train
14652,5.888541411308365,5.901655,train
7569,16.582242258400292,16.615028,train
14204,12.327237896404275,12.265209,train
1923,2.479073880119484,2.4953344,train
18278,11.45241843491359,11.528026,train
7876,5.677272121792405,5.6463265,train
13129,5.789150854420993,5.8526063,train
16013,3.939206138906631,3.9389539,train
2595,14.760103228240467,14.7314005,train
908,6.207524490180711,6.1127796,train
4206,5.287931112786185,5.2474556,train
14057,7.1833356260190016,7.2316914,train
1856,8.764141870771384,8.819036,train
8932,16.381351984663976,16.323135,train
15099,21.4106199410948,21.381954,train
2195,14.864980723392234,14.844655,train
59,14.466013857673172,14.475448,train
7986,16.59013936217508,16.725985,train
2959,16.57984333324725,16.600193,train
18301,8.533141738866943,8.512267,train
3331,17.884250558911038,17.864317,train
13435,13.245223396570143,13.090513,train
11509,11.349457034747854,11.305954,train
14993,10.86743227916338,10.873193,train
5017,1.3468773128254494,1.3002961,train
11013,4.017639065436064,4.0090656,train
5610,20.722273301317987,20.717049,train
5072,15.30776317153016,15.330053,train
12995,21.73083391227416,21.711864,train
2934,17.828440868965917,17.813372,train
17708,9.580850560601812,9.593548,train
2094,5.576424040028014,5.544336,train
13123,6.062284207659939,6.0497665,train
15087,1.27197078900944,1.2336593,train
16356,6.683942663197644,6.7276278,train
7366,21.14149733990285,21.152853,train
6261,12.292629364565196,12.514836,train
17924,6.982724261151062,6.9638143,train
10559,9.772283494963473,9.876561,train
15464,1.1902325377254193,1.2036618,train
13805,15.72989285260266,15.797321,train
2103,4.643534512810536,4.68209,train
9937,13.781997252859014,13.877454,train
9689,21.99326650320153,21.926567,train
4483,17.838555358110206,18.01465,train
19115,3.253094285083676,3.2703223,train
4391,5.362739897407024,5.283331,train
4226,3.400388406676995,3.378434,train
10725,12.954069453105324,12.827332,train
12754,3.535133766796364,3.5100286,train
10531,12.725883096575428,12.68957,train
3643,3.871946806488596,3.8506162,train
14613,9.713027098219044,9.772151,train
4196,6.288973520169137,6.2507157,train
5231,20.67917152354936,20.70052,train
11648,18.96498997701904,18.932531,train
8042,10.159398978719798,9.895772,train
1520,3.89204970654639,3.915044,train
7348,1.2468300779446717,1.2283239,train
18274,11.1577156975704,11.039839,train
1319,4.055089387229356,4.1014752,train
13955,19.408998279293083,19.429314,train
15337,13.958073142347711,14.051053,train
18580,0.3431416508870769,0.33363825,train
10428,2.5362505361677896,2.5182943,train
8870,2.995917527723641,2.968182,train
8087,4.922191972162315,4.9324727,train
10855,0.4212735155948124,0.4349608,train
17124,9.524086821944932,9.4959135,train
13601,16.3856833804178,16.37147,train
1302,6.035107391629133,6.0465426,train
6166,1.2830010211924148,1.2875396,train
7670,5.767609813182068,5.723859,train
7634,10.714670603875032,10.835788,train
1122,4.66515259346824,4.7239985,train
214,20.835300921837828,20.819902,train
16850,19.237347733644288,19.244865,train
10734,12.22661597056248,12.120565,train
16856,16.572095740008788,16.569715,train
11503,12.87713905782686,12.999913,train
13343,2.8725615174674624,2.8323092,train
2958,17.032676923032312,17.050484,train
15042,5.575236518484443,5.5389576,train
1330,3.073026840288024,3.1078722,train
14043,8.763365757660464,8.69329,train
10448,0.9809151228988916,0.91724956,train
4158,10.584477419675911,10.71316,train
7583,14.007247572818184,14.006875,train
17826,18.534806724018413,18.574207,train
8958,13.978544311992689,14.023893,train
13143,3.996093885024836,3.994964,train
4216,4.3226624247328,4.326333,train
2333,0.9600644302927128,0.9451656,train
8043,9.578192957039798,9.681187,train
18970,16.523090764074247,16.598747,train
7581,14.72805288686006,14.785637,train
8322,1.7742925370930656,1.7724342,train
15553,12.800651346575306,12.710954,train
3090,1.819434455577468,1.8027582,train
13911,3.2938285819792075,3.3278222,train
18656,12.33420235741444,12.348989,train
3082,2.4833294004909128,2.4862487,train
951,2.135758389050005,2.110897,train
9196,8.229007866698806,8.205105,train
8107,2.9858169069224134,3.0009959,train
17755,4.951259863757644,4.9500093,train
17285,12.84244043174274,12.780787,train
15685,20.25079532957198,20.265148,train
11242,22.481555668979475,22.484583,train
8379,16.562994971626146,16.575096,train
15970,8.671431256412257,8.679543,train
12534,6.700690493555922,6.7265663,train
18451,11.918034446325342,11.963128,train
6003,17.965266161151867,18.0322,train
5250,18.120728210695805,18.065296,train
9163,11.928201930658574,11.96979,train
12897,9.88773075888902,9.8540535,train
12387,1.1479998439756705,1.1110643,train
13596,18.050567473200893,18.086489,train
4827,1.1628327990903766,1.115923,train
10825,2.642472788480055,2.5998335,train
10118,16.944315427813784,16.947344,train
17510,8.77500444913078,8.78098,train
18605,18.80469667917907,18.776026,train
3832,4.239743084977099,4.216345,train
309,8.426141360746552,8.448634,train
9067,2.563177414022541,2.560183,train
2188,17.05319382639637,17.053402,train
17964,2.9656206615731007,2.9513981,train
11061,19.94564873536242,19.815512,train
3116,19.638258490159632,19.721172,train
12501,10.29123210679133,10.280129,train
14947,16.843658566170344,16.892656,train
18069,12.680040494681288,12.724883,train
7375,20.51028076145417,20.475065,train
6527,5.080059654588609,5.0890174,train
11551,6.709282583835195,6.8010063,train
8943,17.05882317467488,17.02375,train
17977,2.036975276190864,1.915941,train
2776,16.334327281249976,16.299314,train
3298,22.53835038932949,22.49261,train
10706,14.739392538722615,14.72581,train
1121,4.761064596858978,4.7171497,train
7117,3.7087970748852777,3.6984577,train
14464,5.929638564519452,5.919124,train
6661,11.689122770637326,11.624636,train
8706,0.9720044101773948,0.95047283,train
15755,11.483120408881907,11.472218,train
10624,3.239977854829067,3.123317,train
5962,2.4979453946309893,2.4521563,train
4480,18.543255624049564,18.568163,train
12134,5.497105455736472,5.46442,train
19145,0.8968307716290767,0.8858821,train
11935,7.865311485355114,7.8457627,train
6865,9.330544981451215,9.321517,train
17433,16.539699119711457,16.55813,train
1445,12.19591693205669,12.1034355,train
17108,10.81165954568759,10.985507,train
1125,4.402234211388842,4.408275,train
9427,5.412834981047452,5.310896,train
1970,20.56485160439971,20.509626,train
15837,2.7912186263578165,2.7989585,train
2609,13.091524342931068,13.114321,train
14667,4.695047904220472,4.5831304,train
796,19.187085539441824,19.154469,train
18100,9.074652644351772,9.090313,train
706,7.645211092915835,7.7321677,train
5359,5.046369219597071,5.029169,train
7563,15.782111119779737,15.62656,train
2844,8.08988305857705,8.062844,train
5499,9.57494870854662,9.506875,train
18956,1.083212085665335,1.0920568,train
8708,0.8571756157483553,0.87175274,train
7124,2.905189636840975,2.9550462,train
14428,9.524884762441657,9.566991,train
19332,1.938171232176492,1.9393289,train
410,18.219482824291973,18.149384,train
13508,4.785095598873756,4.760844,train
6783,21.13749888987656,21.133911,train
11428,0.9272574982467536,0.95535934,train
759,2.127651822007444,2.0544538,train
9436,4.490861108722016,4.451002,train
192,0.5114277954576192,0.51643336,train
1235,14.062614046723583,13.905014,train
9372,11.3044165806342,11.377799,train
11980,3.2568080955868752,3.3251598,train
10055,1.2194580907341117,1.2415341,train
861,11.65485515420833,11.639189,train
13281,9.521937857802632,9.552561,train
3003,10.42206795161506,10.375553,train
2842,8.159709337971682,8.165791,train
18514,5.883202784255042,5.896044,train
4612,3.539592322158976,3.5633452,train
10644,1.6092450407009178,1.5807267,train
13371,22.53578045341385,22.58647,train
1416,15.618981063361018,15.619932,train
10490,17.27960605852897,17.246319,train
18679,9.33337360778118,9.246301,train
11847,18.133616316914377,18.123644,train
18388,20.37754432246524,20.376179,train
4139,12.827671455805978,12.860472,train
9490,22.025413636102208,22.040142,train
9431,4.845701827009477,4.899158,train
12074,11.487435072382508,11.512107,train
4747,9.275371432116362,9.179946,train
15081,1.9107634182482909,1.8858559,train
14590,12.761613165258446,12.693579,train
4146,11.655069986990936,11.449566,train
10101,19.31903686565396,19.365215,train
13000,20.774768600755102,20.752422,train
9748,14.358394810408443,14.379659,train
9364,12.201205620677571,12.158052,train
1104,6.472146303253997,6.503329,train
9179,10.471069620706894,10.49498,train
1584,16.67873799350651,16.686203,train
16306,12.68322274528413,12.767742,train
16439,0.2070759011856539,0.23454055,train
16979,3.871879766327942,3.776612,train
7995,15.468524165610129,15.456629,train
9106,19.40612434174145,19.398205,train
17246,16.95762268315665,17.008493,train
12663,13.302979432179278,13.404714,train
8278,5.640707338497592,5.6966195,train
1360,0.6386430969906471,0.65039295,train
14644,6.505836551989425,6.5641537,train
4102,16.995253954888735,16.905796,train
17397,1.5500195001975394,1.5984501,train
15415,5.610926160506077,5.5492344,train
9823,5.758594403667657,5.811575,train
4124,14.222611841674208,14.223034,train
15003,9.750208353034113,9.7459545,train
1533,2.782310407456223,2.833632,train
2089,6.021587592519892,6.04584,train
9885,16.549490038380643,16.54712,train
13733,2.260530846490648,2.3142505,train
5139,7.844792349888468,7.8903923,train
17389,1.9881027343075712,1.9565084,train
5329,8.313611293821213,8.329635,train
5054,17.018246267177833,16.98621,train
18180,1.2519567143026378,1.3199743,train
6920,4.012218289235139,4.0018935,train
10351,9.782704158930168,9.724023,train
10394,5.426855632188039,5.4609776,train
120,6.993143819589207,7.0628157,train
11872,15.729787546722992,15.630205,train
9955,9.973535675418082,9.885635,train
10609,4.536423758060147,4.6156754,train
2811,11.70039429897203,11.815449,train
7564,15.390598102119158,15.62656,train
16232,0.9283599090217464,0.8805344,train
12120,7.207672144808107,7.223985,train
9157,12.293904254392912,12.2706585,train
4894,15.026083012321884,14.980346,train
12841,17.092689914006154,17.087072,train
9963,9.38589256934352,9.422018,train
3611,7.266575647538167,7.19175,train
4710,13.428698827586114,13.334801,train
18307,8.14166162509491,8.189874,train
8339,21.76338562903841,21.813717,train
7866,6.720706953196348,6.6830435,train
15455,1.913215558051416,1.9304739,train
14824,7.641224590005064,7.7413306,train
11993,2.045247787832541,2.0128767,train
8114,2.1759672404258548,2.178183,train
10305,17.04647267896331,17.053642,train
19028,11.36058252240639,11.306008,train
6370,1.1787224603902384,1.166314,train
17556,3.657329819069993,3.5867207,train
3133,18.28432511058511,18.253712,train
9686,0.5943670386202085,0.5686478,train
2543,21.22752033448204,21.286844,train
8544,18.93811764367701,18.93527,train
18146,4.074502884813845,4.243006,train
18382,0.9399404041738286,0.9393195,train
16261,15.871802425660226,15.8154125,train
6294,8.599844882600948,8.509764,train
11987,2.62374441446711,2.5484178,train
8256,7.96726748213813,7.9959483,train
7233,13.482188515708046,13.47789,train
16467,16.754770671331347,16.718077,train
12969,2.600490400477278,2.5432682,train
5758,3.873683187245649,3.8703034,train
15761,10.72398420072157,10.646394,train
2735,21.357286229163552,21.36979,train
9916,17.05107499618309,17.068645,train
10136,14.50711184457979,14.471502,train
5141,7.523727823715919,7.448421,train
1797,14.457448031497018,14.399801,train
7545,1.3045030239387516,1.3144404,train
11417,1.7020801519355653,1.711755,train
16285,15.366016112207912,15.378557,train
2150,21.6117850164444,21.56707,train
7290,6.873391521867558,6.896377,train
17543,4.986733331836469,5.1237273,train
7304,5.490772475078911,5.4744673,train
1741,1.0345253906339222,1.0502903,train
564,1.602709625091216,1.5660137,train
17572,2.4157924978457324,2.4086978,train
18052,14.520949474069418,14.551351,train
4306,15.769299325155732,15.766396,train
3655,2.7067783089549105,2.8069253,train
9806,7.691890182560479,7.7342315,train
12090,10.330796731869642,10.406888,train
1251,11.76984241640554,11.877096,train
17946,4.823901259520532,4.6738334,train
1077,9.260077402052389,9.16584,train
8927,17.794545828892865,17.770061,train
14296,2.95282202108017,2.9124575,train
15016,8.36607530418785,8.345434,train
18614,17.971565527221028,18.005257,train
3648,3.71156315551126,3.6392329,train
12999,20.9620797897918,21.032019,train
579,0.4290412661708129,0.44523528,train
17111,11.39742601281322,11.356076,train
3397,9.592112107291538,9.638931,train
9716,18.086167646604736,18.111433,train
18154,3.619766589925234,3.6144679,train
15658,1.7794134627495857,1.8080546,train
15948,11.154472805921756,11.116002,train
15438,3.4368359248593507,3.4594226,train
7166,22.520771245557366,22.491364,train
16039,1.8735852138306184,1.8910728,train
5723,7.546411896765682,7.497817,train
16781,4.576854279191226,4.4695864,train
6980,21.104239975428992,21.13835,train
408,19.75674815460592,19.793161,train
11191,5.500664789474289,5.3307104,train
13512,4.394472794159145,4.350518,train
4237,2.1442503803614934,2.1536484,train
16487,14.44020209282686,14.395149,train
8109,2.9350433101464057,2.9514043,train
8387,15.458501709642752,15.355536,train
5786,1.3113883014461567,1.3041408,train
16079,18.391108840935345,18.444698,train
8883,1.9336541989328804,1.8317093,train
15721,15.766351035080469,15.68713,train
14673,3.852329607669851,3.8619924,train
5194,2.3391455181702825,2.3922243,train
4861,19.12347376077559,19.133049,train
9992,6.652003623442391,6.6848235,train
8669,3.9554520232827,3.933691,train
12473,13.587701930404789,13.59938,train
8450,8.059097089444514,8.054536,train
12404,0.2398481701705951,0.27090713,train
13750,0.9571836729720292,0.9277313,train
14595,11.150152811105915,11.27504,train
15656,1.8528254929335013,1.8522124,train
8936,17.038004576885232,17.052763,train
13869,7.601355558549491,7.5911922,train
13235,14.717937920168229,14.626496,train
1350,1.3635123166522918,1.3926024,train
4427,2.0220780200337303,2.0688572,train
6645,12.747956465231436,12.819277,train
5866,13.108642016139257,12.922107,train
4840,21.8662213957996,21.89669,train
12396,0.4970979663735356,0.47414783,train
9978,8.730739232725952,8.641766,train
3005,9.88820309424984,9.801984,train
5971,1.7266872187026283,1.7528741,train
10228,4.011783321519856,3.9846723,train
17313,9.853605006157672,9.827757,train
12860,13.870934895562982,13.877705,train
19045,10.121134985008553,10.123588,train
5481,11.093066396422971,11.191655,train
12542,5.794833871442076,5.8230224,train
11322,11.8651053061525,11.789141,train
15724,15.297592783017862,15.284848,train
2992,11.838581528764468,11.775148,train
16149,8.677865353001282,8.776696,train
2030,12.894832432960678,12.885956,train
12065,12.14028656703788,12.050643,train
12749,3.9642418714392655,3.967694,train
7672,5.43751735446909,5.395238,train
9788,9.462228797521684,9.443311,train
3388,10.718771278657764,10.793209,train
12718,7.260518521373279,7.3284755,train
15350,12.270341407260904,12.388077,train
10064,0.6781259295417933,0.7129194,train
14449,7.20598215297021,7.17298,train
68,12.194941986635646,12.098468,train
1255,11.64034388394833,11.514635,train
10617,3.766988738757111,3.7871869,train
1607,14.01649955134024,13.979816,train
1829,12.52166423274538,12.5487,train
7536,1.3947088402470773,1.4262161,train
6622,15.74532336521705,15.664464,train
6015,16.56771368923423,16.384487,train
630,16.65085507136211,16.6244,train
6619,16.93771030704815,17.04805,train
2985,12.0276547996995,12.004735,train
13973,17.07663385572566,17.167215,train
841,14.073817108533996,14.106585,train
8328,1.141445204296817,1.1819563,train
2891,3.014454458904112,3.0340853,train
18567,1.04039535245286,1.0924346,train
4740,9.938533300431924,9.965767,train
267,14.200517468642392,14.208394,train
1333,3.026410470448143,3.0798802,train
7740,0.3018468234558084,0.30010045,train
11259,18.004797321382295,18.093498,train
10661,0.3924746321124775,0.40754503,train
13180,1.2081985203372954,1.2364874,train
13616,15.446537346625332,15.471444,train
10255,2.0217297893775905,2.0534003,train
805,18.24255162900665,18.269354,train
7606,13.69543115245703,13.651469,train
11095,16.124543190732933,16.270538,train
32,16.591642191700082,16.59368,train
8729,17.390553880507174,17.40542,train
6200,19.666488831790893,19.707266,train
15345,13.277075714034323,13.345932,train
12867,13.32189800270123,13.288524,train
7966,19.11339906046439,19.053267,train
14392,14.104858290152372,14.085904,train
5954,3.233081237418576,3.305057,train
4034,3.1790455192485747,3.154466,train
2292,4.466778139547583,4.4500885,train
1619,13.919410145996745,13.859393,train
7152,0.8328331056976852,0.73596764,train
4250,1.207320843960803,1.2440438,train
13384,19.54949257946438,19.530676,train
16105,12.496135741619089,12.499092,train
15949,11.03938496257859,10.97542,train
718,6.126837920657028,5.971618,train
2854,6.987983418879754,6.98846,train
14399,13.070184133958552,13.058405,train
8487,3.946348232257586,3.9599366,train
19226,12.457156305358152,12.453242,train
15282,1.0224909360849457,1.0118076,train
5083,13.87383375799955,13.866464,train
16588,4.054239846872383,3.908029,train
10436,1.9052163088541327,1.8537519,train
3701,18.71854659107733,18.674255,train
11871,14.707056704488918,14.827838,train
9493,21.481772587716584,21.57586,train
4382,6.231193137757065,6.3018765,train
3697,21.120668753622777,21.146425,train
14194,13.427761980449954,13.404789,train
4906,13.237973296021549,13.198461,train
15619,5.361750230211212,5.467841,train
5370,4.013711722659229,3.991046,train
12825,18.544938215864928,18.543242,train
10263,1.2666863682342555,1.2628582,train
16849,19.72540989939909,19.759842,train
11540,7.910210943431731,7.9270806,train
13397,18.00929745862177,18.063314,train
10210,6.009343890870611,6.0105753,train
3334,17.480381428662604,17.451769,train
9259,2.08182924518072,2.1007483,train
19223,13.537014392658763,13.555126,train
9057,3.46166850027462,3.4242728,train
5748,4.87218685018629,4.8355026,train
538,3.956449525661705,4.130822,train
6499,8.281736280578885,8.33901,train
3899,18.90108716787281,18.948215,train
7089,6.282405784713489,6.28798,train
9469,1.3348872960190477,1.355194,train
9809,7.096726629787961,7.152746,train
9246,3.363613332085192,3.3833306,train
5157,5.950359571178121,5.9998746,train
2766,17.572752842658943,17.530594,train
8361,18.93944272056314,18.973015,train
9692,21.27273276677176,21.283632,train
14558,17.130100501034153,17.153637,train
15499,18.514399359722088,18.718672,train
6010,17.639415512190208,17.661951,train
16186,4.579583633512721,4.5517645,train
5356,5.132326929999134,5.133381,train
8215,12.773755692215673,12.870607,train
17847,16.025608875831267,16.009726,train
2284,5.208279245257631,5.1635447,train
17632,19.5080368371714,19.466673,train
18026,17.258756186080415,17.153189,train
5433,15.522919687530862,15.6423025,train
9919,14.843302440331511,14.896251,train
17121,10.206192425498234,10.244892,train
14693,2.1560499136229097,2.1774955,train
15203,8.485617505344527,8.580366,train
19010,12.79290763811449,12.714535,train
18234,15.431348342877351,15.435151,train
6172,0.9797725835626516,0.97058564,train
15518,16.549466179411173,16.601767,train
222,19.60760812180455,19.66019,train
2027,12.981905126203348,12.944508,train
11864,16.47859997801126,16.475933,train
2977,12.45348144470155,12.540593,train
6905,5.254926669836118,5.3459864,train
16762,6.514174396622054,6.4861584,train
8800,9.79871148021152,9.810677,train
18742,2.972365094353607,3.0129297,train
16222,1.6272187370639355,1.6522852,train
17871,12.944562419677526,12.88986,train
6863,9.782643675588076,9.755376,train
14735,16.74265331817311,16.818111,train
14051,7.892311874482033,8.026176,train
2285,5.079071933657822,5.0749154,train
16462,18.310744962968503,18.308455,train
11092,17.084324574229573,17.006416,train
16806,2.2026830848284424,2.2713463,train
12920,7.349811059684846,7.4136987,train
2169,19.352948633457974,19.32773,train
4989,3.970117121416165,3.9750364,train
1845,9.90797550565083,9.82794,train
14473,4.932183059206839,4.886709,train
13867,7.933133354478508,7.89751,train
4287,17.83138579274217,17.711355,train
9794,8.953658607301168,8.964539,train
13798,16.028424782097268,15.967143,train
8695,1.809712353301678,1.7647909,train
1818,14.435579440167968,14.574441,train
6374,1.0564720889097072,1.0137094,train
10702,17.077978611362923,17.096474,train
6707,6.945700903267644,6.899097,train
1141,2.8590792845067448,2.9088748,train
1848,10.684012715724071,10.674455,train
11464,17.552309272948197,17.566795,train
12880,11.664951774915204,11.710085,train
13230,14.586607738580852,14.569675,train
7387,18.37657983801185,18.370745,train
17934,5.91747225250981,5.8750772,train
13023,18.157060746962205,18.128635,train
6203,19.285863015676817,19.233166,train
7096,6.007896036489498,5.9058146,train
2448,8.400695788539954,8.387299,train
15519,16.296621664884817,16.430096,train
8945,16.226552361669597,16.282763,train
168,2.390860804845824,2.1828933,train
6997,15.247293023509007,15.244754,train
18062,13.371062050395915,13.400109,train
6441,15.401770756106526,15.319708,train
11659,17.666263091165607,17.677942,train
17762,4.007539522188361,3.9834971,train
8367,18.03500505768522,18.019133,train
15931,13.22218487144094,13.2157545,train
3292,1.0931097492600037,1.1053545,train
15675,21.553923533211524,21.556192,train
13664,8.807445109401925,8.861812,train
11355,7.765556300411131,7.7529526,train
15187,10.507986732227408,10.336672,train
9273,1.1078288537932344,1.0480905,train
12975,1.9546764084727228,1.929003,train
2705,2.7986939562859368,2.845714,train
14841,6.156877508275898,6.1178403,train
2055,9.826704731516385,9.824079,train
7993,15.802016358938127,15.78774,train
14300,2.581632370302107,2.5755692,train
5948,3.694413477180488,3.625267,train
13118,6.89755382619175,6.9353166,train
6846,11.219478246369963,11.171407,train
4741,9.767106225903978,9.723512,train
11183,6.003399375221222,6.103452,train
15760,10.959743142453892,10.999478,train
4390,5.491870975436003,5.637862,train
5206,1.261051848075618,1.2720813,train
8903,22.50351462039308,22.442295,train
18705,6.8239640348425805,6.8476396,train
17905,9.148435109127131,9.221636,train
3128,19.760573554158142,19.715052,train
6329,4.79175262651298,4.8074236,train
15429,4.273344573159424,4.291748,train
18185,1.124418495111989,1.0156149,train
8240,9.752656419482344,9.759106,train
11336,9.848181414816471,9.818001,train
17661,15.642910145180478,15.674509,train
12851,15.78054141138691,15.788521,train
7422,14.246016188484264,14.255152,train
8803,10.610400976969425,10.655894,train
19266,8.218173083197975,8.2281275,train
1090,8.062291772565397,8.155391,train
3236,6.241845309181262,6.199923,train
8338,21.88388985477033,21.89611,train
10224,4.831767462599108,4.8559,train
2792,14.056820309866843,14.202515,train
8223,11.940736957539528,12.021168,train
14957,15.557675359879203,15.599414,train
17786,2.1053613643648714,2.1110835,train
13048,15.028572359957488,14.983187,train
14275,4.789142208744265,4.8095407,train
18995,15.169506094612288,15.142606,train
13856,9.265404370018365,9.290379,train
18917,4.506015603417123,4.492151,train
5682,12.101389017319509,12.18081,train
14784,11.822526510134404,11.936811,train
17329,8.241900158342666,8.149071,train
10892,18.396545545569683,18.289703,train
17637,19.1676445297198,19.113914,train
12604,0.5443878683217851,0.5519101,train
17242,18.453314678613864,18.466047,train
16524,10.6075598755229,10.601715,train
12816,19.420846949992843,19.471672,train
16950,6.889381588562751,6.896562,train
16107,14.444186450850244,14.398436,train
2060,9.292533729271833,9.279315,train
4209,4.8802732707998295,4.8921914,train
6387,22.323999032396337,22.390518,train
18220,18.03799413381836,17.985096,train
4172,8.854426554890004,8.891777,train
5704,9.627152052537369,9.474017,train
9378,10.770153531279538,10.917055,train
3560,13.256959219708015,13.138914,train
187,0.9691254770253904,0.8909838,train
6193,20.50885538770399,20.448109,train
12373,2.201852373068318,2.219698,train
13073,11.828536243324068,11.815554,train
461,12.033170643194032,12.056975,train
14223,10.346448125124464,10.346925,train
16163,6.8450227214628665,6.7860456,train
15937,12.457314863473169,12.549175,train
15592,8.16737351156843,8.09068,train
5557,3.731113130904407,3.8789299,train
4958,7.16460562887487,7.1419654,train
2561,19.10715428153457,19.093575,train
13339,3.3189108332700794,3.3452065,train
9489,22.23633111896841,22.093485,train
2814,11.54956163228,11.47504,train
13536,2.12917078489171,2.1623094,train
1159,1.2952614341046544,1.312495,train
2301,3.606222489352207,3.5585616,train
9269,1.2709290091779497,1.3683386,train
13246,13.292871572130018,13.29769,train
15461,1.3221501293467863,1.3628638,train
14775,12.585356611992736,12.681053,train
2392,14.961754446640407,14.898689,train
1838,11.911919425237452,11.857945,train
2064,8.818864157955868,8.847839,train
11215,2.884980984597576,2.9229639,train
13650,10.758898976146538,10.651401,train
269,13.249716420466523,13.2048235,train
2118,3.0445925747098888,3.0254028,train
13987,15.806829726826034,15.821268,train
22,17.716797212659483,17.752962,train
17566,2.806634186731098,2.769127,train
12298,10.016414057097997,9.984904,train
137,5.118709864197324,5.133261,train
438,15.755373999319074,15.759173,train
3120,20.46125458514495,20.422096,train
5663,14.271552371741263,14.333624,train
633,16.075202045509165,16.139336,train
5554,3.670478967536112,3.600434,train
4901,14.066492364248145,14.05795,train
4591,5.582250520357875,5.5942926,train
14334,21.39859243032304,21.333593,train
2793,14.000107931733526,14.079797,train
11270,16.62460211120536,16.725452,train
19339,1.4433434370747835,1.4534171,train
8604,11.506308912648482,11.512157,train
9722,17.55253448844149,17.562359,train
15745,12.686900104021856,12.609051,train
9137,14.406112466185808,14.409622,train
18517,5.3857690842167925,5.3937573,train
10131,15.42075053377214,15.365716,train
10827,2.44999947057964,2.4682574,train
3591,9.459841945020202,9.335223,train
13946,22.11183994256829,21.975721,train
18735,3.715960671997532,3.7232203,train
199,22.51630322111604,22.490639,train
9869,1.2873723706143123,1.2854165,train
11816,0.6451801891056127,0.6449943,train
1370,21.95557415468316,21.908407,train
6880,8.365016424302393,8.344084,train
17504,8.771103620829583,8.801271,train
4652,19.697591083854668,19.687325,train
6973,18.62887436440312,18.622904,train
8307,2.8061609812285577,2.8009834,train
12456,15.783013103842013,15.784511,train
289,10.78683583520197,10.879965,train
2032,12.586547621832043,12.594165,train
7033,11.505727108963766,11.4810295,train
8023,11.997819526492645,12.122789,train
6916,4.186195515131465,4.189504,train
0,22.449572079382865,22.427134,train
17336,7.186077489170272,7.185436,train
6669,11.071097523420626,11.087559,train
15824,3.854322801827958,3.8503702,train
3629,5.576593210965101,5.518951,train
75,11.54160701878768,11.503046,train
8349,20.44654366853109,20.455853,train
13112,7.207667556276935,7.2281194,train
12046,13.959509614350791,13.947578,train
16315,10.953008534782068,10.988382,train
836,14.559762200262352,14.449803,train
18797,18.05589960722383,18.031864,train
18108,8.16904248568934,8.127419,train
19029,11.15704955465814,11.078044,train
18908,5.3791326482433215,5.354802,train
2223,11.906588440527022,11.849056,train
10220,4.960399841461461,4.947243,train
5220,22.10984762057412,22.177515,train
12345,4.567205711466504,4.460585,train
4495,16.357229238164035,16.260515,train
19230,11.531328830534164,11.466615,train
6199,19.889064624639246,19.891165,train
4539,11.421786155397024,11.404493,train
6563,2.108297704283062,2.1470377,train
10932,13.21919574950998,13.120425,train
8105,3.043372078731157,3.119219,train
1525,3.582314507827492,3.5634625,train
10139,14.296882310833013,14.358005,train
15483,21.745146951828385,21.699432,train
1024,15.130208430338625,15.192946,train
13581,18.821126545037416,18.797022,train
18958,0.9890744522893062,0.969432,train
13770,18.7750041227642,18.654013,train
18651,12.06871731910614,12.032498,train
18398,18.22589283536237,18.196142,train
6596,21.07320865708856,21.106537,train
3172,13.646462249954634,13.74364,train
10774,7.760954362167024,7.6904826,train
6319,5.8202997695503695,5.8452535,train
340,5.104605546546746,5.1012926,train
6038,14.941904479976063,15.048499,train
3657,2.88301861627844,2.7898493,train
2325,1.568593725979208,1.5970024,train
797,18.96801953622077,18.926226,train
5448,15.653821085547571,15.483888,train
2656,7.737550379880772,7.732745,train
11592,2.9443080047296872,2.93782,train
1212,16.66688440577602,16.6998,train
6934,2.616827159658617,2.6396732,train
4717,12.900701671058483,12.784147,train
18616,17.139141775732856,17.149109,train
2777,16.29896758473505,16.112597,train
631,16.457901317924144,16.405115,train
13478,7.934398389612962,7.9435,train
6060,11.986496320564244,12.058755,train
18527,4.414875666176343,4.4770246,train
15540,13.838250528724345,14.015499,train
8270,6.521771008178298,6.490387,train
8234,10.546251917325057,10.575702,train
14306,2.0383536729233382,2.0184271,train
2574,17.330104866846902,17.404915,train
15602,7.034078990919297,6.9121275,train
9034,5.876868135577621,5.9208245,train
7988,16.36982354310545,16.332594,train
15940,12.083783637083409,12.009476,train
16007,4.690582801923406,4.6888475,train
11098,15.710706834313696,15.8136,train
8077,5.95850268029397,5.873936,train
19309,3.877895317250715,3.916599,train
1458,10.737799879615608,10.72394,train
10248,2.1531482737235583,2.1423283,train
13932,1.5442440864656874,1.5606309,train
19025,12.17785998328536,12.148881,train
952,2.101545989477083,2.104661,train
17512,8.205376142703605,8.25364,train
19240,10.535424479513123,10.502602,train
17042,19.87349558481532,19.826189,train
8483,4.065184798309372,4.043484,train
5442,14.863852655466712,15.034766,train
5431,16.185769255311126,16.254951,train
6955,1.00863023609932,0.92514735,train
15514,17.580337661709688,17.514627,train
14714,0.6985559251751349,0.7461109,train
12738,5.085311454489146,5.103687,train
10191,8.172390190943787,8.140071,train
8480,4.848444772584917,4.8707566,train
5947,3.773888999678526,3.7062688,train
9091,0.7916317005172874,0.8049402,train
5134,8.101784599863766,8.074491,train
9429,5.014828630021958,5.037747,train
11386,4.476605163616783,4.4644675,train
6198,20.20637349353483,20.25888,train
6180,0.4426451475771581,0.4507395,train
3839,3.673301332756458,3.6920052,train
11801,2.0826468036970653,2.0839918,train
13546,1.3135126561853951,1.4159937,train
10946,11.582304432560075,11.610526,train
1762,18.547781821821207,18.472641,train
5184,3.1880285663921715,3.1940677,train
6842,12.326960780779093,12.368492,train
14517,0.7216967189267137,0.74260426,train
15987,6.75984427564411,6.748747,train
5729,6.881328262880037,6.850218,train
10065,0.6281279189160803,0.6834806,train
2911,1.319672857712446,1.3277202,train
9874,1.1662442720026374,1.2181331,train
9646,3.833256454687074,3.7221234,train
3535,14.68937946599164,14.747795,train
2048,10.734326734023837,10.825016,train
2905,2.066168563961002,2.0999057,train
16648,17.15216174378611,17.165112,train
10138,14.366771278582748,14.410727,train
3143,17.071417509761105,17.016035,train
15168,12.764467782921647,12.671428,train
11746,7.087070790244699,7.141406,train
561,1.8171794359012008,1.8070616,train
3958,11.65987770910032,11.680027,train
3781,9.639784349408636,9.5051565,train
6156,2.116663276819867,2.112238,train
16434,0.3588216868507725,0.32637355,train
704,7.822099469707224,7.8939085,train
11011,4.626780944634698,4.714235,train
18858,10.770968156969277,10.71974,train
4098,18.111226810677945,18.023222,train
15994,5.922747613859282,5.9795694,train
18270,12.14289324049908,12.193037,train
10799,4.89080600618306,5.006879,train
19250,9.535160989493622,9.453216,train
8242,9.60091100172313,9.566921,train
6910,5.040209163758956,5.0682364,train
19156,0.2550202512527931,0.26995897,train
69,13.201190089593322,13.159177,train
10781,6.534436028287728,6.415991,train
3928,15.410297962866236,15.461828,train
18633,15.751256376408666,15.788334,train
10688,16.81521740220965,16.752493,train
12034,16.617487297181214,16.672935,train
16140,9.485077345643342,9.394102,train
3281,1.918634995735631,1.896657,train
12726,6.182318587992949,6.1784797,train
15417,5.406455805638258,5.4384294,train
6088,9.068597970283957,9.167495,train
10824,2.749628576611016,2.7595603,train
3680,0.9235840784570124,0.891261,train
13044,15.463591036555696,15.47705,train
16426,0.8259974886271514,0.79557264,train
16642,20.399370932587857,20.306286,train
14804,9.7055397422824,9.849601,train
7963,19.78677407595508,19.8176,train
15664,1.1398197152181342,1.1187874,train
17490,11.020142274703272,11.037159,train
2153,20.35580778128224,20.455606,train
2124,2.688591245529229,2.695627,train
6398,20.821124397153422,20.890226,train
14072,5.696437076655618,5.657827,train
7016,15.7238347450001,15.751742,train
9781,10.366126157292303,10.349908,train
17852,15.31210767298891,15.339871,train
4839,22.029204937931127,21.965307,train
16358,6.319201944925915,6.332044,train
18491,7.829732324112268,7.836454,train
11096,15.952462004642408,16.065706,train
905,6.779036689715734,6.7833366,train
1890,5.604817957752186,5.441099,train
4401,4.391326926572743,4.356704,train
9331,16.238149840926344,16.276264,train
1246,12.81748083214872,12.646836,train
16220,1.7681786008601,1.7911886,train
8596,11.89850274129354,11.83775,train
14259,6.675025927730196,6.6503024,train
9353,13.493773261794429,13.566494,train
6901,5.899570634390258,5.862261,train
11381,4.93354522440539,5.0252357,train
6915,4.30341350062498,4.3229475,train
8639,6.822967586492331,6.830093,train
5584,1.3080197894742702,1.2976557,train
6258,12.784510275694856,12.860861,train
2666,6.665589539202743,6.7050014,train
10840,1.464236556102815,1.4484667,train
3415,8.003372963507248,7.9388566,train
15545,13.658269140882576,13.642341,train
19161,22.501846885547447,22.557981,train
4943,9.155244141437455,9.140954,train
14059,6.998846136960551,6.966233,train
6716,6.009613229976611,5.958309,train
16253,17.174013212367367,16.768024,train
4546,10.74362697777285,10.767007,train
17735,7.0792405786831045,7.0875616,train
17547,4.43485729888715,4.317828,train
16797,2.9429364331125125,3.0196493,train
7162,0.2713978833255448,0.26491633,train
10772,8.332029281205669,8.271734,train
2636,9.962861305252767,9.948821,train
12676,11.275782380206266,11.212837,train
1723,2.4419155124883933,2.4396656,train
6276,10.739741579312817,10.81211,train
1927,2.233107268855365,2.1025958,train
9667,1.3895401546044015,1.4200603,train
7405,16.63322468396346,16.673508,train
3902,17.72351671353389,17.626053,train
7961,19.73472931292721,19.649311,train
17624,20.694068615007403,20.706257,train
12324,6.593545985243602,6.4347525,train
14905,0.6794516649882001,0.7258618,train
13376,19.65150224358789,19.605732,train
13348,2.523950291586827,2.5676715,train
4818,1.921109842715579,1.8850002,train
15165,12.628757551115944,12.717821,train
12763,2.722746877442945,2.7539861,train
18691,7.868385675343438,7.877177,train
17981,1.3419063604732409,1.3479322,train
16750,7.998983200445479,7.9376464,train
9488,22.53632567378925,22.555517,train
3550,14.453668855756376,14.29336,train
11053,21.76099752859634,21.83484,train
4889,15.504080988338869,15.528714,train
7853,8.357811788182165,8.318786,train
14156,19.74924416769205,19.816288,train
19040,10.03380164751677,10.10496,train
15158,14.00432104063917,13.956442,train
7004,14.640153109757245,14.713417,train
15647,2.6567204723511564,2.6468124,train
743,3.7790094884528287,3.8104618,train
17794,1.3251001534468367,1.3240477,train
19168,17.541022090068363,17.598043,train
4061,0.9986168192039212,0.9617611,train
3240,5.860808766903577,5.895871,train
9764,12.42485465510818,12.424252,train
16003,4.94551230879115,4.95375,train
16233,0.8827559165984717,0.8624354,train
14854,4.710425938748424,4.775391,train
14278,4.70737228358098,4.6609244,train
311,8.37296058113939,8.37583,train
4019,4.698352364716787,4.6641526,train
12618,19.934149249494794,19.877836,train
12891,10.740267958552218,10.825166,train
11610,1.4382764735230398,1.4536953,train
6074,10.111880625205792,9.9614725,train
16239,0.4371940144016574,0.42356154,train
18477,9.537814987926442,9.451351,train
12328,6.699719888113968,6.6357903,train
3033,7.180652255960955,7.1370835,train
7327,2.994974323400273,3.021747,train
18898,6.405230674842721,6.3151226,train
6031,15.089234874192636,15.229753,train
18577,0.4200636108806085,0.40792537,train
11505,12.34644377503627,12.410962,train
10874,20.70445174761557,20.649778,train
19183,18.24277408750737,18.261633,train
9110,17.496494308993952,17.55183,train
13583,18.093926438428603,18.081963,train
9927,14.98263273082562,14.957282,train
150,3.89606209516244,3.8975537,train
5392,2.1372654764601227,2.147052,train
3017,8.367050120387946,8.483798,train
10852,0.5205418905101838,0.5393029,train
7699,3.189790150459326,3.2149498,train
3058,4.917562613370484,4.8573403,train
3806,6.465743953964882,6.472271,train
4446,0.4805139867785123,0.47307417,train
18016,18.30831819923501,18.302402,train
12885,11.32916932596336,11.4154215,train
1830,12.072070377112013,12.101926,train
18932,3.055310786112922,3.048058,train
5813,18.098936154975203,18.142643,train
8532,17.71879584084085,17.613281,train
4253,1.105528501039785,1.1125853,train
9263,1.855574950622816,1.8515517,train
1153,1.8898005038889272,1.899185,train
8667,4.248464869976727,4.232297,train
9954,10.16208491862902,10.116958,train
18612,15.81919653764751,15.853236,train
6023,15.756440435358488,15.702126,train
15744,12.81025420105539,12.797526,train
2635,10.046558211176569,10.014757,train
17639,18.376220441150497,18.363163,train
10021,4.0125543844675775,4.0592732,train
15638,3.504774177145666,3.546535,train
3355,14.945323350777556,14.880715,train
3613,6.801759836570123,6.797002,train
2836,9.165259232408182,9.0978565,train
17345,6.2802038739351,6.3018484,train
9156,12.473493221405237,12.525776,train
1610,14.627318836154611,14.553169,train
15305,19.08707604149079,19.087563,train
4992,3.874643575117208,3.8878267,train
12778,1.3453619031035344,1.3901141,train
13931,1.608635809566054,1.612707,train
13768,19.65457563352823,19.551786,train
18177,1.3364041784566691,1.4279861,train
15550,12.729853220366405,12.936142,train
1364,0.6292600157048546,0.6181553,train
2663,6.873155209484162,6.875628,train
9782,10.273591704781012,10.250053,train
18468,10.39942133723625,10.312317,train
15610,6.283162700688534,6.4473214,train
12869,12.9505082609534,12.885428,train
17514,7.758834120716864,7.815607,train
2317,2.200628651655687,2.2346313,train
1990,17.959412754913096,17.946835,train
239,17.10716280858922,17.113173,train
8899,0.7981936096611273,0.81905115,train
1700,4.631524554526219,4.6862736,train
897,7.692413888779483,7.635027,train
10782,7.185339014125341,7.0951133,train
3898,19.317402770048595,19.340334,train
4863,18.86749103932836,18.89421,train
18385,0.8056639182965669,0.850761,train
12152,3.981038030436803,3.9884925,train
1161,1.2125203307471353,1.2581806,train
930,4.014063755492696,4.004507,train
18030,17.525620022564787,17.522266,train
7484,7.07005646729051,7.1223793,train
13126,5.924916818748698,5.950962,train
5403,1.3225435808588817,1.3436669,train
19171,21.11338248334787,21.093493,train
15106,21.10512483854769,20.950739,train
12800,0.0513927400074215,0.13364995,train
10119,16.863516019365264,16.858559,train
1461,10.363767342735065,10.359338,train
10203,6.973809306153391,6.9786544,train
7506,4.094282647934249,4.078027,train
5546,4.927051318286967,4.856778,train
13346,2.661355726004821,2.6439188,train
2579,16.90226155534842,16.903894,train
5752,4.554692619561421,4.5597334,train
5614,19.855130320038725,19.876472,train
11546,7.553288737976231,7.54467,train
16128,11.2621749242715,11.3306465,train
15470,0.97471507269118,0.9730889,train
10495,18.407196204470274,18.330791,train
6380,0.5015442324041101,0.50803405,train
7487,6.154494372589943,6.159095,train
17325,8.398359380699077,8.427464,train
13462,9.411521366751742,9.407338,train
18910,5.117036229684863,5.1112366,train
19315,3.4157618462268755,3.3788626,train
6657,12.822536539567208,12.833689,train
5617,20.654855785622345,20.587027,train
2578,17.079550447563914,17.051668,train
17508,9.458420798541278,9.471192,train
11403,2.820030871362919,2.7360685,train
411,17.662615359745814,17.765306,train
3876,0.709706705297932,0.74323434,train
13589,18.29695672255171,18.238565,train
5151,6.4578223805494,6.441373,train
8554,17.67824108667606,17.646944,train
11024,3.015660658032991,3.0290232,train
13087,10.333471441998675,10.327264,train
16870,16.609665823295444,16.63356,train
16564,6.368364426750085,6.473099,train
16589,4.000592030885053,4.0251646,train
4960,7.069001969622194,7.0800643,train
4134,13.078072873258812,13.071906,train
17479,12.633615513625942,12.705183,train
10931,13.475363841176009,13.517125,train
14966,14.488085999416567,14.512384,train
7884,4.90213298423682,4.9105725,train
10132,15.346137534755096,15.325809,train
778,22.44579015068848,22.480057,train
18756,1.826458550172971,1.8158901,train
4790,4.561862529650268,4.544191,train
6671,10.5814363000758,10.535229,train
9483,0.5423762210639093,0.55380845,train
220,19.71955383659461,19.70311,train
7218,15.457434636172104,15.450915,train
16777,4.746387753532257,4.798684,train
15690,19.26566996261812,19.34278,train
17985,1.2843326593292357,1.226871,train
11186,5.753069598546641,5.8128595,train
13157,2.9222366105277784,2.976519,train
12410,21.419713522189745,21.417353,train
7298,5.955946356114039,5.9715304,train
6256,13.213532622327676,13.123818,train
17604,0.2309324052198797,0.23532753,train
14680,3.316155048156032,3.2486157,train
18439,13.378227735867071,13.442056,train
10301,15.100122876723216,15.096518,train
5396,1.4107658654709,1.4365535,train
16108,13.573861559426474,13.595797,train
16293,15.757814527051751,15.697748,train
2558,19.74321692827873,19.725195,train
12650,15.410160297119498,15.294656,train
7485,7.043872910686402,7.08425,train
1521,3.829322032692064,3.842044,train
10369,8.138000238680732,8.220013,train
15687,19.843009042591905,19.831776,train
4050,1.8168161866180768,1.8117971,train
985,18.97710045224141,19.039253,train
2217,12.0723793473504,12.175847,train
17312,10.041801203214764,10.049716,train
5281,14.21511719069274,14.219044,train
13675,8.303420557695684,8.342986,train
17854,15.114524373872111,15.122034,train
6224,16.763226678069177,16.755428,train
10371,7.762092737746099,7.78749,train
7276,8.363968672319698,8.3538685,train
16672,16.932616096290346,16.865501,train
6758,1.8735424369764515,1.8294361,train
2756,18.816032467377426,18.748621,train
9756,13.378582532043271,13.349602,train
2361,18.813130389910096,18.802984,train
17725,8.195953719232508,8.178443,train
3164,14.430461891254147,14.439793,train
11854,17.759606768574194,17.779316,train
13815,14.431523597455737,14.4357395,train
2880,3.993968559533223,3.97977,train
15254,3.3513494728785487,3.4274368,train
10425,2.926904748096294,2.7929976,train
477,9.825288609301804,9.74579,train
11867,15.686063200822792,15.619134,train
17790,1.3640865431335991,1.3832254,train
4681,16.685833210300903,16.643614,train
9466,1.8432099607554355,1.844036,train
2575,17.197673536907814,17.264158,train
11739,8.101217875515466,8.105206,train
18570,0.9055773829529192,0.9248761,train
18902,5.820798963512989,5.8378386,train
10866,21.610125431063235,21.644615,train
17795,1.3154130259266503,1.3124992,train
1764,17.82987485443273,17.83758,train
9944,11.137626840952445,11.055018,train
14326,22.43758896372516,22.44499,train
1074,9.645853511234789,9.605612,train
14176,17.060624944284104,17.128262,train
1590,16.950862024010892,16.931694,train
8501,2.8979478769031286,2.8831854,train
12230,16.912183007350198,16.897055,train
11485,14.74520699646481,14.855835,train
16812,1.7080841183746087,1.6908793,train
143,4.519499464222662,4.5206904,train
15221,6.569228636278367,6.552876,train
10122,16.622492323791917,16.672827,train
13749,1.0045801619020207,1.018293,train
9051,3.926162719328564,3.962532,train
15048,4.884924002395814,4.8905077,train
7867,6.592084272443374,6.7150464,train
7667,6.353596370929487,6.36219,train
215,20.77912477662073,20.726654,train
19165,19.03590168853037,19.041422,train
1903,4.238971072248631,4.270866,train
19195,16.023412708031852,16.066929,train
272,13.138999979239518,13.123507,train
18042,15.67254129829968,15.6387,train
19290,5.611136558230198,5.6271734,train
5378,3.101175262518741,3.062792,train
488,9.496988135957611,9.42272,train
11971,4.067214487618355,4.0837946,train
11663,16.910642342868286,16.938875,train
17646,17.935875213700538,17.961697,train
17452,14.53582492681256,14.523569,train
890,8.262851541517268,8.267041,train
963,1.281389434954606,1.2909755,train
1471,9.196137474829476,9.183098,train
11793,2.19925846620352,2.191227,train
15683,20.6790288379415,20.599958,train
513,6.226201969979004,6.2443833,train
11581,3.81682856504959,3.9381614,train
1698,4.960304959733811,5.0226874,train
3965,10.032700750511044,10.029574,train
12021,21.13426486250191,21.198502,train
18700,7.025489768068723,6.9734807,train
13780,17.673530678566,17.67597,train
11136,11.2586625959047,11.47201,train
18033,16.821553398651346,16.96211,train
3702,18.16568198240489,18.068834,train
17787,2.092502774321612,2.1110835,train
16118,12.414002518672326,12.474464,train
424,15.596351042909523,15.732343,train
1851,9.589635167484122,9.606548,train
12624,18.71734732100631,18.621174,train
2736,21.301887984055217,21.182976,train
2378,17.095763980240573,17.098078,train
12870,12.76791561820716,12.77612,train
2597,14.577408466135193,14.42677,train
9216,6.195479215936479,6.234464,train
1974,19.48657070718589,19.471617,train
9691,21.506858735180256,21.54956,train
4231,2.810968212976723,2.8157518,train
7015,13.181042792589864,13.176516,train
2668,6.160147438978774,6.1360373,train
17666,15.379395968895851,15.309531,train
1123,4.5732589515194935,4.6059127,train
14285,3.854526465264029,3.9670656,train
10553,10.295515692227388,10.243894,train
18293,9.228064468631237,9.193565,train
864,11.319338712878077,11.3378525,train
3167,13.79090727735458,13.736906,train
7145,1.3311225115064136,1.3171934,train
650,14.13732967045766,14.051058,train
16111,12.380432387702005,12.427843,train
14648,6.635334258698235,6.568915,train
3319,19.46979144773396,19.639475,train
766,1.896083246184893,1.9366516,train
5770,2.809908136353094,2.8723176,train
2761,17.88265645941038,18.017464,train
5619,19.861273325638862,19.871029,train
10438,1.7171399530166145,1.7875657,train
14087,4.024666278107068,4.1259856,train
15942,11.857467213103352,12.012842,train
7600,13.073228888133258,13.048419,train
19254,9.768802438951504,9.784574,train
4913,12.68040752142142,12.668,train
17814,20.02917202989096,20.183344,train
9877,22.489539943233144,22.481241,train
14060,6.908160393719894,6.9416995,train
18733,3.939971421657586,3.9342887,train
7814,12.838374359758268,12.831958,train
7652,7.306168982072109,7.2789464,train
13826,12.89620853196804,13.001424,train
2974,13.445099613790177,13.493372,train
13336,3.565653780008301,3.52211,train
58,13.254411034318322,13.279249,train
17063,16.955980986839045,16.924244,train
4825,1.5950663701357082,1.6789925,train
10345,11.897607708929169,11.836883,train
4304,14.178130795455294,14.161565,train
5086,14.455318264251044,14.452043,train
3274,2.5813806934582613,2.574066,train
919,5.078146973883475,5.0067873,train
15727,14.864955307256311,14.812065,train
5413,17.25314171094783,17.244606,train
9899,16.922968642254244,16.931025,train
5522,6.768303258264957,6.7428503,train
16134,9.593909652353169,9.619285,train
12634,17.095496834597473,16.9286,train
19116,3.131537845669542,3.1444633,train
3102,0.9272081037835546,0.883079,train
1197,18.994326505677403,18.79884,train
18458,11.47156905991055,11.545609,train
7654,8.335635267224788,8.288897,train
14386,14.519191576606149,14.498356,train
18238,16.36018434903273,16.35909,train
12553,4.715063275242617,4.724534,train
12108,8.776322242411839,8.750363,train
5279,14.333274709710071,14.362779,train
8822,7.335951048353443,7.4003663,train
3386,11.328305375021465,11.265532,train
8162,18.742409684045025,18.520308,train
3704,17.11104701553414,17.06823,train
13439,12.226188344533648,12.187516,train
14063,6.641842247486626,6.5854564,train
15712,16.90381226166064,16.908129,train
8260,7.574938753787205,7.578175,train
8744,17.78431358638609,17.825155,train
7321,3.7130289175393374,3.7543993,train
3118,21.129512189140744,21.083157,train
14862,4.049098595906071,4.001799,train
11182,6.1094039966194025,6.213417,train
6491,9.34977928919351,9.315916,train
18288,10.267430587040163,10.315934,train
3201,10.234925994162468,10.227464,train
14143,19.084714646347635,19.039017,train
809,18.19724693119354,18.271496,train
9100,19.115932449226303,19.09965,train
17015,0.7609424383031113,0.7748976,train
994,18.29197750150641,18.32647,train
1842,10.430277326678116,10.381589,train
17104,11.815969477779976,11.747617,train
14024,10.818650038883238,10.740054,train
3710,18.119238281072967,18.065277,train
15459,1.7178517248129102,1.6943911,train
4302,14.640899190859413,14.704959,train
16878,13.534562926753951,13.685636,train
4824,1.6403612984165938,1.6999664,train
6245,14.285142320703535,14.118928,train
9128,15.687900165458345,15.654876,train
13506,4.989055472299572,5.0171905,train
10048,1.8104968308246827,1.8726826,train
9387,9.664547281096992,9.438573,train
5940,4.506011875675405,4.5183005,train
9507,19.789370288242736,19.799486,train
19206,14.561482319818085,14.603773,train
17129,9.471032661751106,9.454742,train
3568,12.769796331019286,12.771521,train
1051,12.452057354097573,12.469023,train
12914,8.018758617501351,7.966814,train
3421,7.100083476717258,7.122146,train
18349,3.6404728121221424,3.6161814,train
3445,4.842353729501965,4.5772414,train
295,10.599808880096976,10.624028,train
7674,6.077667656207033,6.0219913,train
91,10.073029931229438,10.095598,train
16244,0.3017305267416324,0.28017446,train
18876,8.919077477191438,8.94902,train
19095,5.096885272781685,5.1188025,train
9448,3.1135332873958466,3.0858774,train
44,15.007756311043604,15.075299,train
15905,16.44497528374952,16.41877,train
7172,20.98908808113469,21.063702,train
19202,16.444747459209296,16.511639,train
379,1.4058634350319017,1.4314153,train
19322,2.8272103951476293,2.8134751,train
18117,7.159846055163798,7.231659,train
13844,9.9660837265521,10.043035,train
9280,0.5462088103611527,0.5249839,train
9421,5.872740422587824,5.9286885,train
14900,0.9121129917657744,0.8770566,train
6467,11.932339968209428,11.960284,train
6894,6.398244254816975,6.399344,train
17598,0.3737786213831396,0.34861332,train
3185,11.8909717948044,11.810723,train
12332,5.922567293225985,5.9281936,train
17739,6.145163326549064,6.110597,train
12500,10.39095020248913,10.438359,train
9480,0.6049111814243878,0.6308927,train
539,3.819880616506509,3.9792788,train
17077,14.475492297423914,14.501866,train
5056,18.37878625781259,18.449783,train
9511,19.10810633161132,19.079046,train
17402,1.04337843358353,1.0384208,train
8970,12.335585496027232,12.391025,train
5055,16.69945026165346,16.58093,train
9195,8.355178467664865,8.335331,train
4791,4.472763333056722,4.5186048,train
2989,12.799325081268096,12.861453,train
13904,3.90016871060976,3.9890063,train
13442,11.524092045709716,11.422734,train
14617,10.29287245604446,10.384953,train
11656,17.81630953290997,17.891605,train
12608,21.143003532532543,21.081633,train
15574,10.24575030670368,10.240474,train
18554,2.006059379359344,2.0828366,train
1757,0.2499091254477886,0.25690156,train
17048,17.673608085062984,17.743137,train
10722,14.469066606617035,14.594042,train
7807,13.226262073691895,13.178914,train
10695,16.801935461894548,16.70823,train
17359,4.902000213007666,4.7968717,train
2734,21.418682501501817,21.349676,train
16374,5.136284076593169,5.186555,train
17482,11.378147127521204,11.443238,train
6721,5.282827813029823,5.2671003,train
14069,5.930686658693562,5.9389825,train
10382,6.624967048342443,6.7355742,train
1542,1.966640628256233,1.9631774,train
5313,10.46473721945584,10.459725,train
13208,17.353864356326174,17.321491,train
10957,10.30981023818782,10.275307,train
8394,14.4260799691493,14.42584,train
13638,12.41099068184259,12.365581,train
4438,1.1627682349428454,1.1494056,train
11798,2.116813591661728,2.116404,train
11009,4.723092413137777,4.7050214,train
6228,16.465998495419452,16.502665,train
1652,9.47656634031719,9.56937,train
14597,12.709751915517792,12.659556,train
18430,14.431808581134725,14.491197,train
8396,14.271663049958486,14.305153,train
18249,14.799516522272375,14.868043,train
18814,16.716832102467745,16.761347,train
16556,7.148335115510842,7.274712,train
16395,3.1640514692126978,3.196597,train
12424,19.312169343020763,19.276926,train
8127,1.305368059121411,1.3251337,train
5129,8.970084484938216,9.020159,train
4518,14.042018994734464,14.005359,train
4608,3.869051305692383,3.8581238,train
15812,4.9688795600496585,4.9290285,train
4892,15.215752589646865,15.108493,train
11119,13.297488801646844,13.373172,train
18972,21.102538807312328,21.117275,train
9813,6.820223089375125,6.869006,train
12901,9.53934669801875,9.539888,train
3776,9.41867140571166,9.589562,train
16120,11.628245609961066,11.696601,train
13266,10.976276689292453,10.927589,train
10211,5.972685480108023,5.986543,train
1164,1.098717416038245,1.1305174,train
12594,1.1864914857383524,1.1627402,train
2943,17.19501918852174,17.162502,train
17781,2.170055213748185,2.1601832,train
10955,10.482784963977442,10.4367,train
11197,4.6817768307967205,4.7316766,train
3412,8.158722703428628,8.151121,train
7643,8.059034547008803,8.070064,train
12874,12.682692018250496,12.688589,train
10354,9.27328373733722,9.24038,train
10608,4.639592531047586,4.629222,train
12585,1.906975989363202,1.924609,train
8400,13.972620726508444,14.011465,train
3242,5.646171726571296,5.687925,train
9673,1.3037862500261646,1.2747467,train
3,19.931227141497104,19.866468,train
3811,6.397245131211733,6.411823,train
9545,14.95987131584224,14.97272,train
10342,10.605679963439425,10.645665,train
11012,4.067028987956238,4.02439,train
15653,1.964748433688274,1.9499143,train
7593,13.076950037363249,13.006758,train
2155,19.561469882197528,19.660603,train
15047,4.9641860492068925,4.9187255,train
17110,11.65076922639755,11.648857,train
16445,19.3698045142445,19.452766,train
18028,18.08197851087056,18.019278,train
10997,5.852868855041773,5.863612,train
9624,5.894244337131389,5.9120097,train
5550,4.211963869182495,4.355522,train
6148,2.83811744628759,2.8212683,train
16089,17.056473373047787,17.08286,train
3705,16.607746572836326,16.565577,train
6589,20.386907089081884,20.310755,train
3433,5.94133554474461,6.0230703,train
13950,21.15469245299536,21.169184,train
10245,2.8871602268853165,2.8815482,train
3530,16.86288570505451,16.8481,train
16294,14.837335871770822,14.934735,train
18727,4.454564531785633,4.463831,train
6974,18.10463416382207,18.067694,train
15453,2.025321139258629,2.0479863,train
18772,0.7654552082152444,0.82533914,train
17454,13.822765196426149,13.860179,train
9154,12.851491647934337,12.925406,train
9706,19.244657736905133,19.358698,train
13812,13.693034627826924,13.735445,train
848,13.24685492576164,13.242651,train
14663,4.768410637237188,4.7702937,train
10458,0.3225482848322555,0.31776017,train
15148,15.262205711588845,15.139189,train
1263,10.507264466228232,10.526533,train
16523,10.795851273752517,10.782743,train
12059,14.388790861801915,14.332821,train
3304,21.135321695657648,21.141981,train
13883,5.951681518180405,5.9780555,train
4011,5.446710447197947,5.4027185,train
2054,9.953732043119633,9.897395,train
15068,2.930630636534168,2.965274,train
4730,11.086794786903864,11.0054455,train
5514,7.416645256369015,7.4547267,train
15371,10.755495003035827,10.782065,train
8826,7.538351760291716,7.47187,train
19297,5.0380463763626935,5.003191,train
6334,4.442255865426945,4.4092765,train
12695,9.37929032964444,9.408073,train
12389,1.020076005279842,0.9575423,train
13362,1.2323922581729383,1.2654797,train
2161,19.8886519196427,19.853355,train
16195,3.816272681211167,3.879867,train
19065,8.070319750601092,8.201607,train
5334,8.122188581292676,8.151491,train
19077,6.676608804763239,6.796229,train
10745,10.752548807646235,10.679326,train
12813,20.43326200234004,20.366497,train
17817,19.592276120214844,19.59161,train
7560,17.600051407669348,17.560253,train
14603,10.73359997459101,10.745645,train
16650,20.44863207329628,20.511488,train
9544,15.050914388748057,15.050179,train
9065,2.753833113685304,2.744466,train
8070,6.904249422372694,6.6705394,train
16603,2.66662102921874,2.7196622,train
12027,16.077632975504375,15.8607435,train
4512,14.435684271710114,14.355973,train
15825,3.806313011270433,3.8121986,train
1633,11.413284286405602,11.567014,train
1549,1.2758930854035715,1.2540574,train
18418,16.091000092466686,16.136614,train
8461,6.911387472620577,6.9799337,train
17515,7.577358210035142,7.6027875,train
14583,12.7604927944354,12.6697035,train
18571,0.8652243902839516,0.8730225,train
5081,14.394028895530235,14.355599,train
590,21.82219786912299,21.754433,train
17251,17.60172050935058,17.639685,train
18637,14.392081365687773,14.327009,train
8414,11.922798821309517,11.876054,train
13365,1.1097632625186051,1.1057885,train
16217,2.0470468754916453,2.0228832,train
2356,19.40312721254641,19.324293,train
287,11.737235109224049,11.765121,train
184,1.078399324681348,1.0728214,train
17377,3.187990447152263,3.2483788,train
1247,12.793683320083234,12.563828,train
13053,14.30670640044289,14.379584,train
1516,4.468390974911091,4.516765,train
14172,16.271915782620766,16.2461,train
19218,12.932991668261424,12.946715,train
6486,9.58486339168969,9.643996,train
843,13.79890742115822,13.723371,train
19229,11.710200541494078,11.730573,train
18643,14.454990604887916,14.469458,train
19062,9.012190255436744,9.00809,train
1998,17.07846180855251,17.09261,train
5548,4.549386434926879,4.634322,train
14257,6.991450070430887,6.997393,train
15,18.275109030725044,18.287445,train
18019,19.04680566012991,19.044788,train
15830,3.5780704257509672,3.6119363,train
13954,19.73608954460722,19.713316,train
11743,7.222072524047081,7.251513,train
11128,12.22237987980665,12.317483,train
12056,12.73484432145896,12.809351,train
3893,18.532760320541044,18.520638,train
12708,8.40092857644864,8.445734,train
7378,19.65150277869932,19.714739,train
9085,1.093970875342325,1.1068732,train
18109,8.064235159472922,8.128948,train
2508,2.1909043638484644,2.256429,train
12786,1.0253200795459296,1.0098218,train
11996,1.8547785105933527,1.8188843,train
142,4.626454081046947,4.587539,train
18261,13.036284725692472,13.028607,train
1031,14.79526171609469,14.872759,train
14987,11.804814142289173,11.825137,train
11431,0.8206714522265478,0.84365016,train
12557,4.078495448414583,4.0904384,train
1587,16.187217301081564,16.016502,train
16522,11.01593151295278,11.087333,train
9461,2.055292637189908,2.070659,train
205,22.123602234275133,22.175482,train
11768,4.923621396159352,4.9409003,train
10629,2.68370816820836,2.6658938,train
8320,1.8371072433863207,1.8243065,train
810,17.999654891388882,18.021168,train
626,16.660283185449416,16.765032,train
11015,3.924532934903452,3.9365222,train
10867,21.41304334985317,21.429008,train
17496,9.407825128250506,9.348676,train
9766,12.210450632216844,12.096558,train
7959,19.953013689597707,19.900776,train
1427,14.259716547939265,14.233573,train
6208,18.95818872521534,19.004469,train
5275,15.22212883705077,15.1884165,train
10766,8.347736595247508,8.353467,train
19091,5.9889227886394965,5.778023,train
2867,5.856224587266528,5.82746,train
14501,2.1716119042397457,2.1386802,train
3258,3.978080797890332,3.938914,train
8246,9.089999967492744,9.106874,train
15446,2.691237198864885,2.701899,train
15588,8.603311463586682,8.712107,train
6273,10.926396673736688,10.889024,train
10917,15.134880073558536,15.162652,train
16237,0.5060347855234106,0.5277238,train
5795,1.0219168613578251,1.0281518,train
7992,16.047214474813018,15.887796,train
8999,9.266603898099726,9.242873,train
13756,21.913404697663257,21.975855,train
18067,13.030244447416653,12.998266,train
3549,14.860537556441315,14.8328905,train
2641,9.272464214735828,9.272258,train
3112,21.03504872856548,20.956636,train
2365,18.300309576897863,18.340761,train
14860,4.311689601058781,4.2888174,train
15714,16.566984036668707,16.584509,train
12819,18.461897036678145,18.48048,train
18885,7.970987331286699,8.01079,train
11232,1.3125258449879875,1.3349901,train
19222,13.967611201106113,13.96591,train
5315,10.373311382987406,10.343433,train
19139,1.3254630716000468,1.2921673,train
10618,3.672720052007113,3.6799982,train
12186,1.2555915242098543,1.3530431,train
11429,0.8908269097276468,0.93504214,train
9583,10.368569034444818,10.4009905,train
19300,4.679147297348596,4.7084,train
9094,21.598910563392376,21.54177,train
449,13.967414936267792,14.00347,train
9285,0.4332694440398041,0.41909865,train
15971,8.389990637595483,8.396783,train
5233,20.507572712872594,20.475334,train
9697,21.130338954927165,21.12978,train
18704,6.99202613003498,7.0465765,train
18433,15.7697948375,15.789372,train
11741,8.058675158819655,7.984844,train
6175,0.8516325209090139,0.87047863,train
15248,3.7784422567401705,3.7678118,train
16823,0.9036600643055748,0.86527103,train
15487,20.297166436352143,20.391064,train
18011,19.664916576636003,19.737564,train
19268,7.842683051778318,7.8018847,train
7062,8.729564850499894,8.742209,train
7014,13.427499062484197,13.40605,train
13624,13.168242957514732,13.160672,train
8633,8.282098550630366,8.207495,train
11502,13.152321137384943,13.176771,train
1576,17.41893387556612,17.215094,train
15327,15.31849224137671,15.375351,train
8640,6.642713233741451,6.6245637,train
13448,11.312329323371944,11.258711,train
18682,8.693407238957802,8.696457,train
1638,11.91046868427302,11.796369,train
3895,17.88702882801645,17.814613,train
16476,15.693673729455806,15.633642,train
14995,10.567081902706134,10.626146,train
13050,14.815079516095157,14.836493,train
12366,2.9655078897068687,3.1269727,train
13165,2.095348091227604,2.0887213,train
15819,4.581069596815913,4.592462,train
877,9.875081215000296,9.836028,train
10398,5.312584169282319,5.309467,train
10399,5.140087879295664,5.1203876,train
15515,17.319643052801702,17.31971,train
18951,1.5346986796556543,1.5732439,train
9255,2.563879177439504,2.5520885,train
13659,9.83155834114748,9.757479,train
1483,7.851948014839903,7.88485,train
8934,17.922291621433335,17.913597,train
17994,0.6149710957498662,0.6112295,train
14361,17.94432137395805,17.967695,train
18428,15.001940302682383,14.99416,train
16011,4.052961038703312,4.035986,train
12267,13.943257679038403,13.952894,train
11985,2.777657467141297,2.8063977,train
6195,20.33030974080142,20.265347,train
19110,3.5694240784701674,3.5476477,train
14095,3.5721018878945143,3.4984696,train
6095,7.880806978557267,7.8224216,train
3300,22.11961198659052,22.04323,train
12117,7.990496628884071,7.9909515,train
1377,20.256771517621527,20.272276,train
13765,21.11095402017957,21.11735,train
15039,5.841688338700275,5.8222184,train
12522,7.938446096468549,7.9235587,train
6093,8.136287585643183,8.058641,train
7668,6.141349428308171,6.2072973,train
14889,1.7190145153544245,1.6865165,train
3027,7.371717358661612,7.436456,train
9546,14.870015019465434,14.836238,train
17856,14.927299428672786,14.932859,train
12225,16.22485618464758,15.965224,train
3495,0.6075033816992067,0.6002512,train
13113,7.155459509504604,7.1600895,train
19245,10.593976009638284,10.694646,train
12583,1.9820120481996863,1.973947,train
7729,0.8978886362229976,0.869411,train
11360,7.039267677884105,7.1015344,train
13294,7.911445558689346,7.848963,train
16927,8.45774987919415,8.559633,train
1305,5.979589183779448,5.9635406,train
12005,1.1401522702871696,1.0745829,train
18585,21.306203967033472,21.339127,train
7960,19.83999218174162,19.761044,train
3778,10.417738582214962,10.524793,train
10850,0.8094040018076922,0.85146147,train
3398,9.530999188922808,9.610231,train
13191,21.123161179175085,21.140392,train
14174,15.60086265648567,15.563393,train
9014,8.095116363580447,8.264398,train
12216,21.097988729403603,21.120382,train
1210,16.8063819254337,16.828089,train
7776,16.934157629354686,16.943932,train
4379,6.67072252211811,6.6659436,train
18532,3.909920024220588,3.9412813,train
1455,11.02784026416439,10.998589,train
11362,7.092327790240666,6.946294,train
13389,19.29695639538064,19.400673,train
19208,13.927786885654356,13.890104,train
3229,7.068014784107741,7.1031685,train
2961,15.725507167397664,15.725843,train
13272,10.542835813811353,10.653687,train
4176,8.376211458663635,8.315453,train
14255,6.769114540831124,6.8302794,train
8929,17.042424256056517,16.960585,train
6665,10.720438980224102,10.827525,train
2950,17.391325789007855,17.388308,train
9439,4.005953998680897,3.99664,train
3086,2.096977292877342,2.1776328,train
13953,20.07387749544609,20.08506,train
5035,18.870844381976447,18.894962,train
7589,14.49219655032802,14.551654,train
14676,3.817534973624604,3.722969,train
5968,1.872608558448656,1.8339571,train
1679,6.916370036980917,6.945609,train
6662,11.43391551058648,11.439623,train
5109,11.29414467879058,11.369221,train
2727,1.1374167001143074,1.1460971,train
6139,3.6633457325706913,3.6183848,train
16756,6.867105693427596,6.922503,train
4485,17.572653480231114,17.408384,train
8886,1.6991700097031264,1.6651622,train
14240,8.713576815578435,8.68582,train
8140,0.5870045039400811,0.61467683,train
3620,6.426171437733421,6.3662004,train
3448,4.068212727323464,4.296935,train
15625,4.6615128632518985,4.6782928,train
3025,7.797606938095527,7.7934346,train
19166,18.44370243718578,18.55524,train
3708,19.19060666573192,19.180098,train
5179,3.677346913921507,3.698488,train
9304,19.37913602720507,19.390678,train
4101,17.259712260608044,17.263063,train
15526,15.858678670942751,15.844482,train
1363,0.631502193304804,0.6181553,train
6940,2.1220402497711377,2.1132784,train
15088,1.2390435405314066,1.2072634,train
17361,4.686712824843709,4.6629596,train
7053,9.540537383750657,9.5117655,train
11901,11.30707580458743,11.354238,train
6750,2.5723156111542167,2.5371358,train
15027,7.11941759048072,7.138091,train
5738,5.913802538306195,5.9219103,train
8230,10.869790184024223,10.8796015,train
13093,9.43838578557302,9.442095,train
2208,14.439792431502775,14.372431,train
1317,4.916075031951621,4.842977,train
4203,5.544911533077911,5.488853,train
17785,2.118246217231363,2.118405,train
10960,10.060769918108326,10.04077,train
9101,18.793225017781783,18.859165,train
18826,14.811025232830554,14.880153,train
16728,9.545507704443915,9.632259,train
18242,15.013110017745786,14.981151,train
11750,6.981118363376248,6.972427,train
6265,11.930304100939816,11.572107,train
345,5.010441473223128,5.0109606,train
11278,16.21439168506564,16.198824,train
11665,16.64396738631187,16.726366,train
16363,6.323419529890742,6.3132234,train
8710,0.7519506553834161,0.78813267,train
19053,9.737117736726384,9.671022,train
17838,17.11613243995586,17.161924,train
12130,6.201153771692337,6.202195,train
19085,6.067049411692186,6.0799627,train
18010,19.9744967298358,20.040844,train
12484,12.292947594915608,12.188334,train
16981,3.5839055255988304,3.446208,train
9661,2.135057073275307,2.1518726,train
10273,17.172629857867992,17.202293,train
803,18.64897917277394,18.607092,train
12407,22.180458867077025,22.190664,train
839,14.35759330632276,14.384341,train
1300,6.090074318782286,6.0693603,train
14938,17.869312005428313,17.841684,train
19263,8.916019395521905,8.956134,train
10728,12.056927214094666,12.066615,train
19159,0.2062035393096238,0.20381427,train
3847,2.941004779194578,2.9051523,train
19311,3.913611195335209,3.8862317,train
5739,5.816542557520253,5.8280606,train
10747,10.215762691615542,10.158456,train
15878,19.757634081536544,19.733759,train
8084,5.049991095942311,5.059755,train
732,4.814335657197778,4.8251395,train
19003,15.261172805687831,15.126007,train
6694,7.851820402041159,7.824384,train
3754,12.04524667916998,11.988703,train
2538,22.477559169743824,22.484169,train
16698,12.594746593586114,12.594745,train
11507,11.838360386289686,11.72677,train
7439,11.888673138159088,11.8807,train
3614,6.575651128838085,6.655799,train
13402,16.076033144587253,16.057226,train
5523,6.594928603042346,6.6308575,train
17685,12.933364302138516,13.018721,train
10915,15.381407832599711,15.323962,train
11051,1.1583000321550267,1.1854807,train
13249,12.62408073865763,12.698056,train
793,19.864038829002773,19.780804,train
1453,11.289049412163385,11.290249,train
14480,4.032760192411141,4.0450134,train
7287,7.134249945939311,7.1116366,train
4898,14.329607320785374,14.368526,train
15083,1.8240377589950296,1.8173375,train
6660,11.95462942121235,11.9521055,train
14415,11.504992339105836,11.484403,train
103,8.598638547821052,8.623504,train
5410,18.554521454081414,18.57035,train
14829,7.590847943185413,7.602771,train
9562,12.80040767355147,12.778787,train
8895,0.998844564673516,0.9826465,train
558,2.064415577310112,2.1553159,train
18617,16.736101999358326,16.69841,train
15442,2.9778997390985475,2.932583,train
975,0.5737605856282899,0.5850763,train
2981,13.33071173495276,13.383436,train
12318,7.782411140774196,7.793275,train
18837,13.3264387200548,13.264711,train
16732,9.852180081755227,9.736246,train
3739,14.948364893368389,15.038947,train
9288,22.45298664545152,22.503555,train
14185,14.22180419881305,14.222768,train
11949,6.240264982438105,6.2614245,train
12144,4.593154873026514,4.5612035,train
708,7.230654572470837,7.083814,train
13203,19.028856944284914,19.05386,train
4869,18.076944383204232,18.0838,train
11268,17.317643210921027,17.340391,train
15195,9.30660938947503,9.461269,train
19211,15.735438668203692,15.744012,train
16301,12.114153713571955,12.02922,train
6330,4.712569559404268,4.7173777,train
9190,9.103786713510486,9.065867,train
11905,11.317203642101427,11.298316,train
5010,2.1029970111117406,2.074044,train
8472,5.806391444133787,5.8413863,train
7513,3.962820519756144,3.9643385,train
10589,6.552688506971367,6.628705,train
8787,11.730751534143849,11.71981,train
189,0.6012457847244919,0.63929254,train
5427,18.775982183096502,18.747269,train
8327,1.1689135945225266,1.1859025,train
4046,2.1682609630088687,2.2176502,train
12126,7.201461719332113,7.2297463,train
7865,6.866378593288799,6.784892,train
19000,13.655780257463704,13.542747,train
8739,16.397207010048135,16.401667,train
8842,5.427603185023659,5.5912223,train
17611,22.278129690785228,22.204529,train
5624,18.737000570431537,18.791275,train
5000,2.9887259140115603,3.0144684,train
1405,17.013694979061516,17.013084,train
13101,8.399515298067106,8.380906,train
8593,13.159990138062858,13.133344,train
14481,4.002002988280422,4.02907,train
5606,22.52153561910273,22.496069,train
888,8.442022861528853,8.546203,train
12149,4.4309567745644,4.41362,train
6280,10.110675304398644,10.210588,train
3088,1.9855639593720509,1.9338723,train
2614,12.475863412320589,12.466333,train
10975,8.166438898542744,8.16624,train
3072,3.373888354100661,3.3107407,train
17944,4.888349278417512,4.7243466,train
4600,4.672994551050355,4.711068,train
4343,10.21318791608597,10.2699375,train
13290,8.1128208042118,8.12666,train
3980,8.854938245501334,8.837064,train
19262,9.18192154230326,9.154182,train
6136,4.007495439574774,3.9501557,train
2694,3.759478362702408,3.8011622,train
15776,9.050883354897138,9.080299,train
13204,18.67830020235898,18.625021,train
1959,22.187318741187845,22.213448,train
3029,8.035371723169296,8.09909,train
8169,17.9047837589788,17.939034,train
14119,1.2924277995107858,1.3844193,train
12992,22.328750812860115,22.30793,train
17307,10.21351639834026,10.308634,train
14733,17.606462726964725,17.65637,train
4686,17.002957323888566,16.917995,train
702,8.000825432737976,7.984425,train
6944,1.7973828215937355,1.8055127,train
5749,4.7879445532131095,4.791161,train
14111,2.016320062486745,2.0108888,train
12460,15.200449963463,15.217008,train
3479,1.36799893524652,1.4358976,train
6529,5.0217110065578,5.0364923,train
5531,5.968266810921161,5.9615483,train
7556,21.126891058637334,21.11146,train
3038,7.113023695048585,7.1185565,train
196,0.4154065092189551,0.38931036,train
11618,0.8743339786840238,0.8845338,train
4949,8.239071838444598,8.255632,train
10952,10.756433008993318,10.716041,train
108,8.005407124791361,8.00348,train
13394,16.74825515718218,16.708624,train
14117,1.347877349845308,1.4020743,train
18856,11.22642721637622,11.234104,train
14390,14.241448511023226,14.222904,train
9555,13.764050863898603,13.704123,train
4823,1.6860777349681308,1.7050749,train
1896,4.887734434643188,4.879413,train
18830,13.620288127179244,13.6714115,train
1049,12.94004750585676,12.926671,train
8789,11.125054885999898,11.182357,train
13409,16.006282165227336,15.893729,train
16774,5.1627935102954,5.126168,train
4186,7.320013414825118,7.3542295,train
514,6.087928680980773,6.106931,train
14237,9.28419323513524,9.330699,train
696,8.723763757458933,8.845203,train
15534,15.080441348653054,15.062792,train
13018,18.706901250349528,18.697887,train
13115,7.051676230193926,7.047156,train
17593,0.8375370495953302,0.8051261,train
12205,0.2293631352164924,0.2162326,train
1145,2.602946456179162,2.5792017,train
16647,17.627239097261874,17.595041,train
11518,10.474750694169328,10.367529,train
8980,11.236438910743397,11.216882,train
10758,8.97211555428942,8.938197,train
10412,3.829962494937541,3.940415,train
15645,2.752269204393808,2.7005334,train
1615,13.214452442720638,13.351382,train
19286,6.16812894093392,6.2515564,train
6932,2.8105400767947533,2.7506394,train
8058,8.084345917831081,7.9527726,train
1596,15.245210732159345,15.135011,train
5349,6.0989149270636585,6.095019,train
3733,14.524216696701878,14.453146,train
10811,3.78144273411106,3.7151425,train
13403,15.730685628532866,15.669455,train
4510,14.846139304021923,14.83944,train
18057,14.26965755454997,14.201056,train
14372,16.592985923291117,16.62908,train
761,2.0597580929529955,2.0294464,train
15074,2.600490400477278,2.5432682,train
13504,5.130538216428136,5.1507916,train
9564,12.651620522723016,12.597888,train
16182,5.07235593845602,5.007568,train
7742,0.2429675014099122,0.2498182,train
19071,8.257040696945268,8.172246,train
15504,18.84263727174692,18.915937,train
13725,2.9494253036290954,2.921504,train
10169,10.60304422141228,10.617044,train
1585,16.49617883376571,16.451796,train
4781,5.470467143372407,5.527307,train
17917,7.937372375295099,7.7776446,train
10200,7.09670296927753,7.0942082,train
12437,18.21335363082549,18.265192,train
10883,19.562505765096663,19.546362,train
591,21.52341575383288,21.444132,train
17969,2.193275357791552,2.3087966,train
9165,11.569033030092577,11.5865345,train
14537,20.26227074889109,20.28313,train
10620,3.5043421227261704,3.4791625,train
10488,17.95569117771524,17.889132,train
9048,4.284102649352111,4.2695217,train
10616,3.868213535295727,3.9498115,train
5300,11.80452838355448,11.865146,train
7173,20.75717557853173,20.779276,train
1183,20.444295439078545,20.347649,train
10044,1.995066355145256,2.0756645,train
3942,12.987298946935375,12.952508,train
4585,6.183337230646778,6.2084107,train
8565,15.836326418704878,15.807412,train
5708,9.240451398077544,9.337656,train
4189,7.005406903741974,6.975877,train
8245,9.223698193122267,9.26533,train
17099,13.162142436701956,13.11159,train
5197,2.023676924145614,2.0190892,train
18326,6.058294498483535,6.070886,train
12910,8.405028858113306,8.473506,train
7952,20.81274910200844,20.737753,train
12068,13.766044465441542,13.811876,train
17909,8.350511335478425,8.427341,train
4808,2.7996574543903594,2.7496154,train
12102,8.77441213112789,8.75321,train
6231,15.85719725104325,15.958184,train
14301,2.4914866257221955,2.4807446,train
4617,2.9962856886319527,3.0197756,train
1314,4.956162458821372,4.9335036,train
316,8.243301658963476,8.2780075,train
12293,9.784464592424056,9.878315,train
2024,13.469931382374575,13.483055,train
16465,17.23203005274562,17.28007,train
2954,15.654510205824888,15.641562,train
7031,11.970269938422302,11.9551,train
1653,9.263077779431873,9.48438,train
11333,10.429131997138828,10.396217,train
14287,3.819769225293983,3.810256,train
17941,4.991809520756123,5.1466846,train
1421,15.249426290972018,15.276397,train
7077,7.859908487410437,7.8439536,train
1872,7.300111296861917,7.259706,train
3907,18.392402236345184,18.419735,train
171,1.9943616997817573,2.108358,train
9501,20.539594705089183,20.585142,train
2296,4.012275752415924,4.051259,train
2079,7.119581105773916,7.143207,train
16410,2.07020427584271,2.0467021,train
15080,1.9546764084727228,1.929003,train
6403,20.427264564426743,20.361029,train
17970,2.17155488008973,2.2458544,train
915,5.736811518482466,5.7193956,train
4413,3.285131326461574,3.2151716,train
9703,19.834859137591003,19.83535,train
5869,12.42295064950143,12.36621,train
3463,2.9835982139314385,2.8385177,train
1155,1.7915400832088608,1.7913594,train
711,6.985225269276253,6.9514413,train
6947,1.5963045277111108,1.5328656,train
18009,20.30816980653392,20.334467,train
1671,7.555248433422394,7.6073437,train
10182,9.26937105600024,9.246089,train
4865,18.615678337622963,18.586882,train
9808,7.168052358839455,7.1598067,train
31,16.922174030149172,16.990643,train
1477,8.53626444726175,8.652425,train
6277,10.566030585256192,10.688586,train
3740,14.561874193835598,14.550489,train
12381,1.6041923330032517,1.5704852,train
3039,6.909750903024507,6.9410954,train
1456,10.899030523489085,10.9135475,train
17419,21.114659388127816,21.132162,train
1569,20.05261974632998,20.064455,train
6054,12.282752023944871,12.230238,train
11174,6.981364400488388,7.0659084,train
19014,13.622906559392163,13.568417,train
7036,13.14774123521145,13.242705,train
10543,11.365773141067478,11.397299,train
10063,0.7310596482301177,0.7551542,train
3866,1.3380776236484986,1.3355411,train
18432,13.962969287083396,13.984914,train
1322,3.990002399500396,4.0213165,train
639,15.561150477810054,15.496656,train
13274,10.1874872660039,10.149206,train
1551,1.213792791782446,1.2126256,train
17576,2.0126976693058705,1.9806964,train
14104,2.736495599286565,2.7093573,train
12091,10.04574558390432,10.008625,train
16355,6.88436903248596,6.9015527,train
8489,3.8879981972830895,3.9229555,train
13652,10.31088862765066,10.23883,train
5173,4.203802396821137,4.1598163,train
2026,13.143423136325332,13.032389,train
14808,10.088570652216774,10.071004,train
14594,11.444791504605538,11.46593,train
7816,12.287798266674946,12.343292,train
12200,0.3820662446055466,0.39706975,train
9169,11.655683874833874,11.721653,train
19086,5.882967572686451,5.986073,train
11863,16.7550209608773,16.770466,train
3352,15.261846095480928,15.205649,train
3325,18.55380241462364,18.600147,train
18701,6.850917459722575,6.86757,train
3253,4.528024995503671,4.4808707,train
16584,4.397916404423419,4.367284,train
11796,2.145513693736444,2.152105,train
139,5.059646599562607,4.9714665,train
14196,14.446863404802205,14.48965,train
5470,12.477467869750033,12.412717,train
4711,13.191941154618569,13.142355,train
13064,12.96823717747115,13.001525,train
7582,14.358127924984554,14.357243,train
8750,14.961297763098337,14.966275,train
11457,17.5276546973983,17.510866,train
5629,18.645176207365903,18.672468,train
9677,0.6724666125375933,0.6972929,train
9166,11.400055503816787,11.385349,train
6079,9.973354492339189,10.150164,train
14016,12.003980068633968,12.232293,train
18504,6.959628840311261,7.0873456,train
6488,9.479556455427597,9.504796,train
11733,8.348818770174582,8.38258,train
3602,8.094002102126142,7.99442,train
13752,0.8645077626916673,0.8978212,train
6812,16.335386674724276,16.34264,train
4921,11.62811130336601,11.538298,train
17030,22.04284044759556,22.094246,train
3175,13.049056419340292,12.961159,train
14406,12.030743300548258,12.072586,train
2809,11.873898732305934,11.96878,train
6582,0.6292752908680749,0.61829555,train
12069,13.250852745441598,13.324425,train
12955,3.747498541774162,3.7967165,train
2563,18.729688236671784,18.778748,train
4007,6.036146135618153,6.041168,train
13860,8.533635925528575,8.508537,train
13966,17.42007870143478,17.411497,train
7647,8.421757499649905,8.405629,train
7398,17.002115970690795,17.032034,train
2041,11.529816250553532,11.475113,train
18669,10.424448592608696,10.398397,train
9071,2.212471674327789,2.231051,train
16545,8.307998200439561,8.457991,train
3977,9.478459362560118,9.519325,train
16001,5.077067814489306,5.0267506,train
13744,1.4296750494932584,1.4791458,train
18207,20.62724331113084,20.557781,train
18222,17.234904903040523,17.190945,train
17163,5.402209284264941,5.3420496,train
3706,16.11953339773959,16.31114,train
5283,14.097706832103704,14.06202,train
769,1.3116033857988183,1.2722826,train
13188,19.531553867325044,19.534042,train
6053,12.439678039039132,12.547884,train
16505,12.621793984977469,12.582249,train
2539,22.20193544562488,22.187063,train
9572,11.605019289843398,11.66514,train
18879,8.360750360723962,8.345529,train
2063,8.93612957424978,8.9159155,train
13947,21.70128946163532,21.735388,train
8951,14.340184774444555,14.354011,train
14736,19.71467596998679,19.719881,train
6211,18.28444823715682,18.382708,train
15312,18.43054758684129,18.452238,train
5028,21.617279363746075,21.61153,train
1648,10.679921050705875,10.538386,train
7003,14.950071640137272,14.98252,train
9719,18.06056128105294,18.04659,train
18998,14.139922558501162,14.117432,train
14838,6.692675143078062,6.7140284,train
15412,5.979853179925052,6.029287,train
13584,17.737178928426484,17.776983,train
6118,5.78847530196652,5.949943,train
13615,15.745598398495382,15.791497,train
3751,13.035782500132273,13.039023,train
4170,9.122820457588276,9.113819,train
13810,14.239992008211342,14.201742,train
17455,13.5563051287243,13.586771,train
14589,13.13443449047307,13.052116,train
11717,10.445147258511495,10.470251,train
13600,16.710892184418448,16.625067,train
19196,15.587392568223494,15.66201,train
11070,18.95472875440892,18.947474,train
18022,18.21394062985137,18.196474,train
3373,12.737635171834844,12.750214,train
14368,16.923558944523695,16.96258,train
16424,0.9467837434635832,0.87316376,train
14921,19.420846949992843,19.471672,train
5784,1.7824809269102126,1.7702247,train
18624,16.68048907612247,16.698053,train
6929,3.012510197795988,3.0291889,train
5362,4.964024281370906,4.9563293,train
12670,12.665139471882666,12.670502,train
15238,4.778473909892384,4.7709093,train
434,14.545194561365204,14.613408,train
1147,2.491114168150667,2.4896374,train
637,15.323028823648116,15.436989,train
18161,2.85765554834054,2.7933362,train
3013,9.322378338102125,9.227181,train
5762,3.60188238928411,3.5912092,train
18916,4.623750449602417,4.6004105,train
4637,1.2850237441738497,1.2674655,train
7278,8.171640718892728,8.148565,train
15053,4.497556526551242,4.535678,train
7418,14.423931945065975,14.424008,train
17261,16.34525188846164,16.326954,train
18954,1.1800584345410383,1.1631165,train
11387,4.376095915010201,4.3742766,train
18135,5.474584590040601,5.4621987,train
9024,6.969560352331591,7.0457735,train
397,18.01287310078596,17.913603,train
916,5.673256236868446,5.6647105,train
14887,1.868922809094578,1.8051362,train
14885,2.030707910858119,2.0995393,train
19334,1.7820191756579689,1.7969484,train
1002,17.918115277985724,17.97162,train
10502,15.78864157367954,15.721448,train
15498,18.8279542941794,18.938248,train
3213,8.78598923940684,8.782673,train
5089,13.698842719898124,13.77143,train
10563,9.233076695715248,9.194903,train
15936,12.583116796268904,12.6614685,train
5542,4.83800193051297,4.9981375,train
7309,4.833600945179125,4.8477583,train
9160,12.57358086490433,12.494424,train
485,9.037500483264155,9.095116,train
3957,11.915630658974152,11.981733,train
7452,10.573251918064615,10.559727,train
5472,11.852434668040994,11.919525,train
17953,3.930154266424458,3.9406607,train
10784,6.691203897670501,6.647667,train
12179,1.787442675438724,1.8206091,train
13990,15.147545860610384,15.171033,train
5372,3.966153225677875,3.9665112,train
8101,3.815512360556757,3.7261066,train
10057,1.1128398034895155,1.0873649,train
15703,18.03320815362344,17.987947,train
13330,4.140478628085657,4.131643,train
4002,6.326246736100186,6.2866426,train
14066,6.172635538799748,6.2791457,train
1820,13.1859451829588,13.168792,train
3377,12.009292743713036,12.083266,train
10949,11.30572134424605,11.270725,train
6117,5.9436912826918205,6.053675,train
13759,20.32115421413454,20.198597,train
9850,2.948144867184371,2.9213529,train
3104,0.8213114962137242,0.8092342,train
16133,9.812697440193418,9.791341,train
1394,18.445048977400766,18.493095,train
2617,12.197278689599589,12.077151,train
6349,2.871548923562711,2.9494424,train
16370,6.072270056909034,5.989452,train
16909,11.88269370857903,11.960872,train
2446,8.797660150116586,8.698649,train
13287,8.56780088118312,8.560712,train
15484,21.37800672902813,21.267342,train
3673,1.3903691211129328,1.4225605,train
2533,0.5605443016014708,0.56461674,train
8574,15.17502627225393,15.185773,train
23,17.441697799365258,17.551134,train
10687,17.308928762274302,17.287378,train
15572,10.521226382683182,10.38416,train
3079,2.793776478796392,2.7233253,train
3441,4.979029684385134,5.1066055,train
15109,20.118184218319808,20.146505,train
7511,3.9999669875759,3.9823844,train
18448,12.54841164939578,12.552591,train
6237,15.489468356657792,15.403349,train
3826,4.591421028437259,4.6723123,train
2025,13.306096401540028,13.284142,train
8185,16.469809639536518,16.47114,train
6135,3.981166165064062,3.9343457,train
2322,1.7575892885514506,1.7090615,train
16798,2.845226042973618,2.9770193,train
13914,3.0088192279356343,3.0526729,train
15621,4.946093284615828,4.834284,train
18103,8.761357402708027,8.665929,train
16035,2.0195177053496374,2.0218859,train
16246,0.2568325770721216,0.30348253,train
17241,18.8615793286609,18.908794,train
10474,18.39759454040067,18.115683,train
13884,5.815391363429385,5.8710585,train
17815,19.88002231455969,20.030624,train
12015,18.543301003569912,18.489252,train
8623,9.463089031625804,9.41781,train
17031,21.60435829099468,21.624891,train
17844,16.336436757185936,16.251064,train
1242,12.937613007274717,13.003301,train
5512,7.766193478703622,7.8402953,train
3676,1.1300351650859988,1.225274,train
16238,0.4701373166235115,0.47911623,train
11624,21.878649766546843,21.966589,train
1676,6.752151601602373,6.6239448,train
2357,19.285609633119485,19.227703,train
14003,13.19950514262954,13.2177105,train
6687,9.222890269927674,9.24319,train
922,4.900527202652891,4.8506002,train
2147,0.9875467798424152,0.97752774,train
9003,9.48038914675439,9.47353,train
13351,2.104811816880612,2.1029942,train
210,21.07501043774929,21.00201,train
1219,15.64517932620025,15.682095,train
1861,8.525204975803446,8.5268545,train
1284,8.18133556527841,8.168257,train
2243,9.621457267110454,9.548457,train
6762,1.6115556678448155,1.6286638,train
10576,8.121113102690787,8.138157,train
16817,1.3706832176628705,1.445514,train
11617,0.9256722451280536,0.90338576,train
1283,8.203516603341626,8.202879,train
6070,10.861977635404587,10.951222,train
17456,13.327500840426342,13.280935,train
8806,9.759401866620104,9.809912,train
18361,2.5466688085535254,2.518476,train
6849,10.54320326400726,10.57235,train
698,8.367932198535211,8.257879,train
10798,5.0150101430785385,5.1193438,train
8319,1.87162685412136,1.868672,train
13637,12.662572247585526,12.647893,train
16211,2.495258592199969,2.5446222,train
19063,8.646939412578693,8.616627,train
6021,16.203595616528112,16.233606,train
9880,18.881911634886865,18.840906,train
2440,9.28614619187491,9.379664,train
1204,17.84365847509761,17.806862,train
4430,1.821548209378996,1.800006,train
10078,22.318183830500896,22.324816,train
16342,8.68783937227383,8.680094,train
303,9.477519489088586,9.488561,train
12697,9.038481536616867,9.101744,train
18575,0.4778561892682297,0.4770664,train
3360,14.22712993617445,14.1242695,train
17414,17.773414427972632,17.865582,train
11923,9.332575450901563,9.301136,train
2363,18.535113324288687,18.459915,train
7854,8.144515625234018,8.101429,train
1390,19.305945028062656,19.34163,train
8714,21.65889039702969,21.672691,train
13285,8.879148541148492,8.899609,train
12470,13.975133920958662,14.031404,train
10648,1.129156512104048,1.1322815,train
4396,5.012493154144295,5.1684313,train
3732,14.92322370285722,14.864833,train
970,0.654644456980905,0.62276846,train
14159,18.546712943959346,18.548239,train
9975,8.042584101391032,8.003984,train
15807,5.704654725460337,5.754424,train
8732,15.993418020211564,16.033188,train
12943,4.884924002395814,4.8905077,train
4265,17.904855565064793,18.074198,train
7747,20.33381043248142,20.378782,train
7839,9.561827297417167,9.615926,train
2176,16.867154500055207,16.972982,train
2348,21.1307253835629,21.194563,train
701,8.09096042252088,8.066553,train
13352,2.047100889439861,2.0685105,train
7050,10.164686634913958,10.163533,train
15890,18.13041658471234,18.183311,train
17538,6.0118939118793415,5.89916,train
11194,4.872192716928801,4.91679,train
4532,12.07537051138586,12.082093,train
8859,4.004710248341672,3.9916003,train
17703,10.59030126308163,10.608093,train
1324,3.9596036885943247,3.994805,train
3015,8.834843027828645,8.720924,train
3263,3.561560082898328,3.5252256,train
14695,1.984604461605768,2.0553193,train
7325,3.4734936134889702,3.4876764,train
12333,5.765986435857896,5.6433997,train
12180,1.6982412359474937,1.7253462,train
10455,0.3928080549037366,0.34994197,train
6784,20.0173346427762,20.032488,train
16611,1.9662128274800044,1.9408079,train
11991,2.332325517476048,2.3580246,train
14344,20.16175583216721,20.03423,train
3888,20.64894352951694,20.641855,train
18931,3.1507547685336124,3.1052153,train
13777,18.867780753653182,18.86326,train
1435,13.380979609601017,13.340529,train
10071,0.2923271315841176,0.27563307,train
15975,8.025151478278172,7.969655,train
8869,3.105349776659687,3.2054107,train
12002,1.2825107820216586,1.2431902,train
4580,6.742417274216667,6.754821,train
15356,11.933985954055734,11.909303,train
5833,15.953021123221848,16.03919,train
9855,2.749740918856615,2.7436264,train
18014,18.821727470729414,18.875751,train
7762,17.85324910379256,17.84631,train
5955,3.15903879697306,3.2436,train
10911,15.870774434379047,15.941087,train
13840,10.78161318569868,10.779436,train
17020,0.3344345738207096,0.3307162,train
11019,3.749553546510416,3.793321,train
2371,17.560808770657562,17.576256,train
881,9.313550897206504,9.417074,train
9619,6.082477481179792,6.348843,train
13234,14.973492813508075,14.960523,train
3490,0.6516905042920923,0.69586414,train
6242,14.537017608939568,14.588864,train
13256,12.128359952211431,12.201185,train
14515,1.2991463755978154,1.2876109,train
7929,1.0285210518594057,1.0525031,train
10317,14.177774787820548,14.348302,train
15149,15.034686253500986,14.987074,train
17316,9.31469059270384,9.327747,train
9251,2.818775156161258,2.799419,train
8765,14.802469774359745,14.774596,train
12727,6.063523486671359,6.0943646,train
8603,11.904090062548407,11.876334,train
6815,15.042024960106106,15.016912,train
9097,20.179839501769468,20.115715,train
14719,20.749712283813142,20.628454,train
19306,4.2218987645324,4.202851,train
3926,14.25515766013147,14.302919,train
17544,4.827193751104788,4.8893585,train
16069,19.74383917678251,19.725496,train
3880,21.020329083643688,21.093603,train
15293,19.06481619447901,19.142015,train
16519,11.955771267902342,11.914758,train
7335,2.582405531633804,2.593126,train
17596,0.6714533145898922,0.68948114,train
6430,16.72633711465375,16.832855,train
13480,7.632479504428265,7.613982,train
18803,18.40488603667255,18.420588,train
6611,17.199514748395753,17.157726,train
3457,3.129159075961312,3.1799107,train
12085,9.989777284192924,9.966021,train
18807,16.875630563276815,16.812098,train
11427,0.9646109364663332,0.9779562,train
12984,1.206417011701283,1.1922275,train
9208,7.238840419909516,7.17217,train
1891,5.440185788984222,5.4388795,train
433,14.782019155562438,14.838155,train
16793,3.3597060217398136,3.2768261,train
9998,6.581655727736512,6.5078073,train
17754,4.973090663069599,4.971033,train
16542,8.794660708075268,8.818796,train
6043,13.541608333993072,13.563892,train
7505,4.922666991305413,4.94008,train
13868,7.765546434708634,7.80089,train
15549,12.913100735344711,13.083778,train
6772,0.9040845963182332,0.8958539,train
12228,18.12231539543416,18.145649,train
18904,5.920481834807697,5.9373884,train
13220,15.666951748092906,15.747815,train
18623,17.066954566690093,17.071405,train
1819,13.690849534377652,13.641952,train
15354,12.348350195259911,12.412804,train
11956,5.585414792859671,5.635949,train
4713,12.724294380497025,12.767192,train
12788,0.623894703847668,0.6453186,train
1766,17.234729152952298,17.126781,train
11700,12.7177810138175,12.588916,train
3140,17.866164571140676,17.84309,train
18755,1.8984750215809552,1.8853776,train
15335,14.428116337940684,14.474933,train
4571,7.698247838289412,7.6948028,train
5051,18.000109611483513,17.961632,train
2831,9.34670115971398,9.405895,train
10127,15.72126409912592,15.705475,train
10760,8.626813103994442,8.65443,train
13228,15.107023956693505,15.164466,train
12402,0.2964441671647378,0.31673807,train
3097,1.289693705723873,1.3129221,train
16961,5.604333819789995,5.5586724,train
15733,14.18375281189419,14.216457,train
10556,10.430923411866653,10.395087,train
16784,4.18447804543189,4.1486244,train
15468,1.0415122015069238,1.0462171,train
10978,7.953301563918344,7.986508,train
13027,17.611513486373866,17.634584,train
18296,9.496524063779727,9.606003,train
1761,19.00450524641295,18.968784,train
1796,14.664483527940542,14.705413,train
11960,5.120269073576782,5.1695924,train
10860,0.2845565774892742,0.27510545,train
7802,13.541454912372275,13.517048,train
11484,15.062571000706187,15.066065,train
9401,8.029690715227748,8.046936,train
10439,1.634260638572694,1.6132947,train
9004,9.24968339185492,9.246119,train
2500,2.992453214264107,3.1305585,train
2117,3.397236851445876,3.3998067,train
8520,1.2593277077143177,1.2741486,train
6355,2.56816950463089,2.5376773,train
7416,14.513147390271516,14.468641,train
6951,1.2264490391597616,1.3106714,train
19249,9.693159164583248,9.660847,train
2389,15.473407456584804,15.486008,train
7226,14.48323469248932,14.464311,train
2228,11.90832570998698,11.9491625,train
16585,4.301678754107833,4.281285,train
4399,4.62209166137258,4.6147757,train
1474,8.862463663446164,8.919113,train
8492,3.801479501346829,3.8458931,train
7471,8.272722918423785,8.3103285,train
17560,3.5758578495635622,3.713126,train
19280,6.568920586251195,6.409023,train
11759,5.934613776193655,5.955621,train
17018,0.5929668422379247,0.6341205,train
4452,0.3690165935174717,0.39462116,train
2821,10.512637982858273,10.553341,train
16070,18.212271280211706,18.26405,train
18542,3.04561754684962,2.9471908,train
10985,7.050916361054539,7.0263853,train
8790,10.83924575873259,10.800171,train
1791,16.0259319193174,15.921348,train
14852,4.999903141216119,4.9757366,train
16666,16.284590344639614,16.249933,train
4625,2.45199817824851,2.4704058,train
13341,3.017082710053028,2.9793205,train
11922,9.51232769969065,9.473182,train
11063,20.487613203151625,20.478273,train
3091,1.7390672878428022,1.7175686,train
12681,11.257082042964146,11.154395,train
13084,10.54890760412482,10.524584,train
7101,4.98588021403311,4.989388,train
1198,18.430752570190624,18.428131,train
15695,18.95728176666521,18.962729,train
18105,8.564329786133603,8.529029,train
17127,8.86952358447366,8.8682375,train
6656,13.138074530916487,13.105239,train
11685,14.15787417344533,14.320007,train
17474,11.8309491297221,11.800269,train
8917,18.94666097261175,19.006424,train
9865,1.903444953052823,1.9199945,train
997,17.623941806404034,17.562302,train
418,18.404653256961137,18.417395,train
1275,9.297144420035435,9.181271,train
6583,0.6225871764052785,0.61765206,train
14747,17.89299950043019,17.912752,train
5612,20.20164915562209,20.22069,train
10171,10.493486886156186,10.530242,train
13679,7.593844415642717,7.498676,train
10214,5.863241049854538,5.8718443,train
6806,16.144834564624286,16.136873,train
188,0.9364444986190044,0.86855346,train
2697,3.621079059908749,3.560234,train
14271,5.3301274050107,5.2473044,train
10627,2.832554999591788,2.8929133,train
6311,6.688620064010501,6.7640767,train
10645,1.2622538359632174,1.2275052,train
2258,8.290817468081958,8.310371,train
15409,6.196616854141451,6.224464,train
4951,8.13254869419921,8.149085,train
534,4.153791258355779,3.9819167,train
1865,7.891686080806476,7.933484,train
9198,8.380804058021138,8.273798,train
12947,4.573844870075486,4.580378,train
4058,1.1478591979597468,1.1245973,train
10329,12.322742348207557,12.372026,train
7996,15.341880277543282,15.514313,train
1706,3.8974699951618086,3.7964506,train
18725,4.710206492390437,4.668022,train
3391,10.51461142291376,10.492003,train
6143,3.266672398462982,3.200493,train
4696,15.689273929673051,15.650469,train
14288,3.709227336244503,3.7117782,train
1449,11.826171689447524,11.865426,train
16538,8.987739884746906,8.826918,train
10505,17.07420439001416,17.035788,train
10770,7.638475047840669,7.6957784,train
3288,1.2608571120250676,1.2310925,train
16311,12.491806593174546,12.50659,train
15567,10.972863053595114,11.025154,train
14687,2.731485054446175,2.6286683,train
7849,8.478914428078241,8.613234,train
11038,2.002441633147856,2.0098794,train
1113,5.56257897717241,5.512351,train
13474,8.05081998485167,8.031032,train
17314,9.669656045963622,9.66105,train
8982,10.88555571687064,10.715757,train
15508,17.69439894946757,17.834421,train
14106,2.2047569411425165,2.2968154,train
11222,2.137885960786261,2.1554437,train
8551,15.793782007348378,15.908492,train
10093,20.45618633657894,20.44291,train
8517,1.3031388744894086,1.3111919,train
1282,8.229463950808576,8.259507,train
15156,14.433083083315134,14.28709,train
14418,10.704367236769428,10.704749,train
11209,3.63233119099576,3.569965,train
14124,1.158173589372948,1.1276411,train
9265,1.7589353632831115,1.6846398,train
2975,13.105820923732235,13.046894,train
3451,3.9798427718665934,3.8642664,train
8026,11.680043192726911,11.907516,train
7079,7.297059614591225,7.314832,train
12107,9.109895717086529,9.110087,train
3785,8.658597074488535,8.816722,train
12846,15.880898726961922,15.891258,train
16509,13.206080432863676,13.153369,train
14675,3.603686480537348,3.7277,train
321,7.241748619484369,7.2421713,train
15232,5.430317020058376,5.5437026,train
18227,18.00648504500452,17.994274,train
6348,2.9303242058094843,3.0035005,train
13691,6.20692219937406,6.18652,train
11283,16.67966540330317,16.667992,train
15153,14.166609885902314,14.293364,train
1531,2.8864930315369,2.8834326,train
18073,12.085073546954048,12.151821,train
1833,11.277031386788464,11.152238,train
9550,14.186606702566618,14.143341,train
17690,11.91749861056922,11.88153,train
12053,14.153819501389766,14.153203,train
7709,2.3560121261854983,2.3713648,train
3212,8.928557581380378,8.950436,train
1420,15.42256634925174,15.398405,train
13296,7.628032083253479,7.5596204,train
10679,17.368923010932917,17.293575,train
12684,10.628225825262016,10.625248,train
13082,10.694224616008844,10.67296,train
18086,10.77551058340225,10.682879,train
18228,17.616218383603673,17.604172,train
10950,11.216367711800345,11.222584,train
14967,14.288085909218204,14.384682,train
13152,3.066091687565675,3.092319,train
10005,5.2302001950340165,5.142988,train
9743,14.944726960543813,14.9030485,train
10135,15.12352467400632,15.036592,train
16132,10.042234914459506,10.029485,train
16851,18.763236797267805,18.796556,train
4281,17.032136824425276,17.102148,train
15255,3.285416691446036,3.3505352,train
6777,21.24435392124889,21.23673,train
5238,19.59831785222278,19.613586,train
17700,10.702378086416166,10.693395,train
5837,16.69248724434457,16.699154,train
7201,17.48031996390103,17.482122,train
14447,7.292296688249524,7.2437725,train
17416,16.929627261741363,17.03345,train
5638,17.725296355673283,17.661058,train
1254,11.665666544871945,11.600059,train
17207,1.4216545419544984,1.4539394,train
18366,2.059251304304255,2.0424278,train
6238,15.228271716709138,15.197571,train
16343,8.383501631866135,8.314228,train
10143,14.019177441726615,14.0298815,train
2489,4.001026128445803,4.065102,train
13534,2.481102215521356,2.4407911,train
183,1.1195418021481298,1.0797603,train
5691,11.096057861471904,11.16462,train
16032,2.132078509878119,2.1346846,train
12705,8.337689378198322,8.261037,train
16787,3.822183020614281,3.8607497,train
14906,22.52488980074117,22.516209,train
6478,10.661582371943902,10.733545,train
7331,2.7860635081277274,2.843679,train
18391,18.84074582416381,18.891888,train
7343,1.842870399516425,1.8412931,train
4678,17.66746389264668,17.645948,train
14807,10.351183955412338,10.3631,train
9630,4.996573213423804,5.2347364,train
4508,15.290055012794786,15.346062,train
1491,6.943248887631285,6.977417,train
12103,8.543717106443875,8.529442,train
10647,1.1714310632886724,1.1589005,train
16926,8.716366451872531,8.753586,train
10548,11.090529822768678,11.11998,train
10998,5.796444716117781,5.829893,train
17451,15.019458184663716,15.034976,train
13485,7.267619489950741,7.367156,train
7943,22.534614620537297,22.597084,train
18730,4.082165198789959,4.096353,train
10632,2.4956855562463827,2.4652538,train
15400,7.087487620817992,7.1434937,train
1930,1.8848179832319985,1.8954298,train
6907,4.993868836959278,5.0193095,train
15559,11.789279621181494,11.892206,train
2450,8.153618123385753,8.312582,train
7026,14.425535866395654,14.275716,train
18888,7.462025401109883,7.3792458,train
3672,1.4812182624032224,1.4868284,train
13315,5.634822155514051,5.6493297,train
17317,9.14369723158008,9.22145,train
7520,3.0610838594968106,3.0574124,train
10717,13.35788788449696,13.5188465,train
7037,12.383567185457798,12.468529,train
1490,7.035697550902557,7.0325184,train
8031,11.360956360368236,11.316678,train
2688,4.071750336548683,4.0445323,train
17093,13.271274719278797,13.235141,train
17971,2.1506944742836884,2.2301562,train
17989,0.6620004717094327,0.6835434,train
18924,3.849529483933845,3.825601,train
2755,18.861661040146927,18.860325,train
5743,5.471460890521613,5.4406137,train
3991,7.556050217735114,7.508177,train
7790,14.925118236255514,14.897447,train
314,8.294952606244204,8.321587,train
12384,1.378639285041482,1.3391806,train
15551,13.146480531709033,13.001567,train
4700,14.616398234476469,14.619777,train
328,7.077481890031376,7.1164393,train
1061,11.293254863181184,11.397786,train
11784,3.0730893501766925,3.0446699,train
14289,3.5998461541018365,3.5112236,train
4849,20.7019992304571,20.612965,train
15809,5.583440832312985,5.62451,train
7208,16.73939299870336,16.734127,train
757,2.6901199614829383,2.7278876,train
5274,15.284956400807374,15.291456,train
2403,13.648015221984348,13.59417,train
18610,16.622026089817158,16.60065,train
11277,16.545430526737952,16.55702,train
9567,12.004274983557698,12.016554,train
16345,7.880442843186309,7.8985934,train
7927,1.10908045045988,1.127199,train
18971,16.19940818774819,16.266645,train
450,13.533067236674452,13.468307,train
3527,18.367190137478005,18.357548,train
1749,0.4130089279480662,0.4044318,train
7985,16.73180339229265,16.769947,train
13888,5.601958946298758,5.6184144,train
18853,11.932118182689464,11.96113,train
10335,13.153352730550257,13.193695,train
13445,11.998553777006595,12.002953,train
14495,2.950067290906725,2.9815125,train
15669,1.0102528422058523,1.0472121,train
11494,13.829408427846923,13.850104,train
14397,13.196970396967624,13.149396,train
1862,8.330813746098046,8.278747,train
9811,6.956965342243531,6.9950547,train
10291,16.0722596558891,16.065264,train
12206,22.481599686081264,22.502913,train
13986,15.024429381352377,15.039482,train
10112,17.916430578683286,17.96435,train
635,15.696919467718718,15.7211,train
6708,6.77485718912305,6.7888784,train
12639,15.060436873574188,15.030065,train
2246,9.030963813929642,9.115589,train
6866,9.126154768061662,9.1335125,train
16978,3.469616118833692,3.60627,train
2310,2.765482431900431,2.7555366,train
7780,16.002575314588764,16.016754,train
1506,5.46012032529094,5.4747086,train
17570,2.6557136726298807,2.6724653,train
18214,17.472014209637226,17.412952,train
8793,11.847268361847314,11.894316,train
8510,2.04958438021877,2.098747,train
10265,1.2390082471954091,1.2512529,train
17553,4.048647159329182,4.070149,train
14761,15.021643255001266,14.995627,train
11066,19.49546446538244,19.514357,train
16300,12.404000914463978,12.387792,train
2786,15.103875333102394,14.96443,train
9425,5.542006631875391,5.5043106,train
12520,8.105118481694504,8.133729,train
2476,5.602089663576278,5.530693,train
10517,14.869313701458768,14.887567,train
19176,17.54102303361916,17.53694,train
3152,16.096682439665994,16.086891,train
838,14.505138156411617,14.482868,train
18330,5.505859224945672,5.461654,train
19295,5.329366681810413,5.3905745,train
1440,12.914663743201826,12.8990345,train
11727,9.289208896185333,9.288261,train
6798,16.44418716209093,16.407806,train
9164,11.744474237033376,11.713039,train
6286,9.540115445895836,9.636906,train
4494,16.474609784984214,16.4767,train
13254,12.548972524163023,12.567658,train
15261,2.650033486605459,2.7092278,train
1243,12.901172716004998,12.971558,train
5812,18.506454258951216,18.463688,train
8525,20.52056113117223,20.493427,train
1292,7.116153632219439,7.1509295,train
9961,9.880116349835724,9.881165,train
10010,5.120796379084694,5.1735983,train
11398,3.34259325195211,3.33504,train
11284,16.345344609031216,16.317863,train
15023,7.569060959788531,7.544184,train
10067,0.4307660208936274,0.38587064,train
2178,18.388220986903164,18.405638,train
11957,5.465976624734637,5.47529,train
14102,2.828040823358345,2.799499,train
1163,1.1354010619121058,1.1331964,train
3254,4.434567802461777,4.366987,train
9036,5.560870787460195,5.5216293,train
6181,0.4151513110445806,0.41541097,train
17362,4.5824281646220255,4.5739174,train
8647,6.216542404499072,6.2781124,train
9681,0.6358717533147137,0.6393149,train
8241,9.669468250990215,9.629644,train
1946,0.8609836508479307,0.88352054,train
18145,4.502306771635253,4.449571,train
14891,1.5756371539714389,1.5655947,train
2602,13.92409474544459,13.980645,train
9704,19.634973450242327,19.667881,train
5243,19.1965106777696,19.216461,train
7914,2.054195775718659,2.20149,train
5913,7.2293187278584305,7.268683,train
16181,5.21221083523636,5.209568,train
9785,10.001944372862503,9.958152,train
6077,10.463087877665918,10.407662,train
17832,17.812867301456514,17.793653,train
5311,10.556596609354372,10.5278635,train
14696,1.924479991548917,1.8315002,train
16608,2.333744548387536,2.2760358,train
11108,14.543120275399778,14.581754,train
13443,11.301183583621876,11.255853,train
12725,6.303473187027407,6.288915,train
16254,16.339845094064472,16.768024,train
17036,19.59389270535817,19.659409,train
3935,13.344463338050373,13.334041,train
14978,12.85867309596004,12.833071,train
927,4.619032596876992,4.645951,train
4346,10.721480436251806,10.612076,train
7632,9.22926579362632,9.293573,train
13957,18.784942832992726,18.769499,train
4065,0.8128239837764679,0.833989,train
12796,0.4323296904938292,0.3832888,train
18082,11.09160149176763,10.9998865,train
16566,6.139799328763936,6.1832066,train
1295,7.0545411176348205,7.0297656,train
5710,8.966393528292562,8.999605,train
3774,9.941535378377427,9.955252,train
3665,1.9219384539223143,1.9854636,train
2028,13.207427686718312,13.268888,train
5950,3.537596957509346,3.5519176,train
3155,15.385590293180996,15.493572,train
18197,21.94860129223532,21.993849,train
15594,7.950130866225546,7.889604,train
8840,5.753690589700954,5.755725,train
6356,2.1442329153715463,2.1615584,train
6420,18.008001410418718,18.0331,train
7543,1.3242137385987638,1.3332196,train
14934,17.39468710919989,17.436008,train
9093,22.527486746775388,22.538044,train
2497,3.612409734582731,3.5176609,train
4433,1.643809508103749,1.6250689,train
15222,6.461649042389708,6.4960055,train
15566,11.123623771615462,11.1365795,train
13672,8.132782208345981,8.091878,train
6825,13.935354187054672,13.966198,train
4856,19.783233672589343,19.783794,train
18021,18.47542839283528,18.534885,train
6262,12.177119636220942,12.247569,train
11932,8.341830709698014,8.255878,train
8399,14.046356051235142,14.063432,train
17303,11.001015387076675,11.047848,train
15799,6.622808279514147,6.599097,train
4668,18.940813610997413,18.975155,train
9735,15.87613786577586,15.893317,train
4122,14.624807018525235,14.682837,train
3132,18.57317455500093,18.523052,train
13797,16.35774138895119,16.326864,train
18250,14.491029119974534,14.446411,train
1019,16.665958714813456,16.684454,train
14917,20.78339499794149,20.767765,train
9374,11.05029974664436,11.045486,train
780,21.87665168611679,21.947905,train
1142,2.7912729548480923,2.8715324,train
7432,13.000787831403676,13.052729,train
10541,11.633235128455096,11.664446,train
16975,3.927532088691109,3.9117227,train
15614,5.768770885432302,5.7621737,train
13454,10.068161160990464,10.09356,train
8305,2.910157620727942,2.8953369,train
5224,21.739610727232886,21.710188,train
18392,17.8227684996588,17.725933,train
9306,19.210125171231205,19.022243,train
798,19.728618596629683,19.7573,train
12619,19.425970519625224,19.36893,train
1179,20.856872822968725,20.882233,train
18897,6.555430691349913,6.5372252,train
326,7.1241427376540685,7.1752143,train
8725,19.68992088489606,19.61861,train
11795,2.1619559391292347,2.1538515,train
14097,3.064345292983196,3.1219494,train
4802,3.443707222409884,3.5013669,train
17876,12.552041427380844,12.506762,train
6631,15.024526458687951,14.909287,train
1733,1.6439866675188874,1.6547856,train
1716,3.0243523357409026,3.0758495,train
14825,7.444216928868118,7.539343,train
17599,0.3479715002363564,0.33620176,train
1268,9.577493452154252,9.617539,train
9835,4.628105114713753,4.640937,train
6853,10.889767365661935,10.875623,train
207,22.00803782729727,21.985096,train
17673,14.269972182263569,14.306036,train
4631,1.873947364068102,1.8625973,train
16482,15.57917620565973,15.604688,train
8991,9.963954990106735,9.775356,train
1994,17.08260354055235,17.046408,train
11799,2.104364835740012,2.1078317,train
9478,0.650203110193379,0.64446884,train
1892,5.301327654429158,5.4220014,train
10294,15.200712586228583,15.295994,train
4955,7.92155553536165,7.926667,train
2419,11.783294564528964,11.829859,train
1293,7.092657410297612,7.0994415,train
14867,3.718451208138035,3.6365452,train
3470,2.1650034837768204,2.2108293,train
11028,2.8649706584594323,2.8896182,train
9243,3.5761663730133666,3.6141815,train
17013,0.8799984140394468,0.86556506,train
3024,8.016853315472185,7.946913,train
4225,3.4634041269528777,3.42479,train
12921,7.223267686239343,7.2127686,train
78,11.135631543172382,11.163737,train
8220,12.001382670381412,11.839968,train
6670,10.821486123606377,10.794619,train
11838,19.050500119522795,19.00613,train
3505,17.69027722020794,17.720976,train
2750,19.30138336573616,19.399788,train
4274,17.322669263312626,17.484879,train
11017,3.835562095869941,3.858911,train
15795,6.90224789261066,6.89075,train
3688,21.791452601795736,21.814093,train
3571,11.73384301907618,11.685237,train
2279,5.884260079385166,5.8879447,train
18040,16.083265186541315,16.150114,train
12374,2.113033275462982,2.106984,train
14538,19.50846937224512,19.505991,train
1881,6.445527807878732,6.396336,train
2649,8.308945999483683,8.312587,train
10144,13.95021224095204,13.94349,train
1388,19.768198776740128,19.747444,train
4181,7.873358731145778,7.862044,train
11762,5.113669438706358,5.1232986,train
9282,0.4982742483633977,0.50356376,train
11972,3.9983687322026897,3.9265435,train
3310,20.61031543797617,20.617195,train
15486,20.6540712104816,20.658646,train
2615,12.370289417983477,12.34275,train
12730,5.891436234757853,5.8898935,train
15252,3.4874525629846564,3.5088775,train
2799,13.103971943256736,13.243168,train
9879,19.76719310821436,19.740917,train
16786,3.9398567064386647,3.9103577,train
1109,6.0154343414507485,6.003656,train
2095,5.489123815795678,5.45985,train
10976,8.094132638094447,8.094198,train
8849,4.946795336086487,4.988075,train
8861,3.749302636841472,3.8569968,train
12723,6.55382542722502,6.5548034,train
16365,5.909232196476242,5.902758,train
14549,17.7110188515274,17.676096,train
4448,0.4414522656444686,0.43763843,train
13968,18.44364156208859,18.511992,train
16557,7.039818695670757,7.0180917,train
173,1.8670504802634909,1.9065263,train
17448,17.051315232300446,17.047035,train
1096,7.282577312644213,7.223564,train
17064,16.618002774606985,16.517076,train
13773,17.551101398918714,17.47296,train
1745,0.8396464602950083,0.8531265,train
13554,1.0035689242993415,0.9698769,train
11074,18.807246941753004,18.877079,train
4236,2.530620541863727,2.5670643,train
1447,11.918740355475016,11.897786,train
9600,8.23984120397313,8.308249,train
4107,17.080977064954602,17.04775,train
17723,8.25746591734257,8.257168,train
3384,11.475802127148226,11.4376545,train
3945,12.227707058834644,12.200916,train
8277,5.720998990733192,5.7917695,train
18976,17.006515369353117,17.040035,train
11931,8.045133326247122,8.087709,train
1373,21.180663277250744,21.249851,train
3256,4.24983508806429,4.2453275,train
16288,14.073319818268232,14.103696,train
16005,4.817279159415374,4.82231,train
2605,13.558114548461493,13.581246,train
4706,14.394722466387403,14.278916,train
5480,11.407781713774725,11.378113,train
11895,12.513506922372844,12.476596,train
17715,9.342533211169112,9.378958,train
4429,1.886015886910141,1.9634516,train
7200,17.66262904439416,17.60142,train
10117,17.02534675649594,17.039019,train
7746,20.853206122237854,20.82321,train
8749,15.371983902949037,15.373432,train
1171,21.877092416786848,21.87988,train
5177,3.880977719537593,3.857978,train
18071,12.372340107726655,12.354261,train
8907,20.08095436320844,20.112171,train
726,5.566814160295888,5.702376,train
10503,15.62201806481311,15.570872,train
5138,8.007700129137891,8.0037365,train
11961,5.008722712122,5.0922074,train
3870,1.0215540794671776,0.9976363,train
15874,20.52479234929445,20.4491,train
1214,16.581307457414443,16.608456,train
14250,7.602312844981936,7.5277724,train
13572,19.66536693154233,19.66126,train
6847,10.985146654817664,10.973229,train
9933,12.341355488391551,12.454005,train
11802,1.394883351381691,1.4144987,train
10453,0.725404165871776,0.7335424,train
3531,16.397616141742226,16.303902,train
11091,16.59650689231256,16.47314,train
6078,10.212090092294872,10.285458,train
5328,8.352272048713973,8.349044,train
6498,8.324027136106364,8.377496,train
17421,18.96484902463604,18.880217,train
2674,5.747892964133723,5.81725,train
15977,7.846492555213729,7.859648,train
5661,14.580331101016393,14.664613,train
17233,19.21576882625752,19.138851,train
14028,10.507590992709504,10.539867,train
17274,14.24077703113898,14.253327,train
11538,8.277739994093526,8.2519045,train
16164,6.685557881104888,6.6738224,train
14475,4.864516588573731,4.845381,train
9891,17.29235274430206,17.269827,train
3125,18.86146404735868,18.984495,train
9308,19.72720812329776,19.683475,train
5736,6.117817210060863,6.0787916,train
8318,1.9080357912433696,1.8907478,train
10062,0.7869904176422026,0.8008943,train
12112,7.778160608186632,7.7350016,train
10523,13.510199343332856,13.438476,train
10390,5.948290426878,6.0009174,train
16591,3.763995415818568,3.84321,train
8190,15.452437958620129,15.4510765,train
470,11.208440037331362,11.158633,train
15178,11.544433854472242,11.516361,train
2747,20.01403214437333,19.912117,train
7070,8.104343968955241,8.117636,train
8295,3.856768563152481,3.8700538,train
10193,8.081674520489786,8.057863,train
9683,0.618884098556691,0.5934051,train
12935,5.752176394945711,5.7733502,train
8274,5.991258816374277,5.961816,train
3986,7.742620964197483,7.783192,train
6312,6.602279926337668,6.642426,train
11914,10.326150390464056,10.352572,train
9818,6.069704942573873,6.051457,train
4743,9.428148439399546,9.4930105,train
16569,6.099736951513813,6.001513,train
11693,13.12046207997436,13.110576,train
5257,17.02960779009761,17.037766,train
19018,12.312252609343396,12.293305,train
1515,4.538804259413719,4.545531,train
17256,15.892563313041414,15.956509,train
85,10.458934584013896,10.445375,train
1885,5.926764646659628,6.0053616,train
14738,18.72138084133105,18.67025,train
19237,11.130251605009123,11.147044,train
13401,16.434174319402167,16.316372,train
13311,6.093145079106174,6.0480337,train
10823,2.8645344903711294,2.8594313,train
4548,10.407462186336042,10.48067,train
1000,18.730616730111773,18.79053,train
18832,13.053604211756555,13.031261,train
7909,2.574187290023813,2.538834,train
4456,22.455600348771338,22.3968,train
16763,6.343929280756998,6.292772,train
8213,13.189962635273854,13.195115,train
12839,16.30169446925606,16.365301,train
13144,3.961585802162823,3.979514,train
10555,10.711057268372016,10.59716,train
12952,3.9495812885553314,3.9392226,train
16271,14.96461890501951,14.934495,train
14459,6.119064549322231,6.065483,train
18263,12.496208984470565,12.550774,train
2995,10.9537682151553,11.0075,train
15090,1.1740821015620062,1.1680244,train
5713,8.62464503093782,8.562463,train
11478,14.951456034321035,15.087409,train
19099,4.54176955708086,4.5560007,train
10496,17.77065053115412,17.679684,train
879,9.50265868716746,9.563833,train
4694,14.659834746377378,14.764021,train
14994,10.716523222907682,10.700882,train
12710,8.052892734548493,8.026039,train
1361,0.6361896433076231,0.65039295,train
15414,5.722886402714565,5.665566,train
737,4.518458287151861,4.633754,train
4554,9.498596506559132,9.515598,train
7528,2.193516219049897,2.2083213,train
18759,1.6161281244147994,1.6287074,train
12564,3.693895636258848,3.663586,train
7538,1.3741709317685786,1.3985358,train
4938,9.450551523298843,9.417267,train
7755,20.30372046354061,20.286413,train
15265,2.4250654646549656,2.4536781,train
7301,5.721419232692807,5.7407055,train
18304,7.98192480352688,7.9548445,train
7164,0.2384783228565686,0.21349256,train
6192,20.61274299380021,20.559427,train
4299,15.661072017685612,15.773405,train
1898,4.976497094815226,4.807776,train
19052,10.154049982292,10.106622,train
11670,16.384494033481214,16.247334,train
7965,19.29202186086773,19.210812,train
5369,4.037674920202686,4.048075,train
6418,18.18800768625087,18.225891,train
9447,3.5004258635026484,3.4577153,train
15945,11.50325221497278,11.434377,train
12357,3.794452054035948,3.9381368,train
16832,20.865699080292725,20.881065,train
9923,13.308081909173866,13.426632,train
7299,5.877339381039596,5.8682632,train
7076,8.272084889028436,8.186401,train
5417,20.00261778323869,19.883307,train
6728,4.671154166327364,4.664522,train
5131,8.61775192921858,8.590594,train
14330,21.91995695334756,21.911924,train
3693,18.591424765649755,18.646059,train
14788,12.47120135931386,12.439369,train
12834,17.598312417335627,17.598377,train
4325,11.972404050295207,11.946823,train
14103,2.7820607105919204,2.765627,train
4242,1.9038670952340733,1.8898463,train
16158,7.891028919079515,7.9588537,train
11510,11.111380328988307,11.098582,train
11407,2.529830399443588,2.472808,train
3863,1.555915510475664,1.5391492,train
16587,4.130903085606806,4.0899973,train
10558,9.963102841631606,10.065037,train
18041,15.87406073279786,15.835975,train
8465,6.074885690768372,6.0352893,train
9044,4.821864279676915,4.823204,train
10094,20.35862661175993,20.414131,train
12429,19.12554439268113,19.11511,train
16188,4.730160272248932,4.7015333,train
13829,12.161477321152589,12.140115,train
1413,16.14751344617213,16.12823,train
6366,1.316099703560852,1.3533124,train
6323,5.494650479833331,5.466842,train
632,16.2660025622141,16.286983,train
14830,7.390404518182447,7.34584,train
1880,6.63442032722256,6.5678077,train
4553,9.634428178307772,9.607971,train
13700,5.334312630799588,5.247632,train
9191,8.927716078074448,8.946219,train
17153,6.441867534127482,6.4203997,train
13172,1.344418864829422,1.3228837,train
51,14.625638411801416,14.709706,train
4847,20.998088235739218,21.044722,train
15311,16.428418743723665,16.451822,train
7273,8.812589783840894,8.818794,train
17881,11.733938423249588,11.646875,train
1935,1.5788829424771154,1.5148486,train
2949,17.86931696715364,17.892721,train
11432,22.47385308533256,22.422262,train
3055,4.826095227022698,4.849079,train
10797,5.15082494366758,5.2798524,train
221,19.663063061988712,19.66019,train
610,19.21723304773468,19.21687,train
7080,7.092166796966436,7.057758,train
8378,16.65031897168115,16.671024,train
11934,8.019326899953173,7.980865,train
6785,19.349361366033463,19.180841,train
15925,13.936219655449593,13.961032,train
19203,15.897059253129578,15.790764,train
152,3.674728573743948,3.7352602,train
16148,8.99702808403208,9.017964,train
5032,20.006964586401622,19.946321,train
9578,10.691922515469397,10.789667,train
11687,14.033084526143227,14.069799,train
7129,2.5324624315962625,2.5322175,train
7526,2.2204221076262645,2.2083213,train
2171,18.604884436025927,18.537003,train
3846,2.8544288191478087,2.9510894,train
1849,10.20981917548398,10.2621,train
7182,19.7678284211328,19.751263,train
12174,2.101366465790768,2.0577679,train
13310,6.067169494982234,6.059432,train
12647,14.651204254514152,14.687682,train
14641,7.0847662445882165,7.0513515,train
10780,6.663575398737614,6.668587,train
8741,15.521342831623658,15.557763,train
16688,13.586843562207658,13.655955,train
2078,7.220983959650367,7.222321,train
10723,13.871964012002165,13.920044,train
13674,7.7640459355608735,7.747982,train
9943,11.361254527467208,11.379414,train
12577,2.2179500930146774,2.19252,train
5265,16.47982797599372,16.455044,train
812,17.617077656316116,17.623388,train
11158,8.831312442683734,8.822022,train
19346,0.9234168728081736,0.90614057,train
7664,7.189887519600102,7.1846275,train
3912,16.528909035154932,16.517862,train
10651,1.0142021213546808,0.9700787,train
13866,8.104432717515968,8.075362,train
14335,21.26961230820516,21.227451,train
7615,12.520767222688866,12.493806,train
8017,12.797470287916898,12.908967,train
10724,13.370234991833998,13.239195,train
1399,18.20610611939561,18.243425,train
8453,7.259025801243034,7.203649,train
7890,4.310280433447479,4.3395586,train
16561,6.81710571588735,6.7897797,train
8905,21.20335564723929,21.200441,train
3815,5.686525782918396,5.7411914,train
11580,3.934555868936208,4.008455,train
15120,18.54124591461894,18.467741,train
7527,2.206847666147662,2.2083213,train
5309,10.64891944892025,10.617899,train
17487,10.24002220463883,10.207225,train
14622,8.934858212120194,8.888757,train
517,5.752177489325532,5.5831113,train
3163,14.64747042289858,14.649715,train
3561,12.89169662927882,12.853936,train
4614,3.3841900326712864,3.4374244,train
4731,10.895403232633806,10.886772,train
8497,2.995488974614484,3.0076427,train
17138,7.614124608832636,7.6520643,train
5249,18.195520876347,18.241592,train
18281,10.7566895727783,10.667149,train
7644,9.51147848200648,9.5919895,train
90,10.356539183555258,10.383745,train
7170,21.46943793956323,21.49508,train
19027,11.590729665609238,11.6487255,train
1806,13.720364906002372,13.777481,train
3221,7.935283517304411,7.9685664,train
13323,4.818644345803324,4.812126,train
15916,15.035089984024976,15.032364,train
8946,15.834794596923464,15.862105,train
4770,6.623259487643474,6.558989,train
15842,2.0913791168601463,2.0384843,train
12859,14.072869252044026,14.10774,train
4159,10.428332318122052,10.535264,train
16977,3.619836525112168,3.662377,train
6547,3.100132646456605,3.0837035,train
17055,17.504698342550867,17.58297,train
9649,3.067207772019505,3.1814573,train
18519,5.129824822873855,5.2186375,train
2710,2.119166835634373,2.141462,train
3295,0.9724151218839312,0.9501957,train
1779,18.34765930070177,18.396553,train
18800,16.875130733007214,16.88595,train
4697,15.418618342872586,15.326762,train
14645,6.325138403877628,6.4568925,train
7971,18.53368210124115,18.353626,train
17575,2.1037956042474386,2.0985754,train
4278,18.48558995703465,18.463037,train
15094,1.0477262582784594,1.0723054,train
7628,10.247748507340653,10.3092,train
18892,6.809807253929741,6.8157988,train
13822,12.583874880543572,12.620838,train
54,13.902393790104476,14.012682,train
10749,9.80178393468646,9.794999,train
11321,11.077899280415563,11.184555,train
9326,16.765462306326608,16.46911,train
3312,20.26007593543528,20.33367,train
19047,9.620449355801195,9.700901,train
16570,5.923842844588302,5.878303,train
14221,10.78272952034367,10.721006,train
13887,5.737427549389805,5.7641253,train
15245,4.199603414166522,4.3222966,train
6710,6.44988507202223,6.4522424,train
3189,11.766418712520355,11.873223,train
9574,11.472174030354743,11.416098,train
10876,20.331571748832047,20.332548,train
4188,7.11748318083936,7.106305,train
2409,12.99715394179679,12.974192,train
2481,4.867350447519442,4.9155703,train
4552,9.77908734773225,9.778959,train
9258,2.148747331888693,2.2492163,train
13937,1.0905687242709887,1.083623,train
2144,1.090016919136356,1.1088253,train
17696,11.673068346142472,11.6585,train
9787,9.551611384906272,9.500613,train
8810,8.764996960979497,8.713503,train
18208,20.14136368804538,20.084469,train
11288,15.094991744617776,15.068989,train
3507,21.09550806048333,21.089163,train
1315,4.941634917517511,4.8824806,train
16177,6.040903839994278,6.033212,train
2480,4.935004961253822,4.900715,train
4877,16.998294612485648,17.014297,train
6684,8.875984431347467,8.867574,train
13695,6.039578448503812,6.056937,train
3220,8.067373771002078,8.06588,train
3347,15.810109612573168,15.838694,train
9871,1.238148809538676,1.2590207,train
6989,15.477134186556205,15.53138,train
8156,19.85131804101869,19.872395,train
11711,11.502189528201122,11.321446,train
3833,4.102330853726684,4.077532,train
6161,1.758086945851045,1.7609569,train
15911,15.775315677196293,15.73817,train
8204,14.22033289079248,14.274148,train
16368,5.39623255724945,5.400607,train
18190,0.5775616231334322,0.591048,train
3260,3.8094935437724575,3.7767193,train
782,21.333091350737664,21.360884,train
2775,16.372848832119068,16.378738,train
12940,5.314982313551244,5.33717,train
14205,12.075739978197658,12.070368,train
407,16.91149318707014,16.805237,train
8132,1.232899871469764,1.2370186,train
8514,1.347669331244182,1.3295951,train
8624,9.148302904915903,9.079607,train
2197,14.29066408800562,14.365,train
6613,16.38915193426677,16.336222,train
14020,11.394095692713984,11.316092,train
6720,5.419180742702268,5.3784566,train
10566,9.26411048404618,9.194079,train
3884,19.328309292345,19.346785,train
6683,9.072203266126454,9.008503,train
527,4.792102339169705,4.7073164,train
18375,1.4675701741795093,1.5145658,train
9080,1.5206780608655293,1.5572579,train
89,10.737119855044895,10.753121,train
16913,10.655166707748274,10.598762,train
4138,13.019474400366176,13.040902,train
2960,16.144553105509335,16.199673,train
949,2.206650426576627,2.1576052,train
8834,6.855648941154862,6.797943,train
7546,22.512755590037283,22.555094,train
11238,1.153163496522536,1.2066845,train
7251,11.34962268941516,11.339134,train
5669,13.787809055325823,13.862852,train
8909,19.22722102319073,19.363678,train
2621,11.624741034158165,11.704943,train
15200,8.888232749890292,8.879087,train
16640,21.74362010502562,21.72046,train
11159,8.76912825414514,8.682403,train
5447,16.310750963757908,16.362123,train
3481,1.339582343258013,1.3837215,train
3890,19.755903449717856,19.704298,train
2852,7.05157628225222,7.0953946,train
18183,1.1739105977312996,1.0910953,train
9799,8.220898437845829,8.257568,train
14964,14.072869252044026,14.10774,train
3011,9.832745539372905,9.844154,train
8717,19.527041721728164,19.467031,train
2774,16.416311563298414,16.475107,train
13267,10.788302362853738,10.783243,train
15103,20.0468745757273,20.2324,train
2691,3.910021298278627,3.9284506,train
13568,21.25501416178925,21.235146,train
17420,19.95756440434055,19.888103,train
2837,9.1424889634197,9.027737,train
11523,10.440093870177549,10.54191,train
12132,5.830493738301683,5.8182,train
12441,17.50573774879408,17.474592,train
2298,3.917680252504166,3.8835764,train
6860,10.739549602107276,10.868764,train
13746,1.1508695183907882,1.1235355,train
17986,1.2706535478287235,1.2047515,train
12549,4.961614673055159,4.9828486,train
14364,17.671648903285128,17.6266,train
14157,19.342528650331555,19.394037,train
12879,11.830160411768498,11.819398,train
17644,18.060346756403835,18.046156,train
8543,19.740692069827343,19.767864,train
5576,1.9941398219540816,2.0876877,train
18987,15.669345865370628,15.778194,train
13383,20.05817622390576,20.028614,train
367,3.024879228975556,3.0246422,train
15959,9.89207887514629,9.948783,train
12757,3.301431605195842,3.3090315,train
17805,21.08873193228914,21.216972,train
7627,10.558445442683489,10.588152,train
490,8.935772683912601,8.902669,train
18125,6.479446232724377,6.3939548,train
4319,13.360956140929815,13.39753,train
12540,5.932324845205153,5.957283,train
16862,17.038989345443966,17.024258,train
1798,17.04062105829439,17.027996,train
19033,11.946334032643632,11.933049,train
6434,16.536827552798748,16.38794,train
10972,8.394429749696341,8.329674,train
10166,10.768395447323469,10.677127,train
16582,4.617719753061301,4.7852445,train
8882,1.9977343492681168,2.0569162,train
10045,1.9075250874843768,1.98241,train
9172,10.990451690804086,10.913935,train
6538,4.038848382970011,4.0797067,train
7830,10.533351186103085,10.535955,train
1624,12.297371597045158,12.355721,train
8333,22.52999668419671,22.484396,train
18160,2.903041034350602,2.8260014,train
18648,12.927059244402964,12.87921,train
8276,5.806454976784858,5.833008,train
7608,12.734525317212167,12.747,train
4520,13.631888110675645,13.604862,train
13610,15.48960411253398,15.436865,train
8976,12.25903680284906,12.22535,train
1993,17.299113322863622,17.22787,train
13100,8.988346508100637,9.0197935,train
16060,15.998416303553723,16.383677,train
372,2.196731667312484,2.2091668,train
11085,17.324768089658097,17.386978,train
7559,18.15294361125245,18.146692,train
18913,4.984422396935763,4.9949694,train
7242,12.417463840713946,12.378944,train
10018,4.541086248131737,4.582314,train
16785,4.060568067624417,4.0518017,train
4763,7.299337045408931,7.3750362,train
9286,0.4131324036810725,0.39844304,train
8299,3.615176914605396,3.6178546,train
13563,0.4435577973348006,0.4310719,train
13159,2.865467036855479,2.9130936,train
4895,14.93200895253933,14.969348,train
16372,5.544911108534052,5.514981,train
6431,16.66580770388951,16.665192,train
4010,5.590428993387118,5.5479255,train
10814,3.670145709676433,3.6611946,train
9018,7.318158377070472,7.30016,train
5288,13.138312856542523,13.06955,train
11970,4.165606737535797,4.2251997,train
4049,1.8871879456645244,1.8822453,train
18184,1.1489426781245615,1.0875096,train
2676,5.625978069518908,5.657615,train
48,14.308546021317053,14.255856,train
4577,7.111715134604006,7.158875,train
16713,11.890269464506316,11.798208,train
10247,2.172136671428963,2.158296,train
8758,14.718021335287382,14.745307,train
1418,15.776359297515157,15.759581,train
8502,2.8738321234980444,2.8759596,train
8815,8.882132705752317,8.829055,train
10175,10.275995711266372,10.261999,train
1372,21.430173102952683,21.483543,train
2474,5.704880750980158,5.6868834,train
3382,11.625415067397116,11.553306,train
5515,7.273298240731649,7.361702,train
18104,8.661919817521435,8.598944,train
3349,15.587630385320695,15.488654,train
10628,2.7556878108990883,2.7707326,train
6476,10.780493548846652,10.82693,train
18203,18.89425986464764,18.892294,train
16919,10.648909589072574,10.6404085,train
11446,19.07288740785971,19.103746,train
7823,11.95948222450931,11.934557,train
11364,6.807390816967801,6.753445,train
14474,4.898284695150405,4.865357,train
790,20.57819728798435,20.530407,train
16980,3.726856933734442,3.691004,train
13590,17.94523709249392,17.91889,train
15223,6.356497158012038,6.4050193,train
887,8.773324099224826,8.737645,train
4707,14.150818150392064,14.025384,train
11501,11.932987504092074,11.968802,train
13811,13.963621886496703,13.9614725,train
18933,2.9753196700197924,2.956866,train
17368,4.0051462739606025,4.086605,train
5217,22.39793350197424,22.357178,train
5034,19.24311014491088,19.24139,train
7151,0.8795968721602968,0.81168735,train
12023,18.89229954200128,18.834202,train
8012,13.659846145169816,13.459808,train
16836,18.93058130257397,18.941334,train
16864,16.204553563176358,16.182714,train
8984,11.633651903929849,11.638778,train
9068,2.4712603610057244,2.4718122,train
16303,14.463758594089583,14.3865595,train
18714,5.897220981050947,5.9154315,train
5964,2.375929093985323,2.468877,train
17839,16.944201005306617,16.987244,train
16361,6.850711966819022,6.798609,train
17462,13.49509661527686,13.429366,train
9532,16.474194199867473,16.497738,train
1376,20.47782511370244,20.632025,train
19232,12.745871566447745,12.747417,train
16665,16.71241639638327,16.750328,train
10665,22.51656614542088,22.539982,train
6831,14.48681540663975,14.368326,train
6183,0.3630534716114231,0.35813424,train
10921,14.66852683815286,14.751765,train
19119,2.828737406677647,2.7841654,train
6041,13.971832024180324,14.125435,train
1863,8.166499776654629,8.129953,train
16912,10.95418535318889,10.857239,train
13377,19.1616518957227,19.329302,train
13357,1.7680625047725007,1.7732767,train
8192,15.27572181921986,15.033913,train
4224,3.5288348028442003,3.4874573,train
4882,16.465281274428296,16.420446,train
4654,18.825393031635823,18.942947,train
13872,7.1265289258087385,7.1305075,train
13728,2.6840579502047324,2.656333,train
17718,8.412123583255172,8.450811,train
18112,7.776698200287885,7.7875667,train
8953,15.743033481873368,15.69147,train
9070,2.2955564182149923,2.2856069,train
7029,12.561035691649996,12.571427,train
10789,5.834406109877196,5.979501,train
13132,5.047489562200244,5.0311933,train
10742,11.942325875416731,11.986724,train
1065,10.578770893968654,10.500055,train
9598,8.349366881763487,8.43782,train
3049,5.817076416856037,5.828755,train
4860,19.253101580319075,19.221281,train
8117,2.1055382947470207,2.134767,train
15815,4.796367110265545,4.793314,train
7941,0.3763081548684226,0.40204647,train
4648,21.503486543731444,21.463316,train
249,15.801180546139928,15.827365,train
11877,14.47568115073967,14.487169,train
15981,7.250694223526453,7.2604766,train
12462,14.915776110374924,14.96172,train
19294,5.4890089676390215,5.5224624,train
7437,11.964246960334888,11.9084635,train
13193,20.307318466122805,20.237223,train
13964,18.53848334820447,18.456547,train
1417,15.448288463854098,15.407883,train
17919,7.221960504331765,7.3051267,train
18356,2.973693015851238,2.9657576,train
19004,14.6625993843772,14.700012,train
1807,13.530402121534348,13.504407,train
11193,4.952012445042179,4.955381,train
6734,3.968796156015181,3.9570897,train
17582,1.6130220677217877,1.595583,train
15864,21.86292272498528,21.844812,train
12323,6.744516908076358,6.715337,train
11930,8.195835108774183,8.255873,train
16270,15.330516666730867,14.934495,train
14828,7.797059253609425,7.829543,train
11535,8.852846376436919,8.841986,train
14551,16.612930567074006,16.605755,train
16910,11.567818161384698,11.526774,train
8122,2.0099700591863723,1.9617286,train
3994,7.037516111900565,7.0113564,train
5191,2.5823047094187097,2.605552,train
17495,9.585804442875205,9.565981,train
17243,18.05858248335941,18.003325,train
15432,3.9309045157640807,3.9810555,train
2730,21.88546984131308,21.925428,train
16243,0.3260522601452861,0.33582607,train
3582,10.284214172957922,10.178992,train
19076,6.855065055911616,6.890243,train
587,0.2579677806404979,0.27321005,train
18480,8.991780003266713,8.953869,train
910,6.063840223170336,6.0284,train
12600,0.619953311146323,0.6308666,train
10557,10.182172077055784,10.172584,train
8617,9.364366478056663,9.361937,train
6811,17.09080240257141,17.08694,train
1864,8.022207464716603,8.061992,train
1996,16.6548800004804,16.687498,train
10047,1.914348288958812,1.9079963,train
17114,10.659402657112478,10.644979,train
1711,3.530501140629391,3.5804815,train
14485,3.880956078466173,3.9139383,train
8965,13.765572039137403,13.757549,train
5843,14.855949298682754,14.879046,train
2096,5.402375986878892,5.4151483,train
15657,1.81600800543615,1.8385085,train
18374,1.5299427174967928,1.577424,train
6517,6.139834061475142,6.1522775,train
18137,5.017528532869135,5.036005,train
11641,20.104849316844923,19.993364,train
3843,3.195426689364301,3.1783361,train
9060,3.140104391364403,3.133361,train
16401,2.833864419472114,2.7859378,train
14876,2.861218342401765,2.7884276,train
18740,3.178351298428648,3.1213903,train
15958,9.99800617960878,9.946023,train
1484,7.751522450949295,7.7671437,train
6986,16.434069047277724,16.40243,train
7110,4.188894421788477,4.214563,train
4279,17.934278834571423,17.959303,train
14533,17.36472302398056,17.321417,train
250,15.757955617367196,15.713394,train
1160,1.2530799194748892,1.2747619,train
15162,13.194424907017094,13.235399,train
18456,11.987693771829957,11.96228,train
1218,15.795509335698425,15.739146,train
12965,2.8188644851182247,2.8527024,train
724,5.703499646711978,5.761069,train
10462,0.2423519744424167,0.268133,train
1323,3.973854082263552,4.0093784,train
16726,10.005980878432348,10.034904,train
14872,3.142298883308805,3.1476357,train
11463,17.95508333528271,17.935904,train
5070,15.876675983466916,15.935923,train
13231,15.765223781685531,15.776111,train
4564,8.400767724934306,8.418964,train
3321,19.15590222623408,19.116396,train
11021,3.665891726606704,3.7284648,train
9996,7.148709371869528,6.976242,train
10125,16.38351898255174,16.263905,train
12467,14.371137546028248,14.429352,train
10,21.0749614395928,21.10391,train
12116,8.346675561209315,8.367121,train
2173,17.889471686217018,17.896696,train
5662,14.412983514880969,14.41614,train
19220,12.515997385151389,12.461969,train
15979,7.669603297126714,7.681781,train
3753,12.369041405594198,12.233426,train
15757,11.266768736251798,11.308708,train
15735,13.90966013666464,13.866828,train
5655,15.197815431003406,15.080289,train
9242,3.654173299819441,3.6811686,train
1343,2.14147097291497,2.148594,train
18962,0.8092834452741351,0.84574336,train
19247,10.088464003348102,10.125097,train
4169,9.261039051123683,9.364524,train
9824,5.698215958934352,5.735317,train
1278,8.409434050922478,8.465232,train
12856,14.69359150223007,14.571562,train
3186,11.711054130884088,11.692663,train
1595,15.402039627385252,15.429798,train
2963,14.9301307167399,14.976998,train
15910,15.666890137760024,15.7381,train
7824,11.634977218557047,11.7355585,train
6994,16.271976015828496,16.22446,train
2453,7.89241093117757,7.8674326,train
18658,11.791860785094316,11.782614,train
7798,14.169189516842412,14.152653,train
12391,0.9010199867747932,0.8712588,train
3399,9.470366410767804,9.477363,train
9063,2.952462078279158,2.9316325,train
685,9.933977695133857,9.992577,train
4990,3.9381945311094975,3.9569938,train
12930,6.318041596344692,6.2982388,train
4217,4.028998724570646,4.0304494,train
2606,13.459763494801438,13.482673,train
15341,14.49898028188574,14.355145,train
8971,12.136302358156764,12.053319,train
6722,5.150273388773608,5.187089,train
14149,19.77427851144145,19.77764,train
16166,6.383618829687303,6.372392,train
9076,1.8054634538987888,1.7550343,train
9399,8.276568612892692,8.303251,train
4453,0.3521177673904498,0.34780374,train
8969,12.572193685843256,12.659466,train
3514,17.189798439561248,17.15582,train
16029,2.7095738991169416,2.7002196,train
273,13.102480288344516,13.111029,train
12855,14.905612719219434,14.915299,train
2400,14.025722237360574,14.039785,train
10134,15.197524653243256,15.102601,train
14827,8.009502612341885,8.011403,train
736,4.576977681024235,4.6546087,train
17841,16.67553356864994,16.575394,train
4974,5.817409850709773,5.8472834,train
17693,11.79491039326848,11.801521,train
1834,11.09090605974376,11.029888,train
14013,12.07576516381044,12.043089,train
5375,3.8953981870247145,3.8897462,train
12078,12.117017281663475,12.054511,train
5783,1.82221361945945,1.7962896,train
11756,6.01138402336847,6.0580673,train
12195,0.7041088808604437,0.7041698,train
12303,8.759185406804924,8.737519,train
2931,19.34599725041469,19.319963,train
9146,13.54873499219075,13.54018,train
14572,14.139227540197115,14.1258135,train
13807,15.109445029193363,15.11177,train
2483,4.749400815568895,4.7073674,train
6425,17.77196635241716,17.571028,train
4402,4.286202463516831,4.1780844,train
5596,0.3664091158225087,0.36195344,train
7023,12.475332045182482,12.529974,train
2250,9.074833666031694,9.061302,train
16810,1.856670265306816,1.8105844,train
16695,13.525170134615635,13.437546,train
5332,8.198472478634867,8.236995,train
13131,5.087960596783845,5.0645046,train
11719,10.380075638521689,10.291121,train
4432,1.700331511864542,1.7096417,train
18524,4.8420467832685805,4.8674984,train
5567,2.7804104026309364,2.9233932,train
15584,9.08548186958499,8.973047,train
18162,2.813459527544671,2.8158486,train
1146,2.5455205740003586,2.5647311,train
7108,4.496572261317587,4.4457803,train
15127,18.1009484558004,18.037432,train
10761,8.474154360877913,8.534707,train
1637,10.780041447439745,10.741357,train
17123,9.74832817090105,9.670076,train
2495,3.690387538572472,3.6384225,train
8494,3.070020385454958,3.043322,train
5128,9.148860824333603,9.152165,train
97,9.146846692489692,9.136562,train
1908,3.948198834460416,3.9151247,train
1831,11.744989733232265,11.765456,train
5888,10.246644637656606,10.197024,train
14855,4.570145222364294,4.619383,train
8767,13.99678118350404,13.936306,train
10316,14.817175735106655,14.709832,train
9453,2.814851031939251,2.8250763,train
12779,1.3016129640587248,1.3935323,train
13755,22.500177480829507,22.562622,train
17619,21.074239785804643,21.052176,train
4407,3.8701168931714665,3.9259648,train
256,15.502808498647063,15.54873,train
8413,11.98896216719288,11.892977,train
925,4.730214949561917,4.7636943,train
9113,18.599611264601933,18.59667,train
9375,10.95000557179706,10.9116955,train
3997,7.151083148149321,7.2009096,train
7519,3.077083411935682,3.0574124,train
2185,16.02955783987871,16.12079,train
13945,22.53707859449952,22.50889,train
8471,5.844178260596283,5.8726263,train
12313,7.74409641930181,7.7964544,train
12696,9.20691433188748,9.252051,train
17835,17.446662072537265,17.460402,train
473,10.436401999096596,10.512905,train
11155,9.090280441210949,9.238264,train
2261,7.761118546804735,7.8420625,train
14787,12.78877830703195,12.763375,train
9666,2.046983307741381,1.9197062,train
3636,4.271398411121155,4.431004,train
4458,21.69696450188531,21.685543,train
4870,17.959068061872525,18.00433,train
17282,13.594234180561015,13.565419,train
6621,16.121672767210573,16.055706,train
13605,17.06121508610187,17.099207,train
1274,9.318577098114964,9.269706,train
19233,12.363573321443566,12.384091,train
6257,12.991439377247955,12.929624,train
18196,22.51257557263866,22.530924,train
8113,2.201991128452484,2.3234322,train
9893,16.38849407438266,16.5027,train
9563,12.725376377913689,12.694213,train
14127,0.6386966113842709,0.65962756,train
6778,20.51263920178673,20.378643,train
709,7.14686298171782,7.0382776,train
15821,4.003942233321093,3.955708,train
12386,1.215352022972823,1.2272252,train
7728,0.959016883617087,0.89761597,train
18132,5.680841676618869,5.70599,train
9982,7.627708580845421,7.763327,train
18981,15.228320639729713,15.199821,train
15294,18.7270445206586,18.699709,train
7269,9.222611468571897,9.191801,train
7785,16.10193718781654,16.103527,train
18776,20.885318927501988,20.820395,train
8522,1.230481097530597,1.2625432,train
9074,1.9583808419704856,1.9512361,train
9744,14.813099813650483,14.802114,train
8075,6.052699854400102,6.098127,train
12001,1.5624185929946497,1.6065615,train
14543,16.540842823349944,16.547428,train
16157,8.301059410584424,8.338336,train
7836,10.006752064088111,10.046311,train
2177,16.538183650985324,16.587053,train
15037,6.022813370786726,5.989782,train
6745,2.9931329174068537,3.068001,train
17663,15.53703815269813,15.591818,train
19097,4.788510007800252,4.8107743,train
13524,3.3207656217102293,3.3265612,train
18484,9.198943759348143,9.198284,train
1257,11.595329113632593,11.372881,train
1774,16.977112081394363,16.985079,train
15144,15.113479879479204,15.24691,train
13289,8.262889363653787,8.21942,train
18629,14.856307805303397,14.875379,train
15171,12.20357477515392,12.246769,train
15611,6.018479619542859,5.89051,train
16952,6.4644289951271485,6.421911,train
5142,7.365474413935124,7.325531,train
12192,0.8624723517544883,0.86484283,train
18793,19.75668270733437,19.764788,train
2731,21.70227394164761,21.783102,train
10839,1.5247743600648116,1.4870013,train
15904,16.60322940908064,16.625467,train
3645,3.5526840658619987,3.547893,train
6351,2.760365209281361,2.7887871,train
10753,10.313908536608078,10.206761,train
13149,3.790998825329512,3.8437932,train
17342,6.673056575243818,6.61525,train
515,5.964381067201019,5.999457,train
8880,2.1700640994965803,2.182199,train
15329,14.5939083813739,14.649619,train
728,5.061031630706279,4.9617085,train
5158,5.816657107225884,5.901761,train
9023,7.154105525202644,7.230016,train
1911,3.528931505767755,3.5553863,train
16020,3.5572883187631885,3.5548449,train
4232,2.7524100198412813,2.7608478,train
14556,18.347899442354475,18.346989,train
12011,0.883614519042788,0.8854511,train
4659,19.809884103246443,19.72561,train
9718,18.23753049698378,18.258698,train
1875,6.900146555665388,6.9697676,train
2131,1.9877493119060103,2.0078192,train
11006,4.872848705550043,4.862097,train
6668,11.331029280313713,11.392748,train
4376,7.197259756573872,7.1222486,train
7404,16.68561456056815,16.702631,train
13594,16.580485497290724,16.59616,train
2151,21.18372639480917,21.182413,train
439,15.195014814565903,15.278663,train
16318,10.164358099757504,10.158582,train
7623,9.956369143658346,9.94218,train
3030,7.813748432967134,7.8313622,train
8564,16.422754056046898,16.41396,train
4559,9.090783910291291,9.026343,train
5473,11.6152587240055,11.729317,train
4099,17.819352291340245,17.803167,train
13338,3.4003783746421736,3.3838716,train
12413,20.68097560613426,20.707935,train
853,12.607214640832243,12.564891,train
13029,17.3447831315581,17.378616,train
6677,10.401199707266066,10.478533,train
14945,16.053480098559533,16.133133,train
9152,13.2669394213326,13.280768,train
11539,8.092526477985752,8.02559,train
13529,2.8136846592851392,2.7938871,train
8267,6.773422002359399,6.77987,train
2379,16.731412591816945,16.772093,train
17855,15.019921886489,15.029793,train
11057,20.470488506605523,20.468195,train
621,17.713774089357628,17.663612,train
779,22.16029856050521,22.21504,train
4239,2.0456822016105303,2.0803022,train
16735,9.162977370571452,9.1328,train
17792,1.344544897092072,1.3291531,train
4222,3.665190869063165,3.6293154,train
16804,2.3740327415459634,2.4186246,train
828,15.783337038440957,15.787609,train
13783,16.577075736689615,16.548803,train
18613,18.40127779780427,18.447533,train
14282,4.212318944946391,4.1606193,train
1799,16.034013403138545,15.976679,train
7323,3.592539280077386,3.5784426,train
10201,7.055639524233779,7.0347795,train
4582,6.507767899495494,6.508671,train
6409,19.38879767258722,19.43812,train
4437,1.2117645075145431,1.2323744,train
17269,15.702784195042051,15.687107,train
9423,5.696421154138312,5.7359376,train
5979,1.0494385929979757,1.0409083,train
10730,11.6204105521366,11.740725,train
254,15.586260058224989,15.628212,train
2772,16.53315356980385,16.651636,train
17829,18.247922011088555,18.254705,train
7912,2.4025248425936523,2.35452,train
5219,22.204955970730264,22.177515,train
4615,3.309657798970206,3.4030988,train
10472,18.80580934128008,18.839764,train
18427,15.358096170772146,15.305109,train
15058,3.8817127018377855,3.9079332,train
6727,4.8005556770316105,4.7650604,train
16450,21.132644485310905,21.178574,train
10600,5.420027082267924,5.4285345,train
3975,8.959506128174052,8.901399,train
7008,15.85690533465337,15.653971,train
14769,14.561451916522364,14.549609,train
9495,21.14776517985605,21.285688,train
14909,21.3285676711042,21.332935,train
17846,16.127192256988913,16.14881,train
17767,3.912953305958523,3.95048,train
8214,12.976031600483772,13.084419,train
1731,1.789359336852073,1.7618382,train
3449,4.038601870754363,4.281713,train
10020,4.175861612816583,4.218637,train
11555,6.636718904948343,6.6288676,train
1285,8.16169176860445,8.121481,train
3927,15.742198077390118,15.785998,train
5741,5.634001641506718,5.5694447,train
12141,5.050160031945456,5.008931,train
13130,5.744249205679289,5.7793713,train
5044,18.13976634716069,18.125477,train
12667,12.312011317955452,12.374171,train
16024,2.9382089290759272,2.9377143,train
1499,6.0305538338949605,6.00621,train
2475,5.651694699942256,5.514618,train
1203,17.886628912747014,17.849403,train
15145,14.89167436872469,15.054536,train
9492,21.65544014178004,21.65844,train
10636,2.0240252775445886,2.0621552,train
6730,4.424043882019484,4.4052925,train
10697,15.787694800820836,15.820769,train
2628,10.76364368857091,10.8186,train
3662,2.265165985167672,2.233366,train
1628,13.164350000472488,13.030461,train
5809,19.76712180464713,19.741322,train
15262,2.5919969925953934,2.5737753,train
19137,1.4548937003159366,1.3876476,train
2277,5.786415384067358,5.787843,train
2556,19.56390459188548,19.546349,train
4185,7.419397614626945,7.4407687,train
7427,13.20550675743455,13.218757,train
17220,21.915337124133284,21.982563,train
3634,4.627860980277961,4.6562796,train
15716,16.247649695883165,16.226044,train
19293,5.6575404096761615,5.744864,train
8553,18.38735379324544,18.363016,train
10967,9.153684700208125,9.12764,train
5411,18.015842713087803,18.00956,train
16498,13.21536369943056,13.136732,train
15451,2.153071617352137,2.1825721,train
11241,1.0929756882755923,1.1348612,train
5188,2.8340985810021624,2.824436,train
17187,2.9956862079406825,3.037945,train
8995,10.180241975015043,10.22451,train
4661,19.002156773720174,18.965508,train
3547,15.71072409103022,15.71089,train
11542,8.286755438107699,8.280896,train
16743,8.502357569541227,8.524223,train
2795,13.91734872582057,13.8367195,train
7977,17.716468524336527,17.753855,train
10802,4.997346296989984,4.9322314,train
668,11.948001422460486,11.787198,train
1487,7.454444366112993,7.480918,train
5905,7.975832721677598,8.077699,train
542,3.4526306549530643,3.5313485,train
5133,8.272125649758946,8.203456,train
13077,11.50889022967762,11.516138,train
9616,6.875746507542608,6.721975,train
15410,6.095461505542094,6.1413226,train
12084,10.243823659749925,10.16218,train
114,7.409690496304185,7.43189,train
5793,1.0799209148832012,1.1263138,train
2126,2.573724988256928,2.6276886,train
16327,9.418624501702691,9.438158,train
10326,13.640460311691577,13.584726,train
17583,1.5262348381825874,1.476865,train
12878,11.997103982920493,11.983831,train
8392,15.059045934695346,15.025963,train
17884,11.517063165024563,11.498777,train
4356,9.518303114420704,9.460783,train
6177,0.530866471647097,0.51752174,train
6067,11.65489015747534,11.681325,train
6212,18.1633769357535,18.102385,train
9892,16.79424537255776,16.992926,train
7845,9.071871057950284,9.096183,train
7356,22.521983888899623,22.498997,train
14880,2.471679356579978,2.4464722,train
6354,2.6121422431632846,2.5849118,train
18393,17.52890875236145,17.4897,train
4602,4.486330493717912,4.539188,train
12082,10.785952697913729,10.780513,train
13216,16.825214809230417,16.720482,train
2729,22.15809168761963,22.20706,train
5594,0.6835525781352076,0.6914757,train
9506,19.64599732306732,19.680412,train
15537,14.452927837107609,14.5395775,train
4043,2.4124114839831305,2.4167228,train
5918,6.818715381638713,6.7069073,train
12508,9.420573974317335,9.458532,train
16751,7.797355592111224,7.764758,train
2803,12.78630919607576,12.845325,train
14813,8.887053897651136,8.942501,train
7115,3.656668417982666,3.704298,train
14439,8.325902146659452,8.297576,train
12890,10.567081902706134,10.626146,train
1972,20.0201607965468,19.96883,train
15441,3.0643379932105104,3.0117683,train
2469,6.060501556682585,6.1181445,train
14040,9.106723858956732,9.099401,train
12409,21.670906648157807,21.605835,train
5634,17.601194812635644,17.6559,train
10875,20.51507904754578,20.49211,train
3414,8.054856781955397,8.071126,train
576,0.8121180599021374,0.8208494,train
2893,2.9731711535907945,3.007894,train
1747,0.7563755209263826,0.7767815,train
13718,3.609697018522769,3.6036043,train
6226,17.087392643811047,16.976517,train
8243,9.514351586490022,9.515892,train
13233,15.233190120788596,15.247292,train
7345,1.760944909074856,1.7403685,train
7310,4.763819461071257,4.7834086,train
3328,18.30304207253764,18.240273,train
15655,1.889901184250507,1.9117912,train
13551,1.115782245608956,1.0691572,train
13915,2.934822535859672,2.925297,train
7236,13.211736172610951,13.112415,train
2267,6.778613377011266,6.8353477,train
17343,6.539109349665852,6.547774,train
6770,0.993940713345994,0.992165,train
11140,10.941907642354666,10.943629,train
4308,14.897820866583096,14.938014,train
3204,9.768014200469004,9.804943,train
12271,12.351791566182852,12.369153,train
16440,22.51781591851565,22.489195,train
13275,10.01274607753031,10.037614,train
6959,0.8258266505048585,0.79158163,train
8820,7.742947193440568,7.764553,train
13669,8.699843251187467,8.731991,train
19162,21.43449377276418,21.488775,train
13158,2.8937967059525254,2.9226043,train
9312,18.434026391856587,18.512903,train
8308,2.757593855612513,2.7574189,train
2820,10.582391681471096,10.616944,train
7501,5.0072056553168505,5.000565,train
1018,17.05693249385972,16.986738,train
10310,14.100950248753684,14.129443,train
7068,8.607859502061832,8.639815,train
7219,15.30068577393469,15.308843,train
13896,4.81713511736772,4.830296,train
5286,13.248725119071413,13.159125,train
16474,16.13586797538511,16.093613,train
16795,3.145863220100954,3.1602254,train
12420,20.177019592389456,20.127464,train
18420,15.474625035094675,15.605638,train
7065,8.24189046471408,8.160275,train
5111,10.875876279381249,10.796294,train
6925,3.391421471216427,3.4146218,train
15951,10.75589747045964,10.87942,train
9292,20.85810282651041,20.993055,train
19154,0.2910748407665932,0.30074844,train
9182,9.871526246036696,9.816252,train
10154,12.72221564785658,12.686879,train
14930,18.544938215864928,18.543242,train
18060,13.701328656236454,13.745636,train
17491,10.644170019124063,10.673577,train
6757,1.9435663772240128,1.895575,train
10903,16.930223829472858,16.835169,train
7476,7.281942167175238,7.313926,train
15497,19.14420455249448,19.204098,train
15555,12.459224249056724,12.471044,train
13479,7.782171581110322,7.7766614,train
16190,4.398352989219933,4.3979936,train
11769,4.9038638601596,4.886209,train
11486,14.435459183844298,14.392496,train
2329,1.1449998460766673,1.1375304,train
1647,9.720042651051568,9.675276,train
17281,13.857568676391937,13.8298,train
12781,1.217953423276684,1.2182212,train
16533,9.695767599496843,9.772583,train
955,2.001511980594441,2.0069149,train
18877,8.730781893554138,8.734969,train
9397,8.559394986179282,8.322055,train
18774,21.954315106061586,21.985565,train
2249,9.27024669373201,9.317097,train
10520,14.011427025750224,13.970922,train
16143,8.815684688589293,8.777533,train
8788,11.421868320622528,11.426109,train
2984,12.340420579949056,12.40632,train
16033,2.09414411501064,2.1130722,train
15969,8.767940603502486,8.785808,train
8424,10.705349460330767,10.683401,train
1397,17.84818196223384,17.866798,train
6274,10.84657197251833,10.814393,train
18787,19.22473990571392,19.235859,train
1252,11.727851120204352,11.768155,train
14027,10.643615331068824,10.703438,train
16685,14.60847284140477,14.587339,train
7870,6.2816299042714,6.268059,train
7475,8.15728423720786,8.178086,train
11489,13.545688110336409,13.576359,train
13715,3.929833767568559,3.9227781,train
10226,4.06802690998482,4.0498104,train
3956,10.92705873215625,10.994086,train
19042,11.312306453247112,11.36047,train
1326,3.935088610894254,3.9502163,train
9341,15.03009158194236,15.16736,train
13125,5.970526826004154,6.011176,train
11569,5.01308351506011,5.0974402,train
6838,12.017870599964782,12.139472,train
11722,9.581875297376945,9.582997,train
5080,14.658430981089646,14.584181,train
13952,20.42281683531085,20.406424,train
4953,8.026708379181683,7.982746,train
16733,9.616009521984791,9.565945,train
15604,6.843173941483459,6.7499814,train
2200,15.126328048241216,15.1093235,train
1627,11.851627989661637,11.625754,train
13095,9.308376712972802,9.323323,train
8858,4.137539818122946,4.171777,train
9958,10.949241298638665,10.914229,train
185,1.0397239214084957,1.0008398,train
9033,6.039825158120289,6.0497403,train
12191,0.9200555328493348,0.9126563,train
3099,1.0952306518883217,1.0445309,train
1139,3.003159453154907,3.0266798,train
8542,16.66598799276936,16.629223,train
2994,11.241475825184596,11.166167,train
15879,19.568884059542658,19.600962,train
12052,14.56532362223581,14.554283,train
5101,12.033884509766976,11.915954,train
2312,2.5981988780927856,2.5749729,train
492,8.481537570213332,8.431763,train
3744,13.094684392822971,13.019471,train
4167,9.544811289576057,9.619602,train
15851,1.2992105625171564,1.2475423,train
9700,20.45788235932682,20.430765,train
14621,9.183703930509264,9.172621,train
18351,3.4381452542996125,3.4110615,train
3052,5.306122163938268,5.245875,train
3366,13.66050783934539,13.528552,train
13801,15.091520691556532,15.0862055,train
12629,16.696711144602492,16.701012,train
15552,12.97301085674468,12.861715,train
16951,6.675364373031824,6.656382,train
8754,16.504712727235066,16.515564,train
15506,18.26384504092768,18.280867,train
10499,16.479960079953067,16.457346,train
6753,2.330023778412094,2.3906407,train
1084,8.568917512016025,8.555512,train
3509,19.83644055586508,19.822807,train
18748,2.503652088826366,2.4822426,train
2647,8.767670238810602,8.747535,train
6134,4.071043879383573,4.050355,train
8357,19.34612848273761,19.355646,train
4103,16.745111391443984,16.75163,train
16339,8.01912991452003,8.036027,train
10333,11.413794226336464,11.367515,train
16874,15.005772958389729,15.041735,train
7603,12.127979021313596,12.183965,train
9596,9.065033774881972,8.954398,train
1052,12.230556172199064,12.293459,train
7454,10.504471117139577,10.547411,train
12791,0.5477564246838015,0.56145483,train
17394,1.7045993472407257,1.742527,train
9149,14.07767136992101,14.118871,train
18065,12.9089037657455,12.8664255,train
12043,15.150812767630317,15.204432,train
15326,15.583607416684156,15.576764,train
719,6.053275229454897,5.9420156,train
17620,20.99718346712761,21.052176,train
3146,16.299957467713593,16.331102,train
1378,21.135272262760928,21.105667,train
4531,12.250151638940457,12.290685,train
3060,4.610849609144285,4.583046,train
17717,9.274970291797755,9.293825,train
10028,3.5771720029000145,3.5290303,train
14265,5.763104840202579,5.8154883,train
7045,10.151617567203678,10.122464,train
14840,6.330795693735585,6.3400116,train
12966,2.7636254269490093,2.8463964,train
17737,7.023965699428333,7.023045,train
12114,7.368189898898625,7.334773,train
14158,18.941726971328222,18.986233,train
7030,12.241604299365614,12.2580185,train
15382,9.314608409291356,9.278798,train
18346,3.952244057849968,3.9456816,train
9833,4.734554526335118,4.749589,train
868,10.795237732260729,10.817514,train
8446,8.250661034770767,8.251218,train
5681,12.24691590723868,12.232607,train
2017,14.135969285222304,13.997594,train
16230,1.0285544898545789,1.0317329,train
1329,3.093009339754296,3.111712,train
928,4.123520721087931,4.1021743,train
11612,1.2005616895465856,1.1963056,train
16490,15.21516897989799,15.270851,train
6935,2.528340396191393,2.519245,train
2534,0.5455129543502583,0.56461674,train
9052,3.820121715458912,3.8413393,train
1050,12.68825046911904,12.695971,train
7800,13.83263110181066,13.72757,train
4040,2.6730430469804327,2.621987,train
3228,7.189608488433844,7.1726274,train
3350,15.478012065649752,15.452948,train
9749,14.229104452333104,14.219549,train
1742,0.9821847550660028,0.95561975,train
18425,16.3584856071163,16.379929,train
7042,10.730243379310329,10.851105,train
8088,4.886158332575982,4.908608,train
1016,15.777574794087403,15.67896,train
9290,21.40918048036021,21.605076,train
10451,0.8180083920088825,0.7557996,train
15366,10.819563457389494,10.779775,train
9386,9.736452079048334,9.597385,train
2058,9.534734782606334,9.514989,train
2305,3.2127267004582767,3.2433348,train
18891,6.970053081160347,6.9611826,train
1605,14.307033845054365,14.402315,train
4412,3.3697669294086574,3.3624487,train
153,3.5827763552774194,3.6326993,train
15637,3.562992254125301,3.5963724,train
10069,0.3584847696417789,0.32243887,train
4459,21.34277045581906,21.40982,train
17651,16.937289306278377,16.94855,train
16162,7.012265053382612,6.9751215,train
15095,1.0168908610794245,1.0304205,train
7492,6.035079919758696,6.0587587,train
14421,10.543937856377196,10.569512,train
11747,7.053980856634503,7.089918,train
680,10.49720566661621,10.43841,train
10528,13.376315687982965,13.379505,train
4301,14.93306383757105,14.940905,train
4288,17.29262210458659,17.23191,train
13891,5.2107834211162185,5.200989,train
11702,11.994738471532004,11.986938,train
13587,19.01343424922468,19.028002,train
15176,11.903324119462052,11.739696,train
2331,1.0509883769226205,1.0419308,train
6556,2.2162779100383707,2.236317,train
3071,3.497125169852996,3.4289656,train
17669,14.464736391701011,14.4165945,train
11004,4.9773676301236,4.921795,train
13735,2.033408557085735,2.0272503,train
66,12.478301151061926,12.2740135,train
7284,7.607382337051628,7.6749444,train
11783,3.0981195412586144,3.0474744,train
3472,2.1266839053472903,2.0672948,train
17952,3.9595147468569007,3.8825107,train
1337,2.9837011966255207,3.0100095,train
7900,3.3854086943064705,3.3795705,train
13631,12.82739178660557,12.740339,train
14668,4.543130741886467,4.4625587,train
5031,20.398917443690053,20.26665,train
9088,0.9367209800225512,0.94458723,train
3950,12.347946560724246,12.23849,train
7277,8.267537117071907,8.239953,train
10312,13.585401869025455,13.649744,train
12099,9.559355690430529,9.603139,train
11163,8.212182297054568,8.322684,train
16535,9.367974624552604,9.387312,train
18566,1.0905790970822915,1.114588,train
8369,17.844604036981067,17.833912,train
18383,0.8944445115218675,0.93342704,train
11677,15.261499990885646,15.280711,train
6509,7.160599599851358,7.231463,train
10641,1.7417639809186525,1.6958966,train
17346,6.155277335618112,6.2040486,train
12989,1.0477262582784594,1.0723054,train
4055,1.4837024591745471,1.5239011,train
11682,14.50148921525658,14.568875,train
6149,2.747068878182638,2.6850538,train
1554,1.1225352148220886,1.146791,train
18237,16.712329742053765,16.728085,train
16624,1.0418648436153846,1.0824548,train
16313,11.594048765569832,11.641618,train
11941,7.002823328181501,7.1348705,train
1915,3.178326147962274,3.1875288,train
14521,0.6722886628418899,0.63796264,train
14274,4.9222771048678045,4.9579144,train
15185,10.399938223868393,10.509644,train
2000,16.671408816619945,16.721315,train
3217,8.226688489715444,8.291888,train
14726,21.08854741975486,21.072199,train
8508,2.088772652573076,2.1060717,train
16745,8.09376137926582,8.111119,train
2432,10.220134790167016,10.4224205,train
8771,12.590569745661982,12.624593,train
11166,7.883028571432679,7.8300776,train
19058,8.447264092336416,8.516911,train
19198,14.897481802541773,14.912868,train
12597,0.6805835724832972,0.6858744,train
8726,19.057837231154057,19.068611,train
7561,17.0978161043616,17.155525,train
17880,11.81429663974531,11.826673,train
17450,15.60221658820502,15.5939045,train
16628,0.8881027443169697,0.9040848,train
14952,15.648199894509212,15.566291,train
11296,14.516156745245352,14.437775,train
1949,0.4277039391789557,0.44656855,train
17776,2.986598516828725,2.9828491,train
16579,5.028128593243111,4.9751935,train
8656,5.401329642592885,5.4610496,train
4997,3.069234781004369,3.0521672,train
16174,5.740023225772791,5.719119,train
5451,14.20000146391251,14.253132,train
3635,4.448018911566775,4.5272427,train
5720,7.857832989931372,7.827416,train
8860,3.875373334206673,3.9392986,train
8048,9.21081414669893,9.235559,train
609,19.45738125011369,19.463701,train
4023,4.201564236956275,4.144014,train
19256,9.268110630383276,9.321431,train
1496,6.490000134084498,6.4829583,train
2918,22.47855457376097,22.46132,train
1810,14.29794355960601,14.460012,train
2214,12.819026699043082,12.783546,train
17429,19.74264308776252,19.747723,train
11419,1.5969448882602493,1.6088368,train
9199,8.167730551065038,8.119863,train
2260,7.9341794420698335,7.9644847,train
18576,0.448259901869124,0.4532194,train
5126,9.513921795075294,9.63373,train
845,13.530626297472985,13.48955,train
7350,1.1834878333077918,1.1865094,train
12494,11.136856323681496,11.08972,train
5453,13.613469585820994,13.717292,train
9105,19.81843443060659,19.880272,train
9498,21.153926491216325,21.272299,train
297,10.538526780613116,10.55964,train
4655,18.396538083098264,18.46749,train
17507,8.260468253818578,8.283652,train
12714,7.451011776179342,7.524515,train
13375,20.167228433929765,20.056324,train
13367,1.0304616064634002,1.055139,train
17568,2.919933514151063,3.197749,train
12067,14.47698641460167,14.477956,train
14144,18.63039559193869,18.689184,train
2148,22.49983506069029,22.462097,train
2570,18.014246193019734,18.0087,train
1020,16.304637579032878,16.432201,train
4072,20.51107788336576,20.558702,train
6234,15.55537754691391,15.568916,train
12526,7.324076603743827,7.270083,train
5022,1.2670515166579763,1.2406112,train
2698,3.100831859184128,3.0618272,train
16227,1.2177012209582443,1.2687249,train
5252,17.972320242819045,17.937857,train
4845,21.079940361492447,21.027414,train
13717,3.7153513852873576,3.716493,train
15183,10.709461276921392,10.770753,train
4263,18.56364546178783,18.659262,train
1938,1.2334412998582156,1.2746172,train
463,11.521755975653171,11.538382,train
13784,16.228501762034327,16.21586,train
17372,3.600903707463621,3.598337,train
5747,4.959034438583039,4.915775,train
3586,9.128774597719708,9.263152,train
9370,11.622648165047618,11.8314295,train
14944,16.30169446925606,16.365301,train
4127,14.483169168218303,14.496476,train
18813,17.07114955160642,17.09212,train
8189,15.583259749745434,15.6804905,train
13983,15.675665606579908,15.761053,train
5084,13.61797019599572,13.619635,train
2384,15.9648845673395,15.915044,train
3108,22.515876572377465,22.493301,train
16992,2.533631421701606,2.5007007,train
4715,12.264332556567924,12.416358,train
10942,11.976206849164264,11.899204,train
16388,3.634445378012662,3.6547968,train
16475,15.903075024915516,15.832657,train
19078,6.519480102879206,6.5856495,train
7665,6.865201749387984,6.8541083,train
10615,3.9766543367788985,3.992927,train
16131,10.28649094479889,10.287794,train
12917,7.680074820011876,7.686532,train
15004,9.613954721963902,9.674001,train
6304,7.512823161802505,7.4871902,train
15481,22.490018423326312,22.388168,train
18868,9.648949778739894,9.549424,train
13473,8.208271911509117,8.16114,train
15612,5.934783408673739,5.8681464,train
979,21.73741709694196,21.79754,train
9676,1.2651233358115497,1.189334,train
12360,3.3791948997421044,3.422745,train
369,2.2315976051163267,2.2091668,train
17628,19.78692649709132,19.767183,train
2429,10.588746601307513,10.5914755,train
11451,16.883975041048302,16.931135,train
211,21.01282993487831,21.00201,train
14286,3.931468885202544,3.9002745,train
807,17.847200506251337,17.741364,train
8795,11.201915888722825,11.223411,train
11100,15.53101506020658,15.502486,train
3930,14.768443526892398,14.831072,train
16477,15.500680104396723,15.50376,train
7253,11.110043343610048,11.099923,train
15517,16.804233609082566,16.861485,train
15043,5.487800867272891,5.4473934,train
17954,3.901631862939044,3.8126144,train
2976,12.775467653317897,12.721342,train
16056,17.78961635725951,17.802193,train
6464,12.811698147037308,12.609855,train
7991,16.119944498037274,15.993041,train
1707,3.8095126807878255,3.7918494,train
4322,12.526620376815435,12.513467,train
9473,1.1972582842114097,1.1876723,train
18389,19.75183404206647,19.675617,train
8146,21.04996364553858,21.056213,train
7247,11.838197366808764,11.854777,train
15527,15.627830302557593,15.635321,train
169,2.1515051725344496,2.3431063,train
10389,6.11635515815022,6.1079535,train
11767,4.946221367535946,4.948647,train
11753,6.128322970334088,6.1219306,train
17627,20.472272252323883,20.455767,train
7184,19.34919175436018,19.357586,train
12507,9.51488765361951,9.524574,train
5670,13.588241641587569,13.6743765,train
1045,12.750013077873238,12.741144,train
5096,13.186388720583366,13.232708,train
960,1.3586852142752743,1.3421663,train
512,6.381139542750911,6.4722075,train
17195,2.3568038591307894,2.3631122,train
17306,10.40302105558738,10.378416,train
10536,12.823942907890174,12.835214,train
14451,7.122430796534238,7.1286163,train
5860,13.37662230639345,13.299193,train
2311,2.6812005240185,2.6224413,train
7517,3.109365058992444,3.123075,train
18937,2.634189531849114,2.5612917,train
8677,3.322157857126464,3.2744277,train
5303,11.654353667939237,11.71963,train
14593,11.751545354642603,11.801555,train
1184,20.392690085116204,20.317694,train
12707,8.03270624629863,8.012505,train
11574,4.682290527847278,4.67527,train
481,9.794338878860884,9.734924,train
10319,13.37135882559092,13.4434805,train
12371,2.3957429668865475,2.3988965,train
12962,2.987158127574225,3.0237885,train
7533,2.128012512887677,2.1397526,train
13263,11.553807830097854,11.560725,train
16004,4.881176163019205,4.8730984,train
6922,3.732631902462903,3.6899743,train
15338,13.738780097290732,13.803872,train
3050,5.642801054641668,5.5669184,train
12369,2.609877045190489,2.5926387,train
6914,4.427330376784422,4.4417486,train
3761,11.893235246770372,11.799878,train
260,14.475039067023726,14.440348,train
2701,2.965394264874011,2.9725404,train
365,3.052405166118442,3.027936,train
5724,7.4607978025014035,7.4521556,train
11940,7.140405749187165,7.2303147,train
14443,8.145090632534671,8.134121,train
8931,16.546659100554475,16.54628,train
3191,11.420372736666057,11.345769,train
10869,21.04093664644173,21.204453,train
11045,1.2906959892278482,1.2572513,train
2374,17.185959585727254,17.118889,train
10266,22.49733427937005,22.466291,train
7339,2.010358317204937,1.985854,train
11703,11.893131190493914,11.968857,train
4596,5.068663598042731,5.005654,train
14770,14.207281608708698,14.154203,train
6482,10.480989746516816,10.462348,train
4788,4.742213363130455,4.6430597,train
14317,1.1516669578166343,1.1467263,train
8898,0.8463819518820613,0.8259907,train
15089,1.206417011701283,1.1922275,train
17891,10.543436041290516,10.467736,train
15211,7.645885468216675,7.6530433,train
18131,5.752696150217337,5.7233925,train
5775,2.554033717661016,2.4914012,train
5361,4.9913642053392255,4.977353,train
12961,3.044116085773694,3.028508,train
1625,12.127295718160536,12.277004,train
4837,22.36189245541624,22.38011,train
2491,3.8809549027682113,3.8966072,train
10058,1.041472836023493,1.0511491,train
3612,7.03204087330547,6.9699287,train
12238,16.973464439004413,16.886177,train
9805,7.765362266180968,7.8091874,train
6821,15.77896713534336,15.794253,train
4542,10.917774893562507,10.900284,train
17054,17.855132898783086,17.86164,train
10380,6.93306745466367,6.8649716,train
2123,2.746674604339814,2.7219005,train
2401,13.873558300788568,13.846149,train
16514,11.70516750430771,11.86577,train
9662,2.1168038558326243,2.1363614,train
4588,5.907452632040113,5.8900876,train
4547,10.573204957142645,10.613443,train
19341,1.1907546555531712,1.2034738,train
1835,10.92230066088463,10.927052,train
12363,3.0227189056130466,3.0321372,train
13019,18.558116009356013,18.546238,train
18829,13.910712301418672,14.024253,train
1689,5.835492000416951,5.919619,train
8264,7.084220283258721,7.079608,train
11882,14.443401630863644,14.381478,train
234,18.179226730675527,18.225143,train
5062,16.48787768647457,16.470152,train
7018,14.062449585006725,14.178681,train
2062,9.05415674189665,9.056371,train
13741,1.623459297260344,1.6342088,train
6595,17.373059641010475,17.433687,train
12942,4.9641860492068925,4.9187255,train
10022,3.8620404752137136,3.9392157,train
8773,14.389167902239077,14.505433,train
13623,13.44220537032473,13.383562,train
13705,4.962629379618122,4.9691496,train
13239,13.734725939555318,13.762945,train
16871,16.19487280834722,16.165382,train
906,6.707484422147236,6.721884,train
3092,1.660347119302448,1.6691728,train
8279,5.566212272361629,5.622383,train
14018,11.694496535885268,11.736928,train
9658,2.193647880905772,2.2892013,train
10929,13.685972796197982,13.694956,train
11626,21.62060723986007,21.657976,train
3402,9.290971216544296,9.22526,train
11732,8.415601181930823,8.470313,train
5834,15.627963815825,15.734198,train
7808,13.042005751354232,12.975988,train
13368,0.9915342169418444,0.9819123,train
12212,17.88901152009325,18.024155,train
6019,16.90348921743764,16.879612,train
19153,0.3102222221326857,0.30074844,train
8429,10.412282107495722,10.4589,train
7722,1.352687185201485,1.3255062,train
16845,18.18654319486688,18.187147,train
9082,1.391324064114278,1.3994905,train
4467,20.738208258591072,20.701712,train
12699,9.364850693127831,9.409222,train
14266,6.038064545209932,6.0093775,train
12649,15.800028381365523,15.811794,train
16167,7.153948311495473,7.199248,train
6057,12.865633518488435,12.817097,train
12280,11.592644597078618,11.626637,train
9665,2.0640721028356177,1.9422272,train
16939,8.258271922097856,8.279236,train
10581,7.349762001958335,7.5271335,train
1033,14.26628809022509,14.216918,train
9118,17.010255755266503,17.012161,train
17365,4.2834162303383145,4.326449,train
11211,3.5631348156815297,3.501321,train
17592,0.8984447426994912,0.8781775,train
6110,6.520777173504825,6.605192,train
1559,21.259981110004443,21.345415,train
14806,10.622695231813216,10.592372,train
11527,9.574684096315298,9.492772,train
28,16.3733707464615,16.29779,train
18305,7.802592213967786,7.7551107,train
13500,5.5715686060647736,5.581741,train
2253,8.510319690517447,8.480485,train
4649,21.044046439149493,21.064543,train
16418,1.332465036227069,1.2968911,train
8467,5.997095292082381,6.012517,train
3900,18.495962943897784,18.555143,train
14381,15.417369311514106,15.380942,train
13841,10.572273307750017,10.528994,train
5876,11.8500620293028,11.722929,train
17565,2.912659353041204,2.8995583,train
4984,4.792593108593743,4.8181086,train
18489,8.11997927768815,8.017993,train
17074,15.394229303409055,15.335328,train
16553,7.544720739045137,7.6218204,train
2860,6.051740943012253,6.040491,train
4378,6.837757609398508,6.8485866,train
15875,20.331164627064588,20.365381,train
14091,3.7941314862713575,3.7041378,train
6871,9.20247492374292,9.215377,train
12951,4.017960810508806,4.007862,train
18795,18.887590170493848,18.82843,train
8817,8.402614656395137,8.302418,train
16121,11.333641551744252,11.36884,train
8657,5.215755555111076,5.2964745,train
9069,2.3819522889459988,2.3655457,train
17492,10.314774357932285,10.276013,train
9851,2.907728755978703,2.8973258,train
12672,12.16756896215933,12.23581,train
18878,8.544676582405463,8.51989,train
1358,0.6437969985014358,0.65039295,train
14038,9.342687073267834,9.295071,train
12982,1.27197078900944,1.2336593,train
17410,21.166695826855893,21.043344,train
1201,17.999770981145264,18.09082,train
15164,12.813413760604838,12.944532,train
8049,9.159413812835083,9.114656,train
8762,13.244261078075308,13.228842,train
6460,12.971522288112425,12.9284115,train
8560,14.94421238843739,14.92654,train
1459,10.612090958382508,10.564698,train
6439,15.527434152053416,15.555973,train
14268,5.750651089629034,5.734851,train
5159,5.684586676080531,5.6897116,train
3265,3.399575068140813,3.3854413,train
16398,2.810525635339292,2.8355565,train
17415,17.310623867997936,17.40389,train
15667,1.0614881328832777,1.0795432,train
2513,2.001377296683206,1.9981058,train
7431,13.041572147587344,13.116685,train
18233,15.777496027650592,15.816951,train
13804,14.216159361773068,14.22828,train
8848,5.100382182356267,5.089877,train
932,3.912899378338121,3.9104745,train
1193,19.1619557378716,19.126991,train
17908,8.419181119235924,8.500463,train
6109,6.6828770674880085,6.737231,train
12232,16.10148266750712,16.239489,train
4436,1.2622152512136682,1.2533001,train
17311,10.234167932771143,10.254141,train
5198,1.9546629150986912,1.9595662,train
13516,3.981246094459261,4.025201,train
8649,5.837596493808204,5.8125505,train
907,6.636475764250555,6.6348124,train
15031,6.712268248872509,6.6644588,train
1014,16.20956584039756,16.121733,train
13436,12.981150758421192,13.019835,train
3644,3.710862054946421,3.7197373,train
5363,4.936764252066802,4.9468374,train
655,13.362846889992111,13.420516,train
10215,5.826935521858864,5.8406043,train
6146,3.0307844573789056,2.984455,train
10475,21.127263070538945,21.121075,train
14773,13.207517823267697,13.303046,train
10755,9.661937803757477,9.642785,train
14638,7.730838754400401,7.666546,train
12100,9.277089816575495,9.292991,train
18685,9.067779086556415,9.099319,train
9349,14.253376044419127,14.265596,train
665,12.207096570533825,12.247968,train
3669,1.7654771974415462,1.6869435,train
11483,15.388307368452852,15.380456,train
17143,7.515347323996707,7.4384837,train
12568,3.0675102972735355,3.0436642,train
5751,4.628762773163314,4.6096897,train
18080,11.356891656733,11.305261,train
296,10.56911196707452,10.5985,train
13150,3.757270319774344,3.8308697,train
2622,11.51156021460952,11.465088,train
14666,4.851953278455316,4.744019,train
5482,10.826844054496796,10.927396,train
19130,1.971191965449972,1.9163965,train
15007,9.40882081574799,9.450325,train
936,3.7176627294533153,3.7658212,train
1688,6.035556393728347,6.14817,train
7370,20.85904279550912,20.837303,train
18578,0.3932190682045742,0.40107456,train
4881,16.57057406993425,16.637068,train
899,7.22439197577539,7.197791,train
1639,11.509838505656989,11.473887,train
5672,13.253080371460774,13.329705,train
10464,0.2072048690948496,0.21587165,train
11550,6.872866621316818,6.9001584,train
7362,22.05025385602377,22.016895,train
11572,4.95211489017525,4.843672,train
6128,4.759934690025212,4.7410154,train
15783,8.17405013152419,8.168013,train
17347,6.0333499599018205,6.0491667,train
3534,15.095199726648897,15.118094,train
16009,4.565226737360727,4.560347,train
18801,16.49851637630969,16.530237,train
13392,17.527811751098067,17.440248,train
18094,9.744057502097156,9.707443,train
11397,3.425840860644993,3.4145117,train
1129,3.959202687701331,3.968893,train
4513,14.251404991327565,14.233328,train
16086,14.348172480019382,14.413831,train
3850,2.635053709399093,2.561621,train
6581,0.6361608981410182,0.61829555,train
9320,17.72327652536838,17.79466,train
16811,1.7813301351293105,1.7436442,train
16352,7.617292713439527,7.6098714,train
8518,1.2884597646016207,1.2919469,train
11558,6.163074466280349,6.125477,train
9382,10.154837207564306,10.197562,train
158,3.2259224824619075,3.1140842,train
9415,6.568083827766301,6.5412498,train
16317,10.412437871202474,10.412762,train
5926,5.959000715567592,5.815594,train
7032,11.728256578609717,11.765061,train
5289,13.083528325354012,13.050282,train
6002,18.159926309731546,18.14584,train
11126,12.41780329838812,12.517016,train
2179,18.027805786547585,18.021227,train
11830,19.613725781809347,19.73206,train
15579,9.571274055442943,9.641654,train
10372,7.604287952750833,7.7035365,train
5164,5.043502793806469,5.047902,train
2462,6.881594946774914,6.84985,train
4981,4.902851076037209,4.937448,train
444,13.47846306961497,13.577199,train
14017,11.847991249098934,11.959817,train
15542,14.23026333227686,14.12864,train
815,17.065980014753574,17.05669,train
1843,10.23450364346372,10.053308,train
12211,18.311240400064715,18.353024,train
14757,16.5917602764741,16.592426,train
2850,7.139494453724096,7.1554255,train
11201,4.51049166543804,4.418463,train
4234,2.638632818220998,2.6262558,train
12774,1.8375532937487364,1.8174632,train
282,11.90423619833592,11.872242,train
191,0.539242159226578,0.5595038,train
9580,10.55251846371202,10.53902,train
14981,12.336284543592472,12.332504,train
33,16.333138601220764,16.344519,train
11466,16.782225593222645,16.79716,train
18815,16.36868492777605,16.404518,train
1023,15.382201651216178,15.384897,train
2742,20.313524627842632,20.3249,train
8353,19.78121224156807,19.750244,train
1511,4.8249483278781815,4.8407893,train
3969,10.222498847564792,10.263678,train
11104,15.138576847377475,15.169171,train
13273,10.364170751217925,10.365951,train
14999,10.308036293910636,10.3114395,train
7138,1.8035150469472008,1.8329777,train
6676,10.65413001978085,10.68282,train
5488,11.042302531553332,10.99611,train
786,20.30971303339362,20.337646,train
13992,14.728998438519756,14.760712,train
6144,3.180806874925841,3.1626625,train
18618,16.341626735488266,16.344687,train
18007,21.15239526077944,21.139868,train
14576,15.685423595490043,15.720581,train
14064,6.55491132376512,6.5106964,train
8685,2.67209601832661,2.7206924,train
9457,2.620294808921823,2.6313698,train
11715,10.543250420572315,10.560841,train
12924,6.914205654770375,6.9099,train
11305,13.591480462901735,13.552118,train
17879,11.902852702815863,11.933191,train
123,6.504434604172096,6.4787297,train
7921,1.6609439951502918,1.6325127,train
11423,1.1234571009929148,1.0770744,train
10090,20.75076464602408,20.77308,train
2551,20.39217634236777,20.39029,train
6033,14.648157331056744,14.63803,train
4805,3.224476250669228,3.3052037,train
6746,2.9275229925083703,2.8498309,train
11988,2.549002409314777,2.5067725,train
4757,8.116321261659259,8.007596,train
4060,1.0474653639478375,1.0568807,train
4235,2.583773182845688,2.6031153,train
10713,15.081135509742571,15.199713,train
17100,12.884257196068814,12.923843,train
3859,1.863388642944818,1.8311766,train
4374,6.985280323134538,7.0656753,train
18283,10.30793702530988,10.173954,train
13939,0.9914297939824904,1.0083263,train
2933,18.31243934056613,18.333172,train
11978,3.430846810969093,3.4230504,train
11913,10.514722587647514,10.518037,train
9204,7.433005148968268,7.4148297,train
15267,2.0011339375721344,1.9380921,train
9645,3.858971658043433,3.7716475,train
18502,6.7153578971099375,6.5640755,train
1067,10.318445239041976,10.143888,train
4137,13.214443331693156,13.192374,train
4978,5.014118711787898,5.012406,train
11674,15.498651522246604,15.579333,train
1132,3.703223786950799,3.757864,train
8562,14.549796075261431,14.516736,train
886,8.861366280325308,8.832814,train
16605,2.520335514813448,2.4714422,train
13962,19.14689372570972,19.076885,train
11603,1.9510381760858653,1.9289575,train
12776,1.7349116511549845,1.6510204,train
1919,2.8455543662058487,2.8304458,train
8015,12.986040782329072,13.13261,train
15597,7.628865817156949,7.703676,train
3409,8.316905496907616,8.331224,train
14375,16.347734646205346,16.349094,train
5153,6.172839631639625,6.1131096,train
2268,7.14184468175156,7.156359,train
12598,0.6598020896326948,0.64939564,train
4111,16.048858907158184,16.047798,train
10672,17.166996737654824,17.140022,train
14871,3.252308945734981,3.2464879,train
2748,19.77808333978717,19.69533,train
1522,3.766982297233641,3.7974877,train
10427,2.653406588091008,2.5662754,train
4207,5.054739823843226,5.0222235,train
6590,19.800650282307288,19.743181,train
17681,13.111171522610572,13.123315,train
981,20.56450326614551,20.625502,train
13314,5.747701354190622,5.763314,train
15737,13.649441127737388,13.666425,train
4760,7.703148412498286,7.6207805,train
18952,1.472644486084988,1.5121471,train
6359,2.000603002657512,2.034535,train
10995,5.968703055443048,5.970233,train
13692,6.054259565549038,6.0681567,train
8157,19.518072108809445,19.542324,train
6748,2.744654934714137,2.6928616,train
2711,2.0840191678963498,2.1319337,train
1579,18.83074491687184,18.93357,train
5487,11.451413328066272,11.464925,train
5806,21.081808333410763,21.068481,train
1869,7.959675042165477,7.9743133,train
571,1.0577463872182309,0.9824712,train
11690,13.926004359446672,13.742735,train
5840,15.75820234227083,15.710282,train
16739,9.389676127754385,9.365735,train
18362,2.464146369100765,2.4294696,train
2608,13.22611383416962,13.207665,train
8715,20.89635640725276,20.837847,train
5154,6.032361775309867,5.9927106,train
8587,12.638517301598988,12.627676,train
8580,12.820781941493792,12.824251,train
3528,17.846364178601803,17.8624,train
9873,1.1899793870918265,1.2246499,train
16555,7.266788104126418,7.3894577,train
7196,18.418872993409487,18.399324,train
14833,6.819354336397344,6.8444214,train
8345,20.90367774942376,20.845118,train
16460,19.765049486350087,19.687618,train
14267,5.893649074954596,5.873046,train
7787,15.511519567823267,15.434728,train
7265,9.731789227663874,9.811233,train
12950,4.346743729218695,4.383647,train
4443,0.941462541724605,0.9397076,train
11233,1.2816514776934171,1.3148059,train
13447,11.536046539736883,11.573292,train
2637,9.889093584534631,9.901257,train
13997,14.31941486701234,14.365225,train
5263,16.61546986973989,16.631142,train
274,13.066169023585974,13.095828,train
2407,13.31021648626051,13.221118,train
10050,1.6174064893502138,1.5931039,train
4003,6.170699549300736,6.1736765,train
11499,12.449073181461069,12.420257,train
181,1.2113575583211815,1.2741001,train
18642,12.823627094947854,12.914949,train
230,18.381083000260908,18.345976,train
17248,16.292278659548728,16.36925,train
15660,1.706968431073434,1.7859708,train
9715,18.259682547449884,18.308025,train
5740,5.7230823257021886,5.7062206,train
17222,20.84635810940563,20.81445,train
7005,14.354488869012958,14.46026,train
7763,17.644633070170574,17.583559,train
3252,4.622207683141808,4.5926237,train
9984,7.248009213223828,7.310314,train
441,14.297649361169224,14.368163,train
4738,10.285362382537247,10.220395,train
40,16.24727700840261,16.255192,train
11340,9.133748758128569,9.212435,train
2240,10.24168807428417,10.281894,train
18101,8.967147715408167,8.935206,train
6826,13.623058156012393,13.653615,train
7411,15.558153627842104,15.587123,train
4522,13.248979880184704,13.166008,train
15841,2.124291802858907,2.0643063,train
11018,3.792231886393413,3.8217921,train
14010,12.562948193906628,12.561898,train
16848,16.898613511963383,17.030975,train
8584,13.93796780850899,13.93884,train
13820,13.081877107257782,13.056232,train
4478,19.112608428316896,19.12829,train
6673,10.12678316309255,10.145282,train
17227,18.569675371941653,18.586,train
13895,4.942315455250124,4.9254174,train
14469,5.069742200111251,5.0273447,train
2983,12.661374450487372,12.692435,train
13349,2.4562602911530456,2.4925778,train
18150,3.830390944696413,3.8251622,train
18034,16.604198635633338,16.744595,train
15364,11.195696641690336,11.2976885,train
15358,11.563355887211344,11.550414,train
18593,21.12351120338256,21.141104,train
14420,10.597146980576328,10.617761,train
2713,2.0157006754162703,2.0453756,train
4077,21.116673053934324,21.085827,train
4690,15.81122436538004,15.834075,train
6448,14.342922736173067,14.534144,train
645,14.527215020687995,14.5483,train
13032,16.982114607792205,17.0297,train
3226,7.289695134298567,7.3253098,train
14684,2.87126885209838,2.9266965,train
12170,2.4984417195715496,2.5004838,train
7949,21.16883422332725,21.239286,train
10397,5.511740079690594,5.3241725,train
9328,17.071267751735842,17.011013,train
15618,5.442241854510902,5.532627,train
12606,22.534180419254657,22.539877,train
1581,17.557550958728992,17.508804,train
16328,9.1894909305811,9.244952,train
5066,17.052411315429143,17.111622,train
9409,7.155406681769532,7.2246494,train
16433,0.3941902583744932,0.36011747,train
18279,11.217463807117388,11.242531,train
2387,15.68257021660344,15.72297,train
5093,12.726444930150052,12.676159,train
16046,1.20244571026187,1.242859,train
6252,13.350032215646936,13.489822,train
12194,0.7546735706872693,0.7041698,train
7930,0.990910996307996,1.0369769,train
6229,16.214920750309894,16.202553,train
14974,12.9505082609534,12.885428,train
16651,19.8456686284613,19.812443,train
19073,7.57239150798865,7.5812135,train
13331,3.992998276188081,3.9372203,train
13719,3.5051061666595027,3.4602447,train
12679,11.7261627042337,11.729567,train
14042,8.876439879255063,8.787686,train
5012,2.0602648804422268,2.06268,train
18449,12.319247848897232,12.305577,train
1668,8.296730394888689,8.213624,train
14496,2.292215585860748,2.3939664,train
5773,2.649221035275968,2.5758448,train
6266,11.964832447130936,12.002242,train
6375,1.028586322906207,0.9778215,train
5777,2.090994544234864,2.0784638,train
4685,15.419879881442666,15.541871,train
7056,10.659114979659115,10.664458,train
12949,4.421856636557019,4.4711185,train
9698,20.899373706924536,20.849142,train
455,12.224814160003396,12.209085,train
226,19.396595009464868,19.396189,train
15705,17.674936748754643,17.700256,train
10379,7.1174207735415065,7.134277,train
1316,4.928382377126955,4.862953,train
12405,0.2135376143130999,0.24903491,train
1225,15.297687972756862,15.300384,train
15397,7.438473819907623,7.44679,train
18935,2.802881161020668,2.8076568,train
16052,20.45673851436139,20.460602,train
11117,13.473660969483264,13.463038,train
13640,11.915544078777842,11.831236,train
11160,8.713757033248367,8.548598,train
9896,19.735286938201263,19.75936,train
12938,5.487800867272891,5.4473934,train
17530,6.604413764108234,6.5935063,train
18182,1.19936149902137,1.1420474,train
5310,10.60269609938621,10.582278,train
4929,10.569749499860336,10.5580845,train
10205,6.892371576239556,6.855874,train
11049,1.2011106872655002,1.208614,train
6530,4.994812980910688,4.983754,train
2716,1.918300270636781,1.9630823,train
7782,15.652339792342076,15.594888,train
6141,3.455304216220189,3.394565,train
12925,6.812831262326819,6.7863584,train
11878,14.240618238048606,14.121767,train
2461,6.959728824888727,6.9896727,train
6912,4.703427416349067,4.6097136,train
12521,8.021517455056719,7.9803343,train
4530,12.431892273669478,12.4376545,train
6073,10.261056784605296,10.344067,train
1037,13.51930303699797,13.285735,train
18561,1.537538076934542,1.4612805,train
8740,15.948161270804912,15.989835,train
17378,3.11124711933114,3.2005947,train
7060,9.130081077153564,9.1277275,train
16274,17.196685024933277,17.24624,train
7577,16.550745654983213,16.528124,train
13761,19.360522529837088,19.31135,train
1013,16.48625330434038,16.449697,train
8645,6.652056834946382,6.584835,train
17298,11.088027833149397,11.185389,train
14903,0.7692366815241009,0.7646845,train
1657,8.674935228596864,8.506132,train
5095,12.255437840203596,12.258425,train
18586,20.731952586617084,20.705278,train
18046,15.802766843517809,15.795727,train
15702,18.21959750429862,18.223892,train
18360,2.6301585850237834,2.5662768,train
15427,4.437362463416235,4.48711,train
4698,15.148962121407616,15.105028,train
16746,7.897599144425017,7.9653606,train
2944,16.74907184997722,16.77477,train
4303,14.391659975082048,14.380446,train
10691,15.742911391622712,15.892036,train
6046,14.461785123599782,14.355797,train
9438,4.08501801950112,4.0834627,train
2785,15.139539932648264,15.076498,train
11306,13.333537829394835,13.268913,train
549,2.8675475935430508,3.0542781,train
15914,15.32922760485292,15.3336935,train
10072,0.2617270042140099,0.23734388,train
7731,0.7845465954989045,0.7565051,train
14753,15.410064255043247,15.405742,train
7442,11.775897023183187,11.772956,train
16409,1.949057051223679,1.9970349,train
86,10.325536821922382,10.256007,train
17058,16.497521887473003,16.593527,train
6952,1.167745773862359,1.1831945,train
10481,18.062741784697003,18.132467,train
19204,15.401929010508924,15.259332,train
6520,6.041575475116235,6.0850883,train
9913,14.254008956698495,14.403478,train
5839,16.066135480846818,16.083559,train
7778,16.406591102518757,16.459044,train
13268,10.602546348574696,10.5821295,train
12658,13.089933312083383,13.163943,train
8351,20.23045398190681,20.189474,train
1705,3.994140072292348,3.870289,train
9512,18.971861705860203,18.94699,train
5312,10.510611745127331,10.5272875,train
10786,6.292692368813647,6.3468885,train
15635,3.680440396111012,3.668733,train
7717,1.7622661293601014,1.7664865,train
2660,7.101273182113865,7.1166615,train
7169,21.71943153101962,21.671535,train
9247,3.297862072207058,3.295074,train
9734,16.0193776997373,15.9929495,train
11253,20.60086398846893,20.58037,train
14293,3.174016842457786,3.172471,train
1961,21.56761896993386,21.567678,train
2073,7.815475230848388,7.7943287,train
17275,13.970838591056806,13.899561,train
6115,5.867750111094422,5.729038,train
8879,2.2594305922210727,2.2472444,train
7361,22.128000746160826,22.1961,train
9586,10.194655648967704,10.075765,train
11379,5.146811012628602,5.180623,train
822,16.381395421736947,16.438639,train
14602,11.02508363182812,11.056455,train
17867,13.653036286162902,13.465757,train
9831,4.842814424994238,4.844189,train
8330,1.089805840163193,1.063305,train
12716,7.1737019118753445,7.199673,train
4719,12.46596253710234,12.440797,train
12095,9.051199097569205,9.182683,train
5053,17.341234647311804,17.3667,train
14213,11.460280314654632,11.3712635,train
12544,5.659052480747504,5.6718664,train
402,18.28008497177701,18.274965,train
8663,4.933720981276406,4.9829354,train
3869,1.076994344288722,1.0444384,train
10362,8.597724094699288,8.6258545,train
6593,18.26480056487112,18.172262,train
18462,10.720907675792024,10.71325,train
16028,2.7547438547496306,2.7787416,train
11590,3.038286011806254,3.0179894,train
8029,11.470340427488352,11.597216,train
1947,0.8281100117007372,0.8337544,train
2525,1.1779678905684,1.1356077,train
3607,8.249464474591775,8.219881,train
18855,11.45863238262822,11.521041,train
14384,15.193953656281291,15.167548,train
4693,14.94379882915265,14.948999,train
15343,13.776250765303535,13.817761,train
1264,10.480949260661532,10.41855,train
17719,8.381091755308681,8.383471,train
12488,11.787655867178596,11.8735075,train
12528,7.157042319888936,7.1843863,train
7190,18.931952062584884,18.967196,train
18943,2.061040854963272,2.0374417,train
6867,8.931397671619175,8.972558,train
10633,2.441601297486679,2.4030964,train
11228,1.916535899447998,1.9302168,train
16183,4.941135171654634,4.910917,train
16534,9.52138549795927,9.549792,train
7739,0.3336236844416477,0.30010045,train
505,6.967622602923509,6.9596467,train
10092,20.554061543805044,20.484549,train
475,10.093967352668,10.166067,train
9062,2.9478512981855567,2.9981744,train
1,20.92729331401444,20.926805,train
3707,19.750311286483846,19.803993,train
7616,12.033914162588134,12.029875,train
19347,0.8756526226738274,0.88640714,train
3854,2.24680091777955,2.2751503,train
18440,13.153229670460163,13.309634,train
6535,4.886715199006464,4.8625336,train
12913,8.133559889398251,8.139905,train
13834,11.034962405119204,11.051488,train
16215,2.1775921700410192,2.176204,train
8504,2.168404259074822,2.1551714,train
17630,19.64678320999517,19.706684,train
5230,20.76608188363235,20.78296,train
13497,5.919900979096575,5.955705,train
7205,16.774525153872798,16.79885,train
6223,16.847465602065224,16.902254,train
5975,1.5397182619205745,1.5961742,train
5167,4.893730248651186,4.890593,train
11440,18.173162398390726,18.189552,train
7894,3.8981623654331017,3.9573438,train
1064,10.735752024614111,10.750126,train
10088,20.94874996786176,21.02137,train
13164,2.1184231488240983,2.094422,train
13944,0.7611651794612739,0.80562437,train
16859,18.37098140829278,18.396088,train
18169,2.074731618466176,2.0632656,train
2441,9.176258943803036,9.312736,train
12224,16.450481892686934,16.36495,train
5848,15.121287066420212,15.143951,train
2033,12.43400414846439,12.463278,train
16146,8.243885195658855,8.265668,train
3864,1.4820798073235697,1.4923415,train
19142,1.0816937784879217,0.99216616,train
9626,5.824121781693568,5.553016,train
5538,5.563272210466784,5.4399886,train
9416,6.495076764918974,6.420158,train
9727,17.090026124929306,17.055698,train
1036,13.662531050401435,13.575431,train
4920,11.700149384540374,11.681964,train
1868,8.305714831844798,8.249244,train
13573,19.28102509576656,19.34714,train
13444,11.083590991285815,11.206409,train
4387,5.927017991122013,6.036191,train
15123,17.697928480834214,17.777067,train
2504,2.819714609183088,2.7580123,train
12166,3.0073383055062712,3.045496,train
7252,11.229446641358908,11.236456,train
8403,13.235861518336955,13.209161,train
9278,0.5987628877692368,0.58779854,train
4082,19.35233466425812,19.440645,train
1001,18.30507841953188,18.460274,train
125,6.278120951100956,6.304084,train
14688,2.62854749495234,2.5550182,train
13400,16.8058500191604,16.803743,train
284,11.836977508122503,11.840315,train
11127,12.31076698194473,12.2989645,train
1805,13.921470642709332,13.911054,train
18831,13.334606249927308,13.365212,train
6279,10.249244237158305,10.315363,train
11650,18.884162690528008,18.774685,train
6861,10.352711597503427,10.284311,train
11672,15.786402740610596,15.742696,train
12006,1.0951511423488982,1.0512224,train
19041,11.8819335581345,11.854337,train
5024,1.235560027101996,1.2310743,train
14740,17.794432587093194,17.67821,train
11777,3.953139009830901,3.9470155,train
2567,18.24817121144231,18.138197,train
10953,10.662614785406891,10.578098,train
1538,2.135600226989945,2.1042962,train
2087,6.337264186543661,6.3011646,train
10590,6.431073774827992,6.4010267,train
9965,9.006171707088908,8.982447,train
12399,0.3911880519081002,0.4056953,train
18588,19.63547106328807,19.666609,train
694,8.922609745771625,8.984037,train
11436,20.168887004692344,20.065464,train
6503,8.147267762163994,8.11213,train
6572,1.3201569606177177,1.3312149,train
4593,5.376174725181905,5.3697915,train
5278,14.392628226991045,14.402138,train
15620,5.2817137440871775,5.4575725,train
15351,13.228685409120253,13.346231,train
8332,1.0430136469077436,1.0333823,train
2541,21.68007924924221,21.731373,train
1524,3.643478128667211,3.6989677,train
16178,5.752602382795811,5.701524,train
4862,18.99494697096969,19.084404,train
8691,2.059541252231609,2.117774,train
15750,12.112756379015012,12.040223,train
9741,15.213581312768063,15.246146,train
11601,2.115268716088794,2.188393,train
15870,20.64385766109003,20.746752,train
17486,10.406547601300703,10.393878,train
13493,6.206454130444011,6.2037673,train
18133,5.610720691779619,5.6155434,train
172,1.9278248161934004,1.9944402,train
4383,6.107284204215056,5.9181695,train
9183,9.710227183577386,9.62127,train
4567,8.236895162223083,8.180299,train
15479,0.4165977344363222,0.42793044,train
6608,18.60542333310214,18.664043,train
13461,9.594869206401226,9.547296,train
5182,3.3806755785284923,3.3752058,train
4316,14.475175236534332,14.452391,train
6253,13.253194114711064,13.253683,train
12616,21.15118917421828,21.143866,train
14822,8.048815209686945,8.051597,train
18786,19.68233233364661,19.631744,train
12554,4.654469009768629,4.620253,train
18087,10.609791163553966,10.5682745,train
12495,11.030890646594534,10.939418,train
5321,9.383252192784749,9.339436,train
11176,6.803261078527604,6.8349285,train
840,14.214374134958607,14.324245,train
3853,2.341731512355505,2.3077316,train
4104,16.514709382650803,16.523544,train
18762,1.4145885313791768,1.474261,train
17177,3.8764891527855134,3.9282408,train
13355,1.8779161494797176,1.8777289,train
10357,9.749590736483464,9.668303,train
15298,19.842435236769774,19.927443,train
3351,15.369416455513116,15.3918495,train
17283,13.337192581371989,13.282214,train
5073,15.02815644032048,14.943624,train
14832,7.005059110636106,7.0435805,train
16266,17.05525334485947,17.163092,train
10480,18.32897821073661,18.352476,train
6176,0.5622896266601929,0.5702096,train
6122,5.232309074822778,5.144175,train
6941,2.032621967915531,2.0144625,train
17853,15.211633203119368,15.207015,train
12868,13.135159415808344,13.141006,train
17271,15.096105477536604,15.161276,train
16219,1.8487723574599888,1.8656281,train
1928,2.0614545893330383,2.1216912,train
9915,13.755788075068812,13.667514,train
3247,5.123575856078675,5.133141,train
10208,6.082920840802838,6.028056,train
14907,22.11766348988234,22.059185,train
12081,11.078638387057175,11.012188,train
8796,10.89884517638765,10.861157,train
16071,17.478206544448664,17.432676,train
15318,16.172381358614714,16.191612,train
4297,16.57048597888232,16.57686,train
10959,10.142547239510067,10.152669,train
12571,2.924737302374372,2.8914034,train
12050,15.526837717415756,15.454902,train
11328,10.589974456539696,10.624434,train
6320,5.72982800097174,5.728239,train
16369,5.2429297634374725,5.2453604,train
15535,14.869818082439018,14.863387,train
1006,16.80413594962418,16.764221,train
9319,18.042405650212512,18.043774,train
3406,9.056991279258922,9.012075,train
313,8.32087656710119,8.340996,train
10454,0.6830092817116624,0.6941395,train
10347,10.84936388235506,10.823985,train
491,8.694395977662653,8.623405,train
3982,8.458624043949879,8.43468,train
9277,0.970930003467503,0.90987515,train
7446,10.7815532976639,10.734899,train
1277,9.259311094286746,9.117392,train
8515,1.3327370741653957,1.3227404,train
2953,16.065518669273015,16.037754,train
6197,20.626746436296987,20.63885,train
6702,7.166921496860359,7.1349015,train
9381,10.293761474466168,10.338877,train
180,1.26332293685468,1.3277867,train
1079,9.365283737448756,9.534271,train
13949,19.208376404611307,19.210754,train
18302,8.347191060949724,8.322464,train
603,19.72094698775271,19.755577,train
3010,10.097879829072852,10.135594,train
5862,12.885845324917463,12.935466,train
15679,20.678833769636928,20.762806,train
6126,5.0354095188356345,5.1763306,train
12292,9.99172481055096,9.9570265,train
3315,19.755302383779608,19.811386,train
2991,12.149273256451362,12.143125,train
11129,12.146226327130927,12.191409,train
12677,11.06823980029736,11.040816,train
10100,19.41119605734548,19.451113,train
6969,0.3030452713067348,0.39206153,train
5244,19.11777950801204,19.088081,train
8032,11.311196854704049,11.212086,train
19108,3.770244356760923,3.84042,train
1623,12.50262967926653,12.540373,train
3346,16.02929663967719,15.867445,train
4604,4.307985700601581,4.3869677,train
16618,1.566604617671203,1.5242577,train
11906,11.121869242349192,11.159685,train
4080,20.017413586213497,19.938993,train
4756,8.256806431934628,8.110178,train
17523,6.952455445249711,6.965894,train
19190,15.316620776733476,15.300873,train
9449,3.047894387980328,3.0536501,train
1971,20.29109858435033,20.251034,train
5564,2.8223879112855137,2.8792257,train
14178,16.401750765893922,16.47073,train
16966,4.691865906766983,4.6716886,train
851,12.85583875091774,12.83509,train
1981,19.0126268174123,19.046413,train
5558,3.576890308011128,3.7772033,train
17387,2.3344648561354053,2.4621148,train
13645,11.919367973627024,11.983649,train
11237,1.1757475028207611,1.2148925,train
17602,0.2755296859101361,0.26181987,train
14949,16.355752928975022,16.37623,train
11528,9.368458350278678,9.226372,train
10522,13.653785270698036,13.5805,train
12273,11.843844528975769,11.817875,train
11172,7.216953117068535,7.3875065,train
4536,11.96373315610194,11.950481,train
10612,4.277638039103397,4.192634,train
9045,4.682621167830762,4.661616,train
6204,19.19702814157005,19.10454,train
19278,6.843185726475329,6.7799926,train
18290,9.843910255206934,9.857779,train
18049,15.085415491051728,15.096035,train
6834,13.138283322988212,13.154746,train
7801,13.683103896087124,13.610289,train
15561,11.891509978569951,11.77638,train
17141,7.899035822590496,7.8940353,train
6056,13.195023716243716,13.1277075,train
7261,10.171633739974952,10.135802,train
10196,7.261932435517025,7.2026367,train
1256,11.617121163309092,11.485503,train
2067,8.471575661513649,8.495336,train
18206,21.12579351237744,21.12638,train
4230,2.8704885655826886,2.8504415,train
13420,14.513960731416338,14.56001,train
866,11.101393135248571,11.082445,train
17921,7.118615458995794,7.195137,train
10675,19.94043103010352,19.849491,train
17967,2.897151196677887,2.7884223,train
600,20.515858942480868,20.486961,train
8807,9.497173904946065,9.346722,train
9807,7.240883775808961,7.22655,train
2871,4.966349978588564,4.9782014,train
18470,10.02578955907095,9.921197,train
17046,18.37264316813348,18.419893,train
18541,3.1219321858111093,3.147882,train
9819,6.0059509272331,6.02834,train
373,2.1853964921874014,2.1862824,train
2906,2.0538824303843217,2.0851595,train
5446,17.046965128515726,17.029755,train
18889,7.29615628116574,7.227665,train
8641,6.48299009909547,6.3950295,train
2947,15.503400665315707,15.658344,train
19112,3.697865340739332,3.6236553,train
578,0.4536794661981381,0.44523528,train
16193,4.029518345139988,4.013541,train
13002,20.970490706900268,21.066948,train
15930,13.261477665273258,13.129068,train
11679,15.180956887237128,15.078349,train
8199,14.421890949230786,14.518204,train
17279,14.4025361833209,14.360176,train
11292,15.70258371750296,15.674246,train
878,9.605256512947784,9.658008,train
10487,18.430579837888995,18.469074,train
17585,1.3659015462833874,1.3623664,train
14746,18.358176141163128,18.38844,train
12505,9.898586390540448,9.866366,train
18722,4.754038653173194,4.774362,train
4397,4.877111996781917,5.138589,train
4192,6.680162833520041,6.719126,train
3978,9.266904220606582,9.310804,train
13556,0.6077306701295881,0.6674679,train
984,19.27284541820904,19.285883,train
2349,20.56126753339361,20.530603,train
13892,5.084828749757408,5.101967,train
4599,4.768852040231347,4.7771535,train
12009,0.9657258584334304,0.93173033,train
5796,22.47352530925754,22.46565,train
17201,1.8672639704028484,1.8124126,train
13532,2.6115000991242576,2.5611513,train
3966,9.84651027874329,9.766986,train
16720,11.553744728611408,11.550861,train
10418,3.41699448050956,3.451761,train
9633,4.899490952810892,4.790445,train
8290,4.509860815039789,4.483456,train
14512,1.350381559195754,1.3199793,train
18463,11.95142381076448,11.940574,train
9129,17.099210000964824,17.122221,train
5503,8.57919377871296,8.596245,train
13413,14.693638251491326,14.645256,train
11411,2.2660682203212144,2.386281,train
15370,10.169680237347306,10.179333,train
8003,14.512600920662344,14.582993,train
16791,3.5854775363007865,3.530476,train
13528,2.882896304308821,2.9184713,train
557,2.1695671632223346,2.0789704,train
11570,4.878126044500193,4.9680743,train
9959,10.54308433691252,10.420067,train
10549,10.879136601671872,11.011529,train
357,3.972872422243429,3.9817746,train
16344,8.118592951184079,8.139911,train
14665,4.48111981712146,4.608259,train
12071,12.453851856323226,12.473511,train
3286,1.6431261566308968,1.6401278,train
7007,17.0415907232486,17.046907,train
15768,10.008888225263842,10.024825,train
5068,16.458826252788324,16.47961,train
13063,13.057616796385313,13.074454,train
945,2.8522647296921995,2.8998506,train
18608,17.463900341027447,17.452808,train
14924,18.461897036678145,18.48048,train
11476,15.61166538974675,15.687671,train
15385,8.779477172833731,8.818408,train
9009,8.193741733745847,8.131358,train
15670,0.9849347998521444,1.0379117,train
7869,6.375201748962373,6.5212636,train
10130,15.49556885647501,15.386584,train
15808,5.643520188977047,5.6804647,train
1148,2.170873897194749,2.14394,train
16367,5.557150788728984,5.5916433,train
2553,19.9790002383647,20.007004,train
6411,19.23422029821652,19.26377,train
10123,16.542607734122072,16.588312,train
570,1.1137072326782624,1.0922123,train
1720,2.730102400663498,2.6928258,train
12690,10.319861507486944,10.413619,train
15684,20.462256008456333,20.5171,train
10689,16.406692796893076,16.506763,train
7017,14.69984701668744,14.64219,train
17726,8.16527228271837,8.143119,train
15633,3.79923541339682,3.7722695,train
16216,2.1063701979943104,2.0985563,train
17671,14.367110495089063,14.3624325,train
6623,15.386663051633615,15.390557,train
8962,13.072336683773887,12.974256,train
5779,1.9963270633339427,1.9915501,train
7864,7.030915312212341,7.0169716,train
7803,14.48220595043725,14.503262,train
479,10.36753983005962,10.314156,train
2594,14.879974733907538,14.885528,train
95,9.387432245785838,9.3972,train
13774,17.163365509908527,17.18575,train
15894,17.894343009451546,17.935822,train
5727,7.107246566598477,7.064727,train
19191,18.388409910982336,18.401117,train
11365,6.6693192653492535,6.6004353,train
13484,7.0582701933734,7.092557,train
2276,5.928269069942851,5.991262,train
11445,19.54920773572419,19.596498,train
5533,5.630704992052309,5.7445264,train
9659,2.1732309086856736,2.2263808,train
6832,13.906618576721144,13.963112,train
3474,2.08872558398934,2.0184994,train
420,17.053942204096977,17.027512,train
4578,6.986402117769186,7.02616,train
12376,2.049570653691365,2.0792189,train
15067,2.987158127574225,3.0237885,train
12291,10.232539783870925,10.290489,train
5339,7.18949168694919,7.1899467,train
193,0.485321645103471,0.48174247,train
18315,6.792832225981725,6.816124,train
3789,9.000429887717573,8.962024,train
3891,19.32983378351276,19.269957,train
18318,6.856506176140346,6.88942,train
15617,5.523188909510452,5.575325,train
10565,9.507920946960663,9.416024,train
9774,11.249738371443812,11.238784,train
6382,0.4704840186580877,0.48270717,train
4389,5.629414934632707,5.681327,train
3427,6.183514783725018,6.2757163,train
19302,4.786271553299498,4.8893166,train
14121,1.2379838223855284,1.2273544,train
5836,17.01087988459755,16.95327,train
11482,15.722565262504904,15.74457,train
12477,13.125167108607336,13.156039,train
14074,5.544134888289169,5.482874,train
870,10.576973620746305,10.576335,train
13875,7.131495269354769,7.091494,train
16659,19.705265298386472,19.739025,train
17811,20.51062479094733,20.597742,train
14513,1.333166126671909,1.3180653,train
17922,7.071568170798035,7.175218,train
5508,8.788136700734004,8.724387,train
13958,18.487036997594966,18.528374,train
6554,2.9722640733867896,2.9645247,train
10773,8.030693453535097,8.0492935,train
15460,1.6730453229919258,1.6639642,train
12375,2.029769155327063,2.009447,train
14634,7.478937642640308,7.5802784,train
17027,0.1737275349452251,0.18543808,train
3668,1.864127462225367,1.7946091,train
17741,6.095331254542051,6.0453143,train
4051,1.7476283882170385,1.7026553,train
2696,3.665392495485244,3.6393812,train
15581,9.454536373771615,9.286349,train
3020,8.943474226956123,8.951051,train
1158,1.3395651181856445,1.3324218,train
1900,4.60672874058614,4.607749,train
6313,6.524352568699902,6.480996,train
10017,4.74250150480334,4.7040763,train
11286,15.702437005157355,15.677612,train
1078,9.556897379467172,9.638447,train
8979,11.45951912594031,11.524572,train
7889,4.38861830448346,4.2977605,train
2036,11.98266685828287,11.896972,train
8566,15.30392150043713,15.309706,train
9400,8.150191908837673,8.203365,train
13519,3.7250132107572296,3.7062147,train
8783,13.107395396222143,13.08574,train
14407,11.966730610284126,11.948295,train
19146,0.8427794675110953,0.854725,train
16154,7.646701860216417,7.614188,train
9776,11.054098215140838,11.014474,train
10013,4.607736072326811,4.599692,train
7972,18.444311352069377,18.269094,train
16586,4.213046313757259,4.2049108,train
1644,10.14153918251209,10.29352,train
8615,9.978726468535626,9.940627,train
10757,9.173073547843464,9.138122,train
1934,1.6297345722128065,1.553527,train
12087,11.4085106199293,11.313015,train
1750,0.3900030481801184,0.4044318,train
2270,6.822806068119506,6.840743,train
4112,15.809263366223403,15.891022,train
18559,1.6511615980705592,1.5871418,train
2066,8.586590762181215,8.588889,train
11179,6.61810109657909,6.468898,train
11376,5.486735890089858,5.435791,train
13501,5.458870060564368,5.3742685,train
4335,10.945850377942756,10.770132,train
9797,8.380989979399848,8.362961,train
7525,2.981774540624172,2.989314,train
15420,5.129316089116473,5.122029,train
389,22.513521485266104,22.474134,train
17561,3.425633552825156,3.5199242,train
9763,12.533828560022052,12.584631,train
13109,7.935576106653956,7.9916067,train
3758,12.84399088338072,12.895294,train
4853,20.128341351153534,20.095299,train
15666,1.0874027283268577,1.0844166,train
6729,4.545761933510305,4.5428753,train
7685,4.773528409905445,4.75544,train
3506,17.21479862559778,17.267899,train
10834,1.890723642779956,1.954723,train
15419,5.218792348486104,5.1974382,train
13482,7.340530818695136,7.299217,train
10324,12.195112680865368,12.155604,train
9790,9.28841530930324,9.259293,train
1008,18.37599312831105,18.345366,train
14006,13.249868767040343,13.407147,train
6837,12.274236833776524,12.342633,train
11086,17.138269440080002,17.164154,train
801,19.0687343512418,19.046122,train
10465,22.51361084179773,22.534704,train
3529,17.34539744216507,17.343859,train
1432,13.842421998661331,13.772328,train
17252,17.2378423807484,17.21375,train
4556,9.548306774236414,9.519412,train
4021,4.445449022261403,4.432756,train
10908,16.24788778073289,16.291489,train
6157,2.039621039118214,2.0248039,train
4286,18.41540107139364,18.352606,train
14419,10.65058426824754,10.650501,train
17045,18.734229599049808,18.734964,train
5346,6.195789354049782,6.1787114,train
17037,19.22253204212504,19.316576,train
16076,15.227114855261606,15.142702,train
16828,0.6769168905940347,0.7188207,train
19098,4.658796333595141,4.704491,train
8631,7.465144372406775,7.481369,train
16484,15.030248706248546,15.051191,train
17321,9.066429565774872,9.032028,train
19024,12.56949686610065,12.49593,train
17076,14.77607974164573,14.770967,train
13136,4.8871187966893,4.933984,train
7477,7.25481524795666,7.251912,train
7562,16.63191694639926,16.582088,train
11034,2.1244308628465585,2.062766,train
2487,4.561986580028895,4.3310885,train
454,12.403506218566656,12.472836,train
2833,9.253964318892166,9.2571335,train
13151,3.0951935810290534,3.0961587,train
12101,9.017604505803254,8.954925,train
12131,6.010003906070961,5.9580874,train
11605,1.7970414818209013,1.7917005,train
8079,5.879809302460586,5.7871137,train
16788,3.7073817242478375,3.7994814,train
8172,17.589870617251556,17.465014,train
8266,6.871339961011848,6.901996,train
1664,8.037676102304271,8.222813,train
2042,11.388719732422274,11.370301,train
1975,19.223837027956865,19.30319,train
17563,3.151190434735556,3.1607463,train
9889,18.730216498048737,18.77427,train
11840,18.45026388708808,18.475977,train
17743,6.045650024105218,6.0354223,train
11661,17.597199392571124,17.423208,train
12353,3.897309577988607,3.8128338,train
4975,5.775721241721469,5.8025303,train
16940,8.017268305638154,7.9519906,train
9964,9.1849779833498,9.169153,train
14432,9.327755683622184,9.3244705,train
12915,7.90491666256397,7.908129,train
15548,13.097554535045331,13.20756,train
16282,13.708839752935996,13.861789,train
7910,2.513533858328944,2.5309978,train
9313,18.27377427021205,18.298868,train
4423,2.4322503465755663,2.4630888,train
10935,12.893925685727552,12.881401,train
2180,17.676515200293924,17.668007,train
16095,13.4350549207177,13.455463,train
6993,16.713652009091938,16.670296,train
14440,8.280351570715117,8.248794,train
10913,15.638033196839634,15.565819,train
17950,4.021739861938916,3.9751709,train
9898,17.660126854048166,17.663082,train
8724,20.364946727560586,20.378494,train
9226,5.216363885800705,5.2825704,train
7380,19.523893249922903,19.503956,train
12490,11.567758773574544,11.497618,train
8376,16.828186686338043,16.830847,train
1574,17.772339817193757,17.700443,train
9000,9.07180354394155,8.91896,train
14090,3.8509316180022535,3.8477242,train
7981,17.32711733993895,17.16313,train
4395,4.937067231213982,4.854833,train
924,4.786465141777566,4.760024,train
2315,2.3563286586766936,2.3925147,train
18113,7.686346676354469,7.646205,train
2444,8.927065336995128,9.061983,train
10692,15.458731588370918,15.45112,train
16427,0.7701826659638971,0.7321926,train
8559,15.20107974396944,15.296659,train
6965,0.4083989951869428,0.39904103,train
9302,19.64289868313857,19.632288,train
8025,11.770900568746802,11.939116,train
15832,2.990017180911631,2.9380383,train
18277,11.6904477393163,11.682077,train
2550,20.61983863422933,20.627184,train
1144,2.663153034075794,2.611227,train
7444,11.701080697637826,11.711153,train
16886,13.11501269545745,13.0648575,train
11022,3.097278671866252,3.0598197,train
16894,12.650253047751772,12.59042,train
4584,6.286328584601843,6.303458,train
6886,7.081603488322958,7.088492,train
8205,13.993019502073778,14.12277,train
19132,1.876720981554561,1.9360641,train
12539,6.001898365046748,6.0013657,train
5172,4.315852713048764,4.3053007,train
9072,2.133160621351002,2.1827292,train
16747,7.706546595710664,7.7806997,train
11637,20.28176352136864,20.32599,train
15564,11.427940862539756,11.441722,train
5847,15.40430262819185,15.368869,train
8753,17.01262064404703,16.999355,train
10602,5.2350772326182,5.0770497,train
4701,14.353555596391743,14.30213,train
18149,3.886924198353362,3.8983107,train
12923,7.016399166117248,6.9873943,train
7039,11.497858234534162,11.609588,train
13145,3.927209951239019,3.9795883,train
17404,0.9664249231839768,0.9858081,train
1335,3.0032317085540874,3.053689,train
17,17.579798634918422,17.633373,train
12331,6.095076822527812,6.204523,train
4179,8.11897744784156,8.142765,train
9396,8.629892783397219,8.569381,train
3148,17.076301007704586,17.064692,train
13040,16.012849726950392,15.938572,train
8128,1.289629850209648,1.2973933,train
2888,3.091911014629125,3.125369,train
11125,12.55253336350061,12.620477,train
378,2.1293281843624685,2.1449237,train
12096,10.724771235187037,10.951755,train
16825,0.809005854846185,0.8233246,train
10655,0.4902042153628786,0.5160959,train
12847,15.648199894509212,15.566291,train
16373,5.329501885419916,5.3548937,train
16814,1.567566256182957,1.5652326,train
9155,12.6589508537104,12.73532,train
7521,3.045139514914101,3.0294204,train
15993,5.995764057817548,6.0719843,train
6097,8.147317139752253,8.2773285,train
3022,8.469390987578976,8.4165,train
13511,4.490078952414508,4.450053,train
1884,6.034677536259524,6.0988345,train
3291,1.1343297677140045,1.1349626,train
16008,4.627741713401826,4.598326,train
12070,12.827553715722852,12.899635,train
6903,5.548386419812249,5.5058503,train
4900,14.153788707089102,14.155528,train
8891,1.3465005424128964,1.4102719,train
16904,11.496529353559533,11.510727,train
1767,16.96334829587028,16.974354,train
134,5.388066993961366,5.402893,train
10817,3.304950515653557,3.3227284,train
4014,5.032910118436521,5.053376,train
5344,7.016543972567915,7.0396867,train
12612,19.07305811579114,19.034134,train
12518,8.274365708966169,8.279916,train
10820,3.016853147862494,2.962035,train
14965,13.870934895562982,13.877705,train
3231,6.827521410164249,6.815022,train
7673,5.283775321927115,5.2806106,train
18219,18.45325228694856,18.450304,train
15405,6.639954607522996,6.658339,train
5607,21.961040849625768,21.940042,train
3477,1.3966783729228156,1.4621322,train
6301,7.763049283089043,7.7257447,train
12746,4.277463947769953,4.275161,train
2942,17.658449894299977,17.640255,train
19259,8.6849847983261,8.573709,train
14778,13.691073774316994,13.690071,train
15599,7.417726918788691,7.5086174,train
12165,2.7792702366244666,2.86033,train
674,11.18731125679014,11.230122,train
5343,7.050957398752433,7.091215,train
10977,8.023130425369292,8.033292,train
7071,7.910361567664477,7.920055,train
14413,11.61919795393167,11.600672,train
12660,14.166215439678504,14.138054,train
9888,19.76839423330505,19.758335,train
18316,7.1717512454180685,7.2158585,train
10808,4.088791544095484,4.1478295,train
3375,12.570769267779085,12.511601,train
3488,0.6696826043307268,0.7042152,train
9153,13.053061037926728,13.146119,train
16471,17.134464966932118,17.124285,train
4213,4.549236624216601,4.52693,train
8115,2.151234460283053,2.1563208,train
16012,3.995403740779748,3.9818683,train
2568,18.40236928134583,18.39026,train
14219,11.228545675014647,11.27221,train
15701,18.41102733819257,18.351492,train
3765,10.702721614029276,10.881303,train
11470,15.353789916225338,15.2641945,train
2964,14.551358433667325,14.555414,train
2910,1.3330221013421928,1.3277202,train
3498,21.752592052034974,21.751608,train
6857,9.95488947032368,9.924179,train
4616,3.0712995885819123,3.0547493,train
15613,5.8515473931983975,5.825472,train
16090,15.902274775193296,15.933382,train
5921,6.443680060570131,6.4501967,train
16446,19.07408924771351,19.1169,train
2211,13.60406451899518,13.692809,train
6426,17.10876433974818,17.206417,train
14744,16.107672930893905,16.178467,train
18863,10.702092835865653,10.7986965,train
1034,14.036817175279037,14.082921,train
14167,18.02995571650304,18.055645,train
10660,0.4074953533766903,0.41928676,train
6977,16.885103376167073,17.003258,train
2971,14.523794187059009,14.383932,train
11623,22.140377073266293,22.27083,train
11187,5.689745344179361,5.694448,train
7462,9.395031670153427,9.387772,train
15900,16.89195021663424,16.94132,train
4285,15.914164198125892,15.7676325,train
14992,11.01983171693844,10.981339,train
3842,3.3124180599717405,3.310872,train
18646,13.523329266551617,13.546766,train
18791,17.50361450366376,17.486376,train
17757,4.907698707422592,4.9405174,train
2319,1.955469630782058,1.9225444,train
8784,12.740286365028425,12.80224,train
18225,16.09547415858971,16.149246,train
12848,15.418577449070568,15.436948,train
4866,18.435824795639405,18.428976,train
16883,14.184029160298426,14.072057,train
2482,4.805736808729894,4.9287796,train
17705,10.515931147150283,10.559403,train
16051,22.50196440680903,22.499023,train
16789,3.823985020985385,3.7334425,train
11304,13.855691543111895,13.816846,train
5048,19.021983295939297,19.042622,train
3556,12.234815697282231,12.337195,train
1299,6.126133763073914,6.0938253,train
17146,6.957702727593055,6.911216,train
1398,18.419035463030028,18.4095,train
2770,16.742904441542873,16.784048,train
9860,2.0640719393752547,2.0868425,train
652,13.825062453488536,13.831128,train
17641,18.24909175926675,18.266289,train
14363,17.762234276571085,17.754496,train
5215,0.8298474800160534,0.85186774,train
13647,11.448170759510631,11.451328,train
9519,18.097983737049507,18.119446,train
8635,7.736975740686063,7.7063084,train
484,9.187466695528803,9.173195,train
10186,8.40109499149045,8.397162,train
6560,2.15075822935641,2.1685696,train
661,12.763719063344944,12.701775,train
3698,20.489657692901066,20.466324,train
16725,10.245922909523,10.219657,train
3137,17.159731526330305,17.292564,train
16661,18.62034373575487,18.626596,train
9412,6.833739987639027,6.842491,train
6310,6.783119189025932,6.79325,train
12139,5.403437404731145,5.3846264,train
248,16.697143924080024,16.679293,train
5814,17.698361772240805,17.716171,train
2254,8.328300302863076,8.342779,train
4923,11.48486506030459,11.49605,train
6071,10.63630079412406,10.858497,train
1055,11.662933526354127,11.68138,train
4540,11.248867322964854,11.349001,train
17029,22.49579459275934,22.454493,train
5721,7.745601276747188,7.691136,train
14345,20.04830912906501,19.965137,train
5386,2.237983673065377,2.216842,train
10872,21.09633164624313,21.049467,train
16577,5.0681602529161935,5.01124,train
2646,8.837776424872182,8.886217,train
12499,10.49134955443618,10.542812,train
4472,19.24943898344823,19.276146,train
8942,15.280040410257037,15.265307,train
17505,8.577821296329962,8.534729,train
14783,12.112255436494635,12.161741,train
7413,15.46165981667762,15.396644,train
2598,14.490536353563442,14.547455,train
11850,17.280863313538923,17.378117,train
15772,9.42360735287108,9.376391,train
4257,22.51994229966161,22.493696,train
14349,19.426664738739195,19.437078,train
9324,16.942392781993682,16.984058,train
15985,6.921048541698535,6.9522038,train
8130,1.2601126183202969,1.2834045,train
16466,16.981025766107585,16.920908,train
14142,19.547245158795423,19.4801,train
351,4.070791201812769,4.0575843,train
8642,6.3420234434504,6.2193456,train
5571,2.314608112411931,2.345752,train
276,12.994178834660456,13.065032,train
15711,17.0792192712136,17.020073,train
16707,11.859402533401829,11.911808,train
6954,1.0591674277541632,1.036916,train
3326,18.40851240554049,18.32883,train
431,15.428830845791174,15.344141,train
9083,1.2047785373310698,1.1822783,train
11868,15.433447625231944,15.454179,train
18079,11.497493478930991,11.4695835,train
15927,13.66417963948339,13.740474,train
9338,15.770566233597975,15.713249,train
11319,11.493443991882591,11.46558,train
16764,6.178222863004029,6.1846128,train
11206,3.763924396546417,3.8364625,train
8125,1.3389729434462052,1.362177,train
12997,21.34249584840718,21.356808,train
9345,14.445387903277007,14.389649,train
17738,6.170135448748105,6.153074,train
3035,6.780607660810169,6.7630944,train
17072,16.036595787898243,15.925358,train
9316,17.983690637619883,17.852842,train
7951,20.924268241893536,20.900614,train
15141,15.805144936677596,15.742206,train
9347,14.290006642623224,14.087648,train
17235,18.38190948467194,18.359324,train
2565,18.428964201694683,18.417866,train
13579,19.56707361318509,19.547853,train
8119,2.064463035124099,2.0465593,train
8265,6.975063444905832,6.963492,train
18106,8.408557580374943,8.509912,train
7447,10.746423877822536,10.719095,train
13049,14.921495859418698,14.890509,train
18455,12.318201305017562,12.279058,train
8411,12.679000874952926,12.6901865,train
7237,13.07696023579496,13.004556,train
14539,18.81673669088766,18.774471,train
16972,4.407063899563308,4.2934046,train
9016,7.694906299535536,7.7356896,train
19260,8.536767346017239,8.415468,train
14847,5.786639219627659,5.7781215,train
683,10.157480041908943,10.221282,train
9373,11.168347550096268,11.229189,train
13335,3.649462565571015,3.659567,train
2130,2.036073086391246,2.0821595,train
10530,12.905156269505603,12.887811,train
12427,19.52394543926001,19.579594,train
4844,21.233727198950184,21.2743,train
3929,15.085714179531536,15.076325,train
16031,2.1707939647934213,2.161156,train
740,3.932667205053645,3.874637,train
12442,17.33242240017334,17.357336,train
4656,21.05127575855863,21.041653,train
5819,18.53259807503382,18.439705,train
18012,19.37188585228548,19.503311,train
10792,6.072290998800436,6.023847,train
7574,14.549729395922055,14.913863,train
16453,18.998609233118188,19.147192,train
7515,3.925826059666389,3.9460456,train
16536,9.230329085549736,9.2598295,train
808,18.39574762476157,18.439323,train
8200,14.29572815726073,14.347194,train
16678,14.55217508554606,14.62286,train
16708,11.58537741516816,11.692888,train
12321,7.104079203672112,7.1269927,train
17091,13.844603422653837,13.834926,train
562,1.741967562750114,1.7166249,train
12286,11.919381492526403,11.918934,train
2381,16.319220021787295,16.357819,train
5127,9.329571288382724,9.403867,train
9264,1.8062582314280269,1.7667804,train
16103,13.09466869135496,13.046524,train
11058,20.31745456001528,20.325373,train
3558,14.016211147652312,14.0518465,train
15215,7.17929131906343,7.2929068,train
18153,3.67064326216806,3.6676612,train
9935,11.895909997921605,11.869145,train
7572,15.292257660548628,14.913863,train
13634,12.054429792760414,12.10526,train
7711,2.156054056835451,2.1291604,train
12240,15.883869420303874,15.86685,train
2478,5.091543152008106,5.1989555,train
10886,19.052785431737263,19.132856,train
13012,19.62586741733908,19.68117,train
1897,4.803717437974854,4.70835,train
14774,12.89247756050733,12.8602495,train
10256,1.365022918605995,1.371454,train
18812,15.125967444501,15.218214,train
643,14.86814314343522,14.840731,train
13429,13.642810345434404,13.598678,train
5373,3.942501501860895,3.9518626,train
6505,8.099047376200758,7.9936395,train
8716,20.18681736384023,20.112827,train
12020,15.93259164279302,16.632746,train
5602,0.2339705925838407,0.2299708,train
4496,17.059985725487554,17.003279,train
10262,1.280595372088388,1.2797172,train
9724,17.228524658050507,17.286678,train
14379,15.567439454095084,15.561042,train
3156,15.152934935085838,15.153783,train
14494,2.976158434993617,3.0310895,train
12990,1.0168908610794245,1.0304205,train
968,0.6897312687098612,0.70854944,train
13422,13.924905694713283,13.898642,train
3818,5.864139114773048,5.976535,train
983,19.63877859131168,19.687634,train
7534,2.1150422252954315,2.1248837,train
11589,3.1419539344846386,3.0825357,train
14669,4.396073073840202,4.3412533,train
5106,11.938777665305532,12.045673,train
12449,16.595439613258986,16.668423,train
1439,13.063001502474666,13.015728,train
4332,11.459066726147396,11.529221,train
5986,22.455643249080502,22.434875,train
15396,7.564586215502635,7.526574,train
18327,5.917988435868747,5.939498,train
7486,6.179048894272332,6.1566024,train
7329,2.889865701764202,2.88417,train
9167,11.236378122207183,11.1775255,train
7489,6.106496410399514,6.0793376,train
12899,9.613954721963902,9.674001,train
7406,15.800511761138614,15.857414,train
1914,3.253159335671877,3.306992,train
11734,8.289821865676382,8.336501,train
5384,2.980226508176037,2.9944315,train
13467,9.215974985643856,9.23913,train
5731,6.674760537011192,6.667906,train
14395,13.901479417028678,13.828005,train
7235,13.20633086669691,13.158256,train
14686,2.83745008770363,2.736111,train
6642,13.606128640653305,13.637384,train
1384,19.69165760150577,19.696833,train
3021,8.703479630578629,8.749019,train
15777,8.963079277744125,8.968147,train
8711,0.7031397773910782,0.7146413,train
16943,7.315413934194913,7.253394,train
10974,8.240213314060291,8.21842,train
2865,5.894890640537222,5.903093,train
15306,18.621794604449462,18.596447,train
13981,16.134604988405997,16.07138,train
1535,2.679498999133588,2.699471,train
5067,16.754915725593197,16.810476,train
16115,11.284165557239715,11.240055,train
17858,14.51878836745026,14.6542635,train
9526,17.259139201403613,17.248156,train
7349,1.2150575668069057,1.2107124,train
11594,2.746834548339337,2.7504356,train
17812,20.342517752760493,20.385107,train
15898,17.222186215605763,17.207777,train
4042,2.497698442821877,2.5207868,train
6526,5.111517097318483,5.1331434,train
16532,9.897531935808235,9.949224,train
791,20.33499759756309,20.349857,train
13913,3.102335400612461,3.1058104,train
3838,3.796888841001292,3.757663,train
1306,5.964811073675738,5.9317975,train
7388,18.318433531919265,18.311632,train
9520,17.96619506338093,17.93911,train
3867,1.1907000710630626,1.1616805,train
8402,13.82690410348862,13.86076,train
13342,2.944383672293247,2.9193032,train
18655,12.611618937900168,12.671299,train
15422,4.934281457649809,4.933147,train
2589,15.614034167043185,15.614729,train
13489,6.720025813066688,6.729219,train
6532,4.94626675416975,4.93612,train
17172,4.536879361180384,4.4754243,train
4241,1.9503961525146003,1.9538419,train
10450,0.8687895547524962,0.83423287,train
14877,2.760360853438574,2.6838198,train
3478,1.3823045200804676,1.4551426,train
3762,11.587504709825623,11.510884,train
16258,17.609001361293316,17.563168,train
14125,1.1320628417922431,1.056091,train
18450,12.111018562099966,12.208981,train
4295,14.970605956415152,14.967496,train
14953,15.418577449070568,15.436948,train
13925,2.0225820705133413,1.9952749,train
7400,16.896208655505117,16.937267,train
14452,7.081017239298481,7.0851636,train
2184,16.34635011461354,16.41072,train
16042,1.312862075726525,1.3066334,train
6570,1.341982362806548,1.3499942,train
15151,14.59223132990232,14.635733,train
3141,17.598614558821332,17.537497,train
17823,18.933790424460643,18.839272,train
16247,22.508996223937512,22.480082,train
14518,0.7087578024321702,0.72399515,train
8430,10.354973736737758,10.421891,train
17381,2.7464243515878115,2.684834,train
18690,8.061852228934866,8.014783,train
55,13.725160068685865,13.673212,train
4317,14.077522186685917,14.097002,train
2199,15.42770122698096,15.41384,train
2318,2.023564938565108,2.0032833,train
12250,14.830020685690998,14.876636,train
10179,9.419561487090329,9.431923,train
4987,4.034252315525249,4.0318465,train
14748,17.44414105492325,17.416895,train
8963,14.446727638196366,14.404524,train
3207,9.312132790312464,9.468353,train
2902,2.1097454119709687,2.113916,train
2076,7.495941972447311,7.43882,train
8938,16.25843948249397,16.371435,train
6500,8.242731174140683,8.290957,train
7532,2.1410234210780508,2.1655629,train
15433,3.8337099978942497,3.7752433,train
14731,18.522123527263748,18.44136,train
12287,11.527373915814753,11.524926,train
944,2.893126825427682,2.9335968,train
941,3.018350236644896,3.0380144,train
13055,14.108709883380676,14.069192,train
9802,7.9895786172700705,8.001112,train
1382,20.14577238864345,20.133018,train
13604,15.432648148813952,15.48803,train
17713,9.410329477795615,9.438299,train
11433,21.85795464910716,21.859499,train
18235,15.092064649007323,15.185368,train
16959,5.98824173489261,5.9696336,train
14309,1.8139598282799447,1.8082372,train
2090,5.931292072092225,5.9388356,train
677,10.816566019555236,10.9834585,train
5023,1.2512743702841005,1.2406112,train
15072,2.708817008419211,2.7197542,train
9946,13.165852659633428,13.097221,train
6497,8.369152665755479,8.422729,train
6718,5.704531798832705,5.7286253,train
2875,4.86375341138461,4.862834,train
8582,12.437969712276224,12.411893,train
6664,10.950471483503096,10.953378,train
17440,16.7404958323967,16.58884,train
9474,1.1656112278163988,1.1643118,train
82,10.958917233895264,11.114714,train
1291,7.144349999526937,7.1997457,train
5294,12.81193831621119,12.777653,train
15769,9.91586547826901,9.922638,train
16809,1.934151031898072,1.8617721,train
13316,5.522988491446554,5.477174,train
14380,15.49229382369257,15.450263,train
954,2.034500130731201,2.0225847,train
375,2.1628716468938074,2.1703146,train
17662,15.589897564066296,15.603599,train
11424,1.0823152413343935,1.072201,train
9589,9.442571249776217,9.464331,train
2156,19.17563495353366,19.305199,train
362,3.093983475036169,3.0597677,train
16635,0.4034255835893461,0.3962134,train
4930,10.504197068123588,10.5323105,train
7737,0.4023339930304127,0.3981926,train
2924,18.884480820508934,18.933134,train
14724,18.21638832937843,18.33111,train
9025,6.788778404994512,6.791401,train
10036,2.941171754744185,3.003883,train
13538,2.018037695095204,2.0328887,train
6438,15.608632645366484,15.712238,train
11823,22.04902483468236,22.066614,train
6287,9.3865031475211,9.6080265,train
19096,4.933583162010905,4.966304,train
2962,15.321142404149263,15.298683,train
14879,2.5657020921547105,2.4884982,train
13223,16.488774635733673,16.539211,train
12599,0.639643410029448,0.6478797,train
13238,13.97489265424451,14.044023,train
12296,10.690658141889092,10.60079,train
8036,10.494851916266208,10.533961,train
10951,11.128254779521797,11.177594,train
83,10.767260713297178,10.876053,train
17502,9.255490214043526,9.273775,train
8385,15.624349620861064,15.647482,train
9856,2.7110279474984544,2.6638882,train
12854,15.12026687862208,15.116273,train
15202,8.616800487790487,8.657566,train
16719,11.83824612471708,11.818239,train
7363,21.9729021361493,21.941189,train
9884,16.868845037398117,16.831137,train
7107,4.69326443198834,4.6494393,train
14817,9.167136144825554,9.130947,train
16406,2.230130562203329,2.2302642,train
10337,11.95677468923895,11.894196,train
11879,14.010338483816277,14.039597,train
8201,14.198370572464531,14.061402,train
18599,18.094059252055416,18.053928,train
4896,14.507050469339886,14.489936,train
12621,16.92708441582344,16.951197,train
17196,2.264006877716685,2.313638,train
6743,3.1777440513823154,3.2269402,train
16989,2.888079942450905,2.788021,train
18459,11.259624367479145,11.265227,train
10492,16.828516432239617,16.813744,train
19231,13.160338461408449,13.051735,train
1594,15.581356535153002,15.549251,train
894,7.932188330295716,7.8905497,train
1497,6.401144786413938,6.431366,train
885,8.950121971570603,8.941631,train
16428,0.7170789646541503,0.6985238,train
17205,1.5657116136250435,1.579444,train
15025,7.349811059684846,7.4136987,train
7468,8.35989504222849,8.370321,train
14007,13.073898410392005,13.093768,train
13670,8.508956783426807,8.481508,train
14231,9.645411291877087,9.536507,train
14210,12.176857865650112,12.201127,train
18948,1.7259321241747216,1.6891296,train
4160,10.274769224266835,10.292902,train
6855,10.39320482152845,10.381797,train
2937,16.487702322435208,16.534525,train
4119,15.297446543667292,15.343704,train
1978,19.75456249839261,19.76838,train
12157,3.806931863038966,3.8051288,train
17546,4.552624882958069,4.5252247,train
573,0.952641793606788,0.9054144,train
3205,9.614838388212576,9.701409,train
16690,15.294132528993272,15.242934,train
15753,11.710635761569204,11.75001,train
3631,5.187017824171215,5.1060023,train
1920,2.735705221726008,2.7674868,train
6967,0.3537474221688925,0.30644006,train
11735,8.238273066210107,8.3191,train
11943,7.051962295546464,6.9895377,train
5984,0.8849432515060982,0.9391342,train
19303,4.634526200650414,4.674189,train
4967,6.112842774964155,6.115492,train
613,18.50492430172009,18.499811,train
13682,7.079397194661052,6.9841003,train
8832,6.371600123684384,6.466453,train
1857,8.64007817272783,8.6068325,train
9281,0.5216974924057339,0.5123651,train
15576,9.973543151051738,9.954243,train
10592,6.225980405940016,6.260906,train
10739,10.815804109186235,10.911779,train
606,18.942407506028232,19.001163,train
5511,7.979682463638645,7.9142427,train
11748,7.02596353332959,7.032832,train
9772,11.449523626332192,11.406398,train
6378,0.5340194918249991,0.5129751,train
15450,2.455287751263357,2.4375708,train
5774,2.600312065797456,2.5659735,train
11647,19.01503056076529,19.018114,train
10666,21.137427864315253,21.044216,train
10385,7.129519342605126,7.0060763,train
16321,11.33158867470983,11.25542,train
4515,13.963034101449248,13.8793955,train
14803,9.94896742833234,9.980572,train
17500,9.890352189806457,9.81331,train
16528,10.034963321586435,9.848713,train
2938,19.72080134002408,19.712393,train
15096,22.49346985320319,22.44725,train
1294,7.072457587977593,7.073054,train
15793,7.051002497470982,7.0513706,train
13202,19.38831861906962,19.379309,train
8294,3.924627710669388,3.9086404,train
12222,17.025832210674217,17.09794,train
6640,14.240002608024476,14.116939,train
5997,20.368618385239504,20.372604,train
6437,15.700780905257211,15.765096,train
11599,2.287886264882284,2.298174,train
9203,7.556778363657676,7.5791464,train
8347,20.67067689066517,20.674812,train
15852,1.2754399279405408,1.2312819,train
13723,3.0974790161981844,3.1046534,train
16272,14.61610779159238,14.934495,train
10790,5.707525120159982,5.8467746,train
9294,20.610306400244973,20.582008,train
10192,8.126977717228126,8.088263,train
8443,8.398245653459494,8.387555,train
16126,10.11422664280454,10.147227,train
14351,19.22188192466896,19.188934,train
7694,3.972675015486473,3.9585984,train
1501,5.864994274142417,5.878877,train
581,0.3819682250437068,0.36514017,train
508,7.173500952171232,7.031739,train
14005,12.852033551746777,12.844139,train
12109,8.4904006334705,8.517944,train
7324,3.5328355184767606,3.5754588,train
6577,0.6656799742273009,0.7042072,train
16336,8.654851272023603,8.657307,train
11832,21.05879060558599,20.987597,train
6290,8.977592376227372,8.973906,train
3095,1.433467592999592,1.4696653,train
9644,3.884997997890426,3.8442206,train
11026,2.938864987751968,2.9928741,train
16612,1.898748577697463,1.8840286,train
4148,11.79119997523772,11.848568,train
11675,15.394788571677031,15.531481,train
1699,4.790720524484564,4.9703083,train
17760,4.045587454661552,4.036911,train
17777,2.9706929308494976,2.9828491,train
16022,3.032142791330246,3.020023,train
2477,5.555352151114176,5.300331,train
7379,19.587616519307108,19.636847,train
16405,2.3345117484556184,2.3457117,train
18847,12.155664365596405,12.173388,train
3159,15.535126931754752,15.575318,train
14291,3.3845818573604185,3.3525872,train
10272,17.514890169090084,17.463266,train
6352,2.7083278943743827,2.6470833,train
7757,19.22322804604845,19.364302,train
4417,2.9144415014104186,2.8884382,train
10526,14.044642409476715,14.009325,train
14318,1.0974383345074192,1.1171845,train
16397,2.921785454119111,2.989885,train
1717,2.945602051217966,2.9629238,train
7631,9.46204093204956,9.448742,train
370,2.2197008694682103,2.2091668,train
3814,5.860392214373235,5.7878604,train
1261,10.576647329314376,10.605998,train
18299,8.911731981273318,8.937124,train
11557,6.3182333323957725,6.2672358,train
6220,17.224810521177545,17.306952,train
18557,1.7793785721482829,1.808057,train
14049,8.097963144107753,8.126533,train
11014,3.9704381769231207,3.9517374,train
1901,4.465556274020992,4.4803886,train
5883,10.442146110263309,10.486795,train
7651,7.501495093592895,7.4773893,train
4140,12.63938091557037,12.661105,train
5210,1.0614246533210678,1.0595906,train
12886,11.17373948523798,11.119771,train
13322,4.919217075843363,4.9042325,train
10981,7.749829827627775,7.7640915,train
7332,2.734652883060825,2.7887747,train
10586,7.005419517752936,6.990303,train
12977,1.8672238110193848,1.8414901,train
10026,3.9227920999184978,3.9411893,train
7198,18.035084837626727,18.00053,train
17766,3.931809377695459,3.9628694,train
4817,1.9695264323402184,1.9267234,train
11005,4.924542593057575,4.8690567,train
693,9.022786285876691,9.024478,train
2859,6.097722827382619,6.1126685,train
4450,0.4042749599400398,0.40536526,train
8071,6.86794511396792,6.6276045,train
12401,0.326928987870271,0.34979138,train
15941,11.977466830577558,12.090063,train
14479,4.063889944516938,4.048593,train
19104,4.315283702827196,4.2569666,train
13181,22.507069871309906,22.5256,train
7908,2.638856024089788,2.7532754,train
13936,1.1418050308192784,1.1142541,train
9315,18.06283523665878,17.956512,train
11853,18.05762854691715,18.008015,train
10518,14.52694893613565,14.60026,train
11041,1.9159796376706184,1.9059446,train
18291,9.636054011277016,9.558077,train
11161,8.663262886098643,8.386067,train
15728,14.72773462590937,14.704259,train
13438,12.471839623849563,12.4307995,train
16078,14.5140840782473,14.714506,train
11773,4.05946043607675,4.0447435,train
14393,14.036866546962678,13.992765,train
14491,3.055314598157888,3.110934,train
19109,3.6653984739307695,3.722269,train
16159,7.609037898538723,7.62866,train
6364,1.7909546274279833,1.794954,train
15013,8.64939668868855,8.63585,train
7666,6.591382381548886,6.5627594,train
17464,12.836937235530506,12.843726,train
5354,5.944120839569256,5.992957,train
9713,18.614485248966112,18.658865,train
18200,20.3548089690261,20.342098,train
6322,5.56656998172199,5.512586,train
4469,20.08364602764413,20.078781,train
8091,4.792473065262878,4.73239,train
11857,16.90642640617914,16.948963,train
3572,11.404269958922905,11.444734,train
18959,0.9430530290800372,0.9335443,train
9607,7.28017002703624,7.365145,train
7597,14.28913816543466,14.285261,train
16184,4.816115486579303,4.771334,train
10848,0.899748815687934,0.93844604,train
4903,13.893126831976714,13.902171,train
5069,16.166077406919296,16.176598,train
1331,3.055458233642649,3.1078722,train
9575,11.407219062881447,11.3618145,train
398,21.126468271201013,21.141794,train
3227,7.163520003210457,7.2450914,train
4505,15.15337903296613,15.1466875,train
16481,15.955237885791975,15.997095,train
11800,2.093025121680228,2.106184,train
17748,5.104779258572253,5.0863643,train
2166,18.02037958293693,18.205772,train
13782,16.933567449689182,16.880281,train
3903,17.36266345025021,17.35751,train
47,14.470941677649757,14.472866,train
17674,14.221587294894547,14.207031,train
9248,3.0601167257462487,3.041205,train
14088,3.966178662900465,3.9850967,train
7386,18.43402253267389,18.417173,train
198,0.374471098294154,0.36260542,train
8703,1.160655699939564,1.1374536,train
11229,1.8884701030921127,1.9058895,train
2554,19.8053395185324,19.764877,train
11395,3.5983953506814226,3.5842733,train
9007,8.591830839285874,8.641147,train
14954,15.191971987329683,15.243272,train
7456,9.58632355788508,9.574271,train
781,21.60151343948444,21.633806,train
12057,15.770654927334922,15.797928,train
2757,18.77382395095567,18.586475,train
2415,12.290011938316022,12.297828,train
6440,15.45865479027891,15.517625,train
12808,19.844610569030177,19.79856,train
4812,2.555101021386266,2.6330597,train
16417,1.4067971696769397,1.3767179,train
18846,12.407801011803508,12.464455,train
7516,3.1258952251291263,3.123075,train
12279,11.934652910554972,11.92931,train
13898,4.575030769577256,4.5892887,train
6984,17.211939392568514,17.046488,train
5355,5.9134024456094725,5.952296,train
13026,17.74637174033208,17.737469,train
12334,5.625139393662856,5.5322366,train
7916,1.9261395534205377,1.9209502,train
11950,6.113713948850348,6.1860576,train
15686,20.04445244483925,20.14739,train
15296,21.14471700672033,21.118975,train
16387,3.762633513447148,3.8146083,train
5899,8.915549796091401,8.860937,train
6822,15.116733137377285,15.193445,train
6125,4.9058710052155945,4.816607,train
6890,7.221662053780595,7.2426353,train
8558,15.523581567551124,15.435617,train
9625,5.858976835541201,5.6177964,train
14387,14.448001465501086,14.432834,train
12833,17.869312005428313,17.841684,train
3940,13.550429013695911,13.64854,train
10303,14.54312983691436,14.559367,train
2455,7.761523355967825,7.6646423,train
15019,8.018758617501351,7.966814,train
14431,9.376668051148483,9.404768,train
12698,9.571664177480493,9.629147,train
13345,2.731072845006579,2.738756,train
14573,13.75321473723394,13.711982,train
190,0.5690477977565799,0.58532715,train
11103,15.418641004337411,15.457863,train
4538,11.598573325725722,11.62487,train
4161,10.124157591277491,10.138353,train
8407,12.952071063021148,13.010646,train
5457,15.081655707981945,15.024583,train
17280,14.127053582661386,14.108758,train
2769,16.903902194483816,16.9447,train
2780,15.479539243843794,15.571351,train
7934,0.5478061218642997,0.5641657,train
15738,13.523962173257727,13.49301,train
3541,15.228583916275545,15.167581,train
5398,1.3845186624763368,1.4088732,train
4613,3.460960508896985,3.465975,train
16316,10.674038835484728,10.679287,train
14402,12.882016177131067,12.816017,train
12648,14.084591812191816,14.093916,train
17240,19.28301751800121,19.283007,train
734,4.694959687227901,4.7330594,train
18572,0.82684282911926,0.83352304,train
14417,10.75897444154258,10.811679,train
11047,1.2451620542818411,1.2384782,train
14477,4.128955203557935,4.123642,train
13961,19.464233900020933,19.554493,train
720,5.98190154253783,5.939261,train
49,15.750946921465708,15.659152,train
12012,22.51976636245452,22.51524,train
406,17.123697875347265,17.103872,train
5671,13.409392518184784,13.439181,train
14785,11.539883569203386,11.736471,train
12153,3.84742975283068,3.8820276,train
6373,1.08546321206387,1.0901572,train
1571,18.658442132601493,18.677565,train
14234,9.047829451041943,9.050435,train
6774,0.8186090746810383,0.8528659,train
18098,9.304882882994628,9.291545,train
2655,7.809621249264228,7.8077006,train
64,12.797391561107016,12.7594185,train
17882,11.658635584043132,11.58308,train
9732,16.31189877193869,16.303284,train
19100,4.43509034123147,4.408963,train
2111,3.806200826931738,3.8204758,train
9417,6.429801734688708,6.342972,train
13710,4.34553420995252,4.331964,train
6651,12.802246358270144,12.740886,train
4339,11.07423497199107,11.096461,train
8405,13.092273853002848,13.091468,train
9629,5.0314071528591295,5.2553844,train
11454,18.80023922723153,18.877657,train
4592,5.477928506629941,5.4226623,train
5079,14.92575316860056,14.997997,train
11162,8.358777050276291,8.426862,train
14642,6.885082629248378,6.8990126,train
11973,3.896544824535955,3.8897433,train
7355,1.029629323009083,1.0504869,train
5709,9.099649759029743,9.1156845,train
3440,5.01364804394072,5.0894337,train
9800,8.142843952703194,8.171617,train
4150,11.447886858326088,11.548445,train
9894,16.046320386957284,16.077477,train
2935,17.363984608906197,17.3786,train
12931,6.114435706347559,6.0820684,train
15033,6.5135615260261295,6.4995985,train
18129,5.903523860128948,5.840277,train
2969,15.303819163540014,15.312357,train
11094,16.358256080145317,16.440765,train
8397,14.195813280973544,14.162218,train
7266,9.536385734694274,9.479598,train
11460,16.35303395942298,16.365313,train
16867,15.022413807980008,15.095367,train
18850,11.420027894653876,11.346883,train
12382,1.5253032992363684,1.5095824,train
10183,9.219551252528625,9.215976,train
16479,17.08382040792569,17.034689,train
14092,3.737859159115297,3.7346082,train
17894,10.349593908432183,10.387545,train
11645,19.17020698237116,19.297356,train
16353,7.342952803871437,7.358619,train
15569,10.674104097421475,10.757671,train
11,19.7772032293612,19.822155,train
11772,4.093809396829325,4.06635,train
5874,11.32513026707826,11.431783,train
1209,16.92828552175879,16.998964,train
1589,17.60127612260102,17.592232,train
17424,16.957943751110285,17.092144,train
8655,5.596887530053483,5.55748,train
12986,1.1420331449464958,1.1356933,train
10807,4.208520389294016,4.2428126,train
4361,8.448305897532688,8.498043,train
16014,3.883606801343519,3.8768947,train
18275,10.920078412863225,10.967202,train
7098,5.484057929866723,5.346478,train
14630,8.358368630901133,8.286619,train
392,19.808558885794938,19.941017,train
12299,9.7111411493272,9.69776,train
16641,21.052520211297512,20.990356,train
9801,8.065777867695365,8.082389,train
15011,8.898097807416221,8.894756,train
7565,19.75853708419927,19.754358,train
17140,8.094523124222436,8.106241,train
16165,6.532114761811406,6.5226054,train
10251,2.096507888376888,2.1008987,train
10318,13.7209395812431,13.719325,train
629,16.844649719099507,16.729092,train
2629,10.65131865920812,10.69825,train
16969,4.908031075093235,4.8901334,train
1776,16.434793483288647,16.43465,train
1199,18.225786883947976,18.323914,train
16276,15.966317432589731,15.947245,train
6620,16.518243481952172,16.579462,train
11455,18.363054129241224,18.390446,train
5605,0.1780193532266967,0.1998098,train
5725,7.384469692128804,7.3546033,train
6012,17.05971477573769,17.067238,train
1103,6.5855614816016645,6.554885,train
5381,3.0402007397699906,3.0309603,train
16842,19.57799218030028,19.529745,train
9435,4.552605834421772,4.5391445,train
12223,16.711965789919308,16.72708,train
16212,2.40915390570679,2.4332893,train
1400,17.99746646858075,17.985277,train
7163,0.2545913005552414,0.26491633,train
9202,7.68819610969849,7.7375813,train
17797,1.2961103766044573,1.2932541,train
3909,17.616626635797154,17.617702,train
17019,0.3597674561503848,0.34461004,train
12793,0.5000110867935189,0.47882354,train
15228,5.823503450195764,5.7964344,train
11730,9.20428075557021,9.128668,train
17621,20.920629950890195,20.859264,train
2256,7.972126213110267,7.970085,train
9185,9.413503401594514,9.426382,train
8455,7.170206244867605,7.136692,train
5776,2.1399028695982256,2.1165185,train
8830,6.737453446899228,6.728173,train
10173,10.384471514882696,10.420138,train
14689,2.5285607584860985,2.44788,train
11438,19.14215436473889,19.187817,train
6103,7.10261659687022,7.064796,train
19284,6.522011539613553,6.6808233,train
10259,1.32260237345039,1.3121954,train
14243,8.160296401027425,8.055084,train
6703,7.002865014222958,7.0108237,train
5659,14.994000503974044,15.10249,train
17278,13.20716334665527,13.324575,train
13988,15.58280451872564,15.553795,train
17907,9.043189870747794,8.880647,train
5241,19.355643869241675,19.374584,train
17638,18.440159012496743,18.410769,train
9054,3.8108122141311256,3.8019886,train
10650,1.050592442202087,1.0647495,train
7188,19.342066837341203,19.351274,train
6417,18.3051743699185,18.431755,train
3381,11.701026642018777,11.766432,train
1026,14.72767661803262,14.728644,train
14631,8.125889895028447,8.086922,train
4842,21.546314824119104,21.523481,train
14926,19.773035586508644,19.795343,train
4493,16.636145308644966,16.697239,train
3685,0.6115473896255464,0.67159754,train
1772,17.63295413008144,17.705053,train
1963,20.963035888799894,20.947842,train
17239,19.71722724304148,19.697327,train
16753,7.41011175931216,7.3900876,train
972,0.6214700080736264,0.62212497,train
3162,14.866422820550053,14.879758,train
13359,1.6605363335519678,1.7075961,train
301,9.534570318490992,9.514868,train
2286,4.951584386488295,4.9769287,train
11002,5.088483935776176,4.9737825,train
3703,17.63011358732239,17.60612,train
16949,7.106502788732034,7.1398168,train
5585,1.2413288069806176,1.2431163,train
13646,11.68258892308914,11.694725,train
6358,2.0471902877630668,2.087988,train
4998,3.0423143526210628,3.023145,train
11375,5.605452278019267,5.5903482,train
18603,19.75360943224408,19.796894,train
16124,10.569349787326503,10.59945,train
15044,5.401050204023712,5.416503,train
1355,1.321767441346075,1.3257934,train
7950,21.042167637903123,21.085737,train
6429,16.800902356057122,16.875593,train
1583,16.89626922565565,16.855173,train
15157,14.216750011947084,14.103303,train
13963,18.838351017053824,18.788492,train
7978,17.603534807001587,17.60831,train
18422,14.96734257554157,14.95071,train
5788,1.2413094158191356,1.2363586,train
7795,14.905852523093143,14.992721,train
17422,18.140254492108465,18.015472,train
8605,11.128141836167863,11.0510025,train
13229,14.844663526107894,14.87198,train
9122,17.381816842340726,17.33705,train
5620,19.54405811121784,19.618843,train
10767,8.14048746714604,8.087341,train
18478,9.335965226401925,9.291816,train
16869,17.034488002958717,17.074978,train
12579,2.136374246748046,2.1468985,train
10752,10.71305228261077,10.5981245,train
11444,20.042466451837704,20.016472,train
1137,3.345603738366341,3.394554,train
15055,4.346743729218695,4.383647,train
15049,4.806261448882026,4.7871337,train
14315,1.391361487828171,1.4037982,train
4676,18.33491824705517,18.3079,train
3078,2.901976418735318,2.8282168,train
10170,10.548197281711555,10.544276,train
14362,17.853126286028772,17.873957,train
580,0.4051409389984833,0.42717987,train
2901,2.126863174386015,2.1387866,train
11077,18.166146868862803,18.113503,train
5440,15.634376182816094,15.62843,train
12487,11.89921082186521,11.976421,train
11834,20.3570060364842,20.375628,train
15654,1.927200176976304,1.930997,train
10275,16.55422019111706,16.565565,train
15859,1.118278165004243,1.1427423,train
6457,13.168151206403486,13.21076,train
3268,3.002348407064243,2.9693642,train
10012,4.76293373325514,4.7813168,train
14269,5.609066902453258,5.614509,train
16378,4.49909456746291,4.544075,train
18120,6.880786553589981,6.888993,train
640,15.386630098315432,15.350071,train
6160,1.8248599785859163,1.8032428,train
1386,19.260853589501213,19.305294,train
12945,4.7281959004030405,4.7429266,train
12821,19.773035586508644,19.795343,train
9377,10.792590789282237,10.702315,train
5828,17.644366507129472,17.650656,train
9102,18.482860927288463,18.479881,train
15919,14.599830623944436,14.641316,train
18445,13.473492151226866,13.353131,train
6549,3.0589953180463487,3.0518718,train
4348,10.189196006896411,10.1687,train
13564,0.4216268141218848,0.4310719,train
10715,14.056382011142878,14.136666,train
7320,3.7738131334576206,3.8042374,train
10471,19.05140001617765,19.19307,train
18482,8.697321227478655,8.6926565,train
13106,8.107723838371673,8.130192,train
17932,5.995482403954151,6.051193,train
15826,3.759156937038577,3.7612424,train
15538,14.246629663733655,14.369434,train
9323,17.065377743041147,17.139612,train
11907,10.93056549914385,10.947708,train
15070,2.8188644851182247,2.8527024,train
14404,12.75750806803688,12.759245,train
14886,1.9464937421112705,1.8582704,train
16037,1.9460576155502936,1.9603581,train
2231,11.20195378055342,11.237918,train
19244,10.884895192101794,10.907998,train
1231,14.21504366419298,14.355047,train
9602,8.141791072505978,8.16112,train
5615,19.721132451837217,19.623316,train
17040,20.684688746155828,20.650105,train
2431,10.321531882822514,10.328349,train
4891,15.311350663428923,15.325909,train
14430,9.425770935442303,9.467268,train
1253,11.694203073876876,11.707454,train
8935,17.469750268843192,17.452509,train
18300,8.721318296454976,8.719873,train
12987,1.1102978887575867,1.1064293,train
5382,3.0201384979455685,3.027597,train
15229,5.721802379849275,5.7285337,train
2552,20.177158351573745,20.186892,train
18001,21.19173976748653,21.142113,train
8802,9.303752305953148,9.291638,train
5467,13.859953008989471,13.84919,train
5185,3.0932156917955296,3.1340437,train
16722,11.008105523301246,10.965076,train
14450,7.164054449346954,7.17298,train
2498,3.098675117188547,3.2217317,train
1475,8.752905096767396,8.7601185,train
2167,17.667306091410666,17.845936,train
727,5.498996680809131,5.662734,train
9274,1.0716850512428449,1.001708,train
18329,5.641772520485596,5.675829,train
8285,4.855083573343559,4.8795333,train
4785,5.062628102469342,5.1680613,train
8142,0.5693230809063049,0.5749859,train
7315,4.420793061995648,4.479362,train
102,8.763218047058473,8.853721,train
2458,7.262335106643472,7.37921,train
1608,15.736264747320313,15.733775,train
327,7.1007878731776914,7.16818,train
12584,1.944348057779224,1.9308708,train
9622,5.966421855079291,5.890677,train
14258,6.832453310892551,6.8092446,train
8843,5.942312957093905,5.855284,train
9296,20.442354127136444,20.34032,train
12435,17.970926400108457,17.89988,train
6644,13.023524631022232,13.137558,train
13565,22.5048380025272,22.462418,train
2224,11.669457275282236,11.603574,train
4289,16.804074734530058,16.734386,train
4879,16.78311472577336,16.774597,train
7649,7.92564346306429,7.896475,train
13978,16.86244293709605,16.75096,train
290,10.75503132374108,10.70592,train
3690,20.439337072113524,20.420107,train
18745,2.774488536488976,2.8116457,train
8572,13.492024336430504,13.571122,train
10084,21.687991509576367,21.674809,train
13042,15.685223303929574,15.755717,train
13861,8.359493863202813,8.346367,train
18661,11.008915473132811,10.960797,train
6751,2.489531775366268,2.490599,train
1883,6.153773551937118,6.2927504,train
96,9.263131865173731,9.256327,train
17427,15.903850649878224,15.957337,train
4942,9.213909277474675,9.203761,train
13727,2.771590303685876,2.783059,train
995,18.016793602663306,18.054096,train
12562,3.8009399434652353,3.8333578,train
11065,19.7160129680156,19.7847,train
6406,19.780719232476702,19.826225,train
535,4.050314174871693,3.9973931,train
12361,3.253288223544794,3.1224012,train
6949,1.4751767227945205,1.4539279,train
14201,13.099322047466778,13.033075,train
9922,13.594630359363572,13.726336,train
8797,10.607867643250326,10.565077,train
8251,8.575026971358362,8.526434,train
6449,14.269709875123109,14.3556,train
2,20.3197731741643,20.394455,train
8680,2.959515523481685,3.031519,train
17485,10.59499418227912,10.651125,train
9390,9.284746069399434,9.36668,train
12850,14.9683286272961,14.993054,train
4815,2.377027290403509,2.4511967,train
15246,3.93394826367934,3.859159,train
15368,10.483140810785356,10.528573,train
2423,11.28599631157105,11.493102,train
19316,3.305135186682985,3.3344033,train
747,3.579142368225084,3.6588552,train
6365,1.7542900723734358,1.7574391,train
17357,5.046805991035731,5.1296926,train
13527,2.953056010909032,2.914949,train
2560,19.312243815136988,19.312466,train
15578,9.704564545490696,9.753363,train
17159,6.0293670420544165,6.01213,train
9422,5.782157522638436,5.8252544,train
15764,10.40213453261147,10.413102,train
11491,12.980665469224068,13.039429,train
1152,1.941694110604285,1.9631798,train
654,13.516092323770891,13.6212225,train
13683,6.911274213389651,6.908494,train
2896,2.924688602803247,2.9218202,train
2505,2.7830105666415785,2.7490559,train
9929,13.7772180228243,13.815825,train
6768,1.088580677958316,1.0425055,train
15463,1.2317505818760217,1.3134694,train
18090,10.2064445280268,10.196411,train
15512,18.10783775358432,17.990711,train
17859,14.38593963848436,14.540867,train
4280,17.449137595374516,17.509268,train
3109,22.137297478568748,22.174582,train
17277,13.454082943284952,13.493949,train
5701,9.959985065879245,9.950538,train
18136,5.097350379405642,5.1180205,train
11500,12.188803670841777,12.247127,train
1954,0.341208905549873,0.3521669,train
5052,17.66849448143503,17.55169,train
17497,9.250478727003529,9.240845,train
9358,13.227549097956784,13.2407675,train
8218,12.25215779874092,12.232605,train
8291,4.4555568559990535,4.4510045,train
15251,3.557767076619893,3.6050584,train
17131,9.039222194203704,9.020498,train
17411,20.031527216163624,19.954287,train
9721,17.71858605125015,17.718506,train
6386,22.524978441497407,22.57505,train
12852,15.557675359879203,15.599414,train
7825,11.363543124066808,11.423308,train
17116,10.184960735482775,10.146404,train
16066,16.927694137825576,16.911963,train
11787,3.0107587901986426,3.0117931,train
17503,8.995340533034897,8.985521,train
18055,14.007372239852447,14.027919,train
3901,18.10277915722433,18.13501,train
8794,11.517846747262825,11.501986,train
8053,8.408988833037167,8.609964,train
39,17.054991231061614,17.074207,train
2745,20.11064350397017,20.112125,train
15678,20.89026667681935,20.97259,train
3484,1.2974498444127438,1.2812866,train
2868,5.082361522067117,5.0550237,train
17463,13.133801902828855,13.133616,train
5939,4.599132132408674,4.560018,train
19011,15.718259868749792,15.694546,train
12104,8.323156975891662,8.336633,train
7141,1.5686334002135252,1.5580363,train
6652,12.521017810953918,12.605165,train
10683,16.0542427843812,16.036121,train
7111,4.063205813608754,4.134241,train
4744,9.260595144902972,9.391196,train
13225,15.92139579135415,15.917195,train
1258,10.773394205973208,10.855195,train
8324,1.2573725528206996,1.2426735,train
11344,9.063570119151109,8.998207,train
14179,16.07850065123903,16.048069,train
17218,0.7177224100478453,0.7399161,train
12351,4.162280798821021,4.2775087,train
9178,10.75286812647171,10.733822,train
10847,0.948773805304944,1.0099242,train
18452,11.736575683153053,11.633534,train
10212,5.936116202524591,5.928217,train
4813,2.4952489795106167,2.4919508,train
1313,4.972425598719929,4.9385858,train
6985,16.80180766713284,16.742908,train
12742,4.656213581262815,4.621186,train
10406,4.713085469932207,4.6582136,train
4570,7.829034345224874,7.858143,train
679,10.61199153913358,10.519499,train
15071,2.7636254269490093,2.8463964,train
12732,5.653320564107459,5.651211,train
13816,14.147300970769283,14.194087,train
1048,13.21127381741639,13.190047,train
1245,12.8427708287496,12.766233,train
11298,13.96707997107185,13.887018,train
8888,1.5527320836340697,1.5442677,train
9830,4.897748088516234,4.9060464,train
14308,1.8878146703202885,1.858292,train
15628,4.45221344724608,4.4849815,train
8835,6.656828920160682,6.591758,train
14183,14.825273181422254,14.756573,train
7953,21.151799611506863,21.201447,train
3770,11.042064155869848,10.952068,train
583,0.3378376219549269,0.33767334,train
7551,18.040403070321283,18.032558,train
16403,2.565028747434487,2.5768566,train
292,10.692572747490082,10.681096,train
19140,1.2672990910486657,1.2233881,train
6852,11.179000089074911,11.189306,train
14056,7.277317228826436,7.3177524,train
9027,6.440439239407886,6.3525925,train
17049,19.737669867384817,19.715723,train
8922,17.473847145330826,17.389515,train
18726,4.581649100052082,4.555832,train
14657,5.748351929376554,5.6802115,train
13054,14.207421093330437,14.206774,train
11704,11.804275016953673,11.935547,train
1473,8.972852289904873,8.989149,train
10253,2.059009520665386,2.0910041,train
17532,6.153084655136141,6.106499,train
10829,2.283121119042724,2.2082465,train
1888,6.049285206011094,6.0178156,train
3491,0.6427620517828061,0.6793556,train
605,19.20011704239719,19.287563,train
4768,6.864658367880275,6.7780657,train
14893,1.4383458119298118,1.4649293,train
6207,19.331627704060736,19.334127,train
15014,8.52667801188916,8.580044,train
2418,11.987516138718464,11.96392,train
12414,20.43972000514917,20.29824,train
3456,3.835487806915867,3.5543873,train
17412,19.09745544698984,19.03828,train
19212,15.201555140067049,15.220414,train
5110,11.083963803638529,11.046111,train
8432,10.241353987831534,10.266365,train
12457,15.635489780724145,15.675859,train
18355,3.046868073551809,3.0466623,train
14365,17.581363323320634,17.52524,train
15471,0.6027001196323595,0.60672337,train
10293,15.46852699612557,15.570398,train
4635,1.663201536240974,1.6751927,train
7846,8.889677356496604,8.919913,train
15377,9.562011239142318,9.554227,train
9810,7.02641770935675,7.05598,train
4807,2.862236153624851,2.7876525,train
8919,18.143326860586576,18.2303,train
6536,4.090826458144895,4.1166377,train
5326,8.432274715177163,8.456581,train
10498,16.82192472786226,16.73877,train
8207,13.58639009186104,13.757139,train
6216,18.41786507817064,18.344292,train
6152,2.4936537697637977,2.4765468,train
18467,10.619429852023172,10.474107,train
18984,17.404128127949633,17.346182,train
6424,17.807824189719486,17.732666,train
17265,15.096185913668824,15.0745735,train
12177,1.9830176880824903,2.0292037,train
4357,9.277832579518412,9.16691,train
15648,2.609375147064399,2.6330125,train
15457,1.811775251423681,1.832541,train
6870,9.538562245917085,9.588048,train
10315,15.728951427283452,15.631867,train
18386,22.51886432517194,22.60229,train
16527,10.160342988083992,10.1018505,train
18799,17.260090560477597,17.263754,train
16567,6.039832292345927,6.0286756,train
12403,0.2674881187116203,0.27090713,train
7832,10.306249066737676,10.234558,train
8495,3.0450215233294315,3.0142999,train
9995,6.148937554271583,6.161042,train
7875,5.805739782698352,5.8115306,train
17778,2.2091811791589504,2.1973116,train
13015,19.160660445862256,19.166243,train
13470,8.698351291203247,8.656475,train
12257,15.16938226945356,15.165697,train
4907,13.157330651204637,13.121714,train
4411,3.4599002465324045,3.4255397,train
2274,6.2176640985146125,6.175687,train
7767,18.08685873105086,18.109995,train
2316,2.277937604688512,2.3192396,train
2883,3.915188941759194,3.953997,train
10296,18.38262494830857,18.411875,train
794,19.6348544599767,19.600163,train
17533,5.956988763433779,6.0570307,train
2932,18.817665916241697,18.8205,train
7048,10.77425905975175,10.758079,train
7751,19.04121481529974,19.216068,train
8952,14.175509311589568,14.201241,train
6991,18.142957550691506,17.942755,train
15668,1.0357705193277416,1.0795432,train
6552,3.003974616828255,3.0151188,train
5630,18.355535266913968,18.452639,train
18140,4.807767220158678,4.7620134,train
17545,4.682870663046868,4.605375,train
6793,18.788287099709702,18.84428,train
10163,11.574003487877114,11.54047,train
7168,21.97722567497223,21.922781,train
17798,22.53712501636575,22.535078,train
18002,20.84291879886917,20.808928,train
16630,0.5348692687854336,0.54222983,train
10115,17.66038047670697,17.626842,train
419,17.67522759813414,17.71411,train
12765,2.5902144739239503,2.5797493,train
4056,1.421495065834066,1.4625908,train
9762,12.64411384735712,12.665847,train
18426,15.796777935619348,15.829915,train
16938,7.195757072054465,7.2728925,train
9472,1.2299889904269974,1.288251,train
5423,16.417973806862896,16.407269,train
18528,4.297486487645065,4.332746,train
12617,20.493832246302148,20.561043,train
13878,6.667345233827822,6.6206827,train
622,17.500492380816162,17.514425,train
12312,7.92682369799497,7.9428782,train
5767,2.98745376548334,3.0115209,train
15276,1.2278970618895944,1.1433008,train
12172,2.290286635834462,2.2463427,train
10538,12.229524326741462,12.202201,train
18964,20.67181899566437,20.63318,train
10155,12.65846487002916,12.607489,train
18037,16.797332206872646,16.69331,train
18684,9.27679505984134,9.37968,train
4035,3.080781745927012,3.101078,train
1223,15.366501985420198,15.401238,train
15883,19.38412557576314,19.369318,train
6879,7.585327177337026,7.574904,train
9059,3.2435255877804394,3.1968281,train
4498,16.55278110948781,16.55974,train
9275,1.036924690674779,0.9830019,train
268,14.16246467672418,14.156372,train
16749,8.206064958514633,8.153121,train
3223,7.674089830712213,7.6880064,train
16860,17.91541129558966,17.886862,train
3389,10.65021314148247,10.582801,train
6145,3.101033893775745,3.131823,train
9652,2.9963706030787147,2.9849398,train
11705,11.729774055361252,11.862125,train
14358,18.21965092465582,18.27777,train
4191,6.786547864071999,6.7839293,train
12438,18.03442023134201,18.0481,train
10964,9.392622978374392,9.307559,train
17375,3.347226157820967,3.3507307,train
5570,2.422165498961775,2.4162385,train
6163,1.6323920162349237,1.6114756,train
13788,17.24522953362388,17.23294,train
16094,14.09213628551002,14.025615,train
16837,18.479286840629864,18.514902,train
715,6.669300252497617,6.749868,train
9471,1.2637977272278187,1.3016878,train
5530,6.16491378539248,6.1373057,train
17689,11.95852823856517,11.900482,train
10008,5.544975798471076,5.439582,train
15935,12.709569360946226,12.811153,train
14054,7.592375483104724,7.5218577,train
12028,15.63319602148139,15.8607435,train
9006,8.804555021959269,8.883886,train
13354,1.933709394613128,1.9417242,train
8766,14.389833380828216,14.409109,train
6836,12.54329838762514,12.659179,train
8009,13.851260029481136,13.910507,train
8526,19.73944784983449,19.799088,train
18256,14.460094879644815,14.460797,train
18273,11.398785395919704,11.300399,train
12592,1.2442107064320225,1.2657804,train
9130,16.554429039913998,16.393087,train
11516,10.930036494364003,10.891145,train
9256,2.5069385365952765,2.5013607,train
18364,2.3020354693115426,2.3211272,train
4973,5.859228644892811,5.8785233,train
2528,0.6448309049938266,0.6551943,train
12936,5.663360529255239,5.6827135,train
5421,17.12671084953786,17.172575,train
1185,20.345635977418027,20.274813,train
18072,12.226740352316895,12.2379875,train
934,3.814388044633753,3.8415525,train
12771,1.999907857989622,2.0043392,train
1371,21.68828448256893,21.65905,train
10278,18.50512588129302,18.64193,train
10194,8.03648046079839,7.9757805,train
16189,4.548961293346058,4.5246196,train
5504,8.406663929208941,8.392425,train
12421,19.957706552301453,19.920887,train
460,12.365999416667766,12.239454,train
113,7.540290559007622,7.5077667,train
6150,2.6591720605263265,2.6116946,train
10167,10.713142355295863,10.681661,train
18152,3.722566727963569,3.638072,train
1374,20.939169211449848,21.052734,train
14422,10.490913940773693,10.551301,train
19152,0.330115257527842,0.30848086,train
18194,0.5138463635584927,0.48606262,train
5490,10.33866926011327,10.314383,train
13008,19.9333662539454,19.891682,train
6232,15.736209636643922,15.815004,train
7621,10.45180696741651,10.431348,train
19101,4.910608385894048,4.846418,train
6372,1.1155284059745494,1.1127535,train
6082,9.355364317588034,9.453439,train
6760,1.739185155195332,1.7364683,train
2372,17.420181489978784,17.418385,train
15763,10.50660646592824,10.491881,train
4276,19.765965265705088,19.741644,train
93,9.675488144028906,9.750744,train
9240,3.8271505711388034,3.8211446,train
9863,1.9668262662528584,1.9697697,train
5589,0.9619443040927428,0.9130658,train
10396,5.7436268207998,5.754546,train
16868,14.645163427755495,14.736072,train
14942,16.808999358312725,16.79567,train
16289,13.722614419209725,13.796906,train
1591,16.44584784667663,16.328833,train
5907,8.078441845939766,7.946938,train
1640,11.149969800837043,11.152786,train
14182,15.1327189245244,15.126324,train
662,12.623468797558852,12.655668,train
9171,11.183199083795817,11.119685,train
10151,12.914464048775312,13.01255,train
6995,15.895550228287131,15.858686,train
5953,3.307999772312315,3.306486,train
8887,1.6250167165353195,1.5805446,train
7896,3.699991762160156,3.6334984,train
540,3.690090371735773,3.944293,train
7990,16.196813494410765,16.113937,train
17001,1.783040492797186,1.7021317,train
2815,11.516456986173797,11.438652,train
12823,19.148759454425964,19.14391,train
7835,10.20865469943535,10.228632,train
16281,14.031683757968905,13.861789,train
6044,13.38272138683764,13.340032,train
2367,18.08299452402025,18.070204,train
19009,13.006261471223004,12.899876,train
2134,1.845369303399508,1.8908576,train
2430,10.442317444884653,10.403674,train
7272,8.914210369600378,8.899159,train
8632,7.315919823889594,7.2506113,train
18967,17.84233418466289,17.886053,train
5302,11.704283205649018,11.776289,train
2695,3.7116590331612738,3.7423563,train
16130,10.553435111939203,10.591705,train
835,14.705553726148514,14.707468,train
2783,15.228085056268894,15.324941,train
12642,16.27912112850043,16.195068,train
3105,0.7701546852377049,0.7858033,train
3405,9.114954062797407,9.122539,train
16309,11.691704469894464,11.7597,train
8044,9.485836796796995,9.703793,train
18919,4.27428841284538,4.2827616,train
17557,3.5488021817890294,3.5170403,train
3618,6.869929805411404,6.8436666,train
10983,7.185904037550476,7.1445465,train
16800,2.745966153339342,2.6190536,train
10671,17.502275194455027,17.480394,train
6599,19.25968979551294,19.223892,train
16893,12.990158388617456,12.856452,train
15708,17.170618326686782,17.16309,train
10302,14.808337093100956,14.873176,train
6414,19.09042283167428,18.95115,train
1602,14.968528492556588,14.937971,train
8208,13.412935877996755,13.623598,train
16843,19.10134527258653,19.000946,train
4211,4.711766699961436,4.7054863,train
18466,10.872998723784864,10.810791,train
3973,9.352929980020086,9.349235,train
2702,2.9224325312719284,2.9485133,train
13041,15.797094207884903,15.801878,train
2510,2.1082614459589983,2.1689303,train
7178,20.657375784279218,20.6823,train
1406,16.827885407470337,16.844078,train
7500,5.028446232997496,5.0187516,train
1207,17.73417817038164,17.611778,train
14109,2.090668218587699,2.106925,train
14716,22.47951667105504,22.425817,train
16151,8.21017971190874,8.215695,train
15920,14.456320108271555,14.467509,train
1713,3.304281918117705,3.2663116,train
1041,13.620726931708637,13.616674,train
4899,14.241495807810136,14.253318,train
12098,9.876217789245231,9.816104,train
14374,16.429227458912575,16.385063,train
9569,11.81876754076811,11.908023,train
11261,17.274421458866907,17.40532,train
3617,7.0979936980291125,7.0631514,train
18285,9.87103356427097,9.803132,train
6106,7.215337552324328,7.354978,train
17998,22.5351385151516,22.492338,train
1809,14.863232804574883,14.907957,train
5666,14.486582137430585,14.408492,train
3865,1.4094189072653187,1.445539,train
26,16.767999864752,16.813513,train
18286,10.701480643894811,10.800059,train
14752,15.792077594102778,15.777052,train
285,11.803576968915149,11.814699,train
1666,7.761830390313571,7.6051745,train
4439,1.1152822258082085,1.1239315,train
2202,14.543433422098367,14.498745,train
18419,15.763733783473024,15.86368,train
8263,7.198946406486747,7.1581597,train
7660,6.727399751776412,6.709413,train
11111,14.303876614723048,13.971422,train
12115,7.175492953013093,7.181053,train
18442,12.74826861365416,12.740571,train
5766,3.0496046142177065,3.0396476,train
18777,20.373608168533984,20.390879,train
15360,11.218138324808915,11.173581,train
15775,9.140690569535652,9.1410885,train
19105,4.156231195776645,4.1488276,train
16091,15.298869261005391,15.2962885,train
6293,8.676064683795175,8.608637,train
17980,1.3572580876474287,1.393067,train
18232,16.13065598215453,16.151573,train
7419,14.379326862531842,14.402529,train
17694,11.754213738870824,11.752444,train
18626,15.92952789662537,15.977012,train
18607,17.900165327174168,17.76429,train
14625,8.242404902706129,8.383927,train
8447,8.202309692220162,8.211453,train
1249,11.899373051633823,12.05115,train
6024,15.596588249773712,15.519323,train
13081,10.767397265149388,10.674429,train
13187,19.91948446349477,19.962702,train
6567,1.3776530589236065,1.4163629,train
4858,19.515785554017928,19.490665,train
1907,3.904397222033472,3.8582032,train
12290,10.508591188622589,10.534026,train
10936,12.789685101589646,12.855849,train
6975,17.65665393427835,17.584692,train
19088,5.577619447410232,5.663479,train
8778,12.521365006594282,12.562698,train
16882,14.55505140224156,14.406435,train
1094,7.509446535147378,7.405641,train
19271,8.285929270513,8.308907,train
4331,11.68159241602327,11.794275,train
14089,3.908274878061822,3.9237294,train
5036,21.084219385581715,21.139025,train
3674,1.3015692862756665,1.3288349,train
7967,18.96627527224257,19.04508,train
10283,16.349936171246906,16.350138,train
15114,18.577970028563293,18.773596,train
14391,14.173052709440968,14.089763,train
552,2.565203388215455,2.6370304,train
14492,3.028752642825413,3.0777686,train
5553,3.788780867962422,3.7786405,train
5168,4.775483479968048,4.7934856,train
10297,17.167185468568366,17.274782,train
12093,9.52550696975184,9.545414,train
785,20.5590093887051,20.458447,train
5454,13.390302686039858,13.4093075,train
14793,11.025068641193752,11.094064,train
14462,6.004798883613109,6.02073,train
569,1.1719161381124206,1.1346241,train
14781,12.715510247384447,12.632622,train
9739,15.491356341912487,15.470878,train
10583,7.15018256160073,7.2057133,train
10652,0.9796619054306412,0.9675125,train
14737,19.20923148151256,19.19271,train
11285,16.019535712576353,16.004154,train
11965,4.683316549141171,4.7308393,train
17772,3.050504568919555,3.023748,train
499,8.064370726180327,8.017423,train
10164,11.514965747555944,11.506753,train
8638,7.024056557152764,7.14994,train
7904,2.944912970905585,3.0195436,train
132,5.617380662803646,5.6081653,train
18475,10.037916100497949,9.984923,train
11511,10.877209677198532,11.03927,train
10147,13.173130010882517,13.150669,train
7401,16.843405437148284,16.857468,train
18474,10.354058572427729,10.287143,train
5001,2.962058947095832,2.9813032,train
14162,17.39544951258146,17.314054,train
3023,8.240661943436725,8.166918,train
16544,8.45022913279292,8.575415,train
1446,12.056609956249698,12.000119,train
1660,8.885381913701254,8.888295,train
6468,11.867567043394226,11.907466,train
11392,3.872232537187473,3.7809,train
6059,12.258301245668148,12.244946,train
8437,9.351698474559369,9.377923,train
4765,7.035072117803925,7.113111,train
14720,20.210742396484747,20.143227,train
7241,12.547486111388972,12.52648,train
13398,17.592767086895638,17.518091,train
592,21.22682023065277,21.28059,train
3444,4.876261556017686,4.6758013,train
16854,17.415614928536588,17.324722,train
4398,4.7468213124068255,4.8477077,train
10433,2.084764100583215,2.086586,train
14360,18.035816489522563,18.053204,train
12750,3.8726333243355375,3.8762105,train
19059,8.283355662062137,8.286676,train
7893,4.008623258507501,3.988282,train
5969,1.82346279171816,1.8051047,train
751,2.938718609373353,2.9073668,train
18077,11.809607742508138,11.869323,train
12959,3.4851527344104323,3.5022545,train
4783,5.265033364964242,5.3625035,train
15206,8.291434917110719,8.1491375,train
15363,11.411932700474686,11.450713,train
13993,14.525914264012131,14.594272,train
14466,5.184542839733678,5.1362286,train
3192,11.249456993632398,11.229227,train
12556,4.141889281307432,4.105763,train
13778,18.45658733562703,18.42189,train
4074,19.880818810005582,19.924322,train
8363,18.433748910066544,18.388474,train
17520,7.678213115461139,7.654087,train
17554,3.906485040380336,3.8616903,train
10705,15.153418480251514,15.129882,train
18490,7.969307785134099,7.9340496,train
15454,1.9676704427242768,1.9692045,train
8577,13.739517749105994,13.686048,train
6630,15.382814029175975,15.355633,train
12415,20.20097787285355,20.108976,train
11101,15.451980236025248,15.123348,train
8779,12.195042629591809,12.261802,train
15771,9.522829834577708,9.461111,train
19056,8.844076911239958,8.917553,train
3277,2.379107369473755,2.3720763,train
18134,5.542038532581175,5.5715814,train
18280,10.985562695411035,10.930962,train
14187,15.442158023058894,15.499151,train
16016,3.773581038399201,3.7959392,train
5020,1.2987948720060043,1.2768881,train
12354,3.7796834270627726,3.786002,train
9301,19.866738644853108,19.877241,train
6508,7.198017387910927,7.2384973,train
8606,10.773468380571009,10.761287,train
16709,13.09876463275814,13.094945,train
1124,4.485512172532909,4.546023,train
16491,14.776652349956588,14.819358,train
8720,17.802574638418257,17.796125,train
15921,14.488543874144671,14.47662,train
8681,2.8547089050554195,2.8851554,train
15122,17.974182025048826,17.926704,train
8555,17.022305675196616,16.893776,train
11472,17.037134952358542,17.058996,train
12390,0.9594196851924166,0.9321951,train
18272,11.643317983439175,11.658082,train
8236,10.235898265669142,10.318059,train
18118,7.060818579646595,7.074541,train
18199,20.870388354056377,20.835096,train
3555,12.58014227828877,12.561538,train
8310,2.668287805815404,2.621122,train
17430,18.73623047824474,18.739708,train
11740,8.078724235001348,7.9803843,train
9115,17.889323954728564,17.866047,train
3400,9.410168713654732,9.368908,train
6338,3.876805391394112,3.9045994,train
166,2.50024925955632,2.4193983,train
4365,7.87594112259889,7.861689,train
9770,11.654255745299404,11.735463,train
14545,15.604914895188903,15.639519,train
6492,9.315353109243285,9.28377,train
11316,12.15882895169869,12.128882,train
14211,11.9353363419188,11.838712,train
10999,5.740873945244508,5.7890043,train
15632,3.859137482705196,3.787043,train
2972,14.153210036468264,14.076413,train
5586,1.1607645736677563,1.1120723,train
1894,5.0743027732528,5.1329613,train
3608,7.996739578097501,7.887058,train
3439,5.048456668205911,5.1300755,train
3482,1.3254707056040758,1.3346152,train
9699,20.675379369834424,20.695488,train
11262,19.716900196037383,19.68616,train
1393,18.65286688078581,18.696732,train
7820,11.63089591695031,11.530134,train
11691,13.898602217807635,13.646237,train
11338,9.482248986788028,9.530166,train
1073,9.802205334589647,9.848379,train
1760,19.61116861282571,19.661222,train
9058,3.3508899956339624,3.364706,train
3567,13.131993709424885,13.119576,train
18930,3.247301500037894,3.217308,train
2503,2.8587183199775605,2.9241629,train
5761,3.6658490871561735,3.673598,train
14574,13.385791152090732,13.421964,train
7177,20.893312593391624,20.862177,train
15304,19.778662040426788,19.730253,train
11149,9.878503054525176,9.840209,train
18506,6.556934434755743,6.6464877,train
7640,8.701745740560375,8.638207,train
3458,3.104598383003998,3.0978959,train
16469,18.4152971291616,18.394482,train
3574,10.767185738228646,10.753556,train
12214,17.266312290737943,17.188995,train
17978,1.3896428934180682,1.4182832,train
15271,1.8089662173822527,1.7766223,train
13326,4.52258612845182,4.513215,train
2141,1.1957773485365095,1.2578756,train
19061,9.438580623243174,9.437586,train
871,10.47324135926688,10.485571,train
9843,3.754771424081928,3.7578807,train
6876,8.095697346524084,8.016232,train
16925,8.97920782553131,8.973092,train
11369,6.147428838166601,6.1918635,train
3287,1.5896983676364609,1.5983804,train
2768,17.100736273927694,17.091713,train
14843,5.821374365901776,5.8789515,train
19006,13.818970394384724,13.844342,train
15036,6.114435706347559,6.0820684,train
11044,1.3142474776104658,1.2755698,train
16683,15.351494247860318,15.358538,train
1133,3.624672168833189,3.64707,train
5491,10.049052493598124,10.115476,train
11755,6.045552528255287,6.076184,train
12552,4.776023652804398,4.8091373,train
11697,12.819457683766666,12.808828,train
12036,15.228108277003615,15.160618,train
2920,21.152895316815584,21.120312,train
15272,1.7634369458865933,1.7322569,train
12252,14.132488201201395,14.212494,train
4699,14.881531787535238,14.779978,train
2040,11.67187728900656,11.73024,train
9298,21.081492536634144,21.110222,train
3501,19.82039561792933,19.808619,train
17147,6.77651471970589,6.8093863,train
1054,11.834101016252292,11.808907,train
14486,3.1991333106091693,3.251861,train
16982,3.443035542780146,3.3447132,train
130,5.924295699196195,5.8788323,train
5077,15.469232821478204,15.468782,train
5114,10.263942424935536,10.235536,train
18773,22.51287310551678,22.520523,train
1558,22.497209770274846,22.508505,train
12339,5.457701461638469,5.6465454,train
7862,7.133148399922467,7.059164,train
2083,6.72338812439397,6.719435,train
17472,12.440241920348758,12.411949,train
8868,3.217631251558027,3.2467253,train
382,1.3794768488943687,1.4037352,train
13776,19.29449109688641,19.274742,train
11036,2.062258697753121,2.046654,train
14745,15.715409859481513,15.7824955,train
18565,1.143700542020444,1.1587055,train
6868,8.74437608803251,8.823944,train
5364,4.9095747318127385,4.9339256,train
16835,19.393903965963844,19.360332,train
3338,16.992152340919723,16.9514,train
17959,3.0930165434161,3.1827955,train
10033,2.8806127468542475,2.9336178,train
14786,13.117631744418448,13.082211,train
8108,2.9596562823815056,2.979341,train
18006,19.32851290905024,19.305502,train
16903,11.813286093698826,11.705039,train
3604,7.594014437194823,7.6229424,train
4254,1.072775963182146,1.0883791,train
18872,8.852039338290819,8.814253,train
5844,14.56272664021768,14.708009,train
109,8.372410175807318,8.314951,train
8824,7.981180430405842,7.9638433,train
8845,5.5895277555198914,5.5162516,train
8037,10.4239153161765,10.496655,train
10698,15.411673068783212,15.526447,train
13848,10.04225683916431,10.093276,train
16767,5.706584636836051,5.7575936,train
7328,2.9422583206407387,2.9632328,train
11939,7.280211549657652,7.3122683,train
4371,7.3969458857126495,7.4377975,train
1593,15.79708141882064,15.787701,train
1114,5.462181839032973,5.392791,train
17774,3.0184947613476507,3.0189981,train
12964,2.874531668480864,2.884962,train
18862,9.89520957228418,9.877972,train
16658,16.35225858625938,16.443792,train
12591,1.2735435567788485,1.2914877,train
9159,12.858688434876605,12.963411,train
2955,15.256945734416457,15.306527,train
14136,22.508183076229177,22.560133,train
3953,11.58140546257223,11.56105,train
2572,17.650951281414955,17.680414,train
2749,19.510654804132184,19.576813,train
10783,6.925820806722512,6.8795238,train
1089,8.219393015660046,8.282469,train
5797,21.974067591659896,21.912024,train
5778,2.0431111793959005,2.0511303,train
3428,6.14254496227721,6.1554193,train
13824,12.104384269888063,12.197541,train
8160,18.92180116942701,18.910635,train
12111,7.999016309655701,7.9196067,train
3647,3.865735904628026,3.7703767,train
13270,10.237582316495354,10.133258,train
13998,14.124496385593629,14.147964,train
1150,2.051182843270228,2.066118,train
9212,6.631013963171802,6.6359076,train
12433,18.34879532813344,18.345863,train
895,7.851613685526481,7.858221,train
11982,3.0240876799284098,3.0009444,train
1850,9.85749838304655,9.905786,train
12686,10.239186566945447,10.212214,train
119,7.233374115715045,7.156816,train
9779,10.554863946709617,10.545102,train
9911,14.916074919636518,14.853771,train
1643,10.332479500369091,10.514441,train
10835,1.808032055157672,1.7950243,train
10431,2.243741981278641,2.2075405,train
8528,18.70388915999654,18.820282,train
13967,17.159136381829875,17.226511,train
8137,0.615816022147096,0.63193667,train
217,20.670898476495434,20.726654,train
6281,9.98794621843293,9.940043,train
17432,17.132380809377736,17.025063,train
12307,9.179877068081556,9.1280155,train
10180,9.369377164689269,9.375673,train
1415,15.792362137643522,15.804301,train
238,17.98964634455475,18.01068,train
18268,12.656689240911945,12.66125,train
14248,7.947633765938668,7.967434,train
9119,16.48392123650178,16.539913,train
5221,22.0157213480644,21.98649,train
17016,0.7034943650505098,0.7284724,train
13430,13.367574947924066,13.456367,train
16626,0.9612030204244806,0.9827735,train
17807,20.765409782706435,20.67587,train
1334,3.014245472658577,3.053689,train
2282,5.472252928191717,5.41882,train
1301,6.060055037497168,6.0639715,train
8774,13.980399075144984,14.028867,train
16043,1.2847948685882165,1.3056941,train
8468,5.958568911576659,5.987325,train
339,5.124332964670906,5.1351666,train
6191,20.73569235530137,20.72065,train
17374,3.42979409460013,3.428773,train
4793,4.2965928992862,4.3060036,train
10348,10.498470496354066,10.484278,train
6158,1.965623470691956,1.9524227,train
7073,7.579153372138241,7.597474,train
8096,3.962008618114621,3.9892268,train
5886,10.615083571138149,10.4725485,train
7308,4.903777755108325,4.911798,train
6840,13.215335420009763,13.266127,train
19074,7.297372822748013,7.3071446,train
689,9.429556147514546,9.388121,train
9612,7.03830038531848,6.9880753,train
15726,15.005507589798231,14.953574,train
2518,1.3629903366558571,1.3928728,train
2382,16.185094538798847,16.229115,train
1272,9.371223829876714,9.4131775,train
4664,17.8226895245324,17.8475,train
9610,7.124800229529511,7.205352,train
601,20.249083731767747,20.295084,train
14915,19.14609067428688,19.203773,train
12444,16.990263829526985,16.986216,train
8217,12.40963016379765,12.481038,train
7703,2.735290090068965,2.799448,train
14341,20.50472561763018,20.430418,train
19046,9.850167511591652,9.904782,train
16171,6.189236855316789,6.159621,train
15264,2.479563408299021,2.4844663,train
2904,2.0794950892417146,2.101037,train
17351,5.729147303059709,5.713217,train
9108,18.70032131884908,18.676172,train
13147,3.85884466483304,3.9150853,train
5450,14.597014136601745,14.638501,train
7523,3.01338194207236,3.0224795,train
543,3.3455107078684225,3.268758,train
1157,1.7011171009949473,1.7294719,train
1912,3.4260266950434524,3.5233471,train
7570,16.1218157247983,16.208628,train
15823,3.903234702341617,3.8814096,train
1546,1.802437788384272,1.8072703,train
13864,7.854207691319911,7.9253306,train
7443,11.738452457135551,11.743936,train
7136,2.008575103279494,1.9581616,train
10461,0.2610992313398939,0.268133,train
11839,18.74602467563805,18.816536,train
19281,7.136860496789216,7.272977,train
7557,19.617092442680605,19.673697,train
16062,19.34635808924784,19.291004,train
18004,20.200077814521936,20.26196,train
3885,19.031183390024715,18.973566,train
2464,6.748693447174042,6.539866,train
18211,18.756192809552484,18.692755,train
13133,5.007168286644356,5.0168943,train
16224,1.5028386418379374,1.4720949,train
17888,10.783768668836403,10.814151,train
8368,17.939154029872842,17.9252,train
12979,1.7812096046808166,1.7393792,train
2601,14.059595724523716,14.072975,train
5175,3.983010789876211,4.0212803,train
6791,16.302512599360224,16.369373,train
6878,7.749207386604778,7.7371798,train
8524,21.45367956808527,21.441484,train
6809,14.764391855077111,14.85347,train
744,3.728592866878931,3.7305715,train
1391,19.08310025792909,19.101694,train
2951,16.93250857747366,16.938068,train
3178,13.19355241211094,13.229157,train
383,1.370889284020678,1.4037352,train
1419,15.598191464350398,15.629518,train
4200,5.826809537225457,5.8725543,train
16847,17.317610341442897,17.363863,train
17253,16.884812421975745,16.83256,train
1075,9.502342266275893,9.447348,train
1960,21.87553589324097,21.869627,train
8262,7.440336489037196,7.3768725,train
15173,11.848604683443758,11.83764,train
16936,7.6675566588406525,7.674404,train
11856,17.184149013801527,17.146292,train
17559,3.73434881071026,3.8436437,train
4038,2.8542199644159214,2.826821,train
624,17.07780408933563,17.094051,train
17352,5.608824987337658,5.605609,train
2466,6.63674615303166,6.482517,train
12640,17.10984018175184,17.108757,train
4178,8.244827825191223,8.286083,train
11657,17.754555264917123,17.760742,train
12119,7.438438239383268,7.4120407,train
18481,8.839887871539819,8.799375,train
14175,15.271972141941154,15.347979,train
17053,18.213599675023985,18.185577,train
2611,12.83297239597476,12.866017,train
2913,1.2954483450771432,1.2961812,train
11337,9.663040400608148,9.645697,train
10796,5.300380950405926,5.325475,train
11994,1.9801006881143584,1.9310669,train
14377,15.71834608537991,15.740391,train
15671,22.514713426788614,22.48258,train
16941,7.779816561401242,7.8249917,train
1759,20.57327265596645,20.606411,train
6474,11.605352595306057,11.526312,train
14314,1.459289093299431,1.5135391,train
16770,5.7723985027756735,5.706007,train
12960,3.420826736864471,3.448692,train
2856,6.940869855254392,6.8724785,train
8259,7.65879866414508,7.650005,train
15736,13.777928125037592,13.7767935,train
395,18.551979788798818,18.627615,train
5781,1.9064500312836643,1.8972946,train
11745,7.12599933301416,7.1883526,train
9357,13.107510377774926,12.966906,train
1999,16.874611104290594,16.955858,train
5360,5.018801042512512,5.0090675,train
16816,1.434520053217516,1.4747778,train
3812,6.215739148707446,6.1952057,train
293,10.661538133919189,10.683878,train
18600,17.635007529913334,17.639563,train
6026,17.054386630039787,17.004704,train
13391,17.942208277888685,17.789963,train
18003,20.51386231655215,20.561007,train
3875,0.7591072708892527,0.77968514,train
15609,6.375182810985044,6.458873,train
14434,9.230406589139989,9.23664,train
337,6.017789479115728,6.058944,train
1893,5.181091220509712,5.2310157,train
9385,9.819802862863767,9.777031,train
11788,2.993966061197112,2.9832187,train
4229,2.930924795102514,2.9221833,train
18294,9.027900168297649,8.938867,train
13894,4.838713877665552,4.9139137,train
9844,3.7083110721656607,3.708043,train
13509,4.685357348290852,4.6377306,train
4484,17.6817339783503,17.673746,train
11718,10.409670784014324,10.370218,train
7872,6.114020909716438,6.0466523,train
14113,1.943296776137556,1.907936,train
12536,6.224525622752511,6.1903415,train
6130,4.505812129685276,4.4015255,train
17033,20.76646422959188,20.788946,train
16256,19.54828968137341,19.538055,train
8992,9.80896170147443,9.720841,train
10980,7.816746755244935,7.790299,train
11686,14.086750332305268,14.124838,train
774,1.1903131753274458,1.2216651,train
3596,8.111970094332921,8.2470255,train
12747,4.187445888694477,4.2009025,train
13757,21.357821187629224,21.409718,train
6243,14.439577798129664,14.484959,train
429,16.431933472002747,16.412867,train
7868,6.477851592878999,6.555006,train
374,2.17411151483652,2.1862824,train
1836,10.765929788167382,10.817478,train
3296,0.9331884518988428,0.94517565,train
14482,3.9714943856667406,4.011033,train
19017,12.559744898082633,12.681453,train
5856,14.389167335786867,14.2926,train
16822,0.9530769908628932,0.93906415,train
3452,3.950687472594087,3.7663763,train
8821,7.536539100355461,7.6100726,train
5853,13.751353538687772,13.723529,train
5282,14.156318282545229,14.120276,train
71,12.334107091675872,12.341414,train
5104,11.370555988258904,11.365137,train
18909,5.247369920568822,5.2020955,train
8836,6.464582412536717,6.4398384,train
3032,7.386909908489696,7.307048,train
13107,8.050099520687887,8.083416,train
2909,1.3472229914613838,1.3329062,train
15132,16.770180743864408,16.778118,train
13021,18.43608180481001,18.433847,train
13850,9.64889196426257,9.584822,train
4948,8.29258635674607,8.295914,train
3198,10.713105300087465,10.638398,train
18074,11.9466995504813,11.972113,train
17478,13.156090957713404,13.134799,train
11313,12.873860536211913,12.847146,train
11844,19.053153129814955,18.976475,train
6736,3.904533011730523,3.8622675,train
7646,8.718113377505532,8.758212,train
19335,1.708304074559075,1.7191556,train
10585,7.187525120455539,7.117106,train
6196,21.13358279269201,21.094841,train
5846,15.690280740918338,15.677521,train
18053,14.345424836345,14.386234,train
9534,16.26530323467255,16.235792,train
6624,15.043426594946704,15.060934,train
11214,2.933815075604705,2.9965682,train
16228,1.1472548777900258,1.2401506,train
15295,18.40239913932464,18.53477,train
673,11.312157074033898,11.33203,train
16923,9.517827093099772,9.470928,train
3757,13.172395414718606,13.168617,train
18553,2.0920851241191345,2.1340244,train
9890,17.922077754361563,17.957102,train
7818,11.916754238834637,11.8545265,train
14337,20.967862317539392,21.005375,train
6606,19.705664995877388,19.679901,train
5318,9.510161563278253,9.497414,train
16929,9.440012142444653,9.454526,train
16664,17.158731261963386,17.187498,train
6845,11.465381347432272,11.4611635,train
2181,17.3334304764645,17.319628,train
852,12.730731612244522,12.727836,train
2283,5.339300395596821,5.3291016,train
18344,4.038091118509687,4.087498,train
4342,10.39221953608954,10.402834,train
16241,0.3781714515102273,0.37207785,train
17940,5.029296583405489,5.1939855,train
1613,13.59794455648024,13.5774975,train
12233,15.808948403694815,15.809648,train
11230,1.8623262492324784,1.8235092,train
3225,7.416846064179292,7.4291177,train
1365,0.6270798252088169,0.6181553,train
4052,1.6796181182849674,1.6680131,train
19310,3.780247809133772,3.739624,train
18615,17.550911208071163,17.593002,train
7297,6.034985341019531,5.9970655,train
3417,7.286802590832061,7.359541,train
12827,17.960549849545686,17.94549,train
1685,5.882919663996005,5.814036,train
17659,15.749388762842312,15.742041,train
3327,18.445944832388296,18.55199,train
17761,4.026548206570881,4.036911,train
16058,16.84202264907148,16.383677,train
8573,15.735014023901828,15.731387,train
9236,4.26995701343789,4.3234453,train
10239,3.027120181922556,3.0202923,train
277,12.958502119868692,13.026871,train
9714,18.4357201144519,18.416683,train
8365,18.231021638816152,18.233833,train
15867,21.247246720523908,21.252792,train
582,0.3595345938349188,0.35931313,train
195,0.4374651770085513,0.40282193,train
11339,9.305823994409316,9.317541,train
13300,7.077842614518804,7.1301904,train
17771,3.066551908960653,3.0527701,train
10240,3.00364053447854,3.0173085,train
15565,11.275314089049797,11.25783,train
13161,2.188217333623564,2.2592657,train
1118,5.07899984816218,4.991774,train
5934,5.093779680924483,5.154325,train
1194,19.11496731882277,19.037256,train
17288,12.149296816738534,12.2310705,train
8038,10.36115408023048,10.290826,train
13880,6.37356963822833,6.378047,train
4277,19.09798420967549,19.085815,train
5135,7.933079872014642,7.976779,train
8060,7.994788836972126,7.8159456,train
10360,8.956662418136549,8.884439,train
13574,18.901727603654425,18.963566,train
7779,16.19524453018888,16.193027,train
12340,5.279413985063601,5.4006367,train
8282,5.384100984501225,5.3615403,train
8423,10.765750782453432,10.681152,train
3014,9.0759808284702,9.004715,train
5209,1.1100001913368425,1.1063931,train
11247,19.8874141329714,19.832285,train
12780,1.25920751063207,1.3185213,train
7283,7.700110829636999,7.74698,train
16430,0.51215409667569,0.5252583,train
16123,10.81065825055932,10.81027,train
7719,1.5849084392162276,1.552963,train
7351,1.1521763059228411,1.1541783,train
7296,6.114457722338127,6.0822816,train
4273,17.647494601363213,17.69331,train
2174,17.542411677068404,17.523438,train
15170,12.38673776926048,12.36367,train
16061,21.114216681286635,21.105719,train
16431,0.4707609634074998,0.4237549,train
16768,5.557202983382911,5.641398,train
15416,5.506039514498542,5.489723,train
2116,3.464221318601209,3.4456964,train
5018,1.330786027862513,1.2947243,train
13956,19.09210846380774,19.092451,train
8066,7.082173957767045,7.160077,train
3772,10.482515438302604,10.381112,train
8064,7.201313199280898,7.387349,train
10056,1.1873558834457894,1.1502647,train
11754,6.084552357876546,6.0835357,train
1493,6.760152912846248,6.737758,train
6298,8.103229856161375,8.113433,train
13033,16.858041090504507,16.894411,train
1840,10.961101444258558,10.995082,train
3681,0.857865327323597,0.83230203,train
692,9.123488665814886,9.09015,train
9568,11.900792532234124,11.873137,train
8210,13.14436479073838,13.019644,train
3857,2.024174428726662,1.9944671,train
18911,4.988131336229156,4.9865384,train
3453,3.9216768799751054,3.6768765,train
13004,20.61834688672024,20.538921,train
5929,5.627086126878339,5.5433793,train
9594,9.167512913134482,9.245379,train
1565,18.666473677083697,18.582586,train
17670,14.415862744162515,14.383762,train
14882,2.2897275690985364,2.3048534,train
13653,10.090297610248257,10.1001005,train
10696,16.239722566736187,16.18076,train
1889,5.804311480552434,5.6921086,train
627,16.453437495734054,16.611458,train
17128,8.657241233409172,8.760313,train
11587,3.3543867968888006,3.363433,train
17519,7.96749957756173,7.9827943,train
1081,9.020086967464296,9.092639,train
1195,19.07232121571497,18.99863,train
4595,5.183271290348338,5.2367115,train
9947,12.58859599240078,12.570948,train
19123,2.625952698131079,2.6049325,train
11807,1.3296781242882916,1.3178105,train
10994,6.028407312507577,5.9886627,train
7705,2.843992726311844,2.8337464,train
10395,6.014466313236095,5.8989897,train
15899,17.056584550952408,17.047415,train
10346,11.30457659323138,11.377932,train
18632,13.84419604117894,13.844569,train
4638,1.2421388073912425,1.2375716,train
18680,9.117107583593056,9.121531,train
12777,1.685017235748072,1.6293542,train
7653,7.11925754295637,7.172478,train
14241,8.527242054133911,8.45826,train
750,2.981408008077865,2.9087956,train
787,20.06428229177024,20.04185,train
10841,1.407069404280466,1.3873404,train
18556,1.8499791763929847,1.8891441,train
9538,15.65327467398045,15.707306,train
11588,3.247292160623633,3.2706687,train
5325,9.21555954586298,9.193601,train
11175,6.885554653768923,7.035467,train
13531,2.678004343251821,2.6729608,train
6047,14.092714412496385,14.092904,train
19035,11.151452837768993,11.231617,train
10223,4.8638076428307375,4.8741865,train
2879,4.026050312510246,4.032059,train
15528,15.398644428165156,15.481022,train
11368,6.273305174762829,6.2896633,train
13295,7.769037342293484,7.6753907,train
12991,22.53230742170229,22.521936,train
3100,1.0379630513939784,1.0169866,train
15097,22.126573638537447,22.184898,train
17897,10.170958070530496,10.0785055,train
6862,10.045027755642336,9.996091,train
11708,11.58496365737418,11.506933,train
9136,14.621682804180889,14.646175,train
15722,15.605785751087058,15.574291,train
5563,2.92676451022028,2.9132013,train
9917,16.186494527192615,16.124369,train
13613,14.588436595436756,14.552021,train
5760,3.732672612204704,3.77212,train
8167,18.340613331606026,18.427246,train
10637,1.960948774990181,1.9768528,train
16329,8.970688607244602,8.887178,train
6124,5.004695875616949,4.850734,train
7625,11.356336123609234,11.234024,train
12626,17.842995184417973,17.798649,train
16097,12.836143307367651,12.863411,train
14916,21.140179868550664,21.15111,train
10195,7.991396037256319,7.976172,train
17299,11.865171962433449,11.799771,train
15494,20.109585112963817,20.112917,train
1270,9.450507805312784,9.47862,train
13200,17.77500479795294,17.95235,train
12927,6.612513921471227,6.589276,train
10529,13.119154010578669,13.144446,train
4687,16.702480222739318,16.675535,train
12187,1.1809847621802243,1.2102365,train
16593,3.560180773331438,3.547607,train
9318,18.390338333155423,18.395906,train
8505,2.1483208671004745,2.1392035,train
3160,15.31022593506289,15.317524,train
7935,0.5204780844778967,0.54440874,train
15926,13.799840664434225,13.862506,train
4776,5.998843823026351,5.865669,train
4924,11.413658819236735,11.447311,train
11188,5.634270798906046,5.555787,train
6970,22.493386686983506,22.548544,train
15365,11.000799633856916,11.040354,train
2265,7.096762106889671,7.1084743,train
4828,1.12880361419063,1.0983113,train
11200,4.547344139238959,4.4747777,train
11287,15.394215835480097,15.300693,train
14126,0.6560864123747124,0.741355,train
3040,6.712146073797261,6.7095265,train
6317,6.015747543335288,6.009603,train
2002,16.26960575552098,16.254066,train
4970,5.985459765824952,5.996345,train
8686,2.557085994834084,2.5444157,train
6282,9.881585450159177,9.845858,train
14983,11.997103982920493,11.983831,train
19079,6.379127887036577,6.476291,train
18789,18.343019785505373,18.28554,train
3308,20.971630222871227,20.825045,train
14272,5.192770207909309,5.14637,train
6697,8.069932214002609,8.072013,train
3974,9.150927620323875,9.199386,train
3533,15.51466393931688,15.46911,train
16855,16.988794594893772,17.07257,train
3519,18.59296215716917,18.6755,train
14637,7.963413424912352,7.9338794,train
16100,14.191544172884416,14.254023,train
18142,4.681294011790386,4.6859355,train
12994,21.928051493468416,21.927383,train
15915,15.181761023740185,15.124873,train
597,19.776715449867915,19.964693,train
5097,12.95073603523781,13.037511,train
366,3.0386267786094203,3.027936,train
2175,17.201777699858216,17.267384,train
16081,16.396473611322076,16.398775,train
8878,2.3510603348837664,2.3480527,train
18736,3.605869399645865,3.6092153,train
10812,3.966364504777051,3.8932867,train
15968,8.864926617074294,8.933576,train
5432,15.820203320428668,15.933648,train
13787,17.612045248135942,17.625858,train
1527,3.4611763174828747,3.4723165,train
5203,1.6241251419198548,1.6725446,train
13627,13.897231769797845,13.882164,train
15275,1.6323760981256974,1.6278229,train
5094,12.489698081627605,12.46975,train
1431,13.999964006463925,13.952171,train
259,14.51503059131776,14.5501995,train
6446,14.513309491376113,14.597693,train
7547,20.789026806376228,20.825352,train
4969,6.0277940348916985,6.0208597,train
5991,19.49823538639056,19.602716,train
493,8.296166266144908,8.390192,train
17574,2.201302670201745,2.1736104,train
9414,6.649110964605034,6.655383,train
4333,11.264530291570136,11.393756,train
12538,6.07234935386276,6.08995,train
2273,6.365422961104352,6.266156,train
203,22.24657953644488,22.342402,train
1575,17.58575497612585,17.467522,train
14656,5.931985775668512,5.8556457,train
10199,7.137863024375221,7.1356797,train
10596,5.921139065475293,6.161851,train
8831,6.552025151250732,6.604445,train
15865,21.656315266321613,21.61578,train
13410,15.661472483161496,15.6884365,train
8616,9.660032029589797,9.619808,train
14937,18.144414046627364,18.086525,train
13712,4.107140624251544,4.096921,train
14618,9.997028769021409,9.9395895,train
18693,8.31014265425829,8.367726,train
9912,14.557077858386831,14.632539,train
3345,16.14509915706452,16.067144,train
7573,14.91170369373353,14.913863,train
4251,1.1728278024966017,1.1410881,train
10842,1.238310844930467,1.272477,train
18650,12.35010077625432,12.268466,train
18609,17.037945504213234,16.937431,train
2737,21.25031265333321,21.140345,train
14516,0.7354190767589593,0.74260426,train
12956,3.681155063007969,3.745477,train
19320,2.923255601956119,2.9537902,train
6187,21.923194954366075,21.961561,train
4792,4.384343901270391,4.4074373,train
10801,4.669690129530614,4.6034355,train
8014,13.105292993225142,13.232802,train
4914,12.602087521266036,12.589086,train
3537,17.02967949395489,17.05881,train
11023,3.055587966715968,3.0570152,train
17579,1.8993078182258387,1.955809,train
8444,8.34855703556519,8.307886,train
553,2.4753165454646666,2.453514,train
14465,5.892260302972204,5.9037,train
15932,13.092884024211523,13.095095,train
4675,16.442314471446704,16.58953,train
14053,7.69123939819735,7.6685133,train
10881,19.4961215273234,19.609636,train
14977,13.036544747808962,13.076904,train
17589,1.0976457355423663,1.0680335,train
15646,2.7043513733097244,2.68546,train
18630,14.512306982087956,14.498767,train
2413,12.4585567389927,12.454812,train
982,20.07133824250553,20.136803,train
17517,7.276996034338859,7.231813,train
1929,1.9676461291596343,2.0527067,train
16572,5.617393507338215,5.6036844,train
14850,5.3027317725944165,5.288275,train
11327,10.790450699030696,10.7821665,train
8076,6.003387548616697,5.936507,train
17534,5.780809848843719,5.902611,train
8576,14.167893744398508,14.212146,train
5478,12.1883911910937,12.058452,train
2454,7.824078411904269,7.8255186,train
14077,5.036192899299293,5.0640864,train
618,18.35524798761873,18.278322,train
2506,2.748321844039039,2.6709116,train
3627,5.980295969567048,5.8980184,train
911,5.9967931183661545,5.9978485,train
1162,1.1733194766846218,1.1565568,train
7707,2.5817564033513083,2.6112752,train
15820,4.529429815919757,4.577593,train
2884,3.894364957143107,3.9087045,train
14759,15.780462607495826,15.635703,train
12656,13.603868405694154,13.659945,train
14112,1.979626816326236,1.9523323,train
5603,0.2145636511286799,0.2299708,train
14041,8.990889500385451,8.988029,train
19163,20.521275831422425,20.400398,train
7445,11.663781777636306,11.659985,train
11869,15.186222870653456,15.264179,train
17379,2.896850147051356,2.7881331,train
10845,1.055332195328307,1.1044191,train
4144,11.94003994303206,11.90043,train
18031,17.279995382113942,17.418657,train
13252,12.980682014844897,12.973095,train
19217,13.20177900437448,13.1522875,train
17349,5.977421560840444,5.889394,train
17851,15.417434341894609,15.366831,train
5287,13.193271563977804,13.157492,train
9114,18.223054908300924,18.176567,train
3951,12.085401861436011,11.998144,train
7389,18.26038329376378,18.27577,train
4028,3.8147302968690378,3.8156826,train
6328,4.874770951676704,4.853288,train
13096,9.243803279488509,9.237408,train
16010,4.503034110819646,4.5191374,train
2512,2.0350053941968484,2.0519137,train
10447,1.0430223707169493,1.0049487,train
16592,3.658123726462062,3.6159678,train
6771,0.9484440802542072,0.9516527,train
14534,16.839057466172815,16.714312,train
255,15.544330661369289,15.557114,train
15700,18.058422683855955,18.127747,train
15630,4.314648063015318,4.4235644,train
7038,11.869502292307969,11.801324,train
14505,2.083599866519995,2.0784829,train
2665,6.731514614597665,6.729042,train
3037,6.395500389940184,6.502488,train
3985,7.906305630492726,7.9466214,train
7249,11.59232087605758,11.555714,train
5545,4.444204350755168,4.440268,train
5406,22.4985214706981,22.490576,train
5441,15.206663136048896,15.187331,train
16492,14.43140679610678,14.556925,train
12058,14.959522015495653,14.90089,train
4360,8.632902713099128,8.663902,train
529,4.823315295838075,4.993105,train
6735,3.8617677567464894,3.94073,train
545,3.154248524789315,3.124463,train
12380,1.6865926752776488,1.6886457,train
10895,17.92831316592683,17.907116,train
2685,4.676803762954774,4.7051253,train
4084,18.77714893828455,18.803856,train
14660,5.233776891212804,5.1567554,train
13248,12.84390848742208,12.852394,train
13893,4.960845901215403,4.998963,train
3840,3.551357470471049,3.5090744,train
3390,10.582171512345449,10.593792,train
11526,9.78462888996059,9.726403,train
12543,5.7267471905373295,5.7287555,train
17769,3.0987311456260587,3.1173806,train
20,18.61100816709584,18.751026,train
7246,11.962346188177577,11.91378,train
6222,16.945699671511598,17.04541,train
12184,1.3832959898290518,1.3730683,train
18397,18.68013204752312,18.628107,train
16559,7.209604406095999,7.0948963,train
10986,6.985623771502454,6.9711947,train
7861,7.220713308988369,7.2062964,train
5728,6.992218153672916,6.952125,train
8196,14.988293752663258,14.915505,train
275,13.030068080694983,13.09386,train
14120,1.2650822550991492,1.2753114,train
17869,13.134216295641778,13.167494,train
7450,10.642298405456016,10.645046,train
13680,7.420678882983712,7.349572,train
12175,2.012578986802962,2.0186715,train
17118,9.723942537870103,9.897582,train
4557,9.391709794474526,9.431064,train
6065,11.061277561800075,10.847101,train
1630,12.302274801731638,12.33602,train
10148,13.108212194314577,13.101216,train
1886,5.827050037906578,5.8506474,train
12922,7.11941759048072,7.138091,train
11195,4.800947677771443,4.8588233,train
14933,17.675356956534078,17.637997,train
6456,13.246403463488154,13.296223,train
18771,0.8118468219001922,0.84622186,train
8629,7.830736201956745,7.990601,train
11448,18.162968330687264,18.244091,train
5466,14.430381732186405,14.480706,train
8874,2.742624049683256,2.6974356,train
9910,15.352991259661383,15.285734,train
6616,18.35534054554445,18.381039,train
13525,3.096360980317777,3.1846359,train
12719,7.103341564420074,7.0375214,train
8408,12.88298029251416,13.000604,train
2187,15.411873908332218,15.516786,train
623,17.288499617230872,17.339357,train
1932,1.7448184577858687,1.7758446,train
9458,2.203853276362614,2.2061388,train
10506,16.52091274924816,16.59211,train
8918,18.51050219892852,18.651764,train
6858,9.74951380971569,9.750575,train
426,15.182449988056169,15.22792,train
17842,16.557544863908713,16.520504,train
7167,22.24392966442438,22.234207,train
2929,20.48066447812072,20.445421,train
17836,17.3309252598988,17.32974,train
6098,7.947554311738717,8.042295,train
17160,5.8697697296732105,5.856543,train
3972,9.562413408725105,9.448509,train
3920,16.00003400197274,15.994337,train
8007,14.009559916642388,14.058122,train
4965,6.832574819406889,6.8257236,train
4210,4.795356084202191,4.814907,train
17926,6.8983386350614335,6.7418604,train
2828,9.56214277584593,9.562515,train
423,15.850890078610462,15.955099,train
18064,13.059425512376208,13.1597805,train
10882,19.737647563091663,19.653734,train
7100,5.128624581272112,5.1908016,train
6603,17.353255442998705,17.300875,train
2186,15.718176144591506,15.738564,train
5019,1.3147604352778597,1.2768881,train
8513,1.3626955308424624,1.3830829,train
11459,16.735419509776055,16.733952,train
10133,15.271729134550842,15.256767,train
5248,18.270686082402143,18.279768,train
12466,14.507895573641248,14.496307,train
19020,11.89533456064822,11.823732,train
8092,4.764837096788652,4.687098,train
12570,2.971656512895997,2.9643393,train
10325,14.43089594981348,14.476042,train
18303,8.163455519763845,8.067016,train
672,11.43764851453208,11.418299,train
14163,17.022652797312013,16.927847,train
5099,12.487579386194964,12.50683,train
17057,16.826266866219076,16.954338,train
18454,12.718942880706717,12.738942,train
18415,17.583861182714756,17.518879,train
7704,2.99346455732976,3.0041592,train
13317,5.412193218422136,5.37898,train
16901,12.464216232269903,12.456215,train
14935,17.11843774485692,17.209282,train
16548,7.954301983511025,7.827221,train
15310,16.978482250327385,16.976234,train
2266,6.936636717070591,6.936869,train
7239,12.810322130007044,12.748278,train
14401,12.944542885203752,12.941326,train
16990,2.768135375892855,2.729832,train
12378,1.8614849630953068,1.8830394,train
2189,16.719128433504707,16.729204,train
4946,8.400119513261854,8.371072,train
14347,19.632586783396555,19.69786,train
6006,19.720285916445672,19.669598,train
14151,18.912756527939145,18.865767,train
17664,15.484333575967671,15.34695,train
7905,2.860767908473695,2.889022,train
9614,6.955860712375681,6.8274207,train
17102,12.341705328853882,12.260282,train
13334,3.7340581504251658,3.7573714,train
12392,0.8449105610673675,0.80441594,train
5970,1.7748222617160752,1.7749578,train
147,4.182696769482404,4.1925426,train
17183,3.446467464729899,3.3831222,train
5100,12.259567524937848,12.170279,train
8257,7.8561628323211075,7.8578315,train
1985,18.052179082864384,18.069921,train
15191,9.880962727046477,9.828032,train
5505,8.255649082764792,8.280559,train
17958,3.12231056402502,3.260978,train
15792,7.127995293128529,7.0600195,train
14227,10.472139535324308,10.571993,train
12016,17.940898900606406,17.842567,train
4076,19.43142384820636,19.392336,train
12025,17.60152798203565,17.620491,train
10945,11.677737120229557,11.751134,train
11434,21.27063047013577,21.24659,train
7723,1.2823006892014233,1.288343,train
7838,9.690846446323832,9.7065525,train
10572,8.284419776098517,8.376828,train
16390,3.9665977973264304,3.903748,train
8239,9.852010581849242,9.855053,train
10571,8.398876178699123,8.540885,train
15558,11.955174506456302,12.12199,train
13933,1.4809988544960542,1.5116698,train
10733,12.672315619105598,12.586579,train
11054,21.24175274667884,21.357729,train
12700,9.175034178449796,9.115198,train
16565,6.248612416516303,6.4105487,train
10003,5.523868811259287,5.5934415,train
15694,19.15054015760576,19.15181,train
3788,9.237609818117551,9.275397,train
4460,21.011629686660378,21.158789,train
18716,5.601264686698212,5.623601,train
9608,7.221089823698151,7.325123,train
12896,10.0265352764121,10.012651,train
19144,0.954509422374008,0.9551165,train
16404,2.445743369091255,2.4829018,train
833,15.002122562417604,15.042332,train
13657,10.25571874692913,10.321185,train
17901,9.37548040898699,9.3866005,train
17390,1.9288107247031832,1.9175147,train
18308,7.966281384185146,8.011853,train
13196,19.168147532760536,19.22056,train
1267,10.416346635366134,10.175975,train
2252,8.695230742491615,8.665641,train
9441,3.860994774603056,3.865853,train
14070,5.851803157801212,5.8746996,train
8374,17.011070676651837,17.024149,train
17052,18.580557436407386,18.604738,train
10443,1.3583784265175527,1.3821,train
16645,18.648085308958507,18.641973,train
11254,20.126649227230143,20.146082,train
13796,16.69714724029091,16.769156,train
1794,15.118828229536408,15.102579,train
11225,2.0146360891117165,2.0461636,train
1803,14.37534461802742,14.23656,train
8692,1.977692100245048,2.0062516,train
13387,16.948196930163682,17.147318,train
12545,5.59173357495227,5.570094,train
11794,2.179839194415364,2.1698194,train
1091,7.913100538105469,7.9951477,train
11189,5.585134191023628,5.5101647,train
2928,21.09112275148834,21.11961,train
1792,15.671314518490153,15.653884,train
11302,14.402382294640232,14.354983,train
1097,7.184835274998894,7.0717087,train
9845,3.662210357063603,3.6508296,train
15787,7.847288119759973,7.878218,train
13212,18.078072709754395,18.024658,train
13874,6.822722662982128,6.8958755,train
17137,7.809762561525006,7.854964,train
5769,2.8674593758260403,2.9053013,train
13031,17.107053116761048,17.095518,train
4509,15.064784472359896,15.048523,train
1495,6.579452948938211,6.603875,train
9459,2.1518192542350314,2.1762495,train
11774,4.028572875249069,4.0294223,train
8813,9.398761495505092,9.410697,train
13837,11.435817872294171,11.498564,train
6518,6.105203555324766,6.1083198,train
10562,9.341903517043384,9.381777,train
10264,1.2528231017009266,1.2628582,train
7700,3.0669902521874266,3.107163,train
2987,11.424544186102809,11.488364,train
9905,14.640935983563066,14.666533,train
16896,11.989340815293543,12.008671,train
10606,4.87328038381062,5.086799,train
3670,1.6687754201062683,1.6250842,train
2138,1.305219025640011,1.3281667,train
10693,18.41086998791441,18.415373,train
14561,15.593141663212046,15.498947,train
14910,20.94616035962531,20.92899,train
5042,18.84402302919157,18.858921,train
9773,11.34907095558285,11.336637,train
12755,3.455747944817847,3.4290562,train
4589,5.797173469814898,5.7983937,train
15623,4.80301429437361,4.767119,train
16794,3.2513537684238085,3.2081935,train
6092,8.290901925450727,8.194811,train
16203,3.155106278142503,3.1923437,train
18715,5.748393554201329,5.7416973,train
4486,18.382413270524204,18.389864,train
17272,14.803535146860373,14.797995,train
1709,3.788557270295872,3.8817527,train
13751,0.9104841589884046,0.918219,train
17902,9.315512939955562,9.352159,train
15073,2.654439532008699,2.5853908,train
10594,6.060903984633569,5.7804136,train
7488,6.130428357830635,6.1184945,train
5409,19.251883254953285,19.217953,train
12282,11.033962720157072,11.226755,train
12836,17.068244078020218,17.091646,train
11118,13.379069457646407,13.374898,train
10682,16.339633896969154,16.340044,train
11351,7.926404972339379,8.0424795,train
126,6.180043889226717,6.2187605,train
6913,4.559794784372042,4.4947486,train
18244,14.37529420795986,14.380868,train
13684,6.744827705900076,6.7756248,train
6240,14.809190955040908,14.893017,train
1025,14.911342480953774,14.932835,train
16351,7.939715791542312,7.9593863,train
3000,11.273997729802192,11.380265,train
8521,1.2448697780035851,1.2741486,train
14564,14.319569693561684,14.288816,train
16575,5.258319771605892,5.22064,train
13614,14.294803967187857,14.3036585,train
7847,8.733944689083975,8.792087,train
15697,18.58499180910741,18.664833,train
10024,3.5971875315171378,3.6233175,train
1099,7.101485982234977,7.1404996,train
15046,5.044050591993546,4.9857626,train
13630,13.09060679625304,12.969871,train
9348,14.489000073452186,14.416414,train
13119,6.846594980065805,6.858029,train
17645,17.997971762070204,17.969728,train
15490,19.245982399304243,19.497345,train
6998,18.377971823606543,18.39989,train
9617,6.176542339102235,6.4042816,train
8355,19.559593864926967,19.59422,train
11052,22.518433462536454,22.48767,train
14591,12.408100230630264,12.408291,train
13985,15.236746704600469,15.211672,train
14446,7.342684723831838,7.3027472,train
11388,4.277951666879569,4.3068085,train
17350,5.852032647276647,5.82307,train
13569,20.84957241464795,20.783852,train
11275,17.240124721092776,17.192053,train
15715,16.40523546644015,16.422691,train
8195,15.225933915306156,15.244982,train
653,13.6701631937562,13.651373,train
7104,4.630521641446924,4.732654,train
7939,0.4207145569953833,0.4301563,train
5026,22.46263946666257,22.473938,train
16468,16.545883371305255,16.522871,train
18387,21.24257962025082,21.282385,train
18915,4.742729588082418,4.7844076,train
9970,9.1468165244303,9.097233,train
12688,10.769977777807377,10.876669,train
5366,4.112544931071086,4.085006,train
10511,14.904660922560527,14.920805,train
2404,13.555087207842572,13.47284,train
15995,5.850193750960639,5.9149714,train
8406,13.021807764914335,13.060672,train
7436,12.002282422670396,11.923294,train
16269,15.716489247860496,15.766921,train
893,8.01348508682732,7.949627,train
7592,13.400485776850267,13.2788105,train
16150,8.42752020744441,8.37135,train
17925,6.940100729694471,6.7777777,train
13260,11.31891944656748,11.317245,train
10070,0.3245193109202821,0.3155932,train
14678,3.5591689793822554,3.5093715,train
16506,12.452717451653148,12.470981,train
6360,1.95544262140016,1.973216,train
4473,19.04497179696432,19.041693,train
12118,7.694961622056209,7.7016497,train
17612,22.194189515119632,22.204529,train
15688,19.6462293999096,19.676168,train
14190,14.558167128817256,14.486426,train
862,11.541697690002133,11.492615,train
2689,4.015835128800176,3.9914982,train
8268,6.681928161676422,6.6932206,train
17813,20.182869459900783,20.216093,train
11441,17.706827097634466,17.739513,train
12651,15.065475814630526,15.033246,train
2065,8.702352770869476,8.700975,train
8124,1.3568988808475466,1.3697886,train
15767,10.103849681437326,10.136633,train
2438,9.569441615691856,9.452767,train
10039,2.5337521360948707,2.6169477,train
1311,5.012791170143823,4.991324,train
18581,0.3201626102750966,0.33363825,train
18698,7.381299182977639,7.30686,train
5256,17.097651562775074,17.129185,train
4587,6.019783199289448,5.997554,train
15291,19.78689894419519,19.75291,train
17370,3.7799036767446905,3.718206,train
105,8.330830755621577,8.272303,train
9432,4.766316169694661,4.77595,train
18267,12.91899860228,12.981996,train
13665,9.48223288213523,9.534806,train
16447,18.80658186891125,18.828413,train
14579,14.28719018955866,14.201159,train
15065,3.420826736864471,3.448692,train
14411,11.73406627806301,11.788718,train
18604,19.27347528664025,19.258879,train
19013,14.1630447117391,14.176664,train
9837,4.043852213981975,3.9944656,train
12794,0.4769500137722264,0.4615547,train
12751,3.7845520129989474,3.7512965,train
4927,10.701541067146705,10.6740265,train
17418,16.31657142713582,16.270721,train
16988,2.6422257509875573,2.784377,train
9556,13.683675782655824,13.547521,train
9502,20.38059678925604,20.475414,train
1208,17.103593431836696,17.13556,train
9852,2.8677161885381897,2.8392766,train
1070,10.336476191514308,10.440152,train
6029,15.744046960046209,15.798209,train
1188,19.776370402703503,19.73542,train
17119,10.676939197209016,10.647089,train
13747,1.101434276035921,1.0918683,train
294,10.630617468383289,10.6367235,train
7260,10.283264731465406,10.268737,train
14000,13.744623844299149,13.714589,train
5527,6.859170042791244,6.827773,train
1328,3.115655124597448,3.1731157,train
12398,0.4252246337922743,0.41867608,train
1387,19.05328077275658,19.16322,train
4259,20.8323406521981,20.69632,train
12657,13.342929722418884,13.357151,train
11078,18.03853861227289,17.92012,train
13427,14.215843782450714,14.208184,train
4658,20.220401505956627,20.246204,train
19189,15.55022010709544,15.6465225,train
3357,14.521769429170552,14.648526,train
13518,3.809215407824525,3.775009,train
7262,10.060674915967144,10.005821,train
3538,16.556876465508882,16.601248,train
19273,7.803405686765552,7.944842,train
2328,1.1931952216656392,1.1606609,train
5980,1.015703432675149,1.0085772,train
19128,2.1213120620294124,2.0114381,train
9840,3.896645985947164,3.878964,train
11366,6.534258154809584,6.5329595,train
10444,1.300079081385553,1.3063952,train
17466,12.375267730161148,12.288575,train
15224,6.253673366688003,6.3013577,train
5901,8.596066984932229,8.597257,train
371,2.208142726942757,2.2091668,train
9433,4.690708032866551,4.7140775,train
15781,8.349497522234772,8.331496,train
17083,14.483591308163009,14.445589,train
6594,17.8084870261123,17.853313,train
10635,2.0906209073214943,2.0891552,train
12555,4.594221817507036,4.575247,train
11420,1.546254497655584,1.5886525,train
11651,18.8485717746018,18.707447,train
3763,11.287229351251312,11.212727,train
14507,1.441043175377835,1.4346546,train
16898,11.3524063405547,11.611007,train
5271,15.474872966331278,15.400613,train
2209,14.154475881159506,14.0890465,train
19228,11.9215740921536,11.928618,train
1675,6.874291571552467,6.793277,train
1962,21.26348384767171,21.27535,train
15383,9.113827287688462,9.123064,train
13450,10.879230237156904,10.865597,train
3700,19.289557545192054,19.238792,train
3054,4.983076230118192,4.936943,train
15353,12.5871411657503,12.508106,train
14400,13.007260265723971,12.959934,train
14925,18.15341331748111,18.28804,train
16205,2.9731734595592645,3.0399554,train
11984,2.857208150400737,2.8563614,train
8358,19.24207744332351,19.314945,train
9334,15.73913766741619,15.761069,train
135,5.290983406257101,5.338321,train
13971,17.603186580500644,17.649925,train
7676,5.565282645289628,5.5711217,train
10415,3.906071864692269,3.7289033,train
18783,21.12610120120091,21.110159,train
13513,4.300190762617999,4.2799644,train
10889,18.58246509039514,18.684557,train
5232,20.592994243614413,20.589859,train
2394,14.7538474129148,14.715755,train
1463,10.1195123897524,10.069953,train
11695,12.935444936162572,12.99391,train
6889,6.620616909201567,6.6586986,train
4904,13.807057927459514,13.700978,train
1403,17.39585974049099,17.332806,train
7291,6.787391899580801,6.798639,train
5981,0.9823755095520792,0.9992771,train
11180,6.57018686137685,6.376906,train
5208,1.159390966930123,1.128296,train
13030,17.21289039298137,17.199661,train
1404,17.202975206897996,17.259434,train
6919,3.863329546944086,3.9185724,train
17290,12.875137456488613,12.859096,train
8608,10.153699847451644,10.259565,train
13694,5.753469826171015,5.7978115,train
10110,18.088399439427967,18.051647,train
17199,2.0245624852211264,1.9773089,train
11841,18.16317817372252,18.310827,train
5590,0.9009280304749916,0.84312975,train
5495,9.247889441527414,9.220058,train
430,15.881123138501708,15.804152,train
5864,12.405919200927045,12.495216,train
253,15.628595679632328,15.656857,train
10176,9.57084777314632,9.559958,train
11425,1.0421354160976086,1.0305694,train
14611,10.253317948433756,10.213494,train
2059,9.412961016104951,9.418639,train
19129,2.043368019426188,1.978416,train
6239,14.999553853178256,15.092048,train
8851,4.651951610134307,4.7708344,train
4338,11.347402781105687,11.278102,train
5716,8.367909802901677,8.388773,train
6377,0.5507611537782645,0.57087135,train
6537,4.064210559521182,4.0797067,train
18999,13.88594758418203,13.779525,train
5998,19.73092124524647,19.789904,train
12019,16.38717930403363,16.632746,train
3824,4.896323296109192,4.8941956,train
11000,5.686071113563706,5.7562103,train
12863,14.09039457535677,14.093804,train
9767,11.97367980244498,11.973052,train
1338,2.2108033152475857,2.2861078,train
13881,6.230623592390837,6.197297,train
17697,11.632619764369624,11.5683365,train
12263,12.865970648237312,12.893192,train
14504,2.105385602745896,2.099694,train
5608,21.48099393836712,21.450901,train
18555,1.925442063645567,1.9558624,train
13396,18.44129015681972,18.509441,train
12610,20.03954731890047,20.000921,train
4704,13.578535100504029,13.675949,train
18191,0.5611329918296873,0.56529427,train
8191,15.35338644110506,15.346464,train
15423,4.818459645942272,4.74131,train
9232,4.608008357773139,4.6303167,train
18746,2.683099404448813,2.6780977,train
25,16.977931129005285,16.961523,train
10290,16.432522931414667,16.473654,train
3756,11.416254476221306,11.541436,train
7679,4.994234895854677,4.969597,train
11604,1.873173485181893,1.8417553,train
11356,7.613423242392754,7.607209,train
5849,14.841239959222763,14.79761,train
12383,1.4501035067686248,1.4091665,train
5196,2.094249750065236,2.1038814,train
16307,12.319094012459333,12.452228,train
1244,12.870265956561646,12.8648615,train
3970,9.997875424215682,10.049558,train
6629,15.760147777294836,15.729907,train
422,16.16057668929403,16.282217,train
17405,0.9293484899658584,0.9632106,train
17197,2.1725173012703123,2.1989965,train
9380,10.443288256929186,10.456165,train
1035,13.834777148132376,13.899625,train
6062,11.52768069777288,11.68373,train
6700,7.510227420821701,7.476755,train
1489,7.128747629594712,7.1335397,train
12898,9.750208353034113,9.7459545,train
3804,6.852405798264053,6.8685536,train
2084,6.625943090428375,6.6390414,train
5915,6.957306370951025,7.0340643,train
4294,15.171131510992574,15.217148,train
6484,10.420003888417073,10.241265,train
4426,2.093441507998256,2.1403863,train
15672,22.265897227556938,22.293034,train
16206,2.887045672077474,2.9391086,train
6363,1.8294671663925028,1.8217086,train
16917,9.50847238784295,9.554633,train
6495,9.233670590431808,9.140084,train
931,3.963040346478792,3.9881523,train
1601,15.325988243873027,15.347804,train
6066,11.949501311245903,11.898131,train
15269,1.903001095991277,1.84039,train
11812,0.6781142483104605,0.7127925,train
7994,15.62071985847058,15.62601,train
16208,2.8132578035687232,2.7702243,train
6490,9.388666289436491,9.373138,train
8186,16.20315431877522,16.225424,train
18942,2.2291260618342097,2.2317324,train
11416,1.7566055385284431,1.7378378,train
1555,1.0926216481284807,1.1184912,train
11143,10.533909253591448,10.670946,train
13385,18.602716376045144,18.568356,train
18321,6.396293956606576,6.3155675,train
4762,7.432943748801355,7.5304065,train
13459,9.972754718293675,9.923856,train
4641,1.118397184835632,1.0909287,train
88,10.081325093455373,10.1036,train
5007,2.1676555476964854,2.1225705,train
12889,10.716523222907682,10.700882,train
13905,3.9120314121198105,3.901473,train
6659,12.231435153665126,12.205893,train
6850,11.965748508162193,12.12316,train
11479,14.631974307125097,14.641126,train
12231,16.462380588297005,16.55501,train
6945,1.7273349644708809,1.7030667,train
13737,1.89354455075508,1.8854388,train
8578,13.373016399311137,13.366606,train
16412,1.8479457864459696,1.9005432,train
6790,17.047403435564856,16.932396,train
6101,7.40368635286717,7.3266954,train
6516,6.176382546908206,6.1928787,train
13025,17.882240791059722,17.839088,train
8620,8.647952505850014,8.764099,train
3168,14.46747084700365,14.486325,train
14976,13.21633907522645,13.226913,train
4712,12.957146429708748,12.959371,train
16928,8.203299327968848,8.3472395,train
11977,3.5201270027079645,3.4859362,train
2127,2.516945635487756,2.5495293,train
17353,5.491114275279011,5.450515,train
17763,3.988561387016585,3.980912,train
6185,0.3146445440496414,0.350516,train
2841,8.20544676660229,8.232826,train
17935,5.880025279215126,5.8417835,train
7752,18.79475790992337,18.695026,train
9455,2.712166366472924,2.7101998,train
2613,12.589572989098434,12.646467,train
16383,4.36676062234532,4.373032,train
14707,1.044250402022726,1.000954,train
12733,5.539810387934196,5.5155644,train
14760,15.394972998076426,15.372622,train
8536,18.65833969507438,18.629208,train
10157,11.931380114228682,11.875427,train
3322,19.002178444479384,18.99784,train
13001,21.14906588713949,21.15619,train
5680,12.41117488142191,12.504737,train
19111,3.877097786885285,3.8091655,train
3358,14.422612202893704,14.568222,train
11737,8.157728653652775,8.186604,train
15028,7.016399166117248,6.9873943,train
12937,5.575236518484443,5.5389576,train
3290,1.176024204769487,1.1765941,train
10646,1.2157752224542269,1.1966842,train
3769,11.328953430564724,11.398477,train
15260,2.7093596880476127,2.7217634,train
14548,18.32574575405262,18.290274,train
18923,3.953693420254834,3.9342997,train
2529,0.6259317510292461,0.65313196,train
6957,0.913741088026378,0.8907985,train
12329,6.484907312196608,6.520413,train
6209,18.66156169667757,18.653563,train
19219,12.70645398216538,12.754262,train
10707,14.392898768650442,14.444026,train
2667,6.604452808009481,6.570511,train
3775,9.677866767190634,9.743658,train
10280,17.397935699982792,17.502043,train
1765,17.52195756059606,17.640177,train
2796,13.884192893392749,13.73377,train
19312,3.7807553202678825,3.7624183,train
18335,4.848197385228831,4.934023,train
16348,7.262353864115437,7.2562475,train
16986,2.900601212191411,2.9813104,train
5637,18.05729320827887,18.016718,train
18306,8.319005960410344,8.359878,train
9434,4.619325491299588,4.6040764,train
12873,12.85867309596004,12.833071,train
18247,15.431794692981196,15.509311,train
17320,9.242684550905246,9.210102,train
12511,9.144333190247025,9.129079,train
11600,2.200866933672124,2.2191632,train
5698,10.40271155704582,10.408929,train
4205,5.369556512793364,5.331868,train
18845,12.663453140824634,12.666462,train
14763,14.307833193639745,14.220985,train
10023,3.723849007429633,3.6760597,train
1189,19.5359439272382,19.644001,train
6602,17.788466812976175,17.744894,train
6666,11.884551635562634,11.837195,train
17732,7.162474910671037,7.147633,train
18728,4.328954389173854,4.33645,train
9192,8.769638909974546,8.799919,train
11142,10.731761788915245,10.758671,train
9475,1.1350792023684075,1.1392407,train
5493,9.58852656827493,9.641499,train
3070,3.6229386219145097,3.5874321,train
12928,6.5135615260261295,6.4995985,train
4221,3.7355330193787375,3.740641,train
18880,8.178992571687473,8.099193,train
3197,10.415512064938303,10.547129,train
17191,2.740835539655488,2.6987097,train
7915,1.988479302669249,1.9916419,train
10902,17.073445260765897,16.966331,train
9527,17.115047276709433,17.167856,train
10106,18.43541000205385,18.413107,train
3546,13.270860190457975,13.44761,train
6472,11.669867489748702,11.624095,train
16231,0.9767126810778848,0.9879327,train
9836,4.575473759834444,4.5602856,train
4078,20.739956188144884,20.700449,train
1661,8.631273284585008,8.657423,train
10622,3.36122489425648,3.2367775,train
14848,5.620990469437528,5.6148925,train
5583,1.3789797207856207,1.3737127,train
5494,9.406580740676082,9.3599,train
6800,15.72911335712702,15.707921,train
18248,15.113087075659507,15.154844,train
6388,22.153929072949488,22.140537,train
5399,1.3718855177751603,1.3631759,train
8261,7.502195749134924,7.4233785,train
16574,5.366506624761029,5.426825,train
16875,14.626433522171135,14.501722,train
18741,3.074706717169982,3.052762,train
18483,9.520296731727134,9.5083885,train
9010,8.013467134779694,7.9900384,train
12907,8.773200082635888,8.7432165,train
13917,2.7545298116397974,2.7683144,train
18857,10.997214287418142,10.935145,train
748,3.0692224754121216,2.938876,train
5059,17.417376943394917,17.40464,train
19060,8.135054737961129,8.11943,train
16916,9.787937858429803,9.854662,train
11579,4.054066434483727,4.0973997,train
10216,5.090283281411605,5.04778,train
6453,14.070413828976362,13.8538475,train
5858,13.877793790506466,13.7931185,train
17524,6.760123844317794,6.8205857,train
338,5.996838776638979,6.058601,train
3711,17.606394120561532,17.511278,train
9168,11.977958149496096,11.973889,train
18497,7.4183892877456445,7.47885,train
4069,21.65219644433031,21.596485,train
16852,18.302122746268463,18.295479,train
18114,7.597882105553639,7.547182,train
4819,1.8732098173813847,1.8405695,train
1102,6.705332499628556,6.695219,train
10168,10.65802537568026,10.6844425,train
12497,10.695090808581034,10.740847,train
3447,4.097984742831338,4.332693,train
14768,14.927557568783294,14.839248,train
13280,9.167494963990992,9.159507,train
16983,3.304255259667387,3.2660522,train
3372,12.822055497969258,12.801051,train
17393,1.75869469285631,1.7476355,train
6305,7.447895722936283,7.39502,train
8804,10.31542209007492,10.408924,train
14140,20.49784654996564,20.378212,train
6504,8.1219304208399,8.050114,train
4329,12.213778046327484,12.217071,train
1192,19.216392214651183,19.214523,train
957,1.936415863990826,1.94372,train
9411,6.935763229260267,6.963107,train
17068,15.33268534990251,15.454583,train
3001,10.98233547883429,10.969919,train
3881,20.55795885264088,20.632423,train
12178,1.882068989460692,1.9385889,train
12611,19.542376783897485,19.598042,train
10007,5.78135900410008,5.695159,train
14367,17.00668633954703,17.066303,train
13628,13.625502357547616,13.67383,train
11584,3.687487889312568,3.716063,train
5990,19.834217395125645,19.932064,train
16617,1.6144348978973992,1.5894783,train
2758,18.43016658379856,18.384172,train
18663,11.925069293764285,11.984288,train
754,2.8131153914027203,2.8361938,train
8313,2.114626981899027,2.0917184,train
13545,1.3547004573843622,1.4199411,train
7837,9.836871911960944,9.88034,train
3171,13.849053879978454,13.942401,train
4780,5.574342519964189,5.623712,train
12830,17.11843774485692,17.209282,train
7958,20.07710393083012,19.980076,train
5782,1.86356520893817,1.8739291,train
2280,5.74453984604045,5.7607203,train
11910,10.3781959640255,10.464843,train
5510,8.221603252545686,8.267733,train
2670,6.015324429223682,6.067322,train
2846,8.039143190735803,8.010784,train
2773,16.467873941181374,16.56321,train
17606,0.1900384611993058,0.23532753,train
10989,6.79639694200995,6.779292,train
241,17.012983351388012,17.014658,train
7655,7.9559960837806365,7.9985533,train
1904,4.144526980460312,4.180606,train
3305,20.94898659675689,20.88807,train
19213,14.716265424963405,14.751256,train
18029,17.788748333288513,17.83938,train
14922,19.09546719033577,19.08115,train
16314,11.255795390042689,11.334967,train
18666,11.15875502076528,11.165374,train
14865,3.6758711618847735,3.801515,train
13918,2.66727426003842,2.648563,train
11520,10.035147758211288,9.997266,train
17185,3.2181448352218944,3.1708987,train
12229,17.46470185022254,17.493568,train
18675,10.22838799191722,10.271296,train
14355,18.81662750539749,18.764235,train
8598,11.221648010333531,11.264326,train
16413,1.748333121943925,1.738149,train
5260,16.821246181235736,16.83487,train
8837,6.278546091826008,6.202231,train
7274,8.711554562202993,8.753512,train
5269,15.60265822951451,15.622437,train
5317,9.552910526920686,9.497414,train
2203,14.260632532314816,14.2769785,train
5598,0.3191536450695998,0.31077218,train
10189,8.263544384745764,8.251846,train
7681,4.681453911117995,4.6756124,train
4746,9.433594438804048,9.339148,train
18860,10.327286211694002,10.165497,train
3747,14.449098174506954,14.448645,train
16106,12.216962969876304,12.184812,train
15399,7.200844712015477,7.2238426,train
5647,16.77173696614415,16.72861,train
17605,0.2100646548964377,0.23532753,train
10043,2.089000926119715,2.1308875,train
6695,7.679195255930155,7.7142563,train
13207,17.674227925839208,17.647032,train
13,18.83200933610208,18.817822,train
5391,2.153540776459878,2.1728623,train
15770,9.824614189813037,9.895905,train
6550,3.039706946508653,3.046677,train
8893,1.107340131767043,1.0534805,train
13094,9.373237993126704,9.378004,train
18798,17.653610184097158,17.590496,train
3374,12.653873391257342,12.593029,train
13210,16.732472297729313,16.851192,train
14214,11.226691895413602,11.19859,train
6164,1.5738013223907532,1.5706222,train
4503,15.439633175852382,15.538638,train
10721,12.401482415227097,12.49711,train
705,7.733434095176439,7.7935486,train
4758,7.977467153721787,7.8912306,train
6405,20.341334821518,20.169157,train
12872,13.036544747808962,13.076904,train
4772,6.385501570176826,6.451074,train
13505,5.093482505209418,5.171251,train
11620,0.7749847881076325,0.7944324,train
7438,11.926416993839364,11.90675,train
6154,2.3437701146077403,2.3432014,train
19026,11.858151571179953,11.896538,train
7359,22.28472353943676,22.258245,train
9177,10.183384436023406,10.045812,train
7975,18.007040940325364,17.93194,train
17999,21.995790264968,21.926117,train
16323,10.512362057945262,10.469743,train
15950,10.924880264579825,10.895906,train
537,3.8686445037571713,3.78714,train
1112,5.668144020800352,5.667146,train
18000,21.569163506499308,21.495975,train
15893,18.064826377079203,18.0402,train
4219,3.879734032111801,3.8730316,train
11845,18.738940958085664,18.675035,train
3270,2.8596203838937817,2.8240235,train
12887,11.01983171693844,10.981339,train
3367,13.254417404155094,13.37612,train
8772,12.273141560212563,12.244988,train
16947,6.427744505360076,6.440652,train
7702,2.840691990036396,2.868723,train
10890,18.433764728984187,18.585203,train
2383,16.069670063100066,15.95974,train
3093,1.5832038464078824,1.6213858,train
7797,14.369418091752625,14.350224,train
7641,8.477039551995665,8.433055,train
10970,8.926490807905992,8.972862,train
7397,17.05519439291116,17.03687,train
6184,0.3384727486357845,0.350516,train
7122,3.080359331265045,3.191758,train
11164,8.084395336269216,8.1371155,train
46,14.639931424314524,14.572369,train
19241,11.904756308016106,11.8808775,train
14277,4.834334643813859,4.853958,train
3110,21.76440328307213,21.671875,train
12974,1.9989490775851848,1.9578551,train
7099,5.29178791870183,5.266729,train
14535,16.341811101694052,16.37917,train
4110,16.29736641513277,16.331423,train
19173,19.39471969608128,19.29052,train
15964,9.25774068279543,9.25076,train
13390,18.37446725806473,18.3038,train
1556,1.0629810076973998,1.094285,train
13523,3.399448585638465,3.4015505,train
6803,17.56008394806527,17.641283,train
10582,7.244190105892813,7.2651887,train
13195,19.53777821995468,19.528625,train
11852,18.358885010063894,18.362053,train
14970,13.701768201512214,13.678515,train
18936,2.718063230279404,2.6750176,train
15933,12.964443241069135,13.034904,train
18243,14.691300769897312,14.650095,train
16380,4.997632442963304,4.9515495,train
18753,2.0453459007397536,2.0236712,train
10097,19.68938651768133,19.70808,train
4622,2.646550516282697,2.6049325,train
17468,14.4343850051488,14.495959,train
4141,12.45520787079874,12.553715,train
13671,8.31993664326285,8.2415495,train
4071,20.871209134173096,20.898043,train
15502,19.43104379746233,19.360962,train
9482,0.5625988182926699,0.55380845,train
9379,10.601562274745229,10.740388,train
4502,15.63243349823914,15.708498,train
10341,10.802063630334922,10.841457,train
13743,1.4934232263078926,1.5259485,train
3512,18.17615519226185,18.183239,train
286,11.770329245233118,11.790431,train
5963,2.436587581668623,2.4450812,train
3904,17.029998040436627,17.013998,train
4227,3.0550532405172564,3.006071,train
10732,13.194835893833275,13.20664,train
10103,19.135577734608383,19.111908,train
9882,17.668604443898158,17.757391,train
16957,5.455407421081119,5.5787005,train
8755,16.022604886419064,16.000156,train
10328,12.64783319309572,12.584541,train
17933,5.955868224379016,5.82262,train
15205,8.231838652780347,8.382188,train
604,19.459623907151443,19.547455,train
9934,12.105581075140622,12.101175,train
8019,12.653473378041,12.698285,train
16364,6.106240003335648,6.138699,train
13959,18.19795044604376,18.217915,train
9997,6.855214771134791,6.758109,train
503,7.250082205460464,7.3564806,train
2385,15.866727499423048,15.824275,train
17260,16.679672813740712,16.677605,train
8359,19.139668228199263,19.131937,train
10833,1.978638107406355,2.0613954,train
7229,14.04721502293053,13.990926,train
17745,5.996119303323468,5.9981127,train
6962,0.4994929549853437,0.5005108,train
6843,12.00936162030426,12.052097,train
1349,1.374337377886884,1.3926024,train
7733,0.6815124967686247,0.7138747,train
11267,17.6844890608308,17.622944,train
15333,14.976767561477928,14.953304,train
12394,0.7397624840190896,0.77844954,train
9904,14.890707852509005,14.9533205,train
666,12.069746064200327,12.167124,train
4524,12.917708786544749,12.865219,train
10384,6.365635225271234,6.341526,train
9053,3.931968730716872,3.916144,train
8960,13.441333668410271,13.463274,train
10445,1.1815169804738614,1.2577581,train
6083,9.190318795026844,9.0768585,train
11039,1.9732294070756835,1.9497783,train
14729,19.49714367237762,19.318697,train
8609,9.896605685565014,9.981837,train
10473,18.59102658999093,18.613466,train
2307,3.023960462516122,3.065247,train
12485,12.177378364407078,12.077646,train
12721,6.817792615366215,6.8231096,train
12968,2.654439532008699,2.5853908,train
325,7.147547063329509,7.1752143,train
2294,4.2363817419934895,4.238862,train
12967,2.708817008419211,2.7197542,train
5878,11.438132041600884,11.347775,train
9322,17.229841300144226,17.24808,train
4425,2.3026120343516405,2.2828567,train
18173,1.931749497095368,1.8336145,train
1943,0.972987573448184,0.98420787,train
15108,20.441817335766977,20.425728,train
4059,1.097157209040521,1.080118,train
8040,10.252951778307809,10.210602,train
15193,9.587439325273849,9.595652,train
12789,0.5978520813482363,0.639564,train
16578,4.983258226789907,4.8677573,train
10984,7.117569819841211,7.0725384,train
1566,18.492901703098216,18.343859,train
17120,10.4399230378905,10.498385,train
4293,15.402553033773588,15.431887,train
9463,1.965377075022941,1.9938654,train
11007,4.822115795628779,4.78141,train
16971,4.571677101559669,4.4810786,train
17092,13.55550578097428,13.611319,train
12217,20.11327522385516,20.058548,train
9496,20.98607834120628,20.984613,train
15236,4.961275789820208,4.8939524,train
9745,14.683136112053983,14.71829,train
18747,2.592818315041284,2.529514,train
18591,18.10968248888723,18.16366,train
16684,14.973346177284526,14.930816,train
2921,20.54183031283528,20.494223,train
11803,1.3798442019836077,1.3868184,train
11347,8.553110140626178,8.616811,train
12083,10.508608013904192,10.553993,train
17165,5.099815870140681,5.0794687,train
5922,6.320972082079937,6.3888874,train
7206,17.087729758094,17.065752,train
3793,8.08657303423073,8.159256,train
5737,6.014362536500038,5.997605,train
13319,5.193702561488493,5.195251,train
11059,20.18303107539392,20.132893,train
4651,20.14119943117479,20.107456,train
10956,10.395521344453536,10.413629,train
11586,3.4633492150609744,3.4153032,train
9158,13.226505713214737,13.332527,train
8968,12.840110329817223,12.848933,train
7395,17.914648189069133,17.971262,train
17369,3.872291875276501,3.7939515,train
18032,17.046266440868674,17.070328,train
15288,21.060838360628832,21.049837,train
3589,10.037878965127351,10.003383,train
11220,2.6970154680823324,2.636577,train
18319,6.701419290351827,6.7211285,train
13977,17.115675189277475,17.145542,train
9521,17.841045067956482,17.868404,train
12623,19.211576966792048,19.225151,train
2593,15.012711417828609,14.994243,train
15380,9.129019972981684,9.190352,train
2922,19.961741202512712,19.942513,train
13155,2.979447732111121,3.0231981,train
19008,13.24177345916149,13.206884,train
8451,8.011875661850459,7.975948,train
18457,11.710518284974754,11.6435995,train
16876,14.25499588401931,14.305546,train
14918,20.43326200234004,20.366497,train
19038,10.394665825420793,10.462648,train
17062,17.30127276033726,17.24402,train
14884,2.1152970758490026,2.1389358,train
10358,9.431145205325382,9.465101,train
17548,4.934211736284262,4.912482,train
12245,14.432030352345096,14.431648,train
2183,16.668940823116845,16.640028,train
6904,5.39647880055961,5.3994904,train
155,3.4238938406314654,3.4210289,train
10968,9.076805233996236,9.045162,train
9870,1.2625643838754643,1.2685574,train
8977,11.976153958974184,11.930434,train
16525,10.442788140986206,10.367894,train
15869,20.84364036510266,20.826048,train
18399,17.8419286336284,17.76064,train
16759,7.053380512758687,6.952991,train
19236,11.392717807173089,11.34085,train
11297,14.237839701504228,14.240785,train
12047,13.602528195109215,13.947578,train
5121,9.73620287724562,9.740047,train
5865,12.170286556110716,12.307289,train
7021,12.9797076377435,13.083079,train
415,16.386040208543193,16.44035,train
16464,17.52019507039181,17.577652,train
16263,19.75456057174847,19.732382,train
18406,18.11086529160961,18.039865,train
8516,1.3178955721495345,1.3227404,train
4868,18.195689339813164,18.185013,train
2104,4.565297809455234,4.562947,train
1211,16.725157004348674,16.807188,train
9356,13.179824632392496,13.097165,train
9859,2.0971885933129304,2.0983908,train
4919,11.772464172872638,11.742847,train
15434,3.744512386030328,3.7145715,train
15301,18.03298542735403,18.102058,train
17803,21.430116942958414,21.526682,train
14123,1.184530575529549,1.1353614,train
1375,20.705091868283912,20.778978,train
19186,16.584269596508562,16.597649,train
4875,17.382221337144507,17.349049,train
9669,1.358832943038569,1.3950409,train
8433,9.568087478503156,9.557935,train
7772,16.669233993872762,16.568165,train
874,10.169804675780536,10.196225,train
1287,8.127102020212499,8.014855,train
18223,16.846629400650812,16.82856,train
1136,3.4095117988215025,3.4312556,train
7240,12.678435035147125,12.6528425,train
18323,6.097871417763392,6.1174617,train
17136,8.007999624359305,8.01634,train
4806,2.9255947061569225,2.817566,train
8460,6.953932327698642,6.982788,train
4464,20.11942348425737,20.01679,train
5376,3.144130714766608,3.1695821,train
17765,3.9506960298146594,3.9665136,train
1756,0.2676237886720997,0.29379904,train
12431,18.733709250202583,18.716589,train
10419,3.2880817830916933,3.3080847,train
16063,18.53675105479456,18.487663,train
18816,16.02662340659857,16.04853,train
17310,10.430613968118903,10.407333,train
17125,9.302903717322884,9.252534,train
11437,19.64742439312528,19.63428,train
8121,2.027309777539021,2.009449,train
9305,19.288702716102456,19.19794,train
8145,21.48635125112624,21.511473,train
14750,16.5914154548558,16.573326,train
18723,4.971742052094219,4.9961233,train
7171,21.2262703908755,21.254862,train
14530,19.17660251320953,19.192047,train
1046,12.588943021794147,12.609232,train
18568,0.992964270086362,1.0265563,train
7360,22.20615392446114,22.1961,train
16606,2.454211099965004,2.4477644,train
5985,0.8533648479945681,0.9165376,train
5187,2.920338379951049,2.8835018,train
16590,3.8781138253755145,3.974798,train
12630,16.010548946304656,16.00989,train
18573,0.5415087058072416,0.5571499,train
11345,8.889622831751927,8.857606,train
15794,6.975783370981353,6.9418745,train
3059,4.762223044849151,4.7164097,train
19275,7.37601253151789,7.463791,train
2287,4.825738465413913,4.8936963,train
4372,7.24574238947064,7.2211647,train
3036,6.586289925475221,6.6380725,train
4911,12.838051564127303,12.781112,train
7377,19.71553132915039,19.714739,train
5422,16.73543930724395,16.900238,train
14444,8.100325684832022,8.103722,train
10027,3.745253086538361,3.6921892,train
4086,18.355270626647066,18.343613,train
12689,10.534462139026214,10.555341,train
716,6.591375388637984,6.676739,train
12558,4.020681400807581,4.0085335,train
17276,13.708612188713156,13.732814,train
14130,0.587569768977366,0.6023011,train
10579,7.604839122213047,7.740866,train
17082,14.787600550625095,14.832676,train
8816,8.637995053907852,8.579481,train
17779,2.19611119266154,2.1973116,train
5792,1.110429270620535,1.15052,train
3679,0.9909007942548568,0.93234116,train
12948,4.497556526551242,4.535678,train
15882,19.56753137532025,19.603401,train
17173,4.401505926930277,4.327187,train
875,10.070705726755438,10.107502,train
11534,9.051943782300883,9.028923,train
14709,0.9384783406609052,0.92636186,train
14212,11.696486466695966,11.622183,train
12694,9.555949471074973,9.647861,train
11616,0.9781451462907444,0.90895563,train
7307,4.974347346825272,4.937904,train
4918,11.845050716209396,11.818304,train
17850,15.53036049983872,15.532825,train
18657,12.060965141903033,12.001439,train
7352,1.1211351267198348,1.1249143,train
11350,8.077325342736318,8.158815,train
3316,19.59234405568874,19.607048,train
12428,19.323987793482434,19.341595,train
9418,6.172833367423618,6.1627755,train
1614,13.38791552147595,13.480783,train
7901,3.3200092546132685,3.2434547,train
4403,4.188324347737555,4.147692,train
9394,8.803346730918634,8.870355,train
4721,12.038113251353517,12.052008,train
12637,15.68432001611169,15.66363,train
6259,12.596731883745887,12.70891,train
11035,2.0930012045473902,2.0526297,train
8948,15.119439624732022,15.099634,train
16019,3.610920068602398,3.5578287,train
14319,1.044035355667412,1.0514792,train
4194,6.475817804978407,6.483414,train
12811,21.140179868550664,21.15111,train
9096,20.58297548325937,20.455404,train
14298,2.765120666022196,2.7363646,train
756,2.730867296310511,2.7644227,train
14327,22.316434772363923,22.392256,train
8484,4.035151830987252,4.028615,train
7885,4.779851585891092,4.8525705,train
2858,6.148404863060205,6.1161904,train
17367,4.095645245076903,4.1540356,train
18627,15.564802536160665,15.54925,train
11184,5.908918992095092,5.925165,train
2010,15.396592020735882,15.411175,train
10690,16.055181822661616,16.114513,train
8462,6.869033352441607,6.8593106,train
18167,2.153166182873788,2.1675777,train
13662,9.210911573878878,9.198432,train
2050,10.470327214837162,10.489782,train
12129,6.407828818689231,6.443325,train
15673,22.0229132935569,22.05326,train
17680,13.155873589475798,13.135149,train
14023,10.959390908498593,10.989337,train
813,17.43072904595209,17.467257,train
18025,17.48654879700121,17.468596,train
11781,3.886277959841299,3.8380685,train
18744,2.8669808497456515,2.853913,train
5648,16.47700029714631,16.526102,train
4129,14.054886529351895,14.0828085,train
10500,16.204934306481903,16.178318,train
19083,6.518220236123136,6.4898815,train
10901,17.07879004631693,17.157623,train
4354,9.021149626280652,8.884259,train
10059,0.9732084105685016,0.9863265,train
1665,7.890279336797694,7.9544687,train
11629,21.448829413142384,21.305147,train
9876,1.1193411809609,1.0994818,train
3289,1.2182063590669774,1.2018756,train
18254,13.306735169819886,13.312083,train
17728,7.274057781118894,7.2141986,train
2672,5.878521181906383,5.9419937,train
18116,7.269426637347492,7.3087053,train
4820,1.825763550172251,1.81066,train
773,1.2140501733643163,1.2216651,train
4609,3.784595831072276,3.8037946,train
8618,9.095573643881584,9.120504,train
2375,17.08031929846237,17.026524,train
16425,0.8847876159511219,0.8275965,train
3878,21.99312758538381,21.960447,train
3081,2.584669141007276,2.546259,train
7831,10.416471271302033,10.449812,train
16962,5.416444453388666,5.31531,train
15079,1.9989490775851848,1.9578551,train
10288,17.45277410822233,17.509256,train
6741,3.371293226013181,3.3438199,train
15316,16.740216620193515,16.73674,train
13541,1.8567941801826413,1.8043354,train
9361,12.635998521400293,12.867734,train
4180,7.9950939236932,7.943597,train
16302,11.837257239021277,11.841627,train
4558,9.239864757470878,9.192064,train
12703,8.657231958226784,8.572425,train
15682,20.90127919652605,20.936876,train
547,2.990661131030049,2.943546,train
9663,2.0989403256182926,2.0481136,train
11037,2.032095063577501,2.0310905,train
10153,12.786132663169022,12.763122,train
11056,20.6550786987538,20.62526,train
2081,6.920144834580367,6.9374332,train
2107,4.333633933250303,4.3807893,train
15624,4.732066654283872,4.6911445,train
5642,16.743628076355552,16.886808,train
1879,6.867859082887132,6.890365,train
9956,11.912226669334045,11.969604,train
2874,4.884643890557717,4.9007063,train
16994,2.306427353148686,2.2898917,train
12218,19.251463484265976,19.167442,train
3559,13.631653590899584,13.626376,train
121,6.800566442901364,6.774594,train
1952,0.3733532454509616,0.38960966,train
1303,6.014046705593106,6.0400376,train
16109,13.07981833598594,13.091364,train
2684,4.731933403358627,4.7879457,train
2004,15.873938904029872,15.945705,train
16623,1.08532119382182,1.0860724,train
544,3.246147441176668,3.2824986,train
13766,20.60342447059104,20.656744,train
13437,12.723477349338946,12.7229185,train
6182,0.3886163833127475,0.40342793,train
11967,4.470508996260529,4.469119,train
15492,20.76746165777877,20.773222,train
738,4.039158681752445,3.9304554,train
2106,4.410350055402801,4.3967004,train
13603,15.746603643744368,15.772348,train
283,11.870530683088129,11.864552,train
13214,17.43863651616264,17.400515,train
435,14.341748655535048,14.412444,train
17392,1.814081653585209,1.8140849,train
8911,18.7175407555974,18.651064,train
12359,3.511624295927806,3.565332,train
18536,3.592865328935191,3.588761,train
9470,1.298702151512721,1.3373955,train
4800,3.592760938371561,3.5604916,train
2113,3.667977474267001,3.646588,train
5911,7.507082990951976,7.4952035,train
10716,13.677288794731725,13.779328,train
11742,7.27965942889371,7.314582,train
13619,14.568709428333657,14.524749,train
1454,11.157842652810931,11.139068,train
6754,2.253044413794356,2.3112497,train
5009,2.124476074425153,2.0807924,train
11256,19.227002951196223,19.138035,train
2436,9.916233768001744,9.913792,train
6609,18.10672721764826,18.123669,train
7750,19.30639692987401,19.342808,train
17309,10.63103860998412,10.554775,train
10233,3.87238889612858,3.8897607,train
7834,10.449720590615732,10.43422,train
18947,1.7913209292867602,1.7342142,train
7541,1.3440613225504543,1.3446394,train
7580,15.121078359503809,15.125723,train
16000,5.493120679662626,5.469712,train
4341,10.59521543380778,10.62341,train
16956,5.651167016608001,5.6570745,train
8930,16.76176237157547,16.665781,train
11662,17.090916815225864,17.062397,train
16632,0.4789558451856183,0.48840496,train
2070,8.141194103641512,8.141142,train
17044,19.104522264727866,18.987232,train
8867,3.332935564451064,3.303895,train
9593,9.219761625059178,9.226153,train
11301,13.200303937346208,13.369095,train
15204,8.357336053481706,8.481874,train
5744,5.399063072616435,5.376848,train
10961,9.980094288173373,9.993143,train
5580,1.6176488333995884,1.592003,train
16827,0.7196761089060234,0.75549185,train
18989,14.995683211781335,15.072686,train
6900,6.111933998180279,6.1602006,train
13635,13.173564373369228,13.172464,train
14264,5.911225675525185,5.908817,train
13142,4.030731162411502,4.046947,train
5855,13.225682804718506,13.431465,train
6739,3.5751830816001697,3.609115,train
2044,11.109374827508155,11.045139,train
6463,12.843486105157645,12.716331,train
16287,14.451958076898318,14.49288,train
11396,3.5111065506627352,3.5304122,train
15030,6.812831262326819,6.7863584,train
2353,19.778830453245057,19.620417,train
1770,18.6080178539751,18.6849,train
15054,4.421856636557019,4.4711185,train
13877,6.818642354400257,6.77149,train
16877,13.891137948798368,13.9687605,train
12615,17.801077837232384,18.241241,train
8272,6.397000300603114,6.3303504,train
10916,15.256927006111422,15.2359495,train
8590,11.764682623111106,11.847722,train
1931,1.8110655341710136,1.9126203,train
2633,10.2338322794912,10.241897,train
13417,15.466727176830524,15.596476,train
164,2.6245777670784225,2.6536195,train
2052,10.210316477410249,10.16243,train
19261,9.465428899921324,9.457476,train
11760,5.915399101920439,5.943228,train
15128,17.825542548071073,17.74936,train
15895,17.72483396551739,17.640928,train
8136,0.6260816270907,0.6400816,train
12275,11.479347202851336,11.476367,train
13586,19.37831407378796,19.409182,train
2210,13.876168674445148,13.862658,train
16694,13.855915440232147,13.723911,train
12569,3.019149075126207,3.0104988,train
16861,17.471648402433328,17.411892,train
771,1.2622230296003316,1.2404382,train
6711,6.294944425862144,6.3267765,train
18144,4.560847919744875,4.538464,train
8833,7.061367483300387,6.9815626,train
10677,18.35345918957961,18.374401,train
13043,15.574058835795348,15.63407,train
18724,4.840237368291027,4.8905272,train
5694,10.739622297308951,10.708492,train
16332,9.775810468429867,9.712719,train
19019,12.093456260237064,12.078503,train
4601,4.578771676077515,4.6065016,train
11640,20.143270719635872,20.038204,train
2816,11.48754281421554,11.348067,train
4039,2.7629262689190432,2.784131,train
976,0.5582772609536528,0.5850763,train
4794,4.209502356884726,4.268407,train
13197,18.807609969187297,18.828325,train
19276,7.183117829193631,7.2663107,train
6299,7.980954039922376,7.997835,train
3777,10.685317665439236,10.782859,train
19069,7.326016377608927,7.417743,train
5892,9.52986491560338,9.532971,train
343,5.047871062542609,5.029287,train
4441,1.0250513315808871,0.9991147,train
10393,5.541902549154405,5.599888,train
3344,16.262195806902866,16.265392,train
4826,1.197290148381983,1.1288522,train
5298,11.905323178255513,11.951194,train
16407,2.1316101194433053,2.1063104,train
11062,21.133173685669504,21.116152,train
306,9.39261379006047,9.412231,train
4843,21.389157027396507,21.387156,train
6639,14.58004410147513,14.667454,train
13139,4.768438826682547,4.8204694,train
3161,15.087332825303555,15.114311,train
9857,2.1649112483198354,2.150824,train
15960,9.786679948547508,9.870301,train
593,20.932438314434176,20.923159,train
12033,17.16239077045857,17.236479,train
19005,14.194223719803244,14.190171,train
12861,14.488085999416567,14.512384,train
18066,13.244757983216823,13.248952,train
14154,17.671170326723527,17.652729,train
19151,0.3508227844527519,0.35641348,train
16924,9.24634038465317,9.163685,train
4479,18.82143205044112,18.816778,train
7604,11.842842665109783,11.903719,train
3065,3.9000384120868494,3.9265256,train
11468,16.051684980110878,16.034737,train
9295,20.52150223198912,20.489052,train
4669,18.5729567285268,18.615387,train
14801,10.454729773501738,10.405692,train
13644,10.955033771872158,11.038932,train
550,2.761483712517062,2.8368964,train
1588,18.38653939986804,18.349041,train
1552,1.1831192555870231,1.1958666,train
4476,19.72272583573781,19.695936,train
17354,5.376049319192518,5.4085317,train
16716,11.0731981250027,11.071971,train
2830,9.408384789726783,9.456201,train
307,9.364478076596903,9.379352,train
9462,2.009539867816896,2.0438578,train
16899,13.139516812718366,13.113961,train
12450,16.436583299436208,16.457916,train
7822,11.384990536788427,11.258531,train
18818,15.360441478440675,15.4381485,train
17438,18.388034666221248,18.350153,train
16858,15.766911793048823,15.918943,train
432,15.069162949840337,15.000746,train
13995,14.131709741531646,14.090858,train
572,1.004046369955223,0.96155626,train
17655,16.707171308725567,16.711058,train
18957,1.035795204001633,1.0452542,train
7895,3.795296513567743,3.7257316,train
6035,14.354103033005051,14.177711,train
7590,14.102842188993904,14.16149,train
15991,6.1449099663133655,6.1573753,train
16144,8.617922880212703,8.635968,train
3153,15.857444575164031,15.936089,train
17990,0.6521470692078553,0.6835434,train
8676,3.457436647688823,3.4526634,train
13475,8.407474526328098,8.500993,train
17409,22.503779283221103,22.511772,train
5266,15.79479348083877,15.82875,train
5183,3.283847625267096,3.3096776,train
8939,15.930160667175487,16.018562,train
16571,5.763157978569216,5.763355,train
12546,5.161934391871792,5.144456,train
5216,22.491807084126066,22.483675,train
6341,3.673156203627792,3.6932585,train
17937,5.8072639098455525,5.525464,train
8188,15.753417958644798,15.83313,train
13412,15.005658358099812,14.986274,train
1817,12.576121137584082,12.538152,train
15177,11.722131350840352,11.638825,train
14424,10.38535233807535,10.405118,train
2794,13.955083508061891,13.955116,train
10031,3.1302577491617263,3.1735027,train
8000,14.986003409975057,14.902383,train
7394,17.971960139253618,17.979294,train
5705,9.542209455599128,9.352775,train
13045,15.353816425806798,15.401422,train
2467,6.585906382427322,6.524925,train
8537,18.08568440897833,18.08337,train
5994,18.89754863214756,18.78551,train
14654,5.551641096024321,5.5951695,train
14526,22.47383238125793,22.48627,train
9017,7.503065606189272,7.42152,train
15575,10.10924067308682,10.048036,train
4804,3.296981590476289,3.3066325,train
17506,8.409495512587178,8.383796,train
10625,3.001517228812241,3.0546746,train
2885,3.8757777649949854,3.8819838,train
7314,4.4886099146231615,4.5466175,train
7856,7.793013180714732,7.837649,train
17825,18.664434001339306,18.700361,train
5162,5.296240830695286,5.256958,train
12760,2.9339516986723493,2.876966,train
10762,9.50886507476474,9.447139,train
11406,2.599870576658415,2.5658712,train
13047,15.13631372094017,15.065473,train
4091,18.4705559912914,18.518396,train
11671,16.353472266379484,16.118807,train
17190,2.840000942257624,2.7934055,train
14683,2.977795183993477,2.9932935,train
5125,8.989179375114274,8.988538,train
11309,12.598261021624406,12.636868,train
2473,5.762541447321528,5.6538177,train
9878,20.931632810712888,20.89464,train
3074,3.1344967699590405,3.1067674,train
3380,11.777184892751665,11.695956,train
19070,7.188398688711157,7.252312,train
14132,0.5543553435781943,0.53605026,train
13535,2.185882153846321,2.2863374,train
12595,1.1580530159413966,1.143356,train
15098,21.7656651967348,21.795046,train
15600,7.313062430271938,7.428286,train
16598,3.1676890599894083,3.034354,train
17249,18.360905189344223,18.345968,train
341,5.0855473103482405,5.0593963,train
12575,2.740900158722915,2.7147546,train
9218,6.1306351457923975,6.137549,train
6340,3.737982752387331,3.7984228,train
14161,17.773665905447263,17.64323,train
10669,18.772552253000672,18.766205,train
3797,8.29867538034989,8.305089,train
15391,8.38391033027314,8.358742,train
18276,11.931586172483948,11.955659,train
6241,14.657219294869432,14.705811,train
10257,1.3508369020865785,1.3173815,train
17549,4.735191156743115,4.734154,train
712,6.905540763385953,6.8948784,train
9945,10.93887964919302,10.819277,train
18534,3.8425482054938622,3.89231,train
10421,3.0664581550900643,3.1945424,train
14814,8.665072054790052,8.724139,train
15876,20.138766334547093,20.09782,train
2732,21.579420295339283,21.590315,train
7970,18.628096214540857,18.468176,train
7548,19.88982527374176,19.800314,train
4130,13.846587082249004,13.884097,train
3333,17.61333185951145,17.597235,train
13163,2.141595916204122,2.1192927,train
2886,3.859061557279238,3.8710778,train
11607,1.6494082802067132,1.6683961,train
18808,16.511721020542026,16.51853,train
7435,12.87891255409936,12.855624,train
15833,2.948885206449225,2.9357395,train
2940,18.644186075181057,18.645344,train
8889,1.482263344572294,1.4965808,train
2807,12.649855626489725,12.353026,train
16127,11.914437431277715,11.793879,train
11515,11.164320255314156,11.173128,train
3492,0.6338784046138705,0.6329105,train
8383,15.794896628429596,15.734832,train
5930,5.518369103592936,5.4878926,train
2682,4.846909949241065,4.876734,train
2238,10.67663660152824,10.700452,train
19055,9.092365833969264,9.121783,train
11165,7.975191750747395,8.062509,train
8158,19.251238535532487,19.405643,train
595,20.350266476107706,20.478098,train
5823,17.036457209920613,16.901524,train
2114,3.5995889785208703,3.5661016,train
9979,8.40618407439372,8.361331,train
5039,19.94057416838425,19.906149,train
9854,2.78874720314824,2.7985303,train
5002,2.935477247245293,2.9591708,train
9467,1.806258833244485,1.8108534,train
2907,2.0425034959487727,2.0639484,train
8957,14.295686355563308,14.256276,train
14528,20.66941180214476,20.573507,train
5944,4.142459030428579,4.251617,train
914,5.800877730302055,5.7981515,train
10370,7.937523792251747,7.8983917,train
17868,13.251066000355216,13.27607,train
15220,6.6793156365483055,6.6431375,train
2651,8.13354288064737,8.165435,train
4272,18.03601099898372,18.117865,train
7491,6.058835298912068,6.0715537,train
17488,11.899563105859192,11.957542,train
18711,5.856553010911106,5.8475547,train
4871,17.842045762616383,17.82348,train
3836,3.701597240704947,3.702298,train
9244,3.502242414180589,3.574474,train
15643,2.848959473653388,2.7866766,train
5702,9.835468907832071,9.857522,train
16187,4.966482124016276,4.9887714,train
14076,5.106222795888196,5.2037992,train
17537,5.357007848693798,5.2524853,train
6155,2.2753616783017123,2.2994497,train
16517,11.226175064964943,11.272893,train
19308,3.984267446607396,4.0044427,train
11115,13.735086545582137,13.758787,train
17730,7.218180133307291,7.21459,train
17391,1.870796264027744,1.8442318,train
16846,17.74670792457158,17.755474,train
13013,19.469496746134027,19.506151,train
5882,10.637353722350284,10.649293,train
5745,5.332928296323638,5.302245,train
16970,4.738665522888919,4.721431,train
2088,6.113124087182333,6.1128325,train
12883,11.644685048934546,11.686435,train
17250,17.976174285674308,18.015268,train
3042,6.330951976721372,6.2341123,train
16511,12.43454757951772,12.396742,train
5489,10.670386542188604,10.643584,train
17916,7.983775802866659,7.8946786,train
18865,10.273115554948514,10.309994,train
2011,15.212502793690405,15.214114,train
16619,1.2819126821674522,1.3029863,train
15590,8.366407078042803,8.552505,train
10285,15.783305870535145,15.832974,train
19318,3.1014923435028434,3.055141,train
8181,16.5113902427279,16.44658,train
13340,3.2382225792559987,3.2042947,train
3683,0.7313106644087802,0.7406341,train
10479,18.656602625357,18.667124,train
3251,4.717115160125136,4.65404,train
5341,7.120025232228205,7.1464057,train
3860,1.7847530069181845,1.7277774,train
18438,13.625795180608064,13.7115555,train
687,9.71270379271824,9.823607,train
10963,9.475629530775562,9.391549,train
14581,13.482506836213073,13.485879,train
12416,21.063118272563763,21.1211,train
11363,6.948416443911439,6.8653703,train
8174,18.04722887003166,18.004593,train
7013,13.690189664537456,13.726986,train
5982,0.9494647486156116,0.9793143,train
4064,0.8577395912271664,0.8511358,train
8902,0.6611365059758874,0.71555525,train
4408,3.760766830922308,3.756235,train
12042,15.6024032134046,15.554728,train
12235,15.355039747105362,15.3728695,train
16539,9.527322175049408,9.445936,train
5996,21.07940869116053,21.089754,train
4666,19.68450898018257,19.638882,train
10313,13.357538193287098,13.330169,train
15773,9.326919299585146,9.324647,train
6051,12.854805176760635,13.031471,train
9765,12.317089322951515,12.292443,train
117,7.086613939248765,7.11031,train
17032,21.17923057692792,21.229147,train
1604,14.48346057261884,14.448039,train
18464,11.528392138068718,11.549862,train
6813,15.82668689483208,15.769398,train
3219,8.20046375631461,8.218745,train
1409,16.893692484230932,16.9274,train
11342,9.42247003579248,9.331707,train
9446,3.5514755400862934,3.4984226,train
8250,8.653206597604031,8.631101,train
17551,4.369053886786675,4.477421,train
11606,1.722495573170754,1.7074214,train
11613,1.1428827154143868,1.0878426,train
368,3.0111596024590823,3.0246422,train
11952,6.093800240040784,6.01281,train
1680,6.700427892792964,6.7181716,train
17483,11.07114191865652,11.172237,train
5525,6.306533693703663,6.1616235,train
14575,13.034481727966792,13.093895,train
5213,0.9202321452654506,0.9230713,train
2499,3.043535442867597,3.187314,train
15886,18.840285867839093,18.811724,train
9585,10.251918831970368,10.270774,train
18997,14.42725488131707,14.489026,train
901,7.071746049127742,7.067068,train
7529,2.1802973282427502,2.1815307,train
12008,1.0080065429242888,1.0056025,train
5218,22.301008581138152,22.357178,train
6384,0.4408784861619789,0.43131274,train
6686,9.44875596815543,9.426341,train
18369,1.8545682618466184,1.8391712,train
8362,18.8414871927286,18.89482,train
9238,4.034475499445627,4.0371776,train
13716,3.8220647079562378,3.815815,train
13160,2.8372472713089403,2.9084785,train
15197,9.318656064291906,9.163963,train
3214,8.644523675049374,8.678449,train
15903,16.762358786860727,16.719105,train
14129,0.6044406549990474,0.61192477,train
13481,7.485278093315217,7.4576597,train
15381,9.555932374066524,9.628059,train
16907,10.579301375594364,10.729932,train
3621,6.210220580072608,6.1333303,train
1187,20.25918492419244,20.106384,train
10150,12.97887935333268,13.022593,train
3692,19.18526456064827,19.112064,train
2386,15.773038882602163,15.781471,train
1695,4.920922203237325,4.873889,train
12728,6.153860627292937,6.242066,train
4015,4.902664395392866,4.964541,train
18444,13.922797042397464,13.945267,train
17155,6.103455545311458,6.090379,train
18121,6.796366777354967,6.8419595,train
10367,8.661550259777147,8.599349,train
9584,10.309845168916675,10.337371,train
6902,5.714287325526361,5.694446,train
2843,8.121664915615083,8.10962,train
5029,21.20385982282939,21.213667,train
14816,9.411930673877476,9.414779,train
10649,1.0888965232956629,1.1065788,train
520,5.689451413939079,5.73025,train
6291,8.864033340068467,8.825769,train
2876,4.845152694395336,4.8290586,train
17188,2.8866794089048846,2.9860094,train
3603,7.84164053968006,7.807215,train
4131,13.643200757584191,13.742274,train
18473,10.7232935877365,10.693871,train
10588,6.68855710234816,6.811589,train
3911,16.88012930337295,16.890984,train
9952,10.617262337504316,10.687071,train
8747,16.25853323535999,16.200981,train
18996,14.762794039997113,14.800851,train
2313,2.5164164098585298,2.531781,train
5519,7.424916517146921,7.4426317,train
5852,14.019170241094692,14.054276,train
3216,8.364877581301478,8.515223,train
14658,5.570892459764712,5.498702,train
13259,11.517413405674397,11.450936,train
12519,8.189329720580284,8.195841,train
18334,4.976809245605707,4.991636,train
9186,9.27399916355814,9.289008,train
7072,7.737491063250124,7.771874,train
14093,3.682103334301439,3.649195,train
17943,4.921709222498678,4.763223,train
647,14.190071262971044,14.394177,train
18339,4.619207367059364,4.6100955,train
1309,5.068772632076086,5.0356693,train
7633,9.00642996004445,8.934348,train
18918,4.389527796623885,4.3491893,train
10376,7.900678883159952,7.8911533,train
12336,6.050903137317838,6.1976714,train
15292,19.41732079056985,19.442497,train
18437,13.905824777525703,13.957396,train
18043,15.47724475442523,15.523398,train
6297,8.232701572541488,8.233071,train
237,18.03593156030237,18.022898,train
179,1.320901714976019,1.4072669,train
13277,9.66901285179998,9.668587,train
19215,13.873708089922422,13.8883705,train
4290,16.370535835258895,16.397696,train
5500,9.2750239151074,9.279173,train
3523,16.60524480056194,16.597515,train
16199,3.5970695830470905,3.577429,train
6649,13.40237542210382,13.394582,train
14098,3.0161909382310443,3.0334928,train
2128,2.1344199414884577,2.1544573,train
17417,16.604016259814756,16.688906,train
4533,11.910295107271809,11.908319,train
12826,18.25037272574556,18.339516,train
1763,18.166726565761657,18.128246,train
11477,15.277816981993526,15.284316,train
15839,2.7160274805774645,2.7549562,train
10124,16.462952279414587,16.372013,train
4646,22.43495092727593,22.386644,train
81,11.198091499443496,11.217024,train
10268,19.52390666795085,19.495756,train
12190,0.980399344653642,0.9457393,train
3654,2.842509815702192,2.8612528,train
7158,0.3467328324042219,0.31820807,train
13171,1.361754247736721,1.3739465,train
11300,13.448358825544345,13.48553,train
10925,14.129174981763043,14.095572,train
7009,15.15062810617111,15.153282,train
4421,2.5781597016214683,2.561987,train
10547,11.336266745753344,11.31609,train
12304,8.589858428756688,8.596523,train
9484,0.5227585363214453,0.5530577,train
9595,9.11598070604597,9.066438,train
12486,12.01783776245595,12.034688,train
17126,9.084731069680794,9.096102,train
13134,4.966999470670655,4.964156,train
15091,1.1420331449464958,1.1356933,train
8570,13.881352922170413,14.000431,train
17212,1.025517249095732,1.0150279,train
14636,8.205086031282908,8.172788,train
2862,5.97520673554419,6.0125275,train
12447,16.91671285232594,16.970936,train
9670,1.344510202107833,1.3518828,train
15458,1.764022947370128,1.7393923,train
17236,17.991427533623472,18.057785,train
9750,14.102227848894048,14.0788765,train
141,4.748322295985338,4.7159076,train
5011,2.081591749780027,2.0657663,train
1436,13.230786702899405,13.085278,train
768,1.3369543579362797,1.275806,train
7852,8.175144311147033,8.096173,train
19317,3.2002838959887527,3.1226523,train
16312,11.990477892510183,12.021575,train
4586,6.136277473734102,6.0901504,train
2519,1.3324992905034947,1.3675531,train
18558,1.7132375823906476,1.6379876,train
6407,19.63107459128099,19.711903,train
10593,6.139307028099631,5.9526668,train
8997,9.702678078057003,9.840762,train
11999,1.6762206162344924,1.6824435,train
17086,13.603501307515067,13.71,train
856,12.24459944985542,12.148675,train
1281,8.26097428990031,8.331723,train
5268,15.666887880498257,15.656978,train
4751,8.65661103256493,8.685142,train
13835,11.89794464700729,11.931694,train
14273,5.0568200616703685,5.0220156,train
14454,6.998675763259281,7.023924,train
16529,10.728901974070782,10.555724,train
12560,3.9095515486643673,3.8969452,train
9143,14.184193330172157,14.194275,train
2599,14.34330664071481,14.481467,train
13198,18.455567153824443,18.448408,train
16614,1.7750106672835666,1.7942892,train
11530,8.966187028216954,8.980323,train
1115,5.367428547831621,5.3351164,train
5171,4.42901524142707,4.3999705,train
29,18.3773656409226,18.370737,train
3820,5.532631693610897,5.4765587,train
11498,12.714089466177986,12.631482,train
11335,10.037626477121096,9.9643755,train
5506,9.453886505892251,9.365858,train
959,1.3857318639224514,1.3514153,train
17816,19.73457794131128,19.860788,train
15133,16.51789966308179,16.566525,train
16879,15.71652353932763,15.700581,train
11547,7.37893392338156,7.298011,train
16085,14.698695115669494,14.775188,train
3799,7.870450513734245,7.966899,train
15888,18.4831882335682,18.470575,train
18665,11.410590921378198,11.472594,train
7794,15.289896666543653,15.381597,train
14080,4.83059135812494,4.794644,train
4377,7.013559870931464,6.9713664,train
14035,9.604446999196922,9.589164,train
857,12.126041810512758,12.081122,train
13920,2.4978159576566084,2.49291,train
17337,7.048681077507678,7.1152477,train
6390,21.92169705094667,21.864498,train
1942,1.0161221343691194,1.0496439,train
4662,18.604806602289,18.54385,train
17956,3.846488497240948,3.7153935,train
17997,0.5888513328255921,0.58647215,train
16277,15.514239055648984,15.501452,train
18809,16.15493296886064,16.151747,train
3075,3.0181032791678786,3.0458996,train
11138,11.076584747741968,11.1899,train
14032,9.98133019593347,9.957419,train
8745,17.246940941066274,17.239683,train
17988,0.6721448977613722,0.7194311,train
12970,2.5469749213154667,2.528994,train
15125,17.15985148264219,17.353546,train
11185,5.825724400651786,5.8111496,train
6218,17.71034418462721,17.675201,train
18922,3.9360776748058672,3.9990118,train
5799,20.99669115864986,20.996471,train
11531,8.769744435187338,8.775715,train
7293,6.616816307672423,6.648471,train
13907,3.697485865246272,3.6875184,train
14614,9.458680258277136,9.50422,train
17806,20.9251719622452,20.94965,train
5021,1.2828917731832634,1.2574703,train
16677,14.912652078535586,14.953038,train
6646,14.41310060501429,14.427416,train
16421,1.1556378774158955,1.1388198,train
5754,4.419776970102548,4.424034,train
3131,18.86517868031212,18.842888,train
14511,1.367772668294492,1.3387586,train
15598,7.522994120322568,7.5579324,train
4801,3.5179379244425952,3.558561,train
1529,2.9920372206878736,3.017302,train
2787,15.0712738090459,14.72831,train
1825,11.93348031813148,11.877837,train
3663,2.148472964948146,2.1217577,train
10321,12.832157579219174,12.7622595,train
8722,16.818547050739998,16.87287,train
17238,17.261196804050588,17.371592,train
8847,5.25848759206064,5.1729794,train
6496,8.416995663383327,8.451031,train
13667,9.087251840026395,9.102868,train
19255,9.508108881699291,9.493965,train
6107,7.029600464565988,7.182404,train
3667,1.964720776518292,1.8745611,train
10320,13.083279828527443,13.148278,train
14960,14.905612719219434,14.915299,train
3068,3.8833878377477498,3.8369853,train
2074,7.708287874119185,7.6579676,train
8061,7.954774788447567,7.643739,train
2163,19.118926868259084,19.082113,train
16831,21.38745936347909,21.301912,train
9875,1.1427280952974157,1.1228294,train
10159,11.8116529811736,11.771998,train
8255,8.08543311274462,8.077347,train
16740,9.1587621005197,9.1026535,train
18664,11.666013329444477,11.689264,train
18810,15.805135588965957,15.80435,train
10137,14.436847527462662,14.450634,train
8595,12.292051697585906,12.252661,train
3633,4.810952595757777,4.8235083,train
14777,14.03842553664616,14.0351715,train
3280,1.975396724183217,1.9417671,train
405,17.35473788784419,17.405424,train
223,19.55323594045509,19.580402,train
6489,9.432045156828895,9.462721,train
6235,15.481816840339276,15.255301,train
14352,19.12002477724453,19.103226,train
16953,6.256555624245187,6.1624613,train
9940,12.276649023351252,12.157024,train
11968,4.367135631034083,4.4165936,train
14920,19.75216393667077,19.731192,train
11046,1.2677378024807804,1.2553372,train
5347,6.162091464627712,6.140603,train
9740,15.35121658665837,15.352368,train
7316,4.020531020886276,4.0159597,train
567,1.4211983675378197,1.3871008,train
9335,15.63961144553435,15.60306,train
19082,6.793102961383557,6.7440042,train
5592,0.7868753812540075,0.75302196,train
15780,8.710146324300487,8.743466,train
7139,1.7174146354102435,1.7943794,train
9197,8.106808551718563,8.052497,train
1958,22.501523004272567,22.526793,train
8211,13.049501100879857,12.8646345,train
8293,3.995463550953561,3.9324393,train
16508,12.153302237873527,12.095326,train
15154,13.960070651608945,14.010939,train
8855,4.559366483508301,4.548124,train
18867,9.854455645522435,9.853438,train
6591,19.255754923563355,19.219477,train
3424,6.962967647323042,6.933531,train
8334,22.39447708663921,22.345314,train
714,6.74762244828902,6.829938,train
10926,14.01532049439646,13.997382,train
3947,13.169907410850472,13.171144,train
690,9.326679376715171,9.302265,train
8110,2.9118125950097253,2.8965003,train
14165,16.292976960286794,16.315063,train
18515,5.699148318572766,5.675103,train
4939,9.39109612206682,9.371899,train
6201,19.50821634008452,19.539337,train
16023,2.9849073004277824,2.9838738,train
10401,4.853680197258433,4.897071,train
15478,0.436944296846784,0.42793044,train
17724,8.226684861384895,8.21763,train
12322,6.914451131838936,6.970604,train
13668,8.892605705034129,8.832109,train
18380,1.0330583568437195,1.0478755,train
5700,10.09707655570137,10.148767,train
19170,16.935272970713065,16.92094,train
14137,21.99128431288764,22.062834,train
2242,9.82450418648188,9.827645,train
7738,0.3672171964604657,0.36236283,train
8877,2.4450782473162374,2.3854756,train
18737,3.497059169301048,3.4644995,train
12529,7.079407495009857,7.1065774,train
9249,2.9726443988627165,3.0110302,train
17101,12.61082051545471,12.656581,train
13060,13.62357104969474,13.637977,train
16394,3.2977317905826533,3.3360953,train
892,8.095587705008208,8.124884,train
10552,10.412139186389211,10.486496,train
18986,16.110785919048368,16.158186,train
1550,1.2447150742403734,1.2276615,train
1570,19.23353809016125,19.309052,train
7730,0.8398221279346193,0.8255807,train
56,13.560347339019945,13.528775,train
5424,16.149926399604983,16.051136,train
2170,18.97446217756532,18.986595,train
2839,8.322242126940933,8.312522,train
1721,2.62826426815762,2.6149635,train
17156,5.937385486385131,5.9708247,train
17640,18.312529475962453,18.30215,train
18821,14.40483088157362,14.449249,train
6315,6.392149661380802,6.3390393,train
5436,18.383443780611888,18.331089,train
9043,4.963801093365152,4.965866,train
8034,10.669187280384882,10.813235,train
8182,16.43295344991351,16.228136,train
13598,17.372869859651413,17.353344,train
8051,9.068302767275624,8.841578,train
18505,6.746157977239103,6.7409873,train
3487,0.678749101722304,0.74010295,train
9886,16.263315322171795,16.271633,train
17904,9.202583808717174,9.204987,train
440,14.706060192091998,14.764014,train
2120,2.923661871815098,2.8951356,train
7292,6.701867468668157,6.6811166,train
17636,19.23495837348099,19.177786,train
2743,20.23158058216821,20.223707,train
6119,5.639105017088944,5.737501,train
11525,9.998592195271176,9.965778,train
11170,7.629360490901238,7.4095287,train
13386,17.33531531473454,17.147318,train
219,19.775636784042124,19.732018,train
16382,4.553182898896669,4.548639,train
1564,18.85831969986806,18.855625,train
4739,10.111277905384927,10.046712,train
7809,12.879895293291188,12.662073,train
5842,15.153026616129448,15.139018,train
5357,5.102395823021358,5.0592647,train
8350,20.33753762727725,20.370754,train
10467,20.75509076134728,20.747608,train
6171,1.026089677997987,0.97736204,train
17991,0.6425447622708771,0.67338425,train
5189,2.7491341557469675,2.6965866,train
7613,11.166646039304396,11.155253,train
7586,16.063504861399597,16.019793,train
10441,1.4866039110376257,1.4729033,train
10805,4.482595257529434,4.460244,train
18640,13.434176911711342,13.415458,train
231,18.329493732215383,18.32463,train
3764,10.992326263338608,11.035557,train
12767,2.4627096843747385,2.399137,train
2022,13.801123021419013,13.77311,train
11152,9.53132823906046,9.645144,train
16766,5.859743948835716,5.9182754,train
519,5.86927136509311,5.8666625,train
218,20.618639226026986,20.649046,train
12349,4.464121371198481,4.564544,train
15766,10.200925935697905,10.216049,train
12220,17.904445952490253,17.888905,train
16621,1.1789360899494197,1.1598657,train
11886,13.501011541719771,13.490817,train
13276,9.83992861664241,9.800416,train
7303,5.567224072204758,5.5472183,train
8974,12.858017864715576,12.860865,train
7440,11.851006543595648,11.848336,train
12183,1.4567735974858382,1.4563677,train
10107,18.348268351542423,18.366175,train
8067,7.031293242086351,7.136222,train
15283,0.9906902651299512,1.0031517,train
4347,10.448205254666227,10.359136,train
16338,8.220668049328802,8.242438,train
9723,17.389270801817535,17.390541,train
9606,7.957488546897715,7.819646,train
13708,4.588765109157886,4.5551476,train
6052,12.628651365965244,12.709514,train
8985,11.357658766207743,11.411327,train
18841,12.258282120507593,12.215656,train
15258,2.832005034370809,2.8191278,train
18635,15.05969020266355,15.091655,train
1965,20.37283984933112,20.373922,train
1620,13.46275024940731,13.413303,train
11442,21.088862704415902,21.127972,train
14562,15.14460608151383,15.207583,train
2056,9.700514967529465,9.6999655,train
10607,4.7517988975133045,5.0617304,train
2626,11.10988526242519,10.992994,train
18940,2.3882613883894765,2.3645916,train
849,13.11213118256591,13.1375885,train
5937,4.787879672593447,4.7042637,train
224,19.499954404520544,19.449099,train
2564,18.56596403912,18.575651,train
15216,7.145385686096591,6.988005,train
8269,6.597720024962163,6.6246824,train
12064,12.455988354386914,12.368028,train
918,5.144046829243051,5.0771694,train
16156,7.309695061916768,7.3092074,train
9388,9.577538752043017,9.587036,train
10514,14.434799189266007,14.294857,train
12038,18.415989666988064,18.453833,train
10947,11.48857374721866,11.489812,train
12210,18.84703628279764,18.754972,train
15601,7.130332648078022,6.931517,train
8850,4.797416054893784,4.8655534,train
9329,16.76856365595988,16.729294,train
11621,0.7269498721236772,0.74187636,train
2521,1.2760862041855634,1.2988497,train
17231,20.11984598622492,20.146141,train
6844,11.726490510822972,11.783059,train
12408,21.924531489503902,21.906296,train
9504,20.07733070647496,20.214355,train
258,15.42097705986481,15.343761,train
11576,4.424282486136519,4.4574404,train
18435,14.63424144107876,14.627693,train
19007,13.50820959963832,13.584281,train
4081,19.67642346422993,19.717793,train
19269,7.68468834354774,7.6458936,train
523,5.22978126176047,5.3611245,train
7374,20.579542124519907,20.51789,train
17939,5.069200997267324,5.29505,train
12744,4.462688451917456,4.406982,train
17740,6.120228444474305,6.117078,train
12249,15.28587932922548,15.333032,train
5599,0.296726680889464,0.31077218,train
17865,13.817512151104282,13.772564,train
16513,11.907675522031754,11.933905,train
3932,14.158148150164026,14.010777,train
5826,18.350086858424785,18.306082,train
10440,1.5576689614727466,1.5606018,train
14203,12.581646538913354,12.628139,train
12589,1.3334560202385726,1.3374848,train
9866,1.8721408443955032,1.8756284,train
3126,18.553109481689,18.656174,train
14366,17.087352696460286,17.157383,train
1982,18.76925589985675,18.802502,train
3363,13.940135186863476,13.874578,train
7083,6.6134303223389,6.61213,train
8366,18.132254123856747,18.118591,train
6691,8.400399831459529,8.357423,train
15704,17.851714029927134,17.870735,train
1987,17.5847714962924,17.55108,train
4057,1.1993530420419252,1.1628032,train
15856,1.1837711177698402,1.1643747,train
11171,7.58233750509312,7.3355017,train
10190,8.217913561777923,8.214906,train
7638,9.198420734494716,9.191949,train
13849,9.84360066574881,9.823606,train
10165,11.456077983638409,11.490055,train
4541,11.080476530356252,11.093091,train
3858,1.9432053340399809,1.9194577,train
3234,6.473461409592286,6.4585295,train
13052,14.4065684576534,14.448139,train
4355,8.891995337120193,8.856253,train
6571,1.3308235061275222,1.3499942,train
7886,4.668111924983627,4.7260103,train
3336,17.21941631858906,17.132254,train
8627,8.295596880549365,8.323439,train
2337,0.7872249710415522,0.8319407,train
17356,5.153909116813049,5.195347,train
1005,17.011325193747496,17.042053,train
10307,15.28232120096928,15.283855,train
13085,10.476757843986944,10.44196,train
2121,2.864190298040701,2.878753,train
1389,19.53423489830529,19.471407,train
19048,9.42145932857761,9.448578,train
13704,4.794495834117888,4.813973,train
9407,7.48001752687194,7.320219,train
5113,10.465885280997323,10.494806,train
3803,7.050102608310999,7.0467873,train
4075,19.630245737744456,19.688591,train
12805,20.94616035962531,20.92899,train
8914,20.524465116620053,20.442593,train
11639,20.18426205741972,20.105589,train
12148,4.605245132334572,4.635737,train
6688,9.005911741624418,9.016728,train
5805,18.249886700362893,18.421947,train
4463,20.2543301737088,20.335941,train
13838,11.213008334167828,11.2690735,train
18811,15.462193839929682,15.453437,train
15009,9.15120785556174,9.114247,train
19012,14.848551160004838,14.779695,train
390,21.406714507730083,21.322735,train
6008,18.54607292564289,18.557966,train
14238,9.092037614287229,9.074054,train
15641,2.9467866379409107,2.818889,train
5229,20.85370313574216,20.824528,train
8643,7.131015204827574,7.0294337,train
5041,19.204056172340348,19.227505,train
10578,7.758073296034368,7.819526,train
1366,0.6249574624295839,0.6181553,train
9257,2.451862339890277,2.4395337,train
1545,1.8430467487155184,1.855925,train
7194,18.1523619696095,18.195005,train
1430,14.159426044270123,14.068159,train
10172,10.438911725112224,10.451185,train
15972,8.296882353425548,8.368558,train
7195,17.964722222569822,18.032047,train
10670,17.871252023007855,17.9709,train
16240,0.4066632148000277,0.3908926,train
9792,9.119220489164013,9.0991335,train
3511,18.703102505964463,18.735504,train
17660,15.696074347079158,15.708016,train
3780,9.895021731108235,9.840204,train
5040,19.569527535602504,19.581861,train
16616,1.6649445159053866,1.6427174,train
13491,6.459227815771501,6.395885,train
10501,15.979390212038563,15.928651,train
18869,9.44597026115773,9.391359,train
498,8.320050160342296,8.23181,train
5730,6.775248277674866,6.7088904,train
10819,3.105922601124677,3.079732,train
8094,4.036731682831843,4.031653,train
6230,16.013065047634633,16.18274,train
14912,20.20441068718589,20.16003,train
9367,11.94100213426794,11.696415,train
7002,15.296272722068244,15.339965,train
1560,20.34627132412953,20.43771,train
18874,9.302288009046498,9.41193,train
2014,14.66829358622166,14.545525,train
13597,17.70972756600086,17.657417,train
5123,9.35903661968723,9.388982,train
1781,17.055157792871515,16.950186,train
7064,8.395012466823221,8.402966,train
2196,14.575540208843476,14.572515,train
7925,1.1972322500976325,1.2231573,train
10052,1.4439338507017705,1.4647913,train
13306,6.559960503221302,6.516257,train
9660,2.153794673934879,2.207036,train
18424,17.08309820280449,17.087072,train
3077,2.791491952476259,2.9345932,train
5660,14.774511068484127,14.798879,train
15854,1.2289453414347054,1.1942387,train
4703,13.83465155748358,13.915971,train
18963,22.492331921414326,22.464191,train
2428,10.76579941187297,10.760427,train
4447,0.4607499378222969,0.43763843,train
974,0.5894397912713338,0.60392827,train
11758,5.956523726290709,5.99658,train
18159,2.949874287539295,2.9772098,train
8281,5.43746736241593,5.40391,train
13428,13.925548782186445,13.864799,train
5117,10.513243450482111,10.64091,train
12060,13.923589220670612,13.972622,train
6249,13.792617752472784,13.885526,train
3743,13.449992564178883,13.38631,train
4618,2.9237983251905098,2.9273865,train
16223,1.5634511579150872,1.5539397,train
5657,15.498266931291525,15.4637785,train
19344,1.0246416647609065,1.0177963,train
16697,12.895140410640376,12.953108,train
2642,9.178743824523885,9.155381,train
18107,8.282066405342183,8.271861,train
1092,7.771131989638852,7.8586254,train
8884,1.8534361024580448,1.7808927,train
4369,7.740389780735954,7.75238,train
17650,16.995312270006398,16.987474,train
2351,20.074791027679364,19.988518,train
7954,20.837057715190028,20.81041,train
7770,17.268894611565866,17.309341,train
12458,15.4894227202169,15.499382,train
7748,19.931920063939376,19.953775,train
2988,13.140983581040736,13.152521,train
15754,11.595389784988749,11.659425,train
3267,3.2402650873625856,3.2252626,train
2835,9.19059460080812,9.125669,train
17167,4.804844523024999,4.873488,train
1732,1.7147093670523816,1.6881506,train
4262,18.993578785709644,19.141106,train
14524,0.6375897988861305,0.63731915,train
10468,20.1610796334551,20.182318,train
4405,4.014262139097416,3.9682379,train
13237,14.218748295134814,14.1734085,train
11069,19.065756460406234,19.11885,train
19279,6.697821949225971,6.570557,train
3524,16.15537807330568,16.156097,train
18945,1.9245757339033616,1.9022652,train
10202,7.01467537472884,7.0083923,train
13247,13.066816960640804,13.11564,train
4368,7.930707945942804,7.9330797,train
11113,14.17372109464945,14.186183,train
16493,14.153122742489964,14.206852,train
4859,19.38386143067047,19.436382,train
6127,4.894399846225908,5.07059,train
8814,9.13556789845221,9.196593,train
3755,11.727687168839417,11.841101,train
1578,19.73916706264996,19.748075,train
8538,17.652135487383248,17.742035,train
2204,13.982926894964724,13.89547,train
279,12.00647879947712,11.905464,train
510,6.744217097344035,6.7429338,train
2324,1.6306550162882305,1.6318697,train
5222,21.92261479618908,21.908163,train
10907,16.378645315950795,16.402222,train
17080,15.412815133148095,15.380974,train
8401,13.899484024405568,13.925074,train
6381,0.4858379843574279,0.48270717,train
8798,10.328118538865075,10.234567,train
18912,4.860655799263118,4.929243,train
10284,16.05840179463624,16.038828,train
19209,13.684768403997918,13.675798,train
9383,10.028637148685972,10.101768,train
10657,0.4555642324982046,0.45155993,train
5460,13.542485009940105,13.421141,train
5551,4.059467005684252,4.1269765,train
6076,10.726717870486455,10.611137,train
6641,13.91589316579882,13.887729,train
10714,14.51696169291759,14.504282,train
4012,5.30563905822457,5.241827,train
17334,7.471053271037145,7.459331,train
7553,17.05649228869166,17.011988,train
14509,1.4033358810898455,1.3600656,train
3691,19.80079030169172,19.740416,train
7149,0.9841875678274036,0.9206871,train
15134,16.27021909892145,16.4388,train
731,4.874661325429193,4.8414936,train
5683,11.975155387208302,12.025436,train
8030,11.413679748328567,11.455267,train
10919,14.897586866201234,14.885997,train
16501,13.602029685942602,13.557801,train
14502,2.1493606745379923,2.1239927,train
6048,13.742984399338582,13.776744,train
14563,14.721276199653197,14.725865,train
12397,0.4605256153989967,0.43166175,train
1442,12.62264242085988,12.594996,train
10851,0.7677376318512227,0.81196195,train
8434,9.513158476322191,9.528024,train
2767,17.534221586229133,17.45826,train
14866,3.842319213453208,3.7836854,train
4083,19.05000676788392,19.122372,train
6428,16.890840747236044,17.018879,train
7530,2.167152901799936,2.1655629,train
5088,13.948440089895051,13.93998,train
15180,11.199721005466063,11.1366205,train
15954,10.42705411871738,10.399959,train
8973,13.17091705926645,13.144556,train
16129,10.86156754757985,10.9513445,train
16408,2.038125134639738,2.035948,train
5050,18.33616861666632,18.347979,train
3064,4.036778783587842,4.0073414,train
17914,8.079126199111677,8.203596,train
7204,16.94766578384679,16.994516,train
12532,6.850743225439396,6.861997,train
3471,2.14579512855242,2.177588,train
5597,0.3423282004462939,0.31511047,train
855,12.364262399033274,12.35255,train
18130,5.826709774484154,5.8820605,train
18075,11.811203243896312,11.809601,train
15482,22.11580194439887,22.117668,train
3332,17.747955604742717,17.660526,train
3996,6.725159845695658,6.7725854,train
10478,19.07156268087484,19.007668,train
18838,13.053324391164043,13.054741,train
19179,16.4134256813766,16.387148,train
8857,4.274098357978077,4.28438,train
11638,20.229395273021364,20.163815,train
6816,14.700509797386411,14.693114,train
10510,15.113269238136386,15.094079,train
8384,15.70895651703296,15.685719,train
2373,17.297951534392215,17.289259,train
7796,14.607713009946703,14.708671,train
3067,3.633740459391244,3.7028081,train
17223,20.345453612184112,20.33937,train
6342,3.611779174990172,3.617475,train
7883,5.035040741302258,4.964746,train
11548,7.20753950363885,7.165183,train
5696,10.740628812447698,10.803216,train
11954,5.831994701717537,5.836249,train
8254,8.21013654088438,8.226017,train
9352,13.647549630199396,13.879492,train
3187,11.532641288755569,11.584931,train
11884,13.961742203019368,13.985501,train
6466,12.001624669242505,11.999923,train
3329,18.161821920216845,18.283705,train
2388,15.787990133469313,15.75474,train
7999,15.060871259432783,15.0218725,train
16252,17.62753155820695,17.603376,train
14694,2.069190929467905,2.171481,train
13213,17.75492032994799,17.706493,train
2548,21.10168964914053,21.135674,train
1853,9.196034346093503,9.099551,train
7542,1.334119317748649,1.3446394,train
18521,4.912957557274065,4.882359,train
19107,3.885704884535107,3.994792,train
11602,2.030953972336898,2.0063577,train
10087,21.04822882683527,21.02137,train
14739,18.25011971027673,18.123575,train
380,1.396892452469342,1.4314153,train
13114,7.103461383584128,7.153055,train
15488,19.94355875988113,20.037989,train
3624,5.585042502355685,5.6683073,train
7690,3.930321833783052,3.940785,train
1611,14.201179095887053,14.279513,train
331,6.144459944220602,6.111067,train
507,6.741584256982304,6.745149,train
2038,11.959181203913722,12.010908,train
18195,0.4986742455970535,0.46767336,train
17219,22.48193875232009,22.498869,train
10032,3.000705989628312,2.9806454,train
15469,1.0076075307215595,0.9845469,train
13058,13.815962176967078,13.75422,train
9055,3.6919087202893777,3.6881356,train
12603,0.5628731695676673,0.5589139,train
9442,3.792698647632097,3.8019917,train
17996,0.5974196884478662,0.6104224,train
2345,20.7470591019265,20.65668,train
19148,0.744652396768757,0.77822566,train
12335,5.498983864098266,5.369916,train
7957,20.21752528060151,20.223307,train
15866,21.451092820464364,21.458183,train
18332,5.238413599102009,5.2141633,train
8229,10.976591996816722,10.937931,train
566,1.4782020063041883,1.3980898,train
7805,13.715226497363108,13.743865,train
13548,1.2327983961732054,1.2392412,train
12236,18.382359435971384,18.361677,train
14609,10.843512526124458,10.7579155,train
19314,3.531948182876122,3.4836805,train
6020,16.519333495045,16.49266,train
16595,3.385866783007452,3.3226616,train
3302,21.518294917434314,21.476099,train
1603,14.696856449964775,14.708115,train
9752,13.854586902647306,13.814201,train
15346,13.057518088943551,13.103756,train
1265,10.457633061561046,10.339452,train
13688,6.673983999047722,6.6884727,train
12400,0.3584195533677254,0.35789037,train
12244,14.629180808520085,14.636784,train
3432,5.981124902277692,5.8628893,train
5377,3.122104695486753,3.1253114,train
14764,13.965679417163736,14.021708,train
15521,17.03856893453334,16.896248,train
16948,6.214248374127939,6.381222,train
7203,17.122946262762426,17.154854,train
12903,9.279445561083696,9.324791,train
14216,11.915598900896663,11.989827,train
18884,8.144446979864444,8.182193,train
228,19.29722785897648,19.338907,train
8478,4.915697521870162,4.928844,train
16741,8.93396470910358,8.877466,train
1659,9.166800027553233,9.11804,train
3573,11.082123104013158,10.995652,train
17039,21.108028355803835,21.091034,train
15379,9.268861926563533,9.336686,train
18978,16.132401746027902,16.13619,train
7683,4.39971589152272,4.4036283,train
5242,19.27580315596381,19.33157,train
9084,1.148806328060222,1.134772,train
11826,20.93976528488078,20.919655,train
417,15.98028805389372,15.983294,train
18652,11.791985372207336,11.781253,train
10680,16.987008274313173,17.059647,train
5822,17.402681705665977,17.32943,train
7213,15.903225527695769,15.88718,train
13606,16.73973976966595,16.782639,train
7777,16.646813362585416,16.615652,train
638,15.734627346749688,15.587654,train
18076,11.998318373664802,11.940034,train
10821,2.933506888642497,2.8841138,train
18854,11.69385128824008,11.6774435,train
17889,10.693659505117177,10.707065,train
12720,6.95698557391868,6.9410305,train
3841,3.431063346410643,3.3687158,train
5946,3.854058046590535,3.7387233,train
18851,11.181639302282768,11.244649,train
15493,20.43706688514051,20.362719,train
17051,18.95651021762715,18.8833,train
13468,9.04028756036409,9.016865,train
13372,21.89347725581965,21.839201,train
12344,4.684774796762945,4.6334815,train
14067,6.091040758629593,6.097366,train
14396,13.264415977432105,13.291273,train
10508,15.677113293222114,15.680058,train
18537,3.483317193951496,3.5049977,train
10108,18.261387178525684,18.270487,train
6045,13.249305642756507,13.104975,train
11075,18.52350221630912,18.556673,train
5236,19.759091538081925,19.763416,train
9384,9.916820115138488,9.8736,train
12017,17.38631668565123,16.632746,train
18645,13.82885451343755,13.843347,train
5890,9.88484556021854,9.863906,train
5176,3.985979407401016,3.9759367,train
18460,11.067001775090402,11.11339,train
18719,5.170041424225409,5.1447945,train
5616,21.13694405318925,21.109776,train
9175,10.486011608678108,10.466131,train
13269,10.41898099807632,10.420957,train
15541,14.423492053428689,14.293064,train
3423,7.008416109347492,6.9412513,train
6799,16.078310254474747,16.147903,train
7127,2.7733807064418934,2.7158873,train
18873,9.497233684566751,9.610772,train
9008,8.387505820967993,8.384344,train
19158,0.2218046542263504,0.23311917,train
8311,2.6280447665379776,2.6005416,train
19292,5.835014060528411,5.9688187,train
14998,10.45076641763436,10.488984,train
41,15.774815201353592,15.766949,train
10161,11.692527486338692,11.654565,train
14339,20.73555635030881,20.736002,train
10704,15.662476127914315,15.641872,train
3249,4.909104718808614,4.947526,train
16045,1.2296405420620462,1.259618,train
1697,4.718709799404908,4.643413,train
18914,4.862953690300901,4.889242,train
8630,7.63579354712228,7.6957684,train
14749,17.010613039476638,16.988905,train
15532,15.506123561857557,15.445468,train
11361,6.904263945516118,7.0118637,train
2625,11.198950866711211,11.135051,train
18188,0.6116115801039419,0.65327287,train
14704,1.3363797626571643,1.4188578,train
4116,15.02043652418508,14.979391,train
3123,19.4895815485228,19.445337,train
14236,9.478327417194045,9.570504,train
13802,14.793678609200478,14.81214,train
3454,3.892808354749768,3.6593819,train
9219,5.973914307615385,6.0041385,train
13620,14.282433641798036,14.147675,train
10218,5.02518460543358,5.0130963,train
16375,4.959963389222684,4.9398494,train
3337,17.118433845359675,17.159815,train
7460,9.458383821377788,9.438657,train
15503,19.1356222240452,19.11532,train
12326,7.163860154765193,7.0877476,train
6559,2.1662249960717124,2.19438,train
14311,1.6691301896953938,1.6642615,train
2410,12.814441327959024,12.793683,train
18407,17.586342555280225,17.471193,train
17864,13.90219440477203,13.846462,train
15607,6.560797125870852,6.570947,train
11141,10.883763961894225,10.640705,train
2588,15.775346189859883,15.760931,train
3418,7.239661382183065,7.3246527,train
4466,21.08052776510472,21.02222,train
3722,16.02410424111829,15.996677,train
15608,6.467727098624406,6.538507,train
17096,12.446335300176369,12.547011,train
14207,12.917764635439068,13.079766,train
18953,1.2294778159600168,1.1873195,train
12264,12.660321290877423,12.679132,train
15110,19.79981843274045,19.830936,train
18229,17.23362343871582,17.238712,train
1983,18.528072575903145,18.51903,train
2648,8.401507302265331,8.403429,train
1780,17.565604410862168,17.53012,train
8055,8.256956259879836,8.36637,train
10958,10.225524556888754,10.229076,train
10920,14.782091375305995,14.7983465,train
12491,11.458968024420884,11.447756,train
19325,2.529786176553259,2.509052,train
6769,1.0406263551260742,1.0161593,train
12858,14.27726052933572,14.302542,train
6462,12.879723434518546,12.787538,train
12268,13.478157646709054,13.454545,train
2956,14.8718678248434,14.84408,train
3949,12.616348631093995,12.60798,train
9437,4.43419743444447,4.3976207,train
7944,22.170394958686447,22.132408,train
876,9.972482333542503,10.0084095,train
8697,1.6363631567236352,1.6222764,train
5872,11.757270281152971,11.852493,train
14192,13.98621827568749,13.9768095,train
13558,0.5589446379463019,0.54413813,train
9481,0.5834310295361389,0.6130419,train
13074,11.748025791028082,11.735431,train
4204,5.4555599333014255,5.426202,train
16275,16.495075531078694,16.462563,train
4733,10.517071684983405,10.577199,train
9524,17.485653224606878,17.47998,train
30,17.43289940124083,17.498863,train
2326,1.507451812882919,1.5460976,train
8348,20.55755877583245,20.564276,train
950,2.170652301091369,2.1416373,train
5875,11.112803039066948,11.205195,train
1887,5.733512107831495,5.7230983,train
16526,10.295228136704583,10.269853,train
8509,2.069134465460841,2.0992634,train
6618,17.382676465763875,17.38919,train
16225,1.444732713154501,1.4229937,train
7175,20.30684491345493,20.301752,train
10524,13.381445218431333,13.232312,train
16551,7.899718046390101,7.861139,train
13005,20.44472400861806,20.491062,train
2764,17.661511498607055,17.71881,train
12136,6.089812111520679,6.081603,train
9577,10.782470211380858,10.819693,train
7658,7.141065332662931,7.1370463,train
18092,9.969155255420398,9.99898,train
10386,6.807994074080368,6.785515,train
9325,16.845916763965064,16.813227,train
8168,18.09300536680309,18.182777,train
13566,22.082539422200977,22.187613,train
5008,2.146030334701241,2.1066027,train
12762,2.7912505739567584,2.7858026,train
10030,3.2695155745663445,3.334923,train
13104,8.223704211806174,8.256075,train
969,0.6718622580876532,0.65840465,train
10402,4.731308520124344,4.791617,train
11308,12.836869573854996,12.775082,train
7945,21.88080016761542,21.88004,train
10391,5.799567936703169,5.910319,train
10363,8.44124144934477,8.484993,train
6682,9.27457649233629,9.262887,train
2132,1.939883861543153,1.9590462,train
3516,16.280802885911072,16.375374,train
7095,5.427796937857182,5.40718,train
4096,17.256282863016207,17.234024,train
8652,5.3936004732478,5.334762,train
14582,13.112374111292011,13.075338,train
381,1.3881274948203235,1.4314153,train
9760,12.869162551167545,12.821202,train
17590,1.0285105151208276,0.9603453,train
2426,11.05596913687514,11.187465,train
3446,4.808613032169853,4.55904,train
5063,16.185523810317665,16.161987,train
4183,7.6380868355661775,7.5561943,train
15325,15.868517787698488,15.953589,train
13592,17.2545469554199,17.21473,train
8316,1.985976319354538,1.9968692,train
18518,5.251855611410862,5.3575983,train
3595,8.370957169737585,8.433037,train
3802,7.250734622529661,7.3298726,train
10862,22.47235710274285,22.427776,train
11263,19.28499782625562,19.275517,train
19187,16.173745900525578,16.14924,train
9983,7.426426331822291,7.4648194,train
8727,18.46610908406032,18.530989,train
9398,8.41182916972085,8.505434,train
2753,18.972598436681768,18.957233,train
18192,0.5450525150823861,0.556493,train
1645,9.98064392133921,10.0819435,train
312,8.346873184047636,8.359232,train
14520,0.6835971898561525,0.6738505,train
8382,16.30665206587369,16.228128,train
5501,9.00962941049743,9.022021,train
17400,1.1241010882753115,1.0849258,train
649,14.294618468092787,14.178811,train
6875,8.281207317242703,8.220198,train
9176,10.332292164535534,10.252054,train
6427,16.994663362915883,17.065353,train
555,2.312100247911753,2.2660856,train
18925,3.746444873019033,3.7695131,train
13821,12.830382277996664,12.842172,train
4212,4.62964682479633,4.5901275,train
16963,5.231256775003555,5.1103754,train
11694,13.018969813175977,13.091129,train
7756,19.68149693752509,19.79617,train
15242,4.436631755343856,4.491859,train
1860,8.765577355670223,8.7233715,train
18882,7.821944977891094,7.8507004,train
5152,6.314656232089354,6.2387323,train
3235,6.357212411705218,6.2627935,train
14276,4.962576582560573,4.960835,train
15818,4.633518330996119,4.695569,train
11258,18.39503545893724,18.370743,train
6247,14.232512776888312,14.212001,train
10674,21.130505016135867,21.160173,train
10375,8.278592685451102,8.208419,train
2527,1.1349950376205122,1.0232716,train
10121,16.702604439370322,16.704449,train
9664,2.081388826987097,2.0505462,train
10243,2.9335677778995133,2.9620109,train
10349,10.218900902972772,10.216415,train
2585,15.974016196201465,15.949866,train
18792,17.098933167222516,17.131735,train
18718,5.312090048940302,5.2443104,train
3694,18.01806316367538,18.036715,train
4334,11.094836310783322,11.085478,train
1693,5.1707572923525325,5.296819,train
3552,13.673436482520689,13.64959,train
10314,13.142514517527507,13.0221,train
6436,15.80109876913153,15.816537,train
12393,0.7911453788612296,0.79143023,train
13863,8.01997084864211,7.980203,train
13762,18.902529859626338,18.771275,train
2295,4.123580572763098,4.068695,train
4985,4.756066808449033,4.777379,train
14012,12.235554133430872,12.199632,train
5966,1.9723612213742057,1.9149501,train
883,9.129980556907956,9.089467,train
6116,6.106624120834419,6.165648,train
3783,9.141324025161715,9.189754,train
2895,2.939326071393682,2.9655728,train
909,6.1326480812101,6.058153,train
10630,2.616495044627833,2.580344,train
4353,9.166739263095874,9.224445,train
612,18.740847438572395,18.733744,train
5798,21.48177457537676,21.496227,train
12504,9.995833737703109,9.983097,train
2308,2.9381796161021683,2.911038,train
5385,2.96036441431028,2.972299,train
16600,2.926680958106817,3.0636861,train
8170,17.769050983394962,17.843307,train
7087,6.775105313298944,6.7978506,train
13698,5.612358233199708,5.6212997,train
5170,4.54330730154008,4.5246644,train
6285,9.643843672172766,9.398419,train
5204,1.5605871853870508,1.5695046,train
8410,12.746488441763738,12.755925,train
7924,1.2442781367980185,1.3004891,train
1106,6.267262745537072,6.236102,train
11744,7.171046823295167,7.199501,train
127,6.088660873961104,6.1130347,train
14096,3.112963739905525,3.177803,train
2712,2.0495486155811427,2.1110177,train
11020,3.7074592353559694,3.7763727,train
14571,14.546674981365724,14.548761,train
17899,9.50872658370117,9.543964,train
17176,4.005265498466935,4.03633,train
10231,3.927937811605676,3.9465382,train
18833,14.460512867578114,14.442061,train
18961,0.8531401365710886,0.870145,train
9138,15.788240716827284,15.787246,train
6049,13.41661429942732,13.406851,train
3835,3.833256782057756,3.9129446,train
1859,9.07506445027606,9.086923,train
12905,9.024095776044238,8.991273,train
10818,3.201626882249746,3.2297795,train
2006,15.484315215612266,15.440585,train
7063,8.556642880154577,8.5589905,train
13174,1.3099020143018336,1.2973367,train
9755,13.49550000560882,13.475418,train
6178,0.5004823653257846,0.51390445,train
19182,18.94522333512566,18.921926,train
11435,20.708928622799057,20.698416,train
14484,3.910998543253604,3.9214463,train
2980,13.680926539507004,13.73098,train
2511,2.070573043938725,2.0876184,train
7382,19.396946642189004,19.417875,train
17498,10.66637283635459,10.66264,train
11529,9.165697931993238,9.1206,train
11627,21.55208922814904,21.501612,train
2051,10.33988660878626,10.353427,train
14249,7.774103930744537,7.833433,train
3053,5.143020923557219,5.06905,train
16675,15.674309670735752,15.638915,train
8371,17.65910421808417,17.614534,train
19205,14.956528007967822,14.984187,train
9814,6.7527906759297895,6.7924614,train
12193,0.8074055996574386,0.79799044,train
7430,13.082436405834477,13.118653,train
12045,14.33456501057171,13.947578,train
3615,6.35364663001989,6.441658,train
938,3.153559731605437,3.1697457,train
11668,16.456696297879443,16.485203,train
15273,1.718854831756319,1.7281175,train
3717,18.39745678769625,18.456228,train
4551,9.929949810183786,9.956425,train
16727,9.77261778980804,9.954865,train
6111,6.367632093064984,6.416509,train
257,15.461691928859246,15.442512,train
8216,12.58437570717428,12.736489,train
4996,3.096240461625146,3.056007,train
5914,7.092559496214641,7.1316395,train
4872,17.725863771853728,17.72186,train
3735,13.753167708799738,13.781127,train
16138,10.121986512748812,10.154533,train
13374,20.71110932206617,20.596924,train
7216,15.77557604598475,15.736424,train
4418,2.825320463143909,2.850879,train
3660,2.5054156726916146,2.4213207,train
14619,9.7139626651125,9.689818,train
18875,9.109577330259508,9.139262,train
15999,5.563812277905242,5.559281,train
10751,9.458190935972183,9.409068,train
2657,7.671678298666681,7.6678314,train
5717,8.23295538692454,8.275703,train
15467,1.076556073448191,1.0690883,train
9942,11.61822075680914,11.650518,train
18377,1.1779391226330012,1.1674991,train
10388,6.3102254015203965,6.2142634,train
3271,2.789154122061837,2.785318,train
1228,14.507307061843346,14.619599,train
17513,7.96708935245185,7.973388,train
14902,0.8157539153442906,0.831891,train
8619,8.856557632341627,8.785431,train
8983,11.91685028557709,11.917028,train
12288,11.1594775583843,11.144681,train
10888,18.73507600202028,18.835438,train
13595,18.395453479256982,18.461151,train
17134,8.4123857517787,8.40147,train
18320,6.548016812099973,6.536063,train
18531,3.997281907469715,3.9282107,train
14596,13.100146622431453,13.0927305,train
8998,9.47815778537546,9.436778,train
5444,14.347959713113308,14.381754,train
329,6.188061385687494,6.1491747,train
1948,0.447747508583953,0.44656855,train
1636,10.905968159831511,10.995869,train
133,5.495669768141987,5.500022,train
471,10.908560700291895,10.909054,train
15006,9.53934669801875,9.539888,train
6598,19.820888493345983,19.813353,train
6864,9.54763269894925,9.432692,train
15218,6.907196417810384,6.847051,train
7288,7.04681942986495,7.0545983,train
16236,0.7580303930156086,0.75656325,train
15024,7.45897492651016,7.454993,train
487,8.783738449745208,8.756911,train
6607,19.138458900481925,19.131731,train
9077,1.7314488468188984,1.7059754,train
3992,7.378693021548871,7.3392925,train
8563,17.051932451353583,17.069874,train
3113,20.6783111426425,20.660898,train
904,6.851170421837992,6.8293414,train
3359,14.324441866847511,14.229644,train
8872,2.7849633160648337,2.8679018,train
2377,16.880799240718282,16.893316,train
929,4.066639383663233,4.0672994,train
7792,14.606457701063318,14.482429,train
14153,18.07845219224388,18.000528,train
396,18.267351989347127,18.209661,train
11915,10.14208752544161,10.125115,train
710,7.065543821658004,7.018888,train
6085,8.923145044108546,8.779262,train
3525,15.721775081649614,15.857961,train
15130,17.288604493333768,17.268728,train
14812,9.114454414118956,9.113696,train
17465,12.58867863447792,12.56639,train
5976,1.1529932145971673,1.0825088,train
713,6.826359261154456,6.87079,train
7344,1.801763087042188,1.7646506,train
209,21.13709645273879,21.104227,train
5078,15.196019871168344,15.161249,train
11919,9.443012307687358,9.464273,train
3455,3.864079815197352,3.648508,train
1933,1.6847534269220772,1.7160647,train
19093,5.4896593306403085,5.4289584,train
4814,2.4358924599703187,2.4848757,train
2414,12.370770646306951,12.445279,train
6174,0.8924731196786668,0.89360124,train
12127,6.895784706424576,6.9250593,train
8534,20.19830787122408,20.196102,train
3597,9.431172662060584,9.476257,train
6394,21.682040383353687,21.5057,train
17684,12.977665875504876,13.04336,train
5535,5.361315430524835,5.203406,train
5636,18.42095499842473,18.372328,train
464,11.326506439523438,11.306871,train
18217,19.312237913805795,19.348146,train
10859,0.3094597295960169,0.30489343,train
15317,16.44875837935086,16.371632,train
6473,11.635543770585013,11.562968,train
45,14.817627926552047,14.736653,train
11224,2.052681144398245,2.1118057,train
2683,4.788726371699652,4.8204837,train
11938,7.42240165837651,7.3380814,train
6027,16.58506941800114,16.588354,train
8742,15.114228131011275,15.262673,train
14048,8.202592604580788,8.126302,train
131,5.7580769830693015,5.671083,train
7826,11.140620426480018,11.240425,train
14895,1.3067846162497487,1.3798268,train
4147,11.967407062080852,11.995412,train
15989,6.600252243986087,6.5718865,train
12638,15.366698022973615,15.404279,train
5894,9.182041827783978,9.328197,train
7629,9.967004113195262,9.944385,train
16057,17.300733818462273,17.317368,train
11383,4.7922058463245,4.7277327,train
4163,9.834633804128044,9.766132,train
17139,8.292476906009071,8.284168,train
14881,2.3797201767369343,2.4070272,train
18805,17.62530552057839,17.587776,train
6528,5.050176064209195,5.054679,train
11888,13.059516988430776,13.006452,train
18712,5.702097598748127,5.800595,train
2213,13.075978933328091,12.91641,train
884,9.039638579187114,9.052742,train
12004,1.1861760982980245,1.1762065,train
844,13.664022866653568,13.669166,train
12137,5.830002107484444,5.768523,train
14601,11.32983058821675,11.279883,train
2752,19.04824341173828,19.13192,train
7612,11.441556406442595,11.4289,train
17615,21.946948139063966,21.929262,train
12142,4.890252385802145,4.872311,train
11031,2.75815177676216,2.8484428,train
14442,8.190001400399664,8.16685,train
12173,2.1937652394642124,2.1909752,train
9701,20.245795980466102,20.221884,train
11689,13.956285529963834,13.763215,train
7035,11.099148011033828,11.047951,train
1816,12.750628711117187,12.82985,train
5324,9.257341108444534,9.206226,train
7105,4.527099025056342,4.518147,train
2449,8.268197052948999,8.432226,train
17983,1.3124596318306836,1.3011351,train
2986,11.722518361880852,11.798667,train
5140,7.683490388453205,7.6862607,train
456,12.066231814593625,12.070662,train
13279,9.332812294571394,9.343467,train
1279,8.34952335637795,8.391929,train
1012,16.798660579585455,16.745817,train
12079,11.731979993230611,11.741734,train
18493,8.344691427951982,8.29391,train
1955,0.3261822265488697,0.3521669,train
14303,2.314431230659749,2.3675983,train
11248,19.43386020647731,19.42525,train
6610,17.639272497893895,17.688755,train
4404,4.097743235632281,4.112798,train
4044,2.32890168225069,2.3434477,train
1704,4.100478610574744,4.146618,train
10309,14.410445430993056,14.461075,train
17736,7.051581638823697,7.0494323,train
13278,9.499980027812724,9.441665,train
9517,18.442930805355108,18.52108,train
14962,14.48415661021908,14.406654,train
5983,0.9169822070552696,0.96312803,train
7650,7.707068872923213,7.630488,train
8154,20.656200955037725,20.63301,train
7880,5.278245360532795,5.211698,train
11811,1.2927393546369792,1.281233,train
5949,3.6156442074478297,3.575346,train
17373,3.5143533068672124,3.5450985,train
10407,4.5170861352010325,4.385227,train
14697,1.8436417902573723,1.7737023,train
978,22.436506040439905,22.396763,train
14523,0.6490235349051525,0.63731915,train
10029,3.4185254542019488,3.3610373,train
3725,14.738904478147386,14.779949,train
10738,11.02729771233419,11.024024,train
12314,7.583708851649089,7.5553594,train
8273,6.090528436523737,6.0332913,train
7743,0.2157465163960539,0.2498182,train
15939,12.20765009879992,12.129784,train
6415,19.052080419801843,18.881609,train
2447,8.738712606964276,8.644353,train
8897,0.8958758271492828,0.8618785,train
15376,9.717548582425769,9.668729,train
2146,1.02133719622453,1.0134168,train
7463,9.363445428107427,9.36531,train
2993,11.536219462701938,11.522153,train
11294,15.095039457510758,15.139954,train
13979,16.61452559413138,16.513346,train
2160,20.286471775566607,20.247005,train
4726,11.867599839012003,11.722214,train
17573,2.3053055921803915,2.3331697,train
11676,15.318102249053034,15.4988575,train
16965,4.868970418810162,4.8290253,train
14376,15.793835180435536,15.872335,train
11861,15.857353218309369,15.958007,train
11578,4.175448264824614,4.217838,train
19221,14.437660799823384,14.466795,train
7041,10.9532346194462,10.976088,train
17000,1.8751589867414784,1.8103228,train
9321,17.44890342117806,17.508276,train
15739,13.401254287354744,13.386503,train
733,4.75445723222313,4.7519727,train
12417,20.84691589505644,20.843409,train
13262,11.750967691253798,11.761097,train
17613,22.11101360087925,22.204529,train
13192,20.70913570711061,20.719078,train
14385,15.119929779032848,15.072711,train
17961,3.039127566672284,3.0895808,train
15976,7.935598433583181,7.913184,train
5316,9.59746729889586,9.551027,train
6086,9.528508548311189,9.502045,train
1690,5.648780656477777,5.68446,train
6151,2.5746110326760387,2.571444,train
599,20.78416936330791,20.830423,train
12248,15.8124912196005,15.840802,train
9599,8.292219142545285,8.321494,train
10276,21.10843197075581,21.083054,train
5463,12.621224105932331,12.722445,train
4971,5.94325395805405,5.934896,train
4228,2.9923213039685352,2.9727771,train
19094,5.281313321223842,5.233816,train
13010,19.60017053209124,19.576159,train
16887,12.772481641280304,12.758143,train
10364,8.294697291153184,8.284914,train
11870,14.944163515391256,14.934848,train
12735,5.320878346774566,5.274937,train
13492,6.331851573150529,6.2718983,train
17714,9.37640210589936,9.382621,train
2358,19.767645374395418,19.885643,train
5122,9.546699150039217,9.502647,train
4795,4.1230681194553656,4.2350993,train
1541,2.008438714297089,2.022757,train
8235,10.386450673798,10.437593,train
7535,2.1021085276332125,2.1248837,train
5284,14.039283239156472,14.008153,train
670,11.690654336586077,11.650179,train
12350,4.308900132137651,4.3251247,train
13186,20.31791762864373,20.390953,train
11394,3.687696533573868,3.639867,train
15230,5.622395282034449,5.6869345,train
4754,8.204705363468978,8.335872,train
2364,18.41468150820739,18.28552,train
14919,20.08957843121266,20.003334,train
13282,9.358504290589822,9.412869,train
14560,16.070880440626908,15.952802,train
14322,0.8889285841344742,0.88845176,train
16084,15.068912502899927,15.079966,train
2362,18.66527228370927,18.627232,train
18058,14.063807734223992,14.082743,train
11198,4.632070524981558,4.612483,train
1232,14.165379966032257,14.312855,train
5764,3.4837662689070013,3.4732623,train
5933,5.198310069624842,5.2352223,train
15119,18.83209976853697,18.788395,train
13734,2.1787081349030486,2.2164934,train
4109,16.553076788767406,16.616709,train
4351,9.515925305566364,9.564019,train
11371,5.904726258149128,5.987191,train
10437,1.8071353020276848,1.885077,train
18828,14.205938244183804,14.161273,train
9536,16.062944497952277,16.05478,train
9332,16.02990304536414,16.166967,train
6075,9.984402643640031,9.829928,train
5076,15.74432602461519,15.807317,train
11837,19.36374748473972,19.354343,train
14632,7.902318584851402,7.8546534,train
12276,13.171187600838524,13.146265,train
10111,18.002286662088157,18.011847,train
10452,0.7703157624494718,0.749796,train
13116,7.000091385541786,6.991364,train
2290,4.704247637489644,4.7454076,train
9828,5.009670048016339,4.986463,train
9539,15.53757188794243,15.539185,train
12895,10.166631150592982,10.119121,train
4692,15.230326889008175,15.28476,train
14701,1.5418575400067418,1.5326183,train
9131,16.1677884072928,16.061735,train
15785,8.006953502342181,8.011511,train
6506,7.279678578148263,7.3630805,train
8323,1.2888671333987496,1.2623922,train
200,22.44684569437784,22.342402,train
13923,2.254721896063572,2.3008938,train
11712,10.775680401589304,10.837307,train
8955,14.99079624079207,15.005695,train
14837,6.881386903646899,6.8976336,train
7396,17.10773741708895,17.13302,train
8541,16.85388980534604,16.923218,train
14859,4.447684963555613,4.390614,train
13859,8.71100432564573,8.710218,train
4490,17.305398406669642,17.393335,train
19298,4.907492740864365,4.9186845,train
2507,2.715385945122669,2.626934,train
3464,2.9597434275834287,2.8553593,train
2577,17.01368315658343,16.855303,train
1271,9.406126163009096,9.425912,train
15840,2.679222367985099,2.6989665,train
5581,1.5338223481868674,1.5027794,train
14772,13.53115551428247,13.495058,train
6648,13.723697917914835,13.751632,train
17169,4.95284849297997,4.9221525,train
4890,15.407459722928008,15.3708105,train
1832,11.48970909423889,11.522307,train
3117,19.301204873248285,19.422325,train
5161,5.42443857980938,5.389523,train
14373,16.510975971833762,16.55712,train
6483,10.448608149240432,10.327898,train
13972,17.336584847693047,17.280005,train
13265,11.166498173628192,11.077047,train
6344,3.500194296285488,3.5116863,train
3959,11.40901548090756,11.410141,train
19287,6.008991213312234,5.919573,train
17752,5.016852754176211,5.0139475,train
10116,17.106611347530073,17.137999,train
5902,8.438592789655733,8.509,train
9786,9.91312335657534,9.892216,train
7775,17.29969998012899,17.331448,train
17966,2.9195688601430296,2.8676205,train
2278,6.026694764654548,6.0094485,train
9918,15.453556966608032,15.413193,train
3057,4.5204342514674325,4.630579,train
18417,16.477136249960655,16.375458,train
8325,1.2268994668220343,1.2258145,train
8016,12.884518414648,12.965747,train
7225,14.390437167987583,14.340639,train
1215,16.545834983704943,16.495653,train
12133,5.660097704427091,5.670452,train
5368,4.06185725577113,4.048075,train
16792,3.471044605171487,3.4007874,train
1712,3.413369944636953,3.4168048,train
5960,2.62264806436406,2.5964108,train
6512,7.064803195435128,7.0741253,train
9180,10.242161892764482,10.194637,train
11475,15.953720980086269,15.983242,train
17330,8.081279701642007,8.004835,train
5107,11.720992026741364,11.827371,train
2535,0.5310171765444509,0.54400975,train
15489,19.59318570615381,19.677828,train
3837,3.922120018174451,3.8759844,train
11714,10.60945588105439,10.639473,train
7131,2.342359510657829,2.4467373,train
14795,10.499515285493164,10.719328,train
14662,4.918597904930901,4.8954406,train
15372,10.47886320082055,10.55282,train
15300,19.041623472886048,19.003141,train
6383,0.4554983945362751,0.43131274,train
1205,17.804837697852307,17.804493,train
9974,8.211850285059404,8.207619,train
15234,5.246747660527444,5.3334904,train
11561,5.711873940675316,5.8308754,train
160,2.951568272028513,2.9658089,train
17407,0.8579368103572361,0.8890974,train
10969,9.001108404934953,9.024742,train
5572,2.213255216502356,2.252309,train
820,16.724752115987716,16.75657,train
16279,14.726767312334214,14.794238,train
10603,5.155892827187867,5.006214,train
10954,10.571745502112256,10.502489,train
1505,5.540062050502306,5.5594897,train
15629,4.383233972926397,4.463375,train
15129,17.554759573302785,17.528131,train
4264,18.20618264770776,18.349913,train
15189,10.187768790394992,10.094282,train
816,16.88713089320855,16.836971,train
11249,19.00238479922798,19.013878,train
2229,11.6674434675227,11.732601,train
6877,7.918945052374966,7.8524246,train
13105,8.165593107704682,8.182,train
1902,4.344686739892711,4.4180984,train
13166,2.0723620036406807,2.0805435,train
10042,2.189647823254081,2.176751,train
346,4.991787973056059,4.979246,train
4247,1.314269186017575,1.3184351,train
14251,7.432249948720807,7.3521595,train
1737,1.399810427545207,1.4055785,train
14081,4.763430940438664,4.673779,train
1871,7.475597732810202,7.457027,train
8164,19.347500561839126,19.277124,train
72,12.07532860351506,12.137273,train
7337,2.095877697988964,2.075784,train
10735,11.851319724559328,11.798445,train
12365,2.822175541887176,2.8700726,train
13713,3.989767472382319,4.0026307,train
13424,13.3698152024713,13.378135,train
12309,8.616638069902862,8.638871,train
19207,14.218602856864027,14.179865,train
11169,7.680974877597182,7.519153,train
2219,12.900598751413185,12.933956,train
8746,16.73893771934491,16.752415,train
729,4.997380588005549,4.9241123,train
1726,2.2054055440191007,2.2436912,train
67,12.33346717316787,12.168083,train
14959,15.12026687862208,15.116273,train
5235,20.33908532004395,20.392353,train
5977,1.1180915622806036,1.0648971,train
9906,18.38423785037579,18.353386,train
15988,6.679850163731619,6.717812,train
5653,15.428411443043087,15.454147,train
2857,6.921090978952104,6.832239,train
1128,4.054818416200472,4.060281,train
1191,19.28479866231133,19.309721,train
15560,11.624431183457974,11.74096,train
14461,6.042626730258958,6.050736,train
16968,4.345749802235098,4.470356,train
18170,2.037550834089941,2.124784,train
4672,17.49159025979778,17.520428,train
2639,9.466734963639892,9.434942,train
15430,4.195152632098809,4.2187333,train
14547,18.990006809908348,19.031427,train
12478,13.003546971089673,13.042683,train
4910,12.91737397594771,13.013942,train
4198,6.023167702753777,6.044063,train
11245,20.86114569241272,20.80974,train
11124,12.725146677220213,12.717953,train
1847,9.628913467987026,9.535881,train
9173,10.812850118679302,10.77574,train
4897,14.41812649359863,14.440353,train
1117,5.197529243380858,5.2510104,train
10741,10.444543816051004,10.500693,train
11231,1.8379040263002049,1.8056767,train
17531,6.369149311918866,6.3084097,train
18596,19.54718321200588,19.477165,train
11942,7.201149484121706,7.1212606,train
6333,4.502327012380438,4.465591,train
13742,1.5580297862651804,1.5758456,train
7496,5.114582860412997,5.128263,train
14065,6.46888104270301,6.376822,train
5887,10.43004086201318,10.356441,train
13560,0.5116570983753462,0.52309,train
16320,11.93856427316742,11.7247715,train
4590,5.688743132006641,5.6693263,train
14297,2.858447663751732,2.828644,train
4020,4.5708522689161954,4.5558386,train
17340,6.949720041978867,6.884025,train
11452,19.720853497424603,19.76471,train
16796,3.043102770636036,3.080405,train
13483,7.1982050605016585,7.2174726,train
7264,9.840756191704646,9.90189,train
11709,11.55361687643777,11.449105,train
17567,2.7088592239476337,2.6829891,train
14555,14.797661612776071,14.944828,train
14353,19.018529370648924,18.97999,train
12411,21.17098385353552,21.206469,train
11202,4.0165597112347085,4.068813,train
9525,17.37155351778865,17.376186,train
15845,1.9957744541588551,1.9994146,train
18824,15.435997999797769,15.488495,train
7537,1.3843552702433235,1.3985358,train
3823,5.052079190104694,4.9851694,train
14853,4.853611390586642,4.8491135,train
12436,18.38840127222246,18.428753,train
12140,5.220200749450189,5.273039,train
9832,4.788436441547053,4.791908,train
8372,17.568034160095163,17.579315,train
17221,21.369871994620965,21.389225,train
18628,15.20710040466737,15.255076,train
2826,10.315742538472506,10.172249,train
16006,4.753757496803353,4.7889776,train
18212,18.31740824371388,18.230476,train
19032,12.483306822931391,12.460616,train
13974,16.823138772200668,16.912436,train
16229,1.0849050866128205,1.1288412,train
10140,14.227177554497432,14.209026,train
4986,4.066466638716259,4.0467157,train
9941,11.919286750493434,11.90712,train
2790,14.22967211217329,14.524657,train
6972,19.302553497835063,19.260046,train
482,9.560357743242053,9.575605,train
15126,18.380969925311952,18.232382,train
16273,18.403901216431088,18.414368,train
10785,6.4807818613594375,6.5005984,train
17676,14.12518946097008,14.154134,train
4933,10.308937200320493,10.306415,train
1517,4.398428806882789,4.4139075,train
2583,16.24340888166774,16.316898,train
14856,4.877136743333884,4.853821,train
4444,0.9022528824344102,0.89373225,train
15181,11.032746598812436,11.026919,train
7693,3.547308907174352,3.5830672,train
9039,5.119028967366613,5.092408,train
16196,3.715194567371777,3.7354617,train
14655,5.390765817593223,5.4891195,train
2822,10.456053059151904,10.486936,train
16259,17.13051102466577,17.1728,train
988,21.06607377635508,21.049046,train
13006,20.272701243057817,20.207214,train
4976,5.088852468829776,5.0485377,train
12944,4.806261448882026,4.7871337,train
18176,1.3665763560670854,1.5540184,train
18236,17.070796523886155,17.05653,train
8921,17.639611655916955,17.610313,train
663,12.483952516641512,12.4535,train
1523,3.705034692959671,3.7460527,train
9846,3.616444684187869,3.5906227,train
14435,9.18194763691369,9.174873,train
13617,15.150730496712756,15.151411,train
646,14.358173086008073,14.419571,train
9098,19.80585163911884,19.740503,train
7457,9.55394999339156,9.520316,train
1635,11.048418135713888,11.11993,train
18926,3.644441538090884,3.6122758,train
3750,13.37895402810613,13.317016,train
19089,5.448843550093285,5.56462,train
10204,6.933041247357387,6.9781065,train
9522,17.719921157425958,17.732096,train
15012,8.773200082635888,8.7432165,train
9300,20.18940158134471,20.230322,train
14085,4.501113761447025,4.412458,train
4100,17.535090865904113,17.471472,train
6013,16.86334010280717,16.894753,train
1202,17.936672025067715,17.925283,train
9784,10.091586373314216,10.050742,train
3483,1.3114262200004518,1.3054928,train
9730,16.613869850371657,16.700607,train
100,9.213532418661975,9.202154,train
347,4.973170319210784,4.979246,train
10035,2.666832267726134,2.6869223,train
14408,11.90789917034738,11.914444,train
17150,6.965321483817559,6.991739,train
17447,14.024964899450229,14.031971,train
5787,1.2759976520082148,1.2667454,train
18550,2.3657569252923145,2.2599833,train
16701,13.691117937817973,13.70187,train
6924,3.4977408255357068,3.511623,train
9775,11.151437576525888,11.101234,train
15309,17.26942483720465,17.238104,train
5827,17.995172386174993,17.961073,train
3906,16.526867642463742,16.507467,train
8193,15.752641701262895,15.708222,train
8176,17.421747343778353,17.445038,train
15946,11.386402809434982,11.375588,train
16308,11.992805770873314,12.053578,train
9778,10.651418246814178,10.6510105,train
14071,5.773728185366148,5.773298,train
8395,14.3483785266156,14.373212,train
15166,13.15720012833469,13.00581,train
16718,10.566670074121262,10.7006445,train
15681,21.12913781741496,21.021229,train
8512,2.010739636246848,2.0617805,train
12902,9.40882081574799,9.450325,train
16297,13.385642422472117,13.387934,train
18017,19.787434669472056,19.778465,train
12295,9.452092397272462,9.26114,train
12701,8.995686938808044,8.952694,train
3580,10.899624100647712,10.824433,train
10344,10.25361396657564,10.231241,train
10966,9.2318564063267,9.188063,train
16503,13.027901357348238,13.032511,train
16761,6.68909842222612,6.616775,train
9440,3.932019032742623,3.9282858,train
7313,4.556821073657263,4.5913177,train
14202,12.838997019829112,12.824112,train
15631,3.9193756668392288,3.8059611,train
14864,3.797748991449211,3.8454912,train
12844,16.355752928975022,16.37623,train
7768,17.7682800594042,17.80363,train
9261,1.9618161483329688,2.0065844,train
2634,10.13758280349323,10.120944,train
10544,11.253903536056772,11.204072,train
14939,17.598312417335627,17.598377,train
18181,1.2253579142337183,1.1871771,train
1085,8.438258217153686,8.427809,train
17802,21.61053030520396,21.538282,train
16699,14.38111967186932,14.391222,train
17105,11.559140411256434,11.597198,train
19149,0.7001278222982914,0.7204767,train
5618,20.23107926996122,20.168325,train
4193,6.576358116672334,6.5635934,train
7243,12.288357161278382,12.287265,train
12906,8.898097807416221,8.894756,train
8964,14.101067584645609,14.105759,train
4283,16.383368638142343,16.4614,train
15877,19.94759206775036,19.977747,train
3795,7.65012154316519,7.666872,train
18702,6.678555978271923,6.7308383,train
9909,15.894103098499452,15.814041,train
6447,14.424813677604822,14.582601,train
15626,4.591352956062559,4.6179705,train
14950,16.11672800526542,16.1062,train
11492,14.427269650474257,14.383695,train
17658,15.80285076048762,15.746213,train
12682,11.040109895392629,11.075046,train
10912,15.768950707140332,15.644268,train
16932,8.656740729108865,8.647607,train
14199,13.629033731496184,13.687139,train
14728,20.00941392563456,19.959784,train
9672,1.3170723012575394,1.3068446,train
16113,11.804261230959977,11.779658,train
18122,6.714459140274086,6.705596,train
8469,5.920252608269526,5.928999,train
17675,14.173326143181848,14.158334,train
6524,5.941116238268789,5.942099,train
13299,7.213328943304635,7.26979,train
13217,16.527455295251283,16.47206,train
7137,1.89983257863088,1.8621389,train
2420,11.6192489811508,11.720288,train
14979,12.682692018250496,12.688589,train
12337,5.843824776945539,5.958027,train
18579,0.3676720871710869,0.36344796,train
14606,11.839335555900131,11.819105,train
17522,7.16948107212355,7.142905,train
644,14.697203482076295,14.70788,train
1752,0.3463009421063545,0.3343531,train
9693,21.04349055495782,21.00017,train
9237,4.193552657193616,4.1589622,train
7749,19.598451727469303,19.674461,train
1729,1.9505130873874883,1.9380894,train
4468,20.403726072746053,20.33033,train
18980,15.498012411019854,15.471989,train
18313,7.1184925353453234,7.098524,train
16900,12.798723803076616,12.847117,train
15085,1.7387476654554157,1.7127502,train
2562,18.911959103903712,18.94148,train
3931,14.45890421875782,14.427262,train
11821,0.6136765532772787,0.6121132,train
8592,11.390190196504346,11.2393055,train
2739,20.830421072895447,20.810642,train
17182,3.562807813884255,3.4846168,train
9224,5.400213994809767,5.4387727,train
9640,3.994097243406736,3.9706578,train
19049,9.24513750403922,9.260218,train
6604,16.93906940942591,16.994995,train
9862,1.998935495647019,2.000285,train
1746,0.7968701608657046,0.7882584,train
12807,20.20441068718589,20.16003,train
9366,12.013681075058672,11.938821,train
10331,11.820471522979714,11.812371,train
1298,6.168759715559439,6.132612,train
7568,17.089343637345337,17.192194,train
11680,15.14896767834767,14.910109,train
15239,4.690068866783644,4.7380815,train
19289,5.7301165830942615,5.7227054,train
18078,11.646613478470089,11.610592,train
10289,16.86929091938244,16.865686,train
7000,16.225986857620093,16.26021,train
5103,11.589401723397776,11.533846,train
13175,1.292758650359228,1.2788581,train
986,18.74551020053476,18.661137,train
15263,2.535187985278181,2.5746021,train
7920,1.708393362917776,1.685752,train
16470,17.677692430205088,17.697218,train
17059,18.384980274397208,18.404097,train
11269,16.964386998781908,16.988708,train
2640,9.36845512260154,9.368801,train
6250,13.61486007353052,13.723521,train
12563,3.747244238832327,3.7757702,train
3585,9.408599360420247,9.372106,train
3031,7.597789895848041,7.5900393,train
3259,3.893458764404991,3.8775089,train
2289,4.825979924107286,4.8459044,train
10089,20.84959602768838,20.77308,train
17103,12.076789453649548,11.985041,train
3936,13.13340083227044,13.073506,train
2149,22.050204477848013,22.111416,train
17773,3.0344855043860823,3.0189981,train
16442,20.637661123537068,20.654474,train
11354,7.921062385041455,7.876244,train
2057,9.57515238707954,9.640404,train
8020,12.591391933745218,12.629542,train
11090,16.68262218874359,16.673365,train
18171,2.001432418442149,1.9934961,train
15289,20.59627788901725,20.53343,train
1110,5.894182706532221,5.8963704,train
6009,18.05264897713307,18.140516,train
16283,17.071454797259143,17.080328,train
8035,10.57602305204485,10.598369,train
11027,2.901607069129414,2.946397,train
4336,11.949873895814362,11.910597,train
6511,7.093812840716088,7.1371727,train
6233,15.638416236505034,15.613437,train
9487,0.4675604658610005,0.47950262,train
18336,4.983148494384551,4.997132,train
5893,9.35502856889326,9.443961,train
9029,6.1152376928648735,6.107835,train
15308,17.573505540872702,17.513325,train
13578,19.94725961583721,19.87593,train
18151,3.775728518681464,3.7720044,train
3987,8.299702808788318,8.342508,train
17845,16.230676642647143,16.213003,train
15186,10.673043343183204,10.491264,train
1071,10.148051571667802,10.230795,train
16472,16.725792764703474,16.628832,train
1043,13.145051707512248,13.084925,train
13499,5.685939366015016,5.6963415,train
13769,19.207311703470904,19.000769,train
2355,19.523713676935028,19.49154,train
1408,17.08821859681674,17.06998,train
18202,19.36738035880652,19.311344,train
12866,13.510756398120972,13.48301,train
2881,3.9648047346218327,3.9771848,train
15475,0.5023347367892895,0.5264353,train
15861,22.48782547303121,22.47898,train
12277,12.728250366974605,12.757881,train
4980,4.939828249341779,4.94694,train
8993,10.686053744706337,10.684659,train
10207,6.1198407682994125,6.107186,train
227,19.34644032172555,19.396189,train
16083,15.464561720093975,15.438879,train
6819,13.779270858795355,13.716892,train
14997,10.59483787578506,10.656645,train
19338,1.5049713187879168,1.5171881,train
7622,10.198652909367135,10.207601,train
9126,16.18601010109869,16.241041,train
12440,17.680524897304903,17.649097,train
1547,1.7621594129173386,1.7526082,train
13022,18.29603896409256,18.340405,train
9362,12.469676251276049,12.647775,train
2671,5.946201592980816,5.9838037,train
14331,21.78880102098564,21.83283,train
9868,1.312458278787181,1.305135,train
12784,1.0999535600977235,1.0271187,train
8284,4.936011222693652,4.897958,train
12362,3.1343399994299483,3.0884821,train
18400,17.502443142703704,17.48526,train
5449,15.08092393696301,15.151113,train
10466,21.52193504988486,21.523453,train
17704,10.553081608915178,10.561438,train
140,4.8897785859129295,4.9067307,train
13903,4.00814658928201,4.0521116,train
6615,15.651246466577572,15.627989,train
5623,18.88385210003356,19.071278,train
8280,5.498250726448438,5.4888964,train
6039,14.580050778823018,14.57778,train
5677,12.99623581963593,12.996069,train
4665,17.43773168687696,17.621159,train
14980,12.508571838768123,12.559135,train
10610,4.4420182336325,4.386653,train
8212,12.974262395496575,12.732892,train
4623,2.580235293388342,2.5698488,train
2344,20.88396482187085,20.816849,train
6337,3.950203289445096,3.9740083,train
12770,2.056843319966274,2.0983136,train
18165,2.6863409494941446,2.5293646,train
721,5.911499269807898,5.9114313,train
6292,8.763653015687545,8.687053,train
13676,8.123476360698868,8.153301,train
17459,15.057649699082717,15.094986,train
4145,11.789033042074513,11.828343,train
2281,5.607274679297166,5.6283045,train
18429,14.699238698276442,14.735012,train
10054,1.2896859119613089,1.3081151,train
3727,17.062533319781302,17.08295,train
7410,15.606539179305694,15.595507,train
11370,6.024587694570236,6.0364704,train
5978,1.0835706011327546,1.048138,train
13460,9.78192731902969,9.83982,train
18960,0.897734159716717,0.9308056,train
9037,5.408641973440047,5.392076,train
12972,2.0885750141874344,2.0492547,train
16198,3.747432930511416,3.7506979,train
10653,0.9469066263945486,0.9502528,train
5426,19.737803746393293,19.730917,train
10685,18.730757922851264,18.621372,train
7987,16.471729385984045,16.49947,train
7044,10.33361496001902,10.385596,train
10639,1.8449069579256787,1.8791339,train
18546,2.690687685018161,2.6551392,train
2545,20.906605920896546,20.83113,train
10545,11.939561999798364,11.877988,train
4581,6.623774938299734,6.669878,train
14674,3.726283124925187,3.8204656,train
18492,7.698771313639476,7.7105308,train
11097,15.8197037325709,15.830975,train
10287,18.33046530445269,18.263645,train
11408,2.4614562376512046,2.4985754,train
17319,9.4224725799522,9.344467,train
2133,1.8924242810531864,1.9159712,train
3981,8.654668265285737,8.603688,train
4626,2.160447598489479,2.1196966,train
4605,4.223123806133543,4.296962,train
16335,8.893149784404724,8.91459,train
3984,8.082632796509747,8.070725,train
5016,1.3630279692376597,1.3507487,train
7390,18.202451491924894,18.160532,train
1027,14.577032463923604,14.533853,train
13046,15.24472622410597,15.271266,train
9759,12.984289938296182,12.946834,train
17898,9.587558777137628,9.570706,train
11250,18.592363107502425,18.630816,train
19224,13.142122261723244,13.205708,train
16379,4.361333316417927,4.376863,train
4574,7.32880965414327,7.282548,train
7011,14.294259599890426,14.297751,train
3339,16.867265154579677,16.831558,train
4008,5.885190067275751,5.9105372,train
480,10.063861444980873,10.071079,train
7255,10.873529925585196,10.916571,train
2690,3.962294461272167,3.9652658,train
12601,0.6006263864974292,0.6123548,train
4836,22.53186615272088,22.504976,train
4033,3.2799604758702587,3.282521,train
12241,15.469311622650189,15.450193,train
5212,0.9665490461472104,0.9491717,train
989,20.46976935033385,20.46509,train
6883,7.619034970859008,7.533135,train
11374,5.726838923584153,5.697956,train
13965,17.963719630462784,17.852377,train
16077,14.862316689214085,14.714506,train
13405,15.075710962261642,15.127288,train
8209,13.264786282122838,13.32507,train
12346,4.975940909705766,5.142088,train
16267,16.56823313336227,16.574636,train
17597,0.6215989099914229,0.6575176,train
8597,11.53972333380018,11.53835,train
12654,14.152553058219064,14.170535,train
14624,8.465104109819656,8.476679,train
15281,1.0549607386120403,1.0317711,train
18694,8.11983217563516,8.185458,train
5169,4.658767840035838,4.672955,train
16889,14.417869658707664,14.427988,train
1040,13.885235687728734,13.907728,train
18784,20.632680613154605,20.548582,train
18,17.36604974826751,17.223001,train
7058,9.685642473085858,9.642107,train
526,4.886430696049832,4.774535,train
3275,2.5133403018755973,2.5322402,train
11359,7.177646013102532,7.171722,train
8702,1.2687964263551046,1.2948844,train
14036,9.584962046849116,9.715419,train
7326,3.0480150971377764,3.024731,train
7524,2.9975605142224886,2.989314,train
12773,1.8904390032424363,1.8542523,train
8221,11.909765534508129,11.77292,train
15448,2.569154289863868,2.5952396,train
18512,5.75215025782839,5.7282815,train
2069,8.251264429016798,8.243021,train
11688,13.991063483201032,13.911955,train
13729,2.597457855714542,2.571043,train
2159,20.69391843654365,20.707386,train
11808,1.3193277584060288,1.3178105,train
3193,11.079932286462222,10.987503,train
10232,3.900128550380024,3.9275641,train
13559,0.5351143633670883,0.5460806,train
14062,6.729682438212581,6.734863,train
9516,18.454907111474668,18.384377,train
7479,7.201684031857902,7.195441,train
9022,6.688226429507024,6.6407046,train
18729,4.204820916171975,4.163315,train
14099,2.9684986668356617,2.9466445,train
14438,8.371928813951477,8.330648,train
1870,7.689690768976481,7.687022,train
9049,4.159252842933273,4.135217,train
9561,12.87713670529765,12.853548,train
1221,15.462946543256198,15.573381,train
6908,4.871536875177225,4.930543,train
8148,20.394997919892933,20.48821,train
6696,8.270806122106428,8.241127,train
7558,18.790080877968062,18.727228,train
9620,6.042144767284067,6.1821084,train
1058,11.969930265763908,11.914724,train
9019,7.141824023766262,7.0773444,train
703,7.911221523964335,7.9438853,train
3828,4.8085823952150255,4.793903,train
7732,0.7318490749488347,0.7138747,train
4857,19.64889904604044,19.727867,train
18507,6.3888619769986015,6.4512115,train
8147,20.67903039369008,20.702839,train
3279,2.0327013820479363,2.01505,train
13221,17.077197893885682,17.076498,train
10432,2.161406870011376,2.152711,train
12242,15.132760953753662,15.189268,train
5534,5.488372056577527,5.5134907,train
18441,12.944578559869408,13.005522,train
967,1.183003521166967,1.1458322,train
13169,2.003961974514913,2.042016,train
15402,7.06149118408378,7.0402417,train
11725,9.378457034842045,9.391711,train
3387,10.7879094937553,10.8786745,train
2321,1.8225336688164409,1.8135983,train
14762,14.659552935215206,14.613172,train
8548,16.59163160148634,16.604277,train
17849,15.65641969188489,15.697707,train
9674,1.2907274389988987,1.2336009,train
12092,9.778712375506611,9.7669325,train
4961,7.0214190715430025,7.0155478,train
4415,3.132561849860408,3.1687598,train
14627,9.115705289775342,9.088701,train
10726,12.6073527950541,12.585474,train
6335,4.387169493749485,4.2877436,train
10221,4.928123271870174,4.9394965,train
6400,20.607255352174608,20.591759,train
3393,10.380853665096016,10.369988,train
8583,14.437372191953813,14.445884,train
1167,0.9961800716837744,0.9772025,train
1562,19.358407244225624,19.489262,train
10574,8.092028717593305,8.080706,train
977,0.5429715705820087,0.5375009,train
12541,5.863341520673793,5.9112253,train
7147,1.1081831413421426,1.1277004,train
18979,15.795629866336942,15.824696,train
11192,5.040641210502852,5.0087037,train
16724,10.492748221628018,10.371395,train
17208,1.3513873742175548,1.3765894,train
14398,13.13335783700461,13.069099,train
15002,9.88773075888902,9.8540535,train
13182,22.03811846121507,22.006556,train
12315,7.442783865262711,7.2704034,train
14629,8.600454215643145,8.554902,train
17900,9.439209044763032,9.446771,train
17875,12.626336957915724,12.581702,train
6494,9.257971804879537,9.204774,train
4831,1.0289925065416765,0.9824989,train
546,3.069305864959988,3.011607,train
6283,9.790431797829028,9.787934,train
9953,10.374194115245732,10.418312,train
8498,2.970928164042284,2.9744775,train
4461,20.71070424276601,20.863394,train
19264,8.666723763322395,8.762714,train
1916,3.1089699616303936,3.0441139,train
13488,6.853528343001756,6.9047256,train
2547,20.73973727910688,20.609812,train
15388,8.356397638364378,8.350143,train
13520,3.6419621179301576,3.6014597,train
14299,2.6728462962755613,2.6251404,train
5149,6.748278206662523,6.732049,train
18365,2.222451686125934,2.2344787,train
2093,5.664280383578168,5.6778226,train
9309,19.3225940995644,19.361628,train
1063,10.908289142457892,10.886332,train
13318,5.30243219451802,5.2939425,train
19242,11.53913556635002,11.577904,train
19022,13.663357100450035,13.684464,train
15524,16.325443596551416,16.31013,train
18641,13.1261524697298,13.101264,train
12265,12.483463253356796,12.451104,train
10991,6.674745281834818,6.7022467,train
7414,15.413551659557625,15.372339,train
8776,13.217681575329918,13.224877,train
8552,15.60868814961164,15.666939,train
4500,16.07173657162229,16.145496,train
13571,20.054843528115835,20.035677,train
7466,8.41885807621146,8.456686,train
9221,5.7143854964723495,5.72317,train
4155,10.67287075716656,10.574834,train
18226,18.40455272803161,18.429623,train
9990,7.096302806060991,7.1944222,train
678,10.729221203058552,10.599236,train
4291,15.994483197324756,15.987665,train
7736,0.4393034657822554,0.44065166,train
18968,17.31842416381345,17.36889,train
11082,18.415747781928967,18.344519,train
17423,17.4792307175026,17.444218,train
1172,21.79605870894107,21.697657,train
18213,17.889470974225937,17.856405,train
8523,22.49964087418632,22.45419,train
7391,18.144642533580697,18.084057,train
10993,6.089692070338888,5.9970965,train
2877,4.828347912895434,4.824694,train
7567,17.675285250145333,17.597103,train
15640,3.389352017906492,3.4981186,train
7268,9.326601575002863,9.328552,train
9061,3.041286772420546,3.0959814,train
18689,8.257871509726453,8.1668,train
11552,7.139760559414884,7.072494,train
9089,0.8869092404880272,0.87876636,train
16483,15.279706512822177,15.33583,train
14771,13.864138859465994,13.741926,train
16122,11.063997909826082,11.04926,train
8679,3.07261872260986,3.088954,train
17289,13.12288369562977,13.006461,train
7804,14.057463798175824,14.118419,train
17268,14.255391711614363,14.381605,train
13324,4.719040205634242,4.736142,train
12761,2.8615402055939723,2.8486662,train
18128,5.984129711174664,6.0602508,train
17328,7.937251266243927,8.055246,train
17360,4.793252719327144,4.744678,train
9284,0.4541218017479911,0.4386012,train
8689,2.241595932548292,2.2522223,train
7067,8.967305834156837,8.903437,train
11813,0.6691366257167435,0.6941834,train
10016,4.9562618529942295,4.8699956,train
17264,15.394818016540908,15.309208,train
10494,16.485728774092625,16.359196,train
13011,19.783566190301144,19.805862,train
18982,19.72986572544579,19.711395,train
8341,21.530156265093662,21.54678,train
7724,1.241246739776361,1.3483495,train
14107,2.166371971562951,2.1608675,train
1606,14.154075980711957,14.150541,train
10800,4.776259396019725,4.7676334,train
14050,7.994552748674678,8.027895,train
2369,17.999923476206664,18.114998,train
4830,1.0618997733712243,1.0777487,train
5649,16.20782442825178,16.242931,train
4534,11.759707573820508,11.736019,train
11630,21.40461274855443,21.218924,train
2484,4.697556060424573,4.518655,train
7769,17.502537263364022,17.561615,train
15762,10.613848747817894,10.591756,train
10261,1.294552500236512,1.2806565,train
12574,2.786370787694053,2.7256138,train
1921,2.639734952685529,2.6200132,train
6764,1.489909011963882,1.5588584,train
17186,3.106179330271876,3.090762,train
12465,14.49697110597019,14.373392,train
1802,14.646363177815225,14.624243,train
18676,10.000095552736624,10.0439825,train
13255,12.337303326738583,12.363044,train
17148,6.597644960872724,6.6808,train
9803,7.914155017031157,7.9422455,train
6055,12.150620153818908,12.028306,train
13902,4.117773239080209,4.0955787,train
2152,20.765286548264296,20.767641,train
18379,1.0806745927875738,1.094678,train
11900,11.498805098408676,11.515418,train
18734,3.827328617921784,3.822543,train
16778,4.614462565763699,4.705709,train
4720,12.25117783095717,12.215039,train
17903,9.258122129323384,9.259559,train
7223,14.6883106349467,14.640621,train
4465,20.029810198427203,19.89457,train
10809,3.978627743807951,4.1124415,train
11384,4.684686635991912,4.646014,train
2819,10.665352337622004,10.690414,train
1426,14.41907590294508,14.372556,train
19214,14.27424292699626,14.2989025,train
17070,16.705340633920947,16.69554,train
6159,1.894067606870809,1.9047042,train
8102,3.791164299394853,3.6891112,train
10429,2.42989950564587,2.5105526,train
14765,13.632355862492563,13.680922,train
15137,16.78901984280847,16.640093,train
12452,16.122618594522756,16.084274,train
14108,2.128343052203494,2.1376653,train
15544,13.847664380838594,13.846945,train
18587,20.175300552152525,20.11461,train
16250,18.63072765942596,18.60252,train
6165,1.5182523610219716,1.4734199,train
16510,12.78471663180553,12.840441,train
4305,13.992637685902167,13.905368,train
7902,3.2584976125437475,3.0872438,train
5258,16.95991272109242,16.973608,train
12573,2.832147985264414,2.8552732,train
15172,12.024208709730322,12.038525,train
16119,11.968394950747584,12.025778,train
11281,15.286834825729905,15.450717,train
5801,20.04857455191705,20.08245,train
4774,6.151234661022599,6.2478924,train
5524,6.441977873408352,6.5144663,train
11785,3.050231637282619,3.0166779,train
7686,4.571022478494517,4.581755,train
11380,5.03887287264009,5.105194,train
991,19.44885815197341,19.508001,train
11040,1.944420155905623,1.9355384,train
8473,5.087375884600269,5.0432396,train
10826,2.542748853466888,2.5111375,train
6270,11.263140062956504,11.36678,train
3196,10.579583926828557,10.683313,train
8530,18.125615719107383,18.209764,train
15860,1.0970092174119064,1.1104112,train
17501,9.55400082088325,9.558831,train
8144,21.970280216990453,22.001463,train
2900,2.145373729915981,2.1387866,train
2738,21.14403099615216,21.124754,train
19283,6.715687901255656,6.8800483,train
15858,1.139821844813876,1.1476157,train
7899,3.455370773083002,3.5055134,train
2251,8.88329451535896,8.875549,train
1057,11.384415193972476,11.268434,train
607,18.68647362178557,18.73869,train
3576,10.158191242608648,10.323974,train
14263,6.060888783894587,6.0600038,train
12197,0.4922978034452285,0.49668363,train
17094,12.991763160678572,12.881602,train
457,11.921768774416298,11.8081875,train
8586,13.0313123538162,13.054916,train
2047,10.69737904971357,10.737067,train
5824,16.675838440692935,16.723743,train
8129,1.274560391590528,1.2883883,train
10768,7.956306207955751,7.9099283,train
13813,13.427778862237185,13.50394,train
12635,16.71743871190274,16.71058,train
11320,11.28288997271854,11.292592,train
4032,3.383143116047936,3.3794746,train
5932,5.303948109552763,5.368709,train
17819,19.56625988096857,19.563337,train
3606,7.112612683552887,7.3173285,train
13982,15.902561209705498,15.89961,train
10306,15.99430411334972,15.975617,train
3637,4.900891503651536,4.856103,train
13790,16.543505941894537,16.474173,train
667,11.933107157436751,12.069416,train
16921,10.074172368370304,10.034239,train
1369,22.232608895254213,22.225805,train
657,13.058813322695649,13.216899,train
7415,15.3655365376687,15.352011,train
3147,16.04785258429455,16.008032,train
12669,12.937498938112135,12.877484,train
11089,16.77521957513874,16.834078,train
12524,7.773763100083393,7.739552,train
16017,3.7190600904204905,3.7395005,train
9443,3.727311481939691,3.7515411,train
9428,5.107348926811848,5.1165156,train
11855,17.468475927586155,17.455584,train
17931,6.036710223731048,6.1865325,train
18465,11.171868629381036,11.085013,train
2232,10.976150540811547,10.907307,train
18687,8.657627754347615,8.633333,train
697,8.625075574564374,8.79358,train
5477,12.64886788350545,12.573356,train
9454,2.7622393986076075,2.7482781,train
14370,16.757781810577967,16.75281,train
2218,13.16322249457272,13.136982,train
76,11.398599524041266,11.335464,train
252,15.671333383034648,15.672346,train
5003,2.9089809664672623,2.9351437,train
7575,18.407956109859025,18.388294,train
2164,18.74577778344487,18.742638,train
16161,7.190357439830351,7.2010775,train
13996,14.517895458202869,14.369498,train
14975,12.76791561820716,12.77612,train
9829,4.953320185973008,4.9155383,train
161,2.8560453314902308,2.9311318,train
19337,1.5697334137345431,1.5470922,train
16757,6.695426112808542,6.7632565,train
4366,8.34262505867617,8.307896,train
17827,18.407817800605564,18.372093,train
18738,3.389533472333182,3.3894908,train
15573,10.383077143194011,10.289655,train
2457,7.648448575165081,7.4423747,train
112,7.690841641220373,7.6708064,train
11357,7.464712086514649,7.4456167,train
13689,6.516784670843289,6.4920106,train
8989,10.356441123121083,10.347983,train
1758,22.46824887956437,22.518637,train
14553,15.654590162358335,15.702405,train
8085,5.003811592962604,5.0089836,train
12454,15.813738189628026,15.796081,train
14672,3.9820746472889903,3.9934068,train
17287,12.373838698138202,12.435928,train
8315,2.0273041445338054,2.043076,train
10638,1.901275359125048,1.9178997,train
2018,14.47752645394406,14.526996,train
1086,8.319569135237389,8.186317,train
18241,15.34081558928368,15.371816,train
6885,7.249174898999465,7.240842,train
6807,15.41909980269419,15.427882,train
7012,13.975343584006326,13.995727,train
5626,19.769993512196507,19.7385,train
7721,1.4263155063741548,1.4110286,train
10673,16.857021573702337,16.942326,train
10640,1.791767101928179,1.7586567,train
4252,1.1388917584700269,1.1344455,train
19150,0.6583306375605562,0.69257385,train
765,1.9283087380479207,1.981082,train
18522,4.8148029686107146,4.7224135,train
12154,3.7196299954606977,3.7255275,train
15210,7.769300282404458,7.726282,train
9032,5.697421839293893,5.7997365,train
9340,15.255418965948156,15.263907,train
13337,3.482626198141659,3.429608,train
5160,5.553876250995994,5.4966526,train
2546,20.80917333150472,20.712465,train
8675,3.5988869960095404,3.6775482,train
688,9.535082374637245,9.388121,train
11706,11.669919637641971,11.752771,train
6961,0.5326458142086566,0.5516741,train
6284,9.712102908592415,9.49054,train
323,7.194513528375467,7.1857004,train
4105,16.311551045159845,16.222153,train
8287,4.7041852887263165,4.7610793,train
10281,17.006832110404115,16.95611,train
10853,0.4859097536850089,0.49608713,train
682,10.270093334506296,10.298895,train
15029,6.914205654770375,6.9099,train
4561,8.801489861104072,8.75963,train
16775,5.020372885721434,4.9937816,train
10400,4.988690142032607,5.0247684,train
3773,10.209734631072113,10.151878,train
318,8.19190205667585,8.228947,train
3016,8.59862927984301,8.623967,train
937,3.669864475798388,3.7208414,train
15918,14.74412787126866,14.78952,train
9026,6.6121988272408805,6.602925,train
13356,1.822686420586424,1.8535762,train
14279,4.581687756180678,4.5429688,train
12582,2.019996391423076,2.022946,train
10759,8.791616436735918,8.830142,train
13916,2.843655685754481,2.814519,train
2887,3.843867310656381,3.8416216,train
1989,18.18312001470176,18.140448,train
11565,5.575218252620776,5.506932,train
1786,15.573222285113832,15.60949,train
6444,15.279282485281646,15.069214,train
2941,18.140911053111964,18.200117,train
4201,5.730956356732317,5.706165,train
7642,8.263455756224515,8.278321,train
2080,7.019492407494087,7.0199094,train
16326,9.660431660459828,9.62636,train
1828,13.162965779337044,13.100304,train
17403,1.004433117606808,1.0184573,train
8422,11.416101007717476,11.478344,train
2101,4.801570602091213,4.8211064,train
5544,4.562112968096632,4.4623737,train
11898,11.89279528096731,11.886047,train
14691,2.337048484701685,2.356492,train
7741,0.2716501242500085,0.2498182,train
10174,10.330165984216332,10.340221,train
15749,12.222623110188508,12.230502,train
11372,5.977433402697041,5.8758664,train
7159,0.3265679727041021,0.30135173,train
443,13.699892183793542,13.78565,train
344,5.0291338727772015,5.029147,train
4088,19.420230380991985,19.386612,train
5871,11.976892891620656,11.981863,train
186,1.0033756538722325,0.9760231,train
2393,14.852366442643952,14.831594,train
1801,14.973265019108386,14.931317,train
4915,12.524104147495532,12.468385,train
9588,9.507294161950236,9.6663885,train
18732,3.84129915373468,3.9603229,train
6162,1.693875883554238,1.7206172,train
10217,5.057694002674406,5.01567,train
10778,6.954742525795119,7.0036163,train
4736,10.638004693483715,10.441689,train
13677,7.945236742948187,8.008821,train
19131,1.981763430812984,1.9861803,train
12201,0.348646577359855,0.33619946,train
9967,10.237971396468565,10.202178,train
13599,17.039938514165573,16.961521,train
13498,5.802028367759275,5.797223,train
8768,13.621859551077264,13.638539,train
681,10.383313325529356,10.362145,train
7302,5.644105971464224,5.690974,train
10904,16.78788619975091,16.77892,train
9047,4.413334396197074,4.3745937,train
15731,14.473239275996743,14.387662,train
427,15.003543448368372,14.98131,train
15717,16.093984121150708,16.101309,train
12653,14.44255921868699,14.545078,train
11846,18.43248298997136,18.451685,train
8653,6.013375193630771,5.9706836,train
1528,3.045314942523318,3.0206654,train
16284,16.016694643765643,15.994119,train
6451,14.153257464326233,14.153124,train
13561,0.4885758239372328,0.51173425,train
11728,9.256123283109366,9.238192,train
13297,7.4884175939137085,7.399988,train
5643,16.58592879513741,16.663778,train
16175,5.603553735138842,5.592312,train
16075,15.61085484447335,15.683999,train
10359,9.173328253986597,9.182655,train
12745,4.369158983486529,4.3303156,train
17746,5.9714102391912265,5.9970922,train
13785,18.38435819373452,18.436495,train
5772,2.700589162361823,2.6171656,train
1356,1.315223885413164,1.3070142,train
3619,6.646037306466926,6.594892,train
11790,2.9653460928136504,2.958072,train
359,3.1367709932213703,3.1669328,train
9124,16.733072798977354,16.739473,train
15693,19.348826645620804,19.289145,train
15182,10.869342870390012,10.892528,train
3536,14.296523344432874,14.375582,train
12702,8.82364939426824,8.8476515,train
13651,10.533751948083053,10.500178,train
10507,16.058799503895557,16.04765,train
15586,8.842994113116228,8.844022,train
3403,9.231938111487276,9.227437,train
8719,18.33968330310591,18.345701,train
13942,0.850395593553191,0.84489846,train
4705,13.324604143804647,13.480909,train
14963,14.27726052933572,14.302542,train
6539,4.014586521512224,4.018366,train
14177,16.729098948790377,16.815697,train
6781,17.983833046503193,17.577091,train
8519,1.2738564192515445,1.2910076,train
2726,1.1605263156662649,1.1694447,train
10746,10.464410544018984,10.309813,train
9365,12.098967504839152,12.065111,train
5965,2.316006703607876,2.4431992,train
13731,2.4270832784467955,2.4554105,train
14128,0.6214796841287237,0.64975095,train
11761,5.898227274985073,5.911988,train
4566,8.380017603563243,8.366007,train
5397,1.3974097167357633,1.4088732,train
3200,10.393052231923184,10.395839,train
10663,0.3638753959995722,0.36072758,train
9531,16.582082554177237,16.609558,train
17614,22.028601766105144,21.9612,train
13236,14.46639298248825,14.388435,train
7691,3.796304671853582,3.8400812,train
5425,15.915209019650783,15.874833,train
7857,7.650954977691564,7.713565,train
3852,2.4380898064338306,2.4076347,train
5292,12.92011493477678,12.93419,train
19305,4.35227774571849,4.3086324,train
1069,10.535888458100372,10.652833,train
9554,13.845432661852286,13.7850485,train
7735,0.47819912197174,0.4505452,train
15747,12.44936854009442,12.394139,train
17193,2.546272063787221,2.5308297,train
15582,9.330803456948638,9.194722,train
7829,10.659345772000554,10.60091,train
7507,4.074978390299451,4.0564203,train
12741,4.7569705145317664,4.745552,train
17263,15.702629674311572,15.7053385,train
16399,2.704546182382772,2.7780886,train
17338,6.914633345897672,7.0198255,train
8959,13.69078825501552,13.758451,train
18175,1.8647660201136795,1.7263241,train
5105,11.153948181973046,11.283216,train
4598,4.866317531042386,4.8483815,train
4048,1.9586947822327867,1.9294341,train
671,11.563801851810284,11.58591,train
13194,19.91721595933847,19.871067,train
1450,11.69001966885824,11.755149,train
11315,12.391769418143635,12.339896,train
5517,7.970954049353253,7.913034,train
12704,8.495450186830011,8.471646,train
14542,17.050425029770405,17.000217,train
1782,16.670110698755924,16.698296,train
5416,21.10959014336824,21.110535,train
6827,13.328842436554352,13.388208,train
19106,4.013700072629277,4.0384603,train
4779,5.679016593069983,5.667527,train
12430,18.92877147686736,18.979465,train
19252,10.350186113401632,10.309414,train
16537,9.104532824102918,9.238523,train
15394,7.840248436901072,7.9367566,train
6501,8.20732842753747,8.237733,train
3593,8.904587264388717,8.825923,train
4667,19.31233050718828,19.236395,train
15522,16.79910263883272,16.675665,train
15192,9.73256737027206,9.6850195,train
7103,4.740113782479221,4.7860546,train
8871,2.889172631022404,2.911415,train
3084,2.2865075474976315,2.286145,train
2099,4.961915181197532,4.9507475,train
2855,6.962895427040884,6.9358754,train
18201,19.85402325374685,19.839733,train
11116,13.58863841021285,13.566006,train
18447,12.807287514596736,12.779834,train
1216,16.51287067901408,16.427303,train
11110,14.376712860943076,14.353257,train
7659,6.92644035872971,6.907965,train
8024,11.87639625116308,12.036335,train
2221,12.393567126291757,12.417921,train
13873,6.973463591612791,7.001939,train
6926,3.2906000869107186,3.3200746,train
7984,16.903944421586417,16.92101,train
18147,4.007985841853645,4.084415,train
9746,14.554722209889617,14.494909,train
19164,19.7268818749222,19.63872,train
6568,1.3653809379485569,1.3666,train
1280,8.300317415621723,8.349124,train
11533,9.25536800007624,9.289922,train
3502,19.247926582996108,19.21029,train
6921,3.865378329490753,3.862764,train
2320,1.888471107264432,1.863073,train
1072,9.969903628174642,10.051277,train
3285,1.697087526554702,1.6922138,train
13781,17.29874484614842,17.28035,train
18677,9.774844895503414,9.694573,train
8143,22.49037895302047,22.473461,train
10242,2.956863893971795,2.9841433,train
10791,5.589699331931771,5.559102,train
18083,10.964517517100568,10.945387,train
5412,17.594630620184105,17.69315,train
4519,13.834217146566854,13.824486,train
9926,15.736395666625128,15.75458,train
7123,2.9897635676195065,3.0044324,train
11120,13.22438970266592,13.1507635,train
34,16.10889811971551,16.003664,train
14312,1.5981958364676578,1.6072484,train
4455,0.3198015007758915,0.3425581,train
15802,6.029189714952936,5.9672484,train
14181,15.44403724287498,15.373529,train
14453,7.0397732526803445,7.061803,train
16937,7.429791125061816,7.5315757,train
6982,18.310671145521344,18.288593,train
7231,13.76243531231784,13.731133,train
19319,3.0090674403773296,3.0442317,train
8827,7.328265466577513,7.2039485,train
17948,4.091433301876349,4.2488604,train
18224,16.466895784371175,16.461277,train
18309,7.792851751143242,7.884325,train
9141,14.672713743257129,14.645925,train
1730,1.867957087258468,1.8842819,train
1351,1.3536412432847154,1.3416538,train
9021,6.824222681501564,6.818086,train
16602,2.7475985411698947,2.8456993,train
13426,14.513939600283654,14.504316,train
12468,14.238125667378169,14.288798,train
10837,1.6574747881294165,1.629939,train
3184,12.072403619819449,11.981291,train
5938,4.693093820045055,4.618844,train
598,21.04568230482992,20.97548,train
11385,4.579474943614893,4.560628,train
4184,7.526050382190424,7.4680276,train
19135,1.604895939840585,1.5594263,train
6699,7.690375658113015,7.720212,train
4569,7.962525338615158,7.930497,train
3241,5.753088818937986,5.751055,train
1120,4.861122635359017,4.810763,train
14150,19.340046353686507,19.27843,train
3127,18.248473328939635,18.40906,train
14897,1.0652227765576812,1.0080872,train
1905,4.058534752414211,4.087046,train
14870,3.364775116145666,3.3022685,train
4307,15.318308077278656,15.320624,train
4054,1.5475674528406005,1.5644977,train
6578,0.657997006202082,0.6541834,train
16674,16.07743620033195,16.047964,train
336,6.038779964050532,6.058944,train
11496,13.25979150196038,13.172439,train
10083,21.79212869423698,21.820799,train
18257,14.166742827307583,14.168974,train
13156,2.950787308621229,3.0231981,train
4908,13.077015295327325,13.098882,train
15873,20.719646664583177,20.74559,train
9354,13.36739133313182,13.363593,train
18653,13.17917571931551,13.179602,train
3938,14.140979388740927,14.137101,train
13080,11.27329863237312,11.309927,train
2112,3.736843545101699,3.7514007,train
8028,11.532298432617631,11.6578045,train
18871,9.047528400725,8.941791,train
12061,13.51370323087281,13.46782,train
12772,1.9445065074701653,1.9487108,train
4123,14.41707153729525,14.420212,train
16599,3.025040052725218,3.1858914,train
6814,15.411450637455683,15.354381,train
16441,21.373724419648564,21.30208,train
2190,16.393481167643625,16.388088,train
18654,12.8932567512026,12.9677105,train
6946,1.660449466743399,1.5972613,train
2459,7.148368420037526,7.338228,train
10366,9.0170280969936,8.9838,train
2085,6.5291098935162015,6.5447664,train
11933,8.177338961650342,8.113935,train
18035,16.18775545094336,16.178238,train
11981,3.1718567782767475,3.256535,train
5272,15.411330484156592,15.375712,train
18533,3.984164084942887,3.9535995,train
17376,3.266634877529841,3.2724004,train
10643,1.6506524425115292,1.6266494,train
10519,14.244048068776223,14.263075,train
13257,11.922093326240152,11.873077,train
4298,16.09506584704827,16.127544,train
6983,17.69248931944147,17.702044,train
13167,2.0494688238023544,2.0779736,train
14927,19.45826910670212,19.490398,train
17945,4.855798478876832,4.68431,train
18584,21.89885035441999,21.939486,train
17443,15.12492676787647,15.127814,train
13853,9.085541897454826,9.120848,train
15050,4.7281959004030405,4.7429266,train
6213,18.06424098022967,18.018665,train
17860,14.273880972679926,14.363858,train
13496,6.039667777798952,6.0820303,train
14232,9.444107421702467,9.358474,train
19054,9.386615242407078,9.315048,train
6014,16.70374445070601,16.673328,train
5475,11.238984843502497,11.174499,train
7669,5.947580996383092,5.9092903,train
7022,12.717077712437307,12.756312,train
1173,21.73084579750402,21.63308,train
11404,2.744978664964109,2.6688817,train
18535,3.712309788419619,3.7165952,train
8074,6.106822858450744,6.200741,train
14105,2.691323153864248,2.6548767,train
14835,6.460149474930468,6.59906,train
880,9.407158504006516,9.510362,train
4611,3.619835539461304,3.6413453,train
11738,8.127131832259227,8.151981,train
11307,13.081974588966256,13.104934,train
5239,19.516918251026468,19.494371,train
8661,4.596885663818472,4.5255694,train
5697,10.56822487522861,10.649243,train
11252,21.09065003164207,21.093256,train
7607,13.15912987445932,13.129929,train
17007,1.2635727848502738,1.324155,train
13976,16.09918865660655,16.180275,train
14133,0.5380117691345168,0.53289163,train
17863,13.98908537866973,13.974195,train
6543,3.930255726102713,3.9332585,train
18634,15.40243316936189,15.444397,train
8986,11.089890946034338,11.07838,train
10497,17.247514775462843,17.244518,train
478,10.7015058846462,10.585018,train
1220,15.537107191127893,15.622329,train
7843,9.531402278049068,9.515758,train
18763,1.213083333652306,1.1895593,train
2765,17.614562116996414,17.680399,train
14703,1.403025144158137,1.4481215,train
11591,2.9362211816584383,2.9849422,train
270,13.212650966583649,13.205268,train
17862,14.078948867077184,14.018306,train
16290,13.392722811617295,13.395019,train
5972,1.679104734777897,1.7085084,train
18622,14.84587949281386,14.915827,train
1991,17.737504908658973,17.675596,train
14503,2.127297677819105,2.1161284,train
15334,14.687540071933013,14.755174,train
11324,11.421118577786247,11.315683,train
7827,10.955827232727948,10.942141,train
298,10.508053746588825,10.5479,train
5861,13.129913864954244,13.142487,train
1957,0.2979481375031035,0.31948566,train
15066,3.044116085773694,3.028508,train
648,14.45213724184666,14.285898,train
3728,16.6146166524654,16.650726,train
14646,7.051298028221608,6.967153,train
17457,13.125046101551808,13.053453,train
7280,7.98144419068535,7.941308,train
216,20.724356071672457,20.726654,train
13994,14.32684968130521,14.352132,train
12039,17.360545115666977,17.22623,train
13364,1.150146131510548,1.1291361,train
9514,18.70873932560972,18.735815,train
5711,8.841987503837085,8.821075,train
8247,8.964818757394523,8.995795,train
16563,6.5014386253565375,6.6175437,train
16984,3.167580631691643,3.0945334,train
11829,19.92865755771241,19.912857,train
12652,14.74559075855339,14.648186,train
17890,10.61508677412286,10.548179,train
13771,18.355816620581862,18.304844,train
16601,2.8342283831764488,2.9655085,train
11928,8.504874212466737,8.545379,train
16518,11.091620946678717,11.000222,train
6576,0.6735729924580638,0.7042072,train
12693,9.737364967278008,9.749458,train
3934,13.594203241992105,13.607255,train
5956,2.8794614561281824,2.7406557,train
2708,2.192470756620512,2.1946063,train
3181,12.625913024037338,12.629489,train
15445,2.756440759831736,2.712341,train
9883,17.234864749792578,17.259241,train
19291,6.021818124516668,6.1992173,train
13086,10.404947017616548,10.424072,train
11752,6.177539965736592,6.160717,train
9314,18.156048747086214,17.998701,train
2435,9.982902803673948,10.157624,train
6617,17.85535678180686,17.888735,train
8222,11.83631489554186,11.662656,train
3734,14.134274589182128,14.02455,train
15752,11.829009332738329,11.8351145,train
3012,9.574459862466457,9.530685,train
2145,1.0554920135256392,1.086229,train
12330,6.282906680792243,6.2918634,train
7312,4.6254260167577534,4.667517,train
6872,8.928051380048295,8.866372,train
7125,2.825424539586715,2.893205,train
7637,9.483438613361669,9.443375,train
15057,3.9495812885553314,3.9392226,train
16381,4.761634242391647,4.703041,train
15241,4.519190677926051,4.553275,train
2071,8.031912682296529,7.9791784,train
4663,18.211682279816493,18.224358,train
16521,11.277334202909444,11.238141,train
13407,16.731863845729517,16.581808,train
9643,3.9114014350649313,3.8989801,train
530,4.6691083653920815,4.788517,train
2719,1.3363164819234656,1.353161,train
10864,22.02777166292595,21.998022,train
9135,14.844536095272783,14.87365,train
4268,20.36671203652584,20.193678,train
15710,16.853533145124032,16.98733,train
10787,6.1242554809077125,6.2000585,train
13570,20.449547354521343,20.411394,train
1979,19.5059851425114,19.505484,train
11726,9.329439456806297,9.379357,train
8731,16.434869417891292,16.457989,train
8625,8.847161541976234,8.838955,train
12882,11.804814142289173,11.825137,train
7720,1.5035687654868104,1.4639602,train
13819,13.338788352916268,13.3494,train
1804,14.137614571276794,14.071665,train
17710,9.512464793176772,9.5303335,train
15315,17.053235628258268,17.09508,train
16654,18.20494280979917,18.203644,train
2623,11.402043728034734,11.400208,train
17679,13.200675783591054,13.207169,train
3124,19.17360002937373,19.233257,train
10361,8.767690930252497,8.734797,train
5591,0.8425636211113208,0.80756176,train
10114,17.74548003330265,17.662706,train
17928,6.177713440004376,6.3739753,train
8033,10.775225317771412,10.821619,train
2781,15.370051061749905,15.5204115,train
8662,4.475711217086452,4.4871163,train
17023,0.2616372853517139,0.26245624,train
948,2.244947021627299,2.2864335,train
12782,1.1777243802005262,1.1828747,train
3601,8.351198315913214,8.287312,train
15274,1.675180595234835,1.6819792,train
122,6.640682620706547,6.6036816,train
2624,11.297241018604756,11.3270855,train
987,18.5636989086966,18.45855,train
12089,10.641216194844858,10.572348,train
15917,14.88921321113854,14.870986,train
12666,12.548056461590358,12.576128,train
15589,8.484513457832103,8.642502,train
1093,7.636414802362352,7.6389537,train
19301,4.945391903836395,5.0333347,train
12168,2.7334128463693133,2.6958535,train
723,5.772399420811603,5.807129,train
11892,13.177063199395162,13.0951185,train
15791,7.206843380653332,7.1275673,train
1504,5.620522311785086,5.692977,train
13329,4.234661609088805,4.252472,train
489,9.2042903953248,9.134891,train
5038,20.317332285495134,20.26405,train
300,9.56328894637424,9.547392,train
3486,1.2696833764537556,1.246789,train
1135,3.47756389764342,3.4729064,train
17066,15.962632287213175,16.059223,train
11667,16.502667721082837,16.594934,train
12327,6.926093656987197,6.965328,train
17722,8.28829698657633,8.269475,train
14433,9.27900663491001,9.2541275,train
7244,12.160155413049196,12.1034565,train
4734,10.330105526337196,10.4056015,train
8568,14.449883165144223,14.472585,train
12888,10.86743227916338,10.873193,train
13283,9.19704199535758,9.258904,train
11521,9.82062742184969,9.847645,train
7199,17.847508627763283,17.888948,train
9783,10.182110054637787,10.115109,train
8252,8.509593692566751,8.436759,train
15117,19.42855277095786,19.365524,train
7734,0.5191513049729839,0.5475426,train
9552,14.011993508377945,14.050258,train
4393,5.131665868628423,5.0567102,train
9634,4.868513371913677,4.708626,train
2405,13.469160348064966,13.4461,train
1662,8.40555929642345,8.553736,train
16449,18.32649190002305,18.16253,train
2915,1.274283008257729,1.2783829,train
15556,12.290137972390438,12.316325,train
13588,18.653002421272085,18.628643,train
14911,20.57151938468025,20.554379,train
6633,14.356980486711846,14.374724,train
8506,2.128370112811479,2.1392035,train
18621,15.207851560249146,15.278158,train
16096,13.129423104982758,13.137054,train
7,18.79979881053318,18.789429,train
15233,5.337513683858711,5.4102154,train
6755,2.177775787415764,2.2627366,train
1597,15.102984769588094,15.03593,train
8134,0.647669306482181,0.6759693,train
15796,6.830291654675969,6.8856053,train
10225,4.799805987930675,4.8211093,train
213,20.89295591345062,21.00201,train
12631,18.43867500370648,18.467073,train
18284,10.088013785445668,10.011535,train
15884,19.201753399777328,19.20482,train
18496,7.606764009624991,7.6117487,train
746,3.6286771033669374,3.6796074,train
12370,2.500405474155638,2.4900932,train
14527,21.529716622922816,21.530539,train
14649,6.438452092590793,6.421427,train
14712,0.7904673027189214,0.8060708,train
11653,18.20366224993621,18.253138,train
4246,1.7267306888075262,1.7451004,train
18123,6.634550903274657,6.66958,train
4525,12.788093907794725,12.732935,train
14168,17.668885804396375,17.718266,train
16769,5.935367024567078,5.8695917,train
5835,15.307813340674503,15.405458,train
6445,15.24745477641762,14.87205,train
13865,8.279811583890218,8.268165,train
6794,18.17793102408801,18.053461,train
11875,14.96114460329676,14.914078,train
2654,7.886249263167891,7.864274,train
11809,1.3097634812926944,1.2990313,train
7840,9.444849342878143,9.480194,train
13758,20.828432247666274,20.749033,train
7433,12.960083232586712,13.039643,train
363,3.080072957674903,3.055928,train
4153,10.961813116035952,10.961731,train
13912,3.197311983530545,3.26147,train
14904,0.7238031489735519,0.74461377,train
9853,2.828063963271757,2.80553,train
772,1.2380110054185598,1.2385242,train
15800,6.55608679093197,6.589459,train
7408,15.7035806110709,15.700488,train
18659,11.526846147791757,11.42864,train
14626,9.389593955192652,9.373904,train
12455,15.661232955556796,15.701291,train
13038,16.250255599149444,16.226751,train
3261,3.726187667563662,3.708183,train
2587,15.789466212703644,15.668446,train
636,15.509429024589476,15.617369,train
16679,17.00614610174184,16.996773,train
14281,4.334159058205274,4.3240647,train
4022,4.322276985439975,4.3351507,train
10737,11.263987432194371,11.321973,train
1438,13.212919590886807,13.123266,train
13948,21.30567452650562,21.11156,train
12525,7.692122798321781,7.673944,train
4962,6.973985001102659,6.9868336,train
13871,7.28207378046139,7.2356734,train
8466,6.035856844129219,6.0309467,train
4572,7.570646726623973,7.5019403,train
12260,13.759045205845704,13.715227,train
15912,15.6264988320984,15.612566,train
304,9.449133441808838,9.433208,train
4642,1.0785878626224674,1.0667225,train
9685,0.6024355292784951,0.592598,train
5857,14.132210238774478,14.039473,train
6558,2.1822891531025985,2.210348,train
15872,20.915676739800173,20.828917,train
5879,11.23502185877692,11.169522,train
12572,2.878257338217993,2.863759,train
5429,17.227006753323156,17.166637,train
9336,15.557509500926937,15.4018,train
9631,4.963286989484413,5.0238748,train
5468,13.341884507968691,13.261291,train
18649,12.636195151364667,12.642351,train
14868,3.597685662343032,3.5781581,train
2996,10.672623003431024,10.694873,train
11880,13.784611420435333,13.816258,train
686,9.82306547809037,9.916763,train
11226,1.9793976794836656,2.0204198,train
15997,5.706267662944241,5.7093143,train
53,14.099084653828813,14.208296,train
17657,16.593342978221262,16.61086,train
5308,10.695291529572888,10.669247,train
11221,2.667925625847196,2.622686,train
5240,19.43602003999224,19.434986,train
14302,2.4024195513350484,2.4062784,train
896,7.771702811878133,7.6825485,train
11896,12.302297502577895,12.254815,train
2007,15.291741501925404,15.314454,train
18338,4.73925014783851,4.793848,train
6981,19.258977065820623,19.216087,train
16515,11.528658980396887,11.595955,train
2396,14.575154106341785,14.546942,train
14708,0.9906329083879296,0.9729516,train
3232,6.708613401371044,6.6836576,train
16705,12.432602730943536,12.40205,train
707,7.557421516875686,7.656571,train
16993,2.41910882967985,2.3969436,train
18068,12.8470158227563,12.893089,train
8694,1.9012127085281123,1.9021016,train
2566,18.32431792039152,18.302921,train
4175,8.484305503472873,8.4714985,train
11819,0.6251331709976435,0.61275667,train
17580,1.7996228380496104,1.8339686,train
15554,12.629392352232696,12.677618,train
699,8.273515641474427,8.185603,train
2193,15.458820406973969,15.403816,train
16838,18.03921636173339,18.130142,train
13526,3.024196504191423,3.052939,train
18929,3.3449482616155377,3.3626037,train
15853,1.2520221179918225,1.2110976,train
9908,16.565489241877746,16.54146,train
8418,11.665430205677678,11.66172,train
17866,13.73456223112794,13.672165,train
11998,1.7346137717639656,1.7155808,train
1007,16.638420485624764,16.54826,train
16392,3.599813431963306,3.5391474,train
5057,18.05629274238528,18.061106,train
13097,9.179514987216916,9.159514,train
7725,1.16422349081472,1.1644436,train
5474,11.41399860507409,11.410954,train
243,16.9199511868482,16.91536,train
11916,9.962053062054435,9.956674,train
17654,16.76439828850408,16.730171,train
1469,9.422794586554964,9.400423,train
9266,1.713356037366346,1.6227757,train
4296,17.08297527900446,17.05147,train
11199,4.58758645708042,4.5810313,train
17476,11.398422343871706,11.327268,train
1082,8.86075656584018,8.9679,train
3517,19.722619304792843,19.74525,train
15530,14.94517938576643,15.161379,train
620,17.928296487005586,17.850927,train
17021,0.3096869038243134,0.2702259,train
19192,17.693908922977577,17.665865,train
5319,9.467714622076272,9.415754,train
10129,15.57059457211738,15.58689,train
6906,5.121278747909313,5.127461,train
18965,19.41552521289915,19.294127,train
5726,7.225874051922914,7.231947,train
9654,2.9520578803751096,2.8451452,train
12845,16.11672800526542,16.1062,train
12145,4.453507984448431,4.537502,train
6848,10.760187716352148,10.764801,train
8486,3.975761151722952,3.9743345,train
14416,10.819684848632107,10.890273,train
12664,13.042587935002674,13.088204,train
5015,1.9967168070060275,1.9812819,train
4926,10.767779013649324,10.652176,train
15924,14.07331877799498,14.108908,train
6782,17.172539742260653,17.577091,train
1656,8.793051284721523,8.819845,train
17768,3.114862469052861,3.1173806,train
10486,19.023639344871004,19.033798,train
7675,5.802629224695044,5.7380724,train
11716,10.488897922257976,10.547409,train
13184,21.15008063424812,21.19536,train
15443,2.8987150201992185,2.8701437,train
16748,7.520349731894087,7.660895,train
4344,10.055889017656789,10.00851,train
17071,16.367521651341022,16.34303,train
14463,5.967144902141977,5.9612856,train
16631,0.5063372334791088,0.51614887,train
9951,10.90021433105515,10.934691,train
1812,13.603368926320618,13.661759,train
6614,16.012404821448897,16.04818,train
16991,2.649980746056907,2.5648768,train
1411,16.514397801808485,16.569117,train
5037,20.699897456104644,20.71727,train
17588,1.169491067805564,1.1556265,train
8178,16.925464705045027,16.985289,train
13537,2.0732339525428705,2.073654,train
3115,19.980045202715527,20.023043,train
5388,2.2031188267306896,2.1888304,train
17047,18.019256715818784,18.129969,train
13857,9.076554843482995,9.090353,train
16153,7.824747926069555,7.732797,train
4451,0.3864007095326843,0.39462116,train
6931,2.918353160681464,2.9015212,train
13014,19.314434255966628,19.327772,train
9189,9.307451521463006,9.220454,train
5794,1.0503928961255584,1.0844845,train
1451,11.555125029819232,11.567381,train
7968,18.84064014507103,18.7429,train
9477,1.0775237587865016,1.0411414,train
16604,2.590993171057648,2.5000963,train
12737,5.11074011742043,5.122203,train
15863,22.07091993195728,22.106953,train
8825,7.755841288398324,7.6960526,train
8614,10.316775390305756,10.25226,train
19239,10.703563580628996,10.732177,train
4156,10.547514476969472,10.465728,train
17688,11.999640519089343,11.914123,train
4689,16.10565931110958,16.063198,train
14570,14.978660733017689,14.835357,train
5351,6.036711774660442,6.0768185,train
162,2.771082625897028,2.8171933,train
11866,15.94430307675963,15.923002,train
18928,3.443689693323576,3.4071555,train
16101,13.779093725512052,13.762107,train
6190,20.89369679017777,20.959623,train
4311,13.856050388010202,13.860941,train
10420,3.17196437294588,3.2418923,train
5582,1.4542501870812947,1.3930422,train
13636,12.916754912027278,12.977396,train
11367,6.402246612262626,6.4317994,train
9005,9.02417712720846,9.158879,train
12712,7.742118184226379,7.712042,train
16073,16.4522614442847,16.425629,train
18709,6.171258333014717,6.1653957,train
14681,3.2000535697472143,3.1898139,train
9895,15.74822791598888,15.702845,train
15209,7.895558712648052,7.8367324,train
12795,0.454399981410283,0.44634917,train
5087,14.20068162136888,14.210855,train
2427,10.98834674070019,10.945031,train
5223,21.830566343689323,21.908163,train
5920,6.56755934798788,6.5156956,train
17296,11.501308241205484,11.467491,train
11410,2.329612483826003,2.4504137,train
11862,17.03521257279098,16.979961,train
3317,19.79203190302121,19.789225,train
6170,1.07410375148644,1.0720319,train
1060,11.504274412039988,11.571914,train
6709,6.609729231433602,6.6181874,train
9339,15.504578496488124,15.503586,train
10096,19.78269709552797,19.769829,train
11409,2.394727936667888,2.4659019,train
12482,12.52653078357989,12.49807,train
15257,2.895373354271643,2.8557866,train
16155,7.4754044700674385,7.4625416,train
17435,15.689953177337866,15.757159,train
355,4.005332123439721,3.9843597,train
17348,5.9143779345800285,6.000567,train
9907,17.389056617827208,17.357996,train
13686,6.992933015452455,7.0331707,train
2226,11.206289772189082,11.245829,train
1429,14.320845207677625,14.345884,train
15622,4.874356688437467,4.7881427,train
1224,15.330202604929791,15.339257,train
5601,0.2541342415389691,0.27777973,train
7121,3.1786383250567924,3.2437503,train
6217,18.041642953780148,17.987177,train
2293,4.350751189437284,4.3034234,train
9030,5.964659096058582,5.944112,train
17571,2.532641363492875,2.6226263,train
5520,7.183208586188099,7.266219,train
13490,6.588607792605129,6.5389075,train
8312,2.591044382142373,2.5845742,train
3913,16.193095598003506,16.219387,train
18903,6.059403251575357,6.0729203,train
11105,14.926818253075194,14.979944,train
3307,21.156257789251807,21.209064,train
1789,17.197666160118708,17.211473,train
6715,5.716930454548439,5.7973576,train
17484,10.813304412503491,10.892612,train
7220,15.14543375555028,15.065068,train
18050,14.88920609710049,14.965541,train
9297,20.369021353532133,19.963224,train
2330,1.097598047533113,1.0759352,train
15516,17.060950462578457,17.043743,train
12443,17.1605935497652,17.14769,train
2272,6.515406817733831,6.485242,train
4037,2.9469099606477185,2.9214017,train
4632,1.8197392184650247,1.8148652,train
11123,12.942997246125096,12.878678,train
832,15.153214196499675,15.184495,train
9682,0.6272988668661871,0.6393149,train
17355,5.26364883242826,5.269644,train
9161,12.335012174471167,12.347635,train
3539,16.0997098751587,16.146719,train
8111,2.8897981891079016,2.8235335,train
3855,2.153314246225197,2.1896515,train
13591,17.5977860233314,17.493639,train
3419,7.192840293614506,7.25942,train
12911,8.36607530418785,8.345434,train
7989,16.279341243289856,16.20602,train
511,6.5538206596251385,6.5639315,train
7578,16.010504220793095,15.996288,train
8954,15.360801207987166,15.375094,train
16873,15.39336492727451,15.343807,train
3028,8.263617620372138,8.333057,train
12077,12.581393933075834,12.597651,train
14608,11.160012363863306,11.182001,train
10075,0.1794292560253972,0.22097127,train
9350,14.031793152998596,14.159642,train
3830,4.520321050544687,4.4665923,train
15240,4.603651859187194,4.658627,train
869,10.682687641566574,10.699508,train
8001,14.916290226088725,14.879647,train
14228,10.26219300333046,10.331806,train
9712,18.79624171659673,18.830086,train
5352,6.005769258224778,6.052304,train
3218,8.334563772713565,8.342298,train
11836,19.685845831301226,19.64986,train
13321,5.021020631106452,4.986585,train
17541,5.35281904326107,5.381539,train
8416,11.792868207375577,11.783947,train
10025,3.481022158250868,3.3785713,train
12633,17.497602204242938,17.356451,train
6808,15.084431099430242,15.09514,train
6251,13.468458447195514,13.619834,train
5004,2.8825706708031493,2.8688173,train
5108,11.506458162259888,11.504525,train
18099,9.186586448614957,9.180363,train
12613,18.628028559689444,18.241241,train
4326,13.201615996593404,13.131287,train
15743,12.936936140333348,12.929212,train
4723,11.61708560860482,11.65894,train
305,9.420832053382748,9.42964,train
8427,10.528050891817516,10.5529375,train
5825,16.321254816858243,16.4769,train
13542,1.804467104256236,1.6917002,train
12032,17.784441251721855,17.696198,train
10482,17.838131898447966,17.825264,train
17028,0.1534733988229941,0.18543808,train
1618,14.44003251877385,14.4008045,train
11937,7.567160752121949,7.566155,train
18476,9.768808463040026,9.758422,train
16629,0.5645649383291392,0.55792034,train
10160,11.752014442386027,11.719994,train
4442,0.9824072024005333,0.9569675,train
5555,3.562787364022079,3.5021315,train
17301,11.423843909756272,11.320879,train
15355,12.133619015848836,12.196046,train
8928,17.390650174544888,17.387606,train
110,8.0910555204977,8.130337,train
15676,21.32759092066213,21.352476,train
17158,5.611473862206006,5.7112823,train
8730,16.89950549288244,16.948341,train
19330,2.119537679480866,2.17349,train
12513,8.963260116725479,8.952656,train
13814,13.167465570773413,13.266472,train
6089,8.854377917121184,8.951796,train
9541,15.333616705703443,15.4324255,train
16736,8.945663987206599,9.019044,train
14798,11.26970142715747,11.253563,train
18205,17.98628153999131,18.086578,train
11405,2.671587521235516,2.6228068,train
795,19.40929516498573,19.30768,train
11963,4.9062806451535055,4.913189,train
1362,0.6338103637709426,0.65039295,train
1526,3.521545700329837,3.5600991,train
17442,15.554135009262511,15.474832,train
6658,12.520475400734584,12.464335,train
10914,15.50843012735862,15.433484,train
1460,10.487416470824687,10.483655,train
5575,1.9468833358031945,1.9702046,train
8535,19.37120320084962,19.386408,test
1425,14.580605854395811,14.440149,test
10491,17.035041343835523,17.053057,test
12864,13.894968556593,13.83897,test
4682,16.364841276194074,16.448887,test
5961,2.5599734350637187,2.5926046,test
11299,13.703924149274297,13.720269,test
4688,16.402772444225736,16.391275,test
7983,17.111354543184166,17.127993,test
7185,19.14513602599971,19.250242,test
416,16.17449130033264,16.15014,test
6523,5.962880855149792,5.973339,test
15834,2.9084725398494005,2.905826,test
2741,20.4261732171731,20.499126,test
12736,5.214813201153524,5.18852,test
16402,2.693837600174356,2.6846387,test
6113,6.0934428731146495,5.9343305,test
11669,16.41833888813632,16.311472,test
5462,12.87159951087799,12.975762,test
18488,8.285167078451806,8.237405,test
6585,0.6098486108132122,0.61765206,test
3069,3.751557388700316,3.692472,test
14615,9.21340814161992,9.259691,test
5804,18.685753449766786,18.801516,test
15485,21.014332519059582,20.919588,test
3044,5.96571767893145,5.9174366,test
4884,16.256622925149472,16.173027,test
18703,7.162057040446621,7.21093,test
9936,14.44098841105847,14.498608,test
14497,2.2650362596841283,2.315999,test
13745,1.2009623142756092,1.1617414,test
2616,12.276285735042768,12.163054,test
8673,3.898057766851632,4.089116,test
17425,16.54156048921846,16.51795,test
8475,5.01796681403762,5.004189,test
2359,19.277072704735275,19.396421,test
13088,10.262329215586796,10.24698,test
4018,4.827883581332904,4.865036,test
12234,15.56512546234783,15.468552,test
3610,7.505455197855846,7.363739,test
3946,12.02339519156191,11.931348,test
6308,6.993644774921113,7.0552044,test
11213,2.98714434065844,3.0409508,test
5400,1.359408081604544,1.3631759,test
7294,6.532239049419897,6.5044527,test
11151,9.76504287002374,9.526417,test
18983,18.38845961583737,18.487314,test
9402,7.915864357063614,7.9271793,test
9758,13.101467530167795,13.056627,test
16807,2.120303334751205,2.2246902,test
128,6.002396912830098,5.9983387,test
4935,10.17993473042664,10.1051855,test
8651,5.525246052184005,5.411682,test
4041,2.584612432359429,2.5704143,test
178,1.620771020170521,1.4421091,test
12933,5.931899004322283,5.906298,test
11545,7.730844307894605,7.750608,test
5593,0.7338681707503962,0.74004126,test
16451,20.14642839968496,20.15721,test
19257,9.05020046986044,9.096165,test
522,5.369221243273943,5.551531,test
14858,4.587101371730014,4.5361238,test
8360,19.038814652123307,19.02647,test
9688,22.24819824167196,22.217611,test
12785,1.0622644196818862,1.0112314,test
13380,17.828307485972168,18.335709,test
11373,5.85085269903927,5.8078094,test
7744,22.5232750257686,22.413198,test
18255,13.022769835014769,13.009399,test
1138,3.0817216961199088,3.0584185,test
16202,3.2526449661892083,3.3041213,test
10041,2.297257718789369,2.441316,test
3790,8.766770315092561,8.684025,test
8588,12.295880198482058,12.368543,test
9503,20.226986870357816,20.362482,test
19124,2.5069737608772087,2.4678159,test
13135,4.926983704342649,4.9609995,test
2832,9.295643094092869,9.343604,test
16808,2.0399803353667165,2.1349745,test
14722,19.18321356177742,19.191313,test
5863,12.644482580246994,12.732095,test
2979,14.0430488861426,14.075274,test
4174,8.60155006126967,8.582939,test
3401,9.350378046171812,9.297306,test
11818,0.6314107896383826,0.61275667,test
9591,9.327293168585312,9.356035,test
15302,17.725592562635356,17.89792,test
4619,2.8527382786897646,2.8973873,test
2946,15.90438755294488,15.993014,test
16744,8.295274228380716,8.189743,test
1918,2.972579691739448,3.0022085,test
12176,2.091308915735623,2.138072,test
8419,11.602466856871608,11.544669,test
17683,13.022067647674213,13.081521,test
9609,7.170952668369482,7.289275,test
4714,12.49336365924519,12.596018,test
452,12.860255570239865,12.846401,test
12983,1.2390435405314066,1.2072634,test
5821,17.774226323271996,17.59678,test
18944,1.992410809982834,1.9545014,test
10304,14.296406387013109,14.293778,test
14671,4.115776795758244,4.0911913,test
17528,7.127996650146723,6.9990644,test
15480,0.3968867645427195,0.40845618,test
6433,16.573939706592387,16.376566,test
13453,10.264281392221058,10.208192,test
15143,15.339640290455868,15.373999,test
16646,18.12493789772194,18.042334,test
824,16.048571485422844,16.055168,test
5718,8.10246148198952,8.143506,test
614,18.270534927424883,18.3346,test
1899,4.774541790689855,4.712259,test
2098,5.043551383692624,5.023608,test
13072,11.909452282314204,11.875196,test
17117,9.95280385492838,10.042086,test
17581,1.704173143808433,1.7512476,test
18767,1.006006126418159,1.0254158,test
4271,18.49962030329672,18.622643,test
2638,9.56895574291539,9.547541,test
5296,12.00773919988908,11.980944,test
10870,20.86501466137162,21.019047,test
6395,21.637277513992355,21.224085,test
5259,16.890438122246533,16.919329,test
10906,16.51215383444277,16.532984,test
12204,0.2570306216166896,0.2162326,test
7940,0.3980769394127633,0.42791033,test
18044,15.287278256409316,15.3418865,test
16142,9.023081613180567,9.012998,test
5518,7.687963345531469,7.5601006,test
8183,17.063797237704183,16.94167,test
8674,3.745929732305488,3.8888001,test
9360,12.8198178738521,13.078536,test
9795,8.87204223065341,8.909829,test
8431,10.298007113098766,10.344587,test
15136,17.045914699707136,16.87473,test
3425,6.917768871465237,6.923014,test
163,2.6944621015632584,2.6612158,test
10560,9.60749660415976,9.693109,test
18008,20.68340571265749,20.681389,test
1478,8.364665452539855,8.354512,test
1572,18.270246800428232,18.309362,test
3378,11.931256104202626,12.018342,test
9695,20.59746356468831,20.652681,test
3995,6.876398806627232,6.8838177,test
617,17.576466475580606,17.788824,test
1476,8.644172818434921,8.760366,test
8775,13.590185434643828,13.610862,test
9543,15.143322609523988,15.131398,test
4846,21.14867171817692,21.1465,test
14323,0.83897623458157,0.86633927,test
4957,7.212626490097772,7.2099953,test
5148,6.89567909217259,6.8621235,test
17398,1.5009857564302425,1.5623171,test
5917,6.945949767103063,6.7702494,test
12088,10.990960403690735,10.977372,test
12533,6.775503472630365,6.7654085,test
14908,21.71898326758289,21.660133,test
13070,12.44187753301123,12.499347,test
8988,10.586244970875596,10.719293,test
9073,2.03711002512216,2.0234883,test
8488,3.917099947606794,3.941929,test
13870,7.4402792006715215,7.383746,test
10489,17.579337322257988,17.533276,test
1823,12.318505674490956,12.197901,test
12820,18.15341331748111,18.28804,test
14498,2.2404389948271617,2.1795187,test
9217,6.097107245441458,6.132035,test
10736,11.534808809713226,11.452246,test
4702,14.092982284465675,14.137516,test
2709,2.155153296596969,2.1786385,test
17230,20.59731324326449,20.565914,test
2045,10.971113047147076,10.918246,test
14685,2.7675692021354616,2.8918872,test
5838,16.37757063010074,16.338877,test
16411,1.954912301811715,1.992219,test
13515,4.0692096064949,4.1884847,test
8317,1.946191466948199,1.9367687,test
17665,15.431785582465269,15.342363,test
7648,8.161532327004986,8.159244,test
6555,2.957888406023596,2.9133873,test
11008,4.77222800010957,4.761434,test
6255,13.100456804303231,13.051585,test
9980,8.11478685479654,8.19801,test
5916,7.074268090346592,6.84572,test
11144,10.365805844038295,10.487714,test
3767,11.917290825369394,11.970615,test
3499,21.067892371923527,21.039667,test
14705,1.2714890346114909,1.3781954,test
2008,15.768213666561216,15.820722,test
2417,12.141636035680332,12.145705,test
14320,0.991474319850212,0.96008605,test
8613,10.671175152604322,10.534225,test
17516,7.418252072477423,7.457378,test
4457,22.070395687718964,22.048532,test
1677,6.643603969174279,6.3721957,test
15871,21.109830361779306,21.125813,test
11817,0.6380853628721043,0.6449943,test
3272,2.719290809884241,2.6667335,test
15424,4.713241803467122,4.620377,test
6719,5.559641183919687,5.537118,test
14640,7.2919331385556925,7.15817,test
16346,7.661294496992916,7.6930723,test
6215,17.900229739729618,17.816263,test
1650,10.009726261137638,10.043631,test
11757,5.981875584117584,6.050638,test
2097,5.316184045351283,5.3281054,test
9046,4.546328529531087,4.5277405,test
1470,9.3090421921726,9.269568,test
4737,10.46083881607636,10.326209,test
17727,8.134640676058824,8.12221,test
5471,12.136624333761988,12.196454,test
12367,2.8423811116449595,2.9609828,test
13446,11.764647791425046,11.855383,test
19296,5.178878590524474,5.105761,test
12683,10.830941701492804,10.879409,test
17399,1.165812622814608,1.1016848,test
7754,21.137917371484587,21.139238,test
4025,3.9692317157206034,4.017854,test
5205,1.4978885880608528,1.5179325,test
8503,2.188620699876369,2.1839142,test
6129,4.630331824615374,4.517114,test
19066,7.843931325350405,8.0249,test
8138,0.6058945043695385,0.63193667,test
4063,0.9037053540351924,0.9179576,test
3787,9.478348265909109,9.4889555,test
9812,6.888260456139404,6.937293,test
5047,19.371858926581226,19.393492,test
12842,16.843658566170344,16.892656,test
5251,18.046325148123,18.03061,test
13381,21.15309453942397,21.228489,test
13552,1.0778418564094134,1.052802,test
8004,14.35397246675697,14.50362,test
6756,2.015779829293608,1.9592113,test
5254,17.825533041870138,17.841555,test
10979,7.884539782461274,7.8423104,test
6477,10.7191419612573,10.785372,test
3848,2.837629336117551,2.8073719,test
9671,1.3306224104237772,1.3342713,test
3686,0.5543300879711693,0.6710655,test
10896,17.77843294620159,17.766977,test
5712,8.727741890101449,8.655096,test
8812,8.315092841077655,8.405043,test
17759,4.064657156601321,4.05178,test
13940,0.943426166191966,0.9178062,test
1412,16.32944758917413,16.37263,test
13709,4.466546200234946,4.459345,test
10051,1.528234138032746,1.5299643,test
16102,13.421743049842853,13.449655,test
15782,8.260679779468283,8.216327,test
16673,16.496619306616754,16.473635,test
9518,18.243980683204608,18.23649,test
8556,16.434628042402554,16.242987,test
5394,2.104906813633409,2.1290362,test
2520,1.303602666858403,1.3215146,test
13609,15.796860804910803,15.768234,test
13858,8.891874936984262,8.85578,test
204,22.184084388288163,22.175482,test
850,12.982813328820136,12.994056,test
1304,5.9958101590937405,5.9851737,test
568,1.232316858984556,1.2162024,test
16354,7.101916105514863,7.0925665,test
15836,2.829673121278636,2.8035736,test
11399,3.2613430851531247,3.2581396,test
958,1.4141739759764904,1.3972999,test
35,15.903951979381752,15.813248,test
5973,1.632061514510448,1.7033999,test
2714,1.9825150084220693,2.015466,test
6763,1.550015487909285,1.5945995,test
9557,13.249820832920404,13.269495,test
1814,13.134338185614492,13.129102,test
15348,12.649841076665394,12.706971,test
6347,2.990979277629628,3.047912,test
7256,10.736605489701745,10.708281,test
18750,2.328698180200267,2.3188195,test
1169,22.18644428756648,22.282011,test
7234,13.343719092604802,13.301152,test
6369,1.2117569875804983,1.2731593,test
13382,20.592564202991984,20.506323,test
9494,21.312829362210284,21.34397,test
10740,10.623069644026936,10.650411,test
10923,14.363660432830194,14.260967,test
9272,1.1455665217223172,1.1005048,test
6911,4.861902795890893,4.779025,test
4964,6.8795619932002126,6.86173,test
13075,11.667914705931684,11.646992,test
8436,9.405049105600416,9.431116,test
5464,12.40950431932919,12.410896,test
13795,17.047794135084573,17.088787,test
2303,3.406660828292404,3.358362,test
15435,3.661435693955971,3.677974,test
12759,3.0089672160398755,3.0042007,test
7346,1.3113266781370712,1.278091,test
1240,13.044590009275195,13.332133,test
15889,18.306264326892222,18.35617,test
5560,3.29178793731536,3.2876291,test
2003,16.071010787392403,16.068285,test
13612,14.885425826683914,14.772016,test
2686,4.623760436855921,4.6131015,test
10743,11.485286580047388,11.333694,test
17782,2.1570651384598447,2.1442153,test
16025,2.8918903229772406,2.8776152,test
1262,10.538258394584954,10.5925665,test
8659,4.879705979096215,4.8807344,test
12284,10.62781100209354,10.572223,test
8389,15.296399367934198,15.277339,test
13522,3.4792005913420523,3.4606314,test
8303,3.0228863936537844,2.941633,test
15052,4.573844870075486,4.580378,test
13889,5.469171442550609,5.4746585,test
16765,6.016889804071598,6.0004125,test
15868,21.04476622999077,21.076235,test
9627,5.111414455876203,5.4834914,test
4994,3.81148454619605,3.8443582,test
10816,3.4168885511918794,3.4464457,test
4381,6.36665869420824,6.343247,test
15804,5.895260879856977,5.9126005,test
16324,10.19906149182171,10.250766,test
149,4.035174200258501,3.964168,test
12448,16.75551372253291,16.769274,test
19177,17.090516709195846,16.998877,test
16292,12.780541483064662,12.863914,test
14809,9.834211194501348,9.799455,test
7850,8.37016872261897,8.503092,test
2845,8.062813701868354,8.006323,test
12510,9.23571908528967,9.271583,test
7680,4.833132091847128,4.8090067,test
3073,3.253056558672155,3.250945,test
8910,18.9345823212311,19.016321,test
5993,19.05784982966482,19.043781,test
18674,10.459747602590827,10.613597,test
14200,13.362655423022796,13.268913,test
9041,4.856585469239296,4.8362513,test
15322,17.10079924653112,17.082928,test
10659,0.4230117122907254,0.41928676,test
6545,3.896186113617037,3.8603346,test
2433,10.132471814473872,10.341639,test
17618,21.15178927351269,21.132961,test
10631,2.553893091370856,2.5051682,test
16999,1.968805569886696,1.9112369,test
5438,16.80227990307228,16.526314,test
10066,0.4693194028897908,0.4221047,test
16799,2.8455527996713097,2.7297347,test
933,3.86338930244434,3.8733559,test
9142,14.418521767445023,14.32026,test
8752,14.194256386391752,14.355301,test
4481,18.281530264403848,18.341251,test
352,4.0543217941380165,4.0422597,test
17558,3.900860682614913,4.0088105,test
7566,18.436545471748182,18.444263,test
7684,5.003350832051723,4.9999595,test
10591,6.322661202397559,6.379355,test
18636,14.722931262433418,14.844582,test
1771,18.05176070300725,18.045542,test
18487,8.46947604356881,8.492117,test
18252,13.88907019691636,14.043025,test
15342,14.088498008003338,14.247676,test
9184,9.558383807282212,9.453132,test
9864,1.934996737622367,1.939624,test
7624,11.94298347595204,11.714858,test
8852,4.510110647144379,4.6109786,test
13286,8.72266408873454,8.671536,test
15290,20.177416687444182,20.222992,test
10068,0.3938201587272071,0.36785215,test
12343,4.814579852046,4.87362,test
18840,12.519287697358791,12.614768,test
7338,2.0529713132110183,2.0514977,test
5719,7.977127601630154,7.9998746,test
8650,5.672915590279982,5.576851,test
17631,19.57723189504312,19.630209,test
2812,11.638063651014544,11.692253,test
18620,15.577679529400257,15.57859,test
8238,9.96694132942357,9.988441,test
10573,8.183078339755333,8.101929,test
14532,17.924463150304824,17.772947,test
6379,0.5176127643464868,0.5129751,test
1044,12.93617395190772,12.894528,test
14541,17.594997031456003,17.514599,test
971,0.6378822418876542,0.62276846,test
2206,13.441293491104831,13.557529,test
7706,2.7074639753308003,2.7354941,test
15978,7.757829180388064,7.7504992,test
15571,10.660203334097684,10.507773,test
3998,6.98044747295757,7.0286674,test
2650,8.220220275235572,8.253614,test
17012,0.9415319876761268,0.892684,test
17800,22.006828911495624,21.947762,test
324,7.171002736849257,7.1752143,test
17511,8.474949330493828,8.482847,test
12515,8.78433059840425,8.773333,test
3435,5.862389240046506,5.9352803,test
1844,10.06310764314595,9.924794,test
4313,13.360024729226597,13.324442,test
16960,5.794929443062594,5.784119,test
9981,7.8560071733724035,8.05267,test
18934,2.8886341554523405,2.8594737,test
18085,10.718508080271082,10.650953,test
17061,17.65425585352057,17.600756,test
14647,6.839551584273674,6.756345,test
10605,5.004394706695281,5.1371403,test
15857,1.1616486009319484,1.1643747,test
11776,3.975474920766177,3.9641316,test
1344,2.131511190786078,2.1237233,test
10621,3.4297970011398613,3.4329953,test
14767,15.306522128916894,15.26394,test
3354,15.049797567113478,15.009302,test
240,17.06028417520822,17.019493,test
5246,18.419280168681727,18.412329,test
17168,4.66013858261322,4.716513,test
3849,2.735643922791676,2.71734,test
7186,19.76837145894396,19.75589,test
13057,13.912985437579856,13.887626,test
4621,2.714121891550944,2.7570488,test
800,19.2849288934967,19.310423,test
2109,3.9465763172581214,3.9587302,test
10838,1.5890533381881682,1.5749706,test
4928,10.635530276897672,10.623045,test
12875,12.508571838768123,12.559135,test
16495,13.718211033574486,13.723003,test
8913,21.11599395708098,21.117111,test
1310,5.038483186185562,5.0065145,test
1673,7.171724473644417,7.17262,test
10079,22.21225012292285,22.145363,test
13673,7.947486005663732,7.9508815,test
317,8.217570791984713,8.269041,test
1687,5.665441074928161,5.5253305,test
1754,0.3054009633835666,0.32941344,test
1719,2.8376857866697143,2.8950942,test
1178,21.1400075177274,21.170986,test
3625,5.384009936500876,5.597573,test
18340,4.500435043574427,4.49796,test
7855,7.956534551538807,7.952613,test
16967,4.517457617421484,4.5930686,test
18259,13.593016608137626,13.671602,test
17202,1.7902350010367691,1.7595714,test
17244,17.677654459294292,17.654547,test
16512,12.146518426072232,12.150586,test
11467,16.412501663911755,16.420332,test
16853,17.853165938186493,17.828165,test
14782,12.40968797832525,12.370322,test
806,18.04358292821384,18.017181,test
18421,15.211582916299308,15.356221,test
4218,3.95353306974676,3.9495523,test
16680,16.57051768745301,16.602333,test
13264,11.35899909454728,11.425062,test
18673,10.694208977326076,10.821763,test
18446,13.109279948122197,12.981353,test
19141,1.1517008446565442,1.1123514,test
8459,6.9966828371629495,7.012526,test
3215,8.50415504715174,8.568517,test
9653,2.974020108443795,2.9336727,test
13177,1.2587018307315558,1.2610599,test
12310,8.363908774953114,8.349796,test
7146,1.1796710338989378,1.2271212,test
8896,0.946685926891588,0.93715984,test
18401,17.193197334218475,17.212805,test
8440,9.193818521415302,9.226613,test
10038,2.662590546953654,2.8200948,test
14198,13.898498072813284,13.975559,test
11154,9.21376065766971,9.490738,test
17716,9.308722565136414,9.320332,test
13585,19.74772101430856,19.804216,test
8449,8.106560473275598,8.115834,test
823,16.213838288058778,16.307507,test
15069,2.874531668480864,2.884962,test
2536,0.5170254627437962,0.4933723,test
8769,13.263528425298183,13.377278,test
6963,0.4677958013247091,0.4405048,test
3497,22.48556914730707,22.36737,test
8665,4.576879575941042,4.704146,test
6667,11.60194859764728,11.5696,test
14141,20.01821063985591,19.939665,test
358,3.956689435209354,3.966313,test
5201,1.75372504064624,1.7526425,test
9798,8.300113186788536,8.306678,test
2323,1.6936541301953731,1.6641089,test
16872,15.789591786394434,15.748678,test
12645,15.259379645157807,15.225996,test
4724,11.409090313339377,11.548615,test
9262,1.9072773068392337,1.969326,test
17808,21.15480057993421,21.28606,test
15062,3.615315964173794,3.6480203,test
18988,15.306293602112037,15.4510145,test
12802,22.11766348988234,22.059185,test
4238,2.094463513055174,2.1082542,test
940,3.061413332295291,3.0743442,test
14743,16.510846828653378,16.551434,test
8090,4.821683011377427,4.7388797,test
3868,1.1333807806574516,1.0756278,test
3244,5.4347369343416645,5.4136486,test
7368,21.00029947961492,21.05519,test
194,0.4607213500953382,0.45931217,test
5305,11.554874114909149,11.46447,test
10729,11.828495264995462,12.009611,test
12715,7.310832823507906,7.3112316,test
6001,18.410858686854265,18.33419,test
8072,6.833692773846219,6.4381824,test
6,19.05573237692063,19.027966,test
453,12.611243810492027,12.63012,test
12355,3.671896847453784,3.7521875,test
4716,13.120384918006753,12.937378,test
7947,21.465824532519207,21.451378,test
6605,16.542926084800776,16.634546,test
18977,16.526326688153155,16.70703,test
6909,4.753461300452967,4.8159766,test
3364,13.84610779662199,13.762825,test
12978,1.8240377589950296,1.8173375,test
11658,17.706606296638007,17.689955,test
2009,15.5820190243272,15.620623,test
15284,0.9595317639270996,0.9791578,test
14823,7.842634351382875,7.898111,test
7503,4.9648578015271125,4.947827,test
9535,16.163420876139494,16.166441,test
12125,6.249893229221093,6.340794,test
2806,12.677896276882008,12.567384,test
2502,2.900318943816319,3.0363507,test
12283,10.81457736746435,10.862845,test
5434,15.272166561317665,15.344588,test
16280,14.370108830218124,14.216116,test
10943,11.874273131760887,11.859607,test
10435,2.0123913623177256,1.9596246,test
15190,10.03268620098285,9.986307,test
12341,5.112249709598872,5.1359925,test
4917,11.917910607251352,11.851673,test
11889,12.845330207110248,12.85381,test
16815,1.5001618809003452,1.5283471,test
9972,8.617080972364258,8.627814,test
14943,16.553509384709894,16.534283,test
16737,8.734136595196958,8.81154,test
872,10.370948072078672,10.467903,test
12311,8.133462563211282,8.234422,test
5371,3.9898835372179686,3.9884608,test
15973,8.205697531641391,8.276526,test
9505,19.78720619991108,19.925167,test
16448,18.55905856696609,18.420355,test
17784,2.1311579899369737,2.1442153,test
1116,5.278975547779754,5.3325152,test
8712,0.6569241996966135,0.7183943,test
13370,0.915177346648927,0.9401207,test
5049,18.67676473603673,18.634802,test
124,6.385156766808838,6.334021,test
16516,11.370699162602442,11.464927,test
8391,15.137458725025134,15.044838,test
15990,6.52104785435438,6.529534,test
2165,18.37974189677207,18.4413,test
2569,18.20661203069687,18.2232,test
16583,4.50290466634429,4.52553,test
1924,2.410248536876271,2.4532685,test
6788,17.870050496548814,17.596916,test
12687,10.051907287981594,10.048951,test
18373,1.5931788420604491,1.6190555,test
11517,10.700293437777107,10.627297,test
14620,9.443109180712591,9.3389225,test
1165,1.063267833261578,1.086805,test
9050,4.039599133414112,4.0594406,test
3096,1.360870959660573,1.4066479,test
14332,21.65818733439201,21.606161,test
18390,19.25804893039553,19.199514,test
11072,19.765516260495147,19.717194,test
8607,10.447050137614326,10.496217,test
7576,17.250934503893887,17.244358,test
12317,8.03951156899636,8.048588,test
14180,15.759279012433614,15.802794,test
18708,6.331521018617464,6.2803464,test
4529,12.619068404777751,12.6490345,test
4650,20.589980559197407,20.551058,test
4769,6.743485121071518,6.698355,test
9902,15.49172975188331,15.766806,test
4767,6.986893500192608,6.8845873,test
2339,21.85133982646821,21.812332,test
7112,3.949781936601497,3.99492,test
19282,6.92045899814493,7.1178417,test
2586,15.869682003359282,15.831052,test
16930,9.174867840771643,9.213859,test
2157,18.79679510435449,19.0119,test
1940,1.1143475402810628,1.1267061,test
18262,12.76418590226404,12.750148,test
18027,18.440525025250675,18.578047,test
17428,15.643775471283192,15.138594,test
466,11.008880345400287,10.933758,test
18683,9.48846927450696,9.610423,test
3370,12.992870950478366,12.92946,test
4867,18.31531119689549,18.328304,test
288,11.704295272303929,11.735064,test
10098,19.596367580408497,19.633213,test
15774,9.232654196367456,9.219396,test
17453,14.14280160938839,14.146668,test
4782,5.367368278198985,5.4193926,test
18138,4.943774592603612,4.9282155,test
12258,14.64562736627872,14.5778,test
9900,16.339072069220293,16.36086,test
13168,2.026663591180944,2.042016,test
17896,10.229441026935326,10.253133,test
6698,7.87678556446557,7.8009434,test
3944,12.463391065665824,12.5171995,test
15765,10.300295863375982,10.310244,test
17477,11.221543856751826,11.1730795,test
1126,4.323888842856006,4.348022,test
2162,19.49969211431951,19.498238,test
1925,2.347019628144663,2.3043966,test
15244,4.276926077832306,4.3776503,test
1577,17.264957191960526,16.83172,test
10678,17.81360058225055,17.838287,test
5414,16.964401031573175,16.925272,test
5785,1.7445098396424803,1.7328292,test
6069,11.109255029551166,11.210229,test
10353,9.431418527004196,9.434635,test
15425,4.615861456713095,4.604571,test
14026,10.781733549093964,11.069299,test
13179,1.224954553604214,1.2364874,test
2917,1.2557396621517094,1.2667775,test
4375,6.874331293791244,6.676292,test
9738,15.634360934781114,15.672126,test
9604,8.048334135835962,8.000977,test
7881,5.198457959169577,5.0397315,test
4318,13.705053484316958,13.7488575,test
9587,9.586257467729911,9.656469,test
2789,14.353553124234471,14.559377,test
3342,16.500309809372727,16.35652,test
16946,6.644586780487675,6.6889205,test
3879,21.499090894730244,21.450962,test
14584,12.424596021877273,12.383933,test
12537,6.144643361389499,6.1096716,test
5365,4.882450329619945,4.893932,test
1950,0.4086748877914032,0.43785226,test
2485,4.649456849741909,4.4638486,test
8764,15.235953153873586,15.339672,test
15212,7.525265494395053,7.6115885,test
17254,16.5428491347831,16.592348,test
15140,16.0445153874373,15.916249,test
14941,17.068244078020218,17.091646,test
9761,12.755838424927669,12.773043,test
12113,7.568602406157598,7.4835696,test
1917,3.0439365807917724,2.9848475,test
7429,13.123380713649825,13.127836,test
15943,11.738755411669008,11.8737955,test
1347,2.1061202334507927,2.1081731,test
8865,3.573306582995458,3.5833795,test
7210,16.399249962341017,16.402075,test
1434,13.532962209234114,13.540958,test
18499,7.1005401411385245,7.1087265,test
2437,9.853073840448229,9.620899,test
421,16.552565056782353,16.667282,test
18292,9.430777264003302,9.324172,test
7254,10.991406131793791,10.992781,test
18817,15.690565148227018,15.789135,test
559,1.9785251277876108,2.0852666,test
15892,18.236227433591868,18.257952,test
14131,0.5708757511439322,0.59135544,test
3577,11.874524696981396,11.845234,test
2029,13.050591602517038,13.173191,test
129,6.127641542105103,6.0971994,test
12163,2.995618931006073,3.0419588,test
16040,1.837715250760066,1.8700985,test
11791,2.953040538950293,2.9340448,test
1259,10.691395060303444,10.758009,test
12453,15.967537328676253,15.92282,test
16185,4.695917576548394,4.69242,test
18890,7.132167467080385,7.0961866,test
6016,18.378483182556177,18.335176,test
10477,19.60216148255889,19.591825,test
16461,18.913068085666243,18.89398,test
17180,3.799816422202068,3.7407951,test
3019,9.190064131229583,9.301038,test
4097,18.40827437215443,18.35378,test
9040,4.983708292479344,4.9934325,test
7540,1.3540443148333337,1.3498255,test
4126,13.895495951985962,13.79146,test
14874,2.929121834663001,2.972977,test
4400,4.503429841534127,4.549704,test
4972,5.9011768247918726,5.913263,test
16596,3.3081022668999287,3.295957,test
16423,1.0123596027668966,0.99738705,test
6244,14.35734358889805,14.227005,test
4905,13.721399326322372,13.690416,test
12493,11.243524134800396,11.226967,test
3462,3.0075650033244434,2.8939981,test
8286,4.77775222074159,4.796003,test
14679,3.4358069699901788,3.3128574,test
10484,17.465016272044274,17.337795,test
5817,19.310782493138383,19.140089,test
11634,20.59287044962845,20.788246,test
13642,11.430267038214415,11.374235,test
11636,20.347980283077067,20.414837,test
261,14.434980679846651,14.41438,test
1788,18.371195818291334,18.355816,test
14189,14.849306968856016,14.902338,test
13078,11.429969528184012,11.426399,test
12348,4.627271044825477,4.7757816,test
16543,8.610843476028151,8.614987,test
10463,0.2243924682805087,0.21587165,test
15596,7.735344267989791,7.7032847,test
4373,7.108692851195504,7.2054067,test
12530,7.0026231102627055,7.0432563,test
15806,5.766930871708372,5.795313,test
10206,6.156850570050015,6.144418,test
1913,3.3350272280318616,3.416789,test
6990,19.732340494012664,19.701136,test
11173,7.091754180255305,7.2696376,test
7451,10.60774145001556,10.626039,test
14690,2.431428604852917,2.3926547,test
14186,15.743988088928116,15.819266,test
6169,1.1237552353598184,1.1351371,test
4966,6.155558564015268,6.1506214,test
8065,7.138652087760827,7.2576084,test
1130,3.870111243679668,3.8722582,test
16,18.03183283601814,17.996054,test
17793,1.3348109140054567,1.3240477,test
19068,7.478003896798858,7.568534,test
13414,14.391553460832204,14.475796,test
15359,11.388147237032491,11.32937,test
13908,3.593662841445238,3.561732,test
5927,5.8474178736615,5.7458463,test
2544,21.04545114258754,21.124794,test
8301,3.5160225959759384,3.4809418,test
2530,0.6091288445120319,0.64180034,test
11543,8.096860582644391,8.117036,test
7478,7.228186425640008,7.251912,test
6706,7.123207195523098,7.056129,test
14283,4.091764135405529,4.0939584,test
6396,21.143964971796866,21.298027,test
18469,10.20374306994526,10.0224695,test
1508,5.0442484958228855,5.0004506,test
401,18.75125320899016,18.899868,test
3467,2.2231394122838912,2.3308966,test
15709,17.010336944472858,17.062557,test
3436,5.823221685443897,5.4875617,test
5509,8.491619115950048,8.417604,test
8152,19.885813983283057,19.59822,test
18973,19.54325048587408,19.40475,test
15557,12.122124334963292,12.183345,test
18835,13.885066414809176,13.868786,test
13472,8.368647064255681,8.27131,test
9145,13.752070757605605,13.789783,test
16422,1.081852005780713,1.0363954,test
18352,3.3386477866294144,3.3590257,test
1910,3.647284712098119,3.7189677,test
1734,1.5772097439372268,1.5894226,test
18582,0.2977965682808189,0.2964716,test
9647,3.121598279736273,3.282009,test
10252,2.0777302695287587,2.0940905,test
8759,14.324745496925797,14.349105,test
18993,16.34410658315835,16.116093,test
6343,3.5540795181212457,3.5305464,test
16671,17.386038959974528,17.339512,test
17178,3.749371092923412,3.7779753,test
17145,7.141227595831722,7.1165624,test
13360,1.607649716209897,1.6758012,test
18778,19.876256198366733,19.829836,test
11780,3.900321314738956,3.8768194,test
8149,20.199109480748778,20.115778,test
2380,16.489357631572737,16.444155,test
5559,3.4303571138872564,3.54107,test
13471,8.53199202283881,8.433798,test
4982,4.865985765778461,4.8809447,test
5873,11.539989422439785,11.648063,test
863,11.42991334322208,11.414719,test
16934,8.154436779657711,8.093043,test
5408,20.136355612045897,19.838533,test
13102,8.340664248517278,8.331428,test
12024,18.20333341599946,18.196684,test
18168,2.1131654872995584,2.1218581,test
1568,21.10948043096948,21.131567,test
15570,10.526092971855054,10.656563,test
18644,14.139383077992344,14.172633,test
14456,6.245044264979828,6.1429925,test
2299,3.812088202556256,3.7748933,test
3914,15.88020276508616,15.835686,test
2222,12.14782722231556,12.064952,test
17408,0.8235710623478134,0.8532098,test
10271,17.890517528868827,17.780445,test
17677,14.077178656751,14.08771,test
19265,8.433896180793889,8.494942,test
4940,9.33183747979428,9.342352,test
6828,13.048604810910868,13.156695,test
13720,3.40158322825893,3.3787444,test
7897,3.611947706926732,3.531006,test
15472,0.5758872339560663,0.59684664,test
1724,2.3574306290200355,2.3357604,test
903,6.923939038727897,6.9397144,test
2360,18.998618234566763,18.995188,test
8153,21.10731574194747,21.036861,test
1464,9.998891284379448,9.96527,test
5337,7.259856994697833,7.2569036,test
18370,1.787971936598143,1.7369612,test
4639,1.2001456487199027,1.2134293,test
3437,5.118672349887985,5.3379946,test
6210,18.443040403689217,18.4401,test
12469,14.106153444040238,14.180729,test
12425,19.101171123148152,18.95319,test
5314,10.418970712668148,10.382889,test
15529,15.171100819507773,15.285719,test
8527,19.13959456093516,19.339909,test
17540,5.558601678172415,5.520373,test
818,17.08046375454993,17.144762,test
15805,5.830437077690648,5.832641,test
1787,15.347198344404411,15.242865,test
10871,20.69513793509066,20.911785,test
8594,12.714220275873345,12.62078,test
4482,18.04281250007913,18.221657,test
7765,19.043133903227133,19.066807,test
10416,3.7232143757135465,3.6336362,test
4380,6.513393267340071,6.608756,test
18560,1.5927132157668238,1.5235578,test
14592,12.072045094474673,12.077039,test
4445,0.8647906737344364,0.8728496,test
9839,3.944943875344163,3.9194245,test
10899,17.349269553240855,17.436026,test
15962,9.457359262239736,9.454194,test
2532,0.5761369835030902,0.56610316,test
6362,1.8697731588358573,1.9045241,test
5469,12.879623804416934,12.925321,test
18638,14.067059079372276,14.081675,test
14075,5.469099403377306,5.3432965,test
10219,4.992752973625034,4.968267,test
4087,19.75364444386397,19.711357,test
18697,7.562552264063499,7.482001,test
3825,4.742772213869956,4.742745,test
13069,12.528441722367722,12.611551,test
8781,11.579738113588444,11.581967,test
10230,3.955816469559517,3.9668174,test
1053,12.024076324285318,11.97252,test
3964,10.239089307444251,10.217468,test
13173,1.327120333960241,1.3139019,test
15634,3.7396696811430856,3.7095706,test
10061,0.84597739196175,0.8551469,test
3434,5.90175907646095,6.028468,test
5145,6.89962836410529,6.877406,test
14489,3.10932388091202,3.1412394,test
6950,1.2886370455942493,1.3391044,test
12246,17.05104418996629,17.038061,test
16541,9.006505499180895,9.005319,test
1512,4.752741162573284,4.8037143,test
3475,2.0698794366745576,1.9954256,test
1922,2.55495035996372,2.563631,test
3392,10.447510270515272,10.423178,test
8296,3.7917370279379,3.7889478,test
5202,1.6885030266063632,1.7132896,test
15587,8.722803906101715,8.810523,test
4282,16.679780964699972,16.867424,test
5033,19.62175765753558,19.559084,test
11068,19.18769791162927,19.146482,test
15213,7.407363385214484,7.4788146,test
14135,0.5058551796655164,0.50597245,test
15362,11.66427662320504,11.757805,test
854,12.485102005096907,12.468438,test
17255,16.212089296442883,16.211266,test
17647,17.874062479170256,17.879868,test
16139,9.76339523738497,9.872966,test
15207,8.15665092754224,8.053062,test
13146,3.8929621154936807,3.9482274,test
8756,15.565155443718046,15.487931,test
12338,5.646124735751018,5.681092,test
12162,3.1109266115975203,3.1804345,test
12503,10.093687696297376,10.037517,test
7319,3.834957066812983,3.8466504,test
3114,20.32668694144136,20.316645,test
14217,11.684095555612808,11.746881,test
1174,21.673884970023508,21.466557,test
11346,8.719449907892665,8.707207,test
18592,17.630122450354023,17.742666,test
7102,4.857685014843986,4.9365478,test
12706,8.183537667341094,8.119229,test
5297,11.95599952219426,11.969078,test
15543,14.03832501597411,14.02853,test
12929,6.415406004352764,6.4206095,test
5181,3.4785202788532974,3.4456706,test
3805,6.6576255794847015,6.70084,test
2784,15.179962791593896,15.198209,test
18363,2.3825978268074874,2.3696404,test
6025,15.461536737250782,15.206388,test
2215,12.566298125684348,12.585013,test
11635,20.44267531471793,20.537315,test
151,3.778062965760242,3.854638,test
18509,6.102099085853959,6.205643,test
6881,8.074419164692141,8.127799,test
3652,3.121736240484527,2.9698486,test
3362,14.03497962086561,13.934308,test
3518,19.144836472658465,19.118868,test
11490,13.260618091925048,13.279599,test
3924,14.734016395696612,14.734334,test
10750,9.623403832131094,9.592614,test
16278,15.105765102890022,15.102099,test
7043,10.52543775760331,10.536056,test
6271,11.131697089429109,11.315503,test
1448,11.963592668552629,11.933711,test
1107,6.177550590136749,6.090169,test
6391,21.84555043484564,21.73235,test
17915,8.030964640552098,8.027972,test
17234,18.789975120662227,18.821793,test
5418,19.052208995101697,18.897915,test
16473,16.40361958652254,16.370434,test
15665,1.1135149381968246,1.1011757,test
2869,5.039952350947965,5.022665,test
18671,9.952254341938534,9.871506,test
7306,5.045309924935801,4.9798994,test
15063,3.549982182865845,3.5716832,test
3807,7.149131108122177,7.2359204,test
7636,9.81020438903737,9.743876,test
3821,5.3702265313873,5.3154716,test
11504,12.608705568809665,12.688164,test
17678,13.245576895557951,13.211369,test
13433,12.585116763708855,12.618,test
5528,6.611384698236386,6.534904,test
9075,1.8811307546512723,1.85434,test
115,7.292991129137819,7.232082,test
12496,10.80565558899915,10.851848,test
18434,15.13700947234754,15.20998,test
8081,5.812117750446656,5.607437,test
15330,14.369032403705274,14.492679,test
9560,12.956362750638917,12.968799,test
5085,13.364884301432058,13.303688,test
6275,10.7772214049366,10.4594,test
8354,19.669291758295145,19.678417,test
15536,14.660652141450166,14.726872,test
3404,9.173267968810494,9.168392,test
5561,3.1615034742064663,3.1548388,test
12919,7.45897492651016,7.454993,test
92,9.853777917951788,9.980873,test
18070,12.522867757520713,12.605118,test
6314,6.454561112980895,6.404904,test
12988,1.0788610190864585,1.0965116,test
19090,5.331820644056222,5.3762183,test
15440,3.300532325770948,3.3608494,test
2632,10.33393847114057,10.37202,test
17744,6.0208658781998325,6.0226274,test
7285,7.51517699023613,7.5602927,test
18731,3.96099037570424,4.003509,test
3353,15.155304705061877,15.124792,test
13206,18.00148101195921,17.954683,test
574,0.9035330016212844,0.838185,test
16265,17.621785358700063,17.584833,test
13503,5.238378034829055,5.224566,test
15505,18.55205591006055,18.544077,test
8912,18.55048472116883,18.509462,test
5830,16.95512615981375,16.866907,test
8892,1.2810494640445338,1.3647853,test
17380,2.8208318784381503,2.7514746,test
7106,4.931626497961035,4.86698,test
18906,5.64694587377075,5.673667,test
7936,0.4941201146842762,0.5062856,test
15124,17.42649450879287,17.560865,test
17038,18.859881293202047,19.024889,test
8231,10.782094396415523,10.781064,test
7783,17.088235107451403,16.990686,test
4422,2.503203768581449,2.5076666,test
2999,11.57451940210495,11.657035,test
15758,11.162290274767091,11.202884,test
14,18.53715640842557,18.662382,test
2715,1.9500182519740807,1.9830843,test
16168,6.808029373056851,6.867453,test
11720,10.354488826558354,10.170774,test
11842,19.70021256900946,19.591824,test
4991,3.906370351091061,3.9446046,test
4157,10.743578626411445,10.9715,test
13434,12.337964009592628,12.348966,test
2332,1.0051475059906274,1.0193344,test
14354,18.91739960971724,18.970713,test
7120,3.2868898342374875,3.3208234,test
9637,4.090518718725168,4.352065,test
501,7.612766918451475,7.536799,test
11480,14.318858838272948,14.305577,test
5428,17.937640434424864,17.619188,test
1519,3.955165573955943,3.952026,test
660,12.904713378144018,12.842174,test
14155,17.27029663501888,17.263224,test
11608,1.5777100867073843,1.6275088,test
11279,15.894333729881716,15.937518,test
7635,10.205212401637986,10.038839,test
1238,13.24000364007715,13.410504,test
14928,19.148759454425964,19.14391,test
1684,6.012094065262826,6.0137897,test
19021,14.418671273746227,14.552609,test
13711,4.225731381231996,4.161492,test
14996,10.740267958552218,10.825166,test
18127,6.0701266868918085,6.1755667,test
1537,2.5780676426076674,2.5503466,test
6938,2.2862567731044523,2.2420702,test
3149,16.82793610066422,16.875534,test
7544,1.3142955186081002,1.3332196,test
12680,11.484207509751355,11.5105915,test
18543,3.0064022623188,3.0239804,test
3590,9.745925371969564,9.631551,test
9210,6.897311593194224,6.8301034,test
18436,14.234053815235908,14.255621,test
13176,1.2756922535225683,1.2779188,test
10476,20.275758741939367,20.129581,test
5273,15.348024432504475,15.326508,test
3294,1.0121460271607223,0.9860832,test
4671,17.848392615460615,17.918194,test
6450,14.206501200528066,14.230022,test
16050,1.0957357418706042,1.1117592,test
15032,6.612513921471227,6.589276,test
16366,5.727353783211293,5.709763,test
1465,9.879264695686848,9.937855,test
7412,15.509860429247729,15.485997,test
4135,12.914923416607762,12.865333,test
6692,8.211930040742935,8.164769,test
5679,12.592299921037904,12.783203,test
19348,0.8297986294041048,0.83297926,test
804,18.44427467692181,18.45096,test
15021,7.792025636976773,7.832783,test
11016,3.879626943092792,3.8997064,test
15447,2.628984800016769,2.667812,test
4173,8.725511617471035,8.661137,test
2965,14.183892168678607,14.201831,test
11724,9.437035559349026,9.438116,test
11218,2.762484845449083,2.7529023,test
19160,0.1912449631884991,0.20381427,test
3206,9.462879514839646,9.571313,test
11317,11.93142330834164,11.995017,test
19246,10.32795697066996,10.342918,test
13024,18.019132824847954,18.028793,test
4352,9.331165062172898,9.424311,test
12254,13.657122969324982,13.709063,test
15198,9.172074572156667,9.000126,test
13020,18.410541005586733,18.419487,test
2704,2.839012096739268,2.8570585,test
7931,0.954959073607736,0.99226916,test
6435,16.503114121456033,16.285946,test
14568,15.928423213004274,15.891883,test
10286,19.73676566680139,19.702045,test
10720,12.609618024496507,12.949525,test
7197,18.225492565003048,18.229933,test
8811,8.536670472922816,8.4991045,test
16386,3.898114277560405,3.9430096,test
8539,17.32559651319138,17.404161,test
5715,8.452210162330827,8.29088,test
15146,15.729672863609128,15.58543,test
5006,2.189350307146472,2.2173817,test
2297,3.9024078458987264,3.9502623,test
8862,3.6262882234664793,3.7863882,test
5165,4.918949110209848,4.951719,test
12985,1.1740821015620062,1.1680244,test
70,12.689076125068278,12.74044,test
14577,15.192044924853802,15.214104,test
1821,12.826777002929354,12.73214,test
8289,4.569746197000941,4.6026654,test
8792,10.29667899326407,10.423956,test
7708,2.465093321541433,2.4922192,test
9989,7.357507610215929,7.326436,test
17729,7.246097696110617,7.21459,test
10403,4.61871701924362,4.6055264,test
14899,0.9619836798191768,0.95157677,test
3963,10.458527021689232,10.450725,test
3592,9.179446781193,9.055236,test
2866,5.874538202930053,5.871853,test
2724,1.208360036138426,1.2710683,test
15131,17.027079229199046,16.995525,test
8890,1.4135404983971018,1.4557518,test
13293,8.05526796488079,8.077868,test
11087,16.99515968098594,16.97367,test
18754,1.971443858612846,1.9422776,test
8439,9.246121515620176,9.244101,test
3134,17.998595006409314,18.05029,test
10308,14.786339358717726,14.73184,test
16036,1.982657167010248,1.9919759,test
19125,2.397824614801116,2.441908,test
11851,17.010702338135776,17.21704,test
9709,19.363457975436138,19.373798,test
10527,13.683267893247905,13.682268,test
17656,16.65015153318827,16.681772,test
7057,10.093024745534628,10.161772,test
17006,1.346004489543675,1.3326577,test
11532,9.464120110783467,9.503078,test
9410,7.043130093168125,7.15609,test
14802,10.198513880139874,10.276029,test
16059,16.408954127712526,16.383677,test
8441,9.141801404636064,9.151298,test
764,1.9607711495628617,2.0002866,test
11088,16.87752204229264,16.76526,test
10000,6.096435891806603,6.1324844,test
1452,11.42147268750394,11.3895445,test
12691,10.117747375721022,10.02989,test
5336,7.297231283668599,7.319973,test
15908,15.975498395919628,15.956153,test
847,13.267875673829504,13.13874,test
15411,6.1342311040420405,6.151833,test
12790,0.572491889323677,0.6005557,test
4470,19.78060006979714,19.753582,test
7969,18.729435547002183,18.600025,test
8549,16.26510287347316,16.436554,test
16500,13.994447446007849,13.993782,test
3882,20.1151462679505,20.154945,test
16562,6.650291384503931,6.6782956,test
11353,8.079874886377112,7.9899583,test
4850,20.55636674258061,20.513083,test
10918,15.0151408188001,15.012512,test
8435,9.45884476318727,9.448426,test
12958,3.549982182865845,3.5716832,test
12661,13.859834097021489,13.720573,test
1234,14.092489574677248,14.097266,test
10623,3.298141684612511,3.128787,test
4067,22.49711840198865,22.467842,test
13832,11.473124714940422,11.437049,test
2945,16.31925793491589,16.393028,test
7248,11.714857684421512,11.7537155,test
2443,9.00036487021162,9.158577,test
7502,4.986011043947431,4.9688506,test
9570,11.744279904744468,11.749661,test
10365,9.458114841435895,9.537448,test
11415,1.812458809570843,1.8042873,test
13703,4.92741079936117,4.9385653,test
11684,14.251186054615712,14.509638,test
18402,16.905911995191627,16.822065,test
15740,13.281089103885506,13.276981,test
19122,2.755596098217824,2.667108,test
7973,18.439812170576744,18.486378,test
6350,2.814832660731533,2.9200187,test
12171,2.391573097316251,2.365719,test
18639,13.747784510866364,13.81386,test
6072,10.435475525409826,10.520924,test
17115,10.420471918479643,10.442697,test
5261,16.752350697781896,16.723099,test
16147,9.47866235028798,9.657889,test
4449,0.4226253481220134,0.40536526,test
17600,0.3227551963576538,0.33620176,test
11683,14.367108287603052,14.55959,test
10710,13.5842339168885,13.735297,test
1775,16.696479558776947,16.74408,test
14290,3.4916297566159176,3.4244235,test
8996,9.93734576983444,10.12941,test
4752,8.50484714878965,8.56336,test
4118,15.533065459628409,15.585305,test
2398,14.499985422366647,14.456772,test
11524,10.21693267404613,10.219822,test
9087,0.987874984534433,0.9492409,test
5340,7.154697795102405,7.1899467,test
10686,17.929751176357048,17.785189,test
7160,0.3073313940320397,0.2976289,test
19117,3.0211747941256903,3.1102488,test
12253,13.87368998330428,13.911618,test
5367,4.08649488748851,4.0634,test
4945,9.038514164980526,9.061004,test
12072,12.11129661481339,12.133243,test
11583,3.8031451206259774,3.8137393,test
3136,17.4363355459219,17.580002,test
1080,9.18803381155227,9.373919,test
16687,13.915942097831312,13.925331,test
13789,16.889438182380406,16.862276,test
12352,4.02491692692661,4.0899568,test
5706,9.540428116538669,9.638211,test
6132,4.274394457794614,4.1299415,test
5270,15.538650043873895,15.543672,test
1410,16.70244946756608,16.718418,test
4683,16.046885888462974,16.131418,test
10422,2.9696876420091267,3.110177,test
913,5.865504329755344,5.8804,test
11554,6.800535394494216,6.765539,test
62,13.199896959198233,13.07324,test
13327,4.425713985624173,4.4344606,test
18126,6.164229813056904,6.3049865,test
1708,3.929414455367559,4.090242,test
17525,6.590511594157234,6.6762624,test
15509,17.41309449107116,17.60247,test
12364,2.918653443056062,2.9088206,test
12740,4.861227197688578,4.847182,test
3154,15.620418784886136,15.740126,test
3809,6.767983342683956,6.899395,test
8696,1.7213483511735044,1.6901184,test
15040,5.752176394945711,5.7733502,test
5569,2.535765372095146,2.6294303,test
4963,6.926699138867058,6.9862857,test
9793,9.03602930787891,9.04879,test
18883,8.319830956730646,8.363715,test
980,21.117157933218447,21.143925,test
17084,14.185028948612356,14.225351,test
5676,13.21539856456266,13.157645,test
18955,1.131291025646257,1.1214849,test
17203,1.7142864870379435,1.659854,test
7937,0.4687206978956261,0.5110908,test
17984,1.2982565783780382,1.2723558,test
5276,14.511487105051197,14.475157,test
900,7.147166278111654,7.175558,test
174,1.810993910069686,1.8207285,test
16710,12.783309150277908,12.838045,test
1692,5.316140314059894,5.35308,test
17270,15.395916666938923,15.466819,test
3043,6.146497720232216,6.091806,test
13984,15.45377670061541,15.443055,test
9549,14.27999001912449,14.296213,test
14898,1.013016413924609,0.97417337,test
4950,8.185726555634231,8.205318,test
882,9.221238838457204,9.332072,test
266,14.238863970307314,14.304016,test
4149,11.618045777385534,11.764367,test
6936,2.444177584372007,2.4525754,test
13550,1.154252336205127,1.1242129,test
18994,15.681275072968475,15.5835705,test
3379,11.853914820166434,11.764454,test
15113,18.875789821245228,18.912481,test
3330,18.02221280982702,18.024677,test
4511,14.635559055959678,14.6749115,test
7143,1.442242826786876,1.4070104,test
3208,9.5100023237343,9.520151,test
13885,6.017471128300043,5.965078,test
4256,1.009306987007257,0.99076617,test
9733,16.164573865810752,16.162462,test
5075,14.478416604217816,14.430998,test
50,15.05858412827267,15.2070675,test
1222,15.409124343800558,15.551925,test
533,4.26700158058733,4.490716,test
10727,12.3130455332867,12.342693,test
755,2.771861452589724,2.778614,test
10229,3.983765761671489,3.9820871,test
7610,12.03761127354397,11.98161,test
11157,8.903053114434456,8.965206,test
9404,7.712919090897039,7.5406985,test
814,17.24711661573664,17.28256,test
7877,5.562025128055066,5.601404,test
18089,10.332047700959464,10.346037,test
14235,8.852824018192353,8.842593,test
4240,1.9976750858524144,1.9989897,test
348,4.954586600590685,4.9582224,test
8344,21.023850171306364,21.033615,test
17834,17.56505337124264,17.497171,test
17090,14.138733954396416,14.057673,test
9229,4.928595857128119,5.0063357,test
11219,2.7284039534364366,2.6686347,test
4410,3.55531648495366,3.4505153,test
11806,1.3408681337879254,1.3322259,test
4796,3.898925045096865,3.76468,test
15116,19.73419437618362,19.511555,test
12155,3.5967822283799102,3.7183824,test
11311,12.140437040744594,12.226769,test
2740,20.591653575166205,20.648441,test
4983,4.829232990845095,4.8526917,test
3566,11.195293204411469,11.429646,test
10244,2.910333256488003,2.9379838,test
13540,1.9098353346986408,1.8427805,test
7161,0.2889634677240753,0.2976289,test
8370,17.751275968662796,17.716549,test
3089,1.901547931045282,1.8684057,test
11413,1.928097285487937,1.907717,test
2442,9.082343009659535,9.241514,test
3675,1.2147704923412406,1.2668583,test
13066,12.790910843059375,12.82278,test
4079,20.372476896582548,20.290926,test
1134,3.54938601089332,3.5677137,test
9359,13.017533844508185,13.188803,test
13660,9.62260739979584,9.564463,test
4810,2.6763154046177093,2.6548414,test
414,16.622855766825793,16.61921,test
7130,2.4325127767197943,2.4827597,test
7974,18.20211535700901,18.179527,test
7933,0.5761210976295519,0.56513333,test
12262,13.110725352429093,13.183246,test
11295,14.801934559652556,14.770438,test
13007,20.10225593723894,20.01377,test
5750,4.70666496555528,4.7021813,test
7305,5.414752772355625,5.4344444,test
6713,5.998281630946044,6.0270348,test
19349,0.7859006675513713,0.8018201,test
12048,17.0839213357244,17.123884,test
18337,4.860563977958637,4.8920684,test
18271,11.891343685666268,11.84134,test
11611,1.370467791761172,1.379993,test
4855,19.849800514596254,19.860025,test
13890,5.338843055669481,5.3212147,test
1616,13.064993335353924,13.092317,test
1042,13.373859368730574,13.268515,test
14134,0.5218419014910439,0.5160652,test
5234,20.42292937097611,20.423445,test
15663,1.1663173781004623,1.1310399,test
15901,17.08151176822728,17.058218,test
6123,5.113596193679827,5.012773,test
1784,16.068956551379284,16.089571,test
10973,8.315749804238036,8.251656,test
6533,4.924725280674863,4.9165926,test
16455,18.31251556905196,18.607738,test
8464,6.114222454228159,6.114419,test
5880,11.033836046326336,11.029325,test
8018,12.721432233590972,12.844945,test
15082,1.8672238110193848,1.8414901,test
10356,10.152927523564356,10.244705,test
11771,4.870756440012072,4.8166323,test
18297,9.299319399321067,9.378965,test
16820,1.0563047399508156,1.0131068,test
5565,2.726335797251702,2.7037067,test
11207,3.715475499227977,3.7414258,test
3243,5.540054911174738,5.518498,test
10269,18.83291078600504,18.802082,test
8585,13.467110084956396,13.275005,test
8329,1.115055289760181,1.0866526,test
4026,3.859179719676644,3.9244068,test
5306,10.790039397779596,10.9670515,test
1739,1.1465760088522143,1.1356802,test
11083,17.94102305588615,17.94945,test
14348,19.529545862544943,19.613924,test
15444,2.8252934034670982,2.7550285,test
1736,1.4552442838787878,1.4305838,test
10298,16.376039336911262,16.455729,test
2978,14.418337500809937,14.456663,test
262,14.395181159820682,14.395431,test
11699,12.746449577928336,12.631461,test
1826,11.763465445374678,11.772139,test
7271,9.01641893739414,9.011754,test
8179,16.7454367847144,16.828308,test
17833,17.68675969745499,17.614029,test
13127,5.87948435247676,5.9074907,test
10933,13.108548754433103,13.016206,test
6540,3.991508277230732,4.0029073,test
5707,9.387673375477243,9.581911,test
6327,4.9611758694163886,4.9121976,test
16179,5.539342997959718,5.4728537,test
16319,9.927369599779013,10.00504,test
15967,8.9623950195035,9.00109,test
3034,6.978648092967269,6.9388623,test
12566,3.1718972769007028,3.1507564,test
5818,18.919236241240466,18.824795,test
10634,2.391303833950314,2.2853034,test
19333,1.8586232909144,1.8439441,test
10595,6.076661010127987,6.3056984,test
13091,9.569552241449662,9.557557,test
9109,17.779693324942482,17.841566,test
5118,10.31599732535441,10.416058,test
12837,16.808999358312725,16.79567,test
18404,19.765407853134416,19.795557,test
7187,19.55305598003363,19.610579,test
6410,19.302147222373023,19.306202,test
2722,1.2580855620181766,1.3054389,test
12932,6.022813370786726,5.989782,test
11227,1.946767852300176,1.9745821,test
12799,0.0551260718560086,0.21290213,test
1149,2.1093034419870245,2.1048949,test
10965,9.311450698881632,9.2459955,test
7919,1.7584264688309066,1.7299262,test
17200,1.9453807351087875,1.90353,test
14713,0.7438504618327401,0.7872189,test
10105,18.953241931107662,19.031075,test
9170,11.399694986630454,11.335214,test
11904,11.516889370764886,11.517291,test
15061,3.681155063007969,3.745477,test
3569,12.416296880810776,12.355168,test
15026,7.223267686239343,7.2127686,test
3046,5.614260495249371,5.6902704,test
763,1.993479515183613,2.0208943,test
10836,1.7303568599292574,1.7974769,test
4829,1.0951665596289986,1.0815523,test
5452,13.877918637817544,14.057478,test
10383,6.490832896930439,6.6180463,test
3962,10.686934373648253,10.62678,test
11815,0.6527053844860304,0.6449943,test
1743,0.932265780536942,0.93105865,test
5689,11.410436943677176,11.564183,test
15906,16.287603220874807,16.247375,test
16255,21.123011349476933,21.155197,test
15035,6.318041596344692,6.2982388,test
13215,17.128846400133593,17.055386,test
13722,3.197760327400126,3.1734421,test
17695,11.713599780139658,11.718223,test
9283,0.4757639781343728,0.4386012,test
9628,5.068843484321025,5.373067,test
9420,5.967611834318502,6.032413,test
18479,9.15580938575902,9.102365,test
13110,7.878675492064365,7.912909,test
2233,10.754366565584144,10.73219,test
4266,17.645284557239563,17.407967,test
14441,8.23507664889215,8.202517,test
13845,10.665652931362027,10.752873,test
17224,19.867544431692576,19.786228,test
14913,19.844610569030177,19.79856,test
7407,15.75221539798764,15.737143,test
1681,6.501675685347701,6.595448,test
7179,20.42737471358805,20.387297,test
5654,15.303680108269551,15.117128,test
3521,17.558584839560954,17.649677,test
3150,16.581900948982607,16.613712,test
6246,14.48431834606493,14.387278,test
12198,0.453807689993418,0.45858398,test
15862,22.28025922578887,22.347776,test
15018,8.133559889398251,8.139905,test
13607,16.421889826973292,16.45076,test
5402,1.334752534141484,1.3436669,test
18102,8.862947648341564,8.84253,test
8664,4.752126380682615,4.860883,test
9035,5.717103023598191,5.6990657,test
7245,12.032849738130556,12.00877,test
16700,14.030905287267188,14.098028,test
14139,20.98639882128949,20.966284,test
6820,13.497242787953745,13.817396,test
458,13.18455432738794,13.148405,test
13502,5.347815350014863,5.280858,test
3283,1.80675268107483,1.7493354,test
1087,8.213980423254423,8.102234,test
3845,2.966434458512337,2.9996598,test
6321,5.645068284104984,5.588578,test
18602,16.75232187204353,16.727821,test
5714,8.532993571853561,8.368044,test
11348,8.390641345124344,8.417447,test
3553,13.299123261035472,13.354717,test
14256,7.152024771733517,7.1447606,test
18342,4.266711016191676,4.2855697,test
1986,17.817425853204526,17.851856,test
5995,18.75730036553614,18.27839,test
973,0.605334761580536,0.60392827,test
3048,5.996135643544076,5.9937153,test
10410,4.060643008829032,4.233324,test
2105,4.487570879160603,4.506395,test
2264,7.259111722705929,7.1961575,test
18548,2.516681246526847,2.517255,test
15510,17.134022148568143,17.45577,test
5190,2.665230137791857,2.6593995,test
16964,5.048766288154106,4.9278955,test
2645,8.915784660827928,8.957455,test
1177,21.52544196563176,21.213013,test
6102,7.245944692226052,7.2217712,test
3356,14.84187572359118,14.740339,test
13701,5.197321570432224,5.154657,test
7594,12.76804602819599,13.006758,test
2327,1.447214823575499,1.5079045,test
11948,6.3689400707724415,6.4157896,test
9523,17.601658944891202,17.510254,test
16933,8.403638695701892,8.332487,test
6839,11.771887463777508,11.889353,test
15373,10.253228799359896,10.322507,test
12377,1.953819538095594,1.9762398,test
1230,14.282556802294987,14.592387,test
2549,20.858047800206,20.81107,test
8785,12.388992362598414,12.401484,test
11966,4.5758309869068245,4.5958405,test
5192,2.5003305875491737,2.5202029,test
5870,12.198799798106432,12.079912,test
1944,0.933060147660523,0.96189946,test
14448,7.248451672425937,7.2437725,test
829,15.621276302249733,15.64254,test
2894,2.955412013697981,2.9841266,test
14329,22.05164785786339,21.98705,test
18706,6.657863063221791,6.697305,test
116,7.1861844511790425,7.1236463,test
12182,1.5334679337116215,1.5096496,test
5800,20.518906360611133,20.592203,test
12189,1.0437773003784845,1.0659555,test
2723,1.2329961356635664,1.2878274,test
11925,8.9905467770538,8.935367,test
12561,3.855020097374609,3.8576622,test
8219,12.115269538294251,12.031559,test
18764,1.160146811440447,1.1330252,test
7263,9.950383829389784,9.957098,test
18038,16.537109845066425,16.427652,test
13544,1.7018763384269495,1.6577771,test
10828,2.3636588343929694,2.377144,test
4031,3.4883400537435976,3.4362457,test
11334,10.231305514802074,10.243107,test
5867,12.877884919615736,12.76565,test
2341,21.3441814944392,21.121782,test
17642,18.18591202439162,18.15105,test
2347,20.4844881898802,19.779028,test
8380,16.476650245201785,16.459084,test
11246,20.36324028192987,20.383532,test
18178,1.3073096330462932,1.4396983,test
5678,12.788007540192512,12.922074,test
14821,8.260175281816126,8.28397,test
6891,6.97207605406005,6.933897,test
5348,6.130280376370989,6.1470838,test
7317,3.9583156338490606,3.948527,test
2760,18.017616749675607,18.076069,test
15520,16.045673663828474,16.351374,test
14118,1.3200277760971906,1.4054925,test
11290,14.52367618822871,14.556826,test
7715,1.964304216865455,2.0278316,test
10810,3.8766033247944094,3.83284,test
15689,19.453866837896427,19.464973,test
12810,19.14609067428688,19.203773,test
4636,1.3291447642060754,1.304557,test
3741,14.183426397605782,14.119086,test
11969,4.265545102748011,4.2788935,test
13836,11.663959960724313,11.793095,test
16499,14.47831241206024,14.574945,test
11412,1.9878861766612024,1.9467107,test
792,20.097232494090694,20.052683,test
4323,12.315431382938126,12.339487,test
11707,11.622726248422378,11.654727,test
12259,14.17348747055422,14.201444,test
7626,10.916565018776977,10.943857,test
17035,19.97455503085211,19.929749,test
4876,17.106884137767036,17.157051,test
13818,13.601610132202673,13.62861,test
8073,6.165908550742409,6.357948,test
16191,4.26548545115961,4.296356,test
1011,17.14322283722996,17.314634,test
18597,19.04970710181968,19.032146,test
7860,7.314093532191845,7.46425,test
10878,19.981680028198657,20.015768,test
7761,18.073827320364217,18.265598,test
15226,6.033784975486937,5.915286,test
8493,3.095202062730196,3.1054227,test
17539,5.778530062095732,5.8025346,test
5307,10.74191244899901,10.810777,test
13557,0.583155692880951,0.63146263,test
146,4.257299493612432,4.3177867,test
9215,6.297104094722586,6.3129025,test
7222,14.839279318277203,14.814314,test
6888,6.768633994813722,6.8142467,test
10209,6.046088333685202,6.0237136,test
3460,3.05584406615284,2.9738004,test
11512,11.899031593147974,11.946192,test
1691,5.475555620939135,5.5526166,test
13754,0.7747591351382119,0.8106443,test
12824,18.844359277633405,18.8369,test
3886,18.82518039894404,18.581366,test
11822,22.43439714689169,22.344793,test
5280,14.274103066670008,14.340161,test
10794,5.648891003507292,5.5863595,test
6454,14.03697153643078,13.821236,test
2037,11.834294592984122,11.75426,test
2139,1.2682446237995555,1.3103685,test
4073,20.177954399831155,20.181004,test
1622,12.75728259002058,12.873223,test
18341,4.382935706589084,4.352315,test
18631,14.174977383018476,14.219876,test
5898,9.077499398979286,8.945119,test
777,1.1202866535452307,1.1921868,test
18314,6.954707610338144,6.9201937,test
16908,10.284136822297102,10.471777,test
10408,4.345686291728626,4.306349,test
8808,9.24452856534582,9.187282,test
14209,12.421080754284684,12.446678,test
5925,5.960336567361855,6.1032414,test
5058,17.734893728064886,17.738882,test
2314,2.4358039695999074,2.4512615,test
1095,7.391123471425898,7.297791,test
436,14.16059501105502,14.227427,test
14022,11.102195734586903,11.0421095,test
926,4.674415031489986,4.744144,test
8249,8.744884432720768,8.764096,test
4941,9.27277330818096,9.263725,test
9592,9.272913290111058,9.280917,test
6393,21.73020699666466,21.48441,test
7490,6.082638181189956,6.0758963,test
8063,7.270401935025039,7.4993553,test
14427,9.575675737372464,9.566991,test
12871,13.21633907522645,13.226913,test
15174,11.676702284155148,11.740836,test
16172,6.030688768296074,6.0356545,test
8956,14.634756485835815,14.572234,test
10803,4.811055492738404,4.722602,test
1396,18.042927881017064,18.123175,test
5419,18.25986161970657,18.230202,test
1407,16.645412366801903,16.619974,test
1017,15.619455106562008,15.51254,test
177,1.6642820916373082,1.5140905,test
17633,19.43920517420906,19.455599,test
14170,16.96108150959089,16.939419,test
10858,0.335117260757339,0.33862194,test
3493,0.6250415835348708,0.6242014,test
15759,11.060011434169311,11.101316,test
6818,14.072554509104917,14.118146,test
2754,18.912659047365143,18.915075,test
315,8.269095186120467,8.316493,test
7019,13.620031966682058,13.723141,test
10249,2.1342099137543387,2.1423283,test
16262,15.49560023979836,15.8154125,test
7399,16.9491136252977,16.943274,test
6632,14.68324005170365,14.6563,test
3709,18.647116643366843,18.633263,test
4220,3.807076449135028,3.8086982,test
5919,6.692579047042132,6.6535954,test
8445,8.299389514433736,8.26699,test
5532,5.790272763294516,5.8668404,test
10109,18.17476475370004,18.15286,test
4364,7.995883656258461,8.04501,test
5675,12.90892828889244,12.512235,test
1670,7.780874937406216,7.8543844,test
14094,3.626854041750899,3.5669997,test
13593,16.915464761967854,16.880192,test
1239,13.128956742531672,13.348341,test
6254,13.171612543359108,13.192931,test
8364,18.331457833544544,18.339071,test
1941,1.0630260624868024,1.0702668,test
17635,19.302659910077512,19.368515,test
1457,10.771403660856066,10.824591,test
1233,14.125966451841869,14.252803,test
15045,5.314982313551244,5.33717,test
6221,17.066812785394532,17.150263,test
14260,6.519161628611804,6.463996,test
11835,20.01689564152615,19.944946,test
496,7.867949797978332,7.792477,test
18345,3.925701597423525,3.9753916,test
7364,21.89593417528927,21.941189,test
12831,18.42372632270645,18.420317,test
3649,3.560123381119905,3.4356692,test
13943,0.8053085500348174,0.822786,test
3085,2.1908584446304045,2.225168,test
14055,7.494607402991595,7.445665,test
17906,9.0953706265211,9.062543,test
11810,1.3009255494085692,1.298092,test
6835,12.828929374691816,12.880907,test
3719,17.411248501830066,17.458982,test
16818,1.3084575230347837,1.4054023,test
9121,17.807697192899592,17.798874,test
18376,1.2275768363823487,1.1901329,test
11749,7.002005648158629,7.0282354,test
17960,3.0654183590974853,3.151072,test
7191,18.73231194069775,18.780418,test
14478,4.095684517742423,4.1083174,test
4545,10.49230956639871,10.508079,test
14011,12.397939785737597,12.411872,test
386,1.3453694788931874,1.3515583,test
1715,3.110044503176161,3.1415248,test
18472,9.706245594093993,9.549189,test
6626,17.02268120266805,16.938526,test
5379,3.080663034741297,3.0589523,test
10938,12.586732093787145,12.643002,test
13910,3.391980267415428,3.3666492,test
13117,6.948719035086223,6.9898543,test
3682,0.7937603863131095,0.7979675,test
4679,17.337113114215594,17.353224,test
7522,3.029240603250596,3.0254633,test
17750,5.060749077213403,5.014031,test
825,15.885378470137503,15.961574,test
8972,11.974487427481348,11.788414,test
8054,8.328874475537116,8.507504,test
7932,0.9205660725452904,0.9806646,test
18020,18.750885060271937,18.755045,test
14493,3.00237953568466,3.05242,test
8237,10.095565139841446,10.120966,test
12003,1.2335722996001506,1.2120887,test
12662,13.57431421434412,13.472366,test
3179,13.002739365335698,13.063602,test
462,11.753896033186852,11.753402,test
6564,2.0955246560572136,2.1248453,test
14429,9.475123432118092,9.490967,test
19080,6.251867319040638,6.2291207,test
1926,2.288259678723306,2.1292083,test
5200,1.8198042356181807,1.7943085,test
18834,14.170662009759472,14.158014,test
8057,8.135684650094953,8.088852,test
5014,2.017818772691052,2.0257134,test
3411,8.211120883652741,8.201275,test
7821,11.504455359459053,11.409357,test
525,4.989732858580672,5.018763,test
9393,8.908052190355408,8.966788,test
3369,13.079295374620834,13.106403,test
656,13.210422269696505,13.25072,test
17957,3.8196562142294095,3.6649122,test
1168,22.52139303712064,22.517338,test
4314,13.162508891615808,13.161295,test
3971,9.777693758886908,9.709584,test
14599,11.985054199944896,12.0112095,test
6573,1.3098154903038248,1.3302757,test
242,16.966192706104906,16.953419,test
9276,1.0033850731916008,0.92098737,test
17332,7.769572461897043,7.7639165,test
8476,4.983663746740237,4.9593596,test
11181,6.526525394044872,6.316855,test
15718,15.9439826552429,16.033957,test
15922,14.349662587439116,14.356704,test
13926,1.9498815467719133,1.9013321,test
6712,6.144531051266076,6.0891933,test
8994,10.430091826401082,10.378325,test
13138,4.807847189517727,4.8640475,test
15713,16.733116054162807,16.747257,test
17912,8.17955001463563,8.165144,test
8829,6.928317578519788,6.928869,test
18378,1.1289596807470534,1.1258675,test
15456,1.8613964034279973,1.8784033,test
8046,9.331503117595856,9.376263,test
7848,8.598797079040198,8.685624,test
17471,12.839193497659876,12.935977,test
15152,14.377320246427614,14.477258,test
2782,15.288925786519252,15.466112,test
16502,13.286080500700352,13.2799425,test
17951,3.989937833998613,3.9333181,test
8875,2.640744189366836,2.6272116,test
19138,1.3878437722824537,1.3140215,test
13250,12.407274522690908,12.428195,test
15344,13.513219484079984,13.539417,test
16547,8.062923370971822,8.166151,test
13457,10.365939286390692,10.379847,test
3628,5.776625125209255,5.7141166,test
9939,12.701692046892877,12.479752,test
6022,15.953585562635928,15.99579,test
2237,9.90133382256434,9.9527025,test
10509,15.366098132943518,15.427821,test
13416,15.80348075100763,15.881912,test
13656,10.470951954506855,10.589341,test
2849,7.193371266163917,7.2230453,test
8120,2.045443246112836,2.0300791,test
16415,1.5675962977402154,1.5226456,test
15816,4.741099450944688,4.7750273,test
4030,3.595394701108192,3.5184603,test
16038,1.909702195150408,1.9395776,test
1751,0.3677668210771917,0.3937655,test
13629,13.356636217902585,13.250745,test
12627,17.442794416456305,17.334745,test
9618,6.126072846744429,6.458841,test
6701,7.33589445227675,7.264062,test
9678,0.6628495401818969,0.6650556,test
4657,20.63533368215666,20.561855,test
10434,2.0129705030994494,2.0262258,test
3018,9.444317472775596,9.554261,test
10941,12.294309418091872,12.434695,test
15135,16.027113674014704,16.239786,test
14670,4.253694643282228,4.233942,test
12266,14.444536735469836,14.4300995,test
6225,16.687817484489976,16.383018,test
9151,13.49908806980943,13.480467,test
15015,8.405028858113306,8.473506,test
1626,11.981255298116109,11.910652,test
9254,2.6230184312352884,2.7066643,test
15287,21.62527108163612,21.62679,test
1321,4.008581982466343,4.0283966,test
10694,17.51446251887695,17.407555,test
2802,12.839109092108092,12.935786,test
3664,2.0340457863836434,2.0528865,test
4406,3.983442967942232,3.9705667,test
14321,0.939768287644228,0.9569857,test
18721,4.891016020596029,4.9348803,test
12379,1.772395659033068,1.7602199,test
3716,15.248672094935843,15.554652,test
17050,19.34201224130461,19.35678,test
5579,1.7056540106812648,1.7276052,test
10857,0.3625731050884963,0.37624854,test
16376,4.796702295706415,4.796249,test
8086,4.96129246928426,4.9837008,test
16821,1.0039424573955908,0.98565376,test
11352,8.241915638457664,8.137559,test
2031,12.740154026698834,12.755198,test
7441,11.813414847698608,11.828934,test
18905,5.78299811786582,5.807835,test
3202,10.078048505233284,10.049653,test
12586,1.4300809120179894,1.424578,test
17629,19.716683950782727,19.706684,test
13449,11.09340951584567,11.039955,test
7494,5.987698129529092,6.034244,test
1266,10.436308617257923,10.231435,test
13076,11.588204362436407,11.528262,test
1307,5.9510809485363465,5.9005575,test
65,12.631677174668496,12.445239,test
11887,13.277994366212027,13.352768,test
15277,1.191856538630087,1.1141893,test
17401,1.083263093205484,1.0800524,test
16892,13.33663652082503,13.24444,test
17206,1.49311770948083,1.5178488,test
12489,11.67729355430539,11.704618,test
6331,4.637681471719955,4.629939,test
14110,2.0533231936650846,2.0087914,test
6789,17.44759766157309,17.238554,test
17326,8.24084511858463,8.286293,test
1778,19.719583154199658,19.622435,test
18899,6.25667075677756,6.2203264,test
16550,8.113522592598189,8.058983,test
9391,9.15026636619187,9.190833,test
10237,3.074265520151876,3.0513706,test
12274,11.64799045822421,11.486016,test
1143,2.72596450933019,2.7425215,test
7898,3.53063475337504,3.5948918,test
13003,20.79359363103524,20.823202,test
8474,5.052523348234154,5.0067406,test
4195,6.379550433498235,6.312425,test
6114,5.974420784458375,5.769224,test
4959,7.116730505697846,7.134931,test
11920,9.276204489486725,9.378836,test
387,1.3369217208441746,1.3515583,test
8894,1.0523904589226925,1.0101963,test
16689,15.68395069081208,15.708483,test
10336,12.46831357371626,12.596193,test
13843,10.16475823797397,10.256114,test
5383,3.0001481003135453,2.9944315,test
1906,3.978974059867027,3.946199,test
19327,2.3522407410848056,2.3262959,test
7718,1.6709237563838877,1.663039,test
15398,7.317592278851397,7.298615,test
18384,0.8496815055448987,0.8727663,test
4117,15.772346504181469,15.805664,test
16902,12.135793375123429,12.020031,test
8425,10.64566945948022,10.686183,test
13831,11.698113444568804,11.640675,test
1182,20.503737635087774,20.4413,test
10570,8.529573364973396,8.715159,test
15403,6.905680114666783,6.9312572,test
2970,14.906872288335036,14.847518,test
18221,17.63195113067022,17.49681,test
10542,11.49066423685892,11.523517,test
10469,19.702248881511725,19.814116,test
8628,8.051015010040018,8.283636,test
3861,1.707269890507812,1.6827115,test
1237,14.009029031886262,13.702399,test
12918,7.569060959788531,7.544184,test
4489,17.561540432716395,17.601515,test
17913,8.12852409239476,8.15963,test
7619,11.00073879138755,10.904082,test
17003,1.6034242778328585,1.5825078,test
320,7.265568591354856,7.2421713,test
12853,15.3376034470882,15.381425,test
10423,2.880086952517877,2.9049819,test
13395,16.02790457955914,16.173473,test
12655,13.873432539249452,13.855233,test
7047,11.233075056502164,11.322778,test
16396,3.0392386279514287,3.1080315,test
17132,8.827529364248424,8.766748,test
16935,7.909091441541592,7.889904,test
7766,18.494696171259903,18.512873,test
11562,6.026701492960016,5.9349275,test
891,8.178627938917902,8.181538,test
18282,10.530821698446678,10.483306,test
1021,15.971173345056478,16.024271,test
19227,12.170040179874649,12.171524,test
11080,17.826068765909014,17.72972,test
16221,1.6950231413970476,1.7472496,test
3968,10.451378408731658,10.588709,test
7753,18.562211298065304,18.397963,test
17720,8.350109822521096,8.3173275,test
18939,2.469281230829242,2.4247515,test
21,18.064575526199658,18.171936,test
16454,18.62388963058335,18.872406,test
14661,5.073604169274304,4.9963923,test
17133,8.618596403181828,8.649978,test
12412,20.92473389549677,20.80459,test
13521,3.560031893195058,3.5218298,test
16857,16.164967780074893,16.167048,test
4233,2.694914544166536,2.6686943,test
9656,2.909022454210718,2.7683926,test
17426,16.197977954071934,16.168528,test
13292,8.200548166059574,8.209085,test
9651,3.019217812683853,3.0168662,test
2255,8.148960373091622,8.094317,test
4709,13.667436068789398,13.516797,test
770,1.2867317240051197,1.2592175,test
12673,11.933996012263831,11.919243,test
3394,10.314634446638006,10.259355,test
6332,4.56750368961427,4.584835,test
2445,8.86005586648935,8.938819,test
14305,2.1417585009928337,2.2389498,test
17607,0.1708550838981529,0.19006449,test
5568,2.6552237644702767,2.7070627,test
4115,15.1804979105572,15.2044,test
11893,12.950354872688347,12.941141,test
15199,9.02859362351479,8.919566,test
5789,1.2073672639184552,1.2273536,test
17923,7.026436559195046,7.00029,test
10748,9.997375625488852,9.846862,test
16135,9.383663710553153,9.446945,test
858,12.009717963622895,11.979829,test
1793,15.37721082369089,15.232631,test
18870,9.245501588786366,9.193222,test
6933,2.7105161456391764,2.7290645,test
2805,12.708822028943914,12.61074,test
10142,14.088326349584266,14.067426,test
11873,15.468693677481651,15.403495,test
12419,20.39836993851326,20.394754,test
7423,14.201750587506424,14.200152,test
8139,0.5962967584093705,0.61467683,test
1241,12.98335024651391,13.224439,test
2537,0.5035206980466927,0.45804414,test
17388,2.27144994475455,2.3979821,test
8949,14.811468855863554,14.744374,test
18325,5.806132074495891,5.8431354,test
16652,19.27147296845329,19.142677,test
19167,17.947829929255896,17.956043,test
7311,4.6944240381827775,4.703993,test
3107,0.6714076964690646,0.72248054,test
14805,9.467739688374074,9.75068,test
11391,3.9974385185597616,4.0786333,test
8045,9.403802495986888,9.626721,test
11946,6.633376652078844,6.6585865,test
7499,5.049741500750001,5.0164013,test
16681,16.149695810263733,16.07705,test
8701,1.3340977950402395,1.3552291,test
2395,14.662186555647423,14.612363,test
3677,1.1302123648372513,1.0823197,test
12587,1.3962195061468914,1.37377,test
13056,14.01056636780119,14.00542,test
6856,10.168767450389058,10.1198845,test
8197,14.771813692696565,14.900183,test
12884,11.486144229778242,11.543572,test
18881,7.999393006166873,7.9793067,test
393,19.28686077648636,19.27984,test
14605,10.184757340313247,10.386141,test
12817,19.09546719033577,19.08115,test
10712,15.763780670758356,15.755487,test
4576,7.241524571198876,7.23067,test
11243,21.92103297851661,21.985313,test
7688,4.224704953327187,4.2170973,test
1877,6.686826773485428,6.574615,test
3544,14.019051115249182,14.126586,test
403,17.913408835777464,17.954971,test
7591,13.741148157153846,13.824705,test
18189,0.5943763569835864,0.628021,test
2576,17.092312949723997,17.066105,test
17857,14.836315317490088,14.733449,test
5415,16.71110791164196,16.733484,test
17209,1.191967743125795,1.1377245,test
14794,10.759129676915329,10.957229,test
18819,15.036168459552304,15.033096,test
11462,18.370118780373573,18.384367,test
8612,9.323951242179085,9.270563,test
8177,17.153421386935218,17.165169,test
17712,9.444315558885364,9.448614,test
334,6.080886276878455,6.0768,test
13141,4.065494284162667,4.061816,test
5768,2.92669423013544,2.967109,test
18802,16.130032520987886,16.234947,test
14846,5.957046127563835,5.9549985,test
3395,10.24884685233729,10.103542,test
17305,10.597444287512332,10.627087,test
8080,5.844846129630145,5.6536264,test
15323,16.568651999937746,16.431435,test
8302,3.4730252348020567,3.4217768,test
6747,2.83459733805753,2.7461808,test
1352,1.3446211942507031,1.3364677,test
14031,10.110312867146291,10.197786,test
13288,8.414546500857696,8.405048,test
16888,12.436464849182917,12.674702,test
13089,10.191518352552208,10.157577,test
13830,11.927444302590924,11.831659,test
7088,6.502243783418848,6.4841213,test
4114,15.369651912312769,15.478592,test
11453,19.252734117120017,19.288572,test
16325,9.918573676036884,9.932262,test
3831,4.379072985890599,4.309935,test
3139,18.13639479363968,18.026546,test
1482,7.953076570514518,7.9624763,test
9769,11.758847778741044,11.867806,test
17122,9.975678334215962,9.997434,test
17315,9.490008781698982,9.538805,test
11859,16.36993958564935,16.46846,test
10145,13.881431352584697,13.881374,test
10091,20.65225376078652,20.582272,test
17075,15.082250520947314,15.146078,test
2154,19.95470767849544,19.993544,test
7119,3.4082680785145665,3.3645573,test
12471,13.845052382690504,13.8588085,test
18495,7.821232820228043,7.774435,test
10299,15.838130666820348,15.7578945,test
16594,3.4696485266652872,3.4602382,test
9200,7.987664474847275,7.944101,test
10822,2.987348928212552,2.9812438,test
19039,10.205209755932582,10.272,test
4607,3.955156440931817,3.961956,test
4284,16.131729752019858,16.199162,test
3408,8.370332090296042,8.434831,test
7024,12.248603156975742,12.36984,test
17789,1.373891580822851,1.3832254,test
8116,2.127778069171218,2.1408894,test
8150,20.065233294693613,19.895735,test
11924,9.159431763957263,9.129719,test
6368,1.2456942448208377,1.2821643,test
9211,6.757721289628344,6.7922945,test
13543,1.752824251450369,1.6816583,test
12388,1.082932420368295,1.0652305,test
10460,0.2806968005160751,0.309102,test
4822,1.732203752302909,1.7494413,test
11251,18.202753715985416,18.40785,test
12550,4.899204782918422,4.91356,test
1854,9.038517012395662,9.060683,test
10769,7.790293931483143,7.81701,test
18757,1.7553874164792094,1.7310495,test
11447,18.61137570857412,18.723667,test
7049,10.435371590557406,10.487597,test
11828,20.254722932880068,20.30341,test
9729,16.76915500097804,16.759838,test
8198,14.581246071219304,14.765805,test
1873,7.150735122499224,7.183976,test
9528,16.940661178862094,16.940527,test
12422,19.74045074666263,19.67544,test
17791,1.354304867014706,1.3291531,test
7318,3.896457615731266,3.9172378,test
7128,2.644945383040924,2.5811186,test
4125,14.046768723095612,14.1150255,test
12628,17.061481560292943,17.042969,test
13469,8.867768106238593,8.783426,test
3211,9.072237747002127,9.112847,test
14369,16.84055613477288,16.953302,test
10662,0.3779391476919985,0.40754503,test
4627,2.100373346878133,2.0819635,test
2471,5.895690435331855,5.987294,test
8175,17.72167258588294,17.749197,test
6179,0.471084926705328,0.4507395,test
17667,15.327167269677862,15.25873,test
2808,11.983382912788816,12.017201,test
8404,13.16357801083707,13.154838,test
1945,0.8958572847509493,0.92286944,test
4315,12.990413404272989,12.904742,test
7238,12.943159443456253,12.901738,test
2077,7.390777941264397,7.422853,test
17002,1.6924456888221562,1.6475315,test
18471,9.860998478667526,9.732044,test
12941,5.044050591993546,4.9857626,test
8412,12.61196846519632,12.620331,test
19194,16.51914220818845,16.443008,test
11775,4.00059484295384,3.9712114,test
11631,21.362850457033307,21.06257,test
9548,14.383175141843802,14.552406,test
8226,11.40170497944279,11.422512,test
6579,0.6505272529158331,0.6541834,test
12014,19.97603311786096,19.59925,test
1200,18.08853618845968,18.149382,test
19113,3.534987042393745,3.4779348,test
15546,13.470127005227363,13.531108,test
18295,8.83027291131726,8.78785,test
18695,7.93180790145543,8.009803,test
11891,12.428926841048746,12.543005,test
8763,15.691265944291446,15.717197,test
18343,4.151761600055849,4.1207595,test
7661,6.540210996990519,6.562835,test
1486,7.552771882251472,7.5838184,test
7453,10.538828703132308,10.547987,test
14039,9.223975449716374,9.2405,test
17308,10.028889344848128,10.220976,test
3303,21.32506324855771,21.338634,test
17470,13.307072697729648,13.356783,test
16299,12.70934498658868,12.684799,test
965,1.2316821956411297,1.2474557,test
15881,19.749263337665766,19.742508,test
6996,15.558248106731217,15.519211,test
15217,7.025013714336866,6.958989,test
6561,2.135935215846225,2.1595657,test
3967,10.684528804989972,10.760935,test
7086,7.122919072853015,7.030055,test
13906,3.803536493907533,3.788848,test
13466,9.39496800945956,9.457776,test
15880,19.38133317739,19.423183,test
10788,5.972463074193573,6.1157393,test
3910,17.243233579127157,17.26105,test
5644,16.454824388390943,16.538052,test
2681,4.906341614169826,4.9335585,test
8589,12.006009329737884,12.152262,test
1649,10.328442188774376,10.256046,test
4143,12.103590267688874,12.042445,test
3542,14.813085801728958,14.766023,test
7998,15.142925931688229,15.102219,test
8990,10.147345699213908,10.057639,test
12881,11.966555080513968,11.936347,test
5013,2.0390018567786186,2.0469246,test
52,14.329583020141332,14.378319,test
6672,10.350137622976003,10.28694,test
9822,5.819494397448666,5.8557396,test
17824,18.79718004790055,18.812176,test
5633,17.739555668857793,17.993193,test
9949,11.622010181129935,11.481888,test
3176,12.853328215716571,12.837171,test
9921,13.933296914104252,13.938056,test
5759,3.802044728886161,3.821958,test
16350,8.330748743676315,8.279099,test
12593,1.2151977215290086,1.1693957,test
12167,2.8645299780875635,2.8781085,test
278,12.923038553512614,13.0192995,test
7871,6.1950840807077965,6.1244807,test
16459,17.355172827676185,17.219543,test
5407,21.21684095233796,21.17152,test
15384,8.938520534456947,8.964538,test
15603,6.938360020215706,6.825728,test
946,2.811749398960728,2.8943472,test
17107,11.057072856826467,11.1910715,test
3955,11.122975577367104,11.113832,test
4909,12.997030442070198,13.036683,test
8104,3.0749802499394656,3.1196952,test
4821,1.7787775960098389,1.7729211,test
11955,5.707308876981091,5.7320476,test
5588,1.0255956461254614,0.9532805,test
11203,3.943825485667968,3.9521992,test
7132,2.2599218412286333,2.2746747,test
12483,12.409333025724482,12.328373,test
9117,17.28885234887629,17.278578,test
11797,2.130491056771079,2.1267142,test
12202,0.3165299443937597,0.33619946,test
5923,6.199475315337803,6.2868996,test
17216,0.8164214290527603,0.8296618,test
7692,3.668988119521495,3.6854792,test
17843,16.44507611639255,16.374216,test
15297,20.354935271411115,20.42354,test
12953,3.8817127018377855,3.9079332,test
11255,19.66853440053504,19.65548,test
16026,2.8458903442214307,2.8453548,test
57,13.404167335081276,13.400387,test
3961,10.922146460383953,10.828356,test
11239,1.1319170499028364,1.1806949,test
11619,0.8241118530448677,0.8102843,test
3759,12.521391848959244,12.541353,test
12671,12.410364891962717,12.321696,test
16987,2.7703299768567486,2.891222,test
9861,2.0313404827523174,2.0659266,test
11274,17.6034147437668,17.61667,test
12049,16.158782900867493,15.953913,test
4755,8.05631058799734,8.278093,test
966,1.2072242249851184,1.2410816,test
826,15.72410147581603,15.737378,test
4674,16.7886210487169,16.97037,test
11609,1.5073483999979376,1.5088576,test
11377,5.370719584529655,5.393808,test
3188,11.941581500959533,12.049732,test
11983,2.9389839725055324,2.9477267,test
11947,6.499910373332698,6.556149,test
7425,14.113476582947037,14.172664,test
8326,1.1974099881918456,1.1999099,test
1392,18.86547927389492,18.953117,test
15674,21.785638907932096,21.773502,test
5245,19.03962359289412,19.050425,test
5277,14.452145063483846,14.4717,test
7811,12.595238529258454,12.494964,test
17979,1.3731354127183386,1.4123119,test
5587,1.091869379110836,1.0476774,test
9887,21.10380353944225,21.209967,test
17025,0.2163487925832601,0.22333571,test
10260,1.308553729845766,1.2999015,test
6487,9.530605385955916,9.586455,test
8112,2.8688434573118613,2.7041562,test
16234,0.8393939544049583,0.8224356,test
8937,16.631602790037853,16.601925,test
14790,11.866697269249146,11.784244,test
10411,3.9399434343375024,4.098301,test
17591,0.9621092317334808,0.93693995,test
3083,2.38397363438454,2.3928876,test
16944,7.088396826717606,7.026446,test
6361,1.911788223793156,1.9254987,test
16866,15.407798440095446,15.332826,test
11736,8.194397325658676,8.241847,test
14664,4.622696408522965,4.684244,test
5881,10.834600932483289,10.881773,test
664,12.345163656810934,12.337943,test
12147,4.798247676615095,4.7878766,test
4883,16.360632849514506,16.283459,test
8337,22.007130070182413,21.97874,test
11303,14.126039833881666,14.076195,test
12203,0.2860715877636117,0.2162326,test
16841,20.06876329845469,19.973976,test
5959,2.685949126507215,2.6421306,test
8421,11.477836114331204,11.527015,test
17799,22.241313243706188,22.06888,test
4501,15.845311347478631,15.896947,test
13361,1.274314015337087,1.2918755,test
7420,14.334804643412657,14.366894,test
4775,6.035391644696711,6.2347646,test
17810,20.692123927711624,20.779964,test
7955,20.58425301541021,20.519001,test
13456,10.568467619997053,10.646149,test
13162,2.164859989629184,2.1333508,test
6884,7.427051506377407,7.3344955,test
6779,19.91504457136708,19.623594,test
9392,9.02416740826976,9.058254,test
7330,2.837801731487372,2.8519106,test
10681,16.647984075937398,16.75729,test
4550,10.085489513525571,10.112677,test
5253,17.898720527759497,17.926014,test
5746,5.048190213440006,4.979698,test
14710,0.8877494105348045,0.8488982,test
11849,17.557969324752964,17.636961,test
16116,11.03893971669718,11.205985,test
7982,17.246636072113667,17.0786,test
16458,17.56834740673352,17.532824,test
6521,6.013012434941171,6.0300097,test
2005,15.678377803858606,15.759273,test
9804,7.839435330020804,7.8603735,test
15249,3.703222613481152,3.7025657,test
4560,8.94453692189572,8.905391,test
15585,8.963885573689469,8.91646,test
9424,5.616181362017295,5.5695925,test
14531,18.525483355619,18.449558,test
7598,13.828681395133202,13.811478,test
10350,9.985713455748172,9.947384,test
12963,2.930630636534168,2.965274,test
3138,18.409349733192784,18.334484,test
15367,10.647811236119717,10.639299,test
16478,15.319749578859374,15.040641,test
586,0.2768045979831875,0.30358237,test
3508,20.44856937640993,20.414993,test
10654,0.9158597047907354,0.9018875,test
15982,7.1663974304965405,7.192138,test
18359,2.714611668358337,2.6839097,test
10442,1.4203750633321144,1.4140135,test
9330,16.4872271144786,16.5517,test
7997,15.2351713615409,15.244062,test
9042,4.739300654476583,4.815866,test
8126,1.321804166848333,1.3419927,test
18367,1.9902129802432948,1.9434682,test
4133,13.256529987132692,13.250452,test
4597,4.965636472609693,4.9303274,test
13960,19.79012451463381,19.779968,test
18574,0.5089234769086838,0.5143457,test
7662,6.362411728187517,6.336979,test
16663,17.62479035555372,17.526577,test
10804,4.639575950862037,4.573426,test
11598,2.376387775995461,2.342187,test
18287,10.48312763714158,10.681617,test
5816,19.70722572592793,19.528704,test
2522,1.2498388951092838,1.2041625,test
13732,2.343323759624292,2.3496509,test
1175,21.62170948296397,21.4831,test
18563,1.2593618707420382,1.2756103,test
18758,1.6852708608561875,1.6757472,test
6345,3.4501330345358228,3.4841108,test
589,22.122943397247266,22.181875,test
516,5.853230426596506,5.935939,test
7696,3.615427300819872,3.5871987,test
10987,6.921519200089909,6.9107633,test
15219,6.791962971873683,6.783012,test
5430,16.646649736281905,16.659355,test
15340,13.322116125076551,13.449842,test
8699,1.4772884133474928,1.4650025,test
9925,12.83758625655298,12.737535,test
10113,17.830827941892206,17.768719,test
13137,4.847407071354808,4.8840237,test
170,2.0680201093712824,2.137188,test
8228,11.102370600168982,11.075768,test
12472,13.71590748601349,13.7181635,test
10701,14.536810580404202,14.819125,test
11541,7.730635006439606,7.8085246,test
6142,3.358317808302328,3.2604182,test
7571,15.694209829545407,15.883212,test
1703,4.217175539190945,4.185562,test
6423,17.847087973756793,17.766481,test
1032,14.519882100627225,14.461789,test
17026,0.1946937919629357,0.22333571,test
16385,4.042448490629147,4.1077147,test
14100,2.9212493058543734,2.8363316,test
19331,2.020740345411953,2.0200746,test
14114,1.9072731953701547,1.8209542,test
8529,18.381043560920585,18.3845,test
9571,11.673527145006078,11.613378,test
1755,0.2864852435029794,0.29379904,test
7214,15.7414279139365,15.784503,test
6566,1.3903560366768726,1.4440432,test
10311,13.830632411614284,13.8101015,test
16400,2.9870071959525992,2.9541948,test
12342,4.957105755695413,4.922974,test
15814,4.852710264352827,4.8685436,test
12758,3.087305182109273,3.1312084,test
3170,14.05340456673127,14.099328,test
10126,15.796912305583808,15.754553,test
11575,4.552036169387282,4.546096,test
873,10.269851669556695,10.320938,test
2759,18.20113855347809,18.264532,test
18095,9.6348760784342,9.617283,test
8297,3.7296356307070297,3.7217274,test
16755,7.043303177557331,7.074506,test
7585,17.075576117447554,17.075071,test
12188,1.1105211381072098,1.1164154,test
6775,0.7774266491050084,0.8340139,test
4187,7.232061023250819,7.224299,test
5988,20.8949832171406,20.93287,test
5255,17.752766094295197,17.687256,test
94,9.523072541918856,9.469313,test
14261,6.364852515438641,6.2744684,test
16633,0.452695730235652,0.45764917,test
17608,22.534471988281844,22.47344,test
19210,13.481575539263744,13.421326,test
1876,6.790123190447575,6.809573,test
13919,2.581744379203712,2.53176,test
19329,2.1923935661638545,2.240077,test
9696,20.379913230100524,20.433512,test
138,5.040312699236161,5.0223293,test
2662,6.947435272870214,6.998253,test
9639,4.023671785713434,4.046929,test
18110,7.964860754976645,8.000314,test
17259,17.02253221498604,16.949467,test
10141,14.157659523085504,14.131855,test
7554,16.608886737971154,17.011988,test
16627,0.923742554548034,0.9494585,test
12325,6.459700809056304,6.2980504,test
7657,7.377108242162106,7.2894845,test
494,8.135019705556646,8.275894,test
554,2.3909885108621336,2.3658662,test
6544,3.9125823558692816,3.8897903,test
9509,19.397402282820583,19.35865,test
5124,9.173200067557651,9.208602,test
14580,13.873314196172474,13.763213,test
1229,14.378163636553309,14.609473,test
14607,11.49182043935108,11.460076,test
615,18.037671278567007,18.170397,test
8163,19.74166066074448,19.56291,test
3158,15.762065636046458,15.760191,test
11273,17.97700360916279,17.998095,test
7227,14.336686481409275,14.342706,test
18174,1.8979584450365343,1.7714541,test
4053,1.6129181105723822,1.6174471,test
16829,22.48655896437166,22.376772,test
5005,2.856246003321416,2.8642023,test
4766,7.110640982259626,6.917915,test
2043,11.248576366486065,11.248981,test
24,17.20029915678567,17.112307,test
13909,3.491879067367562,3.4832213,test
11556,6.476042758015344,6.451105,test
6422,17.891498515329125,17.902256,test
10001,5.885536437378164,6.017573,test
16362,6.568117615709024,6.5425806,test
4409,3.655719105977581,3.55173,test
9140,14.960098728945608,14.988528,test
2225,11.43611237841644,11.364894,test
3194,10.911785539013463,10.858212,test
5756,4.022815814705647,4.017969,test
13298,7.350185763308978,7.3528633,test
5942,4.322385850832839,4.368181,test
15075,2.5469749213154667,2.528994,test
3687,22.508270956940297,22.56365,test
13458,10.167407979182588,10.106301,test
16260,16.685736877130232,16.4761,test
15332,15.322687119570205,15.334589,test
14984,11.830160411768498,11.819398,test
12219,18.51444196933741,18.554081,test
1518,4.018668684832837,4.023235,test
13291,8.347600023041212,8.32844,test
7082,6.757822749065604,6.785796,test
9144,13.96320840302453,13.961413,test
17702,10.62759037433307,10.630698,test
15790,7.619443910330228,7.6746716,test
2460,7.048097631552095,7.2903676,test
5484,10.410934822656086,10.534648,test
13876,6.973248613053606,6.966353,test
16568,5.946982131828035,5.9203796,test
2288,4.949956269250477,4.931763,test
2439,9.41608852441707,9.453986,test
2408,13.232748835487191,13.12565,test
18660,11.265878351878294,11.220003,test
17386,2.399046110764531,2.477603,test
18166,2.1951195124547085,2.3587277,test
7322,3.652604112026844,3.7084832,test
5912,7.367511821915765,7.4523153,test
17968,2.2160988948232467,2.3831332,test
18186,0.6475386205704102,0.72843593,test
17382,2.6736496696709806,2.637002,test
8100,3.841181596967816,3.7861462,test
11642,19.755760002958247,19.711983,test
14519,0.6963008956541389,0.6738505,test
5685,11.774122154799024,11.507172,test
15798,6.6906806458375145,6.7275577,test
8908,19.61161254083672,19.677393,test
8940,15.658318352542992,15.707986,test
4414,3.2060834701258347,3.1888661,test
16088,13.6942445616405,13.91398,test
11216,2.8403775198033143,2.899442,test
6976,17.254967133215356,17.387495,test
16609,2.112859867447146,2.3158805,test
1837,10.618529288138008,10.549335,test
17706,10.47884962674995,10.491841,test
6887,6.921944132003682,6.9257474,test
725,5.634977797091217,5.712735,test
14820,8.477174564574998,8.472608,test
5650,15.96679357481274,16.161333,test
9847,3.07267932294724,3.0064206,test
15531,15.721214612900258,15.5705,test
15779,8.79285977846072,8.83428,test
5536,6.005539348715852,5.9006286,test
15507,17.977970833421608,18.071758,test
4005,5.873639838497025,5.864608,test
17149,7.144080482385784,7.142419,test
10049,1.7115247047615914,1.8072186,test
8648,6.019165777625912,6.001278,test
16018,3.664842485070837,3.6338143,test
4345,9.917118604334396,9.763419,test
16738,8.528109425753271,8.735545,test
10282,16.66310140590019,16.714,test
19181,19.742144258269143,19.664156,test
15897,17.388758499584306,17.386047,test
1395,18.241809351428515,18.284264,test
14122,1.2111355247818545,1.1808586,test
1176,21.572553640479388,21.311638,test
5908,7.9336913432731455,7.8159294,test
12840,16.053480098559533,16.133133,test
16507,12.29779986460956,12.303392,test
8099,3.8684048447324098,3.8802052,test
6795,17.681849831920417,17.505957,test
15406,6.5212813022039935,6.511815,test
9123,17.037621119909602,17.032753,test
9510,19.24898459517878,19.179663,test
12822,19.45826910670212,19.490398,test
6465,12.783117513663385,12.579182,test
18739,3.2832948565655107,3.2975748,test
14324,0.7899343292852695,0.85108507,test
2788,14.500027852289692,14.569496,test
9957,11.40609384631066,11.40537,test
18331,5.371406043851987,5.362587,test
15022,7.680074820011876,7.686532,test
15188,10.346211402493212,10.207489,test
14225,9.919532866908195,9.936666,test
2919,21.79773290161509,21.842081,test
9125,16.45169166504576,16.40868,test
18823,15.756089580188522,15.759045,test
9932,12.612687190758606,12.766549,test
11266,18.064877931232385,17.974848,test
2100,4.881415104905718,4.8948965,test
15167,12.958983458812796,12.8389225,test
18157,3.049447553598954,3.1082492,test
16371,5.789575347599966,5.7101636,test
14239,8.901837067110574,8.881288,test
10446,1.109726324275,1.1198403,test
3952,11.82941412103822,11.770816,test
1312,4.991044435075152,4.9596095,test
87,10.200393435683806,10.226164,test
1443,12.47891364777948,12.523808,test
5909,7.790201295682976,7.7522182,test
17804,21.25672167992744,21.304333,test
7354,1.0598594131539307,1.0923718,test
7882,5.123720731417129,5.076691,test
12492,11.350893387823058,11.41473,test
18403,16.63549424963029,16.510235,test
9230,4.8113638263892975,4.7953157,test
11649,18.92242324424813,18.831146,test
2158,21.11188621223542,21.075691,test
6032,14.84450385045454,14.980383,test
17151,6.788708760625471,6.7954836,test
6851,11.522009571578428,11.480757,test
12169,2.611947487591064,2.6209161,test
9081,1.4547399521929594,1.4925761,test
2275,6.071986148999508,6.0879087,test
9827,5.067183045756873,5.017575,test
4487,18.102918088812643,18.044312,test
2370,17.73883825513717,17.722063,test
9187,9.138864664418376,9.131259,test
14457,6.1985125978428055,6.146744,test
15963,9.357223812415688,9.387011,test
18461,10.888573350453992,10.877265,test
1536,2.628612604539968,2.5846384,test
18141,4.743619076792611,4.7434525,test
245,16.82915420072144,16.906775,test
9012,7.706582654355746,7.6593523,test
11926,8.825379067429964,8.794768,test
15751,11.950643516875449,11.852851,test
5065,15.591667105750744,15.506632,test
11289,14.804819719678871,14.817349,test
12764,2.6557943050120643,2.6390212,test
11465,17.161789632934013,17.111631,test
1738,1.2063263742197246,1.1790113,test
11032,2.19035118604978,2.1036046,test
8748,15.803635227073434,15.838612,test
11646,19.07905300549413,19.161581,test
14682,3.0873284989936485,3.138574,test
4434,1.5900722724459255,1.5751323,test
15742,13.067110873867849,12.964471,test
319,7.290128362849126,7.305681,test
1502,5.7829880178111255,5.825087,test
4093,17.90330616180279,17.917118,test
7504,4.9437435603455295,4.947827,test
3324,18.70115416876581,18.660639,test
18485,8.91981863774264,8.903842,test
13261,11.950610199113008,11.9103365,test
11944,6.908924308331703,6.906452,test
19044,10.445986629594763,10.387596,test
5690,11.246414463045896,11.281297,test
18023,17.963138146450515,17.964912,test
14008,12.90090277945556,12.9396715,test
6801,15.39468307954027,15.707921,test
10330,12.054224678224717,12.116807,test
4431,1.759611618255529,1.7443677,test
16160,7.385158967920378,7.3320236,test
6339,3.805966786363709,3.8619611,test
16844,18.63782478715304,18.58116,test
12451,16.278971215848554,16.322037,test
11792,2.220465067632873,2.191227,test
322,7.218087742130739,7.2421713,test
2936,16.917538651448982,17.058674,test
19274,7.582942025700548,7.644149,test
16377,4.643736251372669,4.6882133,test
14230,9.848847345819356,9.79071,test
18692,7.677457760035393,7.7137313,test
9881,18.202218111634256,18.099922,test
8688,2.341442446944396,2.3082554,test
12908,8.64939668868855,8.63585,test
8481,4.815048981728787,4.85247,test
15659,1.74306519907712,1.7859708,test
9337,15.486461025078334,15.053893,test
4786,4.926186793930472,4.77406,test
1248,11.99485486858466,12.090427,test
15100,21.061322903848,21.005033,test
4337,11.640015162580628,11.668775,test
16891,13.689915028344672,13.715683,test
10962,9.561745833349262,9.419798,test
1937,1.4868369222346418,1.4213128,test
15838,2.753348438083561,2.7698276,test
8377,16.738685471443368,16.703749,test
12769,2.1155971792645847,2.1254554,test
15642,2.897731293695033,2.81659,test
7926,1.1521776441863203,1.1763548,test
1882,6.288509360975077,6.2428093,test
13823,12.341982859925473,12.443735,test
9991,6.861543139977521,6.95166,test
13411,15.328099939466854,15.18713,test
4047,2.0313235759219195,2.024495,test
8021,12.533619280629644,12.411582,test
3348,15.698284968888432,15.62339,test
16074,16.01715616610612,16.088099,test
4691,15.519456851873946,15.494532,test
14989,11.486144229778242,11.543572,test
156,3.353651692533757,3.4347677,test
3250,4.812747616531941,4.819569,test
8610,9.675555869969626,9.749126,test
15386,8.631346421713921,8.614337,test
17609,22.44828051400828,22.342554,test
16245,0.2787709552452187,0.28017446,test
17877,12.478997154266656,12.344952,test
15627,4.521586470430586,4.5762534,test
1472,9.084075747478908,9.081186,test
8187,15.962211121143325,15.978519,test
3431,6.021132373492599,5.901016,test
4526,13.206790232135528,13.126862,test
17192,2.6429227367986994,2.5735052,test
11084,17.58235244642482,17.629316,test
4491,17.06195266350283,17.2465,test
12040,16.660484167053454,16.544193,test
3340,16.74365757083573,16.567152,test
15413,5.844560625396885,5.8242307,test
6260,12.43207171867862,12.637603,test
4887,15.69886370223492,15.752514,test
6036,15.748565668514235,15.704082,test
18210,19.20619866722484,19.196571,test
11876,14.715771694518615,14.678346,test
923,4.8432116573539,4.8098583,test
7813,13.20982551064121,13.173313,test
15539,14.041742274461916,14.206619,test
5734,6.41460312836033,6.299741,test
17509,9.103528939732794,9.064728,test
2259,8.110606838372156,8.124306,test
7495,5.964068634576083,6.0332236,test
10642,1.6947685932654566,1.66983,test
7745,21.56328699809591,21.388313,test
11106,14.767989721758362,14.781971,test
16504,12.81066555432035,12.83557,test
16209,2.6927577634644577,2.6416707,test
8283,5.020713198507077,4.9708185,test
1494,6.669504078192449,6.679092,test
2596,14.65821483918868,14.498821,test
7726,1.0918139148043149,1.0643426,test
15000,10.166631150592982,10.119121,test
9134,15.318273122847373,15.271595,test
10037,2.798375804297597,2.8444645,test
3233,6.590594194875282,6.5133405,test
10905,16.648533030604515,16.602875,test
17687,12.845062802201726,12.82759,test
541,3.567552786641038,3.801797,test
5,19.32454746910185,19.091875,test
3239,5.969328224820891,6.025479,test
2927,17.442854989165365,17.53776,test
11325,11.206090704984412,11.165417,test
11763,5.072155337264928,5.0462623,test
8550,16.00726118175914,16.20162,test
8393,14.504922439471985,14.451409,test
17734,7.106942386740133,7.1024427,test
10449,0.9229711523822762,0.8977243,test
18896,6.707274011592712,6.7255387,test
19201,17.052630560903246,17.013622,test
11625,21.71811900167005,21.801903,test
1696,4.814584677623946,4.7030096,test
2300,3.708309465438384,3.6755712,test
1290,7.178913050661445,7.214519,test
14932,17.960549849545686,17.94549,test
6705,6.687853318305481,6.7461414,test
5967,1.92224134105512,1.8975931,test
11766,4.972147931373151,4.969671,test
442,13.967054413734555,13.944764,test
11067,19.3269478667193,19.279053,test
13553,1.0404358758001369,1.0388213,test
13772,17.948254432064942,17.757347,test
36,15.711420863691414,15.655563,test
8482,4.781793176866411,4.8176794,test
4001,6.485328345145626,6.493405,test
2908,1.3622707788227333,1.389715,test
18322,6.246251761734767,6.2168546,test
2591,15.3025083421943,15.38597,test
11652,18.414236194652343,18.368801,test
4647,21.96830031746345,21.957598,test
18381,0.9861462098386738,0.97520745,test
8646,6.428093972236274,6.3175793,test
11596,2.5581104489907767,2.5053816,test
1289,7.221251806288099,7.2665305,test
10604,5.083892627023893,4.902849,test
749,3.0247656061945265,2.9087956,test
2072,7.923348279316229,7.857672,test
10292,15.75621434675964,15.880902,test
17226,18.980313749417803,18.989388,test
675,11.063101667588718,11.140049,test
451,13.164245219094946,13.235171,test
15801,6.098435035448037,6.0428777,test
9038,5.261066047600452,5.194691,test
15313,17.824197756170438,17.682926,test
9558,13.131813804199892,13.13671,test
18408,17.167716638251193,17.019245,test
4132,13.445895016647617,13.509284,test
19126,2.297714890550384,2.3724082,test
10334,11.229716966902176,11.102797,test
14698,1.7650230719731077,1.7010921,test
532,4.390560552156298,4.592951,test
1852,9.375754781685371,9.313683,test
5186,3.0086038418603938,2.982232,test
10002,5.695157049357247,5.7302227,test
799,19.50660750406792,19.466417,test
4628,2.042162539386308,2.041748,test
11349,8.232053522042484,8.276277,test
15998,5.634860118945247,5.661053,test
17144,7.327101784074621,7.287614,test
9241,3.737351559196137,3.7446666,test
8095,3.9980177048191887,4.0328155,test
6557,2.1989426909691323,2.236317,test
1348,1.386207740929843,1.4202828,test
16391,3.7735041828347087,3.7120075,test
16310,13.19026991159228,12.807797,test
3917,17.057980313651964,17.05811,test
5225,21.64977436050349,21.680838,test
14810,9.587476866174024,9.516703,test
15547,13.283226109757324,13.4085245,test
17801,21.800854732681152,21.756046,test
17079,15.734488050280042,15.712415,test
6205,19.11571968092482,19.032972,test
12459,15.344403580538089,15.36659,test
13271,10.723700775746236,10.875879,test
2239,10.456663753993116,10.561745,test
17467,12.186539406979955,12.123713,test
3165,14.215376485572694,14.138974,test
4121,14.842159397794184,14.911938,test
9355,13.264668695675237,13.153886,test
16958,5.262650842468641,5.4213634,test
14598,12.33821979995959,12.296726,test
16435,0.3252521949842856,0.32637355,test
8463,6.153922613402866,6.1262693,test
2302,3.505701562252833,3.4792328,test
9245,3.431591400473914,3.5046368,test
9650,3.042737538416268,3.1209204,test
9485,0.5037449872768115,0.5324507,test
9903,15.170314790199352,15.334983,test
3422,7.054118253901462,7.0600805,test
11681,15.119843984221315,14.898943,test
10830,2.2077365410188907,2.1532776,test
17441,16.088444486115137,15.999821,test
13879,6.519071272804846,6.518095,test
11329,10.394435911450437,10.376842,test
15159,13.795846873261882,13.7547,test
13809,14.522668237501026,14.527534,test
9234,4.431040764292951,4.4872694,test
12783,1.1384158504395088,1.1268235,test
18820,14.717661306857364,14.715682,test
15525,16.091209659266056,16.109276,test
16180,5.365054037442183,5.3813243,test
15428,4.353917758739569,4.3737607,test
15980,7.581810430059844,7.5614886,test
14755,14.677089436536518,14.846751,test
6188,21.45193339455668,21.596548,test
10924,14.24526324185984,14.198175,test
16333,9.441126161593369,9.359899,test
9147,13.351911223760982,13.300159,test
9376,10.86518511605638,10.747748,test
4594,5.277623371148475,5.3199177,test
14460,6.080680304934958,6.0510793,test
13611,15.185803894214065,15.103026,test
3993,7.205522764663577,7.215794,test
9694,20.81854630070272,20.89194,test
4419,2.7394212897785133,2.7936442,test
15746,12.566676014628444,12.524899,test
13418,15.13962182578076,15.120452,test
4749,8.963585087702928,8.898829,test
18950,1.597602409931131,1.6148754,test
247,16.740600423563766,16.706858,test
3543,14.410094239388702,14.4360695,test
11400,3.182053971741017,3.221005,test
2082,6.821451203664558,6.827971,test
3094,1.507603265328504,1.5027828,test
13753,0.8192583939703958,0.84946704,test
10185,9.120276033802549,9.09382,test
5891,9.706486506372356,9.693473,test
1286,8.14378618195347,8.003248,test
16637,0.3582602765338558,0.3468632,test
11990,2.4033663689041225,2.4127767,test
15902,16.922314114139297,16.924791,test
12636,16.358047534242356,16.216673,test
7232,13.621754580277583,13.590011,test
10177,9.520296840036249,9.527434,test
16918,9.23366216252468,9.43806,test
4784,5.163454831709433,5.260731,test
4660,19.40382224634479,19.413767,test
9405,7.625711358135436,7.4219627,test
9547,14.517588045593122,14.665439,test
6765,1.4311879686133495,1.4569123,test
13065,12.87933679945125,12.865134,test
12075,11.198142149871996,12.002003,test
3786,8.423036624853633,8.586467,test
6455,14.006837168654746,13.724537,test
15347,12.849391884239072,12.990134,test
10846,1.0005867101731978,1.0421095,test
12981,1.305186332260723,1.2530771,test
7555,16.185761276202943,17.011988,test
18827,14.506023644507236,14.512358,test
19133,1.7792277396938154,1.8567877,test
13643,11.19140225198646,11.277053,test
9342,14.835149767212362,15.018458,test
12073,11.790833333044876,11.837755,test
15649,2.5623192807033046,2.6304872,test
7595,15.76199754875689,15.692825,test
1874,7.019194681225285,7.0730414,test
3557,14.4111505435902,14.457438,test
5401,1.3470414626464275,1.3573369,test
11770,4.886409338738169,4.8666816,test
6112,6.224776645563412,6.2891273,test
354,4.021614549259008,4.0422597,test
19118,2.920675872072182,3.0154712,test
5742,5.549927779137427,5.486034,test
1580,18.099965533406984,18.214811,test
2492,3.8278170268564615,3.797006,test
18619,15.955544775901126,15.982211,test
17291,12.63256242524817,12.565884,test
1296,7.038221486450712,6.977182,test
14894,1.3718698094752375,1.4264166,test
13423,13.643287294190564,13.668971,test
13227,15.373828354119802,15.349901,test
4454,0.3357097007859,0.3425581,test
2247,8.839664093521153,8.817078,test
11678,15.217481582892058,15.191992,test
18354,3.1430047019890632,3.1038191,test
7712,2.063487479627826,2.0013583,test
9351,13.828221146522072,13.98004,test
6588,21.02151485715506,20.98441,test
19200,14.418829136703568,14.48803,test
13582,18.455218949644543,18.461346,test
1811,13.904735505688691,13.940098,test
11048,1.2229673589407095,1.208614,test
4728,11.474098914544438,11.377762,test
1308,5.104083641492626,5.115233,test
8203,14.46102115360803,14.386725,test
11559,6.010387926402698,5.986909,test
2892,2.992802497407404,3.0355308,test
11751,6.962489096273469,6.9141397,test
2412,12.557022218712598,12.490163,test
17653,16.821829156434923,16.860304,test
19127,2.205822679229617,2.2433221,test
13922,2.3343821134157428,2.3450208,test
17617,21.78586288488844,21.743176,test
5943,4.231940006146704,4.3156447,test
19051,10.64766331886278,10.586605,test
10004,5.369652400809203,5.3940787,test
8470,5.882128118382708,5.8855276,test
12213,17.549336206548283,17.62092,test
15692,19.55231738220104,19.458014,test
9815,6.685914177409041,6.7337937,test
7682,4.537410072750978,4.527188,test
3801,7.454323677903936,7.510881,test
3301,21.91553353896053,21.619366,test
4248,1.2779670241081664,1.2826239,test
18193,0.5292983673004165,0.49619582,test
10793,5.850902066519682,5.824986,test
6408,19.49861585923345,19.587177,test
2236,10.109948330528049,10.069673,test
3121,20.133342912043787,20.059872,test
10667,20.122542993594493,19.963062,test
1480,8.157451598180444,8.163686,test
6776,22.5220383068439,22.62519,test
2706,2.759500977133929,2.79081,test
6058,12.552658373835536,12.653462,test
9623,5.930014368598255,5.931238,test
16054,18.89513553157958,18.749031,test
11358,7.319452228147014,7.3727612,test
18239,16.01427219763272,15.993275,test
9736,15.734718253271453,15.7102995,test
4016,4.778259271458061,4.8075657,test
11827,20.591788360151373,20.622202,test
12226,19.731487670587786,19.72993,test
42,15.46128381443352,15.489338,test
12523,7.855867764432205,7.853573,test
15677,21.10644351117028,21.200132,test
12007,1.05112461751105,1.0281993,test
9816,6.61955436491713,6.709753,test
7230,13.904249027946616,13.900385,test
10152,12.850215311528768,12.807448,test
13378,18.695667426133884,18.335709,test
2470,5.973592205716125,6.0187407,test
13240,13.498157554838311,13.471305,test
19243,11.199816913398337,11.187406,test
14734,17.168515109191507,17.21183,test
7267,9.431191776204898,9.397879,test
8621,8.4675586703536,8.507063,test
1009,17.9295234851387,17.92591,test
4640,1.158911068767874,1.1103894,test
14338,20.851586205274327,20.816784,test
6236,15.775942275503766,15.598841,test
14756,17.01949391748701,16.996471,test
2607,13.379381418221543,13.243677,test
12076,13.203916372810404,12.977762,test
6767,1.137862220116969,1.1378093,test
6525,5.921244000896134,5.9324503,test
16721,11.277063368799054,11.1840725,test
9395,8.710754922331347,8.651351,test
361,3.1079799496526985,3.122663,test
17073,15.712259125620964,15.725079,test
6289,9.103574515142473,9.085709,test
8206,13.780928049951536,13.940709,test
6927,3.19429733582384,3.248849,test
5735,6.343126802553857,6.265915,test
15270,1.8554873944808263,1.8266864,test
8671,3.704065095162584,3.7641542,test
16359,6.150212463871887,6.1912036,test
7373,20.64904651150993,20.614779,test
19157,0.2380586559620104,0.23311917,test
446,13.119106645160954,13.194795,test
2463,6.811832871273055,6.675925,test
17770,3.0826266165594864,3.0566099,test
7907,2.707947457021453,2.8164551,test
1367,0.6228926248219834,0.6181553,test
14659,5.399443204830154,5.3555317,test
17711,9.478360584469137,9.506088,test
17692,11.835689939956776,11.82829,test
15996,5.778041301573906,5.8673697,test
4535,11.63050030667391,11.5618305,test
12247,16.403397153803326,16.424213,test
14389,14.310053710175904,14.301882,test
8844,5.763065950773291,5.6813483,test
233,18.228537312643347,18.260193,test
5299,11.854851335084955,11.91805,test
776,1.1434414576730043,1.1921868,test
7385,19.20777459986707,19.18566,test
12590,1.303260092686907,1.3090994,test
11139,11.005384936292112,11.089939,test
3699,19.87961467187997,19.810572,test
16731,10.095027067201936,10.081677,test
17920,7.168341527143422,7.2598853,test
8507,2.10851854621772,2.1133933,test
16885,13.46428324255122,13.492776,test
2091,5.841694172189188,5.8710666,test
15321,15.406257416308708,15.561067,test
6432,16.616105349381726,16.552666,test
16099,14.737981836283565,14.969085,test
4773,6.267936325701151,6.3885245,test
17017,0.6474868820101871,0.6961352,test
14218,11.455092051775775,11.506563,test
3989,7.921374079647546,7.97025,test
11132,11.957765415147254,11.966903,test
12768,2.1765577251506,2.2528803,test
5556,3.892888255940409,4.0291953,test
18991,18.37459379121796,18.286541,test
12818,18.775867066010044,18.633501,test
13808,14.812256155630717,14.8941765,test
5578,1.797764621203506,1.8058621,test
10381,6.770960618271328,6.825848,test
11997,1.7941258085637946,1.7909101,test
10014,4.466775026960421,4.390208,test
1276,9.277579704581033,9.178169,test
19343,1.0779893712578417,1.0636301,test
2899,2.165301081354169,2.1547544,test
12692,9.924249383232612,9.924614,test
1530,2.9390964541884395,2.9620044,test
17335,7.326863449214839,7.3864746,test
8173,18.393675859569704,18.241966,test
17164,5.250083867230127,5.161221,test
8637,7.2448385778715,7.4354696,test
12498,10.592555756085114,10.632866,test
594,20.64026092424014,20.776417,test
5071,15.590587472082955,15.725855,test
13333,3.8194578624783415,3.8059936,test
16249,19.856146873621327,19.649166,test
17625,20.619603338229275,20.569696,test
11393,3.778986894853324,3.701265,test
15020,7.90491666256397,7.908129,test
5667,14.239066991181218,14.236973,test
1383,19.91562137974076,19.935389,test
8819,7.955705403471489,7.886831,test
225,19.447750903991977,19.449099,test
15523,16.561401012895523,16.5247,test
15477,0.4579743162044821,0.44987914,test
4328,12.520447913153646,12.491016,test
2677,5.570027341515312,5.5768666,test
9289,21.883111749021403,22.05933,test
5628,18.97783635086453,19.044615,test
15797,6.759805887869665,6.7626963,test
17626,20.545671244997056,20.498592,test
17578,2.003196114752176,2.121844,test
472,10.652519967003125,10.65148,test
6988,15.777660084156258,15.906709,test
8828,7.125089337142545,7.0775385,test
3532,15.948523034735077,15.818504,test
2968,15.715907531105977,15.687769,test
14955,14.9683286272961,14.993054,test
15279,1.12197006874242,1.078276,test
16920,10.35919589388339,10.426032,test
2086,6.432884605747294,6.4734683,test
4543,10.762815546755805,10.718593,test
8864,3.698717318190408,3.6649604,test
10626,2.91443698040874,2.962604,test
917,5.610177173950754,5.5941215,test
11912,10.709822207189246,10.672582,test
902,6.997421397745162,7.0201716,test
13477,8.089232483365288,8.120614,test
16530,10.409646364204525,10.330346,test
12406,22.425635095851447,22.40408,test
13183,21.58628756969036,21.573566,test
6693,8.029241557150069,8.028694,test
281,11.938097441954266,11.891652,test
3658,2.7548277406398447,2.7302825,test
1997,16.443637743954262,16.422009,test
3726,14.331571046022336,14.62401,test
7786,15.77247694978828,15.762444,test
9986,8.297336819613223,8.11302,test
9930,13.315185163065046,13.335003,test
3666,1.8121443253619345,1.9319761,test
5483,10.602367910695769,10.626195,test
14888,1.793123091856571,1.7326546,test
3006,9.629978734288295,9.582234,test
2912,1.3071559185457688,1.3154262,test
16055,18.316184786653974,18.207876,test
13707,4.712185901713593,4.665144,test
4475,18.797600208303844,18.501724,test
15250,3.6296747637093656,3.654896,test
16976,3.7724792780648464,3.8183372,test
17927,6.857278681656213,6.6557775,test
11660,17.630353194228597,17.607534,test
84,10.604159252044685,10.516423,test
12031,18.561123370951908,18.442274,test
15077,2.0885750141874344,2.0492547,test
1485,7.651797725467866,7.709757,test
7059,9.37812772587934,9.390279,test
16622,1.13098503099497,1.136813,test
8531,17.909930017142337,17.913439,test
2658,7.264080921153204,7.2297497,test
3166,14.00219643003581,13.857474,test
7815,12.533416123401896,12.636741,test
13363,1.1910171414477997,1.2336848,test
2923,19.410075363528183,19.389318,test
16692,14.551269449996363,14.538121,test
16330,10.71013017771753,10.882865,test
16805,2.287225455287389,2.346058,val
13452,10.464763246143962,10.370612,val
18775,21.412011680790247,21.379053,val
8933,18.393293465043826,18.375517,val
1227,15.239086349973208,14.824837,val
10948,11.396419238777924,11.336476,val
722,5.841711333078052,5.8680286,val
10533,12.43905469918994,12.413958,val
1753,0.3251951708744739,0.3343531,val
18761,1.4807608519673476,1.5390079,val
7469,8.330769271708231,8.352085,val
11696,12.869972285041127,12.857037,val
9389,9.426342565669636,9.554469,val
7906,2.781828536953889,2.9567533,val
18985,16.67023959410252,16.649145,val
14699,1.6885566038650683,1.6485392,val
7858,7.526314712071339,7.7024636,val
16819,1.1101766876108592,1.0547384,val
1507,5.380695373701908,5.4444056,val
9116,17.580536274946095,17.462755,val
5566,2.9112589463816354,3.2393134,val
12300,9.430741418615582,9.484782,val
10392,5.665291767722217,5.75726,val
628,17.035934313047164,16.852993,val
7421,14.290367559244933,14.345434,val
12576,2.262567301805966,2.223495,val
4244,1.8132882188162047,1.7867786,val
13120,6.795842436620012,6.830828,val
7979,17.503426448836798,17.44004,val
2620,11.741038210081213,11.866411,val
4789,4.651664249388105,4.6055684,val
16703,13.042228875070744,12.973444,val
3429,6.101832854291582,6.1730103,val
14246,8.299955993925577,8.307622,val
11145,10.227065823233692,10.447065,val
6737,3.791104377967181,3.744583,val
17170,4.812550558279357,4.8230033,val
7656,7.64385084492504,7.6605673,val
8442,9.090049581276883,9.085744,val
15813,4.910194097475528,4.8762903,val
1543,1.9251394283612675,1.9240599,val
15160,13.591363188036082,13.583118,val
4673,17.138356001547443,17.271212,val
12614,18.20470794267766,18.241241,val
3575,10.45926547729429,10.582946,val
2590,15.455947755842589,15.552008,val
18806,17.246788882778095,17.214735,val
7630,9.70687738751862,9.655515,val
5639,17.426051844738854,17.480185,val
14717,21.883098764138065,21.7691,val
9920,14.342665156740557,14.369492,val
11121,13.157019067953824,12.787123,val
14009,12.730598597966395,12.7308,val
11595,2.651527585874303,2.5671504,val
1273,9.342786205473372,9.319776,val
12752,3.699247090453844,3.7026396,val
3583,9.986179141591403,9.853057,val
5900,8.755063892210252,8.71548,val
16945,6.864796318960942,6.8244605,val
12086,11.952677003143998,11.832778,val
1815,12.935471538399469,13.022461,val
1140,2.9295398135512216,2.9802027,val
17947,4.792546102658107,4.5819535,val
12199,0.4170830830457206,0.44199818,val
17840,16.802227512451765,16.897278,val
7371,20.788793868369066,20.8029,val
8705,1.0327926876832498,0.9863613,val
11571,4.745151907285582,4.8733096,val
15829,3.62230964069982,3.660583,val
6402,20.477152580000524,20.309938,val
4565,8.28339667467625,8.282239,val
16200,3.469761776000784,3.4610114,val
8298,3.670680761132071,3.670293,val
16173,5.881868053602412,5.825178,val
2604,13.670924879721824,13.69594,val
17848,15.807479092189793,15.838748,val
5082,14.132508405383772,13.974639,val
14247,8.122913487790196,8.134721,val
8011,13.719759243856894,13.774632,val
9858,2.1307502532516533,2.1348562,val
5301,11.754340647711116,11.810966,val
3887,21.114951287207308,21.114275,val
17822,19.075495696159805,19.004293,val
7697,3.461892673900826,3.547963,val
17273,14.518377354081572,14.450317,val
18498,7.251156262386271,7.266087,val
17341,6.8099468041570645,6.76826,val
11858,16.635093926076024,16.713951,val
1586,16.334832106215057,16.154644,val
16985,3.0330238275174377,3.0210016,val
15992,6.069436117962581,6.1072383,val
9086,1.0403130940037917,1.041463,val
2391,15.08968541442692,15.080217,val
7784,16.533326361728204,16.53357,val
6206,19.76674272756582,19.667927,val
9962,9.61521552778026,9.724421,val
13779,18.05903413344509,17.984684,val
15651,2.040543733518153,1.9577837,val
10611,4.355962319080401,4.23473,val
12814,20.08957843121266,20.003334,val
18647,13.22275106130094,13.132214,val
7449,10.676924945057074,10.691517,val
1269,9.507253344137617,9.560279,val
7605,14.468006533462834,14.299556,val
11099,15.616235125551254,15.521333,val
14052,7.791214687387475,7.7976065,val
4803,3.3700571634678846,3.3840275,val
7342,1.8843059250030496,1.8664066,val
13555,0.6326749747123118,0.6732225,val
15983,7.084012421783982,7.1352267,val
834,14.85296290559434,14.925928,val
12787,0.9890649458038714,0.99256134,val
5733,6.493815021486542,6.3836346,val
14044,8.651648231176246,8.507234,val
4428,1.9528916774035667,2.008031,val
16112,12.083290664289382,12.0787735,val
6714,5.85585237658354,5.9191017,val
16931,8.913798174592413,8.886349,val
13258,11.71845867469934,11.75675,val
15395,7.697620498565678,7.7023745,val
13090,10.121037590840425,10.071501,val
13661,9.415729243550958,9.353593,val
19234,12.010783239480766,11.92047,val
8846,5.421431127543902,5.2879868,val
4885,16.15324680528561,16.008642,val
17154,6.271612067532873,6.2071576,val
19,19.717487712917336,19.688295,val
15008,9.279445561083696,9.324791,val
3851,2.535865459765726,2.5120716,val
4036,2.9857725328585043,3.0634937,val
821,16.551550229022144,16.616293,val
7434,12.919458078313,13.029057,val
16125,10.337693263276352,10.430352,val
7701,2.9509832493192243,3.023405,val
5957,2.8143683783967792,2.723359,val
15247,3.855351850843969,3.8429012,val
6939,2.211556500490915,2.1613698,val
17247,16.618291086074596,16.646347,val
7333,2.6835720690244327,2.644824,val
7211,16.232078882045347,16.261568,val
11050,1.1795621428183742,1.191855,val
11114,13.926543175699464,13.920034,val
15929,13.39500002488697,13.351392,val
10813,3.812739160100957,3.8384058,val
11312,13.122775190113272,12.994859,val
13190,18.78437344690304,18.969425,val
15577,9.838652759981526,9.8722925,val
3430,6.061365480764338,6.0571733,val
18230,16.858583325606983,16.724508,val
9641,3.9657636199905935,3.9214582,val
17682,13.066569542703396,13.110349,val
495,7.993728432630232,7.9456944,val
14936,18.42372632270645,18.420317,val
8670,3.824319950284413,3.8027296,val
18864,10.48630147122888,10.675721,val
5539,5.3610701474765,5.4423237,val
10405,4.937989354886553,4.8998103,val
13833,11.252164989749817,11.219387,val
17895,10.288911523880014,10.314532,val
2241,10.031121491663354,10.066346,val
10340,11.019892902767692,11.101703,val
3816,5.5151831135180975,5.6718144,val
1414,15.96851228537082,15.902611,val
14639,7.507132140053376,7.4278135,val
2990,12.469168400653516,12.459294,val
9931,12.932200301262752,12.9458275,val
1004,17.266786566320285,17.272217,val
1513,4.680979860488996,4.6945868,val
10575,8.332462323677241,8.304091,val
3407,8.424152725500322,8.5886135,val
342,5.066665232751465,5.029287,val
15142,15.57018879495005,15.498652,val
2618,11.983312060913736,12.005031,val
8078,5.917507397680087,5.878724,val
17892,10.476162829961728,10.540772,val
14834,6.637823250086994,6.7357197,val
5651,15.756468273584634,15.862673,val
11153,9.360690564166836,9.666486,val
18358,2.8000224262818487,2.816548,val
3715,15.694378189594364,15.790542,val
3594,8.635128169352852,8.608386,val
3588,10.335908303305269,10.402714,val
7509,4.03729978443681,4.0410957,val
15179,11.370286017481884,11.284522,val
8428,10.4699628985236,10.538903,val
8700,1.4035939195136635,1.4263353,val
12094,9.283559661007953,8.916996,val
10409,4.194793829741229,4.2205753,val
10990,6.735180665327609,6.741183,val
8693,1.995677612709788,2.0002723,val
6357,2.0950982891919705,2.120482,val
7069,8.330537110060302,8.400242,val
1701,4.482752661237788,4.6317763,val
15051,4.650723644780852,4.6726556,val
6810,14.45722071434365,14.749139,val
3581,10.588631463928694,10.478404,val
8644,6.8868132861073015,6.867541,val
2390,15.251220482915649,15.405274,val
9928,14.330642790906747,14.295498,val
15357,11.744774828253435,11.760474,val
6202,19.3867508237777,19.289011,val
16049,1.1221725068956276,1.118125,val
7258,10.508561778122022,10.485232,val
3318,19.62987800431468,19.524746,val
14483,3.941171193822505,3.9888682,val
15268,1.9515447932910388,1.899969,val
118,6.992494173045546,7.0108376,val
5043,18.489299897272065,18.52987,val
6592,18.74568341925,18.722353,val
17446,14.2434723873526,14.182211,val
18974,18.431838564641804,18.434566,val
1841,10.664391052633627,10.622271,val
8856,4.414627033354797,4.425984,val
1217,16.481586226542106,16.235296,val
14173,15.934156703617912,15.905719,val
8920,17.85577171516699,18.021545,val
10156,11.991471590927391,11.889068,val
12812,20.78339499794149,20.767765,val
2571,17.828648884386254,17.891438,val
14254,6.932344007924968,6.9300632,val
13786,17.991236712742626,18.036407,val
9901,15.8728402278049,16.010471,val
13241,14.47275726879037,14.53,val
2847,8.017892430964801,7.932489,val
17885,11.449195520884563,11.410027,val
1790,16.494348896448685,16.559565,val
18713,6.04775059257123,6.0714827,val
8448,8.154288451715736,8.136744,val
13451,10.669713849717825,10.542855,val
2619,11.860267812098623,11.971846,val
16540,9.25014287519942,9.158976,val
3026,7.582640664129214,7.5485125,val
79,11.957717205194452,11.954085,val
13687,6.832699189695696,6.84751,val
13852,9.270114056256531,9.269742,val
9111,19.777408132773022,19.835567,val
16420,1.2341498905571355,1.3246063,val
13576,20.72243599734375,20.702524,val
11959,5.233573330052554,5.3145547,val
12185,1.3127454650084274,1.2847146,val
10300,15.43345791029106,15.497299,val
15105,19.39750633121132,19.874582,val
4070,21.25265352202306,21.281706,val
2948,18.36784392654059,18.40156,val
14751,16.18555703784235,16.111897,val
11713,10.687175166814097,10.696711,val
7144,1.3850976877333647,1.3312906,val
17749,5.082747833500382,5.0516014,val
17586,1.2923401544818427,1.2831314,val
11848,17.842167604445358,17.818184,val
6306,7.226851241771019,7.2975545,val
4255,1.040681603025723,1.0462707,val
10775,7.521714966523207,7.4943542,val
2778,15.790417568538304,15.69492,val
19340,1.3849421715186834,1.3596224,val
4873,17.61050810105186,17.621712,val
4106,16.14250170171485,16.131577,val
9705,19.438325681821617,19.473692,val
10535,13.191544858929737,13.025636,val
9530,16.693498423975125,16.522766,val
9605,8.00264886053766,7.943598,val
14346,19.728100895951272,19.755432,val
11265,18.45862604805196,18.43625,val
8736,17.90551808919021,17.973269,val
15104,19.719555393136424,19.97354,val
14861,4.178896451890386,4.1793036,val
18848,11.907010272061756,11.862683,val
7250,11.470578376385207,11.438888,val
17009,1.133789040619819,1.0811176,val
8839,5.923502701159004,5.9324303,val
9099,19.452637288946583,19.420317,val
5771,2.7542181040102234,2.7478921,val
17458,15.733147281609677,15.758104,val
2201,14.831805606706672,14.917765,val
13441,11.752443497669326,11.580272,val
15439,3.3676551357471234,3.3937328,val
9668,1.3737529655445482,1.4142859,val
9092,0.7463371214011268,0.786497,val
504,7.100198310212964,7.0521536,val
12646,14.949573252310453,14.902686,val
608,19.691965805884927,19.61431,val
11276,16.887391355785788,16.80774,val
13494,6.083009915142766,6.1118636,val
16546,8.179992598944546,8.302822,val
16494,13.92035396262535,13.976563,val
5656,15.778541711887396,15.6648445,val
7493,6.011368195045883,6.0584154,val
7480,7.17525441055417,7.1849546,val
2140,1.231795985543951,1.2811514,val
17371,3.689428870115513,3.6545863,val
6137,3.887874815841608,3.8422194,val
10184,9.169852719838648,9.161711,val
15339,13.527171296121136,13.595454,val
3246,5.226498166115549,5.173594,val
19185,17.06612242727331,16.927942,val
8761,13.589567712395016,13.63709,val
6267,11.768505561341088,11.921652,val
9542,15.237388523338096,15.302578,val
13124,6.016316852695407,6.035369,val
3500,20.42554714194496,20.401283,val
11414,1.8696149942912648,1.8344344,val
18215,17.064681393457715,17.106451,val
17189,2.940411364737702,2.8830724,val
5904,8.128406556859451,8.304849,val
5180,3.5773972009081483,3.5475445,val
13899,4.457625565481948,4.4560738,val
11692,13.237184690141952,13.205171,val
15831,3.031896904965561,2.9670606,val
3144,16.811713606054767,16.771301,val
14718,21.30682901204146,21.161585,val
16834,19.870159959898995,19.782328,val
7118,3.547048224643249,3.5105815,val
2982,12.991196408159526,12.969222,val
13037,16.370164888138717,16.335396,val
4267,21.134233752092904,21.107895,val
563,1.670467716346718,1.6284872,val
3661,2.384150249180813,2.3016922,val
107,8.107513210147953,8.111053,val
2801,12.907422445745302,13.121292,val
3862,1.6310063655141993,1.6346325,val
8002,14.85036484651149,14.663161,val
1462,10.24113521104626,10.194977,val
17198,2.082355421510476,2.1709952,val
2580,16.728148826641863,16.735403,val
6186,22.51810904772024,22.519367,val
13654,9.871968515119574,9.924445,val
14166,18.395928764528342,18.478937,val
8415,11.857476357829489,11.826563,val
18526,4.543693374136181,4.5369797,val
4474,18.897120319057937,18.915005,val
17975,2.073289043101292,2.0239341,val
8409,12.814468089423796,12.799814,val
14359,18.12760420278228,18.1605,val
2644,8.999588308343691,9.013335,val
2834,9.219627061707016,9.194311,val
7091,5.938801070008531,5.9930677,val
11721,10.33162145927244,10.118693,val
14340,20.6199268548164,20.523266,val
16758,6.528035344314965,6.6577277,val
6167,1.2280261139053938,1.2609247,val
15319,15.90770987524376,15.874036,val
1641,10.833195611706454,10.9368105,val
8687,2.4467383451256204,2.420589,val
15500,18.20349270386116,18.577068,val
5951,3.460290247609483,3.4986792,val
14569,15.43831003671816,15.412072,val
1655,8.92689142333676,8.854874,val
10887,18.8917924248777,18.9411,val
3712,17.108019803180568,17.038338,val
17699,10.739877272672484,10.680187,val
7417,14.468608984377449,14.468641,val
7183,19.55665318780612,19.572987,val
16334,9.152192933715542,9.145888,val
14208,12.668039037006569,12.743437,val
12123,6.605530060744253,6.6148734,val
17982,1.3269923976169904,1.3061507,val
10457,0.3449050542105189,0.34045404,val
16560,7.003368570094018,6.975875,val
10806,4.339308749279232,4.3835692,val
11765,5.001723741254154,5.001385,val
10512,14.727849276389058,14.634086,val
9747,14.49025496191373,14.463805,val
5030,20.79781279148432,20.766277,val
18990,14.72114107250854,14.794817,val
11217,2.799670255742121,2.8857312,val
14529,19.88786308389,19.850132,val
3210,9.217031121970196,9.207123,val
16686,14.25623848500604,14.28746,val
14635,7.277696687593821,7.4033947,val
17327,8.08715543537539,8.171582,val
18115,7.511030957115212,7.5203958,val
19143,1.0160497587791348,0.9811561,val
5090,13.45187450066318,13.476699,val
13681,7.249197983386883,7.2203255,val
15896,17.55630636881838,17.534063,val
3829,4.663490689822149,4.619411,val
17473,12.107332051717291,12.171625,val
4152,11.118775421763925,11.0694275,val
12302,8.954296319623023,8.97879,val
8496,3.020182198036789,3.011006,val
10532,12.572868119695418,12.475443,val
14578,14.726246020851306,14.694826,val
14336,21.074372674094267,21.101862,val
9267,1.6692222056202215,1.6005191,val
3245,5.3302190546693495,5.2619977,val
15849,1.8748307727858944,1.8786341,val
6966,0.3805160337022618,0.3605582,val
802,18.856980322393763,18.819483,val
8981,11.044516422493452,11.040674,val
12464,14.635467233355358,14.461012,val
18590,18.60334351395048,18.658422,val
8924,19.21963118914365,19.17734,val
18752,2.158297530060873,2.2075465,val
11235,1.2253805994908007,1.2649152,val
18412,15.950957662054387,15.772756,val
13332,3.905701542109553,3.8816466,val
7090,6.098461418346185,6.084623,val
10267,20.60152562811988,20.547548,val
18350,3.5387541569232943,3.5337906,val
3443,4.910341198600746,5.063325,val
6627,16.579439704424104,16.5846,val
6419,18.08853372691601,18.179691,val
10241,2.9802215247224235,2.9841433,val
3361,14.130645135720483,14.058113,val
6397,20.9711230422459,21.018942,val
15786,7.926256601010951,7.8778267,val
7497,5.092621210599559,5.0926747,val
4852,20.2695995347267,20.199919,val
9817,6.134797471379698,6.0841637,val
3383,11.550342668810964,11.472282,val
409,18.92157153281165,18.96702,val
18751,2.242923555821449,2.2395575,val
8006,14.105898172042316,14.252822,val
5333,8.160288055829882,8.18239,val
16863,16.616812073614593,16.46392,val
8602,10.351281919070312,10.263478,val
10880,19.653130409115445,19.769579,val
15844,2.0271350403545947,2.0199797,val
9757,13.220966099762768,13.148761,val
10162,11.63319063785756,11.557539,val
15595,7.842431792927273,7.823096,val
12255,13.470889618457626,13.484962,val
5573,2.1182007089913464,2.1026323,val
18852,10.946615278837948,10.993202,val
6833,13.486071784454518,13.461692,val
4811,2.61545302123905,2.6368659,val
2889,3.064045937067028,3.0669475,val
13305,6.686143711461952,6.6894574,val
12269,13.05458408026415,13.038098,val
13663,9.008155888328533,8.974801,val
18686,8.861395681225803,8.8482895,val
12297,10.343575928060478,10.276097,val
7094,5.543041658473138,5.5955067,val
684,10.045446265669552,10.126267,val
11389,4.182154652424446,4.2376146,val
3469,2.1842839593044663,2.2433944,val
467,10.87320598381482,10.820411,val
2997,10.397645188536732,10.5415745,val
14371,16.675254541050364,16.697668,val
8309,2.711556369693399,2.7014291,val
18511,5.861056808316538,5.9584274,val
2262,7.591092092501042,7.6181626,val
12239,16.385445782710885,16.307522,val
6643,13.309153325621908,13.484285,val
9132,15.853165269004808,15.868863,val
10619,3.5852318396786256,3.5523946,val
12803,21.71898326758289,21.660133,val
9260,2.0197790545994048,2.0840745,val
4089,19.09355276949448,19.089563,val
17257,15.584175339566112,15.614975,val
17527,6.306865241369608,6.0226483,val
5437,17.543614663252647,17.492447,val
7259,10.3955724798023,10.39545,val
14506,1.461907007641784,1.4556288,val
5562,3.0397804807853057,3.1523123,val
13347,2.592315967274528,2.5932603,val
8041,10.204810157204214,10.003993,val
11911,10.200518852485606,10.328872,val
8490,3.8590342162965054,3.885152,val
18552,2.2324733049062586,2.129734,val
16264,18.374692048240977,18.326498,val
12150,4.270835725028564,4.2249856,val
17707,10.44183721572815,10.467843,val
7289,6.959867012005103,6.953221,val
15361,11.980356606479388,12.195029,val
14986,11.966555080513968,11.936347,val
5262,16.683757324391276,16.686417,val
11481,14.011673683193784,14.061332,val
14029,10.373415689635616,10.363189,val
15947,11.270144360638536,11.206687,val
17753,4.99495494728056,5.0027475,val
14557,17.718228116608906,17.823217,val
3056,4.671923134913186,4.689147,val
8666,4.408709499578818,4.4506707,val
13028,17.477654387299477,17.466427,val
19175,18.074531138011054,18.00724,val
18843,13.185436939965626,13.206598,val
18486,8.678781890236325,8.642474,val
4759,7.8397769633744385,7.815052,val
18921,4.047560517574157,4.084116,val
6100,7.574348549073094,7.424261,val
144,4.423971655629552,4.502794,val
16782,4.442489485498845,4.3494897,val
14270,5.468891554298526,5.4157166,val
1769,19.47609977377016,19.485859,val
10584,7.065481108740975,6.7490788,val
5247,18.346151770284365,18.3529,val
15017,8.249329022699552,8.24327,val
8738,16.871222331517075,16.90155,val
7611,11.730689282939746,11.705528,val
14948,16.598039458822814,16.65124,val
18849,11.661808257294677,11.719222,val
9476,1.1056973210714158,1.1166444,val
16897,11.66796153628522,11.731508,val
6956,0.9602208278688128,0.8935894,val
11698,12.779516408341426,12.733643,val
6094,7.999957505857185,7.9115095,val
17686,12.889163043616737,12.84123,val
7917,1.8671032035408703,1.8931193,val
13017,18.856910097806143,18.875343,val
14700,1.614176386067963,1.5688955,val
18395,20.03062312548748,20.049456,val
15583,9.207786585032604,9.096147,val
19001,17.037178960862892,16.985277,val
6269,11.414647594775651,11.731074,val
3278,2.09054404047392,2.0606098,val
3696,16.928534055710585,17.317122,val
14068,6.010415572732476,5.9054284,val
13699,5.472658525144233,5.430543,val
12675,11.48890872203282,11.37699,val
6999,17.006588971227544,16.845701,val
17366,4.188386442555907,4.287578,val
10540,11.799456291346583,11.893541,val
2823,10.410722816826484,10.415379,val
13827,12.645359261063485,12.64748,val
1131,3.7849858087042856,3.8162093,val
17796,1.3057496241384172,1.3124992,val
9228,5.060592637530169,5.101666,val
13432,12.838946949944685,12.797512,val
10699,15.087453839252102,15.251885,val
17097,12.180160952353573,12.33828,val
5790,1.1742025341346154,1.1863359,val
19350,0.7439760317628298,0.76367414,val
5353,5.974908237662385,6.0512834,val
5851,14.29013850780115,14.212034,val
17652,16.879460578315577,16.942543,val
11204,3.877647128071545,3.900835,val
5350,6.067750089440334,6.0896134,val
3856,2.061264331746045,2.1354778,val
13425,13.104163464060582,13.299363,val
9971,8.863803515288758,8.893252,val
14014,11.918534498819152,11.829606,val
7579,15.544110589289607,15.544392,val
1674,7.013161331451601,7.139125,val
1433,13.686765706765971,13.641896,val
6580,0.6432453317865185,0.6541834,val
14643,6.692299887725181,6.679344,val
8823,8.21475898440294,8.189735,val
6278,10.401809286965952,10.370036,val
12372,2.296148548906264,2.3007073,val
13476,8.246816303525238,8.297649,val
12463,14.77507206664462,14.78368,val
11282,17.022286079617356,16.943216,val
16210,2.588664631132678,2.6269772,val
3103,0.8736678263629782,0.8760218,val
9103,21.14361306609871,21.204847,val
6749,2.6572991188333943,2.6236658,val
10513,14.573414924818556,14.48871,val
15605,6.748519088532879,6.6967015,val
13224,16.202507845293937,16.202642,val
8500,2.9221661934732364,2.930369,val
5732,6.580698075333382,6.541223,val
1341,2.164732159126705,2.148594,val
3489,0.6606626307968647,0.7042152,val
18760,1.5479651041354197,1.5869603,val
16711,12.476824380242292,12.356842,val
1056,11.512793432462743,11.338177,val
14307,1.9626136393084097,1.9415071,val
16643,19.78249634380149,19.727198,val
14412,11.676546172088448,11.643924,val
13199,18.111510496260017,18.248192,val
14458,6.158048608548822,6.111958,val
14985,11.664951774915204,11.710085,val
3784,8.89801221202423,8.988473,val
11563,5.872413166707532,5.80337,val
3871,0.9670731349975112,0.92181444,val
14845,5.500372888022721,5.5781846,val
13851,9.45781956295983,9.392616,val
12717,7.039369473822707,7.0853443,val
3368,13.166440327142649,13.252702,val
7817,12.086954333825462,12.050681,val
3142,17.333709947670382,17.209717,val
10181,9.319312455687763,9.315072,val
2340,21.54565206616051,21.443419,val
14233,9.244918789685956,9.196864,val
9279,0.571852117627964,0.57056963,val
12559,3.964667869345419,3.9869585,val
10178,9.469868156610367,9.447837,val
6081,9.54222322436082,9.681553,val
16027,2.8001797364297256,2.8347309,val
11908,10.74301269084945,10.738163,val
1030,15.09191335721981,15.162429,val
16204,3.062298119053696,3.1245506,val
6522,5.986791516432868,6.0083766,val
1038,14.473680073462305,14.455937,val
3616,6.135687209716323,6.398426,val
4644,1.0011282457264936,0.97005546,val
17526,6.440566628500688,6.3880033,val
3061,4.46289299724687,4.418749,val
5211,1.0136148373998783,0.98505944,val
16911,11.258361041089428,11.243763,val
14982,12.165803804722358,12.14051,val
6385,0.4266426963397161,0.39598432,val
12270,12.677918231461703,12.728063,val
399,20.16702775210938,20.133564,val
4816,2.018539115985158,1.9267234,val
3257,4.158561973574067,4.1241183,val
9684,0.610601397351472,0.592598,val
6219,17.436293662344287,17.464188,val
15139,16.288295497489166,16.200817,val
2212,13.33751284239281,13.248308,val
3892,18.920187264559345,18.834316,val
15639,3.4468938709029184,3.5409882,val
19084,6.277473799763931,6.354546,val
11962,5.024256746378185,4.9983644,val
12798,0.0589251324615713,0.21290213,val
4798,3.744287069160592,3.6652555,val
14333,21.52811774900184,21.499187,val
18163,2.770263121237904,2.7830596,val
3385,11.401789840822634,11.259089,val
4182,7.754158325064156,7.665437,val
9754,13.6137384154153,13.641609,val
19285,6.33936718273079,6.3889213,val
1642,10.56120439403552,10.790017,val
18601,17.18789855688316,17.207405,val
353,4.037939956831015,4.0422597,val
17874,12.702159667673127,12.681336,val
1563,19.080541495724457,19.04567,val
6766,1.1885429782843837,1.1585145,val
6133,4.168898141915142,4.1085634,val
6263,12.081415017488832,12.146953,val
7773,18.42001981031396,18.38866,val
15699,18.23004128494265,18.272825,val
16298,13.03422658455398,12.967416,val
6300,7.867162988813813,7.853574,val
8944,16.635236892931168,16.62346,val
17731,7.190305876242361,7.158119,val
11814,0.6606805763709711,0.6941834,val
3933,13.86840072474676,13.88343,val
12865,13.701768201512214,13.678515,val
19258,8.855706359590847,8.887877,val
10076,22.531153766300807,22.462967,val
13855,9.458825333015174,9.517028,val
6601,18.248336747002167,18.32239,val
15369,10.32407934623251,10.249062,val
5928,5.736774826069567,5.6572537,val
14510,1.3853933289266078,1.3558952,val
13724,2.998289285903586,3.063849,val
16656,17.236933651617203,17.22482,val
11974,3.7989070553396425,3.7844815,val
17569,2.784850892480272,2.9283059,val
16286,14.872399339564604,14.80333,val
5815,17.305387485502532,17.564793,val
14455,6.957708699746891,7.023376,val
14721,19.688909091107405,19.531242,val
1654,9.081620871335003,9.154295,val
7879,5.364355447995039,5.340642,val
12160,3.360405760506087,3.373672,val
13154,3.008219736069542,3.061083,val
1532,2.83423123173924,2.841115,val
17893,10.411834356614412,10.475523,val
16881,14.933911109935917,14.860504,val
19050,9.085631397823471,9.152902,val
11564,5.722224873234183,5.704467,val
5064,15.886806200452588,15.735613,val
5435,15.05301539517676,15.047011,val
14414,11.562014560205077,11.484343,val
17780,2.183069124320878,2.1601832,val
3646,3.397394745863997,3.5210912,val
5645,16.343571646450346,16.261374,val
4841,21.705299245448405,21.6813,val
9002,8.74811768907075,8.636287,val
11332,10.631007912373358,10.54462,val
9533,16.368784536453024,16.28941,val
17174,4.267777585241665,4.2340727,val
1855,8.896022126118076,8.947748,val
1354,1.32878691343522,1.3257934,val
10339,11.270252168213023,11.360812,val
6761,1.6745749058403203,1.6631539,val
7133,2.1836144699934983,2.2099261,val
8915,19.96320367906602,19.974936,val
14500,2.1941120072748856,2.1635509,val
2584,16.10055013340373,16.143143,val
10238,3.050662320139613,3.0223484,val
9791,9.203314485052251,9.184583,val
11825,21.298622776526816,21.365152,val
5722,7.641496618173301,7.548207,val
1010,17.519214658475736,17.516693,val
13463,9.231816793352746,9.263721,val
6551,3.021348753904556,3.0151188,val
2661,7.023515139664181,7.030845,val
12196,0.5326644634711801,0.6024233,val
9464,1.922876659669453,1.9461488,val
38,15.350849714025532,15.246396,val
18405,18.80935335248141,18.724718,val
18347,3.847219372314952,3.8325825,val
5479,11.773474591761396,11.829622,val
13625,14.44938458142125,14.438457,val
3080,2.688097271842742,2.5698242,val
6296,8.368221389106514,8.52631,val
6725,4.772549309774553,4.853223,val
14730,19.00171900813675,18.859993,val
2659,7.180870468200711,7.1664467,val
7888,4.473568473593699,4.428275,val
6541,3.96971765733924,3.9992647,val
5684,11.866963310351297,11.608759,val
1646,9.842195639624991,9.857045,val
16625,1.0005305137567044,1.0193466,val
4471,19.499481856958088,19.555246,val
12256,15.738164667877596,15.718375,val
16201,3.356594281756209,3.391286,val
3145,16.554569116080362,16.6027,val
15169,12.573707079844525,12.461547,val
4223,3.5962117765652035,3.552295,val
10343,10.424197674366626,10.418235,val
2779,15.620786504889503,15.63116,val
9270,1.2268080033000304,1.2827265,val
15147,15.493881833587254,15.414869,val
14079,4.898419465963346,4.855588,val
5552,3.91836105796992,3.8580656,val
332,6.1231916568991815,6.1258755,val
1617,12.931550519686398,12.68575,val
4165,9.57007532279522,9.490218,val
9753,13.733393816879886,13.676326,val
4670,18.208828688217167,18.230219,val
1557,1.0335980261370734,1.0716887,val
15001,10.0265352764121,10.012651,val
15965,9.158793171876807,9.159574,val
212,20.95213031518525,21.00201,val
8799,10.058696881664863,10.021374,val
17437,15.108566432021892,15.156362,val
18696,7.746051336599374,7.753101,val
16682,15.743463727699227,15.603146,val
5045,17.795308768708765,17.787777,val
16416,1.485018703603301,1.4173583,val
16905,11.185372018123015,11.169398,val
4435,1.5391587749207936,1.5347921,val
10988,6.858479534161102,6.9050922,val
8757,15.130872937879063,15.185347,val
13854,8.903902747277186,9.049271,val
3510,19.25563413194869,19.26246,val
16242,0.3513702140345309,0.33582607,val
16414,1.6551460956559336,1.6363829,val
10815,3.5383664756841884,3.5509799,val
6108,6.8527398553502135,7.0060825,val
14550,17.141800058839507,17.262552,val
4988,4.002137164461392,3.9776216,val
531,4.524670115686037,4.626128,val
2751,19.15188795902272,19.222988,val
3522,17.072544207160256,17.056976,val
8456,7.126384603715369,7.136692,val
7618,11.305697876798536,11.356081,val
17587,1.2230925642160078,1.2685045,val
11582,3.92194547903662,3.9050906,val
3883,19.699521780171,19.7172,val
391,20.502873440824125,20.497358,val
15256,2.96011489174918,2.8879983,val
14956,15.78054141138691,15.788521,val
9,18.31605367166036,18.042948,val
7918,1.811266733124899,1.8372625,val
18668,10.665717673930288,10.56676,val
2125,2.630941427073809,2.6545343,val
7295,6.448134384143343,6.4799485,val
19057,8.631896412335257,8.694391,val
11042,1.3633697089798014,1.2978731,val
12385,1.3109910120175496,1.3164288,val
19037,10.608743618623734,10.771364,val
16607,2.39216448230341,2.3271496,val
8454,7.214397280410218,7.203649,val
1105,6.365753660085895,6.292032,val
8626,8.561985625786287,8.532208,val
6461,12.921911728524764,12.8789215,val
18717,5.455830395677972,5.42549,val
10554,10.191029555350912,10.091135,val
19180,16.16120382993983,16.02102,val
3632,4.99732424573446,4.9247017,val
3746,12.406096553621282,12.675258,val
13302,7.072030146422973,7.080634,val
18453,13.202844171023012,13.276997,val
15732,14.326497182802552,14.279359,val
3834,3.966834699320744,3.9589558,val
18245,14.064994756213098,14.005978,val
6452,14.10856114843574,14.030355,val
18749,2.415610922420253,2.3842204,val
2472,5.825743308598185,5.811174,val
12146,5.016089141930563,5.048273,val
6899,5.674769117996331,5.725151,val
10879,19.814875752509497,19.873562,val
13846,10.45285727389279,10.577738,val
10849,0.8533507798252679,0.91459894,val
10277,19.4778072471088,19.379507,val
18887,7.629782021885949,7.553946,val
14789,12.16410433357891,12.103069,val
2669,6.086094868159444,6.0880437,val
3752,12.699183420416889,12.672822,val
3720,16.93694717340242,16.848116,val
1028,15.755900583920782,15.735936,val
4684,15.731915977046508,15.85689,val
1822,12.54916948435278,12.474821,val
12581,2.0583296137471403,2.0534582,val
2016,14.312106215501268,14.272117,val
5987,21.622689430129167,21.657751,val
1567,18.33133326656036,17.884975,val
18790,17.91819900784135,17.843218,val
7913,2.12330973168822,2.3757527,val
349,4.104663701061107,4.0791907,val
11995,1.9167157769739904,1.8818451,val
19016,12.847950640908902,12.93993,val
6574,1.300001949624754,1.3134167,val
2966,13.82694078421818,13.9253235,val
13969,18.156773296832583,18.257812,val
775,1.1667813306916994,1.2087362,val
11341,8.965972186700236,9.054614,val
15843,2.058999414013375,2.0275662,val
7584,13.672773230702337,14.006875,val
16072,16.928735091443873,16.906717,val
10894,18.08178952859013,17.985447,val
1976,18.96375622644405,19.066319,val
10771,7.49778342398323,7.5698905,val
3915,15.60494102608454,15.610047,val
2851,7.092187450876207,7.1503167,val
12514,8.873531398149563,8.845498,val
11860,16.110758015326322,16.133284,val
12828,17.675356956534078,17.637997,val
8545,18.20264062866819,18.264187,val
1702,4.344585184293362,4.296745,val
3045,5.788370369410354,5.775968,val
11989,2.4755719694714915,2.4878705,val
2631,10.437103612224394,10.498867,val
4066,0.7690462377393005,0.81523716,val
18119,6.968513812805557,6.981166,val
8248,8.849274172058557,8.848617,val
15401,7.242192443659318,7.2236247,val
14588,13.528177339036857,13.573679,val
19313,3.6535992260350185,3.6825185,val
9603,8.094656274078915,8.206102,val
10939,12.487773045055032,12.594595,val
8698,1.5549334830408157,1.5657065,val
14586,14.382621520102605,14.45011,val
4177,8.373373572712591,8.336336,val
7367,21.071291414385936,21.05519,val
5613,20.01212501592412,20.148514,val
4732,10.7054999328372,10.7633095,val
10668,19.3640423862831,19.254007,val
4916,11.99104074636726,11.884266,val
745,3.678489332594197,3.7114108,val
5652,15.577730077251106,15.792292,val
9969,9.469603232371568,9.266065,val
8452,7.964878654601873,7.9763393,val
10700,14.799217643112238,15.041605,val
80,11.51628871302974,11.632353,val
15102,20.3795483616476,20.51837,val
12632,17.93513698114352,17.919258,val
4573,7.447050791034496,7.398135,val
13924,2.1763326867684047,2.2095468,val
2205,13.709922960473287,13.774181,val
7134,2.112240972149832,2.0838022,val
990,19.93259778796605,19.94663,val
15059,3.814352096058775,3.840042,val
2664,6.800994999971389,6.8404894,val
12097,10.250327247568372,10.148437,val
1015,15.972892632928334,16.000378,val
17294,11.937112727859931,11.996727,val
10891,18.28876407371812,18.425879,val
18097,9.433073138023108,9.416534,val
4888,15.601216422686774,15.637136,val
16251,18.110733112736312,18.1373,val
12434,18.15897304968145,18.052511,val
17709,9.546628328587987,9.53039,val
13928,1.809236550261864,1.7873358,val
11156,8.987980909919944,9.104536,val
5146,7.197423740848701,7.1840115,val
565,1.5386555427894912,1.468445,val
2034,12.282515056600436,12.181569,val
2013,14.84836239515853,14.845808,val
4168,9.401503148864393,9.497889,val
5456,15.7290023551812,15.778945,val
16803,2.463212629310703,2.4469676,val
11458,17.12667982601438,17.174217,val
3269,2.930685817773928,2.8934307,val
2707,2.721668739307804,2.7134588,val
1402,17.592480975681607,17.612844,val
6469,11.808311509666256,11.83199,val
6937,2.3636542346761407,2.3512979,val
14961,14.69359150223007,14.571562,val
4517,14.25464195093538,14.268332,val
6324,5.4292902483332846,5.3757176,val
16393,3.4421893333767724,3.4926648,val
14224,10.131828487707468,10.07313,val
1866,7.770987806525605,7.827428,val
8751,14.569392407884989,14.6195755,val
12347,4.7977955924082805,5.1433816,val
6326,5.050574082777296,4.9815097,val
10430,2.332852177802394,2.3818696,val
939,3.1058389904630013,3.1032207,val
831,15.306493781821866,15.386536,val
12066,11.838344957955927,12.050643,val
17963,2.989412444909956,2.9541297,val
14715,0.654555684103832,0.7250862,val
10082,21.89662129657891,21.894451,val
16669,18.346814676125387,18.33508,val
14197,14.171088835965888,14.202557,val
18667,10.910475811267135,10.858371,val
5595,0.635905587128836,0.6661331,val
9303,19.490890075032205,19.374142,val
16693,14.197810114646352,14.127266,val
10040,2.411953499995728,2.521257,val
5811,18.92049011723228,18.835081,val
5335,8.084171612604782,8.104715,val
15723,15.449581355532924,15.456032,val
4261,19.510639218780963,19.519243,val
4166,9.453333461878922,9.343094,val
15593,8.058443933334987,8.013626,val
2898,2.186611786548267,2.2210844,val
14220,11.004434153134785,10.926228,val
5763,3.541091976449758,3.5131404,val
111,7.870272571753667,7.91796,val
12609,20.56995540452866,20.54191,val
2110,3.8760813852670144,3.8842838,val
11234,1.2526274167392324,1.2979469,val
6612,16.783900739423103,16.722607,val
2434,10.05434860492302,10.280107,val
18051,14.70178955455892,14.666357,val
12164,2.885291955177551,2.8577766,val
15730,14.462291122010766,14.529233,val
4931,10.43887769002943,10.451757,val
9188,9.553068845977334,9.586428,val
8947,15.463671374946006,15.485821,val
13935,1.194165210119618,1.1499654,val
3796,7.4369144874098385,7.4787903,val
17818,19.790317961516354,19.819317,val
17081,15.097267291778165,15.03212,val
16065,17.40629760806936,17.24369,val
154,3.499786943707484,3.5374358,val
17266,14.806780811048506,14.822934,val
8373,17.10477301959045,17.121374,val
13929,1.74104782554159,1.6947826,val
6471,11.709514503238848,11.666323,val
3237,6.1273586394233055,6.1307225,val
6804,17.002520013130816,16.94606,val
14304,2.227541528934012,2.2627923,val
13344,2.801471387804685,2.7930045,val
560,1.8960703087615407,1.8916878,val
10327,13.06768840096655,13.204746,val
15437,3.5084688336283687,3.5418324,val
15163,13.001947764488945,13.08113,val
6140,3.5571258774247334,3.460395,val
16668,15.478988306713486,15.589552,val
12596,0.7023110907799313,0.6858744,val
8668,4.097078776896039,4.078892,val
1629,12.707861675143356,12.606784,val
3922,15.33952993667486,15.344376,val
7081,6.915501985274001,6.938344,val
11643,19.50804224499392,19.618639,val
13721,3.2991332655984325,3.3374074,val
7498,5.071112214044888,5.0164013,val
11071,18.85102966749152,18.656086,val
17396,1.600281840560296,1.6401012,val
2075,7.601778229320685,7.5889435,val
12722,6.683787299224371,6.697573,val
8039,10.30467854310111,10.307813,val
3889,20.195910845721063,20.073673,val
10580,7.469267294773266,7.6598496,val
8780,11.88157139276447,11.971453,val
11593,2.844265612066861,2.8463368,val
5496,10.662170535468428,10.560202,val
6681,9.483730997554003,9.386423,val
6987,16.095158416190685,16.103664,val
11326,10.995841089048238,11.038448,val
7596,14.87733446792872,14.764882,val
11894,12.729413852962033,12.64882,val
4258,21.633147219302245,21.45186,val
2516,1.9106717190140368,1.8537438,val
9551,14.097905286783773,14.103465,val
15196,9.468292092580423,9.276913,val
474,10.25285909105432,10.234975,val
11833,20.70619285605087,20.6387,val
13921,2.415393473222016,2.41889,val
6841,12.707529985227351,12.65619,val
15496,19.46319668802481,19.565943,val
8569,14.13521078478542,14.275334,val
1777,16.187432645615207,16.071514,val
2678,5.094118782755261,5.0642595,val
3579,11.217418815406177,11.208583,val
16192,4.143734465109821,4.141669,val
2102,4.722287478607708,4.719021,val
4838,22.19438482033677,22.21347,val
16015,3.828419309216053,3.8410342,val
1735,1.514337722751144,1.525252,val
13222,16.780419455789787,16.782728,val
4199,5.924229636724074,5.948194,val
7873,6.105675735293791,6.047079,val
14030,10.241002934748876,10.278072,val
1846,9.764254597245309,9.756506,val
18672,9.7212688200188,9.633528,val
1953,0.3569192689682458,0.37483895,val
4947,8.346269071286738,8.340255,val
1156,1.7452913097354927,1.7621303,val
11102,15.771880786721916,15.657651,val
12900,9.478951651620967,9.551546,val
17292,12.395289171073832,12.349389,val
752,2.896499602066512,2.8774533,val
7142,1.5031656356078031,1.46658,val
14990,11.32916932596336,11.4154215,val
7340,1.9680395542489928,1.9570029,val
2346,20.614194467416013,20.428946,val
1336,2.993116136705484,3.028563,val
5854,13.486803232528905,13.596123,val
11137,11.159192171942488,11.476636,val
7066,9.45178052416912,9.561633,val
10928,13.793843618188149,13.841776,val
2425,11.127106106677342,11.302139,val
4729,11.27968850419098,11.210891,val
2610,12.960560781078946,13.010316,val
760,2.0934458422098574,2.0544538,val
1727,2.137391132619247,2.1797733,val
18788,18.77841777212916,18.710125,val
659,13.046482333906004,12.889133,val
6726,4.9346833568837045,4.8564143,val
13799,15.708184962310533,15.735628,val
1213,16.620745781459398,16.608826,val
15961,9.559319759039203,9.564809,val
10898,17.489045101936686,17.509476,val
13408,16.362993849688237,16.325985,val
13009,19.766010939136976,19.78381,val
15161,13.390889365528816,13.2943945,val
6960,0.5673832535878066,0.5886114,val
15155,13.757654358499318,13.954429,val
3827,4.955601590358804,4.968918,val
13309,6.18858575580529,6.1942635,val
1154,1.8397290031216984,1.8740633,val
6689,8.79685299208805,8.767684,val
14651,6.0654555256097975,5.978954,val
18625,16.30138843205071,16.346184,val
4120,15.066844774308652,15.04808,val
15093,1.0788610190864585,1.0965116,val
2890,3.0382029725489765,3.0340853,val
2021,13.968498205857362,14.105164,val
11710,11.526499963804964,11.41203,val
15280,1.0881156304031063,1.0734026,val
10844,1.1131355155086893,1.1531607,val
13575,21.11759978500204,21.11574,val
16942,7.545877454326836,7.438999,val
10754,9.96442994413745,9.866363,val
6303,7.586219695660246,7.5262294,val
5549,4.3754407380724665,4.4691596,val
11560,5.860029916351515,5.9365206,val
11585,3.574319160596219,3.4960248,val
1992,17.517408881779136,17.454489,val
2244,9.421675998299683,9.3554125,val
4243,1.858132899479544,1.886668,val
18061,13.533355768466407,13.502279,val
14758,16.179068684712416,16.113676,val
15118,19.127861902398784,19.088816,val
9419,6.066617421799518,6.0795326,val
244,16.874270550149852,16.906775,val
16922,9.793744672494602,9.768908,val
19043,10.83841252795846,10.802961,val
145,4.337232138705133,4.4019885,val
3365,13.752898837826866,13.61465,val
6759,1.805458350628479,1.7615902,val
7001,15.703057731140602,15.7628565,val
4695,14.378395909412491,14.614251,val
3960,11.163029606993076,11.127207,val
19174,18.691645450543685,18.549986,val
14410,11.79177129873693,11.825885,val
17245,17.310674590597824,17.3883,val
8581,12.614321661791651,12.482129,val
17344,6.408149075894221,6.4439845,val
1951,0.3905850760619874,0.38960966,val
7221,14.991642908907918,14.914263,val
12215,17.021775787648412,16.702991,val
2829,9.480596931438598,9.531576,val
9056,3.575447182018386,3.53963,val
7046,11.891741974631351,11.95651,val
9573,11.53803059409245,11.504518,val
5936,4.883476449194249,4.7322474,val
5226,21.11667828730368,21.162971,val
8166,18.639621020681247,18.725075,val
18054,14.174408942497593,14.309524,val
17384,2.533055126559145,2.4864478,val
2406,13.38798747548659,13.334236,val
7760,18.310613825945904,18.446707,val
16638,0.336926614379807,0.3468632,val
17788,1.3837249024228797,1.4109057,val
9426,5.474233903759063,5.395672,val
15810,5.524334786054565,5.6145425,val
18368,1.921979826493062,1.9073145,val
5877,11.643148965055294,11.485029,val
1609,15.141258199472432,15.215177,val
14145,18.18407691426001,18.296486,val
5665,14.0514695832625,13.837507,val
12734,5.429123792482956,5.3981996,val
6978,16.539089401711518,16.709671,val
11421,1.4968358701231783,1.5525196,val
6153,2.416606002721528,2.4081984,val
2023,13.634937160999629,13.657462,val
468,11.9313197171504,11.8938265,val
16170,6.362630952038487,6.3130527,val
17008,1.1828069287439256,1.258541,val
2234,10.536252548186493,10.506877,val
4934,10.244317985882953,10.2257185,val
15591,8.27692220105449,8.130304,val
6030,15.389527563702304,15.586323,val
3545,13.63945649809721,13.764946,val
16704,12.732664812441207,12.635419,val
12055,13.407564453641871,13.378133,val
11055,20.896497970694423,21.017452,val
7518,3.093158232474252,3.060217,val
10355,10.665227269525078,10.663424,val
14184,14.521650832743395,14.536328,val
3599,8.880610120387669,8.778628,val
11964,4.793274641439681,4.818358,val
1748,0.4367972721471013,0.42287472,val
16291,13.079558896609765,12.863914,val
8306,2.8570600488395863,2.8227174,val
2531,0.5923189119177602,0.62529176,val
17333,7.61863519725695,7.618173,val
3130,19.16038069681945,19.074415,val
11402,2.8967235094312134,2.772727,val
14019,11.54322184963742,11.542293,val
14245,7.800904089365285,7.8229017,val
15928,13.52923380368057,13.557605,val
4009,5.7366157510832,5.7407603,val
7465,9.300447684380032,9.28472,val
8118,2.0844689910307665,2.0632856,val
14929,18.844359277633405,18.8369,val
4748,9.118842607876656,8.98603,val
10877,20.15383204085586,20.1653,val
17837,17.21742512637146,17.202179,val
9252,2.749806635919388,2.7931418,val
16064,17.931264362342613,17.792244,val
2230,11.432209086468951,11.401377,val
15404,6.766943531079712,6.80745,val
3416,7.952181224068048,7.8635054,val
2015,14.489545011234776,14.439475,val
19197,15.212477509660012,15.2218,val
18394,21.13339202068607,21.237516,val
14796,11.858573286154586,11.900902,val
14193,13.705323734395842,13.737168,val
4620,2.7828614536825627,2.8814783,val
13465,9.577656140512277,9.761307,val
17363,4.480436745460064,4.4717183,val
9250,2.892660571996148,2.8916948,val
10374,7.323572901209026,7.34232,val
18500,6.96282561898599,6.9769416,val
16137,10.683895793143035,11.0289135,val
15923,14.21113764193382,14.2042885,val
14831,7.195281988447258,7.1909056,val
11146,10.114327027232063,10.34048,val
17594,0.7794041197899082,0.77342814,val
9590,9.38346871057823,9.399212,val
2451,8.054569890868287,8.293467,val
6548,3.079151744588896,3.0798638,val
2957,14.498443689912555,14.416341,val
5688,11.586169436074488,11.730058,val
13301,7.203498005374887,7.2188897,val
5632,17.90645384719503,18.086317,val
16296,13.776990710282169,13.6941805,val
14878,2.6618939781978543,2.6109633,val
10470,19.34268144872277,19.37271,val
7617,11.643280440409564,11.639431,val
14863,3.922106470194428,3.9404852,val
9213,6.513506819870557,6.501882,val
18520,5.017473050775285,5.096259,val
18769,0.9072584795739256,0.9312841,val
17262,16.019499817058634,16.015572,val
8458,7.039657933659789,7.0389132,val
10074,0.2052877020397976,0.22097127,val
15698,18.40547737384187,18.465786,val
11664,16.759067343937428,16.88358,val
8547,17.015597992138886,16.959097,val
4164,9.698195808453807,9.670012,val
15511,18.37469589735632,18.148886,val
17758,4.083757829120122,4.0733867,val
3276,2.445914191459632,2.4651756,val
6685,8.68534545008782,8.726181,val
15952,10.644991598213169,10.62274,val
2925,18.382762821472863,18.4478,val
1083,8.710140596234659,8.7566595,val
425,15.377589028417203,15.482326,val
4968,6.070255000684042,6.0379972,val
6786,18.805701434523424,18.49284,val
17211,1.080111249444858,1.0618304,val
18036,17.11210010267024,17.16336,val
12316,8.310355022689327,8.26942,val
16723,10.746730768035931,10.63793,val
251,15.714463514457798,15.689596,val
16826,0.7637032082136904,0.8044726,val
10982,7.257293037590708,7.1400867,val
18540,3.202931944024334,3.1307347,val
3587,10.640290955168236,10.66243,val
17286,12.604866359810089,12.638782,val
19235,11.686836134843537,11.727856,val
1510,4.897602913736455,4.925022,val
8398,14.120736131419658,14.138155,val
17302,11.210063864764749,11.172037,val
14616,10.601821364601,10.624642,val
12161,3.2321208561750203,3.2525911,val
2680,4.967006622704206,4.9583683,val
6992,17.281948134197894,17.174267,val
11522,10.668990479955816,10.733246,val
3713,16.62356972097269,16.582832,val
6401,20.5354101119124,20.514261,val
18231,16.4909719170912,16.45207,val
10900,17.212570636432364,17.32561,val
2720,1.309680827331157,1.3348424,val
5322,9.341184829634702,9.3371725,val
943,2.934378356395172,2.9432313,val
18920,4.160298142173386,4.1173773,val
1561,19.74651939490095,19.849945,val
10095,20.26138219961252,20.224123,val
10992,6.153832071593395,6.0272846,val
15501,19.72893494809498,19.509686,val
15328,15.067086056525618,15.1478815,val
14147,20.66414189123342,20.628778,val
3600,8.613353158052824,8.540183,val
1250,11.825151429405793,11.975443,val
10944,11.7750055458533,11.805626,val
4330,11.933415014338577,12.0077095,val
17162,5.556197136089962,5.485679,val
5420,17.62412882798586,17.666245,val
15286,22.52845237963677,22.481588,val
19225,12.781837542738174,12.885756,val
5227,21.030924712786504,21.052816,val
6443,15.314478730714384,15.190235,val
7061,8.918229403117868,8.913387,val
4359,8.833643893910457,8.84798,val
3173,13.445606779905308,13.424276,val
16432,0.4314762096256762,0.4075062,val
18431,14.188624191951291,14.2646475,val
7150,0.9298466746419988,0.8690096,val
7148,1.043346362552183,0.96206266,val
18266,13.18496910507934,13.217558,val
11577,4.298808851280499,4.333379,val
13862,8.188340702261268,8.202369,val
17284,13.08656487333347,13.118237,val
7844,9.285249388117352,9.290091,val
9271,1.1851331143872144,1.2015353,val
14078,4.966941158731398,4.976607,val
11929,8.349025441712808,8.387455,val
14540,18.181304462954,18.180115,val
18258,13.877735087697491,13.873767,val
13539,1.9635754606155416,1.9591063,val
5687,11.771883864480714,11.901239,val
18766,1.0565979530403935,1.0683291,val
11918,9.612777134895577,9.659284,val
4537,11.77890036387473,11.857305,val
12432,18.540378618983176,18.463753,val
16973,4.244832439375811,4.2018375,val
4521,13.436142081485931,13.497237,val
1059,11.728343467581611,11.790071,val
13232,15.497163116171354,15.534678,val
18662,10.755915359164126,10.803606,val
4190,6.895059794236931,6.8712797,val
1468,9.537399752443957,9.480195,val
8683,2.914667342636808,3.0867932,val
13068,12.61546701048783,12.647662,val
3916,15.38687296373889,15.405789,val
9950,11.232461616144882,11.121774,val
7281,7.887139985648384,7.8843894,val
165,2.5601688711284893,2.5814002,val
3749,13.728814773295758,13.781508,val
5091,13.207505051930994,12.950863,val
9711,18.98133165902929,19.020529,val
2191,16.07535311021304,16.01389,val
1297,7.023042251136502,6.9137855,val
13941,0.8964250782450226,0.9127311,val
13648,11.21609439049262,11.198027,val
3642,4.035933077051357,3.99548,val
17518,8.278017255809193,8.200145,val
8611,9.486665423484927,9.72226,val
17004,1.5160194148752724,1.5299492,val
1977,18.706288352570127,18.772072,val
5285,13.981048751501678,13.978229,val
4320,13.048536402058804,13.152119,val
5755,4.359554879134759,4.348163,val
17555,3.7762423881569824,3.8534834,val
7282,7.793362813151967,7.827964,val
7758,18.86711816981399,19.02708,val
16653,18.72502644436828,18.495745,val
4108,16.81491624190306,16.81658,val
6399,20.700175071308387,20.742836,val
159,3.062059290303484,3.0701833,val
12356,3.9448162348402778,4.1657677,val
9780,10.45983239716869,10.489833,val
1466,9.76062565981165,9.845595,val
6087,9.292921236405425,9.362053,val
18969,16.889513148440475,16.928387,val
16655,17.709538746308343,17.780537,val
17331,7.923810624676841,7.889629,val
12476,13.25242350980554,13.255936,val
404,17.613143979630323,17.677687,val
17449,16.28171597072981,16.305788,val
5507,9.109302001641746,8.938828,val
7279,8.076277186858272,8.032087,val
6131,4.386936369079863,4.312627,val
7781,15.822761964048206,15.877889,val
2192,15.764004859939083,15.821571,val
1672,7.352121060099785,7.4839764,val
14514,1.31609472561562,1.3012062,val
16895,12.3167120748039,12.380918,val
4154,10.812222797791703,10.643994,val
13975,16.57587538464286,16.524025,val
17886,11.382686733195928,11.3310175,val
6037,15.333480018231718,15.321466,val
5393,2.121049400359659,2.1380482,val
17213,0.9718376768568608,0.9400154,val
14836,7.075794623587219,7.0986857,val
335,6.05981135934308,6.0713944,val
9371,11.456761146018234,11.667674,val
99,9.541258916646374,9.464474,val
5228,20.942008747566028,21.052816,val
16457,17.795276854439887,17.948698,val
7376,19.7787545370278,19.776487,val
5465,12.225348498133371,12.140831,val
11986,2.699911531118004,2.7514935,val
14892,1.5062525018495827,1.5132635,val
17385,2.4652331166864485,2.5102766,val
8069,6.943125937826276,6.803486,val
16082,15.897320519850142,15.751161,val
18992,17.216506627471244,17.197626,val
2342,21.17752329496492,20.929226,val
9293,20.716675200987343,20.588263,val
8634,8.003849575570847,7.991305,val
2068,8.362685979988386,8.340343,val
17406,0.8931912099883047,0.9437286,val
3323,18.850602848272946,18.892338,val
9368,11.987433860739326,12.163819,val
2998,11.885106587882836,11.960747,val
8253,8.341412773739039,8.293732,val
4777,5.891012778090808,5.8262067,val
17214,0.9190787154379928,0.90412766,val
11236,1.1997822411525787,1.2514178,val
16145,8.427741257373361,8.448395,val
18048,15.294631380024883,15.399246,val
3264,3.480232610439664,3.4267435,val
3476,2.0511211835270573,1.9665926,val
556,2.2384075638724283,2.2117128,val
8601,10.519336467826813,10.614148,val
4977,5.051429357528212,5.0149794,val
651,13.980789038761042,14.0037565,val
476,9.953087553775807,9.839808,val
10832,2.0718854630240693,2.1244822,val
4979,4.976918540412711,4.9679637,val
3087,2.004817745683331,2.123459,val
5102,11.810503880959226,11.723328,val
536,3.955632094711451,3.999825,val
898,7.308300430591205,7.2568693,val
10073,0.2327180445231313,0.23734388,val
17225,19.412641756758905,19.394009,val
13930,1.6742121534646517,1.6664516,val
8388,15.37702665559992,15.3299675,val
18779,19.39265956847704,19.322496,val
12605,0.5261371425092687,0.5519101,val
3782,9.388566181347285,9.365461,val
3255,4.341837812716124,4.323144,val
18298,9.104396942348506,9.12187,val
921,4.958537218589626,4.9287143,val
2039,11.814926273455663,11.907929,val
4886,15.797023725034782,15.790426,val
15038,5.931899004322283,5.906298,val
2848,7.253204328120586,7.2185855,val
8567,14.838724172847868,14.871282,val
12030,19.76624952295684,19.881826,val
1437,13.082354504165908,12.954212,val
7810,12.732477864623135,12.579888,val
8059,8.03771066859818,7.8350677,val
2001,16.469735596273058,16.42701,val
2824,10.373835933924056,10.337047,val
8854,4.708544590329605,4.570541,val
1682,6.3206386699505215,6.3174734,val
16914,10.36118975715272,10.339427,val
18443,14.47604524801432,14.645965,val
17634,19.370744018072017,19.409216,val
6928,3.1017830594701734,3.1845126,val
18583,22.510715329774044,22.542082,val
7483,7.096285098383746,7.1394405,val
5327,8.391290267174647,8.383777,val
6637,15.313646064350474,15.390593,val
43,15.21735375599978,15.2693815,val
11271,16.297989708279278,16.344404,val
16041,1.341436363889867,1.3412663,val
15056,4.017960810508806,4.007862,val
6080,9.749134144945854,9.908813,val
2119,2.983700486900166,2.992645,val
14799,10.989644337073717,10.971991,val
19075,7.060115926650417,7.174392,val
2376,16.97898750343523,16.896288,val
10456,0.3684263496463188,0.34045404,val
12797,0.4107262099670067,0.3832888,val
3335,17.349085719348352,17.221014,val
18796,18.46716146121837,18.433899,val
469,11.551009567810716,11.578472,val
18005,19.608817399577177,19.507591,val
2692,3.85879012473464,3.8595083,val
11471,15.015515563234096,15.014875,val
8622,8.311099501657607,8.211233,val
4583,6.394972467439128,6.422474,val
17109,11.907926023839387,11.949391,val
4562,8.662298982110073,8.667677,val
12035,15.66047552127328,15.553975,val
6325,5.370122666976763,5.3275666,val
15944,11.620698783596652,11.698635,val
17024,0.238670023941997,0.26245624,val
2509,2.148237280941999,2.1823997,val
13649,10.986342040830795,10.906138,val
16714,11.609815990924965,11.463426,val
3465,2.936001185035951,2.8319,val
19067,7.648760239475831,7.7804875,val
8022,12.479058452863708,12.257183,val
2523,1.2247911806832736,1.197507,val
16030,2.6646628358900983,2.6597164,val
1678,7.149208292903622,7.055373,val
2493,3.778669728226079,3.7294264,val
15741,13.200913161207623,13.063692,val
167,2.444023144369687,2.3608282,val
15491,21.10080949422612,20.924536,val
8672,3.594573585508975,3.5930846,val
11456,17.93936485872291,17.956278,val
15580,9.43877611465848,9.605624,val
8636,7.483255561421464,7.509106,val
3122,19.80947360667533,19.760303,val
16783,4.311738347610408,4.2768455,val
5330,8.275119819069678,8.312234,val
1710,3.655592053118178,3.7331991,val
17130,9.253706555773984,9.280056,val
11323,11.640826599018704,11.589729,val
8881,2.0828660224457343,2.152488,val
4514,14.09087604301508,14.068581,val
7154,0.7478677979210065,0.73085326,val
17529,6.857718267993844,6.8940873,val
956,1.968824631719436,1.963349,val
2540,21.93421485210523,21.903278,val
19147,0.7921325248161745,0.785946,val
14262,6.212096661270959,6.1976914,val
2354,19.64837765512188,19.432379,val
10567,9.045538746616728,9.136224,val
8571,13.67159069181142,13.844549,val
4492,16.835967864440093,16.997675,val
11897,12.095485144435102,12.124667,val
17460,14.455919161250428,14.391297,val
14409,11.84968954502352,11.887067,val
17322,8.893797546073337,8.868172,val
17295,11.716388944491818,11.721057,val
18529,4.189786984454331,4.219174,val
11443,20.55529838661961,20.536436,val
14073,5.619910683014132,5.5362253,val
12509,9.327742674759838,9.359045,val
5674,13.005786612017287,12.962751,val
3063,4.1760643530499,4.1401877,val
5868,12.649318101552526,12.588023,val
16670,17.857340095433347,17.858418,val
9148,14.497008741488498,14.397339,val
5577,1.8939357307181013,1.9113979,val
8275,5.896626867210583,5.888626,val
19184,17.61866951260906,17.45429,val
17431,17.864156231471465,17.728252,val
2771,16.621230560295917,16.756441,val
3650,3.41136279132892,3.2977052,val
101,8.962485467978023,9.031592,val
10971,8.852854051044273,8.89894,val
10270,18.31740152670629,18.286709,val
19267,8.020703691777172,8.063513,val
459,12.751863389207395,12.737986,val
8885,1.7752909934984933,1.7117001,val
3183,12.25536188596265,12.098888,val
14033,9.85402966774531,9.876069,val
17751,5.038784119488002,5.0139475,val
14328,22.183851309551947,22.181961,val
2733,21.490093249136507,21.53553,val
14946,17.092689914006154,17.087072,val
7052,9.72887714739876,9.785245,val
1995,16.86786420757904,16.810724,val
4549,10.244826572393489,10.31214,val
5237,19.680143697944928,19.698208,val
4358,9.049134848637864,9.078935,val
11450,17.300265547737702,17.355331,val
61,13.477698857784729,13.426582,val
8180,16.611340684641025,16.593285,val
12753,3.616221031584972,3.594643,val
6690,8.595191516390937,8.607791,val
7928,1.067882311257771,1.1234847,val
11134,11.537270090819163,11.726468,val
13900,4.34238415431714,4.334023,val
3695,17.464092244284206,17.563417,val
12272,12.07560798808628,12.162588,val
8718,18.91289300785455,18.923553,val
6625,14.713660109573311,14.748381,val
17622,20.84458775511517,20.781214,val
5543,4.692976093981014,4.662389,val
4090,18.77650425674717,18.751093,val
8417,11.728877484121664,11.729497,val
4350,9.721259928022125,9.770143,val
2338,22.511498582847484,22.553913,val
8805,10.031935879842854,10.036145,val
19199,14.636261629148237,14.742503,val
10338,11.572138714696774,11.599241,val
19193,17.07450232559318,17.074656,val
14356,18.398966566333545,18.45686,val
7609,12.36844946052112,12.413052,val
1444,12.336678418434204,12.296629,val
13185,20.727749000318795,20.760866,val
5074,14.75172207146098,14.683679,val
15421,5.06442360483226,5.0800004,val
2456,7.703324655067152,7.493411,val
14206,13.170304389478392,13.228887,val
8420,11.53994726172783,11.524233,val
19345,0.9730841379204076,0.94202816,val
9737,15.780283325923488,15.750405,val
9479,0.6271183346877063,0.64382535,val
4750,8.80951816435559,8.729208,val
1111,5.778648839164077,5.8007927,val
2291,4.584566281341934,4.5580897,val
9344,14.547139208853656,14.725349,val
5178,3.778453584686616,3.7970028,val
11921,9.112171332096503,9.270514,val
14343,20.27563688968819,20.156126,val
8227,11.244932390281246,11.302467,val
16305,13.11119342258065,13.142988,val
992,19.01282303066211,18.993624,val
14923,18.775867066010044,18.633501,val
437,13.994816307963996,13.900714,val
236,18.08293928774005,18.044056,val
13153,3.0370995998021044,3.0632968,val
9897,18.5850806729457,18.644958,val
12602,0.5816114962101064,0.5589139,val
11196,4.737742768684205,4.7930927,val
15060,3.747498541774162,3.7967165,val
6353,2.6588800598182822,2.6085114,val
17439,17.509269713293538,17.540165,val
5810,19.340769719112,19.284756,val
1867,7.65755957004823,7.6831555,val
6268,11.584128957488163,11.841189,val
11549,7.038906127979315,7.0795975,val
8457,7.082881899905877,7.0941033,val
16554,7.39784640367628,7.5730023,val
2486,4.604449912582587,4.362008,val
5295,12.758078764047816,12.725489,val
1858,9.48116320271096,9.539793,val
13991,14.93618892115792,14.836468,val
5540,5.1723278282238505,5.2445307,val
12041,16.097055202683638,16.040789,val
11449,17.726298770925183,17.804506,val
13825,13.153767608700026,13.223704,val
11779,3.915902559702903,3.9163196,val
13121,6.154757082429573,6.142996,val
2825,10.342809955112063,10.264598,val
17237,17.6180946062208,17.750607,val
14058,7.090548591590655,7.050563,val
1226,15.267579746809847,15.134812,val
18707,6.493716058055664,6.499526,val
18413,15.7017364462157,15.493726,val
18844,12.92265066629274,12.984716,val
10187,8.35513522183307,8.306892,val
3800,7.660887259069928,7.7137527,val
15913,15.47748520653598,15.419303,val
13767,20.1190414862218,20.029816,val
6011,17.311749289447725,17.190252,val
9508,19.56192497156981,19.583078,val
837,14.41548997583116,14.311358,val
13533,2.545868969066488,2.4749274,val
17649,17.05352665658218,17.045109,val
18804,18.011297998258318,17.969202,val
6874,8.478215823891246,8.313101,val
7806,13.444753505587792,13.556557,val
4017,4.959435444683561,4.965419,val
3798,8.083037619707628,8.084461,val
8005,14.219265940807654,14.418946,val
859,11.88654717577074,11.923777,val
1909,3.78533263283112,3.8518384,val
12516,8.45627835307904,8.499402,val
11865,16.208405888550466,16.159777,val
3551,14.058137485671354,13.81023,val
14554,15.215421517072322,15.25138,val
17870,13.034570421113362,13.028109,val
13706,4.836807666479902,4.8703084,val
5497,10.270544703285305,10.235889,val
7093,5.665059556436324,5.7761145,val
14988,11.644685048934546,11.686435,val
13626,14.171845993352257,14.1507015,val
4874,17.495964735961252,17.403488,val
9789,9.37465892085721,9.339166,val
819,16.90164912858033,16.982262,val
13685,7.154688859975693,7.1939216,val
16702,13.361624721614962,13.313145,val
3266,3.319585129367877,3.3473759,val
2135,1.7987359396914515,1.809988,val
17087,13.320184752766906,13.478976,val
3135,17.715944349774745,17.760738,val
1340,2.178427262999483,2.1645617,val
17258,15.28669567210694,15.425436,val
16452,19.48005395186185,19.64053,val
11495,13.541349222670805,13.580119,val
2526,1.1560385717892203,1.05916,val
6829,12.779938741665106,12.95777,val
11178,6.67166907840645,6.578695,val
817,16.71042907026051,16.636652,val
6742,3.273316944596873,3.271841,val
2873,4.908373595136659,4.9520955,val
6485,10.39430348426984,10.211411,val
9611,7.080851392517572,7.186448,val
19121,2.8967519856175685,2.7652261,val
1600,15.791605199153285,15.785687,val
3745,12.746770702440273,12.759633,val
15784,8.089509771272757,8.071139,val
8381,16.391217448031334,16.343882,val
12368,2.7239208608583114,2.6958547,val
13641,11.67164260698688,11.645449,val
16581,4.743229820138502,4.762544,val
1667,7.648193590785399,7.4206886,val
11519,10.2531180890626,10.256586,val
741,3.880953684116545,3.8547237,val
2903,2.093985481735828,2.1073058,val
2142,1.160150872318094,1.1547941,val
16331,10.183909618007435,10.116731,val
13399,17.1917934619713,17.04066,val
11382,4.901986341150186,4.7799263,val
2864,5.917933550824188,5.935679,val
1539,2.0929190712578394,2.0719,val
6376,0.5678338167551426,0.57087135,val
18822,14.09758609245092,14.072904,val
19072,7.890509575160632,7.8691993,val
8941,15.445149061759208,15.510071,val
1127,4.25101271238002,4.21785,val
264,14.316439248823787,14.328491,val
7116,3.9001670861203857,3.7985315,val
18907,5.512324739362278,5.4610696,val
10564,9.135480443497151,8.906894,val
5945,4.053997304148685,4.2264934,val
4340,10.822852320444378,10.970896,val
14152,18.49227032130992,18.391312,val
9162,12.123258294643884,12.09426,val
12620,18.95280156242584,18.804953,val
9430,4.928523176129184,4.9648137,val
12567,3.1175170453675656,3.0739696,val
7383,19.33372337966936,19.377174,val
3468,2.203664516715841,2.2524166,val
11418,1.6488580599116962,1.6305652,val
8089,4.852788189968421,4.8284035,val
6090,8.6519093463697,8.696824,val
14445,8.055696118806617,8.009297,val
7027,13.54054837491899,13.554808,val
15680,20.471911250870058,20.650442,val
4834,0.9323738752496206,0.9487065,val
9924,13.059192500687224,13.047833,val
3630,5.380085669099836,5.260592,val
15734,14.044865073620738,13.977202,val
2592,15.154343318576505,15.275648,val
14971,13.510756398120972,13.48301,val
5207,1.2096686268943486,1.2313362,val
12835,17.331319469092332,17.385988,val
14851,5.149526277655477,5.077106,val
18312,7.2841928953568305,7.228928,val
4321,12.77027141972493,12.891337,val
15078,2.0435824235514475,2.023499,val
11131,12.015674502980248,11.727918,val
1101,6.8311116596006585,6.839077,val
5541,4.99779701485779,5.1044006,val
6302,7.669385114165613,7.5704036,val
9307,19.138644002802334,18.640322,val
3473,2.107667954069232,1.9779798,val
19328,2.270012265824274,2.2649398,val
13226,15.645228926061575,15.566302,val
19002,16.034581202123235,15.898049,val
12305,8.442192235381588,8.327144,val
13103,8.282061075137467,8.305323,val
1612,13.86240344844441,13.995134,val
13806,15.415027854481137,15.408082,val
8135,0.6366943886854824,0.6400816,val
16488,14.272743280508756,14.054839,val
2703,2.8802918582235946,2.8908045,val
13148,3.824856982870089,3.8732483,val
16438,0.2342219532634046,0.23454055,val
8050,9.112236259182389,8.968638,val
8901,0.7055864111869197,0.7364382,val
16443,20.114215010265617,20.109219,val
8841,5.588507667642888,5.6955357,val
2020,14.137070484553249,14.234516,val
5889,10.064906856551367,10.0262165,val
5267,15.731294472096131,15.705487,val
8791,10.56342953479439,10.601257,val
12674,11.708097311032605,11.539494,val
12957,3.615315964173794,3.6480203,val
19188,15.831860121710756,15.882945,val
4555,9.375767215300725,9.400778,val
14552,16.118920464961356,16.078503,val
13622,13.719207913410184,13.7645035,val
5609,21.0698486091118,21.060873,val
18139,4.874238111660786,4.940733,val
7828,10.798238829849838,10.819981,val
15474,0.5258208821536194,0.5444205,val
5195,2.259938785033877,2.3265958,val
9001,8.89797430242398,8.855359,val
10598,5.647192363136574,5.792052,val
16248,20.715228476918064,20.592485,val
4113,15.58136887797869,15.651107,val
5974,1.585589504312245,1.655487,val
15848,1.904428398693976,1.9069257,val
17475,11.598536199312084,11.61678,val
10534,12.319154648620271,12.127222,val
18893,7.172709594173354,7.214788,val
6105,6.86098619436221,6.525468,val
14610,10.54160504081204,10.426252,val
8916,19.43501976197593,19.405712,val
4630,1.9290780355086872,1.9139639,val
1423,14.91037388451546,14.837099,val
12439,17.856764589790142,17.900284,val
5686,11.966238785235484,11.987856,val
18839,12.784287839044286,12.801398,val
518,6.0608433458995865,6.1010904,val
18598,18.56548025081794,18.560558,val
176,1.7101973595252218,1.5596976,val
18081,11.2220976062335,11.142366,val
10019,4.352092693581785,4.40707,val
602,19.98409994550492,20.065462,val
12625,18.26569989780456,18.132303,val
5622,19.0611851007764,19.14359,val
3626,5.186580821465847,5.4303436,val
5304,11.604550699475812,11.609225,val
15986,6.840240572027692,6.8481255,val
18770,0.8591255641571997,0.8706235,val
4349,9.946241672002644,10.071279,val
8728,17.911535856552135,17.988451,val
246,16.784599923023507,16.826975,val
15615,5.686452717974252,5.7161136,val
15729,14.59359452516477,14.61521,val
14842,5.9871746886197466,6.024738,val
2744,20.166395708569304,20.165295,val
12804,21.3285676711042,21.332935,val
11673,15.631135339011571,15.649577,val
3548,15.279325988473362,15.233533,val
356,3.98908597537094,3.9817746,val
19251,10.67248265255154,10.605747,val
6034,14.488396151182172,14.324236,val
13189,19.15338907968756,19.27641,val
14819,8.700310761703765,8.660905,val
5829,17.29767581861156,17.239758,val
10568,8.850989339612907,8.925532,val
14931,18.25037272574556,18.339516,val
12801,22.52488980074117,22.516209,val
18595,20.0583514822386,19.93612,val
15390,8.100202660003754,8.045016,val
12446,17.07677584381389,17.175896,val
502,7.420283402037501,7.474607,val
14169,17.312618921656032,17.30099,val
17324,8.55970693141065,8.6307335,val
6732,4.190571087917312,4.1924286,val
9205,7.3149547995511135,7.2933493,val
7903,3.034285160535956,3.1419823,val
18059,13.87693058082936,13.837074,val
9973,8.401616279158635,8.500999,val
2652,8.04881571638752,8.084037,val
12479,12.883018718654176,12.890693,val
999,19.19878591071468,19.252565,val
13122,6.108430585173317,6.1161942,val
18216,19.75636376234125,19.775116,val
18264,12.232311144624823,12.166318,val
14800,10.71822013182533,10.627829,val
12106,9.522027034416416,9.711452,val
6084,9.046960674382904,8.949296,val
9680,0.6446206558750217,0.65582347,val
11831,19.310081363844446,19.341955,val
14471,5.0004564057860215,4.952191,val
18678,9.55261206562765,9.388576,val
8194,15.481585105175856,15.506092,val
8008,13.925867166617778,13.904628,val
8853,4.862365455962932,4.7409854,val
3779,10.154323484564292,10.165824,val
299,9.592636743303911,9.56821,val
14623,8.695632421727671,8.688207,val
1878,7.160554309308593,6.9951463,val
13415,14.09893912481481,14.194945,val
12832,18.144414046627364,18.086525,val
14826,8.22865179963894,8.249488,val
5445,14.142110557696268,14.081062,val
17489,11.439792772087715,11.579181,val
1686,5.768122104289021,5.5681176,val
6519,6.072373838009759,6.0918403,val
11936,7.714706838431246,7.7592115,val
8499,2.946490987123177,2.9744775,val
9838,3.993908204363324,3.9374707,val
14047,8.30852206116848,8.348884,val
16802,2.554870341172048,2.4470105,val
12054,13.769864215673635,13.790535,val
10424,2.796381302952183,2.8536568,val
13421,14.215013594778412,14.228939,val
4386,6.085722615767697,6.247156,val
15407,6.408714218235086,6.4617157,val
428,17.070647815139154,16.993458,val
10323,12.393929627564324,12.417308,val
10599,5.527956253227941,5.676026,val
7034,11.297137077187315,11.297786,val
14901,0.8633783952678533,0.841169,val
15934,12.836676391342255,12.89337,val
5290,13.028902632403508,13.019485,val
11167,7.805267757891954,7.713913,val
6892,6.7586675355563735,6.757592,val
695,8.822939407205492,8.891391,val
6896,6.088423348635076,6.10142,val
13678,7.768694678142758,7.759498,val
13633,12.309322738096544,12.311991,val
7956,20.38254916022539,20.371084,val
17672,14.318480123233686,14.306036,val
18198,21.40142962017171,21.390911,val
4854,19.988424711537725,19.895193,val
1725,2.278656800116222,2.295914,val
8707,0.9134320832073288,0.9271671,val
9615,6.9155704330548735,6.810154,val
13562,0.4658701900628964,0.49530417,val
15953,10.535697965006522,10.538346,val
9597,8.417897028874805,8.6049795,val
8658,5.0414644872401695,4.982093,val
10352,9.599960236432336,9.65884,val
3908,17.999691988852504,17.98436,val
15378,9.412901238297884,9.53623,val
2555,19.66588861003376,19.665537,val
4006,5.735508471664663,5.8244996,val
13071,11.99077535713374,11.916348,val
12904,9.15120785556174,9.114247,val
12037,14.432206687072208,15.160618,val
18720,5.029683665809011,5.0216365,val
762,2.0264598208683458,2.0208943,val
6553,2.9876142344442327,2.988552,val
6898,5.807574014297705,5.8694353,val
3622,5.998092358824845,5.9360576,val
11029,2.828885268321694,2.885003,val
16906,10.879671889742715,10.919689,val
19087,5.721143146960585,5.8203545,val
11331,10.018079220728865,10.218324,val
6481,10.51805032267165,10.504746,val
5604,0.1959134385120492,0.1998098,val
15225,6.153063256607516,6.2597594,val
13092,9.503823136231086,9.525718,val
17078,14.18027837551332,14.265938,val
16419,1.2614065641742664,1.2686901,val
5941,4.413754049124943,4.4295974,val
308,9.33642483294259,9.354627,val
2600,14.199484137156402,14.356237,val
9849,2.9890210675827933,2.9754448,val
6510,7.125777429587647,7.175302,val
2687,4.573417638803964,4.5750217,val
7671,5.598300776956377,5.6096563,val
11260,17.63144222590455,17.796953,val
6173,0.9352100393571828,0.9533258,val
12138,5.604441884194366,5.6407814,val
1768,21.08535178193367,21.154064,val
14991,11.17373948523798,11.119771,val
6971,20.346111773254385,20.278927,val
17603,0.2526379101539344,0.26181987,val
9207,7.091376537237554,7.076669,val
9028,6.274378821508558,6.258315,val
758,2.162626627037872,2.0756006,val
5338,7.224470261065391,7.2569036,val
12934,5.841688338700275,5.8222184,val
11147,10.022189814062012,10.157448,val
14873,3.034610798126939,3.0395665,val
2422,11.379123549399942,11.444183,val
16456,18.040739914229952,18.246614,val
5807,20.63768023019697,20.531536,val
5526,7.122372009988095,6.9300447,val
18218,18.8779352772804,18.843775,val
2746,20.06053786351069,20.042673,val
18901,5.964455497892674,5.934961,val
3520,18.06483792221476,18.076872,val
4024,4.08368228459349,4.101512,val
2804,12.744140071093458,12.750148,val
16389,3.512365034903547,3.5667639,val
7620,10.718022623166991,10.6581,val
1076,9.373366938891769,9.289378,val
9225,5.306500675619841,5.4040103,val
7028,12.967080911815724,12.850347,val
2882,3.938585655898716,3.9663863,val
3678,1.0597826064356797,1.0298992,val
1236,14.035044955743269,13.833807,val
17831,17.945293572625914,17.996754,val
8123,1.3756019803760235,1.374894,val
12423,19.52526721727198,19.434122,val
8159,19.05741997298669,19.144217,val
11953,5.960079341446205,5.949859,val
9613,6.996718845116579,6.944537,val
2182,16.997786991104288,16.95801,val
2352,19.918452143916863,19.777468,val
998,19.712502868453623,19.69165,val
7428,13.164404820901948,13.161603,val
4708,13.90815833416383,13.743145,val
15076,2.1339243996302244,2.082465,val
10459,0.3011634219423815,0.309102,val
9566,12.50701659105465,12.371524,val
5046,19.72285852982881,19.79716,val
10373,7.459201489359444,7.501301,val
5574,2.0294493855894857,2.008914,val
3180,12.813532779172348,12.886126,val
10413,3.7285176100089688,3.8518114,val
11439,18.65121949656564,18.718864,val
6873,8.691236119658425,8.580233,val
12110,8.234556474830942,8.166795,val
13794,15.240651035032586,15.225775,val
11003,5.031645763453682,4.9442105,val
17550,4.546659634248631,4.699022,val
658,13.189499433069685,12.968523,val
5895,9.01099087805914,9.169353,val
16840,20.57478610803828,20.452387,val
3174,13.24647785322597,13.099579,val
3306,20.765960994738133,20.158958,val
17974,2.0919415256702907,2.0791357,val
14890,1.6465377894039497,1.5991182,val
2797,13.85401018989622,13.603142,val
12565,3.640872596481585,3.5835545,val
7228,14.191353530838132,14.214573,val
1066,10.439322443867626,10.458259,val
19064,8.335448976178922,8.383059,val
3151,16.338159419611728,16.29024,val
17616,21.866040751447045,21.85393,val
13760,19.832714857842745,19.73935,val
18894,7.015907654778206,7.078747,val
18045,15.102020556650752,15.0149145,val
9133,15.574969948205018,15.551367,val
15393,7.99680899222809,7.978352,val
7448,10.711626526387535,10.688735,val
2198,15.73678562769897,15.738128,val
14045,8.541278336683428,8.398102,val
1428,14.484257017988872,14.474913,val
18710,6.012938670244698,6.0492597,val
14692,2.245295121514955,2.2868598,val
10587,6.839314801946729,7.0237923,val
11150,9.819212878211056,9.714574,val
13455,10.77542430461726,11.148467,val
12641,16.66720174919208,16.499136,val
10188,8.309285078593776,8.269247,val
7799,13.993024490127516,14.01507,val
7215,15.581312516800365,15.602331,val
7275,8.611103220801027,8.76314,val
3822,5.210044803040309,5.10057,val
1988,18.40745346548315,18.370323,val
700,8.181741941431584,8.143375,val
2717,1.8874794725104809,1.9145777,val
3921,15.66468312221464,15.7275,val
11945,6.769598746876629,6.733071,val
16890,14.05023395227696,14.07897,val
10034,2.769526644261985,2.7199035,val
11133,11.728896913819645,11.834151,val
14487,3.166365301401359,3.2068803,val
15822,3.95309463306269,3.9056327,val
4761,7.567543596351866,7.5752435,val
3813,6.036792725606744,6.0305843,val
4497,16.804404559933303,16.826828,val
16347,7.4563056885443375,7.44826,val
11487,14.132657532084243,14.129305,val
106,8.215332087039892,8.297188,val
500,7.827871458100985,7.776333,val
9090,0.8385161921108057,0.8706864,val
9013,8.302135213824934,8.456618,val
9031,5.824678068711767,5.8553042,val
14677,3.686377574441944,3.5855954,val
18564,1.1999160076664488,1.2916032,val
8052,9.026873616494694,8.732687,val
11093,16.675285246165355,16.699602,val
10515,15.76001720338972,15.7226095,val
18324,5.951174045570554,5.941374,val
9621,6.003679234975331,6.1284866,val
9841,3.848894901423012,3.8137174,val
18372,1.6572675975873763,1.6601233,val
11506,12.089813310116432,12.049951,val
4362,8.280736697177291,8.383055,val
14083,4.63103489612628,4.612874,val
10656,0.4726173152696745,0.49001518,val
1631,11.951030500375092,12.013591,val
8782,11.288431310833746,11.313453,val
3791,8.5365964196561,8.574571,val
1599,16.369879411588613,16.45477,val
9825,5.638316644573379,5.6828427,val
10893,18.23885000080192,18.14182,val
13577,20.33235435243045,20.238039,val
15465,1.1507077190092188,1.1626663,val
7863,7.214741842448887,7.1217575,val
9635,4.837973581546841,4.6707454,val
14164,16.65518998899862,16.60294,val
17339,7.092306757077973,6.9621987,val
8733,19.709906491711315,19.74208,val
17992,0.6331621110621377,0.6568756,val
8331,1.065766266877356,1.0566196,val
1964,20.666184453369105,20.66242,val
14650,6.248616981535773,6.1786733,val
6515,6.9936190241571685,6.919088,val
4922,11.55634952819126,11.53514,val
5380,3.0603649855281603,3.0309603,val
2402,13.751832944632458,13.682118,val
1718,2.951047761815326,3.0991294,val
19031,13.139463725113185,13.091002,val
6318,5.91582648153655,5.9086685,val
17095,12.716827684287251,12.731257,val
447,12.964701588774194,12.927049,val
7085,6.351373883015512,6.2866683,val
5439,16.164398306317704,16.124228,val
73,11.87062047265689,12.0187645,val
16340,9.50678403463058,9.5786915,val
7938,0.4442597746920655,0.49468145,val
2800,12.995408015360123,13.243603,val
15034,6.415406004352764,6.4206095,val
13927,1.878805565247041,1.852437,val
10417,3.5611484989300224,3.4965904,val
11081,17.731801760048334,17.477911,val
8013,13.244119412370951,13.34985,val
2452,7.968428806203697,8.144764,val
17643,18.122995252773656,18.058374,val
16667,15.87390647224444,15.9208765,val
2053,10.081602248677758,10.025869,val
14037,9.462949534623393,9.433553,val
16634,0.4275282932572306,0.4430314,val
18551,2.297213808248332,2.2044535,val
1353,1.3363722621315623,1.3364677,val
17809,20.89786988468448,20.804758,val
14015,11.76382701603922,11.603825,val
13842,10.366744559697691,10.371858,val
13486,7.127133883539837,7.133476,val
10843,1.174107873018807,1.3382167,val
10279,17.871190889983257,17.884108,val
157,3.287947661619287,3.272513,val
9834,4.681122603925418,4.675812,val
17610,22.362829367077765,22.342554,val
6859,9.55131599561143,9.603501,val
15650,2.5155503672384536,2.5755832,val
6723,5.0212229258836825,5.075633,val
8082,5.781206930683166,5.578535,val
13312,5.976689668027713,5.997328,val
12474,13.460440556502958,13.473836,val
12892,10.59483787578506,10.656645,val
9848,3.0304551968826137,2.9784286,val
551,2.6606308199734743,2.743026,val
11223,2.0937202655466063,2.129431,val
7426,13.246655144536843,13.218312,val
15201,8.750982015593335,8.783304,val
1325,3.946799396315091,3.9819543,val
8579,13.069448218346874,13.141464,val
9988,7.645261604763957,7.5863557,val
12731,5.770228233744552,5.742225,val
4477,19.41486821706457,19.350588,val
63,12.982330691889922,12.9298935,val
2721,1.283642983815515,1.3170441,val
3047,5.443229537516516,5.615047,val
9206,7.201363228152072,7.2559314,val
13608,16.10761300694008,16.005291,val
7040,11.203484112019432,11.276012,val
1186,20.301447302959083,20.21143,val
9576,11.34301603878951,11.269502,val
3810,6.581321196823094,6.6445565,val
15652,2.002528380250228,1.9499143,val
7156,0.3903079233669674,0.32632235,val
9731,16.461570891092144,16.498363,val
18547,2.600442198155272,2.6795216,val
10765,8.583591559680457,8.517171,val
18084,10.84027773054872,10.768144,val
11885,13.728834905530316,13.773131,val
17929,6.126682243249699,6.433046,val
19036,10.856781823702123,11.046922,val
17872,12.860359546772203,12.752725,val
4878,16.8903737296534,16.967678,val
2465,6.690715867773279,6.535694,val
6744,3.084400098632836,3.0861304,val
4835,0.9008689143388572,0.92683446,val
18209,19.667799663502112,19.645468,val
15887,18.661193343099725,18.64156,val
18946,1.857552667174027,1.8341221,val
912,5.930767299730712,5.9160013,val
16235,0.7978989796719554,0.75656325,val
6063,11.345195714810064,11.414936,val
17976,2.054978155516679,1.9356104,val
3461,3.0316469567100666,2.9166274,val
12643,15.92063816334469,15.751078,val
4936,9.57004770909622,9.528837,val
6897,5.945142766747093,5.973131,val
13739,1.7568879899740106,1.7235512,val
9174,10.645629827096611,10.517121,val
19299,4.787775685031888,4.7489386,val
17229,21.091008929859047,21.093538,val
19277,7.005169650177725,6.9318466,val
6248,14.000154499988474,14.106448,val
12122,6.79507418424958,6.803648,val
18328,5.779148250676463,5.8110185,val
19103,4.492775198206555,4.474716,val
10865,21.814984532669097,21.74966,val
5443,14.583966683914538,14.696466,val
7812,12.465373046188464,12.418881,val
8438,9.298736948827166,9.313084,val
11318,11.709618148602392,11.7151375,val
15392,8.174383229715477,8.230549,val
7714,2.077030631950581,2.1129591,val
16048,1.1487210296904395,1.13483,val
9214,6.402746484808026,6.435649,val
18371,1.7222050533097886,1.6931667,val
4722,11.826754486345571,11.902906,val
3299,22.327284734534626,22.09938,val
10940,12.390335087705514,12.512985,val
2479,5.009367880676067,4.9657702,val
1634,11.21437926722074,11.426119,val
11025,2.976837142390884,2.9928741,val
14468,5.105205522747941,5.0273705,val
5992,19.250753827385097,19.213442,val
11033,2.1567366925967844,2.0876367,val
17011,1.004360875061177,0.98524374,val
6104,6.974426471900412,6.9747796,val
3737,15.746147601805983,15.791872,val
13062,13.14747749268025,13.099255,val
7334,2.632822668638016,2.6288567,val
5910,7.64799034858024,7.6435814,val
17691,11.876552598584809,11.875265,val
10539,11.996099050821575,12.041593,val
14633,7.686913329396731,7.747722,val
18164,2.7279256612248064,2.691947,val
7189,19.13512113970236,19.122982,val
10077,22.42448390226096,22.324816,val
3651,3.2652410328372503,3.2362757,val
17973,2.111009032507648,2.1673834,val
12512,9.053522782955486,9.03707,val
18143,4.620451687316793,4.6270285,val
15466,1.1128904775128607,1.1154696,val
17043,19.48407528764148,19.42332,val
6288,9.240461438475188,9.414206,val
1098,7.251378739277924,7.258958,val
1500,5.947516371565638,5.9223485,val
9690,21.746667944382043,21.699444,val
5668,14.005542087049951,14.056157,val
10863,22.24844169350559,22.239504,val
14742,16.92576154149994,16.919256,val
4,19.61199767958893,19.476381,val
6480,10.560470434835464,10.635921,val
2853,7.017165623713484,7.0308785,val
15966,9.060349629340148,9.149373,val
5130,8.793067653309846,8.804169,val
5547,4.7333393710705245,4.727046,val
2263,7.423829994191566,7.3353014,val
14325,0.7418131520351384,0.80893,val
1166,1.0290734739279994,1.068889,val
12506,9.6177211797576,9.630013,val
14115,1.8715763630933844,1.765475,val
17088,13.041618769775614,13.171942,val
14025,10.679956803338351,10.538189,val
10295,14.947858788034488,14.978099,val
10236,3.097928898664456,3.0541751,val
7357,22.443132428330053,22.364094,val
5658,15.23611603392996,15.224388,val
8097,3.928555462271477,3.9595547,val
641,15.212875251717788,15.20947,val
14741,17.353308456548813,17.332775,val
2581,16.559602413487887,16.61071,val
7365,21.819339707055203,21.753342,val
7922,1.6158467905834677,1.5606499,val
4523,13.074065780418506,12.998425,val
9529,16.810799779170942,16.920832,val
11135,11.38218939928914,11.710591,val
9287,0.393656532628108,0.37712553,val
18785,20.151536327123274,20.052856,val
19134,1.6887891759467213,1.6948931,val
11076,18.32102478997812,18.363808,val
10080,22.10668000015564,22.145363,val
1984,18.28905343675861,18.258883,val
10708,14.093372401898886,14.237508,val
9966,10.681627988587076,10.578817,val
17775,3.0025325066347324,3.0160146,val
8863,3.827820302875151,3.8021119,val
7209,16.568332723117006,16.641567,val
7257,10.622237627668545,10.56317,val
2582,16.397467456028203,16.447464,val
3195,10.74500605000727,10.745458,val
19342,1.1334492181293376,1.0935345,val
13567,21.665970115325173,21.664839,val
15720,15.65393646961415,15.654294,val
15974,8.115170516012775,8.171312,val
2501,2.9448059371553343,3.0485427,val
445,13.28820629731864,13.372262,val
6542,3.94929071143602,3.9717617,val
2515,1.9393720022029903,1.8751857,val
584,0.3168738552536702,0.33767334,val
13178,1.241789476572189,1.251523,val
10525,14.465453752753364,14.457649,val
3008,10.65225386683034,10.845988,val
6272,11.020243371989428,11.200918,val
3656,2.573635871384686,2.720475,val
5155,5.893216623110189,5.877158,val
8575,14.649810293305196,14.513606,val
9445,3.606421491319416,3.5493736,val
947,2.771555703034988,2.8413253,val
12308,8.889398659547643,8.885558,val
3157,14.922432266381705,14.800987,val
3659,2.6289693255789595,2.4657652,val
16620,1.2292341798338282,1.262105,val
2973,13.793964257294736,13.8023615,val
4880,16.676516822057167,16.753199,val
3565,11.518158946965276,11.573506,val
7153,0.7890624334536166,0.73126316,val
4851,20.41225472860726,20.343428,val
8511,2.0301226172168687,2.0829916,val
13886,5.875833449117975,5.8480587,val
14021,11.247091819055903,11.2241,val
9977,9.087679561709196,8.955439,val
3066,3.765724373061102,3.8555896,val
12996,21.535659245668626,21.558676,val
10006,6.033527233970739,5.904698,val
1592,16.073264050681647,16.1408,val
8678,3.193677693310594,3.1433158,val
7859,7.4151256041447375,7.5379386,val
18410,16.500574732304578,16.405312,val
15811,5.028818168529223,4.9446945,val
9938,13.20232541573465,13.035631,val
5999,19.185266353086227,19.272665,val
19102,4.690577184346861,4.61982,val
4214,4.470893182273272,4.462616,val
12668,13.24081970524692,13.435013,val
16615,1.7183882665598085,1.6840369,val
6295,8.53301194987697,8.329573,val
8342,21.417195379690224,21.51809,val
9015,7.892522417481791,7.987223,val
16053,19.56325408307793,19.34364,val
8161,18.82203942958912,18.74572,val
2257,7.797655221005082,7.848637,val
9104,20.33241716503802,20.370129,val
2514,1.969565406559848,1.9729999,val
8876,2.541600731860296,2.4434369,val
202,22.3111893804049,22.342402,val
2728,22.52772830687422,22.450212,val
3540,15.65721931629392,15.760233,val
12044,14.730352305377885,14.836535,val
3314,19.92087793502732,19.980572,val
9465,1.8821136722108829,1.8984157,val
10235,3.81711863182069,3.846292,val
15662,1.1930072119476636,1.1478989,val
12724,6.427205944054371,6.3970942,val
2653,7.966236421804416,7.938104,val
11654,18.030026430199225,18.070671,val
17157,5.773394231222686,5.763706,val
7392,18.086957573650743,18.052757,val
1320,4.030134484843051,4.0861506,val
767,1.8640622239038336,1.9209818,val
12862,14.288085909218204,14.384682,val
360,3.122143719010217,3.122663,val
2421,11.48765512300784,11.473917,val
6704,6.84330413182681,6.9291987,val
7514,3.94430516174104,3.9606943,val
9209,7.055236587600118,7.121172,val
13487,6.989187019977336,6.9765415,val
14522,0.660584278021116,0.63796264,val
4367,8.13182948192124,8.139745,val
2137,1.7066323163701116,1.7578034,val
5897,9.240894384207946,9.106859,val
74,11.696764404205254,11.603704,val
3313,20.08911581383002,20.200108,val
4848,20.84921971706621,20.799181,val
16776,4.881631469071706,4.904795,val
3684,0.6705592237712386,0.7316091,val
11644,19.30892256309072,19.45114,val
9310,18.959033206391467,19.040321,val
10322,12.604829884758294,12.655865,val
8225,11.57070749145293,11.70448,val
5485,10.244324057439972,10.222878,val
7010,14.669431608833223,14.704357,val
2914,1.2845074736298308,1.295242,val
9194,8.486261202720796,8.400476,val
10537,12.50442270623543,12.567025,val
15389,8.226415146115352,8.196886,val
9291,21.071750656948893,21.324257,val
5112,10.669857123059288,10.645633,val
13702,5.061686984182131,5.0253215,val
9227,5.129139626738576,5.2042694,val
13655,10.688306963041232,10.744437,val
16349,7.0773550585185045,7.1527653,val
15938,12.332160292265993,12.193197,val
11073,19.21292908787868,19.251484,val
10551,10.54493057497661,10.582335,val
8873,2.8473468428905924,2.8062215,val
13882,6.0900473000678055,6.1202188,val
385,1.3538434801351005,1.357313,val
1422,15.078713535418496,14.940598,val
15010,9.024095776044238,8.991273,val
6050,13.118711183464578,13.096667,val
1773,17.28448355796369,17.192085,val
13440,11.986433020796634,11.82572,val
3526,15.303388606271136,15.595652,val
4902,13.979604990778784,14.02332,val
9679,0.6535941647301523,0.6650556,val
12926,6.712268248872509,6.6644588,val
16552,7.710914549366585,7.790345,val
509,6.95131188986055,6.921538,val
11130,12.078184734951993,11.845903,val
3808,6.957247192200792,7.0872025,val
2046,10.833784563900752,10.823537,val
12158,3.645288380140679,3.609753,val
3983,8.267515967437646,8.213482,val
15436,3.5830905851931694,3.6074173,val
1181,20.57806610216566,20.600485,val
16080,17.0621405820275,17.06274,val
18047,15.525957049327843,15.438882,val
3794,7.8666653031639076,8.004334,val
8068,6.985221206750861,6.9252806,val
1068,10.75118174576873,10.818567,val
9327,16.694840531501054,16.413736,val
11544,7.911900200424778,7.8928266,val
280,11.97211955114631,11.890634,val
14536,21.08146279095008,21.081726,val
2557,19.490928016667624,19.390472,val
7599,13.432044695109038,13.469697,val
17444,14.778087897054547,14.843211,val
9708,19.56187930784903,19.602886,val
9976,9.475908791170063,9.478091,val
18966,18.514014796514143,18.265318,val
5693,10.842481457586812,10.790439,val
4310,14.163458945199135,14.244589,val
1062,11.094511273714076,11.156119,val
13934,1.418832622612523,1.4652339,val
6680,9.700325530343084,9.741858,val
11537,8.466041164646784,8.409002,val
7084,6.478727335880892,6.518326,val
5461,13.17429988509958,13.228456,val
333,6.10200958311803,6.080241,val
8288,4.634700251120379,4.6395965,val
1783,16.350385458870505,16.24184,val
7126,2.9218035485480534,2.8494434,val
15086,1.305186332260723,1.2530771,val
9826,5.578862653892329,5.616951,val
17721,8.319178193060697,8.27294,val
17733,7.134687127061691,7.147633,val
13379,18.25175504088784,18.335709,val
15107,20.77077639894037,20.555958,val
17595,0.7240395643876015,0.72506154,val
17293,12.163438152102566,12.128038,val
12209,19.52292379607,19.504467,val
9500,20.707228033308105,20.789762,val
1663,8.208281813329341,8.384791,val
7710,2.253311517537709,2.2595787,val
7842,9.234571805668748,9.258199,val
6787,18.31968142382267,17.923912,val
12547,5.090089609623875,5.0714827,val
3724,15.156554126693372,15.218974,val
1744,0.8847644999843607,0.8779776,val
9553,13.927992015101577,13.866984,val
16801,2.6490938558988044,2.5367365,val
1441,12.767885287005686,12.741611,val
13211,18.40788476125666,18.346071,val
5753,4.484901553540158,4.46315,val
10910,15.994089157237765,16.032127,val
148,4.112324757077422,4.123062,val
3222,7.804190759735928,7.8458567,val
17069,17.05038609257035,17.048563,val
7224,14.53870593624553,14.407046,val
18357,2.8863838073218027,2.8562915,val
9369,11.799463737503846,12.049126,val
19336,1.637541824046414,1.6660368,val
7207,16.91250118543673,16.924099,val
9201,7.830252783519471,7.8543267,val
15084,1.7812096046808166,1.7393792,val
18187,0.6293162846464562,0.6839746,val
2115,3.531671335381552,3.5018,val
3578,11.542274495344714,11.379984,val
4727,11.670044324718733,11.535883,val
2861,6.010871143017426,6.021115,val
3923,15.027366185164476,14.978819,val
6147,2.932361251025301,2.8679025,val
10081,22.001471094453468,21.924583,val
8224,11.750639531412377,11.964662,val
7819,11.766944306350991,11.60307,val
12792,0.5236039088357684,0.5045693,val
12475,13.334130000579544,13.19451,val
2012,15.029762023456026,15.045835,val
16610,2.037568359610307,2.1504405,val
11820,0.6192268483075147,0.61275667,val
11958,5.348758695619816,5.372926,val
18508,6.238381680676379,6.287233,val
10274,16.854248393573048,16.849882,val
8202,14.121745433159424,13.7815275,val
18569,0.948094216187152,0.98600286,val
11343,9.24121514338038,9.19842,val
11473,16.66597102535776,16.730793,val
9239,3.925438096796051,4.008032,val
206,22.064981629721714,22.175482,val
1119,4.965988071189965,4.906236,val
17873,12.779939874284524,12.786952,val
3979,9.05906749649037,9.100484,val
18088,10.465036165043324,10.488033,val
6923,3.610881607925255,3.5804248,val
548,2.978555761254439,3.318207,val
3343,16.380598213304413,16.369825,val
5486,11.895551376049774,11.794932,val
17106,11.306205258324027,11.326263,val
7286,7.222160056360388,7.1788983,val
9820,5.943090295451395,5.9437037,val
17010,1.0684569392264789,1.051555,val
3948,12.890331420055412,12.9372,val
6918,3.96696991661275,4.005733,val
16295,14.237222465610404,14.195067,val
17267,14.526561913449433,14.562412,val
1683,6.157581510279178,6.257028,val
14357,18.31181497224565,18.423538,val
10198,7.179121477098525,7.1356797,val
4269,19.667999689182626,19.579973,val
4324,12.132417424314507,12.100119,val
16712,12.179198741925926,12.048775,val
18353,3.2402658827470177,3.221214,val
12876,12.336284543592472,12.332504,val
6650,13.095615332772446,12.968289,val
18056,14.513319270598725,14.827776,val
17065,16.286993687064076,16.349468,val
6421,17.943809933051973,17.930233,val
6654,11.990105616098615,12.096618,val
4506,15.756021825244783,15.679277,val
7976,17.848217817059034,17.77802,val
10909,16.119746926694578,16.198433,val
14403,12.819672664798976,12.772674,val
2248,9.47003220518857,9.504127,val
6121,5.360110959288887,5.307663,val
17887,11.317282302190586,11.238265,val
15336,14.186838700094338,14.148912,val
3297,0.8944735974730784,0.92632365,val
7774,17.785301614595948,17.806995,val
10258,1.3366952495127844,1.3121954,val
17698,10.777445879836622,10.695991,val
11553,6.9678831012341655,6.914785,val
7341,1.9260174431453645,1.9107728,val
16717,10.816360203068006,10.859316,val
4937,9.51020223950228,9.498926,val
13201,19.756681037415373,19.73645,val
4027,3.9269461954547538,3.92015,val
4300,15.272852165570349,15.181177,val
18549,2.438688984063296,2.4303017,val
11883,14.19999643333218,14.158471,val
3844,3.080095023161846,3.0405939,val
12685,10.43116117093782,10.346069,val
17521,7.41168376358369,7.4407663,val
483,9.359747147072715,9.394585,val
2627,11.033117072692528,10.922558,val
8479,4.881990006078311,4.922935,val
8356,19.451924981436424,19.432655,val
16644,19.19963179709533,18.966661,val
9687,22.51264892763984,22.460144,val
13431,13.09969073313162,13.092509,val
1658,9.474577761107897,9.347158,val
9742,15.078160796175654,14.996105,val
8047,9.26768581911496,9.325727,val
783,21.07029390995833,21.006222,val
18927,3.543520787746464,3.5298853,val
13666,9.28379054413591,9.354602,val
6979,16.212214057849337,16.619297,val
17783,2.1441013167728027,2.1442153,val
788,21.07869719129612,21.126595,val
16880,15.320942277288944,15.2609825,val
14628,8.852749522628526,8.818835,val
5646,17.090266669805295,16.993435,val
2718,1.3637952297470377,1.3726699,val
15231,5.525252040657929,5.614806,val
4068,22.068071704288148,21.954628,val
3730,15.749366752067871,15.813622,val
3098,1.153834016415361,1.163182,val
14229,10.054433888139194,10.019559,val
15278,1.15654943948206,1.0950351,val
8961,13.23600217895238,13.202051,val
10718,13.080932165354438,13.210832,val
17041,20.273452599328408,20.200932,val
17987,1.2571888887599632,1.1629221,val
14138,21.484123638639826,21.54909,val
4312,13.589328509264108,13.495206,val
17911,8.232811480869566,8.304876,val
2817,11.461420920494318,11.231045,val
16218,1.940079338037376,1.9685756,val
1553,1.152699022703058,1.1560915,val
18949,1.661338136095517,1.6560862,val
6679,9.92502381184292,9.945953,val
14394,13.96907533525514,13.960407,val
16463,17.867195606946602,17.783514,val
7911,2.456457121708396,2.405634,val
14727,20.53954643407132,20.566309,val
5699,10.245192101723086,10.312294,val
9220,5.836869317308539,5.8003607,val
12080,11.391244191806445,11.375238,val
18251,14.187566662019757,14.162029,val
12063,12.787584565730704,12.800478,val
12010,0.9242811601574784,0.8958427,val
10493,16.64804655373517,16.642056,val
11628,21.49700267842138,21.311234,val
263,14.355665849468636,14.366854,val
9066,2.657431174873261,2.6223469,val
8352,20.12520820078435,20.111834,val
10085,21.58420929850712,21.609419,val
18768,0.956224216812762,0.9340228,val
14061,6.818448727684629,6.792394,val
7614,13.19459403497195,12.807015,val
13999,13.93290185713571,13.864001,val
6138,3.773613236502729,3.749821,val
6731,4.3057301121688,4.338297,val
7552,17.532023945690746,17.011988,val
13639,12.16198771484412,12.072593,val
6064,11.191487798415665,11.258995,val
15266,2.051782017095357,1.9440314,val
4799,3.668197130665013,3.615887,val
17034,20.36517172458866,20.405111,val
742,3.829775208566425,3.8323045,val
5903,8.28268616854285,8.4067335,val
10246,2.1911784552388243,2.1933339,val
2366,18.190103878186253,18.194412,val
6562,2.1217689523885954,2.1512551,val
8540,17.06844258699495,17.217438,val
18539,3.289478967442568,3.2871714,val
1401,17.792971569079192,17.819883,val
13514,4.207216627652032,4.1874104,val
13039,16.13115274993556,16.019022,val
18091,10.085914724633229,10.033991,val
15957,10.10446272075144,10.060383,val
13373,21.285665726146835,21.01094,val
6120,5.496037901367024,5.640002,val
6309,6.885094601915855,6.942975,val
6638,14.937514447752324,15.039089,val
201,22.37795529743993,22.342402,val
3466,2.912368682784714,2.769391,val
4606,4.044413391831791,4.043796,val
9299,20.604724980240217,20.665386,val
14086,4.083768729692865,4.1734676,val
13791,16.206439889504296,16.140574,val
15408,6.300814048270843,6.3262153,val
14566,17.007469626009502,17.005733,val
3293,1.052381477508704,1.0588976,val
16760,6.868807322243499,6.772056,val
9120,18.42913197430251,18.556044,val
17949,4.055362180357539,3.964148,val
5935,4.990418820812329,5.1243424,val
4925,11.342732767002792,11.399384,val
13549,1.1932568231237088,1.2029079,val
1100,6.962930823917166,7.018088,val
14811,9.347750757503098,9.320447,val
13358,1.7140081256320692,1.741916,val
15227,5.927503982887847,5.8931594,val
13793,15.55566928035182,15.601799,val
17756,4.92946250690501,4.9500093,val
15324,16.186219905009192,16.078802,val
9726,16.91378611866983,16.970041,val
2763,17.716967083636995,17.772757,val
6854,10.631567661447288,10.632726,val
17112,11.14780379144868,11.159972,val
11778,3.933385601997261,3.9323668,val
5293,12.86595052533657,12.812668,val
18124,6.55629426881885,6.64188,val
16730,10.344676657400534,10.386155,val
1956,0.3115198574363776,0.31948566,val
9513,18.838962696597868,18.833044,val
15194,9.445490256140896,9.596336,val
920,5.017501334708937,4.949738,val
14046,8.415904588448269,8.483389,val
6565,2.083435798545595,2.103634,val
7695,3.784445136456218,3.7546332,val
3426,6.872812151315356,7.074483,val
5516,8.273006434464875,8.084468,val
11655,17.90319231236433,18.025599,val
14559,16.581943084970536,16.660084,val
10377,7.589458240020596,7.569674,val
2343,21.02642098013765,20.67695,val
616,17.806320375834503,17.925642,val
5342,7.085449037158655,7.1293445,val
5060,17.10373973871672,17.046703,val
8690,2.1475505400351045,2.1669137,val
12893,10.45076641763436,10.488984,val
11148,9.945087815378448,10.027419,val
4624,2.515323086374058,2.5385277,val
11614,1.0866783920355627,1.0647165,val
13111,7.260088223379486,7.2307262,val
13369,0.9531114539936508,0.94602454,val
3736,13.38067386877134,13.63258,val
8165,18.97805984896765,18.942781,val
16558,6.939117533170742,6.86825,val
14467,5.142186478453729,5.0991344,val
2827,10.291361659507452,10.09299,val
3819,5.697265721181206,5.73015,val
676,10.939521536488256,11.061786,val
12481,12.644540311164612,12.642455,val
11244,21.38063828842322,21.384878,val
13128,5.8342291854663335,5.86335,val
10250,2.11533150154359,2.115857,val
8340,21.64551157898972,21.67132,val
10086,21.14803536179481,21.128183,val
8967,13.131912468695504,13.0616665,val
19304,4.489875959668837,4.4585195,val
16114,11.538727038651531,11.596102,val
9994,6.298761544769159,6.3271575,val
5214,0.8746609829500943,0.8685904,val
12993,22.12734508960756,22.058317,val
4424,2.36538158700018,2.3216708,val
9710,19.170204797793204,19.157282,val
9231,4.705426327033603,4.6715016,val
18562,1.4852780884029184,1.4001545,val
2725,1.1841907538399778,1.2646941,val
14706,1.0993413572248327,1.0425857,val
5906,8.224439055364991,8.023721,val
13245,13.522141905614028,13.483069,val
14082,4.696917425135542,4.6287966,val
7092,5.7959357334693085,5.866779,val
17918,7.281412258534053,7.3530464,val
3177,12.659281090127497,12.683284,val
14101,2.874433450377156,2.837024,val
9181,10.046446378269597,10.00776,val
7587,15.420789727570096,15.453708,val
5115,10.064015315324443,10.124194,val
2061,9.172951173495566,9.128632,val
5780,1.9507403166753303,1.9622908,val
14316,1.2067119467511749,1.1943086,val
9636,4.807797266978486,4.6186395,val
11513,11.648193168017857,11.786029,val
12306,9.486889096248566,9.409461,val
3119,20.793281716925502,20.766077,val
5600,0.2750521193943376,0.27777973,val
14815,8.448078976662314,8.610987,val
16021,3.0804528240058806,3.048015,val
1424,14.744355021007904,14.670854,val
4771,6.503938512624305,6.5313168,val
16998,1.87458463630766,2.0121734,val
16813,1.636832404920392,1.6206818,val
18743,2.9605714323882686,2.9611754,val
5765,3.430124578086873,3.440919,val
3504,18.185960539783824,18.062902,val
4544,10.619166656947096,10.611078,val
10597,5.778144064492371,6.0181713,val
15909,15.820758482490769,15.82128,val
16639,22.47368298475521,22.43367,val
2693,3.8085812854382217,3.8213122,val
2952,16.49108363122488,16.361013,val
2939,19.170317104391213,19.075092,val
6475,11.578237561053363,11.400455,val
2630,10.542922149265864,10.571327,val
5641,16.934295538150078,17.064457,val
16480,16.44394852733237,16.449558,val
19178,16.718326229328042,16.67578,val
7923,1.2933313817156555,1.3424038,val
9638,4.055250325640795,4.041672,val
953,2.067825722285697,2.0882266,val
16034,2.0566672047607537,2.0875278,val
17494,9.791224024543974,9.711257,val
7025,12.033365932197713,12.057256,val
3584,9.69435614595328,9.661608,val
14508,1.4217663813759012,1.4078959,val
14604,10.453932234232951,10.573867,val
13218,16.23530786233202,16.18256,val
13817,13.87090079538716,14.003417,val
1632,11.655877431412977,11.694053,val
3638,4.7217171830404645,4.662788,val
13325,4.620359566246878,4.6150403,val
13051,14.507014004162178,14.501664,val
13847,10.245208095871762,10.319223,val
7788,15.292859998839594,15.370701,val
14779,13.355375808686844,13.403413,val
14776,14.39828948111626,14.3642435,val
14191,14.270485492873824,14.169166,val
7217,15.615718634437414,15.6226425,val
17493,10.031850814672024,10.061366,val
16194,3.920781253279992,3.954369,val
15101,20.71766604760206,20.750607,val
14476,4.1667495526182,4.1452484,val
17552,4.202902366004865,4.4224424,val
1339,2.193729198235088,2.2861078,val
7054,9.364302753667973,9.354699,val
669,11.818335276036178,11.748982,val
9842,3.801619986663889,3.8039927,val
8546,17.554703079559136,17.4758,val
12976,1.9107634182482909,1.8858559,val
15462,1.2755934668019628,1.3257347,val
10885,19.2181954066376,19.251347,val
8346,20.78600643939344,20.75683,val
12207,21.3349777206302,21.330616,val
16257,18.13517731942825,18.05506,val
13205,18.336018959651994,18.314299,val
2092,5.752699287652188,5.7931924,val
4370,7.562092415746257,7.6603174,val
8723,21.084725022843102,21.094162,val
2791,14.131382631365948,14.272616,val
6513,7.03863922988365,7.071271,val
7602,12.426269518932564,12.516786,val
3396,10.183489548877414,9.981765,val
15259,2.7700061460707657,2.7555096,val
13621,13.99927545115369,13.906547,val
18311,7.45181481338059,7.372794,val
1573,17.991798711937353,17.899706,val
12502,10.192150902003098,10.1713705,val
11927,8.663580936708039,8.653381,val
3766,10.418335796332856,10.674502,val
18895,6.8607653032035145,6.898732,val
1582,17.174495613493644,17.225199,val
4995,3.780053613229412,3.7988179,val
8106,3.013680127644037,3.0688212,val
3284,1.7516448507566036,1.7281146,val
19155,0.2726800489910922,0.26995897,val
867,10.993877437038314,10.976264,val
14195,13.153494658934385,13.091894,val
16660,19.15139333611541,19.161795,val
13304,6.813534638771109,6.802081,val
2612,12.709067280402888,12.788391,val
12909,8.52667801188916,8.580044,val
136,5.201820312169555,5.233089,val
486,8.904364693741009,8.865136,val
9999,6.328511446393746,6.3382215,val
9985,7.08832596815184,6.996661,val
13404,15.397455868299048,15.127288,val
17623,20.76906501759597,20.781214,val
13748,1.052662285789007,1.0568949,val
11890,12.635203672339024,12.69206,val
11723,9.504871060565968,9.530943,val
1180,20.683704341215066,20.73524,val
5703,9.724528819551203,9.61406,val
17060,18.015340817659084,17.983273,val
1980,19.25820429609388,19.256235,val
13079,11.351439552379649,11.386688,val
8557,15.932077345855747,15.8359995,val
7851,8.26960081547657,8.491208,val
7962,19.635113595136804,19.639135,val
19172,20.19404699055348,20.067287,val
10099,19.50363808604048,19.466843,val
5395,2.0888254743457977,2.1290362,val
5537,5.778229239433963,5.755847,val
12527,7.236437484785103,7.213307,val
942,2.9760812837591697,3.017088,val
12535,6.62629197799744,6.5888734,val
14002,13.37796549697239,13.447559,val
15891,18.406355745385422,18.416502,val
5611,20.43496485982955,20.436907,val
10996,5.910246691927318,5.8855968,val
15476,0.4797486125190692,0.4679717,val
12809,19.491905175059014,19.504648,val
3896,17.673510644790483,17.577957,val
9960,10.18760243132553,10.101741,val
6367,1.2804873575737703,1.3171955,val
9582,10.42830385190922,10.478581,val
10795,5.465795522370569,5.492445,val
12151,4.12162935797893,4.0919523,val
2813,11.589039292889964,11.531389,val
1939,1.1708494712064133,1.2248731,val
2216,12.31749733468007,12.427161,val
11493,14.124595547536302,14.127012,val
7155,0.7089250105003042,0.6960866,val
5820,18.150904608892603,18.052465,val
18253,13.59548048395961,13.630817,val
16226,1.3887314032860292,1.3406746,val
13320,5.086001980510358,5.1368327,val
3760,12.204502942494404,12.177233,val
9078,1.6592151989245625,1.6528777,val
17535,5.623469760331503,5.781807,val
13242,14.230013305968932,14.351777,val
14792,11.297886765392182,11.290144,val
8533,21.111536188328152,21.102594,val
11764,5.03505757408421,5.019572,val
18265,11.97244854182412,11.858357,val
3817,6.033261591472026,6.168896,val
789,20.828194183605348,20.78919,val
8950,14.550148642709892,14.625926,val
12806,20.57151938468025,20.554379,val
15835,2.8687465215049506,2.8664708,val
5989,20.2949043676826,20.271566,val
13016,19.00815788665534,19.118973,val
8491,3.8301968843145446,3.8572955,val
15352,12.868278245541042,12.980477,val
13517,3.894608139352129,3.9346719,val
12829,17.39468710919989,17.436008,val
4568,8.098465956606352,8.074594,val
5405,1.2982789642317574,1.3239486,val
6068,11.374559687833344,11.486881,val
16489,15.771226883693751,15.797679,val
6028,16.14535560022387,16.15801,val
6780,18.42177101671525,18.24481,val
394,18.88267501905809,18.923077,val
7713,1.9750153983055752,2.0208015,val
8010,13.783154555645655,13.868497,val
13901,4.229147108526621,4.240131,val
19015,13.194376599604023,13.2109995,val
17413,18.355082952353,18.306221,val
16576,5.15939562919359,5.124718,val
14883,2.2016096027017307,2.230135,val
12418,20.62171918076261,20.563093,val
16974,4.084984968383261,4.0269685,val
5625,18.61198657999124,18.515488,val
3009,10.370666309152194,10.6385355,val
4095,17.434644045735524,17.448875,val
10719,12.83425845272881,13.151532,val
17536,5.4830157208666845,5.383012,val
13693,5.903108618918259,5.88761,val
6000,18.74556106692184,18.865942,val
16136,9.180605679488274,9.349753,val
5150,6.602351520290966,6.5461946,val
4787,4.833615386517611,4.7213216,val
9451,2.9269654616780203,2.9233148,val
16955,5.849937932662105,5.7675605,val
17938,5.112478790809657,5.483994,val
10927,13.903584679971434,13.902549,val
13253,12.763413179509897,12.793352,val
5627,19.35256136853071,19.377905,val
18260,13.312547719249096,13.234045,val
9311,18.659148778680176,18.693375,val
8056,8.19284840921882,8.241701,val
5958,2.7498607380357183,2.661819,val
16549,8.353293778115217,8.256336,val
7841,9.336520197048165,9.385894,val
4085,18.543467158751213,18.594858,val
2049,10.60167802210386,10.6310425,val
17972,2.130565740165824,2.1810782,val
17910,8.289269659571147,8.318121,val
11430,0.8553016493810156,0.87953776,val
6830,12.521230175812674,12.670282,val
17161,5.71204845078217,5.6849236,val
15387,8.490965107506659,8.4217825,val
12954,3.814352096058775,3.840042,val
8171,17.66891821406223,17.640701,val
3742,13.812853737935118,13.815923,val
6724,4.895399887054142,4.970694,val
1534,2.7307323037601376,2.778728,val
17135,8.208864020674838,8.166069,val
19136,1.5270864809255529,1.4209349,val
18093,9.855371764483303,9.844147,val
2368,18.42251631137556,18.484993,val
1669,8.0282204241869,8.046102,val
13726,2.8600477500397994,2.8250363,val
6586,22.45770759676557,22.38336,val
9725,17.07008491813635,17.131546,val
12461,15.05757141534522,15.067366,val
15885,19.0204715200547,18.997622,val
9317,17.91301532603244,17.485212,val
2488,4.069241405468187,4.2430887,val
6752,2.408812205488904,2.4643323,val
2227,10.979771527545603,11.022379,val
11979,3.3431105339544,3.3582654,val
15331,15.79001531959414,15.762144,val
11615,1.031794081167197,1.0182811,val
6493,9.284967811048446,9.2438345,val
5193,2.4192719702989502,2.4416986,val
12227,18.880026030664595,18.911964,val
7716,1.8597445818785927,1.9235545,val
6628,16.15848074483078,16.218218,val
13419,14.822071973885135,14.693563,val
3503,18.7042312506018,18.45659,val
16520,11.588828835064986,11.593786,val
5521,6.964153951929257,7.0489335,val
10485,19.75836542096094,19.715256,val
4610,3.701530407899445,3.7472908,val
4092,18.17812859654956,18.169533,val
4516,14.471294861760246,14.424409,val
12756,3.377890178748724,3.3816051,val
11497,12.98419533737225,12.852615,val
10884,19.38811138459497,19.327057,val
18063,13.213323375607429,13.275145,val
3897,19.744866671432813,19.779385,val
1108,6.146446661209566,6.0820365,val
2424,11.20308922884841,11.438106,val
14869,3.479849304047107,3.3805978,val
7980,17.41215055054551,17.28298,val
388,1.328498136764351,1.3515583,val
13313,5.861642164749285,5.878737,val
8734,19.072106575309817,19.15659,val
15706,17.502658357141794,17.535227,val
6502,8.175585307543503,8.1764345,val
7409,15.655016057405168,15.693487,val
14711,0.8384218302971965,0.81301045,val
11782,3.1257320470895147,3.1099937,val
16613,1.835068475916944,1.8487983,val
1346,2.1139812913876583,2.1093044,val
3640,4.372778181007438,4.2875977,val
13696,5.8958175042500445,5.9092655,val
18179,1.2792531134716845,1.4995344,val
13307,6.4349769594848345,6.4366703,val
17469,13.840565093240231,13.947113,val
12013,20.94068189747226,20.445818,val
5859,13.62592539597874,13.508662,val
16734,9.386345030467057,9.30397,val
16833,20.36037189206547,20.341969,val
17747,5.946738797006889,5.938766,val
5631,18.10988105354101,18.253616,val
4062,0.9506855634220546,0.9258735,val
15616,5.604592322448399,5.620747,val
1359,0.6411778860869605,0.65039295,val
12029,15.2131593464011,15.8607435,val
14587,13.944027633113285,14.028422,val
13800,15.39613788143274,15.350165,val
377,2.140481649521913,2.1703146,val
17965,2.942368954452161,2.8611302,val
10709,13.826871600929936,13.994558,val
2194,15.159288004431444,15.217585,val
2878,4.060904319660034,4.0469284,val
12531,6.926434494376475,6.96484,val
12843,16.598039458822814,16.65124,val
11280,15.585205790324531,15.595986,val
19092,5.724619086878504,5.692429,val
14244,7.979661575121153,7.949133,val
350,4.087438690642368,4.0791907,val
18516,5.534039098898,5.589643,val
12243,14.858275769220867,14.888392,val
1540,2.050532364245459,2.0597236,val
528,4.98654186353142,5.062491,val
4416,3.0065775382959385,2.995841,val
19120,2.744135782769641,2.6607003,val
2122,2.805204636470785,2.8404849,val
9095,21.035249962101105,20.937584,val
10613,4.206257207412194,4.155112,val
14754,15.038663591834332,15.087311,val
17364,4.380762920898614,4.3815274,val
6587,21.71102583809579,21.67349,val
18781,18.464462607754523,18.58622,val
17668,14.513729700340395,14.421181,val
8314,2.070172529548094,2.053296,val
596,20.062428033006185,20.23855,val
5120,9.92756636051448,9.920252,val
13938,1.0404594161370282,1.0495181,val
15237,4.868879738090966,4.841214,val
7481,7.148881701030844,7.1849546,val
11474,16.304833183068645,16.36571,val
13328,4.329739557286049,4.3448954,val
17828,18.44394916582582,18.53408,val
16176,5.471476744410196,5.432938,val
14567,16.451099350417152,16.500916,val
12678,11.99363817520765,12.361501,val
15956,10.21145208567788,10.15239,val
5831,16.616768861147655,16.551872,val
5498,9.907586411984962,9.806735,val
13690,6.361096553199174,6.2768884,val
8682,2.7582538656502376,2.8279903,val
