idx,actual,predicted,split
17334,2.293586245105524,2.2915347,train
8058,10.94664327735809,10.947318,train
19394,12.007289681482344,11.918807,train
13174,4.4705632766477335,4.4294586,train
5335,13.388321275624982,13.329785,train
14585,1.3217024425154789,1.2519743,train
8676,8.364771407990526,8.3652115,train
354,3.5744897217534453,3.5895538,train
11522,19.31233050718689,19.175585,train
11666,2.6154530204465107,2.5910985,train
17314,3.9882518174943775,3.994089,train
11058,3.6831318435902833,3.6841438,train
13177,4.212959985385231,4.1983438,train
14925,7.34665625211825,7.591437,train
17030,14.32318387603858,14.416603,train
13374,4.108815074372881,4.1211348,train
51,14.698749271252847,14.683826,train
17100,6.95097067559678,6.993658,train
3760,13.15203430387962,13.147531,train
16105,7.978372826756235,8.032768,train
9881,4.037020848498183,4.077217,train
13429,19.93868551743497,19.870695,train
12614,3.161508117809909,3.2352965,train
2428,7.311553207435259,7.372517,train
8594,17.948635201237376,17.95557,train
12488,17.874078675126793,17.750856,train
13122,9.96944649165647,9.993326,train
7086,9.34819952085824,9.56508,train
15634,15.672204110013928,15.673235,train
15563,3.196467740231163,3.1610427,train
8644,10.526414711182694,10.533116,train
4138,12.433735997745137,12.4478855,train
860,10.62200529125649,10.796479,train
11804,7.931766399143337,7.8121314,train
14878,12.765460013259498,12.7878275,train
17208,17.091511977645546,17.000431,train
9390,17.05150993708663,17.075573,train
14698,9.945519160846072,10.032496,train
8175,0.4716048098064418,0.45971096,train
12105,15.26601096659256,15.325249,train
10658,3.965849732986871,4.048186,train
17367,20.67181899566437,20.553719,train
15721,6.465260478629348,6.462348,train
2294,2.481102215521356,2.454514,train
6097,14.50989903978252,14.482458,train
19335,19.67358402529364,19.64078,train
2340,15.257889449373158,15.348698,train
2648,7.274751510747346,7.2779455,train
15558,4.03560239645187,4.0710173,train
16515,6.98429474397166,7.1138506,train
9372,17.533418135961927,17.375954,train
1601,12.980858479378684,12.886343,train
4560,11.907815623696084,11.951507,train
1529,1.3298444868474433,1.3874372,train
10591,10.836824444732658,10.891232,train
5200,5.504507285322953,5.469891,train
11178,11.418076369194754,11.394851,train
18493,3.301733294154868,3.4839804,train
19015,11.701684772185189,11.69634,train
3572,10.722321085428044,10.800375,train
17475,7.890509575160632,7.8539014,train
1592,13.805139045774029,13.745611,train
4225,4.157246322361079,4.17458,train
2679,4.118145864693601,4.10864,train
184,1.112558111747435,1.008172,train
18469,5.918641138107764,5.836282,train
5186,6.124645996810668,6.2111135,train
11075,2.12949972305752,2.148754,train
16214,19.7152152838594,19.729296,train
3005,9.91268887145997,10.00476,train
10629,6.907458171120777,6.844276,train
6843,17.718228116608906,17.81747,train
13502,10.45505894265403,10.409364,train
5630,1.3832959898290518,1.3915595,train
9023,11.997775794994336,12.012428,train
5791,4.565770806993004,4.542333,train
13262,16.039150346891354,16.10871,train
5044,1.7196770222350175,1.6705633,train
14598,0.4976994814457162,0.5100756,train
2360,13.051511722646792,13.053902,train
14564,3.116768224038392,2.8995254,train
7810,16.12240271440367,15.983745,train
17246,11.964404863172376,12.178809,train
13963,3.9001670861203857,3.8271825,train
6870,12.424596021877273,12.462977,train
6643,18.20684838237249,18.219946,train
14144,6.314695398177816,6.3007836,train
9917,0.9395975219575012,0.9141419,train
12761,7.073554061899821,7.0825996,train
11109,19.697915273513782,19.715826,train
1522,1.8925381710796527,1.8656989,train
18710,2.140912305918213,2.1399462,train
8957,21.28337520713025,21.232164,train
11969,9.99268421071832,9.994022,train
13201,2.0166840341548062,2.062591,train
14505,9.549623990999232,9.418228,train
16869,11.270655681553093,11.311436,train
7942,2.8961174319794853,2.9476175,train
3284,1.6733204415191818,1.6374851,train
5782,5.469099403377306,5.41435,train
6022,2.1629390607240686,2.064735,train
3301,0.4643770331897405,0.43999892,train
152,3.6805833851187817,3.6304374,train
17072,10.534558872821732,10.619063,train
12322,14.03842553664616,14.063477,train
8928,2.9243242964514966,2.8703074,train
9311,3.08353746206614,3.2545743,train
10213,10.696196079001076,10.7286005,train
367,2.099870533118866,2.150704,train
6349,7.735344267989791,7.793449,train
14532,6.07345404636397,6.154111,train
3448,5.566814160295888,5.6208277,train
5367,9.657555664583732,9.693185,train
10364,13.898064120400267,13.797758,train
10807,8.709439652682155,8.856481,train
3588,9.473876028917532,9.493759,train
19483,3.012599307158724,3.051035,train
2609,11.913166984709726,11.929821,train
5420,3.958063515631797,3.9251213,train
2291,2.678004343251821,2.6450245,train
11513,20.220401505953763,20.28027,train
18278,5.971278242525276,6.1195507,train
12667,16.819426852509256,16.950342,train
13178,4.138865704079692,3.9179962,train
16546,3.7390919237104328,3.7244263,train
6140,8.413217842542252,8.364222,train
11256,3.5353892269729505,3.5626137,train
18757,18.20055638731872,18.17177,train
14229,19.086080755628085,19.066105,train
577,0.8480376772581125,0.84890616,train
10651,4.581153682989138,4.553761,train
538,4.280368646746941,4.257456,train
15360,3.108969961630619,3.0245647,train
9616,12.277219625701017,12.246549,train
6766,3.8757221095716727,3.8871095,train
14715,8.334259635248646,8.219955,train
11528,17.138356001543876,17.136417,train
3290,1.222019569590875,1.2660923,train
12893,15.20282449000138,15.268381,train
10985,11.968849541595848,11.985549,train
2935,16.063582423797975,16.20526,train
157,3.0212788723732547,3.1170352,train
15811,20.26007593543528,20.280445,train
18212,13.839931403797518,13.691149,train
211,19.437056287957592,19.477003,train
2695,2.287470123354422,2.2779753,train
8797,18.22016319856261,18.164719,train
1764,15.37340677886288,15.455848,train
7554,3.264536957794798,3.2798278,train
699,6.458520096523443,6.2998147,train
11170,12.083454267790316,12.077599,train
7424,18.3247310779362,18.327549,train
9984,14.29696510140993,14.334692,train
8959,19.631899351887032,19.605614,train
8663,8.830934267545524,8.9087,train
15184,1.059263577740322,1.0055759,train
15607,17.983664233210664,17.801926,train
2635,8.431529889228212,8.430817,train
11391,10.726470640335608,10.6485615,train
6765,3.934968459367259,3.9226313,train
3264,3.333970632343627,3.387466,train
8258,11.487152021009392,11.379032,train
13261,16.393928527416985,16.419102,train
16435,16.438512288913575,16.475054,train
13574,3.251622782747918,3.2489176,train
710,5.363312605298414,5.4176517,train
7975,0.4447924585975294,0.43962348,train
7462,13.318343977649976,13.373474,train
5399,6.092487694419713,6.0542436,train
1124,3.39110868523807,3.3030994,train
5266,0.1683011250280151,0.18575287,train
14193,1.5470171929231151,1.5409596,train
6087,15.800060452198409,15.816164,train
15616,17.121548424528513,17.172949,train
2728,20.565937213328432,20.518639,train
13108,11.112519463298469,11.138932,train
19175,15.201555140067049,15.246362,train
18868,5.289460707994182,5.211055,train
14525,7.242098734799191,7.0838943,train
13214,1.0936521112563875,1.0898614,train
19413,10.46792719245714,10.522823,train
2604,11.989961107484222,11.93733,train
9996,12.325941115390052,12.256729,train
2955,13.481578648547352,13.497347,train
11695,21.26180051269469,21.243868,train
13402,1.728549566337713,1.6767417,train
12983,4.750393033833758,4.735578,train
19110,1.741251494834448,1.7327319,train
536,4.290676049427983,4.257456,train
12164,9.392027409767932,9.4756365,train
12454,22.106316832284143,21.955963,train
14143,6.318426390601317,6.3007836,train
2801,12.044633980532303,12.132207,train
3887,0.5824416292078753,0.56442446,train
7471,13.071009628726369,12.928036,train
1704,2.590028498813913,2.544989,train
731,4.03900943673455,4.11658,train
16620,14.392652837171156,14.453294,train
18159,20.20140398194219,20.10196,train
103,8.763394800230925,8.82506,train
10693,1.0656083112137558,1.0461401,train
10130,21.466879655544343,21.545746,train
9024,11.685867530422753,11.617571,train
3003,10.736261436196717,10.6711445,train
1973,17.056473373047787,17.103327,train
15412,21.04760828149917,20.929539,train
409,19.724665671043294,19.7503,train
6621,20.12761756325265,20.170897,train
1780,15.02531991482683,14.965074,train
1090,5.902630438590778,5.9805207,train
16673,10.88488552645575,10.849559,train
10435,6.630245603252543,6.6240454,train
12961,6.202035855413151,6.2025704,train
13220,0.5749986848945692,0.5657486,train
2554,18.338675598644407,18.312553,train
12083,18.274333943337982,18.234417,train
8605,15.683497571377831,15.740424,train
7379,0.9863231149168432,0.9723035,train
8438,13.841607344683634,13.704459,train
2917,0.642470354213403,0.6245445,train
11523,18.940813611150748,18.83133,train
16059,12.009421350951364,11.930629,train
4115,15.43316127749651,15.460078,train
1097,5.668796443352706,5.725213,train
4172,10.138742589502202,10.117942,train
4629,3.576564344165768,3.4408917,train
8737,2.0126729253567084,2.0921545,train
11706,19.66940861591483,19.564247,train
10163,16.908649161826958,16.895285,train
8894,6.438072422836553,6.525402,train
13782,3.171899668066511,3.1632493,train
10006,11.218958482823576,11.1279545,train
17787,17.420992335477067,17.418814,train
4756,11.89960860580796,11.779765,train
16366,2.0611435193891645,2.1553688,train
10080,3.304517297806844,3.462635,train
13677,14.525750650218196,14.579204,train
10586,10.616944682638874,10.704033,train
13755,6.215028074250112,6.2095876,train
11025,7.224696093060309,7.197099,train
18528,0.837924970273162,0.80878204,train
17605,16.892870820887286,16.849022,train
18325,1.352492283925265,1.37911,train
14518,7.669029229957339,7.7266493,train
14895,10.823267214333102,10.796481,train
16508,7.509196275005002,7.661094,train
6908,8.934858212120194,8.875555,train
381,1.173080002296031,1.1953058,train
674,9.763362140522904,9.819897,train
12652,21.839359211679177,21.796661,train
15934,5.862389240046506,5.7026563,train
7268,11.310610704957584,11.317182,train
10708,0.0561921891021113,0.13212043,train
12724,11.544046202042583,11.543241,train
150,3.786553937862505,3.7968407,train
6909,8.695632421727671,8.704156,train
16542,4.07629554003936,4.0373855,train
10915,19.053365026442147,19.128714,train
6913,9.115705289775342,9.013431,train
5324,14.753325572125112,14.676209,train
1854,6.39340019498325,6.47911,train
22,18.433026260434623,18.484905,train
17265,8.629174497450979,8.612946,train
13763,5.154743376772015,5.124789,train
13193,2.7277418712926744,2.8421044,train
15857,14.422612202893704,14.506012,train
7064,11.887694091761285,11.891916,train
12791,4.227600759873049,4.2242856,train
1062,10.298731165635944,10.374352,train
4282,20.208315688387216,20.017973,train
14874,13.436801089370292,13.355557,train
17210,15.83803734594726,15.859405,train
5526,11.391244191806445,11.428915,train
11041,5.293697880729839,5.372897,train
1699,2.901059501999052,2.90777,train
11263,2.8864715059649018,2.851479,train
9273,7.012382618893721,7.0423512,train
7597,21.16350804812609,21.119808,train
8677,8.042559245484973,8.003375,train
607,17.475081080630623,17.46355,train
19336,19.591723279903206,19.578386,train
3896,22.51360046227178,22.505417,train
4984,7.1970656086467,7.197175,train
6558,5.539078011215984,5.7260065,train
17451,9.42145932857761,9.582905,train
12818,1.881791310203838,1.8184685,train
512,7.419628435084404,7.3631096,train
15860,14.130645135720483,14.005847,train
4592,7.682301729729629,7.6598744,train
14605,22.507023645052488,22.474052,train
2858,5.781060175904832,5.644281,train
2961,14.154255650810018,14.178062,train
11062,3.345218249001325,3.4234679,train
10123,22.20580129238284,22.277197,train
7076,10.377939173922623,10.481992,train
12009,5.9411061437084784,5.8502645,train
18630,10.48866954753908,10.576968,train
7888,8.158036928376884,8.276552,train
3957,14.50765201628606,14.510502,train
14202,1.522997766590527,1.5379591,train
7892,8.043040019644776,8.05589,train
10503,0.9015428306852168,0.8686497,train
3051,4.579715139226153,4.57846,train
15153,3.754152725237069,3.732797,train
10050,5.968045755459145,6.0284996,train
9270,7.2960592446651695,7.3233113,train
5932,11.62437147187234,11.439913,train
17379,17.006515369353117,17.049551,train
16844,14.839398980726202,14.80347,train
7285,9.901632850813412,9.8990965,train
10222,9.584469433038144,9.586523,train
17962,22.092106643784074,22.1904,train
15823,18.70115416876581,18.692884,train
3585,10.236625571249428,10.348966,train
15422,19.70749209041399,19.519161,train
2381,14.45960299265539,14.349769,train
15355,3.528935923460265,3.5377114,train
7927,4.282050072119086,4.267077,train
6150,7.379044858293439,7.3520613,train
14891,11.315265298448123,11.305604,train
18214,13.23509757079326,13.262198,train
9395,14.12618251731723,14.213225,train
4758,11.49254441105384,11.468659,train
12642,0.7479851767077919,0.79453224,train
18021,14.316626911159666,14.431632,train
13878,11.970269938422302,11.971928,train
10040,6.917062497530381,7.1028366,train
4715,16.998502585629357,16.97362,train
3478,2.730867296310511,2.7796326,train
14565,3.0678500399998048,3.1672127,train
1218,12.964348686192151,12.936786,train
11309,18.35490639460832,18.373652,train
9350,22.4996379203645,22.533995,train
6182,4.045218249230051,4.048713,train
10674,2.502150883169356,2.479783,train
8918,3.875671854839129,3.8668857,train
9480,6.020717358336021,5.943585,train
9540,0.3911028333062579,0.35680443,train
12738,9.606231372979408,9.588661,train
4140,11.940793361411036,11.969607,train
17389,16.110785919048368,16.195395,train
18405,13.991452840317017,14.059894,train
16842,15.44715934996112,15.430869,train
9533,0.985965159889794,0.98285353,train
4996,5.954455805175909,5.9988766,train
5608,3.1109266115975203,3.1066194,train
11078,1.9214113156433223,1.8551799,train
3949,15.784279603043798,15.74416,train
6197,2.799008244082703,2.7567735,train
19084,3.981921585925473,4.0347123,train
1771,15.711940272063602,15.7188425,train
7324,5.802496013322425,5.773333,train
6334,9.454536373771615,9.337701,train
15894,10.24884685233729,10.190121,train
4794,7.713975999936606,7.801734,train
2483,2.655581970232632,2.5868053,train
813,17.460163464739775,17.541643,train
15108,7.713116935973597,7.7248483,train
4673,0.3567810461041087,0.34332275,train
9833,9.25039533246815,9.159989,train
9290,5.129538030619648,5.242141,train
3859,2.7853782186861067,2.7466502,train
5116,12.475227613440913,12.49881,train
1942,16.84202264907148,16.841658,train
2534,21.00114678851561,21.027884,train
18518,1.546733093182115,1.5049001,train
9038,9.642305820324028,9.623229,train
14791,1.0703371001930633,1.0562527,train
13641,19.77356939226709,19.736855,train
4280,0.1940295985458975,0.21612528,train
9918,0.8834864809702976,0.86692756,train
5709,13.37796549697239,13.390893,train
14120,9.669330401561975,9.697048,train
14190,2.355635414731176,2.3566394,train
2238,7.934398389612962,7.8277454,train
17489,5.882967572686451,6.0555825,train
7846,12.662255558342403,12.629228,train
1697,3.031818408130061,3.0756743,train
14104,10.868811740761302,10.852968,train
7564,2.3656123976256795,2.3850355,train
2259,5.685939366015016,5.6731043,train
3666,1.9738556832042224,2.001153,train
19181,12.932991668261424,12.901297,train
17676,8.161408485313574,8.126789,train
1286,5.922382822857657,5.8302994,train
18422,10.332727302205372,10.452419,train
12769,6.349453566651532,6.304901,train
17448,10.121134985008553,10.1365,train
1626,10.616817472713622,10.608776,train
5013,4.373240955036928,4.3930593,train
16263,12.646671442835917,12.581006,train
2804,11.58713539472348,11.628194,train
4739,13.60322253162036,13.697331,train
15169,2.1199627379719623,2.1735175,train
1857,6.718291217659503,6.6872587,train
5296,18.071460163078143,18.144712,train
6745,5.972836803483474,5.973477,train
15106,8.135029875370032,8.062574,train
18016,14.454996766847026,14.44489,train
12700,13.917153592170951,13.836693,train
14115,9.684697944935897,9.697048,train
2359,13.369638139281705,13.286128,train
18612,12.757225554535118,12.688132,train
15631,17.115615369475687,17.138626,train
14092,13.286653909663787,13.280719,train
14935,6.248520092293671,6.4399843,train
4819,4.954314850694381,4.997036,train
8983,17.609199054266565,17.539125,train
10604,9.088628935959676,9.166288,train
10032,9.126268208059749,9.1780205,train
17666,9.311692882632526,9.290399,train
176,1.3458975158356017,1.5668924,train
15337,5.18109122051512,5.1702447,train
12331,13.117631744418448,13.144373,train
18639,9.371008860698398,9.37892,train
16928,5.177073382867053,5.2150373,train
942,2.7295483054572567,2.6733546,train
2982,11.424339673518316,11.381227,train
3633,5.109205474006545,5.2401724,train
1860,6.144668623958198,6.0790014,train
11959,11.030996588668756,10.937823,train
12256,0.868714701594672,0.87252164,train
5106,13.292548404453315,13.322393,train
15548,5.028964793357569,5.0644836,train
16345,3.954158413835175,4.050678,train
543,4.254933911368383,4.257456,train
17297,5.900620015934107,5.892933,train
8018,14.844088273917077,14.86399,train
12624,2.266140383221328,2.3131068,train
3383,12.763719063344944,12.772723,train
13584,2.418689434809311,2.3912477,train
8764,0.2791687478573754,0.28152293,train
572,1.5638357571081816,1.5624261,train
11019,7.575035335311518,7.639244,train
19031,9.398464503705068,9.30761,train
12013,5.81659165251128,5.8921523,train
1017,13.639770220764609,13.597427,train
13704,12.022076706669624,12.049966,train
14980,2.097108412295136,2.0621982,train
637,13.701956378197078,13.666044,train
4863,1.1512195062541957,1.1177928,train
1161,22.472883264853014,22.323013,train
16992,20.63859268525206,20.56654,train
6400,2.6567204723511564,2.6904266,train
12654,20.611775501690584,20.514458,train
6721,8.732180720412178,8.738697,train
12570,8.208857299807631,7.9851613,train
16135,4.761888054539206,4.7280364,train
1082,7.976641395378785,7.9933567,train
872,10.3393577646384,10.257044,train
9144,0.4442881258070836,0.40345436,train
11425,6.533436833583641,6.6597934,train
14382,1.7935617662509995,1.7655432,train
12351,10.622695231813216,10.608618,train
16769,1.3761966504705816,1.4023353,train
16383,1.0627792534554057,0.9879743,train
3861,2.672058654312844,2.6590827,train
1069,8.02045374280527,8.000392,train
16793,21.39447011508327,21.406757,train
14332,6.331902919304143,6.282909,train
7605,20.41046603010477,20.454857,train
13810,0.7254469422705602,0.73948205,train
6706,10.362954188656875,10.278594,train
8226,13.455656138042473,13.268002,train
15410,21.424759999356173,21.588905,train
11769,11.688671933801537,11.758774,train
19021,10.489351100463008,10.491061,train
17163,1.2042066614089617,1.1895635,train
2738,19.42430233821271,19.509398,train
2997,10.346067531565058,10.328939,train
6172,5.085142814642803,5.0783324,train
3059,3.9928216932865146,3.989369,train
16851,14.466358477108242,14.447898,train
7865,10.66876106720164,10.704549,train
19376,14.405033588331683,14.408388,train
11198,9.299743493701088,9.248484,train
17103,6.933033752370197,6.902641,train
16485,10.397261401800998,10.405281,train
5757,7.994552748674678,7.9952435,train
15873,12.653873391257342,12.515856,train
9775,13.779686272697816,13.770485,train
4749,12.43839560079546,12.455666,train
12452,22.34768250570096,22.319704,train
14846,16.7913859341474,16.792238,train
4671,0.4289664110832597,0.4085549,train
17680,7.745111446080473,7.8055544,train
11167,12.69028222425471,12.743941,train
2191,13.09969073313162,13.1152115,train
14009,0.2713978833255448,0.25179824,train
4394,7.275743594987722,7.22531,train
6077,17.109982397476273,17.126406,train
6567,4.534468707018133,4.5529785,train
671,10.762387571718058,10.756193,train
8368,0.3510552084426411,0.3424752,train
15847,15.698284968888432,15.693261,train
5267,0.1508801227128889,0.18125671,train
18636,9.50758761635519,9.442805,train
14152,6.285415556788018,6.3007836,train
4667,0.7327982023730147,0.75734097,train
8793,18.39280450661459,18.519524,train
7697,9.07284907426118,9.062974,train
15373,1.967646127638233,1.987243,train
15122,7.162271991129083,7.1309147,train
16932,4.883446566938049,4.889193,train
11910,15.66512744088097,15.747914,train
6274,17.03856893453334,16.92495,train
7782,22.455940214668097,22.45481,train
5542,10.724771235187037,10.600517,train
17685,7.136760834992016,7.1149187,train
12487,17.950462404298836,17.953997,train
16400,19.39709224632576,19.393272,train
18453,6.9671355049497095,7.127685,train
15520,8.161858163409317,8.193916,train
8587,17.05161648790842,17.053886,train
5711,13.024218437451555,13.075634,train
3283,1.758829674226682,1.7985778,train
17938,1.231915299976838,1.2776445,train
5750,8.763365757660464,8.708141,train
11129,16.30460379584231,16.374413,train
7345,3.698632594385741,3.675418,train
8456,11.804421546727896,11.775495,train
1191,18.355143558112665,18.302355,train
17272,8.13474985806557,8.139148,train
7081,10.856985336624444,10.724932,train
4919,15.09214930543974,15.227373,train
18869,5.118507515553707,5.0749116,train
8367,0.3742082429598611,0.3623835,train
11568,12.724294380498996,12.810602,train
13973,2.9218035485480534,2.8464797,train
2918,0.6278282949771082,0.5625068,train
6663,15.626267014437117,15.673568,train
4157,10.652076064208575,10.712198,train
3903,21.15736373075684,21.15482,train
15438,17.8522555240728,17.883144,train
18911,1.3583479663040636,1.3987001,train
12656,19.510857413096613,19.542639,train
11492,0.5448432236563204,0.527867,train
7051,14.211572610956532,14.174811,train
11620,7.035072117806004,7.2039394,train
2710,1.4443588219528518,1.4465836,train
9598,13.831641321617774,14.036093,train
9352,19.642625212811016,19.484913,train
2725,21.13621027838416,21.261417,train
17643,11.90800101293037,11.890959,train
9425,11.025410128072652,11.002868,train
552,3.2966624045118715,3.3113325,train
9048,8.664535096783377,8.663885,train
16854,13.63524036118256,13.53458,train
14939,5.933306478845565,5.9371114,train
10348,14.79962284625619,14.722252,train
16444,15.741710631652806,15.624047,train
10270,4.82073017643114,4.8799243,train
6360,6.560797125870852,6.649214,train
11956,11.810538472045488,11.731506,train
17159,1.6282628538784476,1.6757632,train
10565,13.783313635683268,13.744867,train
13938,5.938801070008531,6.019695,train
9131,1.2347957691208522,1.2628791,train
16572,1.57273083717882,1.5705323,train
11602,9.27537143211114,9.155567,train
10513,0.3378127053219852,0.30790842,train
11400,9.013700568142248,8.78436,train
8206,15.743441064070822,15.801215,train
12338,11.025068641193752,11.023849,train
6499,11.894546872250729,11.935548,train
11782,10.551646116813105,10.529064,train
8645,10.235131762180064,10.356901,train
2413,9.734720031505107,9.722318,train
17970,20.846478979512867,20.915205,train
11297,0.4418534474057117,0.44534197,train
4105,16.924857829061843,16.934334,train
14493,10.082294917679755,10.146074,train
15685,9.668109198376303,9.726766,train
18993,13.54515085226614,13.360206,train
14119,9.672354419876536,9.697048,train
3256,3.968765970511028,4.0368867,train
19381,14.16576821957464,14.044034,train
10696,0.9317802320744548,0.9357593,train
7055,12.690033528817446,12.736661,train
14803,0.4158652287118144,0.4231846,train
6405,2.002528380250228,1.9019678,train
17821,13.421904075851632,13.40269,train
4587,7.6291503881195215,7.577135,train
13306,11.9563080808733,12.021543,train
3350,17.035934313047164,16.87928,train
13026,0.9022345367907812,0.9062554,train
10927,19.77462124674308,19.759779,train
11290,0.931897788066302,0.9482568,train
9404,13.397734037293702,13.479084,train
1039,10.84510899264148,10.940924,train
13413,0.9783835200748894,0.9715462,train
18466,6.608942489827555,6.55613,train
11314,18.899176612758467,18.919657,train
13166,5.240227036677648,5.208584,train
5311,16.520345269990038,16.464066,train
13597,1.31933349766738,1.4327024,train
12732,10.78914430517613,11.020822,train
13989,1.5031656356078031,1.5007195,train
13411,1.0558100369747698,1.0502709,train
6480,13.85555025680669,13.751311,train
9464,7.130924695557609,7.1629577,train
6865,14.28719018955866,14.218637,train
10098,1.9896213514276009,2.028805,train
18258,8.15160389913216,8.179732,train
8400,18.37150331491905,18.343245,train
17819,13.584831419004276,13.528145,train
12004,6.723487877698082,6.66485,train
15053,14.878786873291322,14.918999,train
8601,18.42562674709184,18.404108,train
9820,9.265268385354986,9.076441,train
11265,2.7251048393101067,2.7514384,train
18781,14.25729446135639,14.138304,train
16753,2.6898078803157874,2.6413186,train
8224,13.843543806030386,13.748622,train
10522,18.715584223275243,18.602386,train
12851,16.40945018594788,16.391148,train
2950,15.647070868783864,15.642665,train
2420,7.845465133784181,7.8648076,train
2201,11.752443497669326,11.657737,train
3883,0.6752129530641633,0.6863,train
14678,12.199185048613318,12.17412,train
4760,11.95095942943852,11.906996,train
1911,1.4456960546957325,1.4531859,train
11181,11.979562019177909,12.083144,train
7329,5.104147765214354,5.119245,train
3208,8.378768299725296,8.390816,train
7576,1.5274189332624315,1.5227963,train
16155,2.817119563647288,2.7795317,train
3425,7.911221523964335,8.000643,train
15419,20.281987558825914,20.380863,train
1897,2.669917482821699,2.6172178,train
2023,9.76339523738497,9.71819,train
19049,7.534344441003835,7.550961,train
7241,14.05354157197913,14.111974,train
960,1.3862206054249653,1.4820868,train
8408,17.42584223677345,17.43619,train
1234,12.039756321088314,12.06135,train
17279,7.6331514769125155,7.6402574,train
17349,1.1118275235592634,1.124054,train
1731,0.5579431585608399,0.5484229,train
3569,11.59219203064982,11.602266,train
40,16.042714453078215,16.09156,train
16462,12.35716326960091,12.353409,train
6940,5.551641096024321,5.651851,train
11590,10.144589095610383,10.373382,train
14920,8.006387851797108,7.970271,train
7873,10.008711478706871,10.049352,train
3363,15.212875251717788,15.126539,train
7449,15.591293527398932,15.564562,train
12056,1.7670642242706809,1.723921,train
4532,14.44069541796611,14.370235,train
14262,13.680103014658016,13.616791,train
1766,17.918107238307762,18.057163,train
15439,17.763037957411928,17.874664,train
7677,11.40242508098073,11.44551,train
15380,1.5314637882410285,1.498314,train
19090,3.439117725850544,3.400149,train
18963,16.89920179464289,16.743866,train
8163,1.1850056722124522,1.2005807,train
8439,13.68318270259392,13.624966,train
11319,17.422051631969918,17.409918,train
12420,2.825722209250867,2.9347618,train
11488,0.9740038583376942,0.9780886,train
10372,13.484963264753828,13.489423,train
2794,12.767360773355913,12.803328,train
17731,2.6804896972074705,2.6952808,train
8806,17.081176697338478,17.020275,train
13647,18.432580828660647,18.422369,train
14161,5.232477618673999,5.2187467,train
19452,6.0087720824889095,6.0090623,train
11891,21.08039556852927,21.052328,train
17391,15.306293602112037,15.462379,train
2843,7.151192005116303,7.1977916,train
5159,10.217314365269218,10.1972,train
7171,1.7665983924863442,1.8581959,train
3548,14.494139486719863,14.480984,train
11393,10.179031027837697,10.271096,train
200,20.82582929462264,20.75248,train
10077,3.8044023394210966,3.7770233,train
9399,13.144521099798077,13.206903,train
8691,6.078125876245821,6.058921,train
6723,8.3429488738577,8.272605,train
4166,9.870717494382609,9.827995,train
11155,14.26819543106106,14.305625,train
6942,5.931985775668512,5.817197,train
19004,13.19820811564336,13.148346,train
9527,1.432901169711312,1.4247085,train
13314,9.946614997687504,9.929211,train
1050,9.55217817655975,9.682507,train
7515,7.357794859700403,7.424457,train
18056,9.551859670791838,9.550396,train
16289,9.791088299331836,9.848114,train
7761,2.636481265485969,2.6443293,train
4099,16.376154997633844,16.348125,train
3523,15.787202337788608,15.776052,train
573,1.5601791967792928,1.5624261,train
18680,4.963400002312239,5.0239673,train
2248,6.853528343001756,6.869009,train
17951,0.5155163119470286,0.5089528,train
10147,19.13683466852914,19.201029,train
14934,6.720742683359274,6.3486147,train
2835,8.085766150824115,8.165593,train
10947,15.978625644543456,16.109829,train
8592,19.77495629346929,19.728287,train
8374,0.2269357186919953,0.25503674,train
1571,16.884406765261808,16.915606,train
16358,2.8068370320509284,2.8693957,train
11186,10.709620783358565,10.661439,train
17400,14.42725488131707,14.579323,train
17368,19.41552521289915,19.23128,train
10307,1.360291821919753,1.3212519,train
1552,20.045788880211884,20.05788,train
10779,11.43850285405702,11.555314,train
1720,1.2351406738831707,1.2105452,train
10963,13.219640763331023,13.27979,train
7740,4.55230699915439,4.579021,train
12589,6.063468806759583,5.8621736,train
18811,11.03943644558667,10.970115,train
3629,5.24783874137841,5.1946974,train
2218,10.167407979182588,10.255623,train
10195,12.969151620906988,13.010579,train
16311,7.46932061005884,7.465591,train
8769,21.83806823472057,21.898449,train
11641,4.92618679393817,4.787322,train
4882,19.313595832342536,19.326155,train
7720,6.605349891321263,6.623023,train
11038,5.643537001478326,5.6279593,train
17515,3.697865340739332,3.806268,train
7375,1.179694600127031,1.1840376,train
5699,14.728998438519756,14.697036,train
587,21.44858643750941,21.445917,train
2832,8.355290014396262,8.421684,train
1679,4.776232884297634,4.8008585,train
6236,21.745146951828385,21.730661,train
6498,12.146350845932746,12.07123,train
12604,4.118181615720047,4.155699,train
10014,10.79518352357173,10.757029,train
7613,19.54396580454663,19.45699,train
524,6.317503295542799,6.3088503,train
9227,12.261824624319894,12.23569,train
5644,0.453807689993418,0.45602596,train
16363,2.584930504748464,2.5714915,train
9279,6.607778379935052,6.5091166,train
6032,1.3632426066884744,1.3293501,train
7952,2.013489346576873,2.0462108,train
13494,11.226291745430938,11.202327,train
10258,5.92871473378021,5.951411,train
621,13.72145581968324,13.747475,train
10932,17.065045341848414,17.187965,train
838,13.283118592452926,13.361794,train
13594,1.6465554176545407,1.6012951,train
2567,16.96404880531584,17.002718,train
3085,1.903004618910476,1.9228162,train
3194,10.299127790543416,10.228864,train
19374,14.509893341344211,14.423264,train
3780,10.898289447710733,10.905895,train
9143,0.4747352511897234,0.46234608,train
8998,13.49130908057128,13.415119,train
14593,0.9153477795046376,0.91085213,train
18245,9.46519995534521,9.597117,train
5626,1.6982412359474937,1.6337057,train
18692,3.918639171161712,3.896847,train
5185,6.313273571968134,6.374245,train
8214,15.14925858980583,15.253162,train
16308,7.7357388142204355,7.7863464,train
17484,7.105944910094136,6.9847097,train
17783,17.898651264619996,17.722841,train
15368,2.4102485340041584,2.3509037,train
13287,13.821488910074118,13.880204,train
18251,9.17831574683738,9.05649,train
11941,14.468047979780422,14.517675,train
11035,6.115277956647962,6.029511,train
5814,2.166371971562951,2.2350388,train
8067,10.128319005126768,10.103249,train
15503,9.59450033158068,9.574505,train
12536,11.822503426547131,11.779059,train
17338,1.9495572153718388,2.0207038,train
18334,0.6273192926566147,0.66693026,train
10278,3.922984112004057,3.9181662,train
3463,3.880953684116545,3.8419628,train
5754,8.30852206116848,8.315437,train
4185,8.062845126612727,7.954008,train
9905,1.7904467231603138,1.7518977,train
164,2.6898158070214584,2.5608659,train
7116,6.365660279885389,6.4332066,train
2757,17.208759707784523,17.18689,train
9724,1.583760356146728,1.5575739,train
2800,12.21426747120864,12.171055,train
16024,14.60201742428665,14.553939,train
15427,19.21804316205373,19.204088,train
1324,2.4746924032994047,2.4393752,train
15306,8.330813746099201,8.343136,train
13062,16.734109983493465,16.609022,train
17985,18.39089616788989,18.320415,train
3110,0.2997575004234659,0.3120718,train
946,2.424153266007462,2.4312966,train
15937,5.083462242239238,5.232897,train
3504,17.98352824214672,18.08411,train
19466,4.077295271652109,4.077574,train
9709,2.6662447835990983,2.8103135,train
14856,15.537960417129645,15.574,train
13986,1.7174146354102435,1.792661,train
16658,11.446632213623614,11.541164,train
7916,5.326363301073457,5.3684354,train
18755,19.21488156643952,19.208263,train
2318,0.5589446379463019,0.5956988,train
8655,9.289891999773769,9.031592,train
15103,9.05560448533957,9.133003,train
18222,12.641411343073427,12.579023,train
19332,20.44342896461812,20.453625,train
9309,3.6595502003141953,3.522793,train
625,15.864104414027022,15.781936,train
14951,4.809832781741255,4.8032312,train
7184,0.797136925691984,0.736846,train
18724,0.6974770487611667,0.70530003,train
6937,6.0654555256097975,6.042883,train
10512,0.3618791532301682,0.34844872,train
14099,12.062175797969584,12.033986,train
6227,0.5152061744457249,0.5335528,train
15515,8.35876673470408,8.263118,train
7411,20.566978974476086,20.47875,train
19294,2.020740345411953,2.0129452,train
19153,15.316620776733476,15.360769,train
14030,21.07578379100696,21.062029,train
13815,0.7236615367767378,0.73948205,train
2131,22.53578045341385,22.469936,train
14306,9.320276415899496,9.303191,train
8477,9.31782673549489,9.24646,train
3704,20.72845072649128,20.733917,train
2829,8.912867952073034,8.824282,train
4518,14.396879399694145,14.396211,train
14215,21.03716156626168,20.90706,train
14210,0.8023595819369463,0.8208524,train
13992,1.3311225115064136,1.3679776,train
14572,2.4274631634691297,2.297374,train
4960,10.07631115799128,10.020565,train
8247,13.162261394332926,13.156395,train
12879,14.501927933566307,14.449692,train
136,5.07748811336426,5.171873,train
13709,10.806524178723665,10.832481,train
16288,9.908096499347312,9.936609,train
16251,13.976629175234091,14.021331,train
14331,6.44367821945944,6.4199376,train
5736,10.373415689635616,10.368089,train
7703,8.296703395066212,8.226384,train
4769,10.169330837807207,10.308164,train
6680,13.420080733928303,13.408976,train
3528,17.284274543934405,17.30852,train
6141,8.198378102381861,8.123864,train
2115,0.9767126810778848,0.9299449,train
16225,17.602693258964415,17.665922,train
896,7.291064872673074,7.285722,train
909,5.799778982235748,5.926575,train
17435,12.483306822931391,12.468265,train
3977,11.999560578435275,11.966204,train
15216,17.63295413008044,17.567205,train
10103,1.7505882122316714,1.6742727,train
1577,16.746453664694766,16.815418,train
187,0.6081705535522766,0.6378061,train
7260,12.073373615590802,12.087999,train
7940,3.1881918421931768,3.0325058,train
7980,0.3411158740835405,0.34527364,train
2329,17.608070230405072,17.794548,train
18935,21.8746371943457,21.881336,train
11644,4.6516642493737885,4.592844,train
8213,15.45405906466736,15.551613,train
8657,10.740666565003032,10.685425,train
1831,9.135204037147876,9.065384,train
8096,7.235174247133293,7.1655526,train
8192,18.52385951272144,18.519148,train
19322,21.728958241311545,21.758804,train
13356,6.117012069393861,6.0824647,train
154,3.5856490662148564,3.520504,train
8539,2.957002567918681,2.9441986,train
11586,10.895403232642655,10.987985,train
8483,8.718687548734406,8.672426,train
10732,18.082470139879632,18.061071,train
1874,4.464813496528602,4.6061125,train
15845,16.02929663967719,16.021658,train
763,1.1810490011571149,1.2249453,train
13675,15.809021842270042,15.783168,train
12288,16.510846828653378,16.613901,train
422,18.40772213670757,18.396297,train
660,9.843517732571542,10.069324,train
18562,18.91745493621166,18.947184,train
3578,10.530433566025584,10.539195,train
16731,4.979123599812542,4.9691606,train
5500,13.769864215673635,13.734221,train
18645,8.393297569318435,8.285772,train
2195,13.245223396570143,13.356384,train
2161,16.434174319402167,16.485973,train
964,0.962078495181836,0.9263104,train
15818,19.46979144773396,19.421322,train
177,1.312077302404727,1.4888694,train
3106,0.4321584911605096,0.40736815,train
11264,2.803142471534436,2.7797096,train
16593,0.3142981273274219,0.34117132,train
14246,15.211621759980208,15.266598,train
17887,5.863736675033976,5.981294,train
19443,7.062313927307718,7.1006727,train
13532,7.3267408478733,7.329553,train
13676,15.809091347440331,15.783168,train
17991,18.163499424810265,18.211716,train
11331,18.37715758332408,18.252058,train
12930,9.297577867927266,9.47657,train
5140,12.03475484315583,11.787312,train
17288,6.764846912003034,6.7244387,train
8197,16.79318345922868,16.778625,train
18079,7.211958498156601,7.243566,train
12691,14.986850663218515,14.92835,train
1464,7.607512901947329,7.5270977,train
18194,15.794068397028257,15.738876,train
488,9.715786799788438,9.710913,train
19218,9.508108881699291,9.436163,train
407,19.72375977084418,19.7503,train
15614,18.202856436061246,18.21922,train
9968,14.738510932456606,14.553544,train
17982,19.43779375644788,19.580385,train
7956,1.758684870297442,1.8158818,train
3099,0.8805299571171287,0.8466108,train
7427,18.19980251946646,18.126698,train
19205,11.53913556635002,11.453795,train
18826,10.131052292745188,10.1914015,train
14245,15.49253755004064,15.515655,train
3674,1.3082781825428402,1.3609537,train
5054,1.0114273986050266,0.9828927,train
13851,14.640153109757245,14.6996975,train
7768,1.9265320152274248,1.9325198,train
11790,9.28291395794878,9.33444,train
9890,2.861329437526262,2.9361317,train
7617,18.72247906823096,18.782974,train
8680,7.2849979700249134,7.2712493,train
10368,15.733843761766735,15.711611,train
16518,6.46579968060313,6.489901,train
19489,2.1799253025523067,2.1753614,train
18551,20.283877154472773,20.296707,train
13072,15.613320080289744,15.600809,train
3367,14.527215020687995,14.62272,train
797,17.927728156212922,17.980415,train
10148,19.04135402357259,19.103636,train
8647,11.967475586425332,11.888571,train
6337,9.08548186958499,9.044134,train
19439,7.1613839425226775,7.141092,train
4980,7.87095808467015,7.8832126,train
1856,6.914307850404503,6.9519095,train
18150,21.364450434770937,21.289684,train
1248,9.613299613216393,9.6952,train
5494,17.0839213357244,17.123083,train
17410,13.50820959963832,13.654581,train
7641,15.61116644372931,15.550955,train
13255,16.094451122697684,16.08371,train
4830,4.027785156844436,4.0250835,train
10244,7.199332428977126,7.17632,train
8550,2.056706939299843,1.9842798,train
10865,3.189271428164428,3.1291203,train
8084,8.604760444341904,8.496489,train
6832,19.70605423277713,19.748024,train
15549,5.001810495501236,5.04651,train
5931,11.666540228994904,11.615663,train
15539,6.033575898521746,6.062498,train
8324,3.820367018751523,3.6940951,train
2078,3.920781253279992,3.9638608,train
8347,2.000206161342996,2.052771,train
11037,5.784097357727527,5.8061996,train
11965,10.942441619232588,10.945781,train
2706,1.4608145356354434,1.4465836,train
6300,13.283226109757324,13.321616,train
2108,1.5028386418379374,1.4740698,train
6847,15.593141663212046,15.630939,train
12348,9.94896742833234,9.93759,train
13176,4.292339708047065,4.2560673,train
749,2.19010112087002,2.1909919,train
12263,21.30682901204146,21.366638,train
949,2.203173634932185,2.3185282,train
7711,7.597910161425796,7.622133,train
7135,4.660587227569416,4.7486396,train
11754,13.846855971750664,13.758148,train
2807,11.310644456087475,11.32262,train
1425,11.8973319725304,11.911202,train
12076,17.684986944933765,17.770329,train
7859,11.187379806641392,11.216003,train
3312,21.82219786912299,21.746475,train
16728,4.727965128697172,4.7607207,train
3607,7.5901752640522036,7.552599,train
16208,18.913787090397168,18.960474,train
18610,12.87928350945128,12.865222,train
15720,6.644182990953843,6.63485,train
12548,10.559070848552487,10.580455,train
10122,22.3141175876316,22.277197,train
6204,2.166497123570432,2.2248573,train
14966,3.1394503927738926,3.1882699,train
11719,17.605620391154137,17.690536,train
17900,4.694418956767022,4.679644,train
773,0.5090303442073393,0.5434604,train
18347,20.56539143480114,20.57148,train
18626,10.690193756423644,10.723472,train
478,10.893958855549831,10.890066,train
5067,0.3449723190217658,0.34432366,train
2175,14.09893912481481,14.26958,train
3871,1.8534363377233816,1.8688709,train
1781,14.640462862654276,14.579276,train
2311,1.115782245608956,1.0736389,train
233,16.79879794770045,16.855879,train
8711,4.181348521998968,4.1883354,train
831,15.656573266122267,15.614159,train
19456,5.090034811117151,5.1064425,train
10182,14.443230304950234,14.445405,train
16413,17.8627084730691,17.620617,train
2134,20.71110932206617,20.624178,train
6557,5.6702741987695084,5.7742443,train
2839,7.8249634075548915,7.8304324,train
14534,5.867978731552264,5.9001956,train
1604,12.293715567692644,12.328202,train
14667,13.569235776876868,13.50593,train
380,1.1993494119710462,1.2265631,train
5107,12.994146896180826,12.908717,train
13291,12.589312915447822,12.587381,train
1616,11.807765171663874,11.882317,train
5366,9.778582510882972,9.70378,train
7408,20.73307470141133,20.679815,train
16344,4.068855665034933,4.130338,train
7539,5.176069509757374,5.110907,train
4814,5.584369368359477,5.5498424,train
1878,4.446202190010102,4.42742,train
408,19.72417378061312,19.7503,train
14176,3.2725690235098344,3.2897835,train
13237,17.12763661321204,17.158638,train
15180,1.316256264955591,1.3416374,train
7139,4.9280220867692295,4.8000445,train
11156,14.01118627011117,13.944612,train
18385,16.540213324838163,16.553345,train
6093,13.350787287290604,13.317778,train
4253,1.8172520034852544,1.8253499,train
14227,17.115382517105978,17.142319,train
14121,9.666331794280724,9.697048,train
18782,13.884769911573292,13.896379,train
12617,3.1195211407788936,3.0759783,train
15443,16.999980032483577,16.90948,train
12276,18.522123527263748,18.456953,train
19129,18.44370243718578,18.53037,train
13660,17.1114972791887,17.048609,train
10240,7.976975493376078,7.9932475,train
16889,9.131862001128692,9.062604,train
10407,10.679842390621248,10.774776,train
5461,18.543301003569912,18.576717,train
8713,3.900186611783354,3.9205005,train
5124,12.25803261263857,12.179594,train
294,9.779895613110709,9.693843,train
3068,3.252271730611641,3.2322886,train
8799,17.843639944737568,17.838007,train
1067,8.634555027035132,8.581794,train
10712,20.306304024535923,20.292477,train
10883,1.7006296214155532,1.6562501,train
5778,5.773728185366148,5.746059,train
8639,12.226657024618495,12.2359295,train
10821,7.967770870487905,7.899611,train
7973,0.4960540124329817,0.48960954,train
5160,9.793392164292554,9.935799,train
9237,11.120385746727068,11.097188,train
1176,18.56545404901519,18.559902,train
18208,14.040053101630845,14.018268,train
16957,2.5108803142950578,2.5562007,train
14931,6.866552555283439,6.915635,train
5074,16.29885933927277,16.263657,train
2004,11.628245609961066,11.561875,train
5974,6.192981658983717,6.3604946,train
14185,2.3713246215751904,2.3566394,train
3907,21.12743772431969,21.154545,train
2351,18.405617265155595,18.430845,train
14440,16.09777486064142,16.106575,train
10669,2.9222155315031846,2.882292,train
4864,1.101545426629505,1.115842,train
14542,5.101304633391703,5.040064,train
1523,1.8084190932263324,1.7787739,train
13263,15.72183215449872,15.70986,train
2054,6.362630952038487,6.3844366,train
6514,10.712533259284632,10.763156,train
13417,0.5546835351755589,0.564507,train
5084,15.62182833265542,15.720105,train
4595,6.975633215734906,7.0199594,train
8544,2.7381671061816144,2.5974326,train
7804,17.44054480522507,17.476582,train
371,1.944498046138648,1.9499346,train
12848,17.676200123334045,17.7036,train
14655,15.756091229541944,15.730618,train
11605,8.80951816436207,8.811208,train
929,3.9169316439231374,4.026037,train
11648,4.296592899302376,4.38873,train
4197,6.6501922342153,6.6786695,train
18,19.781201366169807,19.76562,train
4308,15.468319918369245,15.551277,train
7146,3.62092407321528,3.5844517,train
11136,16.187372164798866,16.243017,train
3155,14.213087140013837,14.241643,train
13726,9.61232037757082,9.656464,train
18734,22.50060061628554,22.581652,train
3829,5.640082518639924,5.644168,train
12599,5.0282328366304325,4.8765607,train
18778,15.412102750033467,15.366018,train
14894,11.127217394082574,10.99241,train
689,7.378861401011362,7.4428387,train
9512,2.6611223976553706,2.6464171,train
16119,5.961219006155104,6.027804,train
13363,5.1230079300870495,5.074747,train
5935,10.72099793831044,10.847374,train
7534,5.2324162760957496,5.2611914,train
3551,13.34152434095638,13.359512,train
2556,18.28860453291941,18.312553,train
5164,8.441451560758422,8.406236,train
12606,4.084601379987312,4.076306,train
9606,13.412109182717751,13.518211,train
12838,0.5108490122285414,0.48922583,train
3550,13.710388475393634,13.687654,train
815,16.61872611906738,16.573595,train
6964,3.5591689793822554,3.468106,train
17648,11.419279273338589,11.414435,train
16776,0.8968412837977886,0.8581614,train
7716,6.922659454254122,6.934214,train
15234,16.494348896449427,16.480669,train
12636,1.430688776600068,1.4099826,train
8410,17.003226705042014,17.087858,train
12489,17.798201825798067,17.686474,train
18959,17.68935586451431,17.8101,train
11624,6.7434851210791305,6.673362,train
4502,17.840408678057578,17.920586,train
13191,2.88717919372164,3.0079427,train
16656,12.007945637662456,12.031599,train
3874,1.363429826640543,1.3330314,train
8850,11.406978413586693,11.363748,train
12952,8.279222367066279,8.354814,train
11752,14.25999291337722,14.184378,train
7002,22.48491498157408,22.44827,train
14558,3.654500841800637,3.6793125,train
10069,4.341975185835926,4.4414725,train
6317,11.427940862539756,11.325746,train
3092,1.325316739485502,1.3307729,train
13553,5.187376868745734,5.1920624,train
5474,15.63319602148139,15.612888,train
17153,2.0018247914085463,1.9873085,train
7516,7.343499276058918,7.3738832,train
11961,11.956765931202098,12.007211,train
14917,8.250171392094854,8.425941,train
3586,9.975590508265997,10.028114,train
12418,3.034610798126939,3.0502326,train
4171,10.689004875952625,10.737665,train
12313,14.927557568783294,14.940053,train
6399,2.7043513733097244,2.7284946,train
14983,2.0101281584715323,1.9513752,train
17174,19.803079092636374,19.796593,train
16188,0.3454755637631566,0.3502631,train
8842,12.331242255172643,12.38307,train
14226,19.38409236599357,19.296047,train
11808,7.40529752966617,7.430783,train
8365,0.7058900626279417,0.7295844,train
12211,4.8642113905584825,4.657892,train
11813,6.94742407508735,6.939383,train
3683,0.63732820392223,0.7018743,train
13644,19.7743616802817,19.736855,train
1671,5.568080400099968,5.513565,train
10144,19.427018309521223,19.465672,train
15003,0.5908318923809027,0.59743786,train
48,15.207842892299702,15.252076,train
18742,17.494715863003226,17.528666,train
18015,14.484206195376842,14.44489,train
229,17.44620457524426,17.504879,train
8361,0.9151187389189944,0.8906305,train
2910,1.2495605286419147,1.1553464,train
11760,12.646198383269455,12.822926,train
11824,5.755173601968,5.7146235,train
17320,3.5032757908919425,3.533717,train
16180,0.8262172829982909,0.8179557,train
871,10.566301444675394,10.453132,train
17321,3.3989029831968,3.3909452,train
4987,6.820119976546442,6.817686,train
6021,2.1741930562477987,2.0845928,train
741,3.061864210538363,3.1510363,train
3479,2.6901199614829383,2.7450223,train
2730,20.20513947549429,20.010242,train
5348,11.99552514214747,11.988126,train
17425,13.663357100450035,13.634875,train
18458,7.194288494242936,7.169885,train
332,5.624868287594628,5.6800184,train
16662,12.488100944134729,12.399295,train
4661,1.1111694586687622,1.1045117,train
16765,1.666613852554241,1.6542531,train
15588,1.404961409194965,1.4156836,train
1035,12.537291308584535,12.4451065,train
12552,9.599669813129308,9.712973,train
841,14.35184991940686,14.273731,train
8350,1.721679258102692,1.8060318,train
8838,12.908678975486614,12.856429,train
19222,8.6849847983261,8.474456,train
6824,19.50846937224512,19.382807,train
18307,3.015711268693446,3.0654895,train
4573,9.558239948323648,9.530085,train
16166,1.8345870377899285,1.7833147,train
16710,6.279280561904825,6.2886024,train
3205,8.999782103158523,9.012007,train
5289,19.51233350972413,19.589674,train
517,6.354130821478576,6.344049,train
17276,8.362739551058231,8.32497,train
10192,13.195224293653736,13.174858,train
1539,0.6947261466755544,0.7213211,train
1700,2.837219281284052,2.8391004,train
38,16.44131409570592,16.484398,train
16287,10.045781520852104,10.07197,train
13119,10.753433694861387,10.724342,train
15196,0.3398378735881698,0.28233185,train
10995,10.742509550668563,10.759288,train
18240,10.362117233881392,10.422294,train
2576,15.701548155885511,15.723158,train
11,19.872141318481404,19.921246,train
311,7.809736909814053,7.7637215,train
17929,1.9876683417535383,1.9894664,train
7404,20.956985753999213,20.933748,train
7500,9.538149379500393,9.312431,train
4943,11.611290349680452,11.56199,train
3372,14.13732967045766,13.987204,train
17831,12.261406339388744,12.274199,train
941,2.8077913574467805,2.672665,train
11800,8.202879518199234,8.335571,train
5137,10.485693209663594,10.464566,train
12783,5.013081587936625,5.0610046,train
18871,4.783239506128453,4.7434187,train
19016,11.465132850610722,11.450239,train
9448,8.424867247039353,8.437416,train
14380,1.8883577056456984,1.9577224,train
18139,1.382392582414828,1.3867208,train
9396,13.84777746892982,13.961575,train
19326,20.925844994935364,20.915527,train
3912,21.09150882640057,21.013445,train
16145,3.7644011913911415,3.7808595,train
4269,0.6973726493584567,0.69890743,train
6939,5.717421178373309,5.808878,train
9173,18.847986537810964,18.850264,train
3202,9.844094596996516,9.720939,train
2385,12.07151078194076,11.986376,train
181,1.191103336323255,1.1570151,train
17125,4.596466571865198,4.596726,train
3070,3.006301513330679,3.0117958,train
849,11.92267010553172,12.093404,train
15772,1.7794312038425006,1.7208744,train
17593,17.919076534102558,17.997192,train
2932,17.69734504542098,17.735592,train
12758,7.501184814718076,7.497258,train
4100,16.037508450942767,15.9038515,train
15541,5.972048282746769,5.9943876,train
11918,15.487689557280271,15.384517,train
7527,6.245230166109248,6.2494287,train
3305,0.3313444783051508,0.2710118,train
15642,15.479325548804413,15.469762,train
17841,11.112360391405996,11.120681,train
3200,10.708702510790156,10.795971,train
10851,4.716358285241643,4.764886,train
1849,7.406069153962054,7.3241167,train
17734,2.149247316834402,2.1575243,train
17941,1.1731561179615275,1.1703777,train
6292,14.041742274461916,14.196631,train
10428,7.894229023476122,7.95813,train
16393,0.4591489213479656,0.44612047,train
14624,17.67027638801499,17.527842,train
10568,14.50814515172372,14.50505,train
15896,9.592112107291538,9.784364,train
16581,0.9297827444548554,0.92461556,train
6728,7.898135411413771,7.9519377,train
10409,9.771694374864136,9.768527,train
9098,3.961373065822949,3.986222,train
6600,1.6331125938845488,1.6393689,train
1618,11.394152838753774,11.449907,train
15462,14.51871564160989,14.368526,train
643,14.505771026535673,14.571565,train
15434,18.21106275448492,18.13231,train
3710,18.76848945153933,18.82806,train
6067,14.998102712292994,15.018153,train
6570,4.1997691357087295,4.167244,train
9010,14.494680217396718,14.401988,train
14822,19.47632662162664,19.531378,train
15249,13.921470642710814,13.959863,train
10962,13.422713439880438,13.486005,train
8522,4.66759965675268,4.602606,train
15901,9.290971216544296,9.331106,train
13079,15.773432801612396,15.761686,train
8142,2.8883746613871586,2.8415473,train
2085,3.356594281756209,3.3318527,train
14915,8.477314213085487,8.581595,train
16120,5.786248127811522,5.922231,train
1682,4.506277994656691,4.5004506,train
6055,16.772687486158457,16.741465,train
7426,18.241320164207785,18.26361,train
10982,11.32563386376781,11.243039,train
6750,5.607792229366913,5.6234207,train
8668,9.168320914602484,9.089939,train
11548,14.943798829154984,14.968978,train
14044,18.408078022967818,18.401087,train
9391,16.047941681837724,16.093296,train
18534,22.49022740406337,22.473766,train
12790,4.320926393683198,4.2941003,train
15587,1.4173291744378558,1.4156836,train
11566,13.191941154622793,13.137314,train
732,3.8947742887427177,3.9282298,train
350,3.768958006279102,3.7318754,train
10162,16.997546792188473,16.938082,train
6266,17.843060526764162,17.781363,train
3768,12.35999179176263,12.379644,train
13869,12.717077712437307,12.773876,train
7284,10.154105659064593,10.140411,train
3374,13.825062453488536,13.803184,train
5642,0.5326644634711801,0.5230641,train
9402,14.229043846341156,14.198013,train
13268,17.06309090337697,17.053082,train
6106,13.240478128119957,13.09368,train
865,10.804809387314712,10.826582,train
8138,3.244492566611058,3.25001,train
17660,9.99147713146784,9.869783,train
3827,5.821681776537377,5.8430157,train
14242,16.39388883715022,16.368004,train
7789,18.10444767486976,18.063732,train
17496,5.4896593306403085,5.4543133,train
4781,9.352362416221006,9.299732,train
16325,5.989562876549891,5.9657764,train
15421,20.061739400246715,20.21155,train
13602,1.0526451780490536,1.0159665,train
18018,14.39803083717474,14.4349985,train
2232,8.368647064255681,8.367612,train
565,2.3799935276883906,2.3693063,train
8005,16.79458762448461,16.801453,train
1670,5.6724124473201085,5.6563973,train
15885,11.328305375021465,11.285883,train
16736,4.086952035597406,4.124499,train
9743,19.569991349216465,19.775524,train
3823,6.205622462755369,6.1618495,train
4380,8.44357092314379,8.444691,train
16479,10.56666637146473,10.675171,train
2747,18.4012084515832,18.398476,train
10269,4.862202108302335,4.8903227,train
3919,19.753915151987403,19.745413,train
18008,15.672043394882012,15.622024,train
62,13.39740968039031,13.443314,train
10672,2.6633943114982475,2.6473482,train
5560,7.368189898898625,7.3861384,train
1841,8.054121480665696,8.063366,train
16382,1.0867255281601031,1.044636,train
8952,1.099732275810975,1.0828383,train
12904,13.501665199921831,13.462303,train
9307,3.7430209365128033,3.6124685,train
16314,7.260919797845184,7.1565547,train
13689,13.263458908646248,13.235474,train
13285,12.960431996710025,12.988885,train
14025,21.06914465581329,21.062029,train
9801,11.476638958867555,11.299637,train
15331,5.733512107835472,5.7702603,train
13051,19.74609331807852,19.760443,train
18211,13.885080553528171,13.7625265,train
3577,10.807496218003656,10.81224,train
3790,9.788032353406871,9.773853,train
5890,16.6057236881951,16.547253,train
3102,0.7186886066123512,0.7432064,train
6088,15.350028010510368,15.481945,train
7691,9.816776866823316,9.857472,train
188,0.5886991126865756,0.5786959,train
18180,17.62456415042645,17.546244,train
5336,13.234642723177531,13.17394,train
19407,10.674334220976068,10.679503,train
19246,6.715687901255656,6.81242,train
4089,17.310579816339555,17.277254,train
2558,18.23849452659624,18.268793,train
4903,16.30757076517525,16.310133,train
9939,17.242750323085865,17.238647,train
644,14.007400983882576,14.043616,train
16703,7.621555587085625,7.567959,train
6613,22.175690702157645,22.0963,train
9219,13.178947115705617,13.186254,train
11410,7.981950477432508,7.6648417,train
9433,10.524536298901868,10.504884,train
3571,11.002991001035928,10.888006,train
1078,7.350563767418175,7.337959,train
3516,15.656147880935904,16.152843,train
15784,0.956180401246947,0.9247563,train
11860,2.4039706865097275,2.4364004,train
6007,3.112428759510692,3.1023192,train
11223,6.870634308301821,6.8652616,train
6348,7.842431792927273,7.802327,train
12258,0.7941879073431418,0.81840163,train
18048,10.699590755511233,10.71899,train
10828,6.556669046844638,6.441021,train
6645,17.841655381267827,17.94921,train
17145,2.721023432977165,2.6955495,train
17870,7.818720396795571,7.7458634,train
14783,1.741789585520115,1.6306835,train
9948,16.780855446505836,16.753965,train
13147,7.117774246860791,7.2420053,train
11506,20.14119943117341,20.196032,train
9936,18.87934025577506,18.807196,train
14407,20.42097637564753,20.466457,train
2391,13.183683546617385,13.33682,train
9601,15.275339161349562,15.244856,train
9999,11.224858241207247,11.265921,train
8851,11.27267084233071,11.2436905,train
2003,11.968394950747584,11.934395,train
11023,7.05518422430213,7.0583296,train
1128,2.7967686794722546,2.832415,train
7871,10.699831498161751,10.608967,train
7000,0.6985559251751349,0.7264842,train
17398,15.169506094612288,15.162296,train
15910,8.211120883652741,8.229097,train
16522,5.988163009399488,5.9373045,train
3730,16.552267439594694,16.600903,train
4557,10.681133091893978,10.750582,train
18965,17.97699899520962,17.957764,train
5659,20.42281683531085,20.346071,train
1006,15.162191828218203,15.116388,train
17396,16.34410658315835,16.331383,train
10784,11.53097798923256,11.582851,train
3889,0.5390554679632179,0.50573254,train
3514,16.62851732512421,16.152843,train
13232,19.51071491685381,19.45135,train
4538,12.498642023892826,12.362436,train
12530,12.845418623634565,12.714163,train
14792,1.0448256335513295,0.9883086,train
18450,7.734447852685055,7.6845713,train
16743,3.5969087685769434,3.5637248,train
15951,3.950687472594087,3.9185438,train
4457,1.520004434884552,1.4831015,train
17752,1.066129768538283,1.0489246,train
5451,1.2766279524175497,1.2771013,train
1146,1.4687990388809606,1.4282458,train
11344,15.59852666599533,15.673174,train
19176,14.716265424963405,14.71426,train
17884,6.127972898573523,6.3408494,train
5384,7.7879634477614434,7.845448,train
4091,16.596288695158986,16.623018,train
6496,12.662024807093866,12.585487,train
17620,14.75414249523616,14.774589,train
17675,8.267249039335669,8.189249,train
18109,4.053230062632586,4.064755,train
16233,15.87608892225402,15.890908,train
11285,1.1342524461325487,1.1277891,train
965,0.922865429746189,0.9249266,train
7567,2.341603420012893,2.3618026,train
10118,0.6503686154467778,0.6366165,train
6814,20.66941180214476,20.528734,train
7162,2.4758514958680355,2.4616995,train
13914,8.967305834156837,9.020177,train
3645,3.848961935401982,3.8291008,train
18942,19.258777019361755,19.259972,train
333,5.565213977286209,5.4207497,train
13768,4.140322172992708,4.1387854,train
10455,4.77052229961537,4.761324,train
7684,10.540355092401724,10.612484,train
5436,2.6840477802376848,2.69072,train
3259,3.621020809118913,3.6564038,train
15583,1.469392342287385,1.4506105,train
17162,1.2521235794240908,1.2328365,train
3282,1.850865378593612,1.8732831,train
17239,12.031957359806894,12.029378,train
12156,9.970686689866964,10.0728855,train
3495,1.2140501733643163,1.2078897,train
11737,15.654984579035574,15.555862,train
2227,9.215974985643856,9.278683,train
9534,0.9292618370546452,0.9332248,train
18643,9.191145838866792,9.165507,train
5904,14.460411252991122,14.585913,train
10377,14.438226638938096,14.297918,train
9612,13.637847654535395,13.636156,train
9479,5.423240082476674,5.4643335,train
6902,10.601821364601,10.625908,train
13098,12.14606298365931,12.13654,train
12984,4.575385693491426,4.5805697,train
403,21.063310695835767,21.042156,train
286,10.741469343611875,10.719448,train
6263,17.134022148568143,17.398273,train
7480,11.889157932608365,11.796638,train
4477,0.270955459152035,0.2835856,train
18707,2.191549265741488,2.1960125,train
12371,8.22865179963894,8.192562,train
3994,9.594961809177034,9.5560875,train
10815,8.074506824074627,8.176367,train
17355,0.8249049882192405,0.8249189,train
13868,12.9797076377435,13.018821,train
13304,10.95732197398659,11.000197,train
18505,2.73987218356509,2.6589255,train
17156,1.81132241312982,1.7895161,train
5828,1.2379838223855284,1.242283,train
17553,0.6583306375605562,0.6960486,train
16718,5.649547558254968,5.7047057,train
1031,14.428794118901346,14.522451,train
4599,6.360882525454656,6.1915774,train
9926,0.4038261278925545,0.3939606,train
9361,19.557304321071665,19.33966,train
18845,8.043361975735532,8.060973,train
9580,18.342352025511747,18.328796,train
15149,3.773196570699609,3.8128488,train
11530,16.442314471449613,16.670347,train
2026,9.023081613180567,9.138454,train
4703,18.824750174525,18.746632,train
17645,11.828032066483498,11.896414,train
5543,10.250327247568372,10.283472,train
18544,21.115844582324726,21.134926,train
7013,17.95965533616748,18.013264,train
18932,0.1734427379392697,0.20111114,train
8263,9.866501567872971,9.996834,train
15215,18.051760703009464,18.04465,train
16291,9.591349676230596,9.594633,train
10710,22.48772525916753,22.476952,train
14520,7.33733302452302,7.4137535,train
8286,7.310318606501592,7.286208,train
2061,6.040903839994278,6.081201,train
15547,5.056320732582359,5.1024704,train
9421,12.502211438244434,12.478789,train
6226,0.5456796845844,0.56576365,train
2281,3.560031893195058,3.5499804,train
4135,13.309013423377184,13.2723,train
17078,9.375831390774769,9.281163,train
5220,3.537103540139217,3.5336568,train
331,5.690882596738248,5.706126,train
12885,15.34106056679256,15.388821,train
3879,1.1851272406348567,1.184822,train
8669,8.85610217401632,8.899052,train
9818,9.865412687208508,9.92714,train
4992,6.463707480569946,6.3998394,train
6531,8.200215216321524,8.268078,train
12688,15.991742717415384,15.941221,train
127,6.036543146892764,6.0533113,train
12810,2.569350934993107,2.5220404,train
11661,2.925594706041013,2.8655818,train
4815,5.4552807419240406,5.4909277,train
2630,9.52304861675466,9.482003,train
3847,3.826707622824705,3.7789433,train
3392,11.690654336586077,11.662132,train
14696,10.358234803199604,10.321586,train
18281,5.892496978778627,5.808693,train
13583,2.5028281287162986,2.4551249,train
6195,2.9841627897707994,3.0258374,train
18122,3.0701380307242485,3.086703,train
5478,17.784441251721855,17.756203,train
7526,6.257743455417744,6.2797747,train
13579,2.8640848125186262,2.8503006,train
15242,17.040621058293997,17.049511,train
12703,14.21584911360621,14.153649,train
3628,5.394331199261529,5.3454103,train
5604,3.645288380140679,3.648232,train
12193,6.505668451837523,6.434154,train
9468,6.484350782013431,6.5575705,train
4362,11.206547930737203,11.202547,train
7365,1.9465750536034283,2.0256262,train
12150,10.42252142228114,10.378658,train
1087,6.639941486800617,6.580031,train
18602,13.967111852517537,13.952617,train
18442,8.233938941387203,8.333198,train
1306,3.9736505082352713,3.9617198,train
3535,17.09983802828657,17.102268,train
2727,20.7514619874234,20.855556,train
7979,0.3595498877664854,0.35655606,train
3784,10.640040431324191,10.7021055,train
3799,8.81917120828022,8.771967,train
1058,9.302938748820932,9.366704,train
8464,10.797644421300635,10.72491,train
14249,16.207600123467234,16.087603,train
2133,21.285665726146835,21.198538,train
19462,4.968492113288878,4.974755,train
17824,13.2167298529164,13.090428,train
2669,5.125696967260553,5.161536,train
7336,4.527260241685746,4.501928,train
18664,6.201618661430056,6.193572,train
698,6.6765836632122815,6.6320176,train
298,9.251380510770934,9.422865,train
11009,8.639581673646504,8.602092,train
7668,12.473402128113266,12.505549,train
17560,0.2380586559620104,0.2548879,train
15083,11.348773545940992,11.312361,train
7019,19.72498761253255,19.68614,train
10975,13.21861336797414,13.207654,train
10886,1.4683909091559002,1.4740757,train
101,8.932250430048716,9.017211,train
7835,13.935925481662904,13.925456,train
11757,13.239337747216313,13.1576,train
10739,15.228943726536588,15.201295,train
828,14.34502545425396,14.372483,train
14260,14.177154992138249,14.1520815,train
11571,13.120384918014032,12.972799,train
791,21.06084792438794,21.053497,train
6568,4.421604469510682,4.418991,train
17345,1.4779785743239542,1.4696593,train
5052,1.1062067611384758,1.0914054,train
3384,12.623468797558852,12.5413685,train
13572,3.4585106823901848,3.4469132,train
1804,11.51498686225232,11.611455,train
8736,2.1145661985457185,2.1176286,train
16217,18.03387615461212,18.043095,train
19241,6.843185726475329,6.8480577,train
9070,7.230068906334172,7.26997,train
6373,5.2817137440871775,5.3554235,train
13794,2.267153887490281,2.2336195,train
16742,3.760246986340469,3.8151324,train
15352,3.948198834219157,3.8788214,train
18688,4.016519822031076,4.0716023,train
13480,14.04248714493395,14.189833,train
13822,17.65665393427835,17.621386,train
11467,2.538266645697908,2.5362394,train
6648,17.302557252737788,17.297441,train
4414,5.274203916045153,5.2940645,train
7758,2.7817155239672537,2.7554739,train
4056,3.139006458955996,3.1639202,train
12177,7.799985202616475,7.790545,train
2269,4.685357348290852,4.667052,train
10210,11.408959556756024,11.445951,train
16961,2.0794340954137427,2.040452,train
18495,3.695145798379993,3.5835912,train
10255,6.0698952630823655,6.026727,train
9179,17.706668970748066,17.55659,train
9951,19.722148751719896,19.766167,train
13544,5.993551400913098,5.9786882,train
7352,3.09588951384074,3.1302185,train
7705,8.119012326096602,8.112091,train
9439,9.248323108381737,9.131212,train
14145,6.310979883018586,6.3007836,train
6699,11.204338983045645,11.090185,train
4132,14.76358369879151,14.760481,train
5119,14.98254879733284,15.012085,train
10576,11.847372759949096,11.772817,train
19425,8.400254378968203,8.384794,train
5038,2.1667253211372484,2.1109626,train
16952,2.9100472115199203,2.90611,train
17883,6.613923569501373,6.2648277,train
12303,16.179068684712416,16.178402,train
19465,4.0966376782515725,4.080862,train
15227,16.350385458867223,16.333704,train
4647,2.1175060221555526,2.0927415,train
7313,7.0454438351391095,7.108736,train
129,5.855810675716434,5.922755,train
13881,11.297137077187315,11.263333,train
1997,11.804261230959977,11.821593,train
12742,9.595083667634926,9.62178,train
9652,8.864481050321656,8.803489,train
16714,6.344085552604962,6.3164744,train
13876,12.561035691649996,12.552782,train
13595,1.5819977384430437,1.5524504,train
18491,3.6314577514751134,3.6684365,train
16199,19.75998871560038,19.773685,train
12021,5.043482431668733,5.2103806,train
18216,12.96238959276905,13.162567,train
3599,8.212274152194386,8.179205,train
5521,11.198142149871996,11.173616,train
12059,1.5666521616809086,1.599708,train
18553,20.05194900386084,19.993217,train
18066,8.389441196144345,8.40773,train
12085,17.147255514697378,17.146194,train
18770,15.709878076659832,15.711257,train
655,11.57488135247596,11.578709,train
4642,2.6681759339409785,2.7445967,train
7545,4.2123215027499805,4.247745,train
5654,21.70128946163532,21.5748,train
1271,8.24169162891357,8.320584,train
17070,10.059130751338516,10.041186,train
15117,6.906779336981073,6.9154277,train
6450,17.10171221706454,17.03686,train
7896,7.340445606321357,7.3655243,train
9564,18.97865764582809,18.881332,train
19009,11.956629045449809,12.057601,train
14155,5.254618966120815,5.2187467,train
6295,14.23026333227686,14.0567665,train
4788,8.156297702787082,8.310865,train
9113,2.722116812225212,2.7197707,train
16751,2.9690384093390083,2.981973,train
80,11.310376363042922,11.379028,train
5326,14.42227908426312,14.444231,train
12633,1.4574834180233074,1.5165975,train
8259,11.093422585470938,10.948172,train
12101,18.34568401649987,18.35065,train
13587,2.153087948579625,2.1956043,train
3822,6.3714472755988005,6.278013,train
19064,6.083842812193689,6.13113,train
6135,9.570189048761405,9.59548,train
9586,15.709222804725623,15.689213,train
15947,4.068212727323464,4.185299,train
18732,0.6304929065399231,0.6433435,train
12134,12.56167022263626,12.6012945,train
18793,12.52373985251547,12.599888,train
16448,14.113374136044742,14.210841,train
11085,1.298266150372263,1.256352,train
5797,3.8509316180022535,3.8299265,train
2782,14.271193729565224,14.322349,train
5809,2.828040823358345,2.8284812,train
14686,11.526763503999751,11.487975,train
16828,15.869611162091724,15.874061,train
919,4.841694860418284,4.8872995,train
2305,1.3547004573843622,1.5163054,train
16205,19.987222504421457,20.037708,train
12551,9.644018053629637,9.890594,train
9419,11.207490567564545,11.164095,train
13798,1.4452183563089895,1.4491639,train
5900,15.360864411759056,15.27019,train
6431,18.610619437553712,18.56463,train
11012,8.192500824505167,8.236604,train
12061,1.2896135153786812,1.2560813,train
2960,14.59632993762406,14.559695,train
9443,9.454209853787551,9.32959,train
9171,19.35147773878317,19.423218,train
19268,4.35227774571849,4.3664536,train
2223,9.231816793352746,9.29019,train
9197,15.739429260955417,15.6743145,train
4720,17.0438473286287,16.961002,train
17807,14.999698585819957,15.005593,train
7117,6.202692439051176,6.327139,train
7384,0.5554716845665024,0.5699255,train
1692,3.5855552093088185,3.5485976,train
15217,17.284483557963586,17.325357,train
5248,1.1542330804279055,1.1081845,train
13722,9.61394158373827,9.656464,train
14414,18.504776648782148,18.352884,train
14443,15.520797928202724,15.557633,train
7750,3.590792512570125,3.6490605,train
14401,0.4760560695242247,0.4881564,train
4889,19.72992109849805,19.749805,train
10421,8.247932687969715,8.27209,train
1214,14.465953686749316,14.353935,train
2636,8.419878246095244,8.430817,train
16507,7.684743861800426,7.73013,train
5441,2.073919763734611,2.1172032,train
16994,19.77866291601208,19.798603,train
7784,19.997147904473096,19.983456,train
8229,14.586022043511129,14.638556,train
13998,0.8795968721602968,0.8502771,train
10737,15.65418158949416,15.755897,train
5861,20.287228331795536,20.326508,train
7057,12.285041540493566,12.442511,train
18571,17.76142349598226,17.726614,train
5877,18.093303047649865,17.958292,train
1406,13.91587800350256,13.802857,train
12722,12.008202978597607,12.140204,train
13155,6.327353107537625,6.3317385,train
7649,14.731974219963009,14.63296,train
6408,1.889901184250507,1.8650563,train
6587,2.663228866165165,2.6360035,train
7414,19.634267017649417,19.620815,train
131,5.709103637652193,5.679316,train
17770,19.389348820619528,19.429367,train
17445,11.312306453247112,11.190937,train
19216,10.049417611064923,10.026893,train
640,12.383330695304837,12.150526,train
8685,6.272699612629063,6.346797,train
7931,3.979234166842757,4.0119615,train
1136,2.2441745212667152,2.2298977,train
8329,3.59606437639969,3.5626614,train
1393,16.250407193441514,16.224422,train
3091,1.398454338276383,1.3958585,train
15009,18.428870194912875,18.431807,train
17618,15.086850729518002,15.107786,train
12423,2.6618939781978543,2.59114,train
13860,13.690189664537456,13.718383,train
14338,5.751797867810174,5.792299,train
18087,6.145501959047626,6.1729703,train
8292,7.002587654189577,7.0957856,train
18619,11.729461050219928,11.708639,train
2197,12.723477349338946,12.717864,train
1302,4.702198726705984,4.6061196,train
9453,8.394872967523979,8.331809,train
14691,10.668967056544025,10.693256,train
3246,4.878879217940576,4.8813424,train
1709,2.047934044572029,2.08469,train
3457,4.635806947572577,4.696608,train
8947,1.2686230764693032,1.247131,train
1244,10.856853958660272,10.852128,train
15123,6.843132630836227,6.830274,train
2220,9.78192731902969,9.844271,train
7700,8.789496468242088,8.804107,train
2146,17.33531531473454,17.296839,train
8409,17.207544804166425,17.263159,train
12086,16.833274235774113,16.88822,train
14899,10.32653579583966,10.452914,train
9147,0.35983656538671,0.3042733,train
13520,8.79711538548528,8.734332,train
7208,19.394190545836583,19.353092,train
13724,9.613128878148965,9.656464,train
8124,4.536813363190493,4.4783287,train
18138,1.3874654078523925,1.3867208,train
16510,7.217827899527207,7.023698,train
12186,6.944058285983284,6.975893,train
16945,3.579562706001161,3.6131058,train
17421,12.312252609343396,12.42593,train
4094,18.562686631977805,18.580814,train
9359,16.75009565766529,16.82091,train
1964,17.0621405820275,17.07043,train
16630,13.588801387976616,13.7529955,train
3356,15.885508341465869,15.90086,train
7366,1.876316829046755,1.88364,train
18703,2.9612459225933425,2.9471216,train
9705,3.1490618328799265,3.123817,train
17251,10.431386211122929,10.476789,train
10022,10.304479374996486,10.340517,train
15846,15.810109612573168,15.89513,train
7112,7.268800786912022,7.281825,train
4064,2.237730387277578,2.2371733,train
10046,6.928113211683892,6.794397,train
15468,14.1197138295326,14.168932,train
9935,19.49336207949357,19.478333,train
11937,13.725140508704149,13.697638,train
4509,15.040360236266723,14.90306,train
8552,1.9841469437632355,1.9801415,train
10566,13.448662870245675,13.466452,train
18010,15.611491095783638,15.586259,train
6177,4.673611384676976,4.667511,train
13230,20.873435034247755,20.779013,train
14468,13.181365966892836,13.131815,train
18914,1.1516750435483312,1.0890478,train
11202,9.285438549561071,9.303971,train
12283,18.72138084133105,18.729113,train
3797,9.07296257823964,9.133194,train
4683,21.45528860478426,21.432682,train
5246,1.228073871772205,1.2136927,train
9330,1.401633241020692,1.6984898,train
9299,4.603632184028638,4.43958,train
13882,11.099148011033828,11.1128645,train
11448,4.234641447186949,4.209322,train
17166,1.0655745722849528,1.0408232,train
1330,1.746574366668311,1.9239419,train
14405,22.452989110516324,22.458527,train
12581,6.257821701137082,6.5210686,train
9056,8.064711705384108,8.037554,train
17347,1.2260076157984237,1.2788963,train
16006,21.12464457689966,21.121262,train
13460,16.510166003138128,16.499475,train
6734,7.133412751032945,7.1290693,train
9037,9.86652337152514,9.859057,train
14408,20.0387380863318,20.137764,train
1418,12.10467542821159,12.141271,train
16207,19.16203247416496,19.232498,train
11694,21.57002115752892,21.596619,train
7922,4.835764784429464,4.83054,train
16146,3.6047321613527714,3.6498284,train
1374,18.37604731167109,18.251453,train
6002,3.980966768020296,3.8254964,train
2683,3.2009480252609226,3.1759374,train
8961,18.40139840310695,18.490828,train
15706,7.524964824344373,7.572397,train
12932,10.669447041007173,10.777176,train
1735,22.50132424245128,22.585112,train
803,18.72164581695718,18.692665,train
10484,2.2889448235506693,2.301094,train
15550,4.97481042463081,5.04651,train
2365,14.054936559535491,14.145517,train
5215,3.62844512733212,3.5823088,train
4911,15.815472255960724,15.833905,train
15338,5.074302773252263,5.0881386,train
12996,3.311522166776172,3.2329855,train
953,1.7814854945926828,1.7365135,train
18933,0.1526661481639382,0.18673211,train
18992,13.676151061501711,13.537086,train
5042,1.8488290291518408,1.9356041,train
721,5.067084263392834,5.1037054,train
13163,5.55674524524834,5.5131865,train
2319,0.5351143633670883,0.5637174,train
15925,6.872812151315356,6.7112594,train
8815,15.527842037400148,15.525956,train
4600,7.139757885577253,7.023859,train
17466,8.646939412578693,8.639191,train
17517,3.387153107304247,3.4152226,train
461,13.310486299855132,13.305281,train
1580,15.753275148877067,15.762583,train
14098,12.064464381552018,12.033986,train
19362,16.618242952677825,16.667292,train
13013,1.8960306241237173,1.8750105,train
18665,6.166059385718759,6.144013,train
862,11.551275635996092,11.398668,train
17,18.598810642461288,18.386135,train
10774,12.6140633092042,12.642828,train
13114,10.669290171265612,10.697582,train
9283,5.946670535713019,6.0239697,train
10141,19.712405809693724,19.586956,train
17950,0.5225379614218956,0.5480373,train
14061,17.102148677163903,17.078527,train
5519,11.790833333044876,11.812424,train
14274,12.19097750278828,12.270328,train
11809,7.276071589779129,7.2999177,train
5580,5.497105455736472,5.575596,train
17001,19.720916941515256,19.675028,train
11253,3.816513247496333,3.847129,train
1533,1.0247658250801477,0.9776529,train
2164,15.397455868299048,15.439501,train
10423,7.899013112910842,7.9006324,train
345,4.47721121673699,4.3033566,train
17693,6.388146972409032,6.4189415,train
9128,1.5412339197244074,1.5046617,train
11438,5.181903566495496,5.091873,train
18372,15.81615685528217,15.880675,train
11421,7.216494073671668,7.345401,train
11899,16.989708930787877,17.187292,train
4390,7.474197882444006,7.49562,train
19265,4.786271553299498,4.8450904,train
13169,5.0703070259120855,5.023826,train
12569,8.237644409113624,8.031237,train
2037,7.824747926069555,7.8041525,train
11673,1.9211158019445889,1.8917662,train
17625,14.32032459208935,14.369663,train
17168,0.9766992411266888,1.0030354,train
43,15.580077408451158,15.547332,train
10507,0.5099343701275446,0.5129419,train
7608,19.72257572399363,19.68094,train
16058,12.353204391096885,12.192548,train
5605,3.4974039811456987,3.4918475,train
18446,8.837467591467423,8.825684,train
11052,4.249974435730754,4.2698445,train
5625,1.787442675438724,1.794625,train
12809,2.6353652267883003,2.5864801,train
5724,11.847991249098934,11.91029,train
7212,17.224274406456654,17.220606,train
16627,14.59002589715008,14.599227,train
8553,1.94974819338913,1.8714153,train
3163,13.885259271291662,13.880655,train
7532,5.289027416085866,5.288916,train
580,0.8396941624212041,0.84890616,train
14964,3.7302860955370174,3.637151,train
10366,13.340517907839285,13.3423,train
14521,7.1997479038174514,7.271566,train
10893,0.9543756782458516,0.96359557,train
16926,5.425824854488033,5.4161124,train
17426,13.056222166854951,12.95822,train
7053,13.263029497248962,13.252589,train
8048,11.94738631047798,12.033174,train
10529,18.95025350609784,18.827778,train
3991,10.76797160990774,10.780604,train
9651,9.125614958823054,9.010002,train
19368,15.565993432511016,15.613881,train
1019,12.643724008545805,12.775317,train
404,21.06497350868313,21.042156,train
2820,9.95377862187157,9.928243,train
14487,11.20917063032076,11.195483,train
18644,8.43722109202457,8.421719,train
7495,9.62647603659524,9.6785555,train
18552,20.16754276979201,20.134048,train
10214,10.62963202653497,10.638771,train
11051,4.337804233066334,4.3618135,train
10736,15.950111434770108,16.028473,train
2809,11.15207551277917,11.122059,train
14849,16.230994239990768,16.228863,train
14439,16.327191786633183,16.42775,train
16223,16.92386537339017,16.754715,train
3300,0.5025577471938792,0.47509497,train
11494,0.4886686285367237,0.48448062,train
9413,12.682010849588464,12.684673,train
19027,10.084558901458475,10.208384,train
11726,17.133749841422066,17.08696,train
383,1.124125646514036,1.1183985,train
9618,11.652282209745692,11.8381195,train
6196,2.8907484552382074,2.895215,train
17041,14.46964311475496,14.511334,train
7881,9.499776859976643,9.431825,train
7304,7.929590264297933,7.9246297,train
1168,18.878510417179584,18.935114,train
12498,16.624577016088953,16.500069,train
10889,1.2695492443521743,1.2683359,train
16030,14.989901144453269,15.030278,train
629,13.761168963024913,13.697959,train
12937,9.075678261209852,9.04385,train
13819,19.302553497835063,19.123173,train
9641,10.3103334304326,10.129008,train
8907,4.959335229624313,4.904384,train
7460,14.319997763956328,14.241787,train
14853,15.85501474527365,15.558321,train
2315,0.6326749747123118,0.7192268,train
1032,13.935581911389146,13.979147,train
1261,9.423053305944386,9.459416,train
7251,13.072935485014623,13.047808,train
3341,18.143805591943487,18.087128,train
13745,7.314826431681897,7.3222494,train
9987,13.030845879126511,12.906307,train
16381,1.111992745635421,1.0850568,train
16704,7.366544279333156,7.281783,train
11943,13.835102606011688,13.791923,train
8424,15.186824090926592,15.108327,train
7476,11.97780154017109,11.976619,train
16930,4.933933898426621,4.9872694,train
18958,18.01086597954143,18.025923,train
14258,14.711199368900465,14.666129,train
3731,16.30412487540487,16.314661,train
11161,14.493355955526477,14.383314,train
10987,11.299702821742176,11.234572,train
464,13.301713144726428,13.305281,train
8512,5.656740380625999,5.6154804,train
9467,6.622768926738556,6.6843204,train
18886,3.60624922850869,3.5876312,train
14329,6.675574327038883,6.6118884,train
17681,7.6426230519329215,7.6760545,train
1896,2.7856130393037333,2.7402978,train
6012,3.041141898456821,2.8771832,train
7654,14.211982118162506,14.2244425,train
19196,12.363573321443566,12.348439,train
13317,10.313431049513166,10.349649,train
10699,0.5777990822726863,0.6010242,train
9207,14.574863823113324,14.550361,train
3036,6.435247759734349,6.3984394,train
4724,16.000133041243505,16.024143,train
18756,18.702727139272643,18.690823,train
5799,3.737859159115297,3.7240632,train
15969,2.1650034837768204,2.1960359,train
12284,18.25011971027673,18.317041,train
14889,11.481113951861794,11.574567,train
3872,1.8085757916735248,1.8084537,train
10790,11.866563997507802,11.824091,train
6689,12.37206746640662,12.425689,train
12372,8.009502612341885,7.9889975,train
6727,7.985694598603778,8.013854,train
5041,1.91962181504979,1.9738163,train
8856,10.731148779597849,10.591131,train
10992,10.274495807253547,10.261897,train
13160,5.972701603543154,5.9654007,train
18864,5.995440841012276,5.9729233,train
13499,11.306393949727664,11.37808,train
11904,18.268417640268584,18.283518,train
17220,14.66864240035831,14.740354,train
9835,8.674797636478752,8.6255865,train
18117,3.1111619322554698,3.1328793,train
3411,9.429556147514546,9.306668,train
14203,0.8163605939601536,0.8208524,train
4382,8.938419273403312,8.915479,train
16505,8.096297829681951,8.0570345,train
13953,4.931626497961035,4.8131905,train
575,1.5528507960523872,1.5624261,train
17765,20.466894204875747,20.578613,train
14347,4.837461318175261,4.899789,train
5753,8.415904588448269,8.480477,train
5927,11.837969999928246,11.903998,train
8029,13.644700051632595,13.706019,train
17089,8.136212690082516,8.157556,train
13231,20.085418988368147,20.008425,train
6278,16.091209659266056,16.03662,train
16201,19.32235558050361,19.394533,train
1105,5.128524949119351,5.1248007,train
15163,2.8120567645820373,2.7310553,train
11578,11.61708560860724,11.802351,train
7849,12.235780894789224,12.317893,train
1399,13.995718597096348,14.057709,train
2395,11.059331328382813,11.04129,train
7580,1.505727170242568,1.4721521,train
12294,17.010613039476638,16.924833,train
15537,6.0957133297065145,6.097215,train
7659,13.537345788147832,13.505145,train
18708,2.1745369456440176,2.175882,train
11317,17.831266351290125,18.020481,train
17958,22.29154081458113,22.203955,train
695,7.369449793088174,7.3220334,train
3549,14.094312472686934,14.006409,train
4808,6.069411609278301,6.1179824,train
12374,7.590847943185413,7.562024,train
14602,0.3852561167406274,0.41993532,train
10462,4.177159657121467,4.1786795,train
16512,6.994169995673083,6.863536,train
8354,1.4049239401137252,1.3771839,train
17714,4.03294629074531,4.058767,train
12103,16.245641418167395,16.272343,train
5221,3.37094048486657,3.3660483,train
10259,5.882225451546541,5.9505954,train
9973,15.97384781074548,15.978393,train
12158,9.669493990690064,9.727491,train
9630,11.841305241730511,11.743894,train
873,10.114629085969336,10.012136,train
17375,21.102538807312328,21.127321,train
16823,17.63498792971438,17.672531,train
13618,22.50667113374509,22.493107,train
12210,4.649023275229447,4.616733,train
2631,8.482827121509109,8.446485,train
12397,4.999903141216119,4.9962673,train
10760,15.70668414693047,15.703341,train
611,15.056584000287756,14.880649,train
11487,1.013174901664378,1.0534143,train
19106,1.969201217386928,1.9661591,train
6478,14.468287396414064,14.440986,train
2392,12.502966645202989,12.362147,train
7209,18.77397082164285,18.789444,train
14724,7.22304833399849,7.0485306,train
9232,11.675074646963708,11.681984,train
2113,1.0849050866128205,1.0962034,train
7710,7.683643828173694,7.7812304,train
11912,17.94229894506471,17.986038,train
14034,19.729572293270177,19.786728,train
9369,15.902222607351746,15.934681,train
9846,7.134898749806141,7.054955,train
904,6.548009418190577,6.5360656,train
18622,11.563656674311217,11.549132,train
5532,11.952677003143998,11.809917,train
5004,5.212303568285532,5.2241096,train
16967,1.6980648759506132,1.6925707,train
7937,3.3698216608603446,3.3919904,train
17859,8.979596652240684,9.03725,train
10863,3.4366173728130653,3.4126942,train
11274,1.9515746138054024,1.986458,train
252,14.552673518535878,14.579935,train
4300,15.890620982380067,15.902353,train
193,0.5006846787029797,0.4745104,train
308,8.115068594083873,8.176153,train
4080,1.409067895423498,1.4237664,train
16076,10.983196000811708,10.970944,train
15007,19.71721034196208,19.72508,train
15703,8.116924064403193,8.124679,train
19424,8.433728068668723,8.404484,train
3189,10.128104771587688,10.214031,train
5772,6.46888104270301,6.377792,train
6993,1.044250402022726,0.97907096,train
17911,3.69482985998662,3.6800447,train
11471,2.1248986424886422,2.180447,train
5359,10.647008514960865,10.673019,train
5690,15.675665606579908,15.630367,train
7551,4.155249924891562,4.0236077,train
5135,11.003817813739214,10.999391,train
7319,6.057324499178177,6.0631547,train
1823,9.707408542190548,9.740656,train
12592,5.166542933546157,5.346493,train
13649,18.43301655018172,18.422369,train
2608,11.928480561671796,11.929821,train
7004,19.648619723255862,19.665348,train
7676,11.51555307815582,11.545558,train
8488,8.086414309677677,8.132844,train
19275,3.7807553202678825,3.857946,train
19096,2.8475592628389763,2.8424168,train
3330,19.691965805884927,19.59274,train
3244,5.191667708801512,5.1791067,train
4839,3.12750780449752,3.1718888,train
19017,11.238853047703715,11.235402,train
5726,11.54322184963742,11.677072,train
9200,15.794799145784353,15.859773,train
10134,20.754776127736847,20.767769,train
13430,19.267059302619227,19.272757,train
14676,12.710429177261902,12.693354,train
4118,14.433279805646396,14.473644,train
6439,18.59953734755697,18.632387,train
14897,10.536620426858756,10.706823,train
16117,6.372216930242189,6.3787,train
2143,20.05817622390576,19.950275,train
10302,1.4676285503683384,1.4437716,train
6711,9.848311711366163,9.85683,train
12628,2.221082479220103,2.1443963,train
16299,8.704736456170552,8.733191,train
2102,1.940079338037376,1.889493,train
955,1.6653375618812876,1.6562738,train
1054,10.727402845272088,10.656044,train
1003,17.024496039570757,17.03224,train
5977,6.119446245069202,6.105138,train
11477,1.733727875110309,1.7455839,train
17698,5.784751889061498,5.794081,train
19333,20.37193494388177,20.419416,train
19162,14.636261629148237,14.583058,train
18410,12.095782176859394,12.098093,train
4633,3.4369048826157065,3.4215305,train
12091,19.70347093926884,19.682932,train
11332,17.7357770167526,17.730621,train
4366,9.97087774072136,10.012929,train
17566,22.00872975177626,22.060562,train
6091,14.102647252248968,14.064489,train
7131,5.481591701819915,5.4662356,train
14283,11.354123527747428,11.320405,train
12260,0.7314716274014811,0.73221755,train
16493,8.98384397993343,8.751377,train
11105,22.50303623281064,22.485888,train
9753,17.814848024239843,17.850016,train
7042,14.750704755928282,14.601434,train
6805,0.61802158118066,0.57859427,train
15078,10.757862586524984,10.839061,train
15187,0.8632883029219124,0.8270014,train
11611,8.256806431938776,8.021244,train
2685,3.187026577301698,3.1759374,train
4473,0.3228443421071941,0.3274832,train
4740,14.457301834556894,14.402809,train
15349,4.058534752484967,4.1005726,train
9862,5.931688892405084,5.952458,train
10773,12.9981084220642,13.0433855,train
5179,7.932788137556384,8.07399,train
5663,19.09210846380774,19.020512,train
111,7.830478576004183,7.8992963,train
93,9.871011332346605,9.828354,train
2773,15.317621320761967,15.367607,train
6029,1.3888377145532038,1.3750819,train
11576,12.03811325135616,12.070156,train
16356,2.9305069251478515,3.0159752,train
19422,9.3359894068466,9.345774,train
7744,3.9346985739968914,3.8823955,train
17803,15.59221252897404,15.459794,train
14824,19.273218784306508,19.217205,train
15826,18.445944832388296,18.511639,train
16780,0.6995203889107693,0.71247315,train
9985,13.859795720737356,13.796148,train
4027,6.184459012077202,6.18131,train
9912,1.242712718269161,1.3025054,train
8051,12.781562290347663,12.771363,train
19124,22.501846885547447,22.381739,train
10474,3.107730961901248,3.1231778,train
16988,19.224086815434674,19.288797,train
11992,8.17331495396855,8.308128,train
9508,2.8924277880056506,2.8780007,train
9001,15.157991665646763,15.226283,train
14434,16.420498395532768,16.350325,train
7367,1.8088894645821183,1.763315,train
14277,12.612469401598766,12.567009,train
10973,12.191403020432835,12.200788,train
15237,15.377210823687747,15.379246,train
4259,1.3102818383198276,1.3548014,train
13671,15.80875907112894,15.783168,train
12655,20.046589103012685,19.99161,train
4160,9.990557862773128,10.029355,train
384,1.1014264371795128,1.1037744,train
13711,10.805872089250675,10.832481,train
6735,7.051290253120994,7.089432,train
16173,1.290904303071994,1.291436,train
16509,7.353917937418433,7.508361,train
17716,3.900891102819015,3.8827348,train
2947,17.419620045739652,17.43503,train
1487,4.962865405862589,4.9265003,train
2435,7.015751278046058,6.957605,train
9036,10.100520740785807,10.11886,train
8276,8.302398678167567,8.215885,train
17776,18.85399725246138,18.960564,train
6320,10.972863053595114,11.010938,train
1154,0.9168872176880756,0.8831605,train
14029,21.074361853755228,21.062029,train
9565,18.49375150167648,18.50084,train
16252,13.851029898226091,13.918971,train
4789,7.993964454109733,8.165025,train
19000,12.887993193829743,13.066057,train
387,22.40293016930865,22.408607,train
8255,10.50016294134128,10.50341,train
6637,18.70748765070745,18.708763,train
11036,5.940618819111711,5.9973927,train
14350,4.559407499535684,4.518422,train
15182,1.2091332913360793,1.2280893,train
3772,11.688880909791443,11.738747,train
19329,20.670816333028394,20.632296,train
14065,15.816498820448452,15.809205,train
9865,5.3621473906682935,5.3353076,train
17332,2.449172237796763,2.4670122,train
7831,15.732507714194828,15.732068,train
15312,8.30571483183674,8.274174,train
8875,8.489278290151946,8.546603,train
667,9.85021119414329,9.872982,train
10023,9.976119604707977,9.894172,train
15403,22.29522538568783,22.225409,train
4855,1.7927468357708725,1.8079016,train
8583,21.142085337192672,21.110718,train
593,16.645430375003073,16.350695,train
5779,5.696437076655618,5.6156435,train
12613,3.1761326581485103,3.2753508,train
14114,9.687844120107895,9.697048,train
15849,15.478012065649752,15.348448,train
11829,5.229887652626622,5.257964,train
4275,0.3390548361720643,0.2974487,train
3127,16.879094036237092,16.878733,train
7123,6.0027280549087365,6.07686,train
16005,16.124115230515116,16.085045,train
4983,7.339836198437292,7.364407,train
18223,12.601958762661615,12.440499,train
12239,2.156433163898422,2.245172,train
2639,8.385357989416399,8.411127,train
4946,11.069261552647424,11.038837,train
2376,12.660687790645952,12.754159,train
12572,7.316090225984328,7.5521073,train
4149,11.190377599528391,11.234278,train
12038,3.26855101103135,3.2414515,train
17294,5.845304724280414,5.8351073,train
4743,13.754028354083324,13.871859,train
18919,0.8278698033996872,0.8466164,train
13592,1.7805365787407903,1.6921647,train
4798,7.0971053266293245,7.2028093,train
18034,12.00517283445925,11.953662,train
5225,2.7988315387635603,2.7108934,train
12357,9.114454414118956,9.07528,train
13143,7.619034857171838,7.7491136,train
7967,0.99366738467564,0.973125,train
11960,10.779667989282528,10.841911,train
9,20.57029340168408,20.415966,train
16182,0.7261361645373573,0.7434996,train
3976,12.003002538307792,11.966204,train
16081,9.49553219875389,9.526763,train
2502,1.1201715897911322,1.0715731,train
3358,15.509429024589476,15.627856,train
19498,1.378897226867547,1.3858025,train
11490,0.9016641453718292,0.92306393,train
429,17.108257055062374,17.205084,train
1490,4.4732962511438,4.5756884,train
15348,4.144526980482202,4.1601057,train
5834,0.6386966113842709,0.67654705,train
1917,1.0194100606603331,0.9977142,train
8846,11.95674446151023,11.865288,train
5484,18.415989666988064,18.460934,train
8185,18.62586709770951,18.861921,train
7928,4.20795174029759,4.1851335,train
1945,21.114216681286635,21.144653,train
17690,6.664587719567285,6.663098,train
18893,2.694508600748894,2.823236,train
15138,4.8101533790275885,4.9038134,train
13462,15.528868527476128,15.526115,train
4060,3.134002962862849,3.1639202,train
8868,9.292650016159817,9.34288,train
11342,16.49801663794575,16.559269,train
12632,1.467898309916568,1.5165975,train
13192,2.80480460442818,2.8885436,train
185,1.0881814040074365,0.9834282,train
2466,3.9791091500439526,4.0638514,train
328,5.928725061187405,6.0530744,train
4698,18.70063887034327,18.828876,train
14449,15.191456565955722,15.203331,train
19019,10.827144485749594,10.80057,train
18314,2.1936894071809,2.2559094,train
658,10.495135534145843,10.340822,train
12450,0.6794516649882001,0.7154513,train
14932,6.813702988876734,6.617389,train
6290,14.452927837107609,14.43789,train
9997,11.947627311639916,11.895394,train
13837,19.732340494012664,19.797632,train
16500,8.26127901039932,8.39792,train
18320,2.08414714638287,2.0721521,train
11682,1.1628327988252718,1.1187762,train
1345,0.8361307729530664,0.8018365,train
10505,0.8232080665467192,0.81178427,train
5207,4.200090867347381,4.243016,train
11928,14.457676754473477,14.433248,train
1673,5.36357627951014,5.292808,train
10793,10.758780117101807,10.749116,train
15658,14.500369412361266,14.439181,train
9637,9.778263261666984,9.892688,train
4333,13.982508550805791,13.988359,train
15636,14.837460306469156,14.891442,train
12805,2.908604263070888,2.8912792,train
16960,2.282220602986313,2.297978,train
13463,15.092641734553888,15.161419,train
5328,14.492426977113096,14.5176935,train
8462,11.011292992308212,10.981508,train
9513,2.54525053939688,2.5474727,train
9825,9.758013439054192,9.816804,train
12728,10.678181900263809,10.561802,train
4110,15.100810223646173,14.923926,train
16390,0.5073876156565672,0.48669776,train
9381,17.228844272835424,17.168415,train
4192,7.900427263302491,7.959042,train
15884,11.401789840822634,11.372982,train
17140,3.171024567988852,3.18622,train
12058,1.632459105712214,1.6714752,train
5281,20.402779741645887,20.420671,train
2942,16.682888607091368,16.696285,train
7126,5.418176095268596,5.5601077,train
12350,9.467739688374074,9.662859,train
1362,20.61477306329976,20.506151,train
2404,10.405236950879916,10.356913,train
12994,3.595104127856349,3.5895588,train
11308,18.555856070241024,18.650616,train
12690,15.31053730848018,15.221763,train
8333,3.0687501454448785,3.0042973,train
7492,9.713443799022029,10.009027,train
7006,18.61849701367648,18.650007,train
3040,5.648195710562325,5.7035027,train
12729,10.473350697961736,10.392716,train
17637,12.768069682234906,12.752653,train
2925,18.04476080596111,17.904715,train
8821,14.937840946931596,14.875369,train
5666,18.19795044604376,18.229929,train
6508,10.998092992673255,11.037,train
2507,0.7888806702044273,0.703517,train
2562,17.076463967851467,17.044104,train
11095,0.5797444852469743,0.59476894,train
1179,17.241028506117562,17.391039,train
17555,0.330115257527842,0.34837234,train
4897,16.32689960000656,16.295282,train
8249,12.249170936085411,12.214967,train
1458,7.787643117415187,7.716049,train
2740,19.111789697461145,18.899244,train
2375,13.072416185040732,13.007587,train
15743,4.23479413019961,4.188144,train
2509,0.6814223436611312,0.611059,train
7724,5.993871026565562,5.970207,train
17715,3.9663257631896407,3.9624643,train
597,20.20516849674438,20.170881,train
15670,12.42905877795916,12.460248,train
1140,1.7784857035267048,1.9103333,train
18162,19.96385422755146,19.917341,train
16875,11.041942958056042,11.092973,train
2162,16.076033144587253,16.056711,train
7488,10.74187160269291,10.613449,train
11645,4.561862529676582,4.5373487,train
9661,7.968058264608575,7.883457,train
9043,9.787210666712417,9.764599,train
8359,1.0353333523572732,1.0275784,train
6250,19.14420455249448,19.219557,train
15875,12.488314844206135,12.447148,train
15200,0.2176909620248125,0.23167571,train
13652,18.43368063800549,18.422369,train
16281,10.67600924231148,10.721348,train
3648,3.5172690428427176,3.492097,train
16721,6.054341815379383,6.0791063,train
8363,0.8051463886867051,0.79275024,train
5379,8.310508165843189,8.261601,train
17196,15.69713772875716,15.704327,train
15656,12.586044665473391,12.653615,train
1923,0.6518967626555765,0.6942603,train
15251,13.5304021215366,13.62357,train
14695,10.71050383039344,10.655713,train
6280,15.627830302557593,15.646228,train
2345,16.57463854831967,16.383327,train
15064,13.125575375576105,13.162767,train
19145,18.94522333512566,18.969244,train
8116,5.262329113196051,5.2408395,train
8612,15.670200344738108,15.633049,train
12832,0.6607130040186266,0.7515655,train
12389,5.65919126215436,5.759853,train
2426,7.754815884529703,7.7689915,train
17826,12.75151909154006,12.755116,train
17502,4.54176955708086,4.397668,train
16017,17.726724592772,17.545454,train
7689,10.020793397525404,9.92938,train
764,1.1185743639309302,1.1129088,train
17817,13.799399131542598,13.786361,train
13609,0.5308942503821135,0.5723917,train
9087,4.986196877646312,5.0183315,train
8134,3.6007283672726302,3.5496728,train
11151,15.78166980533318,15.735624,train
10073,4.519427484963682,4.50198,train
4108,15.746325984347386,15.781046,train
18043,11.801044042772968,11.900194,train
18885,3.7439341561496753,3.6558926,train
11002,9.22850367510622,9.169016,train
8634,11.491232119113908,11.469263,train
16472,11.251145366208055,11.170754,train
9770,16.390056751123474,16.353931,train
17012,18.02616375779657,18.014349,train
6674,14.223618585968348,14.183527,train
15939,5.01364804394072,5.018033,train
7154,3.0477759128891693,2.9391098,train
10057,5.687773804276199,5.6618466,train
3095,1.129137188807797,1.187905,train
9152,21.61333106873,21.667168,train
2019,9.383663710553153,9.346362,train
15606,19.18719358623304,19.325151,train
5822,1.8715763630933844,1.790298,train
12855,18.68626954206726,18.70087,train
1139,1.8911184863894992,1.9656837,train
9675,6.027536312777264,5.9568815,train
17240,11.756809230566423,11.66982,train
2911,0.7503990480923856,0.81041044,train
7101,8.65169343248078,8.626774,train
16419,17.295833757458617,17.318624,train
12976,5.209348274623609,5.117071,train
6104,11.691122718340534,11.677781,train
8431,14.537002757997064,14.577705,train
6183,3.926437672054927,3.9198503,train
7103,8.014050076125967,8.050247,train
6755,4.931995835245318,4.97991,train
14343,5.248766586237251,5.256391,train
16645,13.362740077791912,13.330928,train
5813,2.2047569411425165,2.3233037,train
9387,14.57584489023022,14.67367,train
7637,16.254864579178864,16.310228,train
15118,6.722686166114955,6.7161183,train
6500,11.646656425871544,11.687433,train
2530,22.146525941760224,22.160492,train
6826,18.181304462954,18.141382,train
3143,16.07867228636002,16.116074,train
14543,5.003164888291479,5.01061,train
15376,1.7448179845245229,1.7167368,train
9682,5.55936914039537,5.4585986,train
2304,1.7018763384269495,1.6891203,train
12151,11.840927238530634,11.775393,train
10839,5.471951531886396,5.457246,train
2879,3.7810379171385646,3.624161,train
14399,0.5186083580124956,0.56117505,train
14186,2.36817399317208,2.3566394,train
4086,18.55552439707431,18.567467,train
19059,6.481029799883782,6.481067,train
16270,11.883707046531583,11.763099,train
10217,10.432965907983576,10.323463,train
17479,6.855065055911616,6.8797975,train
15125,6.322440623235298,6.2756343,train
12014,5.672538824578072,5.7963204,train
15881,11.625415067397116,11.593693,train
18141,1.3725073069502642,1.3867208,train
12245,1.625152032062377,1.7960486,train
14986,1.423361937196625,1.4318628,train
11262,2.9763498443451573,3.041665,train
12947,8.033710284714216,8.063706,train
4921,14.326890925039102,14.34809,train
852,12.784385293523664,12.724814,train
13111,11.344600999944154,11.31657,train
12394,5.459789556729397,5.4213595,train
4005,8.425711692959617,8.39297,train
12515,14.312687956567508,14.264204,train
17017,16.325851899956376,16.316063,train
7751,3.534669288850109,3.5628784,train
7437,16.92066551617804,16.781551,train
13543,6.152645973747016,6.117431,train
3006,9.589142770775544,9.619654,train
16574,1.264794439422985,1.2796699,train
3052,4.429471571175308,4.4902725,train
11172,12.815414364829705,12.88269,train
706,6.145687128679319,6.1011243,train
13282,13.647145166595376,13.734239,train
2834,8.164094074461586,8.267909,train
19166,15.897059253129578,15.813542,train
10105,1.5519409346398136,1.4966121,train
12787,4.608863872662302,4.6118746,train
971,22.50168786638525,22.514389,train
9845,7.3681301373813906,7.2914534,train
9117,2.370181796757447,2.3435087,train
4436,3.19261885337306,3.190965,train
13816,0.7233049095413923,0.73948205,train
278,11.59280958240703,11.604864,train
4444,2.515216029334708,2.531105,train
6060,18.50654624319773,18.578352,train
3371,14.294618468092787,14.227851,train
3985,10.786488486738952,10.780604,train
3573,12.002804091016436,11.9773,train
8571,0.5969739195816036,0.60755885,train
7805,17.130141040717273,17.080185,train
19484,2.245025775833453,2.2117789,train
15924,6.917768871465237,6.73101,train
1527,1.4842522904349509,1.4921012,train
1734,0.491620395986127,0.5083781,train
1796,14.082757209373588,14.165685,train
5615,2.611947487591064,2.5806391,train
18674,5.138557306594414,5.1663346,train
14118,9.675403507762429,9.697048,train
19435,7.269166561652469,7.2507033,train
17327,2.9182066224945684,2.9317763,train
13688,13.263597052342933,13.235474,train
12523,13.174268487089124,13.257311,train
12843,21.51586264557273,21.476818,train
2407,9.448640064035136,9.477837,train
11717,18.12936008818472,18.078064,train
17531,2.1213120620294124,2.064125,train
5162,9.046405896928825,8.908678,train
18007,15.70324507238513,15.622024,train
12583,6.198672900636691,6.345298,train
10785,11.226717374126087,11.27045,train
18943,19.105085767770667,18.940744,train
3524,15.332784952250137,15.3055525,train
19138,18.074531138011054,18.201422,train
5254,0.7435813004633057,0.7330061,train
9911,1.30836248538629,1.4380423,train
3745,15.339540072683208,15.380129,train
3304,0.3618676138084307,0.31960535,train
8879,8.031583245243858,7.992675,train
1654,7.208523057287168,7.1302238,train
11205,8.702615247403473,8.600802,train
2206,11.764647791425046,11.796332,train
366,2.143359867609885,2.1706767,train
3592,8.54747446125704,8.72977,train
14073,14.55108436452037,14.5366,train
1809,11.922374234281246,11.918671,train
15840,16.62133124661918,16.585644,train
3435,6.826359261154456,6.8792596,train
7739,4.616341142488143,4.6523895,train
2241,7.485278093315217,7.4070096,train
4403,6.4735957601656295,6.4764833,train
3606,7.789598590561392,7.7729297,train
11229,6.104115410838136,6.0713634,train
11742,15.537876170661848,15.443411,train
10559,13.44031817297346,13.52737,train
11604,8.963585087710467,8.921628,train
1049,9.911891102847742,10.001104,train
17669,8.968180858961237,8.901445,train
19410,10.567919387522863,10.570019,train
6552,6.00200471711716,5.991977,train
4196,6.839953154489739,6.8054185,train
8755,0.7358413212400307,0.7493589,train
10465,3.880249270499954,3.9096956,train
3184,11.362782935069134,11.372411,train
9035,10.346334827699629,10.331023,train
14993,1.245111257809422,1.2038138,train
18478,5.128190467876915,5.073988,train
5752,8.541278336683428,8.510884,train
10052,6.8502591879879855,6.8338733,train
12830,1.0641996147399972,1.0446223,train
15957,3.104598383003998,3.292436,train
9571,19.19055594704121,19.148075,train
6215,1.2791397098033062,1.3371902,train
11845,3.652400371010819,3.6278522,train
14650,15.235020324139112,15.206461,train
3517,19.764087430808164,19.724014,train
17647,11.554551363988327,11.544771,train
2411,10.698097818137256,10.812855,train
18519,1.449894172295576,1.4409704,train
6486,13.876594230268246,13.827692,train
6421,1.0357705193277416,1.0352222,train
13972,2.825424539586715,2.91205,train
2481,2.9543494234397705,2.8683262,train
4093,19.393544026065708,19.313364,train
13942,5.427796937857182,5.4762144,train
7828,14.45904467348511,14.39297,train
17430,11.590729665609238,11.638368,train
17248,11.193137846997423,11.243245,train
15522,7.359127440019406,7.304748,train
8314,4.725095606432095,4.687371,train
15567,3.1122547432362286,3.137042,train
12299,15.038663591834332,15.194605,train
11976,9.59890478550636,9.503745,train
14705,9.508471424242154,9.441333,train
9442,9.777712532155782,9.684949,train
14809,21.033931569090463,21.096146,train
13134,8.524538579309365,8.565762,train
17057,11.788535317940768,11.75036,train
3651,3.203285202688513,3.18281,train
7595,21.688635448344343,21.729046,train
16712,6.838022680376873,6.910653,train
256,14.487439764525767,14.486182,train
4106,16.487008065784458,16.41679,train
16806,18.79537117124758,18.93265,train
16722,5.776345248652924,5.81667,train
18672,5.938494027213365,5.9524965,train
8109,5.863518333766737,5.886496,train
12262,21.883098764138065,21.99081,train
8507,6.026381278971324,6.205906,train
17454,10.64766331886278,10.657604,train
9076,6.079816642411572,6.087639,train
954,1.7230991410441443,1.7012813,train
15404,22.17029989009877,22.225409,train
7335,4.653288068676837,4.64142,train
14205,0.8123444963660743,0.8208524,train
3405,10.157480041908943,10.080593,train
866,10.560963244248844,10.557746,train
13227,0.4002653632209001,0.39478108,train
8039,12.698705304823791,12.679037,train
11148,14.58301493577696,14.562189,train
8091,8.144932782628272,8.3164,train
19258,5.329366681810413,5.2256556,train
2286,3.024196504191423,3.106048,train
1690,3.737093266137963,3.6943429,train
3188,10.344345420227846,10.3855715,train
885,8.556597153059318,8.493616,train
718,4.831694551100752,4.80965,train
4516,14.90436116443907,15.084981,train
5872,18.948783618886328,18.816343,train
19461,4.987820509202384,4.974755,train
17492,5.448843550093285,5.5149784,train
10951,14.695595176722986,14.776955,train
15621,18.28527381818376,18.331629,train
1343,0.9744863992599404,0.92624676,train
17665,9.427774408020577,9.368549,train
14415,21.078711230269377,21.041527,train
18031,13.069836246560174,13.06824,train
19446,6.146547522429681,6.1283593,train
9812,11.98557152830482,11.943066,train
9561,20.525254396840605,20.479134,train
11362,14.038086011739258,14.079492,train
8152,2.0234368857595446,2.0046663,train
12346,10.454729773501738,10.369919,train
7548,4.183025559212701,4.1284766,train
2101,2.0470468754916453,2.056639,train
769,0.8271011162004708,0.8248926,train
4514,15.606033234354989,15.609533,train
4055,3.140263730451145,3.1639202,train
13424,0.3767410349926373,0.36687574,train
18557,19.44101068181638,19.431757,train
5419,4.025138688296624,4.014315,train
11191,10.756835095563307,10.828098,train
4287,17.42064842933563,17.50243,train
1107,4.723473618575341,4.635194,train
16688,8.526580740272811,8.479898,train
5018,4.053309824537814,3.9936256,train
6121,10.252556617191155,10.233647,train
608,16.809209992566448,16.940897,train
18624,10.79402787167123,10.739596,train
16914,6.741447287973056,6.655621,train
2931,18.32694963408096,18.325144,train
17656,10.488951780509217,10.553519,train
12533,11.948828324085232,11.958921,train
3795,9.331756324905246,9.426443,train
15810,20.433800101049417,20.377724,train
11320,17.255326398592498,17.09377,train
1559,19.74400199674966,19.746727,train
6521,9.256884316609533,9.153232,train
19442,7.0864861850992416,7.1137567,train
2091,2.9595834315924616,2.9672265,train
7088,9.00811687252238,9.062897,train
6608,0.9716364989096248,0.96976537,train
2566,16.986663208453436,17.037813,train
8127,4.218375326590529,4.22472,train
12161,10.604650457181858,10.472278,train
722,4.895160176002779,4.8925524,train
11420,6.967241508170697,6.7160225,train
10506,0.7866009923214399,0.7712974,train
1550,21.09414036119217,21.087074,train
16600,16.646839448283078,16.640116,train
641,11.983925784186122,12.150526,train
8542,2.820924322257243,2.8319092,train
9298,4.651513082518646,4.487572,train
2581,14.526444659521117,14.526893,train
7136,4.5012729400328615,4.4283214,train
18186,16.69573767200462,16.81689,train
2479,2.751872835673273,2.816847,train
5023,3.4561705954510376,3.4558299,train
8459,11.359292030432009,11.348692,train
9385,15.142748667809308,15.106962,train
9765,14.60676949425314,14.659614,train
10013,11.145610298512192,11.163361,train
2743,19.040983289093592,19.002853,train
5843,22.49073005059048,22.77361,train
5987,5.071432691130045,5.045364,train
7679,11.177988519860076,11.109821,train
1684,4.332054365111456,4.3176007,train
7983,20.37498270178349,20.313887,train
8864,9.72640382299362,9.900065,train
1249,9.319010216791533,9.531306,train
17214,14.398460111735163,14.403946,train
4079,1.4098278847502572,1.4237664,train
17930,1.961792744477952,1.9350488,train
10129,21.570055332308154,21.617245,train
4448,2.2252218790703706,2.0495746,train
2287,2.953056010909032,2.953312,train
12997,3.176186553082548,3.129185,train
9429,10.228080380022528,10.143423,train
18601,14.034523915341374,14.054314,train
6003,3.1786526238656405,3.270485,train
18694,3.1509939550444,3.1504614,train
17291,6.2605985586524895,6.2933803,train
2527,22.250840735818706,22.362822,train
15933,5.90175907646095,5.736854,train
6370,5.523188909510452,5.5046716,train
15752,3.448444868973686,3.416551,train
18706,2.208781684206524,2.21363,train
13947,5.128624581272112,5.141309,train
7759,2.7329989463815143,2.7086484,train
15175,1.7269236556067074,1.700262,train
12873,17.717469262610685,17.796114,train
3250,4.988616933542245,4.940266,train
8600,14.257954271638528,14.281233,train
8165,1.089563302055417,1.0746294,train
9162,20.34398195872309,20.323915,train
6802,0.6851282739840887,0.6983859,train
17644,11.966664486311718,11.957292,train
12559,9.367902590451155,9.149659,train
10058,5.469216427976164,5.491129,train
16811,19.759888135310977,19.741623,train
18331,1.2798617660632938,1.2720333,train
7477,11.95554136808465,11.901896,train
17767,19.84675489311517,19.79934,train
15836,17.118433845359675,17.197367,train
5937,10.642017207372929,10.703516,train
12308,14.307833193639745,14.311858,train
13164,5.441669402743325,5.4072733,train
8616,13.776448326238418,13.703982,train
12246,1.5635426539498378,1.6905669,train
5840,0.5380117691345168,0.5509553,train
11063,3.2733289713005123,3.1453342,train
15766,2.243281368274298,2.3192127,train
4423,4.4687219627316574,4.522428,train
9958,15.770802478277952,15.645155,train
8836,13.205931932037744,13.055685,train
968,0.8083380169683222,0.838521,train
18846,7.826503893244223,7.7573814,train
12154,10.44794759239286,10.440957,train
1402,15.355428989532534,15.447686,train
10864,3.309416765332943,3.2624521,train
6560,5.281253561862189,5.19297,train
5000,5.75841001859187,5.7274137,train
15304,8.765577355678516,8.849958,train
9191,16.787290771324134,16.832533,train
475,12.070829553577044,12.071201,train
8183,19.591085734429168,19.618896,train
5520,11.487435072382508,11.529917,train
12539,11.697819912586818,11.626062,train
14199,1.5309451258725382,1.5379591,train
17372,16.889513148440475,17.073826,train
8145,2.6326280830104327,2.6398804,train
12734,10.377158935606444,10.374831,train
14476,12.725927742006371,12.738006,train
19302,1.4433434370747835,1.4428384,train
13960,3.8455451450384577,3.8944921,train
5278,21.06645328619916,21.05185,train
3196,9.791994759881732,9.805036,train
13640,19.773307732523243,19.87141,train
8377,22.438158852739885,22.511156,train
18104,4.10542852970354,4.0727487,train
13848,15.703057731140602,15.724396,train
227,18.0430487649726,18.049719,train
2372,14.86533276902988,14.843087,train
11684,1.0951665589955213,1.1035657,train
1871,4.955561136198375,4.912351,train
12866,16.96278373648448,16.866219,train
11964,11.189391288153118,11.203356,train
13981,2.112240972149832,2.1868708,train
11550,14.378395909410562,14.544098,train
1137,2.1239714721144103,2.117162,train
2390,10.545722912450884,10.503926,train
16621,18.40212851444916,18.42848,train
2856,5.887672920375095,5.918361,train
5997,4.066491054155492,4.086708,train
15476,13.023280165657487,13.029478,train
14577,1.985762089418581,2.0882819,train
11795,8.919735104515922,9.030107,train
12449,0.7238031489735519,0.7594381,train
11621,7.110640982259463,6.9542093,train
7894,7.621758707913949,7.702635,train
16312,7.394146914122212,7.3118253,train
11913,17.508988589152594,17.456501,train
1288,5.48640693562422,5.545518,train
16604,19.52907757714524,19.472033,train
17998,16.96428591388562,16.94827,train
14355,4.0440329685852685,4.1167645,train
17977,19.64136446677657,19.646988,train
7016,16.74322957730885,16.802683,train
9504,3.2993441286093192,3.3032076,train
8264,9.654030146378656,9.868907,train
15110,7.363980619194541,7.378049,train
9874,4.559994602983147,4.5666986,train
5687,16.37190361277802,16.315954,train
10315,0.7013190761193527,0.68981856,train
13844,15.247293023509007,15.28596,train
4342,13.511497006221507,13.557145,train
12144,11.506186052018355,11.505333,train
4014,7.292227294175044,7.288703,train
14950,4.858276475282966,4.848858,train
2844,7.071850531234946,7.056239,train
7660,13.4047366984126,13.411529,train
10031,9.431640520832914,9.554093,train
4879,17.99372857498562,18.005983,train
17170,0.8904903373767022,0.9245404,train
15250,13.72036490600322,13.773219,train
999,14.275818088714203,14.203152,train
6626,20.15387291937214,20.00105,train
8399,18.617425878979915,18.615913,train
14924,7.786754138831463,7.398942,train
10208,11.54638270599005,11.556261,train
974,19.58887955334701,19.456324,train
7920,5.008527782203856,4.8873515,train
5212,4.115185664538631,4.1151114,train
10898,0.6961286028016734,0.7007544,train
16556,2.8095961726180736,2.8078601,train
2894,2.185821088299026,2.1924388,train
16657,11.717479152844575,11.697021,train
14681,11.764492969155503,11.752394,train
5895,15.66905264898696,15.676076,train
592,17.29137403870292,16.350695,train
14340,5.542377624369512,5.523261,train
16754,2.571240052712275,2.5556946,train
17128,4.270560031649179,4.240006,train
15292,10.684012715732576,10.662919,train
14450,14.971245375004935,14.895523,train
10569,14.08642629266538,14.12417,train
3811,7.50841838435254,7.485943,train
614,18.43643656017528,18.48798,train
11244,4.678342152406197,4.693079,train
7651,14.441874220251158,14.463392,train
4682,21.77577848578228,21.820324,train
3767,12.532228281840958,12.526384,train
14351,4.473029193021093,4.480765,train
6004,3.158402275308852,3.2379913,train
8217,17.053586619446293,17.098442,train
12347,10.198513880139874,10.158428,train
4162,11.281974676645351,11.176349,train
17370,17.84233418466289,17.954609,train
9954,17.840123794957343,17.807613,train
14793,1.020603128940277,0.9362538,train
19269,4.2218987645324,4.175173,train
8319,4.571358153610658,4.6648617,train
8915,4.341798543923654,4.372934,train
11389,10.17130142559962,10.2273245,train
11868,1.7174088209521232,1.7037604,train
16603,21.123987100842587,21.227358,train
11810,7.147806526886201,7.120762,train
15908,8.316905496907616,8.322939,train
6627,19.927887303948825,19.837868,train
6569,4.310038991442878,4.2979164,train
4251,2.041876873854842,1.9695098,train
2615,10.768274423808917,10.731234,train
10827,6.697913814273712,6.591914,train
9092,4.717374638552441,4.709827,train
4464,0.967389359257377,0.96542513,train
13552,5.330580316876073,5.307186,train
18174,18.43299401898632,18.436596,train
6369,5.604592322448399,5.6894717,train
19288,2.529786176553259,2.5287828,train
10491,1.7105257874181403,1.7553873,train
4164,10.43893660917286,10.454372,train
10553,15.63507624467184,15.563254,train
17383,15.498012411019854,15.565954,train
19184,14.437660799823384,14.45644,train
9913,1.178898021858736,1.1642874,train
4694,19.83470298543514,19.864632,train
16048,13.393221604627414,13.324622,train
507,7.44539844529323,7.4691978,train
8705,4.490595136579438,4.531142,train
1159,0.6034745112458298,0.60613346,train
1269,7.238120685908818,7.329737,train
3417,8.822939407205492,8.935103,train
6271,16.549466179411173,16.665682,train
11663,2.799657454490337,2.748995,train
14995,0.7289448981759618,0.76273906,train
16560,2.479411977887204,2.4671502,train
2913,0.7085402789117388,0.7768812,train
15918,7.192840293614506,7.335942,train
16373,1.7827076090336822,1.6482749,train
5850,21.649638611222382,21.654205,train
13341,7.32952769944915,7.2583413,train
4039,5.118536989489786,5.1202145,train
6961,3.603686480537348,3.7285058,train
8037,13.184484824890202,13.1306505,train
17369,18.514014796514143,18.369448,train
2525,22.32048303924616,22.362822,train
9576,16.865642242786144,17.025969,train
7383,0.5885903977415087,0.5999106,train
15575,2.259487838389847,2.2714846,train
2044,7.385158967920378,7.3642316,train
8858,10.473318677896984,10.425296,train
10634,6.11053473638277,6.0654893,train
8270,9.625002927108625,9.592424,train
13753,6.216191940937655,6.2095876,train
10128,21.674015837418832,21.67522,train
11909,16.072474362186682,16.163054,train
9285,5.8171918135404095,5.7883396,train
10150,18.852250752669583,18.92906,train
3715,19.11503809742893,19.13665,train
8454,11.895508862033578,11.833165,train
7600,20.392550392384635,20.433916,train
12275,19.00171900813675,18.822042,train
2560,18.18841964522996,18.268793,train
12036,3.4738194902764903,3.496849,train
9356,17.69093283363056,17.729635,train
14569,2.661763801539748,2.7088015,train
15624,16.676881192219852,16.46467,train
4002,9.572750846975342,9.5560875,train
2614,10.78237714809032,10.731234,train
11995,7.624661166325634,7.5648575,train
5839,0.5543553435781943,0.5833355,train
876,9.453507795462569,9.47118,train
16683,9.78299888543456,9.643654,train
692,8.123608865953203,8.139602,train
15005,22.508338748849454,22.523598,train
16018,16.994988384937862,16.989338,train
9258,8.804926980917658,8.712704,train
15882,11.550342668810964,11.552688,train
9410,14.437184611977584,14.280085,train
10096,2.230445412968879,2.21617,train
8106,6.23648675593843,6.2147675,train
18514,1.9559465966398284,1.8970104,train
1448,8.837767018377718,8.83746,train
14138,7.393428268689813,7.376187,train
10233,8.371850160679175,8.316878,train
11489,0.9368436033795088,0.92353636,train
12205,5.13514508570357,5.126573,train
17764,21.13172569287297,21.123283,train
5363,10.1459559305127,10.098717,train
17408,14.194223719803244,14.210031,train
12008,6.093449860628612,6.0829306,train
8200,18.091642477777143,18.069603,train
7293,9.281645062548325,9.248773,train
4807,6.207519431053438,6.1542325,train
4085,19.653099752324604,19.67072,train
10273,4.11216392850934,4.0939746,train
11926,15.16270448547804,15.207286,train
457,13.323030647772503,13.305281,train
6493,11.955549930361729,11.961792,train
5255,0.6858295838764924,0.68453556,train
10343,16.53472551425539,16.419657,train
7616,18.92564100633114,18.920532,train
2477,2.980717571564571,3.0325966,train
17298,5.71881455753158,5.652368,train
18477,5.333680748103797,5.1637473,train
18040,11.86524118207986,11.926826,train
9760,18.17424275179311,18.16894,train
11881,22.4550371007812,22.457026,train
3984,10.789617565537574,10.798573,train
7189,0.3869205494856504,0.34204328,train
2686,3.180421256079176,3.1759374,train
7763,2.13129553911507,2.1371295,train
8625,12.442799710398226,12.42944,train
16836,15.406059697049685,15.47728,train
16689,8.33128778541833,8.2895775,train
2813,10.531492864664934,10.646292,train
9008,12.550445452156698,12.489443,train
16487,9.87315491490604,9.959017,train
1867,5.6404563473291045,5.5526357,train
9049,8.469004073637384,8.479959,train
13903,10.659114979659115,10.720177,train
2915,0.673711184621095,0.68047506,train
4016,7.2877348280410175,7.288703,train
16831,17.075546072115376,17.15572,train
11876,1.0646267868091546,1.0591618,train
19018,11.02521056314897,11.131588,train
16434,17.052065862536207,16.953657,train
14103,10.871647486663685,10.852968,train
7864,10.86873970832728,10.862615,train
18101,5.041649776042965,5.073373,train
7289,9.034446199278,9.100802,train
3169,12.064501783272831,12.117959,train
18880,3.987566857204332,4.022845,train
12218,3.89738286439443,3.94058,train
8220,15.215250605798538,15.238475,train
3025,7.726528657869753,7.7179847,train
1270,6.989460641078958,7.139789,train
7265,12.130597573600893,12.199187,train
10548,14.684241326881445,14.76837,train
15128,5.75311466679956,5.841971,train
6612,22.429198946202035,22.468761,train
8932,2.696440222031232,2.6833904,train
2651,6.257037667802373,6.222545,train
11539,15.731915977049503,15.828532,train
10718,17.026806230249218,17.000269,train
18939,19.952569134129256,19.97922,train
1859,6.333482133980114,6.2212343,train
1941,17.300733818462273,17.18817,train
13158,6.030189653767764,5.960447,train
1932,0.1957416775736095,0.22577514,train
9293,4.916766829875787,4.9769177,train
18918,0.8899904985957808,0.8770337,train
486,9.725230047047225,9.710913,train
12626,2.243304214555125,2.2252922,train
17514,3.877097786885285,3.8809228,train
8978,17.010105428669785,17.063545,train
16305,8.16588536108242,8.149409,train
2458,4.562079944639729,4.635608,train
13197,2.4660605029289404,2.4653707,train
14335,6.137514768783322,6.1872025,train
3942,17.07373231788482,17.10981,train
6214,1.3327766844430984,1.4505067,train
14529,6.4588165756946765,6.469107,train
15904,9.114954062797407,9.039827,train
10434,6.767481648377375,6.6991467,train
17414,15.718259868749792,15.819616,train
11613,7.977467153726667,7.9106107,train
4544,12.4695905150202,12.530468,train
12784,4.909493944654774,4.943126,train
12635,1.4393070019946332,1.4275769,train
288,10.411640606746014,10.544888,train
762,1.2448339597907565,1.3567197,train
11919,15.11041395183255,15.138298,train
14561,3.3551684336749146,3.3434324,train
11409,8.083412392522872,7.8522663,train
5939,10.565101340139082,10.55328,train
13247,16.364100690400115,16.443787,train
3013,9.534674368009489,9.533892,train
3277,2.187751523428795,2.243479,train
2462,4.732198853017335,4.6857285,train
15020,16.6562565107643,16.727411,train
3140,18.407536948727497,18.444307,train
1821,10.230900576483258,10.118727,train
15927,6.14254496227721,6.2084427,train
15754,3.2370336914040525,3.1909857,train
12641,0.7566949091152584,0.8193899,train
14726,6.976615299408711,7.060627,train
12414,3.479849304047107,3.4526532,train
11209,8.117383543760061,8.080358,train
4916,14.462291044146992,14.450696,train
14758,3.694136153695615,3.7307951,train
7202,19.79717366785537,19.807497,train
7243,13.430025629513032,13.40358,train
4672,0.3921318877319686,0.38369578,train
4737,14.053122578247844,14.138565,train
19447,6.122292770353882,6.1283593,train
4820,5.053424227749943,4.964874,train
16955,2.667848559062748,2.6605983,train
1004,16.38117159819409,16.316925,train
2005,11.333641551744252,11.321903,train
8686,7.220639624859657,7.1085734,train
6474,15.76363254213214,15.7490015,train
8123,4.656921547014566,4.6551986,train
6546,6.878911934164679,6.8730774,train
12121,15.68430447648426,15.673511,train
7354,2.885993800543829,2.9100726,train
906,6.244493869957677,6.25676,train
4343,12.902696313265269,12.928341,train
6310,12.122124334963292,12.199508,train
10890,1.1378812739468405,1.1071582,train
2030,8.243885195658855,8.314132,train
6043,22.534454971422228,22.585144,train
6835,17.7110188515274,17.60145,train
18434,10.63459301817418,10.572646,train
14135,7.40413450723518,7.376187,train
18661,7.043051745293952,7.1077766,train
6796,1.2751602844610264,1.2891353,train
7788,18.56025795349048,18.653381,train
7290,8.83894190866638,8.9095,train
13615,0.3579189411222417,0.36984453,train
10469,3.605405912279576,3.6113358,train
12547,10.596002353669672,10.661306,train
18268,7.045541423714268,7.0820074,train
15619,19.761303611682607,19.739016,train
14599,0.4675096922118306,0.48648396,train
16788,0.2733761309065461,0.2566465,train
13418,0.5241634786570366,0.5437039,train
10395,10.494261168836166,10.546522,train
17328,2.8115210767247723,2.8268375,train
15727,6.154524304450328,6.186424,train
17766,20.08527784649017,20.199886,train
17471,7.478003896798858,7.394082,train
5109,16.195549633975656,16.185642,train
13811,0.7250896224300091,0.73948205,train
8566,0.6979198420931291,0.7806676,train
1281,7.090417173878836,7.0150127,train
6920,7.478937642640308,7.576734,train
14389,1.1715664202771543,1.2066748,train
18597,14.30694665898931,14.358893,train
89,10.272900180811256,10.260199,train
12638,1.4138575392036292,1.3812759,train
528,5.293738664763313,5.305643,train
6775,2.989964629111344,2.955052,train
13398,1.9714483713014863,1.938057,train
1546,19.08500367321129,18.991215,train
5171,8.343638319387866,8.294433,train
14914,8.879069567152772,8.649178,train
6042,0.6708700981033882,0.64522827,train
12792,4.099361465022102,4.1577992,train
156,3.0824770734888616,3.2038147,train
1318,2.7739433361132586,2.8403957,train
3296,0.84719926277389,0.8127621,train
7223,15.53054171334073,15.57359,train
8035,13.72344325199022,13.666231,train
11081,1.7486627916566937,1.7039316,train
4340,12.322500200037174,12.323741,train
13691,13.263186697632037,13.235474,train
452,14.554464095976517,14.567091,train
5859,20.48572118429047,20.474573,train
7745,3.8764155779450578,3.8808696,train
12482,18.33971896890009,18.332998,train
696,7.131901884501395,7.1047196,train
16157,2.5679814664933627,2.5723596,train
6554,6.07314324430984,6.062314,train
7626,17.670320905922758,17.707602,train
14684,11.420026458767396,11.400301,train
17703,5.370159769451451,5.333873,train
18718,1.3644639888406034,1.362559,train
5679,17.336584847693047,17.320435,train
8956,22.5282385643492,22.473001,train
13355,5.87048630109626,5.8656917,train
7673,11.85872129754569,11.920594,train
5801,3.626854041750899,3.5895998,train
5802,3.5721018878945143,3.5051792,train
14165,4.240533777630017,4.2336802,train
13199,2.158531910583197,2.3789132,train
2900,2.007483574173392,1.9424543,train
13091,13.670176515405016,13.621906,train
16361,2.664223577045073,2.577587,train
11990,7.748969894166611,7.9493957,train
17692,6.479746462189844,6.5126233,train
8304,5.663999982485254,5.6177716,train
9432,10.882245431149242,10.826243,train
9662,7.7314868536544195,7.6480403,train
15205,19.00450524641075,19.021393,train
8610,17.094529171958975,17.06028,train
19048,7.681368355016768,7.6077414,train
10678,2.1253068849103576,2.142113,train
9417,11.599358714677653,11.664074,train
1948,17.931264362342613,17.956448,train
15359,3.1783261480032072,3.2660184,train
2226,9.39496800945956,9.372987,train
14592,0.956925758575488,0.9394852,train
936,3.3084323988779305,3.3473876,train
1557,17.371513187741773,17.48502,train
2887,2.9449283327388227,2.9170022,train
2494,1.7082450746929387,1.6997262,train
3340,18.35524798761873,18.25396,train
18221,12.682395247571236,12.68797,train
7133,5.032617532230793,4.9555345,train
5386,7.583965164514797,7.582782,train
7929,4.140333169808283,4.0857844,train
12578,7.1602971474678485,7.051383,train
18439,9.083690093648066,8.90443,train
8201,17.435726339874126,17.527163,train
1562,17.996308998157687,17.914118,train
17093,8.040196540358492,8.052034,train
16865,12.199575413629358,12.20787,train
7713,7.16551816300625,7.140805,train
12928,9.82558903289184,9.893428,train
15749,3.794054516180025,3.7704556,train
7591,0.7872368425862287,0.7597613,train
1797,13.74539461639899,13.68972,train
11416,7.426692928318458,7.5475345,train
2379,11.685794364164392,11.773961,train
10228,9.214557217459816,9.159512,train
7274,11.29312966415872,11.27345,train
3660,2.471356777457829,2.4771938,train
14744,5.231086743121212,5.088764,train
2168,16.362993849688237,16.41633,train
6794,1.3412101050381662,1.3206673,train
11786,9.907826968309632,10.024673,train
15085,10.525383252180866,10.473575,train
12167,8.799797649552886,8.820504,train
8778,20.7001516476174,20.657066,train
14133,7.411363492095748,7.376187,train
14146,6.307279969977051,6.3007836,train
16717,5.803068892660664,5.8517785,train
8243,11.966803948178384,12.007494,train
18984,15.7653529659002,15.746503,train
11195,9.794584033384584,9.811159,train
17373,16.523090764074247,16.58474,train
11628,6.26793632570402,6.3470654,train
1724,1.091401306441378,1.0696493,train
11610,8.05631058799293,8.3992605,train
9591,16.564439979692555,16.573673,train
17861,8.861871654472266,8.844439,train
7798,17.427345522399715,17.525229,train
10180,15.047738642356144,15.187884,train
19262,4.787775685031888,4.8012395,train
9156,20.57483272857113,20.569925,train
2282,3.4792005913420523,3.4368324,train
10346,15.439092439050953,15.373511,train
12813,2.1576607190960475,2.2021408,train
5823,1.3759900601765611,1.5414969,train
16159,2.3495869414272974,2.171364,train
5314,15.979741718911258,15.921123,train
11984,8.912153933464676,8.9616375,train
13187,3.3145883188027123,3.1311922,train
6103,12.001119001662037,11.896583,train
18060,9.477154003084316,9.405707,train
6898,9.977520451082972,9.969718,train
14370,2.7215508044672783,2.7280755,train
9236,11.220421237126644,11.170082,train
4469,0.7745572133602687,0.72427964,train
11374,12.19415466946751,12.223227,train
15525,7.242727119724217,7.233481,train
12007,6.247827848493151,6.36552,train
9165,19.63318259922783,19.599682,train
15562,3.2199863266648543,3.1667614,train
3483,2.0597580929529955,2.0593925,train
17791,16.93697885197387,16.995686,train
4555,11.12008857299262,11.126548,train
16624,15.864766365011889,15.778801,train
13060,17.73847754344,17.75731,train
15987,0.6696826043307268,0.79780483,train
10921,18.926021497648648,19.013704,train
44,15.440527175301725,15.464307,train
8463,10.903192761913775,10.817526,train
15166,2.4276446949927,2.397549,train
3446,5.703499646711978,5.7484846,train
11991,8.365096194285492,8.44076,train
13565,4.013998534004252,4.019629,train
15585,1.4427023820753464,1.415701,train
3165,13.168505642378918,13.197367,train
6610,0.8850966542725521,0.87535197,train
13047,18.10076083822961,18.171614,train
17909,3.765719013065306,3.780612,train
5863,19.762572829314514,19.86004,train
11021,7.295159747661055,7.2670784,train
19043,8.096496224533082,7.9870954,train
18233,11.422274632423983,11.122065,train
17527,2.5069737608772087,2.4831266,train
17996,17.03406115798012,16.982695,train
137,4.985949538793301,5.0635376,train
7840,13.146422901059172,13.187692,train
15481,12.7264634882615,12.85459,train
2650,7.254083211580233,7.2779455,train
4475,0.2956405663865264,0.29350162,train
5714,13.073898410392005,13.114361,train
3342,17.928296487005586,17.917717,train
10102,1.85308640177658,1.7722149,train
983,19.370688568874705,19.341324,train
3218,7.40921789189922,7.41466,train
14847,16.55293545789559,16.626802,train
18583,16.34305565848631,16.312483,train
5146,9.817815002795747,9.830155,train
16789,0.2471590521964875,0.23206708,train
6935,6.438452092590793,6.3958707,train
13658,17.111200860037524,17.048609,train
441,15.822432728369336,15.828574,train
6639,18.310466843190103,18.237093,train
3223,7.404123611376653,7.244856,train
18061,9.45934807440152,9.405707,train
2667,5.14232731162251,5.161536,train
1840,8.278595508137805,8.236354,train
12558,9.40055073258962,9.368659,train
1795,14.425050285882728,14.573174,train
13204,1.8341363603898384,1.8812692,train
16360,2.707801786764316,2.6297226,train
3688,0.4789051679070816,0.46584728,train
2692,2.30524860999856,2.3203506,train
12541,10.83048522715758,10.953265,train
8831,13.695758151650184,13.750313,train
8643,10.83009549152342,10.853417,train
9039,9.426480236620652,9.430061,train
12940,8.313679011406846,8.175114,train
13549,5.790522408864333,5.758397,train
14158,5.243488142853266,5.2187467,train
1076,7.916638977866843,7.821392,train
13121,10.19920267990314,10.201028,train
9828,8.872374963315238,8.885549,train
13873,14.425535866395654,14.282311,train
18785,15.34620896240597,15.481917,train
8369,0.3286123248099537,0.30873346,train
7092,9.37058640129744,9.289967,train
12122,14.799590195706909,14.851894,train
16915,6.597086183345366,6.5429716,train
7197,0.1680013193706222,0.20268007,train
5122,13.132633070011286,13.129885,train
12192,6.764076023815223,6.771684,train
10761,15.12850061714406,15.181354,train
15073,12.516740853982496,12.555593,train
17069,10.259976069687434,10.24242,train
2529,22.181272334139145,22.362822,train
16591,0.3509894533266843,0.37558645,train
1174,19.52012243469173,19.34981,train
16701,8.315094270504883,8.281252,train
16632,16.019919150123233,16.028858,train
1129,2.6555343806909746,2.7588193,train
13589,1.996080445710716,2.049683,train
5774,6.091040758629593,6.297859,train
14731,6.4229453612705045,6.4616237,train
15058,12.79687546327955,12.865037,train
3870,1.8987446525005,1.9048443,train
7915,5.4316500054553565,5.4398303,train
9192,16.56334638788544,16.517206,train
13097,12.296582057752447,12.1783495,train
16916,6.454393821722784,6.39042,train
9937,18.303254277213664,18.171553,train
17462,8.283355662062137,8.229211,train
8555,1.4517752861631077,1.674826,train
3540,14.754357961228722,14.6478615,train
10325,18.41023743206193,18.52114,train
12301,17.01949391748701,17.09711,train
16972,1.2012136841444396,1.2035705,train
9500,3.91050832953927,3.8333,train
18260,8.083775277256443,8.038279,train
10878,2.0666317393388867,2.1086326,train
2899,2.0339895872780205,2.0542285,train
9509,2.8090397988487865,2.843128,train
1282,6.8476011680433535,6.787769,train
14671,12.865400171351885,12.834769,train
13465,14.290170459819572,14.307127,train
14266,14.09187354758926,14.094375,train
1862,5.774181984309735,5.7912045,train
12033,3.792349020793307,3.748005,train
5319,15.599264271486932,15.67851,train
13959,3.949781936601497,4.0205154,train
11237,5.335563540085063,5.379715,train
14301,9.584102970856796,9.562852,train
4003,8.430770443618664,8.397695,train
13368,4.714247082136127,4.7182465,train
11100,0.4458976785757872,0.45731822,train
6729,7.811066321168669,7.9026356,train
2034,8.42752020744441,8.383009,train
15944,4.842353729501965,4.671626,train
16871,11.93969737218794,11.983258,train
14662,13.822583030226216,13.84126,train
11988,8.125737452591206,8.136971,train
7259,12.34689284971207,12.337173,train
17585,19.5376015878132,19.578915,train
17299,5.556715138956037,5.550079,train
4582,8.776375968000966,8.780148,train
14661,13.967373222987616,13.946427,train
4407,5.850895874282186,5.924556,train
16886,9.70335239941744,9.699128,train
13107,11.251594494332677,11.182351,train
13329,8.702884445927982,8.726931,train
11066,2.9447532479351715,2.9901016,train
9022,12.3427579260118,12.338499,train
12890,13.212914693181796,13.30006,train
18999,13.096380693429932,13.281157,train
12358,8.887053897651136,8.93359,train
5261,0.2673563363955738,0.2496142,train
7652,14.486886707852507,14.532133,train
16276,11.35734366123657,11.411894,train
17307,4.862427469051617,4.9155083,train
14290,10.844274784391946,10.834416,train
4425,4.187472389497322,4.2310104,train
19349,18.06873658806932,18.002186,train
12916,11.545881050113884,11.409965,train
18497,3.3768658078054687,3.3160982,train
11853,2.8639685662491536,2.8747592,train
1322,2.738482100625229,2.650749,train
8939,1.9914059050200423,1.9326489,train
8398,18.89083410999948,18.859634,train
10440,6.380972000224532,6.392792,train
15952,3.9216768799751054,3.8806078,train
14142,7.379417104221693,7.376187,train
6028,1.3975261000258468,1.4037886,train
2179,14.822071973885135,14.81143,train
5510,12.455988354386914,12.53055,train
12202,5.695825578793623,5.616243,train
18373,15.41868371910902,15.5518675,train
9873,4.722520326260518,4.704195,train
11164,13.394979811092917,13.450201,train
13874,13.54054837491899,13.516008,train
2050,6.383618829687303,6.440125,train
10968,13.304283567471352,13.351994,train
18546,20.87712080141916,20.850933,train
1680,4.6850511368757966,4.658443,train
4816,5.327761709619523,5.2586713,train
1497,4.013929634204288,4.012773,train
7027,15.471218056462194,15.572743,train
6925,7.507132140053376,7.4163613,train
9659,7.229702631139515,7.336996,train
14384,1.7025805328200354,1.6629137,train
16511,7.098818060524783,6.9453273,train
11994,7.8048480933712305,7.7691913,train
11772,11.76543188280934,11.685822,train
5602,3.986004349297875,3.9697466,train
1922,0.7096184603928839,0.72413176,train
14630,17.434232050021823,17.475899,train
4898,16.08027546200271,16.067213,train
8233,13.025835132796448,12.968222,train
13137,8.133969478712455,8.154208,train
16421,16.98696343952533,16.97004,train
2307,1.272883396966841,1.3498782,train
558,2.410372065229329,2.4110744,train
1664,6.2242498367346855,6.1440034,train
4417,4.9055349017769565,4.9832916,train
4299,16.10856261096782,16.103529,train
12884,15.88444858681152,15.889579,train
1194,16.962659095327744,16.83779,train
15632,16.601390791333163,16.625086,train
11407,8.328850789307406,8.463913,train
8664,8.58178962726795,8.631,train
14467,13.49503533775938,13.453081,train
4901,16.981272227649622,17.032156,train
18494,3.858862324948056,3.8107283,train
3961,14.490933609266255,14.509912,train
9020,13.22335751937823,13.281916,train
12701,13.3616747847924,13.437235,train
1843,7.613747885491303,7.6028357,train
9806,12.360274463906157,12.467021,train
7012,18.589886707997405,18.611559,train
1803,11.820038237921262,11.865636,train
16649,12.12171173779056,12.137507,train
10083,3.538401578997916,3.499713,train
4675,0.2906103412675103,0.28363848,train
4751,12.96915485800521,12.978741,train
1919,0.891424458794983,0.8839526,train
16082,9.2968597449954,9.276606,train
16015,19.754891984361787,19.81475,train
203,20.31682832368885,20.215794,train
15953,3.892808354749768,3.7746072,train
19044,8.340327868105138,8.325688,train
16310,7.549664317095098,7.5812473,train
9864,5.546087842329757,5.5315385,train
18480,4.729135019089909,4.6698117,train
15542,5.203709234300234,5.148877,train
17581,19.57809930502623,19.645735,train
9216,13.536643464800376,13.464384,train
19230,8.020703691777172,8.178766,train
9337,1.2234022292246318,1.2140504,train
15672,11.779127461008107,11.822168,train
14507,8.967798518942585,9.007441,train
3410,9.535082374637245,9.456373,train
11275,1.8892515203145093,1.9878843,train
11729,16.395134641006653,16.439983,train
17852,9.921511930029896,9.772999,train
18013,15.52531586987936,15.533479,train
10159,17.65743600347457,17.783993,train
8275,8.4554270788891,8.556023,train
2247,6.989187019977336,6.930877,train
16946,3.484670461931803,3.4974313,train
6117,11.37849638062962,11.443203,train
11780,10.385040360505345,10.456006,train
15203,20.573272655822606,20.474953,train
16832,16.725225278340357,16.745947,train
6155,7.257701754253006,7.1800685,train
2147,16.948196930163682,16.991251,train
14489,10.715376833180857,10.739969,train
6686,12.739119041981668,12.670811,train
3093,1.2721886048362858,1.3653946,train
10705,0.4068636851290667,0.38341174,train
17172,21.26064000509833,21.23477,train
6972,2.83745008770363,2.7356882,train
3501,21.60598811175216,21.633018,train
11048,4.643392367717132,4.60773,train
6561,5.154606045541039,5.116646,train
3344,17.500492380816162,17.538683,train
11449,4.153068227468516,4.1230445,train
4908,15.070549402791316,15.105257,train
36,17.10354482153673,17.15063,train
9908,1.5475909517013169,1.5147884,train
5849,21.76404201387704,21.725506,train
11303,20.58737845048605,20.683126,train
957,1.5517334751485232,1.6100445,train
460,13.31353424314596,13.305281,train
18560,19.12502611485925,19.123695,train
15936,5.118672349887985,5.3156195,train
19477,3.1003455275998584,3.0892558,train
14502,9.15131274706977,9.175696,train
5026,3.196276582064041,3.216784,train
0,22.53091483147654,22.49968,train
13377,3.871285958374624,3.8558009,train
989,14.990670265620668,15.047813,train
1203,16.130859065262666,16.087864,train
8628,13.86323776475509,13.822267,train
8913,4.492608945743841,4.545625,train
14748,4.655566227089806,4.7725697,train
11779,10.55301966411266,10.731662,train
3038,6.021460913762194,5.9762197,train
7511,8.383294808824393,8.20993,train
1173,20.02220256048287,20.011822,train
11897,17.928934663920163,17.95763,train
13634,21.13229258519525,21.128843,train
16174,1.2006039335606231,1.223688,train
2709,1.448387434205617,1.4465836,train
13350,6.448244883480424,6.468551,train
6203,2.2811523352504173,2.266536,train
6144,7.584713920491249,7.7201858,train
6963,3.686377574441944,3.7028298,train
8012,17.039344819079524,16.900402,train
17862,8.809932319024682,8.678668,train
5676,18.156773296832583,18.149353,train
3253,4.400396648233848,4.438009,train
10417,9.475158518481438,9.444547,train
11345,15.253363087352833,15.314798,train
16516,6.795730161587898,6.9337583,train
1623,10.429681350091546,10.38574,train
1898,2.555866590926484,2.5374494,train
16152,2.8612056335138045,2.7884,train
15915,7.952181224068048,7.8528523,train
6810,0.5154712929731745,0.48333326,train
9157,20.34093218632593,20.346874,train
1785,15.725034796433174,15.862168,train
9980,12.893789745316836,12.932695,train
7298,8.210068445458951,8.145547,train
5748,8.990889500385451,8.883202,train
13415,0.9078792819239048,0.9245619,train
7341,3.9682576714513584,4.0207267,train
5030,2.8570383476177863,2.8276515,train
6232,0.3724800252069987,0.38670194,train
5792,4.501113761447025,4.446639,train
15633,16.12304398744793,16.124655,train
3575,11.3867165668884,11.483046,train
2184,13.3698152024713,13.409105,train
3658,2.644906562819586,2.6061525,train
15224,17.56560441086149,17.519445,train
5069,21.004276115067867,20.844341,train
9272,7.094376760609425,7.0944886,train
15959,3.05584406615284,3.1354911,train
3713,19.718002979449818,19.689663,train
2941,17.25543714235933,17.153547,train
594,16.045331212991115,16.350695,train
14974,2.8255954628661164,2.7306068,train
18506,2.60705057073208,2.5239298,train
13857,14.669431608833223,14.6814995,train
9137,0.9214197678422458,0.8755445,train
18816,11.317392265463011,11.257274,train
18485,4.703657805135833,4.610108,train
6927,7.0847662445882165,7.0315623,train
807,16.87334982255527,16.80531,train
3860,2.728454362726106,2.7065704,train
733,3.753968561123545,3.7518013,train
7712,7.2489491618092865,7.237157,train
11821,6.079599197269714,6.052964,train
13586,2.2562414065596164,2.2956245,train
802,19.19925255006451,19.18058,train
12178,7.680233997243425,7.759759,train
19273,3.780247809133772,3.7982392,train
8796,18.41209671398667,18.339931,train
1816,11.6024533187537,11.478003,train
5806,2.9684986668356617,2.9825115,train
3646,3.736293336675384,3.7160788,train
1775,17.04443214789456,17.131844,train
12123,14.103940492160618,14.183661,train
7433,17.066388125930303,17.067924,train
14817,20.244351109556355,20.270214,train
5970,7.124793883138938,7.0106816,train
2261,5.458870060564368,5.399322,train
13378,3.747823959783031,3.7620027,train
268,12.792102799579029,12.862509,train
2256,6.039667777798952,6.0862503,train
5525,11.731979993230611,11.672086,train
5692,15.236746704600469,15.193324,train
2733,20.29793996654079,20.280369,train
15033,18.398542452797617,18.420776,train
19267,4.489875959668837,4.5398736,train
1279,6.239980204760115,6.3244042,train
12145,11.211189309041217,11.243172,train
4884,18.21456818393269,18.181023,train
1289,5.274863223421879,5.376008,train
9800,11.848844306113934,11.822941,train
3210,9.50401666917689,9.44482,train
15890,10.51461142291376,10.499802,train
16567,1.8724320206378449,1.8429699,train
420,18.407878134806747,18.396297,train
9136,0.9684584521179738,0.91219974,train
12560,9.335370433860476,9.073282,train
17219,15.131838555195806,15.234914,train
16228,16.67942987709425,16.623394,train
9389,14.090518070890722,14.07518,train
14345,5.068741166966772,5.1164546,train
2132,21.89347725581965,21.938406,train
323,6.595901437404399,6.536217,train
346,4.024755446131478,4.1056533,train
4405,6.098507268392615,6.1569843,train
9976,14.550471479867252,14.622673,train
12760,7.213707549686438,7.1636496,train
8288,7.995580054512706,7.9376354,train
13961,3.748344927570885,3.8106782,train
11738,15.425001580220451,15.48873,train
3638,4.436848559425184,4.3835087,train
2275,4.0692096064949,4.145584,train
1083,7.698086945232315,7.7359414,train
9160,21.115359813665723,21.24854,train
12253,1.0088489818908633,0.99937737,train
798,17.43046953570864,17.308336,train
6875,13.13443449047307,13.088834,train
4476,0.2830065669086342,0.29096448,train
10242,7.308231737231302,7.2842054,train
13038,18.71355106417673,18.802967,train
11619,7.166715546702191,7.3248463,train
2901,1.4806679238454683,1.6014705,train
14444,15.348017022757368,15.297533,train
11294,0.5206918076620595,0.5242616,train
523,6.322650985998157,6.3088503,train
10237,8.144049988995496,8.177716,train
469,12.092164029272292,12.071201,train
4989,7.007171770241402,6.9706736,train
11507,19.69759108385604,19.723246,train
1055,10.358244967923312,10.262662,train
6830,16.060543963348444,16.107376,train
13531,7.5183996896343075,7.5247416,train
7219,17.70926200741485,17.644428,train
11540,15.419879881443553,15.652598,train
8460,11.23801435705907,11.15915,train
4191,8.306783707870064,8.279834,train
4142,13.598011478214458,13.532376,train
7543,4.238464918247698,4.2960057,train
14776,2.038035029649543,2.1283455,train
3311,22.122943397247266,22.007267,train
1280,6.011701403901567,6.176587,train
18178,17.767035329191177,17.721283,train
18217,12.88465428886652,13.019957,train
533,5.267613761151858,5.2339497,train
16010,17.353322812503603,17.35429,train
8848,11.679318036637824,11.644546,train
12833,0.6341353014372294,0.6982248,train
1993,13.07981833598594,13.035418,train
2333,15.079120112478886,15.069162,train
8760,0.4057840779449312,0.36412054,train
13146,7.2259563916248,7.2587805,train
7281,9.622227710614837,9.678601,train
17572,20.63748934789368,20.753181,train
16760,2.017701847973995,2.0869992,train
11056,3.895910416266736,3.9186072,train
3981,11.98593151942408,11.96521,train
15897,9.530999188922808,9.555846,train
16220,17.421402970063596,17.438284,train
11617,7.432943748785662,7.568983,train
15325,6.445527807877361,6.3886347,train
9440,10.672583723105282,10.690122,train
10957,14.800863679187325,14.689662,train
305,8.614326725582101,8.529171,train
18132,2.1788422436685453,2.2045147,train
5383,7.890882092988261,7.939363,train
5915,13.154293454163597,13.266692,train
1199,14.897255508414863,14.996875,train
3320,21.04568230482992,21.062164,train
7161,2.613507487681887,2.6855931,train
11046,4.897303896628411,4.920149,train
18266,7.128527137708048,7.243755,train
16122,5.484824201794913,5.5410566,train
17724,3.0595489645769955,3.0879598,train
2324,0.4216268141218848,0.43880692,train
12563,8.412847168033105,8.656664,train
4963,9.443441333806485,9.353852,train
15268,12.116587202219158,12.116177,train
17705,4.981086953014246,4.966153,train
13309,10.8812616777484,10.853895,train
8133,3.703138830142772,3.641655,train
15961,3.0075650033244434,3.0438538,train
8987,15.14114634211132,15.127024,train
400,21.05888266436419,21.042156,train
10339,19.73441888270804,19.709625,train
6487,13.588075083075886,13.508393,train
5338,13.23351180327537,13.265721,train
13434,21.14873340330535,21.151304,train
18106,4.08366050184416,4.068043,train
4790,8.36721782067776,8.238483,train
2854,6.01003521264879,6.2030373,train
16925,5.552323577809689,5.5295863,train
9336,1.2455023890906864,1.2415652,train
6023,1.446503200286304,1.5146623,train
5288,19.716587270389123,19.665964,train
16175,1.1300944078888016,1.1412098,train
3430,7.230654572470837,7.133852,train
7529,6.220581402073826,6.220627,train
4241,2.95843257511449,2.8745313,train
11248,4.282559185718851,4.2652206,train
8362,0.8588145990407642,0.84336233,train
9016,12.14723709837841,12.238144,train
5649,0.2860715877636117,0.26170224,train
3899,22.48871087123592,22.501331,train
12018,5.115459244359075,5.0857334,train
6424,22.51731734554784,22.564634,train
18408,12.82216673932336,12.763089,train
7490,10.702483714170295,10.555428,train
4556,10.883873289377332,10.996211,train
12095,16.225937396258633,16.291374,train
1403,14.988152063157685,14.989579,train
16804,19.680824472741364,19.573246,train
4631,3.74700730361866,3.6880434,train
8596,16.689156866468704,16.672482,train
12807,2.770092723025099,2.7311635,train
2255,6.161507921367204,6.2522473,train
11996,7.446951218699408,7.437557,train
17346,1.287777792014868,1.3632891,train
15832,17.61333185951145,17.551397,train
6698,11.31615000866259,11.411885,train
3775,11.678431441664168,11.70353,train
1832,8.89342440623678,8.874988,train
4387,7.806370649708733,7.800907,train
19252,5.7301165830942615,5.7472134,train
18142,1.3676441895146314,1.3867208,train
12863,18.984101211097897,18.980906,train
16529,5.323594070594297,5.3493705,train
275,11.969620257814558,11.806236,train
14088,13.293729451359969,13.280719,train
9781,14.763461226917803,14.75928,train
15000,0.6359491608285281,0.6527715,train
12213,4.481841117750055,4.4382854,train
5132,12.122696069336769,12.033688,train
18920,0.767138504689934,0.7790925,train
13217,0.980392510336692,0.9269632,train
12840,0.4646254912277068,0.4716259,train
5746,9.223975449716374,9.330366,train
4958,10.753840339231983,10.749424,train
8136,3.4139381277303307,3.4004295,train
15659,14.004191966217636,14.08129,train
15324,6.634420327252218,6.632142,train
8478,9.19963348933307,9.258925,train
8849,11.542521103488312,11.474891,train
8509,5.864330319347689,5.8676143,train
8541,2.8643737834214025,2.852672,train
3135,16.693590138810787,16.633514,train
18840,8.046347622532796,8.050325,train
15740,4.626710049011566,4.616282,train
14390,1.135671175478289,1.1363713,train
4364,10.399054422729582,10.509074,train
13311,10.464272648360827,10.408133,train
2491,2.035680952511684,1.9687823,train
6239,20.6540712104816,20.75554,train
17350,1.0588017186472467,1.0233054,train
12386,6.156877508275898,6.090733,train
2461,4.97032204239204,4.86015,train
6392,3.4468938709029184,3.4850981,train
16905,7.672841137148907,7.631515,train
9982,15.221616850413268,15.301345,train
5091,16.751132719557795,16.719912,train
15276,11.489709094238693,11.4717245,train
3314,21.22682023065277,21.210423,train
6490,12.7513104034859,12.683299,train
11045,5.044081855128258,4.9662933,train
8289,7.720210192112994,7.7907987,train
10953,14.234636652393288,14.354447,train
8693,5.712413979962941,5.761622,train
13198,2.4103450854433963,2.2514033,train
6108,12.54699518150065,12.513509,train
19459,5.027427196556919,5.0117188,train
7432,17.10842829847693,17.179869,train
1264,8.561085140825227,8.4729185,train
12763,7.146657426804421,7.2468004,train
574,1.5565106545339915,1.5624261,train
13509,10.16102326385444,10.213393,train
3570,11.29281990236261,11.288662,train
14568,2.75175471234963,2.7737553,train
6979,2.1560499136229097,2.2166877,train
4175,9.09208136723394,9.04619,train
4143,13.019994822466904,13.083832,train
13750,6.217942874421338,6.2095876,train
6718,9.014883072446812,8.952499,train
15358,3.2531593351797743,3.2912295,train
9953,18.430287610025857,18.47064,train
17993,18.09431173647585,18.211716,train
14903,10.048052675862786,10.054152,train
3603,8.419822328687241,8.483036,train
13785,3.1700989112587217,3.1632493,train
10734,16.815075201848867,16.93624,train
1308,3.630213617183767,3.6699882,train
12710,12.337846869149056,12.357699,train
16099,7.939760142483496,7.9140925,train
14234,17.14057928178179,17.112122,train
11681,1.197290145169599,1.145601,train
14325,7.244600935774971,7.294565,train
18313,2.914032048430263,2.8547451,train
7555,3.25435145237817,3.2726204,train
292,9.935963395232204,9.896318,train
10585,10.86301286342438,10.870383,train
16587,0.4336743233972721,0.41180784,train
11474,1.9133092627668848,1.9078779,train
8470,10.107073366555731,10.085479,train
14353,4.305733103808155,4.266336,train
3227,6.615768277535135,6.6413016,train
1332,1.8492346362586387,1.7728523,train
15582,1.4834947070665516,1.4506105,train
14275,13.228686649345248,13.332671,train
13891,10.33361496001902,10.302842,train
15387,0.9729875742397616,0.91545504,train
8001,18.83253335762798,18.792862,train
8157,1.702788426144516,1.6576483,train
17812,14.510629789489125,14.492186,train
15229,15.812357741046425,15.887644,train
8308,5.797850071022446,5.9250712,train
4361,11.851262251751196,11.823523,train
14745,5.011075430718476,5.007536,train
18146,21.82391078255133,21.881561,train
12390,5.500372888022721,5.6716585,train
19278,3.4157618462268755,3.450575,train
11419,7.062446065635946,6.8327894,train
13740,7.317520790940732,7.3222494,train
19065,5.950521212021752,6.0233984,train
427,17.11042927347391,17.205084,train
18055,9.571449012414508,9.592986,train
18147,21.675034779633016,21.592405,train
9962,17.769325801048478,17.895275,train
5908,14.236161471037455,14.135881,train
1506,3.2347435431399147,3.1976638,train
15467,14.185509576525371,14.23276,train
13333,8.070376863197126,8.05385,train
4350,11.364030877280983,11.381684,train
5909,14.181984183704095,14.155234,train
7714,7.083952207624471,7.1023,train
2438,6.378189909434776,6.4230003,train
7322,6.163003092082289,6.2086234,train
2308,1.2327983961732054,1.2980137,train
14928,7.063665885105125,7.125763,train
10646,4.902072852947958,4.952918,train
1612,11.680545277850122,11.67112,train
18129,2.198369922786896,2.2045147,train
19038,8.775765901684672,8.765858,train
18047,10.72049223568631,10.71899,train
9849,6.475369266576116,6.216777,train
14830,18.51459498215644,18.49037,train
13206,1.7291908835673746,1.6462383,train
11911,18.3821109948908,18.353745,train
583,0.831402706906471,0.84890616,train
16890,8.946553060464527,8.946048,train
15056,13.400307063612448,13.441704,train
1052,11.493297625000364,11.461217,train
7409,20.677519418796965,20.667233,train
5394,6.712033551150823,6.6782637,train
4083,22.50011963429196,22.5669,train
18940,19.6659588620006,19.608734,train
5158,10.672240081800126,10.7414055,train
10457,4.96519595379441,4.914626,train
7026,15.673637473344645,15.651779,train
13487,11.653353481855438,11.94827,train
13966,3.4082680785145665,3.3918796,train
11850,3.260304620920192,3.2678044,train
7207,20.12489061065008,20.117401,train
13407,1.24596647885269,1.3175094,train
4307,15.694769093595577,15.711557,train
6136,9.32701258758287,9.266144,train
12403,4.587101371730014,4.5276976,train
9790,13.257623915667088,13.377127,train
5155,9.134675517052212,9.320985,train
232,16.915669906632303,16.880262,train
10374,12.917432578560485,13.003886,train
5841,0.5218419014910439,0.513991,train
7018,16.337768028021834,16.289667,train
16551,3.2589708461374265,3.217368,train
5621,2.012578986802962,2.0411844,train
1643,8.356524923582592,8.2891,train
14528,6.619067149830721,6.563493,train
1542,21.23267968850885,21.24776,train
18921,0.707843993934474,0.7172129,train
8927,2.982435347706011,2.9852672,train
11176,11.807574389877074,11.775459,train
17270,8.502664077667465,8.436006,train
4766,10.738479574949398,10.679441,train
10285,3.089919656946372,3.0957985,train
6243,19.245982399304243,19.379427,train
5737,10.241002934748876,10.209803,train
2471,3.936438240507551,3.845038,train
5917,13.05491729185145,12.993262,train
3133,17.741917205886214,17.715462,train
17956,22.40066095745033,22.41517,train
9634,10.611488174342457,10.54371,train
14446,16.30529761343905,16.320713,train
11999,6.928171498760045,7.15333,train
9585,16.116304927066363,16.129162,train
659,10.162962591160804,10.069324,train
5216,3.4906575791716588,3.5118625,train
15028,16.10136446881507,16.206848,train
14535,6.136205674999888,5.987608,train
17204,15.41539028429655,15.50877,train
18509,2.2241576801326035,2.2260265,train
11083,1.6482169163052796,1.5436614,train
12882,17.053432455107707,17.150759,train
12160,9.439115145935672,9.433408,train
16670,10.021080513971178,10.027421,train
4519,14.180015553115846,14.210617,train
4178,8.4213873509417,8.361208,train
16439,15.0277332370402,15.016044,train
16817,17.30172283468348,17.357805,train
3924,18.44164193361389,18.444126,train
2677,4.132777318742466,4.10864,train
17780,18.21793196872425,18.183575,train
2828,8.978536396684229,8.92993,train
13524,7.9458894604368515,7.9280925,train
17038,13.78438511379407,13.725772,train
19471,3.988536690986772,4.0543966,train
16526,5.739974242273512,5.8791146,train
18294,4.068033890643155,4.115869,train
16457,13.254895548014971,13.25809,train
5745,9.342687073267834,9.463709,train
18628,10.589052287438284,10.614169,train
12918,10.856014464727508,10.82858,train
4223,4.514281709542743,4.4557633,train
1603,12.517131180677868,12.463057,train
7674,11.743671095135046,11.792637,train
13067,15.363794061664883,15.381703,train
18463,5.998246413309121,6.1592574,train
1537,0.8003911860916852,0.81927806,train
18617,11.841005508165685,11.916205,train
11114,19.09671948560201,19.099693,train
1614,11.27290438487166,11.251521,train
7698,8.977909764011716,8.940185,train
15907,8.370332090296042,8.420302,train
14436,17.49944997285194,17.521942,train
17934,1.33441528187197,1.3654368,train
2154,16.74825515718218,16.79672,train
6076,14.136686271833875,14.120373,train
13427,21.512691357807228,21.494722,train
5957,8.322534838563293,8.416284,train
705,6.354569362791345,6.3089166,train
15049,13.520549929482655,13.546202,train
15195,0.3745402291368335,0.3272363,train
1336,1.4472540501690156,1.4313989,train
3167,12.582722309475468,12.649245,train
13388,2.8295166500140527,2.815686,train
4126,14.033310300244692,14.068988,train
9335,1.2683390079284729,1.2760811,train
13404,1.6283496430876458,1.5991719,train
14725,7.1907383747793485,7.066501,train
7134,4.83725346473405,4.852822,train
10116,0.7762962156879644,0.7681556,train
16535,4.858635384703277,4.8943677,train
5401,5.9201529295458615,5.9603653,train
14510,8.381869552866247,8.447373,train
6968,3.0873284989936485,3.0864508,train
8524,4.555977409332392,4.5318546,train
8490,7.899656664953814,7.8940716,train
9906,1.7075280833617932,1.6919568,train
13170,4.928900082798867,4.975411,train
12047,2.502235008391814,2.529399,train
9415,12.062621593045916,12.1137905,train
8757,0.5148561467256928,0.53862345,train
14556,3.9003322777276352,4.016122,train
14252,15.289117173947725,15.196438,train
14067,15.814772272240694,15.790301,train
1089,6.143198185640477,6.087037,train
16077,10.594943429543862,10.576511,train
19428,8.309107860243532,8.271813,train
6874,13.528177339036857,13.470506,train
16520,6.1989650293131024,6.087177,train
4710,18.364873736733543,18.2332,train
14608,20.131071003065,20.149498,train
13965,3.547048224643249,3.5188482,train
8104,6.518495353782786,6.463171,train
16623,16.436580643507618,16.211187,train
14028,21.0729884355756,21.062029,train
4306,15.943922963923846,15.899824,train
6251,18.8279542941794,18.86977,train
16216,18.32976342613757,18.313284,train
2066,5.07235593845602,5.0716047,train
11798,8.486442142097577,8.548833,train
18671,5.970560373861309,5.9759617,train
4510,18.393180556388664,18.314089,train
83,10.9953061043672,11.018152,train
13777,3.174908197489867,3.1632493,train
4512,16.719105141068365,16.700779,train
10297,2.1534667534408487,2.193844,train
10499,1.091942953254844,1.1140351,train
19060,6.35769543969178,6.2821164,train
1223,13.619364103295778,13.542156,train
7347,3.488886265835832,3.4622023,train
14170,4.222397255923725,4.2336802,train
10249,6.940470315500622,6.963219,train
12634,1.4481621047505966,1.4520804,train
10396,10.295286118692989,10.282821,train
10502,0.9439659008257162,0.9245388,train
11436,5.392898705948057,5.381414,train
16685,9.195518732701874,9.07977,train
73,12.132405212836725,12.127462,train
11183,11.34238821256743,11.454983,train
18736,21.158352329208533,21.166903,train
2977,13.30066833243087,13.29884,train
4935,12.31215705849676,12.301274,train
10701,0.5174812421967302,0.51419324,train
16819,16.566547328590605,16.535265,train
7902,6.942822714117455,6.911762,train
13153,6.57460183802312,6.593683,train
7390,0.38224155700188,0.3468641,train
17438,11.151452837768993,11.153206,train
11625,6.623259487610424,6.588211,train
6285,15.506123561857557,15.351896,train
11986,8.51334209768099,8.439722,train
16090,8.718736505628998,8.762132,train
15886,10.7879094937553,10.901645,train
1379,16.243982721924525,16.264013,train
2170,15.661472483161496,15.718385,train
10286,3.057527276666804,3.0598621,train
6596,1.8826577904914152,1.8655903,train
3398,10.939521536488256,11.077989,train
11028,6.676751531536848,6.615539,train
2799,12.296642733429168,12.187437,train
17499,4.933583162010905,4.900871,train
11414,7.748834999711637,7.825142,train
16412,17.987005838995117,17.906082,train
11686,1.0289925059207758,1.0343765,train
12490,17.722834492459064,17.596094,train
16110,6.747847253902241,6.8005476,train
10420,8.448934594835722,8.398256,train
19351,17.944571114833263,17.94075,train
10367,13.078629654214645,13.024276,train
13779,3.17370369796312,3.1632493,train
2221,9.594869206401226,9.618858,train
1855,7.112752927085365,7.0912995,train
7862,11.47639031616357,11.416089,train
5967,7.2046735958161925,7.239512,train
3263,3.467472389383006,3.4326415,train
3229,6.301284390671546,6.333587,train
9228,12.154136903103426,12.08017,train
9033,10.887768920946558,10.906658,train
553,3.291889812057729,3.3113325,train
8238,13.90783817835918,13.9069605,train
16937,4.324064812282878,4.322429,train
14644,15.651711077401531,15.480653,train
5219,3.711947229388631,3.6646986,train
8193,17.97953171251937,18.041992,train
19228,8.433896180793889,8.436162,train
11869,1.6664333182657092,1.6934736,train
19221,8.855706359590847,8.964202,train
2670,5.117467334957319,5.161536,train
12516,14.25952767342764,14.14585,train
8330,3.452709451604364,3.4205852,train
1609,12.327199954428258,12.300696,train
2812,10.66018550406544,10.728665,train
13547,6.139151050229032,6.183858,train
13120,10.459725860075126,10.315288,train
6763,4.056887753448888,4.1143026,train
15523,7.317186161908582,7.289854,train
15483,11.977838832721115,11.832725,train
5685,16.86244293709605,16.965443,train
18411,11.747444444149735,11.889466,train
2793,12.892898435786996,12.872019,train
7681,10.955947515910635,10.959826,train
11428,6.1622447931563,6.072914,train
12440,1.3067846162497487,1.3704091,train
6974,2.62854749495234,2.5341213,train
10667,3.115625786885805,3.150626,train
12342,11.55910350006208,11.403951,train
14216,20.527182587502896,20.477442,train
16936,4.433495834411456,4.4661922,train
13666,17.112422522181056,17.048609,train
6026,1.4153523742982463,1.4213829,train
19187,13.142122261723244,13.147095,train
8874,8.601187960505467,8.6816025,train
4846,2.5368046970345017,2.5841725,train
3049,4.8967641332251,4.884123,train
84,10.900890551137048,10.927298,train
5871,19.03477468816101,18.94843,train
8900,5.752598706016992,5.7065525,train
8506,6.121420683048495,6.2240443,train
18711,2.12422960392118,2.1399462,train
14753,4.332433755925172,4.2261677,train
7455,14.46048581972092,14.532375,train
4483,20.005531526279693,19.909828,train
13274,14.427736783029795,14.439905,train
7110,7.906591573236666,7.836346,train
5953,8.456743760092406,8.7511835,train
390,22.40850560378292,22.408607,train
13001,2.689393833443344,2.7844849,train
4224,4.325843591442882,4.3509116,train
12377,7.005059110636106,6.997558,train
3929,18.412430148593376,18.447563,train
998,14.869095243864024,14.844796,train
6956,4.253694643282228,4.272556,train
2503,1.0458198340680596,0.97659343,train
6513,9.893991612645197,9.995762,train
14394,1.0004761338340606,1.0045873,train
1349,0.5815092041665395,0.60835475,train
18241,10.326334265356556,10.157491,train
19318,22.075141742893315,22.053116,train
12557,9.433318936311618,9.362052,train
10143,19.52492000688111,19.465672,train
3967,13.242538851369376,13.2163105,train
17289,6.581053366130511,6.5817747,train
4169,9.21105788571789,9.210433,train
12427,2.2897275690985364,2.2963297,train
14902,10.106598878108228,10.127784,train
12222,3.670459215654264,3.6593623,train
6615,21.65087260452093,21.667917,train
6811,0.4958523321350834,0.4607566,train
1189,16.062542864498315,16.147682,train
3552,12.986892903755097,13.053554,train
19492,2.144555420153051,2.1272132,train
15769,2.003309195582546,2.0679362,train
2186,14.513939600283654,14.453365,train
96,9.562193164385205,9.612406,train
6825,18.81673669088766,18.700102,train
16849,13.422761611371753,13.397166,train
10200,12.601329432099025,12.617433,train
10654,4.2313296057877405,4.190838,train
11789,9.437385387817294,9.437413,train
7129,6.005947321215929,5.798141,train
16236,16.004917658055362,16.060917,train
7429,18.11715001995381,18.03603,train
11300,0.3711057981502893,0.36776713,train
18775,16.62552577509279,16.710539,train
4050,4.0993825790880045,4.1246214,train
5747,9.106723858956732,9.095091,train
9891,3.059865394219032,3.141673,train
2632,8.46837428937804,8.446485,train
7638,16.09239702905593,16.089914,train
6341,8.603311463586682,8.748591,train
11427,6.272978463966507,6.2229295,train
19068,5.573206007316115,5.6268673,train
4026,6.186438606145827,6.18131,train
13464,14.681071813556832,14.680858,train
15107,7.911964755481157,7.9058576,train
6066,15.42490966295463,15.498634,train
12574,7.263120238078397,7.323058,train
8402,17.92098495930688,17.962023,train
8999,13.179455833298922,13.167513,train
17047,12.917950821943492,12.864943,train
13271,15.303714682724085,15.326816,train
19113,1.5915721408656982,1.5872831,train
7951,2.095550235680874,2.2574697,train
12385,6.330795693735585,6.2774043,train
17672,8.631127995069816,8.702266,train
3249,4.484984158851107,4.5844827,train
11188,10.35603887771036,10.297239,train
16934,4.656018206563189,4.617172,train
4777,9.4208146314957,9.408651,train
10487,2.048249687770659,2.0053842,train
15322,7.160554309321092,7.076459,train
15682,10.420809817700794,10.390239,train
1907,1.7999964678235112,1.7620528,train
17623,14.265706564087848,14.289363,train
598,19.33622939515969,19.250776,train
15087,9.965257075283269,9.958885,train
13526,7.558918805737449,7.6296296,train
3325,19.72094698775271,19.730108,train
17318,3.734566672187369,3.791922,train
880,8.601734416496328,8.802992,train
3664,2.121007482377007,2.1376753,train
894,7.636864388708242,7.565789,train
687,7.875361830552882,7.8828673,train
14174,3.2795062505919867,3.2897835,train
2196,12.981150758421192,12.975847,train
6252,18.514399359722088,18.653854,train
8738,1.916639763680592,1.9481014,train
4627,3.798185857830668,3.6768806,train
4298,16.338213857037466,16.363874,train
10072,4.70698832055676,4.64322,train
9188,16.74201697520423,16.73905,train
12003,6.886457150978121,6.8705916,train
14988,1.3644300129647855,1.3841192,train
5523,12.581393933075834,12.708616,train
3933,17.120479378336693,17.112486,train
15565,3.1531313519341104,3.1538353,train
10806,8.897857599282036,8.915274,train
1145,1.563223995576061,1.5033731,train
10071,4.898129751912096,4.890927,train
3921,19.74114008947701,19.745413,train
8671,8.316722114537722,8.307793,train
16757,2.2689537794596086,2.3044786,train
12697,14.815678051172672,14.834493,train
1200,14.51647866228366,14.708704,train
2071,4.966482124016276,4.9194617,train
18301,3.8779142700166,3.8481061,train
727,4.095256805571875,4.0693846,train
5623,1.9830176880824903,2.0313296,train
19192,11.710200541494078,11.736407,train
119,6.917899769213195,6.9446497,train
13395,2.339000039113348,2.367221,train
12942,9.46075505673115,9.498587,train
2533,21.032122614900423,21.027884,train
12137,11.82298889427087,11.897873,train
2393,11.934242012055892,11.932662,train
15498,10.52776452009733,10.582179,train
12140,11.401308640293344,11.338318,train
7216,19.75336777073005,19.75918,train
16067,11.676798854104648,11.589586,train
2559,18.21345091273457,18.268793,train
4860,1.30684225787801,1.2840999,train
7989,17.344274954944066,17.46502,train
7694,9.360727866704728,9.385737,train
16328,5.656448765354724,5.6801853,train
10647,5.112902693482611,5.1632643,train
17152,2.067467802132247,2.0695496,train
15256,13.60336892632088,13.619107,train
7256,13.255896957315755,13.28932,train
10157,17.83888700062582,17.869383,train
15921,7.054118253901462,7.0584073,train
16095,9.107405227445344,9.131164,train
11632,5.891012778076672,5.746542,train
11541,17.00295732388246,16.955715,train
4907,15.295796387985444,15.311229,train
18898,2.44099880151958,2.409711,train
9898,2.2936434001873613,2.279554,train
13093,13.075227480596268,13.091252,train
8100,7.269684550673309,7.3051095,train
2675,4.14786138788998,4.1533127,train
18833,8.408156597767565,8.532701,train
5720,12.07576516381044,11.990706,train
11949,12.06858916080578,12.179907,train
12040,3.06862235306536,3.1299658,train
5655,21.30567452650562,21.144794,train
10940,16.340633700488464,16.292152,train
9360,21.111379290559427,21.109688,train
11208,8.25417294929911,8.224321,train
7186,0.6763252482617913,0.6913689,train
14134,7.407739963403648,7.376187,train
14452,14.596264432793228,14.533476,train
10478,2.8172693818224253,2.775094,train
8351,1.6361870304059472,1.6224428,train
3580,10.000224829169696,9.9942255,train
16124,6.04537053384517,5.937521,train
7706,8.031016950584291,7.9761457,train
12118,13.62511630917636,13.400986,train
15791,0.4769187507624134,0.45792228,train
13593,1.7126962840689537,1.65748,train
10841,5.764821810871295,5.842466,train
11271,2.163884513463465,2.1517282,train
17638,12.622030802504874,12.585279,train
12839,0.4875369104963998,0.4893091,train
14976,2.2431351828382105,2.3024669,train
13466,13.917343672756314,13.872566,train
18399,13.6084330188479,13.53678,train
10035,8.250817093257359,8.117277,train
6860,13.385791152090732,13.45499,train
4189,7.263718840147582,7.290466,train
12215,4.190664940350987,4.2268543,train
4036,5.123724553740987,5.1202145,train
12325,13.030470474662488,12.93723,train
5243,1.478391093034262,1.4601507,train
10933,16.750112721307154,16.852291,train
15222,19.719583154202034,19.698061,train
4193,7.567485772317864,7.578206,train
1820,10.497948258835768,10.493657,train
4167,9.633745489027264,9.611698,train
4741,14.219409985879034,14.222385,train
7757,2.830746727271277,2.7978487,train
16690,8.14495243922878,8.154313,train
19232,7.68468834354774,7.6376114,train
826,15.076022894141362,14.943177,train
8724,2.932117692394369,2.9496372,train
13180,3.9270079364031454,3.9754474,train
8895,6.344171097820999,6.351825,train
6015,2.2443792898617625,2.2992609,train
17894,5.060418690073945,5.0634108,train
7484,10.82162841361774,10.912599,train
15645,14.255088890945707,14.235794,train
18572,17.668930757273372,17.709293,train
8040,14.49637143547895,14.491806,train
3568,11.90150081441619,11.906041,train
3863,2.2360245117214737,2.2418437,train
14023,21.06679895706633,21.062029,train
8714,3.766859110355655,3.7965748,train
12155,10.176409614964882,10.213879,train
128,5.940822974911946,6.052988,train
5003,5.330533892948204,5.3472404,train
9654,8.36514825186914,8.232442,train
3481,2.127651822007444,2.0910027,train
15902,9.231938111487276,9.217297,train
11099,0.4703400583263039,0.47757447,train
5105,13.636091247322195,13.525667,train
16536,4.718835590472375,4.767103,train
7309,7.03388171150467,7.034998,train
3554,14.510426221805997,14.5285845,train
6720,8.825914363860829,8.786897,train
2921,22.52104578708261,22.559492,train
11554,14.881531787540723,14.852398,train
14497,10.0811775998638,10.112832,train
7401,21.83042715452697,21.626446,train
4190,7.09713953427799,7.1481905,train
19310,0.8756526226738274,0.8868122,train
10015,10.45393738141058,10.406024,train
8871,8.942573697712426,8.993703,train
9523,1.724250712743341,1.7169431,train
1305,4.150547144222195,4.059292,train
13212,1.1794105185135713,1.1859185,train
2224,9.055694208716387,9.135569,train
7355,2.792361900946652,2.8238342,train
1436,10.458348786854776,10.44164,train
11357,13.677061152051897,13.78676,train
15111,7.206156759483736,7.19828,train
4811,5.98231622955951,5.91778,train
11369,12.289325364554182,12.381202,train
18394,15.703288168734725,15.714155,train
693,7.865096910776831,7.9377904,train
1111,4.905593110592416,4.972681,train
15691,9.61154993972939,9.668446,train
5192,6.023866952156452,5.9662657,train
4620,4.947765138440736,4.8714366,train
8805,16.76825683867006,16.888697,train
18421,10.651192036890468,10.703115,train
9401,14.863482331576831,14.991777,train
9893,2.8257154802562456,2.850298,train
17304,4.900955842433885,4.9266143,train
17084,8.997422897792228,8.982837,train
15975,2.0511211835270573,1.970676,train
5878,18.014932386578423,17.869291,train
11328,16.62102626688188,16.753149,train
1688,3.892760199395677,3.8967052,train
14859,15.029598746794438,15.110855,train
16296,9.093794299906858,9.130894,train
16569,1.742350731452035,1.7431865,train
10796,9.931510385785558,9.942031,train
12927,10.128870695015168,10.052084,train
18807,12.217183699863153,12.188909,train
11112,20.19968401038491,20.14713,train
5312,16.3389845765886,16.3456,train
2592,13.254151407091973,13.215298,train
16809,17.556968661797313,17.684216,train
3706,20.051846082435087,19.985857,train
7193,0.2675659142851624,0.2536623,train
355,3.534969622673306,3.5073798,train
9600,15.682478820699007,15.668501,train
15201,0.1912516677808488,0.23167571,train
8623,13.195682913884816,13.213031,train
13682,14.52556624705305,14.553361,train
9257,8.88410564096637,8.915674,train
2204,11.083590991285815,11.0643215,train
1798,13.412864201927814,13.345412,train
13423,0.3982111051645716,0.39983252,train
9302,3.982257248719145,4.071754,train
11560,13.324604143807663,13.637711,train
5658,20.78318863704672,20.70081,train
2617,10.740280512378993,10.731234,train
5016,4.0763344826549766,4.1111507,train
2361,17.071464962523496,17.05957,train
4471,0.3531304110600549,0.35338426,train
3845,3.967577404316459,3.9610963,train
11289,0.9694938338859688,0.9538788,train
17673,8.520177251646514,8.678994,train
273,12.12432506267395,11.955798,train
10406,9.343232947340676,9.423904,train
13229,22.46844266172092,22.53429,train
5235,2.019468953444567,1.9669367,train
479,10.889711011539172,10.890066,train
9994,13.11940989152406,13.172586,train
7519,7.301536636820129,7.164286,train
5869,19.208883345354128,19.136238,train
9656,7.893281291932307,7.8677998,train
12747,8.712210506516955,8.648208,train
2869,4.735400982381937,4.599557,train
7255,13.606650238420055,13.552978,train
6938,5.888541411308365,5.927011,train
8540,2.90959238405695,2.906646,train
3235,5.988059272887601,6.0206065,train
8307,6.017135456986825,5.947666,train
8692,5.891727829099052,5.89357,train
15096,9.173598749234774,9.1243515,train
4686,20.53601599439953,20.4468,train
16903,7.997701643959912,7.917615,train
15806,21.156257789251807,21.36587,train
1901,2.223752391369534,2.22956,train
18930,0.2171904466028134,0.21935001,train
6842,18.347899442354475,18.424063,train
8202,16.91582672982231,17.012854,train
12098,15.488663542446538,15.441605,train
4386,7.942178813631888,7.923746,train
16924,5.680247850194681,5.6275816,train
13064,16.0630112210833,16.051447,train
12987,4.079907001978456,4.072143,train
18875,4.757228098908088,4.7623253,train
18954,19.761502071085737,19.728256,train
1162,21.89922763883589,21.898373,train
7631,16.774592609782516,16.872581,train
6684,12.987395133169503,13.047973,train
8508,5.941843652762681,6.065444,train
6617,21.134537052068826,21.07603,train
4764,11.130828599599706,11.023699,train
19168,14.956528007967822,15.143256,train
9118,2.290665980711773,2.267993,train
9522,1.812873683640696,1.7433387,train
18828,9.622488038403748,9.644549,train
17630,13.534613947173328,13.470667,train
6537,7.817378901099309,7.7282314,train
1848,7.616437449995983,7.5326796,train
11322,18.972756300351143,18.936811,train
13099,13.220327879751332,13.1570215,train
6592,2.2739080694038902,2.2790976,train
3747,14.911000221976233,14.873826,train
6354,7.130332648078022,6.968206,train
6194,3.079333579426605,3.1261222,train
14707,8.99644502096405,9.085412,train
3513,17.157981686709597,17.007467,train
13249,18.564629453904885,18.52999,train
4579,8.336148780225018,8.313254,train
15127,5.922372509275469,5.984714,train
16130,4.848228919012284,4.871091,train
18420,10.97786178062243,11.005737,train
16709,6.432948928496859,6.4309354,train
14153,5.262105235328015,5.2187467,train
382,1.1480051308077783,1.1489835,train
8708,4.655629994948884,4.6713204,train
10589,11.377770671632222,11.386175,train
1013,15.835402185738094,15.81117,train
3996,9.589344354433734,9.5560875,train
9803,10.777871889133952,10.81055,train
14537,5.75592622911322,5.7785726,train
2656,6.204463908941886,6.2045703,train
8007,16.071462870106153,15.997012,train
19035,9.320684521230008,9.384221,train
18293,4.82493415303127,4.747825,train
11102,0.4000591476033233,0.41866422,train
17901,4.656077087618012,4.5441604,train
16498,8.575327446245495,8.791163,train
9957,16.250485609052753,16.105564,train
6635,19.1102218498124,19.03218,train
16933,4.769117779253877,4.715918,train
17602,16.87056382230218,16.901247,train
8731,2.439873083937279,2.4260943,train
10588,11.673386102925198,11.68517,train
18097,5.087351504855526,5.099944,train
18762,15.829229160487609,15.901177,train
6584,2.90814581896098,2.8798432,train
17564,22.49144890618712,22.452782,train
11533,17.667463892644733,17.529266,train
18476,5.543203942753463,5.5026455,train
7972,0.5244034532745974,0.5286734,train
18487,4.332270077083826,4.2343616,train
19157,16.51914220818845,16.638445,train
2964,12.609505114857509,12.645568,train
9319,2.765196788813851,2.503433,train
18511,1.9819993739370487,2.0393462,train
4730,15.741068489943263,15.634501,train
11159,13.315482173520742,13.309671,train
7228,16.616105304726375,16.62664,train
8852,11.13958071109352,11.184055,train
10063,5.544954367063796,5.526481,train
77,11.758638561404194,11.720542,train
14711,8.510422487304002,8.581879,train
3815,7.084752989352208,7.0580316,train
4802,6.924066903242585,6.909524,train
9537,0.7805237052810987,0.75833845,train
16368,1.963303803821731,1.9529932,train
4200,6.159441431782185,6.2079077,train
1865,5.996032818311067,5.9759364,train
6673,14.360393370587897,14.395491,train
16766,1.587441704075356,1.5915288,train
6199,2.620324698973572,2.5678122,train
17952,0.508696903242066,0.48675218,train
3065,3.669819608097922,3.6561105,train
4529,13.265807452082502,13.142477,train
19290,2.3522407410848056,2.338141,train
10735,16.331900116715495,16.370884,train
18026,13.195140738770109,13.133633,train
5253,0.8044171105809117,0.7708827,train
72,12.240571539127377,12.220751,train
17967,20.986216903477743,20.915205,train
15208,17.82987485443202,17.865614,train
13006,2.4349375150529107,2.4015548,train
13276,13.939019056692066,13.94866,train
3170,14.465504933548988,14.390334,train
8010,18.404427212872225,18.439482,train
6301,13.097554535045331,13.105566,train
16637,13.6573130782183,13.742857,train
1446,9.342427631918785,9.202197,train
3461,3.9851800594972073,3.9302943,train
5741,9.728406389445782,9.672872,train
12936,9.368610576434804,9.330222,train
17061,11.960173160999087,11.964709,train
12899,12.555603146207828,12.596593,train
14271,12.835735943285178,12.811334,train
5661,19.73608954460722,19.680208,train
10044,7.439803675395634,7.3491464,train
14639,16.54419405885769,16.538845,train
17137,3.445040386441784,3.481952,train
16057,12.75990935600254,12.7343235,train
7807,16.668357138354448,16.652533,train
7024,16.154319703679178,16.160824,train
16758,2.180837455977972,2.1994126,train
10196,12.894830467615686,12.950273,train
17632,13.229106990511006,13.28897,train
19503,1.3340115891261026,1.323834,train
10290,2.9310055420014853,2.9589489,train
12741,9.067049880807565,9.119987,train
11573,12.682475856414907,12.50837,train
94,9.785039176657936,9.776063,train
8309,5.588186103722819,5.701949,train
18530,0.7072801220697358,0.698588,train
12182,7.861212826823359,7.763936,train
13928,6.915501985274001,6.887865,train
4607,5.658000665408424,5.6787624,train
11462,2.940271466025905,2.995418,train
18042,11.822022496654004,11.911656,train
1531,1.1430768125564414,1.1132979,train
10075,4.154921772174533,4.0705805,train
2842,7.242426737879148,7.3030286,train
18039,11.887498558150602,11.926826,train
3379,13.058813322695649,13.131944,train
17209,16.35350866465183,16.332396,train
9325,2.04939829820945,2.0995417,train
12093,17.278829038371587,17.258698,train
2225,9.577656140512277,9.622698,train
3477,2.771861452589724,2.8117523,train
4137,12.701629413341657,12.786973,train
14837,17.783499795567415,17.765932,train
8337,2.919090467120018,2.9599333,train
1829,9.628299191997057,9.656166,train
17205,15.08531822729946,15.12541,train
7264,12.445197689046434,12.4228115,train
662,11.597504176592166,11.67422,train
16970,1.5177791917825445,1.5430489,train
3432,7.065543821658004,6.9990506,train
17202,16.136488721620402,16.145477,train
18730,0.6466846876192581,0.6508265,train
11147,14.838243191952571,14.812125,train
17742,1.8039282851461664,1.8343698,train
18608,13.002275483101576,13.003056,train
8631,12.54585810170501,12.533095,train
10557,14.108118507847037,14.05728,train
8707,4.836735648013558,4.8839717,train
1303,4.51479704986404,4.4830737,train
10635,5.963974180044785,5.97932,train
3355,16.075202045509165,16.202415,train
6578,3.476421846209146,3.4692245,train
14865,14.519710222110897,14.591988,train
15813,19.92087793502732,19.91067,train
10766,13.023875477998198,13.06731,train
2018,9.593909652353169,9.559804,train
1952,15.285934452073176,15.187713,train
7646,15.173751494067508,15.177927,train
10306,1.3806483814323771,1.3419822,train
9810,10.859273891055444,10.992965,train
1718,1.3103904658785537,1.3610413,train
18613,12.696541162494738,12.65098,train
1294,5.3334990864611385,5.1519146,train
10165,16.73201120676784,16.735123,train
1969,14.698695115669494,14.690982,train
5671,18.53848334820447,18.554604,train
1033,13.456289496293271,13.379213,train
13322,9.242155386013676,9.238461,train
799,16.939779660379976,17.110672,train
7465,13.220442428318249,13.312507,train
9916,0.9971550133595162,0.94842315,train
13918,7.910361567664477,7.8498673,train
18387,15.626445918864691,15.583235,train
15381,1.486832591209328,1.4588107,train
8590,15.466232038953551,15.211531,train
17405,16.034581202123235,15.943129,train
4062,3.1315191590052702,3.1639202,train
10631,6.57325440169808,6.540084,train
11004,8.954173558248007,8.923328,train
11879,0.9538923797923532,0.99085444,train
6887,11.32983058821675,11.237904,train
9632,11.20779977831734,11.05007,train
13391,2.590443390320828,2.610975,train
5751,8.651648231176246,8.596109,train
8588,16.48751071073978,16.412743,train
1946,19.34635808924784,19.302725,train
835,14.277434417654424,14.249958,train
6404,2.040543733518153,1.9897112,train
3215,7.978394260368384,7.9231977,train
12677,18.4253713129797,18.479471,train
6820,16.839057466172815,16.79275,train
4725,15.749353867493207,15.76484,train
16398,19.771135386262923,19.855837,train
4621,4.74660176691288,4.7313805,train
5607,3.2321208561750203,3.244986,train
11127,16.91721862435578,17.018251,train
15031,15.102097501797882,15.101758,train
9737,0.7022046354260734,0.7450832,train
17896,4.900261665035465,5.0033903,train
19066,5.820607591844784,5.844415,train
19299,1.637541824046414,1.6319867,train
16549,3.430112861043685,3.4180734,train
2601,12.03839227124654,11.98451,train
2625,9.586491257753424,9.609318,train
4772,10.34192592408752,10.244736,train
17697,5.869180835198607,5.8983097,train
8943,1.8100310652234968,1.8011775,train
19029,9.711268693156349,9.746336,train
5933,10.809879613280716,10.951695,train
15804,20.94898659675689,20.780819,train
16191,0.2586050859630923,0.26354986,train
4697,18.975897078664723,19.060476,train
1364,19.65373029082497,19.495256,train
3150,17.07459650829733,17.044134,train
5836,0.6044406549990474,0.64676875,train
1783,13.88886171571838,13.908446,train
3509,20.353986715472004,20.252518,train
18985,15.42210867628228,15.502358,train
1502,3.748801950988637,3.740613,train
19133,16.935272970713065,16.898739,train
2051,7.153948311495473,7.1719346,train
5573,6.895784706424576,6.9837313,train
9581,17.86990585777496,17.865751,train
2872,4.111597406188428,4.212784,train
7505,8.477618377452208,8.474823,train
12568,8.266531756180521,8.05961,train
19169,14.561482319818085,14.533772,train
18227,11.680017261257383,11.779238,train
5842,0.5058551796655164,0.5103166,train
15819,19.31178009463927,19.220348,train
12025,4.533399612655415,4.5401273,train
10868,2.873956836984085,2.8882387,train
17903,4.587187129708394,4.393618,train
6633,19.51846917575922,19.59953,train
11325,17.40920583339793,17.46282,train
2459,4.418296771914603,4.500831,train
2986,12.61809663058786,12.603808,train
2090,2.887045672077474,2.9052718,train
11567,12.95714642970828,12.979942,train
5365,9.900320963653122,9.860189,train
9843,7.857565359228304,7.9109163,train
12708,12.838584594296632,12.735509,train
17511,3.770244356760923,3.6968026,train
3839,4.643684738461131,4.656439,train
2451,6.047994173127809,6.0140843,train
10914,19.4871646919379,19.53107,train
9554,20.20582074107272,20.152689,train
7563,2.378514424756416,2.4336612,train
4624,4.214906316370458,4.135655,train
5548,8.77441213112789,8.801966,train
709,5.551144550025076,5.4996657,train
7299,8.028043932582232,8.029421,train
19421,9.366191621105546,9.358802,train
10689,1.2606136675074733,1.2954663,train
16893,9.136101337572915,9.120295,train
14085,13.29939820321414,13.280719,train
17646,11.690789990435702,11.675412,train
3567,12.22111367995578,12.221722,train
10250,6.889571423621247,6.8833823,train
5815,2.128343052203494,2.200508,train
304,8.675394163729482,8.534434,train
19472,3.9717471342711095,3.96084,train
8980,15.286806020385612,15.312749,train
17595,18.20660156017865,18.197735,train
3408,9.82306547809037,9.912389,train
13573,3.3537234469047026,3.3232517,train
7923,4.690490932582743,4.7181582,train
9653,8.61115110138323,8.583001,train
107,8.243284739937593,8.257881,train
4034,5.127205099924599,5.1202145,train
7237,15.504501232501047,15.460049,train
18852,6.581587850515671,6.615377,train
11794,9.066297918693811,9.143385,train
4176,8.845891150520147,8.821384,train
6306,12.800651346575306,12.721588,train
13010,2.0155285810260275,2.074543,train
4648,2.027350251625646,2.0477834,train
15862,13.940135186863476,13.818441,train
5571,6.249893229221093,6.1889977,train
8734,2.145768650773937,2.1594112,train
19375,14.457021170100834,14.418085,train
15745,3.9929106233636817,3.9862297,train
2995,11.030756051926584,11.096562,train
8857,10.601662378285168,10.483311,train
13734,8.449022305494134,8.45351,train
830,13.630610330763073,13.905523,train
4029,6.180514943000567,6.18131,train
1277,6.7106459028719705,6.669861,train
2020,9.180605679488274,9.171074,train
12141,13.100676725599731,13.070664,train
15302,9.481163202712898,9.52544,train
5482,15.228108277003615,15.214832,train
12868,15.876661082748424,15.78031,train
541,4.265049959131363,4.257456,train
10789,10.434380188749492,10.385939,train
2640,8.373926022733357,8.411127,train
16456,13.588545907907772,13.538713,train
4530,15.739350307454773,15.769901,train
18668,6.067411820158309,6.0263796,train
8390,19.516792418032026,19.584835,train
7754,2.9799665348889137,2.961635,train
2933,17.115630559198294,17.0897,train
7507,8.445826229999291,8.4168415,train
2731,21.063261729888342,21.092007,train
961,1.0827354957108526,1.0398192,train
7742,4.053993878099699,4.0694375,train
18359,18.29475836075154,18.317661,train
13905,9.685642473085858,9.653878,train
680,8.043438161756002,8.12,train
6249,19.46319668802481,19.567045,train
18660,7.079279373281267,7.1159134,train
6712,9.603883479407743,9.608357,train
15032,14.810019548117722,14.757893,train
9650,9.39503069153133,9.27067,train
2732,20.54756512490907,20.44558,train
14270,13.062854807934812,13.057775,train
18729,0.6548694445225494,0.6508265,train
15684,9.910487316195924,9.938973,train
12644,0.7345932765231378,0.7519429,train
7302,8.407339624618075,8.414745,train
8151,2.1003621128196617,2.0943842,train
7164,2.2241860144070387,2.1857946,train
18262,8.026478077929918,7.8505816,train
12471,19.74565644095595,19.880333,train
313,7.656875116549076,7.612784,train
16653,13.110718907522736,13.08343,train
15546,5.083959873567666,5.1024704,train
12920,10.285185573720904,10.417029,train
1933,0.1743082805844111,0.20637394,train
14739,5.566690961481373,5.6127872,train
10763,14.117554059923265,14.133139,train
2521,22.448674338311434,22.388906,train
13383,3.301853755560854,3.3085253,train
15664,12.221560751402956,12.199623,train
299,9.12470475392449,9.101179,train
1846,8.04513376686167,8.068649,train
9225,12.486760073044708,12.419981,train
17458,9.092365833969264,9.00763,train
9728,1.2703787845833487,1.3335042,train
2290,2.745391135835444,2.7234,train
2262,5.347815350014863,5.3330054,train
1209,13.74646190366509,13.894496,train
7235,16.44554411531072,16.50623,train
15906,8.424152725500322,8.555438,train
3836,4.884013313306109,4.881938,train
6147,7.976749640745044,8.021467,train
9110,3.044027479939714,3.0166109,train
19025,10.499733896082471,10.527858,train
5165,8.18994802590266,8.124482,train
10755,14.354993937440907,14.324944,train
11440,5.009631244148163,4.9516754,train
15097,8.933017721387236,8.931766,train
16785,0.3611016207154864,0.3343775,train
6018,2.208498357132211,2.1880918,train
8912,4.568901620180204,4.610978,train
7934,3.615774863874608,3.6472507,train
3954,14.520408297304694,14.510502,train
16884,10.097786859523207,10.162726,train
2968,13.969390066917716,13.954142,train
11291,0.6100269838679011,0.62736183,train
8056,11.368983790254603,11.35388,train
729,3.800601236827119,3.7455866,train
15441,17.585272191100472,17.772678,train
4218,4.617577230394959,4.669763,train
16815,18.07424227275082,18.11458,train
4474,0.308906143593201,0.32605362,train
18315,2.16973121580691,2.213225,train
4785,8.655672244546578,8.593635,train
3965,13.250186927200083,13.2163105,train
6391,3.504774177145666,3.4875724,train
17534,1.981763430812984,2.017331,train
5883,17.105773056081503,17.1719,train
1438,9.90896327994414,9.854677,train
18152,21.192114670140427,21.141327,train
19271,3.984267446607396,4.0184665,train
16927,5.300744149317072,5.216057,train
7787,18.818294566694817,18.794264,train
2104,1.7681786008601,1.7924463,train
6893,11.49182043935108,11.425732,train
2231,8.53199202283881,8.524039,train
8034,14.02304686892246,13.95207,train
12670,18.79115043657983,18.67981,train
15193,0.4494246463235783,0.39793128,train
6571,4.090786168454362,4.0794635,train
16306,7.989693785325516,8.026424,train
1737,21.16028960023994,21.189848,train
15274,12.072070377112189,12.155101,train
15794,0.3882521388544827,0.3689074,train
10939,16.710258205903934,16.760891,train
2826,9.119416480174117,9.188424,train
4680,22.432671323351407,22.302855,train
18658,7.152106610106182,7.1406555,train
8804,16.94217539777255,16.995558,train
17177,17.011673906720834,16.988628,train
11350,14.257349611211351,14.179429,train
246,15.779416735363728,15.712724,train
18381,15.102821162952656,15.033166,train
6640,18.11408332408653,18.04241,train
10313,0.7301793835725069,0.69203275,train
17313,4.092462776552706,4.117117,train
4890,18.68892241609616,18.611555,train
11413,7.93444013678264,8.03564,train
17080,9.007149002389506,9.035912,train
18648,8.269668532988332,8.215122,train
19062,6.139577813480986,6.0691147,train
6922,8.205086031282908,8.106769,train
13384,3.2290636344644863,3.2348304,train
15466,14.251458960342749,14.23276,train
17292,6.115648413970479,6.1552677,train
10858,3.737341113861688,3.6973422,train
2591,13.271770884733789,13.223306,train
14869,13.835517600025131,13.824503,train
934,3.496067316196074,3.387488,train
12041,3.0385530589908814,3.0690706,train
10224,9.45838325247188,9.4070425,train
11008,8.82117385396444,8.825458,train
16277,11.168616854957028,11.134432,train
5568,6.79507418424958,6.729425,train
5100,16.529341073376553,16.579224,train
12406,4.178896451890386,4.1533875,train
603,14.797336001146592,15.098874,train
6323,10.526092971855054,10.716247,train
7108,7.017523525276097,7.0404162,train
14965,3.199128405073979,3.226527,train
13551,5.478214447104072,5.452639,train
12310,13.632355862492563,13.72571,train
15998,19.852130208839394,19.76094,train
319,6.907586066793611,6.9488826,train
6363,6.283162700688534,6.4304695,train
11572,12.900701671061183,12.735009,train
8585,18.323634698984684,18.351576,train
12595,5.105754541458422,5.096778,train
3270,2.975241911340949,2.9252844,train
4549,11.334666166627818,11.309629,train
15435,18.12114710714219,18.13231,train
1587,15.189402429062708,15.1653805,train
10531,15.930963825873423,15.938846,train
18136,1.397920249691764,1.3899639,train
15799,22.11961198659052,21.933636,train
10544,17.253187874350672,17.104158,train
18247,9.331741819012514,9.485842,train
8121,4.931114092509279,4.9739065,train
2418,8.253380714666784,8.262402,train
963,1.001799026559275,0.9744395,train
10480,2.601394544056899,2.5861938,train
898,6.951743543979806,6.995787,train
15452,15.789018076192264,15.613815,train
5080,18.684010542632844,18.603931,train
10053,6.608217914392523,6.5813327,train
10741,17.612130574837064,17.666307,train
11135,16.502944604457337,16.462225,train
893,7.812217191258636,7.6898766,train
1830,9.380146589983749,9.189344,train
14557,3.7721522724288152,3.8333771,train
6368,5.686452717974252,5.6917844,train
12521,13.27570030179857,13.358963,train
8407,17.668878379609627,17.619324,train
5695,15.58280451872564,15.697122,train
10514,0.3152011475958633,0.28193474,train
12934,9.996281913665122,9.91762,train
5043,1.7823554184643433,1.7973726,train
14663,13.68441909446046,13.651059,train
16779,0.7452186488947972,0.74253255,train
18906,1.7986048927381686,1.7560036,train
12223,3.5244512197455475,3.5026283,train
13864,14.69984701668744,14.790784,train
8908,4.880045963558899,4.8448243,train
7306,7.542625423819415,7.5317245,train
18741,18.07098685548593,18.034754,train
15535,6.15899779898174,6.1291943,train
10956,15.238767708602571,15.283957,train
6808,0.5555376401939056,0.5277024,train
3609,7.204458691516019,7.1617303,train
2278,3.809215407824525,3.830363,train
8826,14.477189939424484,14.383969,train
8312,5.0291515209766,4.895406,train
15076,11.281345907717116,11.345691,train
18523,1.0851735594993388,1.1513263,train
12421,2.861218342401765,2.7951484,train
3659,2.5573594597056246,2.5298748,train
10572,13.03436215497784,13.005446,train
17058,11.563207139420058,11.542494,train
9668,6.444893815284624,6.5838833,train
2008,10.569349787326503,10.556265,train
13614,0.384685280560095,0.37091368,train
17846,10.391290288736474,10.550008,train
854,12.226819599156258,12.100008,train
16708,6.59402128520725,6.5877814,train
7971,0.5548534466012385,0.5508115,train
9096,4.1896567451361175,4.2263317,train
17263,8.982514650881402,8.917462,train
18533,0.5256063585289095,0.5830443,train
15611,20.165104226021462,20.320381,train
14541,5.2076780928955815,5.2619534,train
18878,4.289357679744205,4.165323,train
11227,6.330568966241179,6.3416495,train
10359,15.88966280082792,15.873555,train
13894,11.233075056502164,11.209823,train
15792,0.4463963175694335,0.41474682,train
9261,8.305560811513203,8.332501,train
8451,12.2545811772833,12.267991,train
16554,3.0066521560844057,3.0484374,train
7875,9.588610514219834,9.647671,train
13130,9.299512869183609,9.266247,train
5885,16.953052023430455,16.924171,train
442,15.820841131253028,15.828574,train
11269,2.449656419739812,2.4423065,train
2855,5.946307057459411,6.040346,train
14171,4.218802855723894,4.2336802,train
2249,6.720025813066688,6.6936846,train
18474,5.974557249269108,5.9033356,train
8670,8.57621038989178,8.539346,train
6069,17.86064109787657,17.964804,train
391,22.410529788834275,22.408607,train
15038,15.117318683332662,15.218791,train
6153,6.820412280139933,6.784973,train
8904,5.407367671493353,5.4320464,train
12850,16.7475533413202,16.740423,train
9676,5.837912089418341,5.846515,train
6283,14.94517938576643,15.145967,train
3482,2.0934458422098574,2.064929,train
12267,19.18321356177742,19.131403,train
10350,17.04323369258047,16.985565,train
7301,7.68117480455001,7.7620716,train
1877,4.601423993385889,4.6345243,train
9688,4.533707319469217,4.598081,train
10767,12.782301954095583,12.766333,train
237,16.760547859965378,16.776634,train
3676,1.20161587842758,1.2019573,train
6209,1.807131971177322,1.7296888,train
13725,9.612724099951429,9.656464,train
5552,9.522027034416416,9.588045,train
2539,20.84582455480328,20.868494,train
1389,15.115214841167766,15.179421,train
17467,8.335448976178922,8.270049,train
18368,17.59534081006347,17.536844,train
13638,19.77278802123364,19.87141,train
5851,21.53636345429809,21.43258,train
3404,10.270093334506296,10.343552,train
17701,5.5345206004881655,5.5750403,train
16977,0.973799171642643,0.9885392,train
2990,11.071235697648646,11.0823145,train
1238,10.710013649797498,10.769305,train
18527,0.9059486453573125,0.9033747,train
7682,10.753293310290683,10.758671,train
13015,1.7124606864278047,1.6820527,train
8423,15.34595173059544,15.3372555,train
13906,9.37812772587934,9.226836,train
15179,1.3886610259532015,1.3729023,train
2959,15.071459166452598,15.111293,train
18131,2.1852390414340594,2.2045147,train
11837,4.443345864973991,4.4480605,train
58,13.98486845035816,13.921731,train
17478,7.060115926650417,7.0991306,train
2337,17.511031907208185,17.464064,train
9748,16.123262072788595,16.678196,train
6434,21.13110770808148,21.221155,train
3679,1.0498279870968654,1.002879,train
10309,1.320214645590439,1.3078235,train
9226,12.372408283008513,12.311702,train
17634,13.212989946052874,13.259762,train
16169,1.5724974650138226,1.5767707,train
2857,5.832890377438343,5.7434907,train
6736,6.9699975671642695,6.970341,train
619,14.697636752182026,14.569097,train
19023,10.234653425449473,10.200244,train
9418,11.3971264074581,11.493853,train
8062,11.27462992716309,11.192965,train
12966,6.212840342652494,6.38231,train
17599,17.431137375859826,17.436491,train
214,19.03637557843002,19.002003,train
3421,8.273515641474427,8.168686,train
10662,3.5387020298078244,3.4977834,train
2207,11.536046539736883,11.58369,train
17775,19.19676062495177,19.272272,train
5372,9.1191753790047,9.068729,train
15407,21.79595484687181,21.802597,train
12337,11.297886765392182,11.201058,train
15573,2.294707341602713,2.2722423,train
9838,7.885108464098369,7.851315,train
12524,13.126634765892456,13.124135,train
5870,19.121458106117093,19.045628,train
2627,9.560987397385984,9.564186,train
18873,4.456819770797229,4.5848804,train
16271,11.771163427421468,11.689667,train
15561,3.9657234778925554,4.070517,train
9729,1.197009741062964,1.309747,train
12564,8.38324413000298,8.538885,train
4974,8.227112083010807,8.196898,train
1320,2.491719825902279,2.6855202,train
8316,4.476356937263935,4.3935003,train
2998,10.040767792609426,10.0061455,train
2589,14.378707818307772,14.462168,train
11415,7.5794940900452,7.709688,train
9011,13.94314104424782,13.971684,train
5978,6.095904613001624,6.077027,train
3908,21.12011271677021,21.154545,train
11900,16.538911347706822,16.72741,train
18215,13.072155745361425,13.1435,train
12324,13.355375808686844,13.192386,train
10861,3.7117332817997024,3.727962,train
3934,17.115132377749163,17.112486,train
12491,17.101462403801982,17.232035,train
15050,13.2579930843751,13.258857,train
4497,16.374177742762726,16.493795,train
5593,4.798247676615095,4.794275,train
8500,6.831067159508597,6.7424684,train
12665,17.62853368684547,17.546211,train
9245,10.1773445722696,10.019524,train
17652,10.887567549438655,10.838362,train
365,2.6449056078724933,2.6339622,train
10344,16.145091456313686,16.083035,train
922,4.700264982574084,4.5969615,train
10955,15.782621186153133,15.6349745,train
18428,10.508470062847689,10.444387,train
8964,16.46685062949388,16.466892,train
5731,10.818650038883238,10.806233,train
8257,11.906590394288822,11.873795,train
11281,1.3320322794583597,1.4247072,train
3007,9.29317815645371,9.321984,train
4826,4.348094769185889,4.3224444,train
15779,1.217006968662314,1.2864208,train
13984,1.89983257863088,1.8489201,train
19480,3.0553298382973786,3.08638,train
13522,8.356456351444503,8.307245,train
12029,4.053584816583395,4.11538,train
14315,8.385593368741674,8.37092,train
5377,8.557704773123586,8.652993,train
1485,5.299747050723937,5.225242,train
6429,19.6433734591212,19.60867,train
11915,16.67231674114165,16.589369,train
3612,6.657490453881064,6.6030493,train
8450,12.382059646474858,12.285537,train
14341,5.442396323267816,5.4235315,train
19186,13.537014392658763,13.465581,train
4294,17.548718720876707,17.559452,train
4131,15.742529956907138,15.707898,train
13106,11.402308474387274,11.453709,train
9822,10.76062098607876,10.723516,train
19128,19.03590168853037,19.109507,train
18719,1.351712686477942,1.3448497,train
10121,22.40729374499623,22.324299,train
17397,15.681275072968475,15.618225,train
3046,5.430208486071355,5.4184093,train
1392,16.64510699570621,16.717953,train
11005,9.541442829233366,9.464798,train
16920,5.900041978090103,5.89083,train
14818,20.01222632373411,19.969799,train
1713,1.8495557750976943,1.7702214,train
14583,1.5938708311090817,1.4714849,train
3260,3.956075071104846,3.9021811,train
9983,14.750554459132914,14.728469,train
6116,11.681161263260464,11.7714205,train
8131,3.934412811898549,3.9274201,train
19365,15.734390811353412,15.730251,train
16698,7.555005159787762,7.5481844,train
6387,3.7396696811430856,3.71354,train
16857,12.849201663568724,12.877335,train
8352,1.554901966450066,1.532349,train
15962,2.9835982139314385,2.9841998,train
5570,6.424237424071884,6.437893,train
5672,17.963719630462784,17.96126,train
11643,4.742213363118305,4.6920476,train
6538,7.650137985535055,7.5684075,train
1375,17.93655742279046,17.843,train
11966,10.699373271500576,10.6685915,train
7310,6.876156410115218,6.894658,train
5511,12.14028656703788,12.136001,train
10416,8.389242171687808,8.438421,train
437,15.829504238119029,15.828574,train
16626,14.970995573010953,14.950054,train
2909,1.2699972664925931,1.1660802,train
2880,3.743601518523478,3.6036718,train
498,8.563621664277774,8.521465,train
19418,9.460365363407552,9.371536,train
3707,19.72246875814053,19.716707,train
5422,3.827795286296481,3.7948349,train
3720,17.670103627203527,17.614569,train
18922,0.6500334799227329,0.68866503,train
14586,1.2597335285627378,1.2958906,train
1991,14.444186450850244,14.374799,train
3041,5.472479730680851,5.4974585,train
4078,1.4105903794100787,1.4237664,train
16121,5.628334568623596,5.709899,train
2419,8.04194702374425,8.021079,train
8110,6.164441631740911,6.1781774,train
2580,15.619716650393825,15.696115,train
10264,5.073818013996531,5.0716257,train
11157,13.76896869332626,13.761648,train
291,10.031920155371395,10.030105,train
15361,3.0439368592208336,2.9989288,train
5111,14.726217659653624,14.730495,train
7410,20.62215054319853,20.552572,train
13916,8.330537110060302,8.270128,train
3047,5.242385723713306,5.2019234,train
1278,6.472936537602354,6.5319295,train
7876,9.43879599822617,9.388483,train
14843,17.03454991972163,16.927431,train
7385,0.523805835504673,0.5240188,train
13861,13.427499062484197,13.519743,train
14337,5.864434075556862,5.867197,train
15581,2.162169368296395,2.2373126,train
16733,4.551768730606156,4.5421834,train
11282,1.2782686401825247,1.3653883,train
7421,19.299860350104524,19.139458,train
14481,11.453103474747508,11.503837,train
16221,17.248826815076214,17.321054,train
2661,5.198034239543805,5.1646414,train
5889,16.673884346248556,16.672974,train
13123,9.768016395508702,9.800523,train
15389,0.8958572682514185,0.8417701,train
9263,8.109052077691654,8.121437,train
15071,11.100361801629017,11.175915,train
17779,18.338279674078965,18.270712,train
7394,22.291293700027687,22.269283,train
12032,3.902022229573667,3.859654,train
15171,1.945971200879295,2.012839,train
720,4.498231926345755,4.576305,train
10688,1.3134809025170804,1.3764803,train
12169,8.55866480263385,8.549792,train
12712,13.250443349714502,13.342517,train
3088,1.6344783780260248,1.5895283,train
9730,1.104787282261177,1.0449963,train
14082,14.538982328214942,14.5366,train
3531,15.777791511640608,15.743488,train
1710,1.9973080970260524,1.9986694,train
13203,1.8914270805832032,1.9520967,train
2192,12.838946949944685,12.785004,train
4869,0.8656534981947712,0.9046638,train
6433,17.636355996455794,17.72733,train
15059,12.536732601860669,12.561203,train
9089,4.733062362381316,4.80065,train
5405,5.585931692003483,5.6151805,train
10823,7.4720278602154275,7.494896,train
7642,15.774243706807374,15.774496,train
4246,2.3021875567503227,2.2880647,train
307,8.237095624223862,8.260741,train
5073,16.921048871356437,16.975918,train
10294,2.2340759188335224,2.2573717,train
6982,1.924479991548917,1.7986553,train
2157,18.00929745862177,18.029985,train
19,19.27781821896585,19.339766,train
14156,5.250895499293384,5.2187467,train
9817,10.182467073960972,10.216095,train
8403,17.50284003172091,17.44594,train
7474,12.022664556760786,12.23552,train
14336,5.9881339886696,6.013923,train
19327,20.837052235076747,20.915527,train
1905,1.986090061875712,1.9571127,train
13387,2.9293212562532984,2.9674172,train
1222,14.00501821251058,14.0391245,train
10353,15.54052066850618,15.445815,train
17992,18.128500950043613,18.211716,train
3746,15.123955641901963,15.136087,train
10727,16.517949597999987,16.654709,train
3533,14.890779461088847,14.899576,train
3098,0.938776244864495,0.90648776,train
7121,6.513386366945464,6.4781647,train
11241,5.073777908841339,5.062174,train
6524,9.508457274883645,9.583018,train
9516,2.2557973350420286,2.230866,train
14463,13.332400413031737,13.359997,train
11247,4.373705798510768,4.4030986,train
9451,9.03767710821844,9.027023,train
8021,16.403374140534172,16.410162,train
16968,1.6371893912565156,1.6522137,train
10780,13.12523495440676,13.082833,train
10198,12.74734485259866,12.767965,train
18843,7.387040207415178,7.4653296,train
9896,2.498689554326263,2.5104668,train
17249,10.911589768792153,10.861971,train
1421,13.151054914416966,13.254174,train
14276,12.872122255926552,12.924957,train
16573,1.5226586949899643,1.5229062,train
4543,12.841862182410988,12.786896,train
4129,13.166679969114387,13.228866,train
2125,0.3781714515102273,0.3555382,train
6223,0.8839356069105424,0.86973894,train
3803,8.44139276806383,8.6461,train
2442,6.829186287269978,6.7957196,train
19357,16.903188864491888,16.954372,train
18611,12.818139104883011,12.812118,train
7581,1.500721019159274,1.4504815,train
13358,5.720050315649932,5.7382727,train
7524,6.283954178014606,6.3612614,train
1431,11.8942533228956,11.915988,train
7799,17.22846695319116,17.369244,train
6131,9.22124209912529,9.237057,train
7819,15.315949259589235,15.300089,train
10757,13.772333856592944,13.668702,train
15600,0.6889464528529291,0.6735675,train
14344,5.154558223763506,5.1482897,train
9998,11.580786466994734,11.513458,train
3868,1.9907886421210788,1.9826294,train
10362,14.521395705451422,14.505043,train
13578,2.962732212769568,3.0010965,train
14419,18.60108614982517,18.67008,train
15665,11.916360396124894,11.873342,train
11594,10.111277905377266,9.975247,train
12582,6.222483125484157,6.385039,train
16295,9.294493525410124,9.3667555,train
14735,6.0814906224666245,6.0431952,train
13899,9.72887714739876,9.688234,train
1555,18.62228006710059,18.63793,train
5477,18.561123370951908,18.579,train
17009,16.75452245563768,16.782171,train
4075,1.4128771833075104,1.4237664,train
364,2.679129188506044,2.6403017,train
8267,10.673914965307173,10.612065,train
2914,0.6905661981752313,0.677164,train
12531,12.041655066458478,12.273426,train
5903,14.524291961632914,14.729691,train
6900,9.458680258277136,9.573954,train
6014,2.257432837341098,2.3353484,train
14314,8.100018272472875,8.12506,train
7060,13.703634165562123,13.626884,train
18430,9.876266018048629,9.771509,train
15113,7.937360597431565,7.96874,train
14302,9.424266671588155,9.426545,train
16202,19.11687219646376,18.961233,train
254,14.356317464214335,14.240106,train
19001,12.70943238256934,12.698993,train
5268,22.43321026830863,22.407972,train
921,4.816394022010048,4.662911,train
18475,5.756811394499331,5.6823797,train
3469,3.579142368225084,3.6192436,train
12965,6.431074527073824,6.503181,train
17317,3.8655124148640776,3.9371164,train
18302,3.860482375584848,3.7643576,train
15156,3.2840165673423223,3.292334,train
4767,10.546232470892509,10.545037,train
13244,17.325543796673276,17.314135,train
13976,2.5324624315962625,2.5096498,train
9189,16.583719425384114,16.469942,train
11773,11.58827470251792,11.474058,train
14442,15.701280618582995,15.754131,train
4066,2.235698870939835,2.2371733,train
18189,16.446093391818504,16.449759,train
17135,3.6327517709124777,3.6488476,train
12680,17.165953927004832,17.031654,train
13018,1.4558338910720654,1.4574587,train
8701,5.114497347920849,5.0868173,train
10872,2.6450770784587747,2.5935183,train
14751,4.444789679915848,4.401171,train
4877,18.60842018207222,18.692888,train
18507,2.476817917528368,2.4291189,train
15696,8.476676735701073,8.477477,train
1585,15.799504869563458,15.899456,train
16874,11.261225886399831,11.213639,train
9841,8.388233839539255,8.411164,train
16885,9.89919092848435,9.881271,train
10613,8.272770389085057,8.247624,train
11716,18.394855970947564,18.327377,train
10619,7.991429066376162,8.011015,train
11013,8.064343396301622,8.064278,train
16037,14.909321291650263,14.930416,train
4776,9.600244571324598,9.537214,train
14861,14.832011501149452,14.76443,train
18580,16.592056471463973,16.686983,train
16607,17.29540937964163,17.381874,train
12587,6.108036825175828,5.945871,train
17044,13.677814291613322,13.604228,train
7808,16.47441306458907,16.514366,train
9643,9.74654681827191,9.654223,train
14606,21.12934936913735,21.148201,train
8299,6.639634991150417,6.6265106,train
6653,16.908926630933056,16.98531,train
19423,9.306285294621029,9.332829,train
16696,7.944076080938753,7.9092884,train
11955,12.079196180648076,12.064776,train
7829,14.30747610141663,14.278249,train
6200,2.5333096909876334,2.4757564,train
15812,20.08911581383002,20.09224,train
5075,15.782928005608758,16.019533,train
8203,16.51808376539512,16.731531,train
13041,17.89066660000842,17.747583,train
9639,9.25836995820349,9.587117,train
892,7.989218888462927,7.8987694,train
1314,3.3749088653383907,3.329309,train
5599,3.84742975283068,3.86945,train
3873,1.4025108835740498,1.390537,train
9013,13.1131518248289,13.197468,train
10607,9.58918653788135,9.714997,train
12565,8.353860043206213,8.431993,train
14342,5.34464020725491,5.3530273,train
4871,21.076100417672485,21.07042,train
18839,8.271909154830933,8.226705,train
9757,14.87864332832338,15.185494,train
4088,17.69720863828629,17.63658,train
7077,10.194641782745318,10.163665,train
1034,12.990359325552788,12.910739,train
16103,7.211595070324853,7.213402,train
1627,10.431556523395988,10.546912,train
8747,1.207661632892484,1.2403563,train
15687,10.767476964836508,10.622172,train
2123,0.4371940144016574,0.4353617,train
4305,16.231399306213863,16.179638,train
7315,6.6747482193823,6.62952,train
2770,15.679577267444456,15.557461,train
6179,4.415212618464961,4.3766775,train
11321,19.718643346158803,19.666737,train
1489,4.634376790441157,4.7178144,train
15510,9.284395131540183,9.351626,train
18872,4.618918436536362,4.691945,train
8195,17.265492934965025,17.36859,train
19412,10.500655971979985,10.5530205,train
10935,16.194538610210035,16.144878,train
1015,14.701734318911026,14.6876335,train
1000,13.704521704336912,13.749231,train
18735,21.82097049935982,21.830454,train
17066,10.87747478536874,10.853332,train
772,0.5457614024846538,0.60613364,train
5825,1.3200277760971906,1.4608479,train
19212,9.693159164583248,9.895761,train
14512,8.102704354778886,8.225293,train
8828,14.159761330848488,13.992292,train
16364,2.188503388109025,2.4304965,train
17432,11.15704955465814,11.084429,train
12335,11.866697269249146,11.673657,train
16209,18.69564529429997,18.7626,train
7620,18.12178487908644,18.141207,train
7266,11.841185086439934,11.840852,train
16808,17.95897179887484,18.02282,train
10742,16.93212150339484,16.883657,train
418,18.408353549230835,18.396297,train
6646,17.66075890079622,17.706408,train
18558,19.33504987914339,19.360983,train
11067,2.854970768172186,2.8624873,train
6070,17.310585953951804,17.327585,train
7719,6.6840587042678825,6.6829677,train
5837,0.587569768977366,0.591197,train
7640,15.77055398914266,15.842428,train
7128,5.125010020448912,5.087032,train
269,12.614211942471854,12.7017565,train
13265,15.153109920512517,15.173876,train
10011,11.875469790615476,11.9704075,train
17931,1.937739747937853,1.903067,train
11739,15.196965695769668,15.220931,train
13612,0.4406072336459022,0.40541402,train
17175,19.24266845210865,19.312283,train
11587,10.705499932840038,10.687078,train
17524,2.8967519856175685,2.9060738,train
15854,14.945323350777556,14.80838,train
8283,7.809476161960723,7.8567677,train
12125,13.26722083545422,13.242452,train
10486,2.1574186975220653,2.1898375,train
18271,6.95763263387265,6.886935,train
1400,13.63824484480891,13.780275,train
2302,1.804467104256236,1.7321118,train
10885,1.5421330100269584,1.5434767,train
11335,16.341408455212697,16.372763,train
3156,13.885947263454716,13.900733,train
14416,19.866037972379715,19.800375,train
19116,1.1739762154027564,1.1649668,train
609,16.186902171214005,16.11175,train
602,15.319272863457236,15.098874,train
8791,18.77087428367422,18.813816,train
6145,8.398856168822794,8.4129715,train
16625,15.389518611834408,15.307725,train
7236,15.941559275536925,15.959918,train
14090,13.290120543244598,13.280719,train
7177,1.2137059022500476,1.1735308,train
10272,4.15358462378629,4.120406,train
12554,9.532438326078138,9.55173,train
9986,13.438062472423336,13.377643,train
9946,17.830189875734032,17.893541,train
15357,3.335027227893078,3.3703945,train
9375,16.14158036916323,16.116083,train
14741,5.417397171135808,5.5643535,train
2779,14.618786472520972,14.565263,train
4370,9.418673382897918,9.434272,train
19253,5.611136558230198,5.5848455,train
221,18.247392549450684,18.266104,train
1893,2.824137597444097,2.9090066,train
13639,19.773047278617256,19.87141,train
4539,12.313267232107911,12.1848955,train
8981,14.916064865103412,14.917743,train
342,4.623411670435856,4.640665,train
2296,2.12917078489171,2.1984518,train
2400,9.656424869920125,9.6680155,train
7664,12.968273602189685,13.075839,train
10836,5.868286579566824,5.8561726,train
12906,12.642996445896062,12.367325,train
100,9.026160603719593,9.183369,train
16853,13.906982601631722,13.977024,train
18877,4.443293577562295,4.417964,train
12717,11.991022506762238,11.940377,train
3241,5.803510842275415,5.782396,train
13870,12.475332045182482,12.51912,train
2228,9.04028756036409,9.055196,train
10749,14.337370007318464,14.286047,train
17337,2.032294225840367,2.0504534,train
12459,21.519351488821748,21.345804,train
18894,2.902209782700312,2.883478,train
19420,9.396947708062456,9.358802,train
887,8.169671128135544,8.119323,train
15756,3.036483859076209,3.0222871,train
102,8.845344962616618,8.893093,train
9321,2.187981396839527,2.3527415,train
16158,2.4550199639446184,2.5298042,train
14620,18.5074999276273,18.569265,train
15800,21.91553353896053,21.828253,train
18393,13.232228238272176,13.424686,train
7069,13.144914633140784,13.036541,train
13209,1.3263865268417558,1.5133328,train
9142,0.5064731391172026,0.49435538,train
12323,13.691073774316994,13.721554,train
9736,0.7548510160768584,0.74400616,train
16628,14.236328172889376,14.16074,train
12116,14.01284572871656,13.970105,train
4395,7.0919670675710815,7.1055546,train
1500,3.587167157201222,3.6992602,train
17217,13.535624815602556,13.498271,train
2035,8.21017971190874,8.198506,train
284,10.90329212385807,10.846697,train
4981,7.670760016810679,7.640664,train
13904,10.093024745534628,10.075864,train
16136,4.569737566881755,4.582589,train
6798,1.2111363125035848,1.2059683,train
6324,10.660203334097684,10.50996,train
716,5.18223107084078,5.1533966,train
1656,7.189142379416257,7.256744,train
636,14.186500833580864,14.172038,train
2126,0.3513702140345309,0.3080784,train
1045,11.446595846335075,11.3928585,train
15019,17.048922869610553,17.108551,train
13168,5.068426268640205,5.031735,train
9482,5.526144999281782,5.4547076,train
2464,4.319545779042155,4.3346663,train
3190,11.938339605155898,12.069503,train
12978,4.848084944125911,4.780892,train
8754,0.7873648757388734,0.7675153,train
7941,3.005426447277809,3.0561578,train
12119,13.466089502938434,13.273072,train
16165,1.9324824203855864,2.0718217,train
6675,14.087725365072568,14.160248,train
6330,9.838652759981526,9.897505,train
2475,3.24688899401597,3.2723353,train
11144,15.699146931094674,15.656574,train
5670,18.838351017053824,18.888258,train
11838,4.351940481587588,4.321829,train
4848,2.374926382439801,2.4412122,train
14010,0.2545913005552414,0.2215183,train
18720,1.339054751752356,1.3448497,train
10076,3.9779249513139727,3.9552016,train
2764,16.393584015017215,16.325315,train
14239,17.418555339319067,17.328754,train
163,2.729783617124539,2.5717661,train
9476,5.805297441592407,5.88952,train
9573,18.21858009772535,18.211952,train
13604,0.9562714665471338,0.9196419,train
11517,18.604806602286416,18.512924,train
4801,7.073404664692047,7.055111,train
10686,1.5993441844205245,1.6066085,train
18764,18.381667000796664,18.431044,train
1121,3.867795531817394,3.9371758,train
2985,13.212949157738194,13.138474,train
10762,14.598191268905486,14.586674,train
11390,10.057713240729584,9.972441,train
4612,5.56714099742882,5.61628,train
16547,3.629025627243984,3.6743922,train
5294,18.4760761361366,18.427265,train
19482,3.026644347610661,3.051035,train
12967,6.002958787728155,5.9085407,train
9878,3.951891791529482,3.9571133,train
17141,3.0488500545976818,3.0794308,train
13257,15.529093203780334,15.429369,train
1935,22.50196440680903,22.476986,train
411,19.72589363256948,19.7503,train
17528,2.397824614801116,2.3246996,train
180,1.2194032890703876,1.2262399,train
4910,16.290436308315584,16.424326,train
9284,5.879990061877362,5.865281,train
52,14.56040567602166,14.513307,train
17722,3.518507762430289,3.5796666,train
17081,9.541562375096175,9.682395,train
16091,8.513348280631702,8.5256,train
7607,19.95007311870004,19.850824,train
17544,1.1517008446565442,1.1575344,train
15146,4.189415984360081,4.2135577,train
6795,1.307860689384427,1.2891353,train
13135,8.38128083924042,8.446537,train
15747,4.059635547158206,4.07107,train
18085,6.1732400282075375,6.1729703,train
4501,18.713162504553168,18.683842,train
8302,6.002525682937056,6.0645995,train
12408,3.922106470194428,3.934264,train
7648,14.87834426382196,14.924231,train
6412,1.74306519907712,1.7802495,train
11856,2.663584821376044,2.6669385,train
1528,1.4063930208777458,1.4160339,train
8279,8.825323898342202,8.809041,train
3608,7.395157062327577,7.360023,train
16022,15.188037531809115,15.302784,train
16774,1.0131467726701584,1.019569,train
6910,8.465104109819656,8.52036,train
15124,6.564687884380724,6.461212,train
17238,12.342587237349283,12.2926445,train
17642,12.048700031359475,11.949638,train
6211,1.6720271790510823,1.6010133,train
9876,4.248191663816973,4.2002287,train
11784,10.227353471563047,10.287414,train
2726,20.941144771893203,20.9414,train
978,16.330562410620498,16.3217,train
15333,5.804311480551372,5.796389,train
14047,18.40876935989427,18.401087,train
6237,21.37800672902813,21.25072,train
16318,6.682232497522636,6.762917,train
19274,3.913611195335209,3.9384966,train
567,1.5823532263806606,1.5693655,train
16340,4.5292212921792485,4.4283876,train
13921,7.431305004472475,7.4027324,train
9204,14.995130474293212,14.942543,train
5455,1.1480182279130402,1.1381348,train
9702,3.544885055601629,3.5032587,train
3449,5.498996680809131,5.6171446,train
6027,1.4063500895272931,1.4104661,train
1875,4.917851816756285,4.895272,train
18623,11.508779760360566,11.486352,train
13661,17.11164771473076,17.048609,train
16640,12.739682168299762,12.798953,train
5971,7.098574288073005,6.864347,train
6863,15.192044924853802,15.222262,train
932,3.687306963826428,3.62102,train
12176,7.942304752894016,7.920481,train
725,4.404055168415196,4.3792305,train
4537,12.702676610996347,12.731612,train
18492,3.464882923533152,3.6116672,train
14880,12.556947105042845,12.658203,train
2424,8.310536947090911,8.273264,train
1273,7.710727497369492,7.6644473,train
2250,6.588607792605129,6.551146,train
10316,0.6874480951668605,0.6813543,train
19260,5.0380463763626935,5.001653,train
266,13.216241346110492,13.1628065,train
1323,2.605284911564334,2.5108688,train
17505,4.690577184346861,4.6859665,train
1396,15.099147257725669,15.008136,train
13830,17.69248931944147,17.513422,train
531,5.277993246935688,5.305643,train
12375,7.390404518182447,7.313803,train
12280,16.74265331817311,17.029404,train
2777,14.824275935153944,14.801852,train
4438,3.0427774247638686,3.0874078,train
14714,8.252841146568539,8.311077,train
6244,21.10080949422612,21.032017,train
18229,11.576999266819453,11.66146,train
7695,9.264234811748734,9.176706,train
7812,17.406863816484897,17.426855,train
198,21.46148959336167,21.49288,train
10033,8.827801263825839,8.814981,train
4491,19.93222309402839,19.737661,train
1366,18.722914196333168,18.655285,train
10207,11.615596101917244,11.654357,train
7073,11.141441539073254,11.08727,train
12895,14.202124371280036,14.192534,train
5629,1.4567735974858382,1.407809,train
9168,19.00965996280021,18.959187,train
13735,8.448544655252435,8.45351,train
2893,2.222310409952926,2.4265363,train
7933,3.720770752317792,3.892684,train
5473,16.077632975504375,15.948763,train
5085,15.148091611934186,15.379319,train
3061,3.7161810645453177,3.7634826,train
12874,17.07779687952112,17.03751,train
17520,3.0211747941256903,2.9627707,train
11293,0.5491321001713562,0.55677223,train
3294,0.9567956812560106,0.9104253,train
19279,3.305135186682985,3.3001366,train
6788,1.982407864069489,1.9692059,train
11435,5.514259224988538,5.580159,train
12576,7.211462314138346,7.1395655,train
6542,7.00177369669391,7.162119,train
13692,13.26305264343021,13.235474,train
378,1.2554105006903586,1.2759808,train
12507,15.442988833015391,15.38784,train
10753,15.229282658799576,15.30571,train
1198,15.288062828085998,15.305804,train
13393,2.4586270796754204,2.4450567,train
6053,19.03696549947696,19.041597,train
9761,17.474744547233563,17.519983,train
5959,8.261905786475698,8.075613,train
19223,8.536767346017239,8.46624,train
4195,7.050345159590354,6.9746094,train
7232,15.00552566828162,14.945551,train
14607,20.51767004015619,20.582994,train
12953,8.008663324177654,8.163674,train
6662,15.776760226046852,15.80252,train
2402,11.33469505749854,11.158374,train
8603,16.81473158573516,16.771902,train
2120,0.7580303930156086,0.7481492,train
2516,0.2968642442035305,0.18843338,train
1887,3.608151380948157,3.596489,train
15426,19.31773637866924,19.379608,train
8282,8.024217073692604,8.066115,train
10981,11.506731508954962,11.4044695,train
2139,18.25175504088784,18.330732,train
10218,10.368120286956374,10.3105955,train
249,15.014188919553805,14.977649,train
5537,10.04574558390432,9.955957,train
45,15.305356722047156,15.230729,train
12854,19.44174835428321,19.445118,train
17978,19.59863933848155,19.580385,train
9815,10.85435736646814,10.866409,train
2394,11.459787097107236,11.404733,train
7041,15.324222616851186,15.278624,train
8696,6.110038067728697,6.093098,train
4746,13.081741785802308,13.135469,train
7769,1.886585131326848,1.8497351,train
6365,5.934783408673739,5.842128,train
6682,13.242807590269326,13.261118,train
4853,1.92764806198201,1.9340249,train
3543,13.577984140005327,13.404746,train
8122,4.787285443721511,4.846804,train
1180,16.82475291161354,17.007618,train
8545,2.2841378622258195,2.4056466,train
15105,8.391615529598205,8.304611,train
15080,10.323888805636498,10.355652,train
15328,6.034677536254926,6.0789967,train
4277,0.2760277069634195,0.23419996,train
4831,3.919715401236079,3.8542187,train
18074,7.289642633661745,7.2753835,train
13210,1.274547714987062,1.4286954,train
11708,19.1053927634804,19.161812,train
9919,0.8288187441402766,0.8339312,train
17804,15.777642917303012,15.71597,train
9628,10.576822501201368,10.757986,train
15773,1.709641539143473,1.6801609,train
17335,2.220132717098399,2.2399821,train
6864,14.726246020851306,14.770153,train
1512,2.787863018549149,2.7192283,train
9478,5.541037197173674,5.6606216,train
2902,1.4442674838865723,1.5440425,train
13083,14.181674277862705,14.163306,train
8863,9.848200556539943,9.937008,train
12411,3.842319213453208,3.7955666,train
2633,8.45549190970025,8.446485,train
10386,11.239547921079025,11.295479,train
13277,15.75653035599393,15.716071,train
18983,14.663108270873137,14.529298,train
5793,4.083768729692865,4.256968,train
6428,20.18328003440664,20.11088,train
2582,14.508465963025111,14.47525,train
18876,4.599252092411399,4.628082,train
1886,3.745234081278552,3.6657498,train
17876,7.008235822912816,7.1295033,train
3115,19.96409264339373,19.906584,train
1805,13.145568304811931,13.263342,train
18977,15.984537062900053,15.970251,train
5413,4.736022820785786,4.7417707,train
18261,8.054262236429071,7.8760047,train
17504,4.910608385894048,4.765386,train
3069,3.126767898450161,3.1327155,train
9501,3.7310871079138384,3.7198794,train
1133,2.6196917371992847,2.536567,train
14952,4.765442652055973,4.7225633,train
3191,11.392802538535896,11.282319,train
5371,9.233557337789057,9.158241,train
8654,9.55465490418412,9.563949,train
3858,2.842861595355671,2.7952476,train
19171,13.927786885654356,13.934281,train
744,2.716809813759819,2.7466764,train
10340,18.185254477664778,18.125162,train
10146,19.232941133902926,19.201029,train
12815,2.044601597973376,2.1100402,train
18788,14.246626422849554,14.227808,train
19293,2.119537679480866,2.1748993,train
8383,20.03957712772252,20.127222,train
5168,9.463330761673369,9.387867,train
3712,18.159541784557625,18.225672,train
2429,7.117807689208358,7.137903,train
13741,7.316980316740005,7.3222494,train
11744,15.09300861973148,15.009467,train
7122,6.245426575235004,6.3045444,train
8227,15.736861741215636,15.781151,train
18606,13.126230760778336,13.139677,train
17825,12.947162454227415,12.96751,train
10211,10.8422837591826,10.786664,train
4685,20.83574965063132,20.876049,train
17187,16.21917195672699,16.250364,train
2946,18.420165868810383,18.420467,train
18650,8.188272482750648,8.153543,train
14884,12.276040196672104,12.119712,train
2775,15.047486606386617,15.049087,train
8389,19.796444696014344,19.734297,train
8551,2.0197277945085963,1.941734,train
4235,3.2605838182102365,3.2926219,train
3444,5.841711333078052,5.8221602,train
14211,0.8003724060153514,0.8208524,train
7772,1.3452963989774702,1.3096938,train
6184,4.054294457138991,4.0718923,train
14391,1.1007456164386071,1.0758114,train
3943,15.812573813636092,15.78038,train
891,8.167880920936279,8.01225,train
3581,9.746555549266107,9.830282,train
15267,12.3185056745187,12.26003,train
14163,4.24786413448474,4.2336802,train
9367,16.46423903866479,16.53564,train
17945,0.5612041537042947,0.5711189,train
314,7.593162134972284,7.496291,train
6217,1.174852584381936,1.1467644,train
11843,3.813517104909076,3.8549232,train
3576,11.092865959956024,11.131357,train
4588,7.477955429702434,7.459044,train
17655,10.615479152588565,10.597278,train
15762,2.583617093734098,2.6004188,train
18379,15.94554214336637,15.9177885,train
883,8.951010075106266,8.843778,train
615,17.710852007530487,17.692646,train
16610,15.138317149189293,15.202265,train
13504,9.944329751550372,9.953076,train
15173,1.931623291536377,1.8472939,train
4345,12.22832460408642,12.242803,train
4942,11.821368492442662,11.837211,train
4575,9.028885755218992,9.113409,train
1899,2.4434798121614256,2.422236,train
10347,15.11236521717536,15.164575,train
16585,0.4794867766228237,0.45654142,train
15070,11.313294082990106,11.378268,train
6957,4.115776795758244,4.0950823,train
241,15.864311284190556,15.978643,train
1370,16.9474543703286,17.082169,train
11774,11.412446975777309,11.33843,train
3926,18.429848158303912,18.444126,train
1008,14.026429692060448,14.002095,train
3037,6.222010674153829,6.217182,train
17512,3.6653984739307695,3.6103208,train
16596,19.596429977849567,19.600422,train
17027,15.191109906240898,15.201219,train
12057,1.6992668748532918,1.7072449,train
18524,1.12037309719856,1.0474968,train
11469,2.41053171699644,2.4296935,train
18802,11.811395554636556,11.852074,train
14875,13.266241338399595,13.233332,train
7820,15.159684131348325,15.245834,train
18332,1.270445432100528,1.2559565,train
5893,15.805253331660694,15.915534,train
6101,12.999505219744186,13.003692,train
14265,14.498793473125287,14.349153,train
19087,3.6974381841752,3.6986768,train
1518,2.161427336173046,2.1723418,train
12006,6.404265671498653,6.458779,train
11768,11.871955993348452,12.019996,train
18836,8.966277839012898,8.935432,train
14166,4.236884831940647,4.2336802,train
15564,3.1743479503718803,3.1610427,train
14228,19.77825857762716,19.768692,train
1755,19.738125871644225,19.759546,train
9134,1.0680593157484966,0.99711597,train
7034,15.080144938145429,15.077418,train
16675,10.23660088504014,10.117835,train
589,19.56599680856237,19.584944,train
359,2.8914232382583824,2.9383626,train
9201,15.522816236466856,15.525675,train
16371,1.8475925824588444,1.8171291,train
5586,5.220200749450189,5.2127743,train
12384,6.509272312825617,6.4959154,train
12065,1.0810439943813912,1.0535547,train
17506,4.492775198206555,4.5194,train
19395,11.963213446583946,11.917813,train
18363,16.516106938179046,16.778921,train
7661,13.27289094606269,13.331667,train
17700,5.617433908282724,5.632866,train
7152,3.353793091960548,3.3462596,train
4922,14.056611199791028,14.119065,train
9557,18.685688586775576,18.702648,train
1631,9.723779959017005,9.746903,train
13381,3.45918860898873,3.4557483,train
15856,14.521769429170552,14.732706,train
16648,12.40095443593674,12.460939,train
17487,6.277473799763931,6.23235,train
18559,19.229726335593814,19.210289,train
11699,20.05962262196615,20.209896,train
7560,3.213069063141192,3.1685288,train
4035,5.12546256718962,5.1202145,train
13910,8.556642880154577,8.55618,train
16533,4.930031156599869,4.9503307,train
7312,7.268579808264215,7.3242903,train
18267,7.083035028136956,7.097904,train
13717,9.615991536486048,9.656464,train
11948,12.349989194416072,12.3186,train
7891,8.327053604515964,8.217573,train
13031,0.6269668400851478,0.66563183,train
3978,11.99613084240267,11.966204,train
11788,9.593025311141751,9.634897,train
9289,5.588629877639828,5.521295,train
17419,12.847950640908902,12.87925,train
12980,4.522723658812527,4.5172563,train
859,10.8826186681401,11.062419,train
6152,7.002414416399427,6.9863596,train
13695,13.262658770291418,13.235474,train
19226,8.916019395521905,8.805183,train
13663,17.111953083623145,17.048609,train
10574,12.41823952090978,12.448412,train
15734,5.024673698881198,5.0033536,train
206,21.13786425964912,21.157104,train
18905,1.8912200674796664,1.8728977,train
6321,10.82302532903864,10.963538,train
9034,10.607080241057252,10.553658,train
491,9.70193646988716,9.710913,train
16921,6.072660782911357,6.0395474,train
3162,14.346236060927108,14.397237,train
9158,20.11334822617968,20.115992,train
1408,13.22510841182526,13.15708,train
6850,14.319569693561684,14.26559,train
17105,6.64636558427085,6.6096964,train
2659,6.176359549420461,6.2045703,train
2643,7.3281914807761375,7.323267,train
17039,13.519286488253814,13.498615,train
18424,11.868488588111507,11.806344,train
3023,8.360403334795997,8.365794,train
2551,18.40713894381179,18.341057,train
13590,1.9219677796336307,1.9637743,train
10041,8.2494219874717,8.331404,train
16839,14.489408195829244,14.639915,train
7926,4.364604941947823,4.2848463,train
11154,14.54701544818216,14.570117,train
14456,15.108899108196306,15.107879,train
6257,18.84263727174692,18.883059,train
15991,0.6338784046138705,0.6197748,train
18236,10.558759280246898,10.75549,train
12152,11.279290175308562,11.113932,train
14107,10.860464018531893,10.852968,train
5516,12.827553715722852,12.7648535,train
15131,5.320506874554656,5.4077816,train
108,8.11815182065792,8.1926155,train
2673,4.163924156737335,4.1533127,train
6919,7.686913329396731,7.782022,train
159,2.911506186947645,3.009477,train
5781,5.544134888289169,5.486244,train
10949,15.245822155798583,15.282145,train
12629,2.2100959095696897,2.1022744,train
21,18.659719787750028,18.61439,train
15143,4.745525967099505,4.6667366,train
6661,15.616092483443976,15.524939,train
1220,12.267128908118265,12.487693,train
2689,3.16135616288998,3.169681,train
3471,3.0247656061945265,2.9826143,train
6442,17.236332831926173,17.34537,train
14832,18.30352975182958,18.40849,train
9195,16.043534641670977,15.932324,train
15898,9.470366410767804,9.458677,train
5031,2.760617831828989,2.7321026,train
446,14.569343205263408,14.567091,train
10563,14.500790196118835,14.495304,train
15371,2.233106219136445,2.184283,train
3473,2.938718609373353,2.9283268,train
12684,15.032639295722875,15.055089,train
11508,19.25903223196252,19.363203,train
3647,3.625772546382998,3.5796916,train
7403,21.01330665696192,21.007105,train
2414,9.35384475030985,9.211321,train
13344,6.946447584016531,6.9374695,train
7957,1.7085061500941667,1.622371,train
2142,20.592564202991984,20.62631,train
7908,6.129643090630276,6.2459664,train
4796,7.401740833177395,7.465097,train
4952,10.717427634853657,10.769547,train
11676,1.7787671218230665,1.7814136,train
8296,6.338967193813248,6.2574925,train
5078,21.11833217290733,21.07192,train
9249,9.819516903226813,9.752318,train
140,4.76179486391245,4.841911,train
18681,4.9351476205263385,4.9902997,train
5284,19.744039550313047,19.658417,train
9066,7.063343943327444,7.0745363,train
2135,20.167228433929765,20.117535,train
11947,12.636437719216572,12.554834,train
3494,1.2380110054185598,1.2119296,train
19355,17.03033950305656,17.027832,train
18804,13.144974814742447,13.258999,train
4434,3.391279041999371,3.4034185,train
6371,5.442241854510902,5.5032043,train
480,10.885510774259666,10.890066,train
6427,20.73982296917173,20.657442,train
16061,11.45763421989411,11.408728,train
8633,11.82529523926919,11.882507,train
5181,7.2987990751765635,7.2637677,train
18976,16.32732706640803,16.405485,train
1733,0.5133536809621515,0.5256429,train
16094,9.48870942524347,9.455001,train
18071,8.306311967892794,8.29938,train
6980,2.069190929467905,2.1630886,train
12079,16.965798886403203,16.871052,train
16300,8.608963320359674,8.617586,train
4184,8.324019107452376,8.292494,train
5544,9.876217789245231,9.915964,train
16672,11.325204996397876,11.252759,train
2295,2.185882153846321,2.303079,train
7150,3.703415475879376,3.6273184,train
5046,1.6038866363676425,1.5846298,train
15777,1.336762736319638,1.4428284,train
4813,5.715091476465993,5.722306,train
11382,11.622566935177025,11.481551,train
9816,10.51179512019255,10.480943,train
6749,5.679878878433128,5.668692,train
5342,12.63972798187015,12.628238,train
18329,1.3003362080956191,1.2995254,train
6281,15.398644428165156,15.523426,train
18386,16.07538888623889,16.074213,train
11354,14.46659824671827,14.549837,train
10383,11.92116882216576,11.929461,train
6921,7.277696687593821,7.4337387,train
16974,1.1083518804148698,1.0880392,train
14420,18.346144292779687,18.469292,train
15735,4.887039730299252,4.89778,train
4970,8.964062848030412,9.044472,train
17007,17.452093268913863,17.461414,train
11801,8.336724014292228,8.425611,train
5744,9.462949534623393,9.437381,train
462,13.307499214381412,13.305281,train
11570,12.2643325565695,12.543181,train
16259,13.12639675335558,13.119933,train
19119,1.0497307311379291,1.0332539,train
17232,12.578585271285904,12.610799,train
13580,2.769358015132908,2.7752826,train
18576,16.929739617501248,17.049952,train
8640,11.83916915298162,11.874246,train
13125,9.434234933192627,9.491799,train
9670,7.059781273660522,6.989289,train
3387,12.207096570533825,12.247448,train
19012,11.45005840390198,11.388303,train
16539,4.356340631308788,4.292586,train
16293,9.415927930782011,9.351075,train
1657,7.061729098167509,7.0285296,train
13548,5.95862117815914,6.0346985,train
5734,10.643615331068824,10.715645,train
10049,6.200392635075089,6.2875957,train
13919,7.737491063250124,7.7542963,train
2827,9.047051015141928,9.028403,train
14759,3.626355808451096,3.6454344,train
18953,18.008603429676818,17.90505,train
2908,1.2911896163134229,1.1927643,train
7005,19.02505640987203,19.047907,train
11236,5.443638821475117,5.4398437,train
5357,10.779686937499095,10.679473,train
10564,14.133128970023732,14.138093,train
16571,1.625940182631607,1.6095694,train
3045,5.632283631868013,5.598957,train
14477,12.34821166301306,12.345759,train
6701,10.982530602921178,10.936984,train
14852,15.935083935725537,15.79226,train
15489,11.652439690118754,11.67124,train
3665,2.0465710745954766,2.1201766,train
2098,2.2513850636999737,2.247152,train
10004,11.950916129825211,11.980863,train
4069,2.2326642652961834,2.2371733,train
15512,8.487772856557191,8.430596,train
16707,6.76434162902371,6.69949,train
5952,9.300235001095258,9.028544,train
11762,13.0020757939345,13.066857,train
9405,13.097762221426224,13.187845,train
17197,15.367026603470888,15.454249,train
15493,10.774109601201284,10.668334,train
5816,2.090668218587699,2.117437,train
1373,18.82229711164364,18.83369,train
4825,4.461223699019442,4.4828506,train
4902,16.614794401783186,16.668913,train
18440,8.794056908617254,8.701487,train
18311,2.943107437870832,2.918901,train
216,19.770908924360462,19.739895,train
15090,9.331968867144028,9.343441,train
16909,7.046487395752009,7.0357165,train
9151,21.94994550402353,21.81524,train
17477,7.297372822748013,7.2667117,train
120,6.832391595605546,6.868912,train
7478,11.93335344740838,11.879084,train
19052,7.1587069787085,7.109721,train
15729,5.783603627288518,5.7057037,train
8268,10.301848440059649,10.249076,train
11113,19.58627689346413,19.535028,train
10527,20.282727165349456,20.316874,train
7834,14.18559853669132,14.261682,train
784,20.663995294326035,20.736519,train
7599,20.64732387905948,20.650764,train
15114,7.618718263422575,7.578037,train
7665,12.843518562437737,12.85218,train
6744,6.047744875996592,6.0213137,train
6997,0.8384218302971965,0.86919737,train
3574,11.689245847751089,11.763154,train
8609,13.4630525710968,13.422527,train
18796,13.742028126241864,13.680248,train
3753,14.501997264199954,14.495301,train
1850,7.198331616683447,7.1363072,train
341,4.6817428036496,4.735153,train
6225,0.5767619024783367,0.6130313,train
5864,19.661282601313307,19.606527,train
2140,17.828307485972168,17.886358,train
19292,2.1923935661638545,2.231683,train
18065,8.407081997537789,8.42742,train
2122,0.4701373166235115,0.4651815,train
13546,5.687542537290087,5.6993847,train
11936,14.047203374925736,13.9858265,train
14775,2.1045841315936613,2.3036175,train
16868,11.497332784135688,11.510304,train
4528,13.465695453755185,13.318128,train
6869,12.7604927944354,12.695117,train
11709,18.82741341513386,18.930454,train
10266,4.988068599912748,5.044055,train
1068,8.323983690409014,8.311768,train
4202,6.813375709383334,6.80908,train
4119,14.141758120603033,14.145661,train
8162,1.2366592304343516,1.2677507,train
4752,12.74898520551708,12.687393,train
8869,9.174974044229884,9.193404,train
6947,5.073604169274304,4.996329,train
9553,20.743959560497416,20.734205,train
19194,13.160338461408449,13.051564,train
16426,17.09102544820599,17.073141,train
11555,14.61639823447342,14.555651,train
3279,2.024504448225249,2.0731056,train
747,2.393834080008051,2.378951,train
5668,19.464233900020933,19.4316,train
15705,7.716612407169402,7.79634,train
13353,6.083266061104112,6.086811,train
10089,2.640942879502648,2.7623408,train
13519,9.033097089463366,9.003829,train
14462,13.491492102599432,13.535229,train
832,15.305863521412842,15.261607,train
12379,6.637823250086994,6.680432,train
895,7.463150259287164,7.429942,train
18529,0.7716837662058911,0.7783647,train
5810,2.7820607105919204,2.771129,train
7531,6.196198465420722,5.953469,train
2895,2.152004469152414,2.1775117,train
9004,13.845776630311024,13.8526,train
11848,3.4152985953012345,3.4497426,train
18582,16.42566074259371,16.389252,train
448,14.564130724411813,14.567091,train
8911,4.645790074350748,4.643385,train
2271,4.490078952414508,4.4724483,train
15065,12.691351192780717,12.667512,train
12794,3.919558132796091,3.9557407,train
4267,0.8027569221220608,0.7723321,train
8186,18.31581092224373,18.453924,train
13776,4.135387943950247,4.1387854,train
7693,9.457881238938787,9.409322,train
4693,20.13281143577057,20.18552,train
8098,6.951650121852188,6.9286923,train
15449,16.5152647111682,16.594551,train
678,8.578724897894663,8.575276,train
7461,14.292124606826324,14.127402,train
10483,2.359192186275857,2.368478,train
10295,2.206730904428017,2.216124,train
4660,1.1840946881225194,1.1833253,train
6651,16.77417754559632,16.846228,train
295,9.714942687008582,9.477463,train
7444,15.750704103070529,15.883764,train
8529,3.879429719511169,3.9631062,train
430,17.107279988329104,17.070015,train
7001,0.654555684103832,0.72756124,train
1010,12.96674856802701,13.058124,train
13983,2.008575103279494,1.9443256,train
14461,13.66170756180409,13.742796,train
15704,7.913764329954234,7.941985,train
12084,17.583000833774395,17.523228,train
6510,10.546740465007744,10.65188,train
8789,19.159000601941766,19.137514,train
9177,18.063455505895785,18.029129,train
14580,1.7715890402439602,1.7302356,train
15871,12.822055497969258,12.747665,train
9718,1.989381972963712,2.0842137,train
12399,4.710425938748424,4.790798,train
351,3.714511248038837,3.7242594,train
16032,14.299620117677854,14.438055,train
9044,9.535181961629023,9.486797,train
16319,6.5929902255902055,6.597904,train
16825,16.90299293889137,16.815031,train
3338,17.806320375834503,18.003244,train
9608,12.738276698023496,12.820225,train
2672,4.1726322666486295,4.1533127,train
8751,0.9535783176444336,0.90984714,train
2100,2.1063701979943104,2.137617,train
17235,11.829869120166014,11.870405,train
17112,5.987955874524712,5.940665,train
2046,7.012265053382612,7.0250244,train
15144,4.540501524822673,4.4851375,train
13637,19.772529955033903,19.87141,train
13085,13.706787839355735,13.707221,train
11556,14.35355559639058,14.39682,train
13979,2.2599218412286333,2.2993505,train
15570,3.05290670589074,3.1167657,train
1953,19.74383917678251,19.756355,train
3496,1.1903131753274458,1.2078897,train
13623,22.50738266640836,22.493107,train
6702,10.79310619381214,10.786427,train
8401,18.141072361249964,18.18242,train
903,6.701895262844061,6.594794,train
12768,6.477102820605845,6.437494,train
3360,15.734627346749688,15.567382,train
14618,19.03268578760096,19.041054,train
15946,4.097984742831338,4.302236,train
1547,18.61043811535114,18.591383,train
10852,4.548759550210238,4.622686,train
18438,9.379921209517423,9.267866,train
8077,9.106222071593072,9.074988,train
5648,0.3165299443937597,0.26790535,train
9677,5.653039040921825,5.6943073,train
1929,0.2641914975353675,0.24984004,train
14657,14.73639731898763,14.852882,train
8335,2.855186307068888,2.9070399,train
17786,17.621785155380426,17.67042,train
816,16.205792181119357,16.128845,train
12771,6.100045337963951,6.1027923,train
9312,3.0353350746478465,3.1822884,train
6634,19.31371307972037,19.258139,train
7780,1.0977512034884571,1.0750146,train
19496,1.3981413373557172,1.3858025,train
14254,14.737792961944736,14.728136,train
8648,11.483356189111872,11.472781,train
11286,1.090593328290994,1.0789984,train
2064,5.365054037442183,5.3754177,train
5322,15.08855538715184,15.123615,train
14673,12.60787385053011,12.584748,train
13428,20.67693837790923,20.52197,train
9426,10.7975272306608,10.765527,train
5272,21.4901934227564,21.568027,train
2833,8.252386035749165,8.271852,train
9746,17.345587908735034,16.678196,train
3605,7.993552884113296,8.0677805,train
4812,5.847590070309752,5.8567686,train
10021,10.641083159322024,10.713871,train
8445,13.265822111974416,13.304534,train
2341,14.852555623699258,14.75211,train
13382,3.378235671916928,3.378594,train
12388,5.821374365901776,5.82214,train
15879,11.777184892751665,11.720923,train
10988,11.04069672164196,11.040977,train
18400,13.226969863695984,13.115069,train
7153,3.1952871164650927,3.2876916,train
5402,5.835674835067344,5.8418374,train
11273,2.0175297934328773,2.007572,train
9103,3.623402150046,3.628763,train
10338,15.591595874069784,15.621393,train
5070,19.704824306091748,19.566364,train
8079,8.772541747576268,8.742751,train
10068,4.5325194584507145,4.5988164,train
19272,3.877895317250715,3.8525362,train
12941,8.109400507288603,8.101906,train
13397,2.048190911579892,2.0357382,train
8599,14.688269051156832,14.817221,train
16856,13.106536102991218,13.12579,train
8427,15.228391934030244,15.230457,train
6033,0.72495626281473,0.8036162,train
9903,1.962610431777208,1.9987428,train
1056,9.997935736558215,9.942865,train
17193,16.790377428426147,16.800318,train
9535,0.8763515411310029,0.8443131,train
4562,11.015264494387596,10.906417,train
2704,1.4696150130311814,1.4763777,train
5089,18.62022656827149,18.651367,train
14805,22.424924676091795,22.43961,train
7280,9.831538624823663,9.848065,train
19463,4.949432513457753,4.972203,train
8278,9.136968310960134,9.034536,train
12745,9.054288660919172,8.97113,train
2084,3.469761776000784,3.483587,train
10320,0.6341384099352393,0.62847155,train
1753,16.69716168274691,16.705488,train
16250,14.108968931235603,14.14301,train
16262,12.757371334327528,12.780401,train
847,12.510509401378195,12.455953,train
4722,16.51454810180791,16.475029,train
14835,18.393962315549448,18.344486,train
11376,11.713126370006949,11.665546,train
11929,14.115991984050602,14.161427,train
3685,0.5713950891305482,0.6238841,train
15305,8.52520497581741,8.5178795,train
3109,0.3307325898724917,0.31270593,train
4524,14.579112723503204,14.490614,train
7837,13.56893692548072,13.593448,train
10187,14.047204632786237,14.0706625,train
12113,15.184581989113838,15.228897,train
12753,8.263794165732223,8.356088,train
843,13.724691417087518,13.694202,train
3414,9.123488665814886,9.188922,train
17877,6.925161350130811,7.0186944,train
3026,7.466456052857905,7.4384418,train
646,13.075366478201335,13.015039,train
11117,17.90651678434595,17.947596,train
2697,2.2765594840583194,2.2779753,train
11822,5.970684643077344,5.9412975,train
3794,9.463758159701314,9.613162,train
17453,9.085631397823471,9.029232,train
10321,22.49037723608412,22.544443,train
1147,1.3764321260795662,1.3755432,train
8026,14.4649747032827,14.446467,train
11547,15.230326889003956,15.162213,train
8474,9.708403351638117,9.655898,train
1588,14.8967644556609,14.857273,train
8088,7.937878681881169,7.907953,train
12550,10.485630033732123,10.437774,train
16993,20.20351240260101,20.25406,train
5346,12.063660596847273,11.952044,train
12695,15.4618315193929,15.502863,train
8667,9.539024716844573,9.52005,train
10164,16.820094751754475,16.895285,train
2450,5.150036410765413,5.288192,train
7344,3.812192775515075,3.8399608,train
112,7.75117155525479,7.8355527,train
11441,5.038510671525604,5.0843396,train
10843,5.385193564941154,5.387023,train
679,8.306623687400219,8.121948,train
13036,19.45900822177257,19.520712,train
10363,14.198897593881686,14.134179,train
7708,7.856432729913121,7.8986835,train
15746,3.876485146310402,3.8772674,train
7172,1.6610939574118149,1.5683265,train
2181,14.215013594778412,14.189847,train
19493,2.133102325123369,2.1272132,train
125,6.487499993787864,6.2523627,train
14614,18.627753018731138,18.412725,train
9831,8.073580449434692,8.157807,train
17253,10.009023171945724,9.963881,train
10504,0.8614290163811313,0.83996475,train
16497,8.76966255716837,8.819247,train
10846,4.901723851073986,4.8257256,train
13055,17.43281350483227,17.539173,train
945,2.499358376694785,2.4694488,train
6162,6.032679623916628,5.997035,train
18218,12.823788000106676,12.894756,train
17604,17.077505824513896,17.034178,train
1728,0.6279995508862429,0.6443915,train
18255,8.311130078163501,8.328922,train
6052,19.695940904043542,19.572788,train
11417,7.290299356120233,7.238715,train
5578,5.830493738301683,5.8395777,train
8014,16.163607688519992,16.011524,train
11403,9.046491741277574,9.0578575,train
6746,5.898787463600174,5.9540863,train
7950,2.3505137611788745,2.1696165,train
14238,17.825237893645337,17.79536,train
14699,9.807896086679513,9.828211,train
996,16.125832505717728,16.03097,train
16697,7.742898901570293,7.7562785,train
4558,10.50213482128152,10.399647,train
7503,8.5117116101058,8.598722,train
7434,17.029770716449306,17.07964,train
3393,11.563801851810284,11.498098,train
18279,5.942359589878797,5.9380984,train
3948,15.788934282277587,15.78038,train
16007,19.83789314868477,19.71224,train
12270,17.75343871238163,17.998861,train
5416,4.517169051696414,4.5986805,train
17628,13.845052135211477,13.953827,train
2810,11.076562375948988,11.018077,train
2597,13.169562465835762,13.215298,train
16792,21.940820425729804,21.921476,train
2701,1.4839025228572034,1.4763777,train
12931,9.079743310541671,9.039606,train
18415,12.74364924736245,12.7186985,train
12907,12.24953235820973,12.174973,train
14595,0.5980983529049294,0.6155814,train
14425,19.721642901679125,19.732616,train
7494,9.644594208750718,9.687619,train
4590,8.288851079851584,8.199775,train
1672,5.465144855018418,5.3917933,train
1976,14.845156691361865,14.875568,train
14788,1.1594156306589418,1.1699545,train
18076,7.257377340677532,7.261394,train
3032,6.197980880367579,6.266054,train
15560,3.98887950297273,4.070517,train
11352,15.264155243891482,15.305536,train
9170,19.758194627168606,19.902306,train
3900,22.480537423976923,22.501331,train
17316,4.010197199290788,3.98325,train
8057,11.15271448780124,11.151176,train
4168,9.415496943720976,9.363746,train
11475,1.850142265549349,1.8764864,train
11272,2.0878306492200025,2.0951517,train
7675,11.62929701676943,11.642611,train
12886,14.82914601633669,14.7948675,train
18767,17.009945548514175,16.96127,train
12956,7.243977920478222,7.161332,train
4768,10.3565322039569,10.410862,train
4158,10.41830146639238,10.460181,train
11588,10.517071684977232,10.630349,train
16880,9.993457495319223,10.058706,train
11615,7.703148412499599,7.692909,train
5940,10.527105811112262,10.479082,train
1678,4.868711194123946,4.9371805,train
10451,5.2392300696987375,5.262921,train
14977,2.2023539417743976,2.265655,train
16116,6.611731824251777,6.6260295,train
2156,18.44129015681972,18.470114,train
5610,2.885291955177551,2.8822718,train
2043,7.609037898538723,7.5273356,train
2574,15.742452706480483,15.723158,train
13226,0.4219989570377528,0.42685273,train
4375,9.127155866879043,9.043744,train
19444,6.198790563209729,6.1762075,train
10042,7.97376670353969,7.920081,train
1837,8.969426953083428,8.9460125,train
11561,14.39472246638726,14.274908,train
10698,0.609568050987135,0.6257035,train
13301,11.52652891340297,11.479148,train
16246,14.836926975091105,14.968748,train
12671,18.33256355061277,18.321978,train
18348,19.99766786667581,20.05235,train
9964,16.662391031934686,16.624754,train
18338,0.608403887834567,0.63097984,train
10055,6.138610339835712,6.086931,train
15297,9.196034346087425,9.161153,train
13132,8.866028186560438,9.00633,train
10438,6.811539488573861,6.866514,train
3804,8.31331263951954,8.403618,train
11631,5.998843823008123,5.7820425,train
5591,4.453507984448431,4.4645,train
14362,3.471083702766037,3.474847,train
17820,13.49973330933249,13.52805,train
16414,19.72811980250537,19.672546,train
17254,9.811228633518157,9.775844,train
17180,19.31774656949391,19.188225,train
6707,10.25889001219584,10.190321,train
2230,8.698351291203247,8.734033,train
5641,0.7041088808604437,0.7276867,train
13847,16.225986857620093,16.179026,train
10691,1.1603596443523865,1.1058894,train
1331,1.9551732540148268,1.8903973,train
3222,7.66475177731325,7.63832,train
3181,12.566672107766149,12.673509,train
5462,17.940898900606406,18.084381,train
10081,3.8616816917307215,3.836398,train
18686,4.066333329719531,4.0721025,train
19285,2.8272103951476293,2.8170283,train
5110,15.417596427777143,15.495089,train
12410,3.6758711618847735,3.7686265,train
17940,1.1914776841611276,1.1704094,train
19123,0.901580598728635,0.88283587,train
13289,13.09374395285693,13.146093,train
17091,8.371230872602442,8.439744,train
13985,1.8035150469472008,1.8467803,train
15329,5.926764646662801,6.001811,train
6761,4.538818071729849,4.609407,train
3782,10.596958009917364,10.658814,train
116,7.251299707511628,7.2614717,train
6453,15.90839678337277,15.995274,train
15778,1.2751843983187547,1.3304744,train
4463,1.018839015846054,1.005041,train
15715,6.755057290085255,6.8053617,train
17503,4.43509034123147,4.3204393,train
13437,17.705730771531368,17.657047,train
174,1.858913397902148,1.7218013,train
17229,13.502243089675028,13.52758,train
2876,3.903472372691517,3.9136434,train
6630,19.26032480152517,19.286688,train
17959,22.23927615786153,22.203955,train
10424,7.739561241235138,7.706526,train
13802,1.4432955287078126,1.4491639,train
18375,17.837880867054587,17.842306,train
4098,16.733769719770365,16.735592,train
13454,15.713945800961586,15.577304,train
9904,1.8754205958912329,1.8727857,train
16047,13.839266933294136,13.840281,train
3834,5.050102973235349,5.0400076,train
17838,11.333863462921952,11.407778,train
11675,1.825763344722931,1.8002754,train
17816,13.95440846690733,14.036831,train
15129,5.598376814532343,5.680501,train
14125,8.529832587620621,8.511392,train
11243,4.795832990311193,4.791959,train
11664,2.737705851579449,2.706602,train
18429,10.188587516656446,10.236688,train
10411,9.28580771588245,9.258177,train
4334,13.552769089727349,13.617773,train
14324,7.098326029185014,7.0294247,train
13490,12.46593499316798,12.434018,train
12675,16.681231327192446,16.495277,train
951,1.90015633043154,1.7901596,train
10479,2.700709810499749,2.6386316,train
14610,19.55269598767989,19.596447,train
12910,11.27100733364362,11.252776,train
14545,5.0677312181231375,4.9704447,train
7229,16.172649185635514,16.157587,train
19070,5.34743622827662,5.3491454,train
13767,4.14094106013772,4.1387854,train
16013,16.029254793227565,16.242353,train
12419,2.929121834663001,2.9760697,train
8132,3.813586048831976,3.8187761,train
6784,2.151775479959656,2.191195,train
16833,16.383730159011723,16.361204,train
7362,2.1833984929116914,2.2324245,train
3407,9.933977695133857,9.949003,train
3157,13.581872656554904,13.595517,train
13256,15.805464248063709,15.75967,train
14116,9.681575583967032,9.697048,train
4845,2.61936660709838,2.6330564,train
4112,17.091880532026018,17.051497,train
336,5.049702128229951,5.0794497,train
14718,7.754394470106432,7.827309,train
11497,0.4129862000554544,0.4090528,train
9332,1.3429415240069924,1.3249874,train
9603,14.497018970669169,14.410901,train
15448,16.5956917075811,16.664236,train
6362,6.375182810985044,6.4776134,train
2095,2.495258592199969,2.4982185,train
12594,5.125461342324135,5.178271,train
3385,12.483952516641512,12.508531,train
14433,16.607235708667076,16.672728,train
10109,1.18078200972302,1.1838455,train
18357,19.32910757983097,19.170147,train
2160,16.8058500191604,16.851332,train
14760,3.566536292262437,3.5488758,train
654,11.965007977935224,11.973555,train
15556,4.083180859690539,4.0941606,train
19287,2.6248201449315265,2.597066,train
8137,3.327425619977069,3.3516302,train
18862,5.5841965844890495,5.6468577,train
12194,6.287622162566887,6.3555713,train
15411,21.301787677165475,21.521942,train
13534,6.961391069873869,6.9813194,train
18070,8.32231243266868,8.29938,train
5147,9.591836216870568,9.6655,train
868,10.080565592036375,10.183985,train
4933,12.711022933998857,12.696181,train
19411,10.533965448928926,10.570019,train
14656,15.110558891977432,15.154002,train
2328,18.39199872636048,18.462795,train
13495,10.948383900604748,10.929291,train
14697,10.118499334133288,10.123368,train
8240,12.968175659999892,12.895218,train
16066,12.10994067874087,11.985945,train
9727,1.3456796148118726,1.3917704,train
8358,1.099080507340166,1.0768186,train
18831,8.884258607078879,8.861459,train
7687,10.226957827416005,10.1279125,train
15639,17.093402068973724,17.068127,train
1847,7.829451507258363,7.7629714,train
525,6.312384663973158,6.3088503,train
493,9.692920058227015,9.710913,train
10219,10.303586908023195,10.248317,train
1432,11.599825674505755,11.493711,train
3927,18.424010955831086,18.444126,train
17912,3.6633798401266655,3.6315637,train
5321,15.257749976866103,15.314867,train
1060,8.640728779049578,8.823662,train
444,15.817883055846275,15.828574,train
17228,13.918755391929889,13.975208,train
15723,6.12753085818326,6.091537,train
15750,3.673995463969104,3.6404755,train
13886,11.497858234534162,11.5015,train
7058,12.113433024650512,12.020125,train
3230,7.178979276162764,7.20542,train
14886,11.85808595402811,12.016404,train
5269,22.20264963800935,22.178219,train
8756,0.5542817801161121,0.5652916,train
18929,0.2401094764847066,0.23266242,train
15414,20.837799726732424,20.712759,train
17230,13.159672241153514,13.215606,train
12661,21.1247852164651,21.15765,train
4522,15.583729897291102,15.517138,train
3466,3.728592866878931,3.7459168,train
15137,4.964157456367017,4.9779277,train
9759,18.93290031276261,18.941093,train
5574,6.6361495428428885,6.543817,train
18901,2.112870483470156,2.1704519,train
13238,21.09105277887433,21.058935,train
17364,0.3261082835876007,0.3085317,train
18304,3.099092667719041,3.1522808,train
8141,2.9870400252575937,3.023733,train
8920,3.739428050027336,3.7281387,train
13139,8.386311539598765,8.328472,train
17799,15.956623555864487,15.938985,train
4421,4.879636439374504,4.7254996,train
8143,2.797430375077442,2.767979,train
6907,9.183703930509264,9.110289,train
15533,6.225645518911952,6.180211,train
15870,12.907130842970233,12.805559,train
3233,6.375131208918469,6.4134393,train
9756,15.39094134558202,15.185494,train
13987,1.6396366947521106,1.6698416,train
11031,6.281527921044455,6.323211,train
2354,15.596515822443374,15.465903,train
837,13.610877789297662,13.687052,train
10120,0.5320110832228061,0.57841647,train
12880,14.154743155450232,14.198767,train
13949,4.857685014843986,4.868147,train
4134,13.676542993864132,13.66197,train
18351,18.4804275670092,18.492893,train
16126,5.574427223550825,5.5591354,train
8414,16.259413875362064,16.23966,train
13651,18.43345786265234,18.422369,train
8785,19.2947252654024,19.459038,train
6507,11.22879659871312,11.19202,train
3779,11.051195429381988,11.143287,train
18253,9.118246201279575,8.922929,train
14992,1.2664910081010297,1.2343987,train
15595,0.7299132045676486,0.73854876,train
5556,8.234556474830942,8.197418,train
14961,3.841179191577944,3.788074,train
13,19.38926235563947,19.390993,train
9969,14.306471839007878,14.27682,train
3470,3.0692224754121216,3.0039415,train
15030,15.4110691131581,15.469757,train
15134,5.536705404131287,5.4166346,train
7919,5.077683399317541,4.940402,train
6573,3.9692005215367625,3.9594278,train
13043,20.205171050902617,20.109543,train
7878,9.198466395606316,9.251759,train
5505,14.388790861801915,14.288879,train
7776,1.2188516353565213,1.2053487,train
2517,0.2660194622084879,0.14274563,train
17598,17.621868215705287,17.638985,train
14005,0.3467328324042219,0.32772973,train
11783,10.38890218083547,10.427748,train
4641,2.7983778226700737,2.870442,train
8901,5.6652794629932455,5.678514,train
1247,9.914032926230668,9.9436455,train
14857,15.327260545360902,15.3955965,train
7549,4.173685848560125,4.0945625,train
15260,12.750628711118262,12.825697,train
11169,12.278753549516209,12.303416,train
14310,8.665386245499551,8.660023,train
6095,12.655246177236734,12.558924,train
6238,21.014332519059582,20.986773,train
19460,5.007451770625539,4.9937453,train
5318,15.771056792744623,15.794953,train
17569,21.3089243179576,21.37502,train
9924,0.4720049162612989,0.45965484,train
7178,1.1395866541731534,1.1287543,train
12365,8.477174564574998,8.360845,train
6315,11.73603158791876,11.597695,train
2470,3.44699486739884,3.5065901,train
19417,9.493160675839531,9.396671,train
12992,3.893884523835457,3.916422,train
436,15.831439733270454,15.828574,train
10156,17.93044510666136,17.937527,train
16370,1.8831564649795824,2.0099926,train
9060,8.373390099625132,8.350641,train
5758,7.892311874482033,7.817562,train
17758,20.85632025110036,20.893896,train
4104,17.462677057783434,17.414207,train
8345,2.061136285936517,2.0899212,train
11190,10.028245357841625,9.977337,train
1590,14.33563270849728,14.322647,train
15356,3.4260267294597297,3.4129436,train
46,15.792975133384893,15.87031,train
19309,0.9234168728081736,0.9436881,train
657,10.840698965087036,10.915616,train
13196,2.525248720966669,2.5490804,train
14253,15.008851004670529,14.918567,train
9931,22.48439349644082,22.539715,train
14562,3.270151765193173,3.2959173,train
13744,7.315363696804497,7.3222494,train
12362,9.167136144825554,9.0704365,train
14990,1.3127887476637246,1.3116827,train
12442,1.0652227765576812,0.99336576,train
2523,22.39005807984181,22.362822,train
1869,5.293642107956219,5.2189436,train
17486,6.518220236123136,6.5217843,train
5396,6.527667452530824,6.538368,train
10230,9.094551735223805,9.06411,train
19093,3.2185010729365047,3.200435,train
13017,1.5386901056576536,1.5335262,train
3917,19.766888460846364,19.765043,train
19013,11.327639225497704,11.195209,train
5632,1.2555915242098543,1.3441929,train
11597,9.59698190160566,9.586108,train
2866,4.8748578009828485,4.890974,train
10060,5.045509149502136,5.322556,train
15275,11.74498973323116,11.759083,train
9196,15.889084567800884,15.763554,train
2690,3.15515107789685,3.169681,train
10943,15.473028838824993,15.616531,train
1607,12.782992484846512,12.736535,train
2408,9.197569839463922,9.166485,train
13833,16.434069047277724,16.48713,train
16999,17.79825112784772,17.945993,train
18537,22.08191210024357,22.127193,train
15213,19.476099773769743,19.413221,train
17709,4.682070771230014,4.6505384,train
16427,16.668249037122997,16.650394,train
6458,16.794630380368876,16.705544,train
17480,6.676608804763239,6.8808527,train
11867,1.768863303814702,1.7526709,train
16317,6.785476592288529,6.83618,train
10007,10.868358764744556,10.752095,train
14916,8.352784946108823,8.487907,train
4619,4.470425384272893,4.5054073,train
2542,19.71707381883497,19.656134,train
16388,0.5446440998130849,0.532471,train
6044,20.87300457304164,20.846487,train
1135,2.366869126735025,2.3020196,train
11870,1.6159247229245888,1.6555654,train
248,15.234502486624644,15.265552,train
14872,13.572418364370844,13.547681,train
7988,17.749310805692772,17.740072,train
2007,10.81065825055932,10.774555,train
4639,2.729895436828456,2.6134315,train
1611,11.89128531713586,11.894571,train
15253,14.863232804574322,14.9280615,train
18745,20.518190747930777,20.488708,train
11953,12.63032236972384,12.594719,train
12905,13.061556864206176,12.98295,train
17580,19.789103310766965,19.761,train
10413,8.899376379864714,8.919095,train
16895,8.774907833127362,8.7509575,train
18501,2.7767239342352603,2.845637,train
15757,3.0846290666154546,3.1309562,train
2563,17.054338620509817,17.044104,train
12295,16.5914154548558,16.537382,train
5945,9.539609628269144,9.649984,train
4145,12.24605544401985,12.216002,train
8802,17.296226614840606,17.462172,train
5947,9.46933666394919,9.585033,train
11061,3.4213023490236063,3.458564,train
16897,8.42298708463181,8.444929,train
9541,0.3677410691639659,0.3208772,train
17473,7.188398688711157,7.18237,train
15270,11.763465445371317,11.752021,train
4040,5.11681641559212,5.1202145,train
16029,15.429010353621724,15.358909,train
5535,10.641216194844858,10.548671,train
14866,14.29618724139271,14.310349,train
2766,16.133511938745183,15.996004,train
141,4.699325923680111,4.737047,train
6447,18.383078486487456,18.364347,train
7577,1.5215881750821236,1.5204213,train
3226,6.787620752717203,6.8359485,train
2149,19.29695639538064,19.265387,train
1882,3.845311856826013,3.8348496,train
12027,4.290375547848561,4.212957,train
6756,4.865228819251721,4.8811293,train
17111,6.122596904281905,6.062804,train
6376,4.80301429437361,4.7212567,train
16614,16.88650370115143,16.797548,train
10650,4.704486771009798,4.690267,train
9914,1.116753910924422,1.1159047,train
2107,1.5634511579150872,1.5269221,train
17626,14.16059691117463,14.170863,train
19311,0.8297986294041048,0.8277028,train
17065,11.08834998703986,11.161186,train
14883,12.337507510755302,12.233658,train
11134,16.846052151196968,16.818138,train
2111,1.2177012209582443,1.275568,train
3542,13.95343258346735,13.884711,train
7210,18.21694078917831,18.281994,train
17754,22.51520378390457,22.482807,train
143,4.585927476551976,4.439942,train
7167,1.90459663028166,1.9445719,train
9532,1.046816219220133,1.0433676,train
9707,2.901841414569038,2.9455264,train
4954,10.34186620140026,10.318168,train
16559,2.554358625119497,2.5275486,train
13700,12.023002320550027,12.049966,train
2310,1.154252336205127,1.1022509,train
4233,3.5636254297682104,3.4644713,train
7775,1.249778961815554,1.2497976,train
5499,14.153819501389766,14.2197695,train
9853,6.782375273048055,6.77458,train
10181,14.528107098313274,14.448156,train
633,15.796566483337209,15.826226,train
6530,8.37981980662126,8.3943,train
1334,1.6438504889769912,1.5744945,train
16186,0.4112729929118834,0.41950276,train
11670,2.3770280205784715,2.456941,train
7974,0.4695775260830401,0.46821925,train
15917,7.239661382183065,7.3671365,train
14864,14.605901912199908,14.472163,train
4236,3.1288266158888014,3.1587758,train
7970,0.8963615443726448,0.8565324,train
19304,1.1907546555531712,1.1866099,train
13362,5.224049604052092,5.1834373,train
11884,20.590962607033507,20.594246,train
2623,9.612568048660115,9.59962,train
12312,15.306522128916894,15.369079,train
11543,16.402772444223725,16.331697,train
7790,17.895125283421695,17.92946,train
1026,13.137246337522903,13.095604,train
1608,12.552579013219924,12.609895,train
12233,2.615914340672248,2.6624553,train
13474,13.633075289170431,13.6206665,train
14746,4.86534939887099,4.9438105,train
4888,17.059186524145154,17.078537,train
7173,1.5609398492637854,1.4709804,train
3276,2.276507979866759,2.3315043,train
5121,13.676479790316584,13.668484,train
16107,7.402985079950828,7.3479657,train
3248,4.608967275839894,4.677484,train
11372,12.82319359601823,12.821404,train
12837,0.5345919726627134,0.53542054,train
6670,14.595993514492426,14.58803,train
616,17.030126192617566,16.930948,train
11714,18.933224024679102,18.960302,train
18863,5.4040664917693855,5.485771,train
7793,18.95624768763341,18.910917,train
9844,7.608757481868438,7.5763016,train
369,2.0184041583519554,1.9910554,train
15469,14.054069716384667,14.168932,train
2145,18.602716376045144,18.624283,train
12203,5.478139841100478,5.4216905,train
8070,10.770819255048693,10.90186,train
71,12.354787877786478,12.354116,train
7451,15.52816600163004,15.462055,train
8182,20.36471229452398,20.337767,train
14295,10.756122217891312,10.917652,train
10747,14.733712228187551,14.751072,train
468,12.095911306991743,12.221197,train
9566,18.02298843012567,18.100742,train
2309,1.1932568231237088,1.1508636,train
12291,18.358176141163128,18.331306,train
5742,9.604446999196922,9.510812,train
14022,22.43683633123702,22.432055,train
459,13.316641763117984,13.305281,train
10892,1.0130801608076114,0.9832876,train
14136,7.400547289894104,7.376187,train
13775,4.136003126880063,4.1387854,train
16475,11.57917535318044,11.459906,train
12286,17.353308456548813,17.307869,train
15880,11.701026642018777,11.655614,train
14208,0.806343582234732,0.8208524,train
10724,17.788428896478603,17.807486,train
16080,9.7174337280619,9.758916,train
14117,9.67847733543744,9.697048,train
6787,2.023937809368084,1.9988238,train
15386,1.0161221395181574,0.97979486,train
900,6.618832711144921,6.8609133,train
3456,4.694959687227901,4.703558,train
19277,3.531948182876122,3.5780728,train
12780,5.257448159906956,5.229569,train
10441,6.2195350817466935,6.249478,train
8393,18.7619810991328,18.758022,train
8085,8.422944031285523,8.344037,train
9840,7.399265469521028,7.394149,train
3321,20.78416936330791,20.805387,train
1342,1.0462802318784372,0.989535,train
15161,2.7168616614408503,2.773516,train
8595,17.286231479305187,17.245575,train
6114,10.44451356843615,10.485867,train
4432,3.671105728179389,3.6377914,train
5808,2.874433450377156,2.886775,train
13807,0.7265196683299397,0.73948205,train
1085,7.158002218223976,7.091906,train
3487,1.9283087380479207,1.9719218,train
2349,14.516553408089042,14.463228,train
15827,18.30304207253764,18.24653,train
7105,7.53253310769519,7.708451,train
10227,9.274992196693256,9.211079,train
8837,13.05657338813165,13.023738,train
7725,5.920424391120317,5.931807,train
13348,6.758516771871667,6.8501525,train
10636,5.820730869045066,5.8842263,train
12692,14.67374783729145,14.67974,train
16063,11.019625534830707,10.935383,train
14179,3.262228076798286,3.2897835,train
9577,16.440341200171865,16.486103,train
4894,17.1298840296416,17.062317,train
6185,3.937951062345528,3.93963,train
11637,5.3673682782067935,5.4080925,train
4684,21.142061516597984,21.14023,train
2025,9.243786779326948,9.337229,train
3935,17.109837614605468,17.112486,train
11239,5.133303472392085,5.153096,train
9505,3.183526041822211,3.2346845,train
1118,3.640945973718321,3.66778,train
5707,13.744623844299149,13.868574,train
17990,18.19933411772895,18.211716,train
1215,14.076161122640787,14.089822,train
15263,13.690849534380456,13.633079,train
18504,2.8752748073397307,2.8121493,train
2868,4.779657309332141,4.6192765,train
18144,22.52946332895932,22.627317,train
13536,6.615960911489826,6.5681624,train
2469,3.566075508547975,3.6239765,train
13823,17.254967133215356,17.28453,train
15135,5.323518899061408,5.2686725,train
6515,10.495794820291804,10.5886965,train
10683,1.7839034600337766,1.7162035,train
734,3.616359616207351,3.59423,train
9497,3.8396877392849342,3.8295338,train
7459,14.347938329428295,14.284667,train
10782,12.259613830251729,12.244506,train
12797,3.665379611385805,3.5910697,train
9366,16.774861065655866,16.785126,train
8130,4.071878115459142,4.1132684,train
9989,12.25658046612708,12.111443,train
9181,18.064129866547223,18.008223,train
17436,11.946334032643632,11.910172,train
12462,20.997776661399765,20.976004,train
2737,19.58532567353621,19.619822,train
19470,4.005584229788509,4.0543966,train
4926,13.18959525074266,13.270199,train
11599,9.26059514490168,9.483443,train
1598,13.721433226880846,13.709704,train
18766,17.458931013635386,17.433493,train
13242,18.07315564409016,18.053696,train
8458,11.489375751637803,11.465329,train
11660,3.2244762512323883,3.3715858,train
12512,14.47379694270336,14.559273,train
1394,15.861227018467304,15.735045,train
6165,6.150123195351774,6.1763887,train
10976,12.802620980428667,12.787349,train
1488,4.797568596903933,4.7587285,train
12954,7.7454714331570225,7.7670994,train
17694,6.127099929014561,6.0914216,train
18731,0.6385613490730746,0.6508265,train
18164,19.780521637617493,19.789358,train
17481,6.519480102879206,6.4883533,train
17143,2.881593717344376,2.8616621,train
13946,5.29178791870183,5.3247595,train
9747,16.712365386753724,16.678196,train
18242,10.292513908013904,10.045576,train
11908,16.48994646545096,16.354052,train
4316,14.996212081371043,14.975482,train
5835,0.6214796841287237,0.680448,train
14767,2.846296329278464,2.9296708,train
18540,21.678649187139307,21.692616,train
6062,17.36613985316768,17.429132,train
5292,18.886383224244373,18.900455,train
2936,15.58391830780454,15.506985,train
12845,19.74968542512602,19.720945,train
9287,5.699459488834534,5.6406293,train
8095,7.388060159244356,7.3138075,train
8417,16.446560234940616,16.44496,train
11658,3.370057163251693,3.4514506,train
8523,4.611001533027257,4.562685,train
2753,17.79063078820508,17.75041,train
11313,19.479672883147373,19.479046,train
406,19.72342121058284,19.7503,train
16786,0.3301564389740166,0.3007136,train
8305,5.520728032531934,5.5021076,train
179,1.2489446870866645,1.254187,train
1812,11.048293244333989,10.988553,train
12396,5.149526277655477,5.0848684,train
13150,7.05221052930465,7.078563,train
7482,10.891976579437152,11.077043,train
1257,8.819824525358957,8.757641,train
17015,16.98733038698298,16.91081,train
18092,6.080903771472278,6.09223,train
15415,20.726155692359605,20.712759,train
18717,1.377340491679358,1.362559,train
3067,3.383704418075788,3.3685825,train
6063,16.841901532154385,16.885967,train
11470,2.353360577235747,2.384661,train
11341,17.053297540765517,16.987831,train
13937,6.098461418346185,6.100066,train
9538,0.7369595261331261,0.7301366,train
6124,9.490848046326263,9.497108,train
5010,4.7488450343443445,4.696163,train
4876,18.93458725825498,19.022125,train
6911,8.242404902706129,8.410528,train
3002,8.956586440741422,9.021119,train
1156,0.7863987321117395,0.77285755,train
10114,0.9093835376893036,0.8907482,train
18823,9.439809066781631,9.604164,train
12265,20.210742396484747,20.166636,train
11767,12.056675337108452,12.120346,train
1754,16.193049525715537,16.303225,train
16681,10.697691098174346,10.856189,train
15437,17.94168991362566,18.041895,train
12751,8.06425350736501,8.043173,train
13685,14.525473038985396,14.553361,train
18252,9.1476254929981,8.951818,train
3597,8.647507950392344,8.683189,train
17650,11.151571109239454,11.026734,train
17719,3.707814536435676,3.683971,train
392,22.41264257777793,22.408607,train
17732,2.627976524815144,2.6492498,train
3108,0.3630897472807942,0.34885067,train
5491,14.33456501057171,14.299304,train
1545,19.583160905377685,19.592606,train
1117,3.8112542297031897,3.739176,train
16183,0.6802358878925314,0.70705307,train
10907,0.2154796907585937,0.22975828,train
5958,8.292071773943734,8.394922,train
8906,5.039230875412846,4.9426937,train
4644,2.427504413217819,2.4312537,train
9271,7.186123946102274,7.268027,train
8223,14.087407399922018,14.00147,train
1715,1.4335338616257116,1.5771664,train
5103,14.516719910864817,14.31982,train
7360,2.3809081254668647,2.3969264,train
7248,14.024918419962445,14.068151,train
17476,7.57239150798865,7.56258,train
4155,11.186860797354203,11.162416,train
19433,8.169985678626078,8.187736,train
9592,16.138829765948444,16.05651,train
13042,21.10589889807112,21.035912,train
7342,4.070025970699693,4.0891294,train
5086,14.746704147549709,14.859576,train
3058,4.139747767732705,4.1471004,train
3702,19.15700650706124,19.188484,train
4283,19.06313317691373,19.102524,train
10262,5.164366650038213,5.157158,train
13917,8.104343968955241,8.015101,train
10942,15.734851349361357,15.856789,train
15055,13.776186817354455,13.702045,train
6090,14.501727505420464,14.488123,train
4431,3.8484417336965766,3.7405121,train
17102,7.0791965989854,7.05851,train
6762,4.123683642761975,4.137946,train
13409,1.1431681696909808,1.1363252,train
18219,12.772033161420628,12.810455,train
13562,4.375497404340025,4.360928,train
4852,1.996775807757469,2.002512,train
3396,11.18731125679014,11.231017,train
226,18.42186069328975,18.335472,train
13258,18.388061161324988,18.429054,train
11736,15.886929540321642,15.83776,train
2641,7.353407406673628,7.323267,train
5290,19.302382360702712,19.248644,train
14039,19.73360865899692,19.786728,train
11141,17.08951081295014,17.03563,train
10567,13.127437724615003,13.207083,train
11495,0.4623473534391436,0.46244058,train
10515,0.2937118537464218,0.2808373,train
10251,6.27851143286167,6.2156816,train
7250,13.374617058328733,13.363909,train
15445,16.83804629752427,16.812313,train
3254,4.243476909605258,4.2658134,train
4649,1.943251305313816,2.0173151,train
6885,11.985054199944896,11.998387,train
12345,10.71822013182533,10.59095,train
2130,0.2568325770721216,0.24684817,train
12369,7.641224590005064,7.743995,train
17759,20.69312061737793,20.712103,train
7889,8.062482343944486,8.121723,train
4525,14.224680944834532,14.183055,train
6327,10.24575030670368,10.284325,train
17116,5.47798462147304,5.465708,train
19478,3.0850137770845354,3.0892558,train
9802,11.119977880801503,11.088169,train
12254,0.9579861728730475,0.96234757,train
17842,11.050813520364068,11.051741,train
6120,10.521721307481773,10.49378,train
12529,12.891781229838772,12.770336,train
14936,6.151249092863877,6.2764945,train
14629,17.657187923904125,17.670134,train
5429,3.063841565743963,3.1003423,train
13770,4.139085777504634,4.1387854,train
19297,1.7820191756579689,1.777046,train
2298,2.018037695095204,2.108566,train
5133,11.69383349569947,11.529509,train
14499,9.623919348817711,9.523499,train
12622,2.291443366325314,2.3827248,train
15590,1.380630349020103,1.4156836,train
6234,22.490018423326312,22.329205,train
17565,22.249223058978863,22.216108,train
8770,21.62009691006409,21.53908,train
588,20.46346609746498,20.317234,train
15339,4.977349720702093,4.977491,train
15365,2.639734952748858,2.6575506,train
17932,1.915222525233912,1.8547977,train
2194,12.337964009592628,12.406085,train
12378,6.819354336397344,6.7753696,train
14991,1.2890246024417864,1.2785926,train
15830,17.884250558911038,17.889845,train
15543,5.170965438867774,5.143556,train
622,13.272102506770622,13.747475,train
15981,1.3254707056040758,1.329171,train
1186,17.327030796188964,17.332129,train
8338,2.792961129072796,2.858079,train
5785,4.966941158731398,5.0353765,train
16684,9.46632390329787,9.4527025,train
16033,14.014661378295342,14.049905,train
10419,8.686609767836156,8.631452,train
19102,2.4297912658033862,2.3899283,train
9495,4.072035605582049,4.138654,train
16177,0.9989137021705607,0.9969628,train
7958,1.6622706809660737,1.5840211,train
19451,6.03066925804936,6.0096407,train
9797,13.0706514271554,13.004483,train
12016,5.39034048116234,5.3286147,train
16241,15.077853251683118,14.994131,train
10517,22.488295582293347,22.514204,train
14591,1.0007417148399935,0.9873812,train
845,13.111050535655188,13.003956,train
6074,14.93907748678878,14.794384,train
11160,13.100640002997103,13.062205,train
14692,10.55967043082981,10.609,train
14178,3.26566645246735,3.2897835,train
9808,11.577366075121434,11.610084,train
6616,21.391624872746725,21.351698,train
9124,1.807645244057822,1.7616773,train
8391,19.254405345124248,19.256474,train
16386,0.5876612183389852,0.59969723,train
564,2.3842976307267096,2.3693063,train
10132,20.96068977309584,20.94575,train
9649,8.234140615357747,8.511351,train
5922,12.8151878858568,12.748123,train
8835,13.09851705171301,13.2507,train
1503,3.6178374474700417,3.5833383,train
18857,6.520959345279403,6.542761,train
8723,3.046137165573521,3.0449343,train
1707,2.15183462869972,2.1696348,train
15524,7.27919213001504,7.258981,train
9861,6.136570988867968,6.152185,train
8638,12.666606077768064,12.641727,train
6231,0.3997143615228539,0.38612074,train
18768,16.56890693533732,16.479498,train
9633,10.905239773478414,10.736542,train
15837,16.992152340919723,17.001492,train
19242,6.697821949225971,6.7004657,train
14567,2.848654484421576,2.8385835,train
19244,7.136860496789216,7.2179284,train
2987,12.161110301251124,12.192448,train
1701,2.774207711476484,2.7570772,train
4013,7.294487825753331,7.288703,train
10730,19.722612897206737,19.629677,train
9889,2.979171583965907,2.9884002,train
6353,7.313062430271938,7.453123,train
2671,4.181985555107198,4.208605,train
6838,16.118920464961356,16.150549,train
19475,3.1325254652784245,3.1348102,train
11211,8.38900348774881,8.425712,train
15771,1.8514104862295104,1.8505086,train
2099,2.1775921700410192,2.2013876,train
11835,4.628224974699133,4.627256,train
3739,15.649695850218585,15.63745,train
9308,3.700756578270655,3.645692,train
2883,3.1069438734752843,3.2088757,train
5349,11.852931967630436,11.930001,train
2565,17.00927082908099,17.037813,train
595,15.486244943156956,16.350695,train
9368,16.175075948355687,16.138899,train
16179,0.8806650276995318,0.8822063,train
863,11.29993622979933,11.193519,train
11575,12.251177830962872,12.249814,train
17221,14.290608748536242,14.330394,train
14722,7.374074737518397,7.393839,train
13104,11.754624532472205,11.788922,train
14801,0.4379012141942474,0.44107944,train
477,10.898253536724788,10.890066,train
18133,2.17254915864196,2.176309,train
10252,6.217743332688057,6.2011123,train
9414,12.343414320399985,12.372834,train
6046,19.441211871828653,19.520971,train
5876,18.172517553130977,18.094625,train
6709,10.052496249172323,9.913845,train
3837,4.803080628347543,4.779937,train
13436,19.52505701661856,19.396511,train
15630,17.688103017004025,17.679352,train
220,18.43100174784277,18.492579,train
6890,10.453932234232951,10.546704,train
2081,3.936657514380904,3.9301,train
15204,19.61116861282893,19.576733,train
8446,13.008964598687944,13.12828,train
7882,9.168034620232394,9.179245,train
19380,14.21114281547538,14.235594,train
5339,13.081299888460164,13.106739,train
6366,5.8515473931983975,5.7907033,train
9416,11.818732282464191,11.855191,train
8443,13.126043804293518,13.095331,train
2346,15.930067132026718,15.822968,train
13481,13.636406908955356,13.631107,train
3893,22.53923010517139,22.505417,train
15479,12.844764354172558,12.8754635,train
17029,14.607684067696512,14.672251,train
12481,18.4146351285743,18.500553,train
11343,16.013033776583136,15.916069,train
6241,19.94355875988113,19.903652,train
17707,4.8304927553047925,4.8116755,train
11174,12.247629352936393,12.2206745,train
10580,12.228784600516848,12.142528,train
18449,8.001388174235263,7.9288483,train
2988,11.766316955798647,11.77465,train
17658,10.238556512131904,10.08356,train
2,21.416269320733907,21.35822,train
1658,6.936734415346251,6.8555927,train
15732,5.311724351282973,5.2379136,train
1435,10.738346219106884,10.632533,train
5021,3.6619781701050216,3.6788154,train
12943,9.155996653749025,9.113399,train
3505,17.397837109166037,16.904863,train
10460,4.413858800743939,4.431939,train
13742,7.316440641814428,7.3222494,train
4376,8.9526231898422,8.985785,train
10829,6.435071312833884,6.3647065,train
1983,14.737981836283565,14.740159,train
653,12.371476759179416,12.332059,train
7662,13.220053388073712,13.284139,train
4472,0.3375076948277397,0.34415478,train
2027,8.815684688589293,8.881604,train
6769,3.701147478751432,3.6917255,train
10944,15.22911247462122,15.365161,train
17114,5.7298571012225405,5.6994524,train
14455,15.756662673628837,15.658469,train
2622,9.626382183756698,9.59962,train
9783,12.917975014367814,12.691229,train
376,1.3160872333892666,1.3318198,train
12484,18.182592181899565,18.047394,train
2538,20.876870138742174,20.868494,train
1301,4.893156155708338,4.7954206,train
14183,2.377646608905846,2.3566394,train
15790,0.508511842079945,0.52352864,train
1351,22.49569198356868,22.531357,train
6291,14.246629663733655,14.256299,train
14330,6.558019402035827,6.578217,train
7358,2.536668449007017,2.501118,train
14938,5.998889005648109,6.23195,train
5855,20.89498782494385,20.81868,train
1719,1.2724323055665931,1.2874441,train
6322,10.674104097421475,10.772026,train
11242,4.925817892050044,4.939834,train
1746,20.520432537148032,20.443592,train
13069,17.07936824405695,17.067125,train
18693,3.894391035514232,3.8969803,train
12631,1.4819423928980386,1.5560411,train
9206,14.709989871212889,14.628149,train
2339,15.70603265072356,15.929433,train
8170,0.6262355667943941,0.6451947,train
14006,0.3265679727041021,0.30028227,train
14948,4.969361660832611,4.996175,train
3719,17.95000016028533,17.988731,train
6657,16.25444123254048,16.27589,train
9244,10.275384313179826,10.282639,train
1181,19.710210524300862,19.677238,train
8976,18.83868301194949,18.837465,train
3583,10.782861446862894,10.740533,train
8404,17.302436650662848,17.122679,train
17753,1.0357755394218693,1.030253,train
14814,20.40344945516573,20.153402,train
69,12.61495571273807,12.560159,train
15395,0.3905850677100456,0.41293132,train
14963,3.7646397980876696,3.673264,train
3388,12.069746064200327,12.166007,train
18107,4.073299522481132,4.068043,train
937,3.2159722172875327,3.2650304,train
17702,5.452096548786365,5.441361,train
10027,8.739859856320125,8.5974455,train
15803,21.135321695657648,21.133995,train
12172,8.982334256212726,8.906116,train
18908,1.6178601894587126,1.5881789,train
617,15.792788149076229,15.878983,train
13264,15.428762902119118,15.440909,train
5865,19.56738612531597,19.56563,train
7594,21.95457711127973,21.910772,train
8425,15.795408562156991,15.802173,train
9617,11.96052154807984,12.034818,train
10910,22.526114017245376,22.482744,train
2629,9.535669590253502,9.564186,train
5315,15.801855426413546,15.827048,train
18689,3.9918921194353785,3.9819436,train
11830,5.127145654220942,5.15224,train
1040,10.450221204283682,10.635333,train
5698,14.93618892115792,14.987686,train
14871,13.648868845018864,13.570788,train
6403,2.5155503672384536,2.559961,train
16197,20.271053024227108,20.275227,train
707,5.942232100086204,5.94249,train
14669,13.161012768898953,13.098568,train
9215,13.662922687877137,13.666892,train
1184,18.23432805063633,18.183565,train
14041,19.73555043658187,19.786728,train
15157,3.1529160874285846,3.1303806,train
19409,10.602585276891284,10.63253,train
5444,1.94340678798089,1.9557995,train
12974,5.598220295831402,5.7902694,train
12870,15.065560046857946,15.064311,train
14737,5.765913439457572,5.825119,train
3808,7.846551142724478,7.806314,train
10744,15.800250704952797,15.912131,train
17226,12.82848259140767,12.85974,train
17523,2.744135782769641,2.6887927,train
8189,21.11268419382457,21.03738,train
11496,0.4371263323581765,0.43334576,train
86,10.760707336390391,10.769439,train
5230,2.623062775672397,2.751695,train
6733,7.217167822914287,7.181612,train
522,6.327827425069483,6.3088503,train
1513,2.6798662836263607,2.6296036,train
8180,22.50064476112621,22.44109,train
277,11.770831064106686,11.845054,train
16307,7.850356300257846,7.899844,train
18761,16.285731581398224,16.201185,train
16879,10.197003775103743,10.275608,train
16846,14.256241489911408,14.316902,train
6467,15.983663439800518,16.005728,train
4315,15.26401897278848,15.288125,train
7718,6.763176989579849,6.728742,train
4435,3.283914957085133,3.2428217,train
5712,12.852033551746777,12.890357,train
6853,16.451099350417152,16.44836,train
16273,11.56330060337399,11.400199,train
14059,17.10241593801843,17.078527,train
15708,8.140416587541004,8.209135,train
8028,13.905069291580102,13.931149,train
6325,10.521226382683182,10.428809,train
10583,11.379513662981523,11.410999,train
11185,10.901329879532636,10.918056,train
17662,9.747625932278208,9.710463,train
10984,10.995999902585648,10.904728,train
650,11.08071235130271,11.06153,train
5276,20.565084065321315,20.577286,train
4181,9.484213477888916,9.4248295,train
545,4.244896386479297,4.257456,train
9102,3.745307265966971,3.7062867,train
16257,13.44696509912849,13.409533,train
2378,11.979295197504838,12.0656805,train
11225,6.579797403439696,6.6249685,train
10414,8.722602990575473,8.721211,train
13243,17.684375502003835,17.64699,train
9281,6.098871917454443,6.1593246,train
1564,17.21673470502254,17.160513,train
5976,6.143316437453638,6.2646112,train
4515,15.219951183569911,15.28049,train
7170,1.8774567893345029,1.8385578,train
7090,10.178354558503116,10.157977,train
12273,20.00941392563456,19.941902,train
8946,1.303374202170292,1.275504,train
4526,13.933791049625269,13.985134,train
4240,2.68838977204867,2.771439,train
521,6.33303231581383,6.344049,train
2724,21.33944297590862,21.44061,train
14674,12.486757096353305,12.504621,train
2209,11.09340951584567,11.050814,train
3852,3.487545846303132,3.5406542,train
9492,4.529061404352668,4.536713,train
11226,6.451525542334855,6.489115,train
16900,7.911920481839538,7.9994426,train
3974,12.00993054478536,11.966204,train
12298,15.410064255043247,15.424067,train
13328,8.912310191488464,9.062824,train
10139,20.25096606193713,20.299994,train
688,7.623273187931487,7.4741893,train
8662,9.090735182259028,9.142738,train
11231,6.142374496711727,6.1480036,train
13061,17.184386068832495,17.1668,train
6528,8.746180334729884,8.688361,train
918,4.969094157543141,5.0489855,train
2676,4.140240351621907,4.10864,train
5715,12.90090277945556,12.846556,train
16446,14.758300753127022,14.733906,train
7037,14.406544114263584,14.531941,train
5458,22.51976636245452,22.53667,train
7992,20.0361997441061,19.927855,train
12387,5.9871746886197466,5.9573708,train
6188,3.6019946223467727,3.5870507,train
9214,13.79483843140318,13.75254,train
13461,15.996666529533297,15.980395,train
11761,13.195583990597322,13.223866,train
13643,19.774096358243064,19.736855,train
16045,15.01175550667434,15.015736,train
952,1.840505245213682,1.7362192,train
6642,18.38587393175673,18.357838,train
9813,11.586078302846031,11.501032,train
3557,13.356339150776432,13.316597,train
5283,19.96202183226087,19.813776,train
13628,21.130792313472533,21.128843,train
13298,12.270783993841864,12.249468,train
15023,19.75094945593329,19.776915,train
11252,3.9261750946175815,3.9191484,train
1789,14.251678938620012,14.239373,train
7400,21.89571492250284,21.877218,train
11802,8.200769329611507,8.326413,train
9515,2.3439024119152774,2.2970526,train
17615,15.597143549372944,15.626928,train
2141,21.15309453942397,21.198633,train
505,8.529599428846605,8.521465,train
11855,2.7298442952865414,2.7096164,train
17947,0.5449584138992349,0.5466611,train
2183,13.643287294190564,13.612443,train
5227,2.5687807636407123,2.5161295,train
14264,13.211138675741603,13.20748,train
15617,16.626955749478388,16.566156,train
19284,2.934729869358428,2.896905,train
213,19.151088783366507,19.177643,train
17037,14.053543703442909,13.996933,train
13898,9.934168719786554,9.924657,train
3443,5.911499269807898,5.8532915,train
12433,1.793123091856571,1.7350724,train
9051,9.223270955998611,9.226847,train
12278,17.606462726964725,17.562439,train
19098,2.697719501601925,2.6621728,train
14027,21.07166202179844,21.062029,train
5833,0.6560864123747124,0.75709605,train
7378,1.032151849001775,1.0123948,train
12001,7.223400428202388,7.116913,train
8381,20.63104156749897,20.727552,train
16141,3.814617113380435,3.8967104,train
9510,2.930184860160596,2.8843448,train
17302,5.142206791037799,5.1566606,train
9310,3.1388128298874247,3.3511846,train
6361,6.467727098624406,6.5419726,train
10877,2.1494532728043505,2.197631,train
12240,2.106225146963512,2.0391693,train
5553,9.109895717086529,9.087851,train
7504,8.493956984952302,8.494537,train
11126,17.246981148130722,17.300964,train
17836,11.56291427436896,11.570245,train
9711,2.72965294741924,2.6723404,train
14544,4.911717574071134,4.8884997,train
18638,9.416351836486935,9.402894,train
7685,10.4353161649297,10.284778,train
11505,20.58998055919909,20.473343,train
9155,20.81597694073509,20.893396,train
12962,7.127676982002876,7.314626,train
9119,2.2136778606070626,2.204642,train
869,9.843961243289325,10.062723,train
6759,4.6681342869366285,4.710887,train
5567,6.994800405008898,6.909745,train
6994,0.9906329083879296,0.97723246,train
6813,21.529716622922816,21.584406,train
1309,3.4636438582310425,3.6124413,train
8604,16.221324309236063,16.22275,train
17603,16.687371262117217,16.776917,train
9503,3.427752652849401,3.4089189,train
11690,0.9008689164774036,0.9531862,train
11722,18.149458166191337,18.133516,train
19354,17.09489454072175,17.036312,train
599,17.110002774018145,17.15189,train
8538,3.007188729740636,3.0371292,train
18335,0.622301281807854,0.66693026,train
3544,13.217889666256044,13.404746,train
537,4.285512932258523,4.257456,train
10459,4.557621701528871,4.5083394,train
9769,17.015539974100967,17.07432,train
6045,20.131384289699625,20.100082,train
14851,16.02162595532387,15.9325,train
15796,0.3337417643279481,0.34664163,train
12005,6.562798976315055,6.492166,train
7683,10.646055369795954,10.707537,train
5440,2.118638139311316,2.1172032,train
11187,10.52881765121954,10.466628,train
8020,17.083112463083125,17.091747,train
10800,10.631321852912786,10.5665865,train
907,6.094852701425068,6.194802,train
2495,1.6130499518196828,1.5797603,train
4146,11.946333936231271,11.994517,train
1649,7.8773518776066815,7.776954,train
2500,1.2196130374208412,1.2316612,train
14200,1.5283064256143497,1.5379591,train
12320,12.585356611992736,12.706592,train
2699,2.2660543518056464,2.2719476,train
7647,15.025601517178698,15.055252,train
7181,1.0035205555979851,0.9921426,train
4318,14.55630118343854,14.636872,train
9081,5.9136697822039945,5.9327335,train
13731,8.450460811004923,8.45351,train
11163,13.67981989201385,13.681046,train
13922,7.291379685579661,7.2498293,train
4004,8.428234587326882,8.39297,train
17813,14.434224393661523,14.340138,train
7387,0.4641205463463613,0.42680693,train
6598,1.756286316059739,1.7212901,train
18853,6.383332834488628,6.466957,train
781,22.455259262820647,22.340925,train
9120,2.130112721143057,2.1106932,train
4173,9.714158397008124,9.671349,train
11935,14.375563191826847,14.363774,train
2797,12.469025560533108,12.347031,train
7786,19.113654317258213,19.168938,train
11634,5.6790165930372325,5.622351,train
10393,10.915665810475778,10.90437,train
14539,5.452858709264355,5.4687066,train
17393,14.72114107250854,14.806146,train
13040,18.141317535719825,18.199827,train
11665,2.6763154085086764,2.668534,train
2415,9.025584837081778,8.92766,train
3512,18.31667047945633,18.305265,train
9446,8.764656456203046,8.754636,train
6692,12.006697727793332,11.970215,train
4728,15.021206074006752,15.105703,train
15646,13.53112025318178,13.415677,train
7183,0.8625563835860274,0.821676,train
12685,17.10271231537655,17.172043,train
19143,16.16120382993983,16.333776,train
5545,9.559355690430529,9.577775,train
4127,13.724945517879585,13.778142,train
2603,12.005481791506291,11.93733,train
14068,15.81396775943995,15.790301,train
10422,8.067166265529227,8.043302,train
18666,6.132764861988597,6.1106944,train
987,16.326642491014955,16.191751,train
7625,17.85313887849321,17.884674,train
5780,5.619910683014132,5.546181,train
8822,14.7769038484256,14.717423,train
1014,15.25920318735392,15.25968,train
12844,20.59768531523172,20.554762,train
17099,7.10159599456886,7.10535,train
19352,17.885065581467376,17.916096,train
1356,19.9522235276246,19.92076,train
14074,14.54959483570748,14.5366,train
3705,20.38715163832629,20.51899,train
1114,4.342765504041364,4.3729997,train
15765,2.325114074364911,2.3317447,train
9605,13.76338567978996,13.762049,train
10799,9.425296877168975,9.294686,train
9791,12.828661364499164,12.571129,train
11687,0.9963176453517744,1.0294253,train
10867,2.9712384436575,2.9661694,train
14810,20.885000489204213,20.934822,train
14816,20.58973503690994,20.629438,train
3488,1.896083246184893,1.9337035,train
12409,3.797748991449211,3.9171166,train
19118,1.0900230302613254,1.0849085,train
2966,15.004530166134382,15.043798,train
11200,9.002333223132698,8.96489,train
7357,2.618479296370334,2.5778213,train
4717,16.483552120287445,16.58252,train
10649,4.832378588404325,4.8361006,train
18827,9.875105102592826,9.884024,train
3625,5.851536444859524,5.8175726,train
9941,21.094668271881464,21.123829,train
2417,8.483804182008637,8.511732,train
11003,9.087590691115956,9.078568,train
16331,5.438853698827126,5.4118786,train
6035,0.7110149233835236,0.761027,train
979,15.608885111658614,15.56605,train
12469,20.28457883382784,20.251863,train
10630,6.737050419642156,6.6840262,train
17267,9.206289361164655,9.141274,train
14611,19.303393345663338,19.478737,train
7783,20.872873622342183,20.80473,train
850,11.63339470476103,11.82952,train
2363,15.238587688749613,15.269194,train
2041,8.301059410584424,8.252238,train
16702,7.927940537716576,8.054144,train
18888,3.336398106858053,3.2522192,train
3499,1.1202866535452307,1.1651775,train
173,1.8919598450857449,1.7451954,train
18838,8.500402788207865,8.36189,train
13596,1.5188856912734456,1.4902825,train
4430,3.768509377883276,3.80681,train
8171,0.5916861818949506,0.6182072,train
6981,1.984604461605768,2.0994184,train
5293,18.680514912470727,18.683794,train
8635,11.171572082358995,11.167948,train
432,17.105554410308997,17.070015,train
19396,11.920865727742536,11.88618,train
9164,19.855315734724645,19.86675,train
8321,4.239429011891864,4.16306,train
9229,12.048802146008892,11.951924,train
12073,19.220390718184365,19.211868,train
321,6.735301841324324,6.8000865,train
9978,13.69178967146476,13.63481,train
3465,3.7790094884528287,3.7499154,train
16635,14.386520431737202,14.380682,train
4567,9.659431998679665,9.813039,train
2236,8.246816303525238,8.373088,train
18812,10.755190746841354,10.712046,train
14719,7.641115039508786,7.7141376,train
7959,1.6193356452211272,1.5147963,train
16882,10.50345635447188,10.577716,train
1801,12.443472870632636,12.403069,train
18548,20.63743850510619,20.60435,train
18137,1.3926379080879077,1.3867208,train
11016,8.129335844802295,8.130894,train
4971,8.742502262064738,8.662925,train
4991,6.621897583261721,6.6011868,train
18947,19.58177439637354,19.501728,train
16147,3.455788242251754,3.4043844,train
18286,4.997173848798534,5.048684,train
1169,18.431515414246405,18.587944,train
85,10.809567661566174,10.773304,train
12043,2.8529026565006315,2.810521,train
13162,5.683032120876646,5.758496,train
15341,4.803717437980579,4.833519,train
8411,16.808166145989123,16.810253,train
3310,22.416183711362283,22.349716,train
6287,15.080441348653054,14.997821,train
2396,10.714495030218684,10.7471695,train
7773,1.3129073474620678,1.290421,train
10831,6.850392875828209,6.918209,train
902,6.8572079833932005,6.74271,train
5584,5.604441884194366,5.549053,train
17424,14.418671273746227,14.568936,train
14496,10.382370401578813,10.3388815,train
2478,2.862287163257145,2.8895211,train
11923,16.277580336648246,16.290361,train
12782,5.12194418431081,5.225449,train
7472,12.094217056633072,12.253643,train
11299,0.3939769735563437,0.37095383,train
16313,7.322761283001219,7.288503,train
12318,13.207517823267697,13.103965,train
10300,2.075600393860057,2.090935,train
14887,11.711537805560386,11.74043,train
9897,2.3949316433969257,2.402233,train
3895,22.5220281556744,22.505417,train
3937,17.09935243110454,17.112486,train
4325,14.26935353769375,14.22001,train
4687,20.24254677229116,20.33983,train
4487,17.481998443294035,17.81979,train
6751,5.536107279799121,5.601845,train
18813,10.474919924970315,10.580284,train
18968,16.842755611128123,16.897924,train
7373,1.2891688851106171,1.3344624,train
6586,2.743926094945677,2.6881616,train
16922,5.940406957934597,5.9289384,train
12999,2.920653468045524,2.9379437,train
17579,20.00267078836128,19.929878,train
8777,20.912788634630417,20.861612,train
14712,8.420256671420129,8.457815,train
1975,15.298869261005391,15.24992,train
297,9.390321218985674,9.520788,train
15334,5.604817957734443,5.584483,train
9085,5.2592005861996975,5.299466,train
878,9.023439214956165,9.159641,train
7114,6.75945620166281,6.8853555,train
15930,6.021132373492599,6.0854597,train
12087,16.580393286280568,16.56576,train
1104,5.337092062987057,5.21012,train
8435,14.52073488433061,14.74222,train
3168,12.31708374861598,12.319343,train
4527,13.685432302962354,13.7209015,train
6229,0.4561732019078541,0.42983392,train
3982,11.982591940575562,11.96521,train
1024,14.126727495860964,14.043619,train
11875,1.1023564253981115,1.0897467,train
4247,2.2001948931700506,2.255436,train
7643,15.623544574518665,15.658237,train
17195,16.042589276678306,15.996092,train
19177,14.27424292699626,14.329231,train
3362,15.386630098315432,15.402055,train
16096,8.762108994724331,8.822559,train
6113,10.716707623591162,10.695263,train
9373,16.946322426766336,16.917204,train
17178,21.13963385088372,21.151241,train
8841,12.473526508174054,12.524559,train
13872,12.033365932197713,12.010688,train
16665,11.281718859506668,11.27243,train
10426,7.43886989729577,7.4440594,train
5387,7.4828619554000015,7.570973,train
10840,5.970876442873444,6.1293955,train
13698,12.023472734838982,12.049966,train
12610,4.01880920920874,3.86191,train
11887,18.89329500915559,18.928259,train
19200,11.130251605009123,11.11531,train
18900,2.220510783583613,2.2141733,train
16813,18.89024918414197,18.90849,train
15938,5.048456668205911,5.1984243,train
161,2.815533433140704,2.891071,train
10638,6.008741994120967,6.0455484,train
10257,5.9754590206132825,5.9767776,train
16876,10.825956926218211,10.862715,train
16735,4.226715298448325,4.220752,train
8405,18.400328724953,18.466284,train
5682,16.57587538464286,16.596949,train
14829,18.642102275888224,18.668667,train
2790,13.363342974971044,13.353391,train
9491,4.7230002179678605,4.6317677,train
5265,0.1864948199812256,0.20632899,train
4688,19.95505142993716,20.06373,train
10930,17.8281069993891,17.89074,train
8832,13.544207132468747,13.522409,train
8809,16.54533246188519,16.553007,train
12713,12.985366389195534,12.978293,train
3008,9.016234354474976,9.026198,train
6672,14.499911476978273,14.520305,train
4461,1.1391626901587522,1.1014986,train
6839,15.654590162358335,15.780807,train
584,0.8286508186673099,0.84890616,train
10399,10.869156603360064,10.928098,train
606,18.189433903075503,18.139252,train
5334,13.54294401203737,13.466065,train
6061,17.9201324042877,17.961636,train
17485,6.793102961383557,6.754113,train
1640,8.808806521521754,8.794918,train
14019,22.431319700190475,22.432055,train
14973,2.8558961481462983,2.7729332,train
15398,0.3412138299689228,0.36291695,train
8784,19.487258852110298,19.5603,train
2068,4.816115486579303,4.8198485,train
14665,14.46224363507769,14.508933,train
18140,1.377408347997717,1.3867208,train
13804,1.4423352479431002,1.4491639,train
12872,18.38939266797269,18.400467,train
15584,1.4558365828945117,1.415701,train
2001,13.168387278573572,13.276172,train
7855,11.756440544152744,11.753746,train
10628,7.086912753024452,7.151744,train
19251,5.862772638451232,5.809186,train
6666,15.179432423567802,15.173293,train
7124,5.785021112732418,5.7634797,train
12935,9.676124804705646,9.627167,train
16872,11.710008016702073,11.673447,train
8318,4.750671489137648,4.792711,train
12327,12.40968797832525,12.285745,train
19204,11.904756308016106,11.909616,train
7556,3.245418788469842,3.2436345,train
3255,4.100522236732077,4.13408,train
2922,21.047317119788165,20.92313,train
5449,1.3441315567819656,1.3180966,train
10533,19.03884769357735,18.89677,train
4663,0.9736362408502544,0.9597904,train
8211,16.331216150534274,16.395771,train
9377,15.534375749933403,15.576975,train
15643,15.04902944693264,15.01382,train
18068,8.355238548998784,8.304859,train
4718,16.232605734000103,16.367483,train
7428,18.158411670203524,18.095058,train
18412,11.408602545708444,11.513147,train
10876,2.2378954915813334,2.2786136,train
13032,22.48297594722357,22.473104,train
11974,10.041514540514736,10.044064,train
994,17.484419667257857,17.543436,train
14223,21.14434075301068,21.182596,train
19261,4.907492740864365,4.835552,train
49,15.013145509122667,15.029793,train
18687,4.041303238141688,4.0716023,train
563,2.3886136207484907,2.3693063,train
15402,22.4042586230937,22.283073,train
5838,0.5708757511439322,0.5905013,train
2657,6.195016523077315,6.2045703,train
13800,1.4442565350336103,1.4491639,train
3928,18.41820499155406,18.447563,train
11486,1.0543953703890676,1.0680202,train
11823,5.86254546035452,5.900359,train
4406,5.964546928762235,6.0754094,train
13699,12.023236898529293,12.049966,train
506,7.450648681407025,7.4691978,train
1599,13.468351825325538,13.443332,train
9320,2.2309440578523083,2.4667568,train
2716,0.7440646735958291,0.7330413,train
12881,13.868450531807529,13.754172,train
13371,4.375946188836827,4.3778605,train
4199,6.313000710196316,6.3289976,train
4404,6.263454477585754,6.2319455,train
325,6.483915004623079,6.347443,train
4947,10.905927187203565,10.827314,train
13627,21.13054513577552,21.128843,train
18967,17.186605190818398,17.16405,train
7540,5.165375316563034,5.1025863,train
1913,1.2779243337653976,1.3089944,train
4957,9.865226701097232,9.859243,train
5891,16.538049364328035,16.341747,train
14430,17.22423243626068,17.275755,train
18237,10.494886313121931,10.659852,train
1253,10.001521302261269,10.030822,train
6377,4.732066654283872,4.6747727,train
7879,9.095468758864795,9.1744175,train
2555,18.31365520973765,18.312553,train
12877,15.38376896690346,15.12924,train
472,12.081244060887611,12.071201,train
15662,12.871316045148944,12.763844,train
1445,9.599552392213983,9.551481,train
17737,2.016717509590457,2.0298727,train
6040,0.681906655416903,0.70249283,train
9698,3.634388958809801,3.7311769,train
3538,15.629479136986504,15.530511,train
6565,4.764118657045051,4.802255,train
17964,21.134650855196863,21.091833,train
16084,10.694957881032831,10.769057,train
16137,4.391843193402705,4.3919497,train
15374,1.8848179817809607,1.938641,train
10769,12.429982864144147,12.392337,train
10606,8.680436273794262,8.77018,train
16039,14.015907129257045,14.07676,train
6793,1.3755675043847089,1.3496233,train
9295,4.803664126629142,4.769736,train
15220,16.434793483287248,16.345177,train
14303,9.267933733044384,9.238334,train
19075,4.895852873534487,4.982951,train
16517,6.622824615019091,6.820399,train
12173,8.629887960117127,8.701553,train
1141,1.9614549962822936,1.8993146,train
17500,4.788510007800252,4.8028975,train
19078,4.5694460301235145,4.611812,train
5597,4.12162935797893,4.1362247,train
11131,18.41608364651222,18.430738,train
13127,9.1650392437193,9.08994,train
10145,19.32967328022689,19.276155,train
16568,1.8056492563467663,1.7730132,train
13539,6.843772490003388,6.7841167,train
6852,17.007469626009502,17.118471,train
5951,9.333608026224187,9.103286,train
1473,6.71872979088532,6.7055316,train
19500,1.3605056411765402,1.3415432,train
117,7.123894828161659,7.174986,train
14882,12.403392570636726,12.292969,train
1725,0.7049925210121933,0.8003807,train
2109,1.444732713154501,1.433336,train
1691,3.660837355432263,3.624445,train
12836,0.5587475633290397,0.58811307,train
8476,9.454514897134665,9.464734,train
15026,16.977912611495714,16.929749,train
15116,7.112422164396379,7.019473,train
11301,22.453064717360864,22.404028,train
15955,3.835487806915867,3.667677,train
11654,3.668197130657564,3.6382742,train
5693,15.024429381352377,15.000147,train
15494,10.72356306369831,10.668334,train
17738,1.9734865300402773,1.9540423,train
10381,12.437735802564069,12.390289,train
15586,1.4298910123665292,1.415701,train
14524,6.855097695697218,6.8171735,train
2853,6.0806117529769255,6.1987514,train
7982,21.22261333817764,21.064594,train
6118,11.08447530299125,11.096261,train
11259,3.296998728995083,3.2932928,train
715,5.364089305776152,5.3433824,train
19387,13.107023751427189,13.067208,train
10856,3.968171424453717,3.9715273,train
5938,10.603381809730752,10.621366,train
8114,5.511755627215274,5.476752,train
4598,6.4900975361876645,6.4707613,train
18395,15.257525795736882,15.310072,train
17361,0.4070926294783665,0.41357267,train
15394,0.4086748900316189,0.42447641,train
4396,6.944447211801114,7.034955,train
18721,1.3264724457675885,1.3050289,train
12383,6.692675143078062,6.6465874,train
11502,21.9683003174638,21.939123,train
11043,5.100500559747586,5.1537514,train
11952,12.913052064688973,12.902577,train
11785,10.066997184980387,10.06595,train
789,17.852347724861886,18.024307,train
15232,18.371195818291486,18.379766,train
15808,20.78961557300016,20.690224,train
4893,17.429434082590856,17.40403,train
15661,13.220738067460564,13.224122,train
5174,7.478120664308068,7.580554,train
2637,8.408319495548183,8.430817,train
3515,16.12869389577456,16.152843,train
17640,12.33323135963293,12.347299,train
8495,7.341454279693313,7.34483,train
8271,9.327964493737465,9.300581,train
7023,16.469657429589443,16.519262,train
9933,20.86423564456873,20.916628,train
7391,0.3567487674643434,0.34589818,train
4021,7.2766227295091985,7.274594,train
3970,13.231188099525436,13.2163105,train
17085,8.82135580546921,8.746979,train
9095,4.310867632891667,4.3042836,train
2347,15.392666077888398,15.445605,train
16715,6.145855680285522,6.229239,train
19315,22.37851695518448,22.415579,train
7508,8.430106152802374,8.369239,train
18830,9.127099115310136,9.053326,train
17459,8.844076911239958,8.838235,train
10978,12.168903733131083,12.075453,train
5424,3.7001438779818,3.7101212,train
3120,17.03505642668791,16.994389,train
9572,18.697150317628083,18.653946,train
16898,8.250420207785913,8.238182,train
14484,11.021754312399487,11.028914,train
10960,13.876975888881194,13.8966255,train
3579,10.261429440603209,10.285887,train
10355,14.855783112752508,14.880486,train
6109,12.216637932627446,12.159286,train
19136,19.39471969608128,19.392605,train
10812,8.822485912628649,8.824387,train
7104,7.755630059474831,7.819059,train
3661,2.386878508287491,2.4255395,train
9344,0.61195114280024,0.67208886,train
18744,21.110502205753725,21.10821,train
10206,11.685158845310962,11.738089,train
18700,3.022763329980973,3.0254376,train
738,3.095739471658499,3.0816607,train
17358,0.4989006756382335,0.49663636,train
4948,11.973699227453848,12.0051,train
4520,17.05696186428075,17.066046,train
16064,13.180526059713516,13.254287,train
5376,8.66867910515114,8.708725,train
16286,10.21758526070815,10.308375,train
7803,17.879757170722733,17.85222,train
7621,17.924449930116236,17.989088,train
10494,1.5327108038903838,1.5207988,train
6871,12.102675404668254,12.270768,train
6503,10.925726471163204,10.892576,train
9697,3.774286374781371,3.8826454,train
3285,1.5935608082144543,1.5959134,train
1536,0.85489601619681,0.849223,train
18865,5.8156106482163565,5.760407,train
9560,21.07407922284141,21.041765,train
3327,19.20011704239719,19.170765,train
15919,7.146319315072215,7.1513057,train
11626,6.503938512630094,6.5128307,train
3228,6.454373270811031,6.464743,train
1628,10.249789473382974,10.289306,train
13297,12.64088152445359,12.718266,train
15775,1.575719247670151,1.578871,train
15622,17.71053769078723,17.677258,train
1300,4.161779390939729,4.342554,train
1074,8.5079303991058,8.471218,train
13290,12.827552031459168,12.857495,train
54,14.302975786009055,14.258155,train
16171,1.4228290025225254,1.4038414,train
15077,11.003996813599,11.043042,train
1757,18.70527565277887,18.704788,train
11526,17.848392615465368,17.869133,train
138,4.9037323629066965,4.993053,train
18844,8.262953747998878,8.38226,train
14888,11.586385542456874,11.648884,train
2619,10.712416851533495,10.731234,train
16092,8.328952171133908,8.282384,train
4022,7.274431238086878,7.274594,train
9774,14.243999598526765,14.373183,train
5963,7.3239611535618305,7.830614,train
17769,19.521901970723096,19.529276,train
4226,4.004609348245892,4.016508,train
6338,8.963885573689469,8.997655,train
18568,18.04186650149149,18.033924,train
1465,7.392140410907921,7.3623414,train
19201,10.9007566833092,10.888331,train
5241,1.669451784200414,1.7089106,train
18209,13.983471665059232,13.958025,train
15186,0.9250001144268156,0.85519654,train
10263,5.117931448671778,5.089599,train
4180,8.051329859883039,8.076726,train
4563,10.6474491769889,10.654187,train
3287,1.4484528165508088,1.4257668,train
9210,14.511643859517626,14.678309,train
17344,1.5370290279234005,1.5285711,train
6126,10.493277465113389,10.425145,train
9493,4.358168614544506,4.368934,train
5047,1.5500288909030646,1.5852638,train
17469,7.843931325350405,7.9209275,train
1994,12.705052825363977,12.663639,train
724,4.563913940051652,4.5390983,train
18752,16.710402706262528,16.728657,train
2353,16.319511461375143,16.181526,train
1534,0.967106316873639,0.9538921,train
18029,13.118511352506312,13.103676,train
3182,12.080480841236772,12.076733,train
6705,10.46764898853766,10.352019,train
5527,11.078638387057175,11.025821,train
7692,9.556775488245512,9.522811,train
17183,17.784529871120537,17.819294,train
1274,7.453134505377841,7.3715014,train
5425,3.637043191263136,3.6764748,train
8115,5.383251683436654,5.3348293,train
13416,0.5879447244012028,0.57345754,train
4228,3.735320433276682,3.796321,train
7308,7.196811227147934,7.1498785,train
4932,12.935405526551216,12.970863,train
18997,13.592295223368511,13.694653,train
4429,3.836350941642299,3.855252,train
13954,4.69326443198834,4.6441345,train
122,6.6824623245563055,6.7007523,train
3053,5.032377743148103,5.099061,train
11123,18.416673585194395,18.398432,train
10523,18.141378597631405,18.103722,train
8176,0.4449222841983124,0.44348717,train
1048,10.280929428581716,10.33922,train
3877,1.254505464930957,1.2748913,train
2032,8.99702808403208,8.988494,train
7231,15.37316671465224,15.36468,train
19011,11.594058178164358,11.625624,train
344,4.521569406990808,4.4282594,train
19120,1.0106625227902133,1.0216413,train
6038,0.6931886244261338,0.7416824,train
6415,1.1930072119476636,1.1540188,train
12168,8.671261689693898,8.677524,train
5403,5.751863869438356,5.8085876,train
301,8.909848565257322,8.893822,train
15893,10.314634446638006,10.203218,train
324,6.536998480732208,6.3448215,train
15739,4.768622360708192,4.788967,train
10043,7.703939060218801,7.619539,train
17994,17.10528303328174,16.98907,train
18028,13.143579962601184,13.124919,train
19406,10.711569543272695,10.695974,train
1476,6.138542264189536,6.053111,train
17188,19.77229137081829,19.760939,train
4401,7.072986727767978,6.9444346,train
310,7.901078115301222,7.956075,train
10086,3.076136552473232,3.0344188,train
12146,10.990988994564953,10.973617,train
2216,10.568467619997053,10.576495,train
3555,14.11174720150188,14.180651,train
5360,10.520167931412232,10.629543,train
5150,10.909607682784946,10.91214,train
18512,1.8648907235360968,1.9830343,train
5191,6.273077007581351,6.230608,train
14947,5.032824007994686,5.080137,train
18120,3.0860964511184577,3.086703,train
12889,13.539347001025195,13.563072,train
1739,19.87621406251245,19.883999,train
1011,17.047729148099556,17.132454,train
15572,2.3135700759232813,2.27827,train
5090,17.62135924736012,17.596245,train
18587,15.567689623944958,15.464987,train
3154,14.572976545536491,14.593513,train
8016,15.460322986198411,15.429331,train
5786,4.898419465963346,4.864342,train
9376,15.823403103700416,15.855644,train
11306,19.077759091981616,19.295294,train
10045,7.181235035133636,7.080573,train
7423,18.36662441530638,18.35891,train
13950,4.740113782479221,4.7633452,train
6164,5.714660205923051,5.7201295,train
9725,1.502306848941678,1.5188738,train
9115,2.538283359063825,2.5159009,train
13610,0.4998965355799639,0.5077842,train
18649,8.228899483870721,8.197494,train
1641,8.655552765844352,8.597201,train
4806,6.34730755299811,6.3394947,train
14581,1.708763192766935,1.655516,train
6719,8.920145637137635,8.896434,train
16151,2.9622239176021523,2.8329859,train
13456,14.87272603286712,14.759025,train
8995,14.916743956679383,14.977007,train
1924,0.5957023367345129,0.664639,train
8813,15.859406840254907,15.807422,train
2755,17.47680155390501,17.5059,train
16102,7.367204054792598,7.3928833,train
1268,7.491945516325978,7.406473,train
361,2.7979760134869656,2.7827926,train
4546,11.913935167778536,12.051423,train
19379,14.257652220410446,14.305616,train
17629,13.689205697942022,13.565826,train
6009,3.0835254495919675,3.008016,train
18176,17.96609328977609,17.978973,train
2536,20.939008811869883,20.868494,train
9713,2.5038882437609025,2.4620025,train
19236,7.803405686765552,7.8486714,train
11201,9.55923360960792,9.581235,train
10788,10.578993529889235,10.685046,train
6367,5.768770885432302,5.7662487,train
1126,3.0880627444858386,3.0197446,train
13617,22.5065295287636,22.493107,train
18585,15.720783039142212,15.787392,train
8819,15.264946427952394,15.237503,train
10267,4.945836322930865,4.985739,train
19502,1.3427209406520475,1.323834,train
18870,4.9497649848855865,4.902645,train
5651,0.2293631352164924,0.26390734,train
11210,7.984845524843434,7.9353356,train
1548,18.158134830362265,18.170053,train
11553,15.148962121406734,15.116447,train
18727,0.6714701949560247,0.6639521,train
3366,14.697203482076295,14.801688,train
17763,20.153882451891583,19.873821,train
13482,13.262297264931252,13.3213005,train
10913,19.994988267400352,19.978716,train
166,2.174047930804219,2.4436107,train
17133,3.8249166955279503,3.830351,train
12706,13.367185981505065,13.254224,train
18683,4.878917855354561,4.9624844,train
12153,10.811489213007237,10.79692,train
6047,17.62828997920615,17.338848,train
8380,20.95282391964341,20.999758,train
17533,1.971191965449972,1.9629111,train
12174,8.343336139227349,8.476942,train
6309,12.290137972390438,12.293699,train
15654,13.24483752934034,13.195931,train
673,10.085250060448953,10.055114,train
916,5.227551334300321,5.2524467,train
1380,15.83666124657573,16.03734,train
15148,3.900432712898821,3.9109411,train
11304,19.93832130491105,20.005013,train
6166,5.988417763625952,6.016601,train
1043,12.275464729735676,12.366745,train
7262,13.235153193232524,13.297868,train
16633,15.336609939896118,15.287934,train
17611,15.815113736414473,15.757373,train
19473,3.955185195829425,3.96084,train
17062,11.73658791486193,11.766608,train
1661,6.572877317001878,6.505214,train
4379,8.555504662326172,8.54249,train
16686,8.954204042242646,8.867781,train
18389,14.773441714948866,14.727228,train
1063,9.950444069017763,9.962236,train
6529,8.561797636063265,8.477318,train
16431,15.852804342334926,15.747658,train
16429,16.160198191552922,16.231909,train
17871,7.7673382762689265,7.665996,train
2621,9.641880560025196,9.59962,train
6031,1.3717357467070537,1.3643043,train
16008,18.806195374566165,18.730885,train
1910,1.5319502020185602,1.5303015,train
3968,13.238738473944332,13.2163105,train
15392,0.4477475040601217,0.4555616,train
5713,13.249868767040343,13.458514,train
18328,1.3117574797788858,1.3020473,train
12353,10.088570652216774,10.008169,train
4982,7.496068362113546,7.465823,train
15367,2.479073010968294,2.5728927,train
16075,11.42709072661873,11.407577,train
1553,19.55038244642251,19.583664,train
5222,3.2138056063524147,3.2934635,train
4384,8.305663939054277,8.360169,train
11060,3.502357196695208,3.5538032,train
7893,7.810361112264841,7.8698573,train
4817,5.201775944010582,5.177593,train
3699,20.18816619553315,20.132013,train
3187,10.571918473350715,10.673035,train
7900,6.962802934896052,6.8036685,train
5368,9.588648039358544,9.604828,train
14159,5.239804462517976,5.2187467,train
11857,2.5978649906395,2.5778809,train
338,4.887719923659279,5.0095816,train
2352,17.236144306796916,17.239841,train
7932,3.840928677873865,3.9710944,train
2460,4.28406691580881,4.3721423,train
1216,13.696251349394393,13.704217,train
6379,4.591352956062559,4.6057744,train
8847,11.817385099826364,11.818897,train
15109,7.531946104093945,7.5963326,train
6396,2.848959473653388,2.7823336,train
9139,0.8320779923947951,0.8044293,train
7538,5.186837775979727,5.137226,train
8075,9.472791475618711,9.366565,train
15667,11.33891825449503,11.312584,train
1002,17.69199283089641,17.778463,train
3031,6.387630413046694,6.2961144,train
9167,19.2117436612383,19.155815,train
9915,1.0561923205292914,1.0409253,train
2257,5.919900979096575,5.8832912,train
15001,0.620232818163023,0.5988306,train
16541,4.161114913799999,4.1900434,train
3936,17.104580360709527,17.112486,train
6849,14.721276199653197,14.652402,train
9920,0.7755740449442824,0.7933243,train
14589,1.0957650643543069,1.1251441,train
10556,14.463313886948136,14.423709,train
247,15.489930197439804,15.457752,train
4670,0.467260840778484,0.43182924,train
16026,17.432349323467093,17.460068,train
18847,7.6123549333882625,7.5245605,train
3201,10.23297470707837,10.243581,train
18904,1.985303324618686,1.9497188,train
851,13.067587519038453,12.934993,train
5884,17.02645387740186,17.098236,train
11537,16.36484127619472,16.331787,train
4273,0.4097035867028502,0.34819114,train
12279,17.168515109191507,17.330927,train
16996,18.95866747724468,19.013731,train
2219,9.972754718293675,9.995521,train
4038,5.120262101766368,5.1202145,train
19257,5.4890089676390215,5.5209785,train
10308,1.3401496986382049,1.3118634,train
1416,12.74695423013595,12.665609,train
12392,5.786639219627659,5.783256,train
3781,10.746883157624296,10.723524,train
6193,3.081068875344956,3.082854,train
19341,19.2270098911661,19.219465,train
685,8.403525551145576,8.332671,train
2042,7.891028919079515,7.982932,train
7823,15.658615760420789,15.660553,train
5233,2.240180144990787,2.2757373,train
2205,11.998553777006595,12.136677,train
13171,4.799846990213794,4.7794266,train
16113,6.273679054421488,6.3210826,train
8125,4.424713237294747,4.383864,train
10776,12.000740224856536,12.055446,train
18604,13.25167793033896,13.190055,train
7143,4.09420725040459,4.0804048,train
1337,1.3523232778149354,1.3538686,train
6576,3.670185245849416,3.6294115,train
18819,10.490868358850932,10.436302,train
15690,9.865824951885582,9.9750595,train
14646,16.32041398243526,16.443775,train
10108,1.2702233972097772,1.3199868,train
12214,4.324745095916651,4.264337,train
19007,12.40912712718754,12.501481,train
10684,1.7210126173915468,1.693783,train
17668,9.08195050684998,9.030796,train
105,8.609528641657048,8.590152,train
12096,15.929650811654993,15.995614,train
7180,1.0790599661103963,1.0484184,train
16326,5.857193336792197,5.933115,train
18392,13.5980309465799,13.656895,train
1706,2.206021113622958,2.2683442,train
6041,0.6763629508564616,0.64235353,train
13813,0.7243753208897603,0.73948205,train
10472,3.2814667938571382,3.3175402,train
1245,10.535599484475824,10.515341,train
18080,7.197390503014155,7.2178063,train
2356,14.519437690842814,14.614074,train
16918,6.173959938793599,6.1147237,train
1949,17.40629760806936,17.534416,train
17021,17.058917490943507,17.115435,train
14063,15.818376647951812,15.809205,train
12686,16.721122946223403,16.799137,train
2613,10.796656589428032,10.751423,train
7737,4.745468114296906,4.732655,train
11165,13.14257934356366,13.1650715,train
17562,0.2062035393096238,0.23452246,train
18283,5.848654366557329,5.702427,train
1962,14.5140840782473,14.48742,train
4213,5.502981827241019,5.4172025,train
8569,0.6343888424821714,0.67326933,train
18832,8.644620770102263,8.728459,train
7095,8.535212102276567,8.648432,train
11668,2.49524896223493,2.5360548,train
8371,0.2856046080926726,0.29717526,train
18641,9.280785272980433,9.170226,train
5480,16.617487297181214,16.668144,train
1928,0.2886219619040092,0.2824233,train
13284,13.177438698293072,13.246306,train
13936,6.282405784713489,6.233673,train
7297,8.399167661012676,8.38515,train
1676,5.0587584712679625,5.1724496,train
4994,6.190570888366961,6.25234,train
3258,3.730518901450508,3.7639654,train
12615,3.147324028986776,3.137401,train
3783,10.794548583636963,10.814889,train
3761,12.968101275262768,12.967867,train
9407,12.602226745566773,12.72061,train
18444,9.425698406392211,9.466958,train
6192,3.181496294279376,3.1465552,train
3616,6.729000790208472,6.7207503,train
1204,15.706152894754524,15.645351,train
8661,9.363368384396413,9.428835,train
8742,1.5751006340653406,1.5459152,train
92,9.960833138709631,9.896117,train
13533,7.141328874647591,7.1604195,train
5942,10.451803293682024,10.338806,train
6754,4.999640081859634,5.0364842,train
10675,2.4242047743563115,2.4094863,train
2814,10.42480126889741,10.497146,train
5234,2.1263292395447064,2.030155,train
7244,15.78511360226851,15.80779,train
8688,6.699726923962143,6.710466,train
3416,8.922609745771625,9.022425,train
18470,5.697596844689086,5.675119,train
18656,7.225602479143922,7.2212014,train
10715,18.11439158682429,18.230328,train
16859,12.347751632908128,12.362261,train
11087,1.1977981610917912,1.2146009,train
16190,0.2860433221806381,0.29162505,train
18979,15.39321965574365,15.562918,train
1861,5.958237701119857,5.9108257,train
1743,17.47061999130568,17.545103,train
18177,17.85393762475448,17.80641,train
14640,16.341130256681858,16.359406,train
2599,13.135856673791872,13.210176,train
3001,9.211143768655806,8.997712,train
2028,8.617922880212703,8.696738,train
6107,12.88813363012867,12.857098,train
6110,11.587357074619774,11.526347,train
7245,15.221676216606497,15.269231,train
4536,12.93345641390148,13.004767,train
7546,4.202191707196047,4.218645,train
15638,14.07746454282993,14.208966,train
8759,0.4406794111428649,0.40460205,train
12520,14.049378451728382,14.014941,train
19039,8.612444901180146,8.614119,train
15864,13.752898837826866,13.665125,train
2169,16.006282165227336,16.075298,train
16561,2.4093951870005164,2.38644,train
3236,5.820560959151472,5.896734,train
13701,12.022769006685431,12.049966,train
18779,15.02083746671206,14.952461,train
4635,3.164436604271389,3.1197474,train
5453,1.211537912231247,1.2250665,train
16602,15.810048053361104,15.812607,train
11097,0.5225934944693806,0.52855176,train
19286,2.723949643514318,2.6726873,train
6777,2.8880261806564342,2.8540223,train
14248,16.570837070178168,16.657486,train
14628,17.912409146018195,17.945623,train
11184,11.10904549583086,11.055261,train
18398,14.001749645441858,14.007821,train
18316,2.148644630395097,2.1885762,train
14071,15.811799946474745,15.790301,train
12439,1.3718698094752375,1.4234266,train
12136,12.008591571417847,12.060146,train
2155,16.02790457955914,16.084473,train
3769,12.189567456035242,12.199296,train
3801,8.569954274532678,8.504167,train
264,13.194471018974804,12.993319,train
793,19.98666942807448,19.901436,train
4203,6.52262756114693,6.5140004,train
13236,17.46525767037873,17.369764,train
3796,9.201673356701816,9.273909,train
15188,0.8049154574220452,0.76658314,train
2073,4.548961293346058,4.585005,train
14694,10.355800318136977,10.401249,train
18000,16.897320336319037,16.91509,train
4349,11.508176351476472,11.51393,train
12647,0.7171864488763742,0.7348901,train
13007,2.324156549500016,2.307764,train
4261,1.2071061849188218,1.24126,train
14909,9.19100726268769,9.285851,train
14710,8.60745928130275,8.67427,train
1467,6.969209445773601,6.8831005,train
1201,17.018111609459453,17.026651,train
14762,3.4620483446290704,3.42331,train
1044,11.85563786783474,11.966243,train
16901,8.330590399864798,8.360013,train
5101,15.754284576178414,15.728974,train
18427,10.836142587993857,10.808863,train
13952,4.527099025056342,4.5489225,train
3652,3.102364094214859,3.0908241,train
15655,12.908804589921932,12.854072,train
10215,10.563673953731284,10.620402,train
3158,13.295317070389146,13.254876,train
9252,9.335933750985893,9.396473,train
17243,11.039423621493444,10.999427,train
8753,0.8408345189404253,0.8183617,train
3076,2.635436490126089,2.6282291,train
3566,12.551358283849634,12.590403,train
16461,12.47576442524902,12.544327,train
18441,8.51085817493546,8.522803,train
1369,17.380884263537826,17.503347,train
14377,2.041932736065603,2.0684416,train
14885,12.033592502809183,12.105274,train
7510,8.398851669414983,8.2732115,train
7636,16.41837167444766,16.419754,train
234,16.69706522095979,16.654501,train
18861,5.766727571107556,5.7852626,train
19453,5.987189088173929,6.0090623,train
1340,1.0814097213537657,1.1456802,train
4966,8.97459796096742,8.93118,train
12894,14.690934065392373,14.81955,train
18127,2.211994104620526,2.211969,train
19014,11.946757929755162,11.93703,train
6437,19.57060598685639,19.577854,train
4744,13.526579671531136,13.451998,train
11027,6.8380009431508855,6.844997,train
5905,14.402314165639416,14.475136,train
9428,10.404439274244242,10.415751,train
15066,12.341794097729384,12.44435,train
16956,2.5889140815607226,2.60347,train
12416,3.252308945734981,3.2499633,train
5295,18.27306078815209,18.208632,train
9149,0.3084075996201363,0.27858773,train
12496,16.75943679139359,16.656086,train
7738,4.680725717281394,4.668502,train
8926,3.041002466735584,3.039583,train
12063,1.1830295900806989,1.1526055,train
14212,0.7983885430149369,0.8208524,train
13935,6.502243783418848,6.4037437,train
18697,3.085167375602257,3.101687,train
6048,17.096368652779375,17.338848,train
3758,13.526137186482464,13.477652,train
4659,1.2341958035988538,1.2126491,train
2380,11.41407834784964,11.391826,train
4765,10.933325969070207,10.9314165,train
5188,7.129813040074927,7.1992583,train
7415,19.586054278802862,19.58105,train
14700,9.68966584691755,9.628426,train
8366,0.6603165644929205,0.6972817,train
14573,2.359306309189375,2.2586102,train
2283,3.399448585638465,3.340667,train
19195,12.745871566447745,12.772454,train
8261,10.40292196483311,10.473728,train
11118,17.558193813883406,17.578686,train
15726,5.657381951315962,5.6511946,train
16594,22.51106297009885,22.594433,train
10657,4.088954757360747,4.1105776,train
17223,13.650859547307842,13.703176,train
9960,14.871710113623587,14.9854965,train
13477,12.615565644506038,12.691732,train
986,17.038426922524884,17.072142,train
15604,20.583006913540856,20.593115,train
13054,17.8377962402908,17.746187,train
6068,18.438889030231607,18.473133,train
13948,4.98588021403311,4.999401,train
19307,1.0246416647609065,1.008635,train
1166,19.816020317363296,19.823877,train
18652,8.107411811297133,8.113107,train
3972,13.223757945125046,13.2163105,train
6603,1.246879278768359,1.2271106,train
16123,5.353262421017141,5.1890206,train
19076,4.783712843684024,4.832829,train
15724,5.966537754728132,5.956639,train
14658,14.486808293694336,14.443707,train
1988,12.787777843838068,12.755478,train
3562,11.691055672958292,11.761778,train
17083,9.17550382643577,9.148711,train
12217,3.98071235490126,3.9905858,train
9457,7.597748918428578,7.6228747,train
9932,21.638248549103626,21.75277,train
13004,2.666587676006842,2.6168077,train
16167,1.7419962507558997,1.6658238,train
15640,16.452678658653547,16.404152,train
13357,5.893896570832816,6.0261765,train
7204,18.592331145393008,18.685867,train
1978,14.09213628551002,14.119252,train
4904,16.031090811026907,16.04166,train
8749,1.0752541650521703,1.0406847,train
10879,1.989541863406136,2.063231,train
1221,14.400763200979792,14.404063,train
15761,2.6749822043929306,2.6640782,train
16195,21.155168994591683,21.213144,train
16762,1.9433719546675905,1.8859098,train
15731,5.462336038956531,5.4099727,train
9424,11.287560700916968,11.275039,train
6990,1.3363797626571643,1.4131732,train
2422,9.041305194894344,9.076175,train
16948,3.2980367472174703,3.303503,train
2680,4.110925286611539,4.102544,train
16555,2.905127491629186,2.9618855,train
14813,20.51500505099628,20.43687,train
3252,4.574568383726144,4.5200143,train
10322,20.406303520349248,20.423565,train
5485,17.360545115666977,17.423174,train
13545,5.838625044446017,5.879006,train
3434,6.905540763385953,6.9146423,train
8254,10.690241603360422,10.783315,train
11601,9.433594438786203,9.206214,train
808,16.42605283615294,16.395546,train
9054,8.474546193748791,8.431551,train
12133,13.01083559187854,13.051953,train
16,18.784418775333044,18.817984,train
1344,0.9044247961691606,0.89551306,train
10792,11.100390549883578,11.135937,train
3295,0.9003765701800491,0.87168014,train
13457,14.482175461911677,14.595361,train
17460,8.631896412335257,8.681798,train
15552,4.1868743648586,4.1485524,train
13564,4.1314488127003015,4.1265984,train
8429,14.857344156755069,14.879641,train
13720,9.614758462300694,9.656464,train
1723,1.126579876741488,1.0909972,train
7148,3.36984678964228,3.2923164,train
11622,6.98689350020307,6.8761835,train
8008,15.741109546435796,15.78781,train
9388,14.325922350494452,14.286028,train
18883,3.550195775794264,3.6763673,train
11094,0.9175925857092664,0.83979636,train
16283,10.48493982663074,10.443118,train
8683,6.655024459616507,6.6785774,train
16503,7.930621801667205,7.645147,train
18808,11.916523202152566,11.905589,train
1760,17.225123102424792,17.269363,train
7487,10.761651832116446,10.742657,train
6275,16.79910263883272,16.775076,train
16401,19.24664462437744,19.164532,train
14188,2.361891143238225,2.3566394,train
9458,7.447343144828601,7.5106573,train
10974,12.015999558343443,12.0677595,train
1486,5.1302562704849946,5.098346,train
6655,16.579708305373842,16.646347,train
14683,11.530109146895873,11.50561,train
6817,18.525483355619,18.381048,train
13035,19.956296129633515,19.915556,train
13315,9.789124764527912,9.74449,train
18705,2.226418265244293,2.221084,train
17331,2.5322640725136925,2.5563898,train
15505,9.503543352783623,9.4577875,train
1424,12.204746352535231,12.169398,train
10202,11.9683369102709,11.934219,train
13843,15.558248106731217,15.584123,train
1738,20.51125468940343,20.38093,train
14531,6.189166639429125,6.2235017,train
11055,4.016898444531645,3.99692,train
17465,9.012190255436744,8.975464,train
6895,10.843512526124458,10.707238,train
19030,9.546196838651747,9.551,train
7261,11.810554154316009,11.903297,train
17708,4.75604477544934,4.7629147,train
17745,1.2867087889345157,1.2697284,train
8222,14.385527230054164,14.366095,train
9531,1.1121947708990578,1.07112,train
2398,10.137855319210088,10.205607,train
1787,14.97719232298342,15.01461,train
686,8.135372056702762,8.094366,train
18787,14.607458847159494,14.556968,train
8169,0.9224549681146392,0.94306797,train
17020,15.378209900127356,15.507925,train
13208,1.6355585261947507,1.5238854,train
17079,9.19041597989105,9.1740885,train
3800,8.694002117826066,8.566416,train
5896,15.605875674682483,15.532872,train
12497,16.691810401208983,16.639517,train
18391,13.97656844704247,13.978062,train
19249,6.16812894093392,6.130943,train
8105,6.373054664723243,6.3678827,train
8284,7.620980220092132,7.720481,train
10030,7.88739349436166,8.059995,train
14970,2.959953583962291,2.9202867,train
2520,0.1837820673461142,0.21150364,train
8496,7.2023191939022935,7.2406263,train
13102,12.214576888641725,12.204416,train
5385,7.685663159963046,7.703828,train
11255,3.6228963586329854,3.5980117,train
1885,3.884121642627162,3.910914,train
3920,19.74749264343124,19.745413,train
1021,15.728705897879946,15.769571,train
13659,17.111348330841594,17.048609,train
17339,1.8718030627806563,1.9606788,train
9365,17.115835054329544,17.192318,train
879,8.811550217879924,9.050608,train
3403,10.383313325529356,10.347666,train
13607,0.5958186972660465,0.62519,train
6151,7.188599342149667,7.1339073,train
8484,8.6324129348706,8.547537,train
7074,10.83791303479556,10.863051,train
17186,16.580289739374972,16.64905,train
2976,13.806418045026888,13.77257,train
17176,17.822850354424503,17.751934,train
13052,18.974285715848858,19.0977,train
12939,8.544776053552583,8.632268,train
18299,3.916565879995138,3.9265451,train
9306,3.7865744919762094,3.6624975,train
14546,4.896822415050575,4.923835,train
6406,1.964748433688274,1.9019678,train
16378,1.1986976819019752,1.2333746,train
19346,18.271222182073583,18.25487,train
15828,18.161821920216845,18.07926,train
8242,12.243975944176428,12.26711,train
18578,16.76007435278593,16.773209,train
3947,15.793610408209108,15.78038,train
5550,8.323156975891662,8.3465,train
2967,14.446367741442584,14.418371,train
995,16.791707460105442,16.562773,train
17867,8.016800951773412,8.043943,train
10540,15.555639726922736,15.52757,train
9963,17.20193550578162,17.162714,train
11034,5.9661184484922805,5.99965,train
15405,22.04523627211441,22.01506,train
2620,10.69851385656392,10.729617,train
7977,0.3996484390939223,0.39053744,train
5803,3.112963739905525,3.2664094,train
8469,10.2170655543492,10.206784,train
1103,5.549744478913482,5.5703607,train
5794,4.024666278107068,4.171597,train
17310,4.436060345648219,4.5080533,train
15948,4.038601870754363,4.1070795,train
6743,6.1243620124446,6.119381,train
10645,5.027787293467012,5.0402336,train
4664,0.9091246426710168,0.8698825,train
5596,4.270835725028564,4.2754817,train
14164,4.244193609247121,4.2336802,train
6717,9.110142706937728,9.08474,train
15147,4.038427438631006,4.0870595,train
6375,4.874356688437467,4.7648387,train
5812,2.691323153864248,2.6167572,train
6187,3.711922810216095,3.7140682,train
1774,14.475256950054074,14.602991,train
7159,2.9119150255999235,2.9419973,train
3299,0.7039771097441889,0.70921093,train
13957,4.188894421788477,4.204134,train
8824,14.460099550558253,14.488925,train
6417,1.1398197152181342,1.1192979,train
2031,9.47866235028798,9.472673,train
4962,9.62648304817314,9.583543,train
980,14.920185391669945,15.126875,train
225,17.771485021997393,17.66461,train
15725,5.809951434181641,5.8506565,train
13020,1.2990899366459103,1.307093,train
824,15.824293631601265,15.846647,train
14600,0.4387567398346675,0.4641561,train
1956,16.928735091443873,16.94582,train
6471,14.623493366276271,14.701767,train
3197,9.56858191742447,9.5666065,train
5681,16.823138772200668,16.761137,train
5694,15.806829726826034,15.889225,train
5472,17.055262312772683,17.135967,train
8829,14.003507077165835,13.9504795,train
10066,4.9254294984973725,4.8589373,train
12914,12.320489499253547,12.442722,train
13712,10.805547778397177,10.832481,train
18369,17.120846836834122,17.193369,train
1864,5.413182573135444,5.4998317,train
12591,5.198391779555859,5.399041,train
10226,9.335740414449049,9.372809,train
15610,21.122007551685364,21.114359,train
16787,0.3010097853569314,0.2718622,train
6273,16.045673663828474,16.289015,train
5151,10.47036570471228,10.528711,train
3281,1.950247784497972,1.9106243,train
14278,12.380257168721393,12.357872,train
14081,14.540175205207738,14.5366,train
3352,16.65085507136211,16.562403,train
8636,10.864856922124291,10.930326,train
15295,9.589635167483603,9.536336,train
12311,15.699257243224803,15.7695,train
6786,2.065925286132326,2.0916078,train
9638,9.515029356668332,9.676611,train
8637,13.217631626198273,13.160451,train
15995,0.5988023879920309,0.5635666,train
14149,6.296275141594642,6.3007836,train
17295,5.7175293375672,5.731403,train
18488,4.151855650673904,4.068164,train
18270,6.98428425697864,6.9237742,train
13366,5.047671134879971,5.0321302,train
6299,13.470127005227363,13.522949,train
18760,16.750884402512,16.688295,train
18964,18.41105821988793,18.315197,train
14008,0.2889634677240753,0.28186846,train
4651,1.9132105500378207,1.900006,train
17558,0.2726800489910922,0.27609485,train
13251,17.46491434494022,17.392988,train
5946,9.5041395547949,9.611617,train
2748,18.259170161373525,18.278643,train
14411,19.20297491139893,19.308737,train
14220,18.772792647671224,18.882908,train
3838,4.7230077436685205,4.688529,train
79,11.435449785598063,11.378788,train
8979,16.533342679716995,16.647202,train
9484,5.152829175423739,5.1647644,train
18874,4.9172242200220895,4.8941736,train
6778,2.837812882436362,2.8155224,train
6876,12.761613165258446,12.751645,train
993,18.20553140627749,18.152323,train
353,3.6174041998298248,3.6165876,train
1516,2.3644368451075555,2.3599665,train
10104,1.650197254318227,1.6074387,train
7917,5.234406588818977,5.321062,train
14850,16.118184859211844,16.023886,train
8432,14.386079913678955,14.348537,train
14504,8.902878024107604,8.883192,train
16802,20.626797016134947,20.62748,train
925,4.358215652196755,4.306889,train
6254,19.72893494809498,19.637596,train
17882,6.654880629605776,6.338504,train
15671,12.093962053244558,12.204349,train
1283,6.6094678118603,6.5492625,train
10095,2.354741053251126,2.2977035,train
17064,11.30178351415212,11.289955,train
6595,1.9470232282394293,1.9008607,train
7502,8.56083301234047,8.907882,train
1926,0.3385884538717935,0.31621096,train
620,14.195904317908898,13.747475,train
7419,19.394632997032105,19.337843,train
12185,7.105139473832268,7.11445,train
2280,3.6419621179301576,3.577254,train
18135,1.4033392433156897,1.3899639,train
13812,0.7247323842829736,0.73948205,train
12991,3.511670667482057,3.5683784,train
17510,3.885704884535107,3.9562142,train
7226,17.673717272316903,17.626417,train
9434,10.23432121268658,10.26431,train
3820,6.570712750909953,6.517747,train
6180,4.289569468894453,4.2293944,train
17587,19.11870686307561,19.071203,train
2177,15.466727176830524,15.521045,train
13570,3.677651752056754,3.6598527,train
792,20.51987982026511,20.563488,train
14649,15.420314710957946,15.37722,train
9447,8.587490608595946,8.577214,train
394,22.41714972837724,22.408607,train
8326,3.596479559546821,3.6057298,train
9648,8.470113836810487,8.62765,train
10188,13.969317660040652,14.034259,train
7688,10.12360514539775,10.079577,train
8313,4.869893207527916,4.8228574,train
10178,15.210862180102117,15.316614,train
18916,1.0182615912495574,0.9904986,train
17740,1.888058037510914,1.9040964,train
15994,0.6075033816992067,0.56207037,train
9193,16.37531492665688,16.35487,train
8781,20.080815495668432,20.178297,train
9231,11.822389208323566,11.80392,train
16274,11.975293243082556,11.985555,train
4950,11.204240149634751,11.217676,train
8485,8.472749331108636,8.574859,train
11518,18.211682279815147,18.264036,train
41,15.878258002900855,15.937651,train
8099,6.818291042875648,6.8035083,train
7985,19.14762394374864,19.187891,train
1960,15.227114855261606,15.250833,train
8093,7.72796434132155,7.8059864,train
12639,1.4055650975038188,1.3812759,train
1779,15.416348797434,15.373647,train
2173,14.693638251491326,14.702228,train
7190,0.3553239035874889,0.3266705,train
19055,7.042576130103612,7.042833,train
5282,20.181601219898333,20.180738,train
18594,14.51388623020101,14.547714,train
14559,3.546391274100953,3.4575706,train
18191,16.326960517076053,16.313051,train
8373,0.2457515259075228,0.26817244,train
3198,9.358561108439828,9.332406,train
11371,13.194390863094068,13.035116,train
17203,15.763961812492074,15.85253,train
14474,12.098420707021276,12.1521845,train
4152,12.436272612906654,12.501592,train
5829,1.2111355247818545,1.1855997,train
12272,20.53954643407132,20.566605,train
4239,2.788343999861875,2.8650408,train
4232,3.740368609900857,3.719024,train
175,1.8270836562770545,1.6491598,train
10605,8.881750642480958,8.918773,train
10238,8.088087482826067,8.12767,train
18166,19.245891312825872,19.279938,train
3129,16.13796501508964,15.97138,train
11623,6.864658367865991,6.811505,train
9222,12.874323702255705,12.828883,train
3089,1.5527623703295192,1.5307779,train
1172,20.54258088983435,20.473911,train
5097,13.733697559476704,13.859731,train
17741,1.845834053614053,1.8343872,train
8030,15.780172602907424,15.773711,train
2981,11.75545024781661,11.783809,train
5880,17.860216780752623,17.890862,train
8422,15.50915922706588,15.506733,train
13697,12.023709823675388,12.049966,train
1219,12.6115785087677,12.681003,train
2958,15.595049498677854,15.601496,train
5271,21.725944312651176,21.750683,train
11302,21.4193746944136,21.320786,train
9260,8.431647410536723,8.505847,train
17326,3.0340735838524275,3.055614,train
16496,8.989871873935686,8.948795,train
3689,0.4495091458664767,0.42364198,train
935,3.4017982416131383,3.363315,train
15021,15.95906324171005,15.984159,train
4455,1.632656801359247,1.5287017,train
7925,4.458140298161703,4.5554767,train
11381,11.949031199348497,11.837239,train
9731,1.0421995287258785,0.99552363,train
3240,6.064865220427184,6.0331073,train
15697,9.57067368404807,9.664731,train
13039,18.41300519918622,18.414814,train
18621,11.618728015041926,11.596358,train
1112,4.714460167555943,4.676724,train
4503,17.14221101740354,17.17257,train
5559,7.568602406157598,7.508249,train
12737,9.793265445205847,9.817231,train
13280,14.201608253028835,14.27875,train
6202,2.363808504628137,2.3529885,train
12711,12.09732445710798,12.059348,train
5729,11.102195734586903,11.023261,train
11366,12.803347149241462,12.859363,train
4374,9.348316708739292,9.37381,train
3518,19.0969816225186,19.142323,train
11885,20.0070470013036,19.974737,train
5906,14.34608041529371,14.355289,train
70,12.47790792357418,12.466367,train
7318,6.202220413836174,6.1747,train
1568,18.012902999212802,18.012688,train
13635,21.13254554312587,21.128843,train
19094,3.0052935406375827,3.0561123,train
16678,9.502993667189983,9.430088,train
4465,0.921077376654988,0.9335111,train
10197,12.82089977575986,12.800141,train
5640,0.7546735706872693,0.75125355,train
7283,10.435870792973072,10.382076,train
8140,3.0978756596315646,3.122502,train
3275,2.371134269589112,2.389703,train
8914,4.4169067982216825,4.4966187,train
6000,4.014763548628929,3.8587747,train
5981,6.026545271065941,5.8305902,train
13442,19.009110747911777,18.874857,train
1582,15.141454821010434,15.180714,train
7854,11.972386513840265,11.949288,train
5393,6.805067883080759,6.8178034,train
3999,9.580990688995769,9.5560875,train
17806,15.168927431682343,15.118796,train
6186,3.823876389722912,3.8319147,train
4934,12.505222424451684,12.491236,train
3171,13.75136014142583,13.716864,train
2595,13.203316903444549,13.215298,train
7672,11.975008892375657,11.978822,train
3030,6.584166548982018,6.600069,train
7939,3.244003692836981,3.13729,train
3138,15.211322347133232,15.205685,train
18696,3.106348412473433,3.1045628,train
12795,3.8335573382465897,3.842702,train
19005,12.92415739382259,12.9978485,train
4445,2.4276074825271112,2.4574356,train
4495,17.08044823169937,17.265308,train
17260,9.575405954437784,9.55241,train
8418,16.229089639721312,16.252062,train
17434,13.139463725113185,13.121403,train
4054,3.1415238889900587,3.1639202,train
8159,1.593621839031733,1.6181201,train
4230,3.5001499686941524,3.587154,train
18418,11.656815557379211,11.695969,train
897,7.120598896265584,7.127086,train
2875,3.9490582459194696,3.9549928,train
1632,9.55469055922757,9.534299,train
1802,12.129514515847609,12.227162,train
3413,9.224755554548135,9.234333,train
18094,5.124587199622845,5.10139,train
5414,4.66258096974761,4.7096806,train
4638,2.8260033180764643,2.7172632,train
4658,1.30336913953253,1.2554787,train
17691,6.571892941462021,6.605605,train
5702,14.131709741531646,14.092603,train
4854,1.8596840556381216,1.8521787,train
14615,21.12110053180841,21.058342,train
1986,13.421743049842853,13.421029,train
16761,2.0537329603639427,2.0071783,train
1662,6.455021490246184,6.3470507,train
4297,16.583809648958393,16.618975,train
3144,15.637767821945456,15.60662,train
15460,15.205797131053904,15.279948,train
5622,2.091308915735623,2.1075153,train
16224,18.37884061492592,18.308334,train
8497,7.094311752254075,7.1029,train
6544,7.185583539998982,7.082088,train
4977,7.817988268184536,7.8183994,train
17274,7.802016583446038,7.776789,train
15877,11.931256104202626,11.953781,train
3474,2.896499602066512,2.895454,train
9528,1.3723303285897788,1.3515725,train
16608,16.788847723824233,16.914309,train
2348,14.928621013908405,15.051054,train
14811,20.75302183798003,20.870403,train
18112,4.024506871069104,4.0416117,train
12360,8.448078976662314,8.66625,train
13977,2.4325127767197943,2.4562657,train
11642,4.833615386488117,4.782691,train
9184,17.419993968048942,17.458397,train
15495,10.67411665709657,10.661828,train
2488,2.0801118519254023,2.1045525,train
12897,13.30660573273956,13.19347,train
4046,4.105334674607493,4.1246214,train
3011,8.262145329505751,8.257054,train
1064,9.61008248611421,9.464925,train
16385,0.6120132017577115,0.62692666,train
17088,8.304670580993044,8.185256,train
4087,18.109309242477902,18.088818,train
11310,18.17614145704632,17.878252,train
13836,15.477134186556205,15.536942,train
19140,17.090516709195846,17.278845,train
16964,1.885319050608288,1.8793635,train
15895,10.183489548877414,10.110001,train
9183,17.608925347785366,17.67964,train
4257,1.457855800421925,1.4427857,train
14312,8.376657217119671,8.42243,train
11557,14.092982284467924,14.148045,train
12593,5.145499936593895,5.207844,train
6878,12.072045094474673,12.055863,train
8256,10.334343661172198,10.398766,train
19165,16.444747459209296,16.469286,train
14354,4.224316169241235,4.178387,train
6685,12.862875662575528,12.843077,train
6614,21.912266958594707,21.853348,train
12042,2.9442378190471543,2.9207282,train
18715,1.403747338397568,1.4068183,train
6332,9.571274055442943,9.75589,train
13385,3.1591709546143845,3.1499305,train
13913,9.45178052416912,9.491784,train
13567,4.041871367218398,4.092864,train
11963,11.44032411474599,11.426107,train
14140,7.386384355953518,7.376187,train
9069,6.57087411080512,6.6482515,train
5327,14.25831378173148,14.335375,train
2254,6.083009915142766,6.035803,train
1237,11.031153899189594,11.067421,train
4402,6.742079562870004,6.671343,train
10009,10.195826554040655,10.325209,train
13365,4.934150311246472,4.8665366,train
15330,5.827050037908606,5.8809867,train
4883,18.89906885385864,18.833416,train
9700,3.8281339475915614,3.7581658,train
11724,17.637122743077693,17.721914,train
7586,0.8065449239657263,0.82531387,train
10825,7.044788773373219,7.003684,train
11700,19.766552374199687,19.924868,train
5173,7.737054849271405,7.6940775,train
3748,14.700629764322215,14.669423,train
6085,13.603263462988746,13.637036,train
15700,8.771985910347366,8.752789,train
4880,21.08715340072405,21.089853,train
889,7.790121385893439,7.915137,train
23,18.229457416214046,18.248102,train
1747,19.941236211264545,19.730387,train
3024,8.017730630988925,7.9885917,train
13826,16.212214057849337,16.251904,train
11079,1.860412218795991,1.8075917,train
9423,11.601809459260464,11.624626,train
18909,1.529781816212434,1.5192118,train
15228,16.06895655137933,16.123137,train
13814,0.7240183613642498,0.73948205,train
3695,21.66052051729932,21.646303,train
11902,19.228532397522084,19.21493,train
18345,21.802448578615152,21.80807,train
18226,11.750624094463644,11.933262,train
7239,14.736228344780477,14.843105,train
15098,8.719153592790123,8.770742,train
17926,2.0804492934489622,2.1170323,train
17633,13.078152250398093,13.143784,train
12945,8.573413255155897,8.65212,train
11987,8.318164699675702,8.181874,train
18567,18.136359303277622,18.090958,train
6402,2.5623192807033046,2.6150048,train
9945,18.40009606146314,18.346615,train
16538,4.46773399745618,4.4793677,train
14513,7.981313140577713,8.03717,train
3073,3.0244641509353007,3.0390778,train
691,8.390042807384132,8.465865,train
3436,6.74762244828902,6.7768555,train
8984,16.977728201046055,16.921103,train
12678,17.991400472202056,17.961863,train
15834,17.349085719348352,17.385452,train
81,11.197969338992452,11.218286,train
17730,2.73336082380927,2.7368479,train
17301,5.271564038916155,5.2881126,train
4742,13.984949041298757,14.038613,train
10369,14.730196367158948,14.777161,train
4262,1.1283230187185314,1.1242813,train
5701,14.32684968130521,14.312116,train
7667,12.596089063497194,12.625461,train
14014,22.423049143373348,22.432055,train
3641,4.065469007546302,4.093888,train
785,20.084984082779368,20.113192,train
2577,15.681081737879806,15.723158,train
8890,6.821205088075828,6.836949,train
1401,15.727745361493144,15.807767,train
14576,2.0670637434667536,2.1803849,train
3547,14.910713556363982,14.930637,train
17052,12.959740423218,13.0060425,train
12092,18.29316490870248,18.416748,train
4662,1.0409951854703317,1.0547149,train
11927,14.806513884060552,14.7889595,train
13817,22.493386686983506,22.568453,train
8786,19.761420948947524,19.657097,train
18550,20.400957821133108,20.491983,train
11287,1.0487017096944011,1.0176928,train
16576,1.1577212179662613,1.128681,train
14373,2.5436092796660708,2.5170171,train
262,13.380542365867148,13.449714,train
6307,12.629392352232696,12.489345,train
15822,18.850602848272946,18.858732,train
15702,8.326815707010148,8.309737,train
14494,9.955322912899074,10.016504,train
16883,10.299187800843969,10.28345,train
16834,16.050392601510683,15.980148,train
6128,9.96406102511014,9.989655,train
10639,5.852730416563293,5.839646,train
12957,7.007783410234013,7.0869074,train
6882,13.100146622431453,13.143407,train
3100,0.8245249257486975,0.81633043,train
2063,5.539342997959718,5.531862,train
9692,4.5293083796762925,4.4568076,train
7566,2.348742062174185,2.363439,train
7574,1.5416778532649726,1.5876933,train
13491,12.131586012607157,12.145354,train
16506,7.880600385372966,7.9564977,train
4561,11.437302426717526,11.429553,train
1258,8.539750616279639,8.605964,train
18038,11.91019065001323,11.926277,train
16848,13.695396310642666,13.678512,train
12857,17.35867554980241,17.41653,train
4755,12.107441780307203,12.155418,train
8698,5.661072184929837,5.6471143,train
16699,7.377296634036136,7.3961573,train
8861,10.094981121169855,10.148704,train
4272,0.4480181615336722,0.40771937,train
10012,11.505572812948646,11.486951,train
13092,13.347978184433993,13.239791,train
18062,9.44187975538699,9.38431,train
1225,12.876525270284944,12.792793,train
9187,16.903954049395782,16.895721,train
18679,4.991755282587025,5.0247355,train
13769,4.139703744812547,4.1387854,train
581,0.8369241122527687,0.84890616,train
6477,14.78315729033869,14.694576,train
8525,4.162045125844843,4.260905,train
12824,1.3001973523744563,1.3495867,train
17306,5.037950818538219,5.0218124,train
5015,4.169304393597436,4.1991315,train
14635,18.40203709900064,18.322891,train
15183,1.1321692362725744,1.0860538,train
320,6.817227523308667,6.834491,train
16720,5.365921738746407,5.476467,train
6466,16.341025316224066,16.423689,train
14437,16.956268016360486,17.003168,train
16028,15.963711014985163,15.933735,train
19438,7.187309804876748,7.206483,train
12979,4.680260889495586,4.7349644,train
11182,11.620341667973433,11.636183,train
4594,7.183084794058996,7.2983007,train
19445,6.171693291688298,6.1762075,train
4498,16.087291360950438,16.278942,train
8447,12.818967804518715,12.87227,train
1777,16.217351829419478,16.261755,train
861,11.805173718373885,11.684625,train
12244,1.6938697333713306,1.7158104,train
10117,0.7124138185310191,0.6966191,train
15844,16.14509915706452,16.121933,train
14609,19.823373712951565,19.95706,train
8997,14.161801666801413,14.262452,train
5645,0.4170830830457206,0.39014933,train
17937,1.2544555635709973,1.2897953,train
2572,15.78293839180848,15.747392,train
15015,21.12097655917202,21.076801,train
8113,5.649993104817358,5.6804833,train
18072,8.290610061027529,8.29938,train
14582,1.6496334406170774,1.6109579,train
1835,9.444761753905183,9.547737,train
18704,2.2449911497815536,2.221084,train
13184,3.538798513716015,3.5617063,train
16719,5.504377061769156,5.6092176,train
13145,7.344022599544539,7.4438877,train
16041,13.3755913133959,13.483709,train
604,19.78415850440781,19.837563,train
14404,0.416097797239647,0.41950393,train
15971,2.1266839053472903,2.1066859,train
303,8.743750668529799,8.683815,train
5274,21.024082046045443,21.039211,train
5014,4.267848954261125,4.2759347,train
7863,11.129664243105914,11.198636,train
12759,7.356240751402732,7.3239746,train
10101,1.9576885290286767,1.8961449,train
19130,17.947829929255896,18.072807,train
16176,1.0628614852675526,1.080743,train
16847,13.97315227389978,14.02791,train
7353,2.985839587275206,2.9901156,train
31,17.442579553519906,17.511152,train
3221,7.968767900167862,8.022476,train
14132,8.506538468143571,8.511392,train
12031,4.0154719636052,3.952651,train
6696,11.541637386719207,11.522479,train
19416,9.52679198746503,9.459177,train
121,6.754598503320899,6.780068,train
11871,1.2571873880663431,1.2484155,train
7389,0.4085963920691201,0.37254965,train
534,5.262459893933508,5.2339497,train
6158,6.710256662363156,6.7059894,train
7142,4.280954201437737,4.2092776,train
13884,12.383567185457798,12.450492,train
144,4.533467532949102,4.3465657,train
4073,1.414407458442999,1.4612701,train
5343,12.49440765172097,12.462045,train
4123,15.244960203035392,15.253395,train
4304,16.593490593834133,16.583982,train
18739,19.26330728569492,19.245554,train
13529,7.926081016543483,8.031648,train
3757,13.71637455929004,13.645133,train
3640,4.186957632743632,4.182756,train
1313,3.532753247408904,3.487971,train
7303,8.15034263924924,8.278375,train
18244,9.567880414646169,9.807006,train
14448,15.455055682548169,15.401824,train
9411,13.680181514626646,13.693497,train
7413,19.682603698946103,19.750038,train
7553,3.278741398478356,3.2855465,train
11456,3.4907122110177644,3.529968,train
2916,0.657736206181475,0.6259372,train
17818,13.681791760477392,13.574116,train
8963,17.369441573278507,17.254478,train
1808,12.221863793524784,12.20199,train
9400,15.734648506107378,15.663855,train
2865,4.927030044873735,4.9698167,train
18459,6.9450773144654665,6.875737,train
532,5.272791617294113,5.305643,train
8190,20.11361188066833,19.965273,train
4533,13.937329339068024,13.802706,train
7253,14.499996136670958,14.421087,train
6319,11.123623771615462,11.141802,train
19069,5.457172271836224,5.383411,train
14680,11.892934570423376,11.892179,train
35,16.421396872652483,16.459934,train
7263,12.800794902094877,12.911494,train
19191,11.9215740921536,11.988544,train
343,4.5701367006557305,4.530373,train
14167,4.233246567855499,4.2336802,train
9952,19.056329642986004,19.11311,train
7671,12.109395187037272,11.988272,train
348,3.8894556699622345,3.941268,train
5152,10.07332218720648,9.994101,train
13681,14.525600243031397,14.553361,train
7771,1.8075328140481264,1.7877489,train
11980,8.752298976470277,8.813905,train
17324,3.115561764883372,3.1377223,train
10804,9.369603289705031,9.346733,train
18600,14.102210509111858,14.11432,train
18677,5.048862566058373,5.052914,train
1224,13.243339805827034,13.192593,train
5528,10.785952697913729,10.763024,train
13044,19.4820167918788,19.451712,train
9000,15.786641400758707,15.716484,train
19343,19.096733538870204,19.058918,train
1538,0.7469905643517186,0.7494771,train
2456,4.886672918447612,4.9138775,train
4317,14.765366149780377,14.790571,train
5205,4.496577917880358,4.4373803,train
9437,9.58734924337088,9.646868,train
2722,21.82704687913176,21.88104,train
3147,14.57085647269706,14.571966,train
484,10.869202567717924,10.890066,train
7887,8.262964814066338,8.296364,train
11650,4.123068119447226,4.299102,train
5563,7.990496628884071,8.03716,train
19202,10.703563580628996,10.781975,train
5766,6.998846136960551,6.9846134,train
6669,14.740540935283052,14.657469,train
4288,17.15391078907854,17.230095,train
6904,9.997028769021409,9.933381,train
2320,0.5116570983753462,0.5100208,train
4439,2.978689927780534,2.8101559,train
502,8.543948802985561,8.521465,train
9064,7.429593500981942,7.441358,train
4326,14.019603520866454,13.907838,train
18119,3.094291167853188,3.1053061,train
15992,0.6250415835348708,0.62115103,train
10775,12.280306614357343,12.284372,train
5973,6.2247125279509845,6.495387,train
9486,4.862126986185911,4.9446115,train
76,11.984740705626203,12.06911,train
4418,4.814992216652739,4.933385,train
853,12.504143228003274,12.486582,train
7063,12.200027704690465,12.142242,train
1009,13.487474377256468,13.465725,train
9025,11.396908947746097,11.376331,train
11551,15.68927392967096,15.596164,train
16255,13.990934546780094,14.031777,train
10248,6.991614074703596,7.058709,train
12601,4.181891084463284,4.2798986,train
372,1.9104678418126937,1.9120388,train
19197,12.010783239480766,12.016789,train
2736,19.7504422616221,19.7966,train
5735,10.507590992709504,10.418467,train
2199,12.226188344533648,12.161529,train
11691,22.51379306477692,22.471375,train
260,13.639712399925047,13.713096,train
17121,5.052192171735696,5.0388923,train
8204,16.20929457852523,16.335901,train
386,22.4012270741532,22.408607,train
9463,7.350738413252325,7.3708715,train
736,3.3502188238521096,3.3213563,train
5095,14.425951204627328,14.434795,train
2831,8.49328738083124,8.539636,train
60,13.65808284675857,13.626088,train
8011,17.61953804774304,17.524176,train
844,13.416207897541168,13.424082,train
265,13.11744495257675,12.960703,train
12800,3.4217010906464496,3.388234,train
8575,22.52674826275202,22.527527,train
14799,0.4617436929567258,0.45902857,train
697,6.900996599467394,6.871128,train
18851,6.782460032065355,6.7635655,train
11069,2.694143679156646,2.7285264,train
11603,9.118842607886414,9.068669,train
15432,18.38407731755725,18.202438,train
9348,0.5546994289510632,0.5705956,train
17659,10.114609202403102,9.996193,train
16953,2.828417377597757,2.8322246,train
10923,18.0795373249887,18.074453,train
13667,15.80852027217531,15.783168,train
13246,16.669126565171258,16.74904,train
15314,7.689690768972815,7.7878103,train
16467,12.119605797971722,12.152854,train
16989,18.809352516189094,18.843937,train
6575,3.7687376645494153,3.7522936,train
9646,8.960171167962304,8.924487,train
16019,16.40980152554091,16.412502,train
14109,10.85503559623833,10.852968,train
16579,1.0145403771020598,1.026334,train
1493,4.609194087679245,4.5953307,train
15272,13.16296577933367,13.184224,train
3335,18.50492430172009,18.487549,train
18629,10.538772873079804,10.582896,train
12602,4.153894730522526,4.2753725,train
15074,12.005606956478612,12.05416,train
14901,10.170972831694424,10.220959,train
18312,2.928204053988832,2.8547451,train
8830,13.84885060517233,13.846555,train
3029,6.788513897187729,6.753786,train
17671,8.742773547217668,8.749973,train
14397,0.5639239798943678,0.5884072,train
11993,7.987623253967673,7.9781213,train
3867,2.037612492041086,2.0197263,train
16068,11.306716774457078,11.22207,train
9938,17.7592938665885,17.68591,train
8581,16.180935863095236,16.218788,train
19082,4.197261960100552,4.1622906,train
15744,4.112251629975085,4.0904894,train
11710,18.552078798862755,18.681744,train
10463,4.072940608414873,4.046836,train
6724,8.251951227282277,8.237413,train
1517,2.262194014294333,2.2806127,train
4323,15.05078434604956,15.04378,train
7422,18.407746840989308,18.486029,train
10500,1.038231437405654,1.0510913,train
3077,2.521276902921613,2.5369642,train
4770,10.7310988604804,10.700988,train
401,21.060268964875856,21.042156,train
9324,2.0811744680069584,2.1544003,train
13292,12.36914414866938,12.414709,train
6372,5.361750230211212,5.422554,train
17182,18.24149290671432,18.23414,train
16861,13.192112153205844,13.202099,train
12513,14.4197959584365,14.524284,train
6129,9.709795324132472,9.707159,train
2944,15.187139246619724,15.01262,train
12317,13.53115551428247,13.476481,train
9138,0.8759946845236658,0.8260431,train
17092,8.203065172044417,8.347864,train
8042,13.57450339769732,13.558346,train
11024,6.945161815935912,6.973178,train
8975,19.77746998117051,19.73771,train
17616,15.42552134832368,15.394738,train
9814,11.21156527282378,11.211118,train
1519,2.062154402442233,2.1145139,train
209,19.88478795435894,19.87145,train
11678,1.68606472597388,1.7531706,train
487,9.720487848689322,9.710913,train
1645,8.462337446066726,8.527021,train
11727,16.88537188895679,16.931482,train
1267,7.751039074028488,7.7618623,train
782,21.84890795290512,21.803078,train
11030,6.401560001099138,6.4614906,train
14033,19.728895065440184,19.786728,train
7242,13.7353035812181,13.697986,train
5590,4.593154873026514,4.649909,train
11110,17.73332675198355,17.72651,train
11931,15.754115782947078,15.781778,train
13179,4.044727306565979,4.110257,train
8966,20.065187943757223,20.032751,train
14652,14.906613002469522,14.919955,train
9276,6.798282763038456,6.722459,train
7377,1.0795347134227096,1.0549176,train
16562,2.344130583684001,2.3410792,train
3687,0.5090092378062436,0.5034444,train
11076,2.05559819289502,2.136288,train
6732,7.308050340865675,7.280789,train
18759,17.224909029061905,17.25067,train
15062,14.452486132186744,14.335693,train
14148,6.299927465914528,6.3007836,train
3426,7.822099469707224,7.8408446,train
15458,15.350875547713931,15.279385,train
10112,1.0493020183202395,0.99136496,train
3343,17.713774089357628,17.628746,train
12764,7.008214674346703,7.0172153,train
15189,0.749685103554774,0.7324694,train
17022,16.73699166749805,16.75706,train
3911,21.098469076670384,21.154545,train
9664,7.279029967104481,7.2094116,train
11698,20.355642545960265,20.415287,train
5564,7.694961622056209,7.6974173,train
1411,14.429293743283068,14.519063,train
217,19.33503685993395,19.42842,train
6973,2.731485054446175,2.6605728,train
13521,8.572374183640344,8.550523,train
7847,12.505072372951329,12.564185,train
4059,3.1352499580197235,3.1639202,train
16218,17.804056889831806,17.773886,train
12326,12.715510247384447,12.648951,train
15258,13.134338185616748,13.151646,train
5412,4.81001210071692,4.838354,train
17158,1.6885064241701249,1.6815389,train
5683,16.09918865660655,16.084915,train
13403,1.677242715780827,1.6549333,train
6255,19.43104379746233,19.464615,train
7746,3.818577362734302,3.8333437,train
17612,15.641375912001878,15.707493,train
55,14.180750554792022,14.083916,train
17739,1.9306051375964783,1.9175673,train
7756,2.8801074004820744,2.8732705,train
6393,3.389352017906492,3.4732094,train
3267,2.991858013919395,3.0355814,train
13566,3.899256566830063,3.9023225,train
14269,13.297571362860811,13.304323,train
748,2.290824220107413,2.2842245,train
3428,7.645211092915835,7.818642,train
2963,12.967909998670484,13.022016,train
14501,9.291107652047057,9.414884,train
17455,10.154049982292,10.146426,train
3467,3.678489332594197,3.7114222,train
7811,18.368930747656428,18.227913,train
16973,1.154464461542339,1.1357058,train
17461,8.447264092336416,8.634408,train
1420,11.479450233822774,11.629055,train
1410,12.55314689154911,12.607641,train
9178,17.88298284177943,17.85286,train
19358,16.84270545308713,16.954372,train
13932,6.351373883015512,6.345747,train
18915,1.0843393578104974,1.0424627,train
6206,2.0189335118629863,2.0866687,train
15999,18.950298489699577,18.90859,train
8396,19.72924862882206,19.775852,train
14122,9.66335895147773,9.6578665,train
17352,0.9595905411094224,0.94659406,train
4369,9.540642416448426,9.583686,train
13885,11.869502292307969,11.791246,train
3946,15.798307653483302,15.78038,train
16477,10.991107414138922,11.075313,train
13645,19.7746282392282,19.736855,train
5066,0.3691143852914262,0.37415048,train
19180,13.20177900437448,13.136716,train
9942,20.34749716210495,20.356133,train
18246,9.389215971241242,9.571107,train
1610,12.106800113017146,12.151738,train
5966,7.231914544810252,7.302505,train
8017,15.143818159195266,15.106558,train
6742,6.207613797238092,6.1817784,train
8537,3.061036925978714,3.122284,train
2235,8.407474526328098,8.431118,train
9542,0.3455211886949753,0.31917965,train
14642,15.980149849710028,16.053036,train
16213,17.942167462846445,17.812662,train
5374,8.892583547897408,8.890419,train
4426,4.081476203512647,4.150997,train
19193,11.531328830534164,11.574388,train
2423,8.649807017446348,8.622089,train
19125,21.43449377276418,21.315624,train
8632,12.175805505437255,12.235488,train
5217,3.364227314952921,3.2523842,train
6916,8.358368630901133,8.245142,train
10209,11.477506383020206,11.506257,train
8129,4.029204841986522,4.019518,train
5846,22.114482666342305,21.960989,train
19393,12.856203154255896,12.820121,train
16805,19.23140772434538,19.20536,train
19208,10.593976009638284,10.587342,train
4618,4.584859826433954,4.4093046,train
19105,2.0301953985827863,2.043061,train
5898,15.482279643625178,15.406663,train
16256,13.670556858935754,13.655635,train
15197,0.3066356074653494,0.25436687,train
15025,17.580038638549826,17.446537,train
242,15.732056921444578,15.853598,train
5983,5.163334307781212,5.3543386,train
9436,9.778048397156056,9.777097,train
13867,13.273808698617035,13.204408,train
6760,4.6032853482982565,4.648314,train
16634,14.81866583402592,14.805715,train
3014,9.13896682000246,9.08795,train
451,14.556782281474424,14.567091,train
16044,15.752779327885436,15.748438,train
10247,7.043021314040731,7.0857306,train
2824,9.282843433194998,9.216564,train
5259,0.312065142236273,0.28278202,train
14612,19.06835425273644,19.227715,train
12779,5.367212893897318,5.3586974,train
9202,15.320597013532575,15.247869,train
16519,6.324694411228933,6.2141223,train
13497,11.985963756603246,11.899339,train
14123,8.536680490627836,8.511392,train
10641,5.561181516184503,5.5398474,train
3111,0.2697644542194776,0.281378,train
11011,8.329265033902328,8.40301,train
14250,15.884104923522129,15.813194,train
596,21.14979681249453,21.16652,train
14982,2.037380003608904,1.9537503,train
5960,8.231974407743996,8.036255,train
14560,3.4469293128775207,3.4179564,train
7333,4.931819469030357,4.964498,train
13619,22.506812972481764,22.493107,train
17171,22.52452144171341,22.565569,train
17354,0.8681380297821306,0.83805066,train
9995,12.716323177566862,12.645761,train
17729,2.786593435342788,2.7852504,train
2172,15.005658358099812,15.039191,train
12196,5.963219388211176,6.0542564,train
7450,15.559686073371212,15.475544,train
473,12.077714867920983,12.071201,train
7399,21.961207457991986,21.954056,train
14743,5.290104906536431,5.165641,train
17726,2.948622994826404,2.9248772,train
5733,10.781733549093964,10.920918,train
3104,0.5074894281814528,0.5417648,train
19363,16.565648408616678,16.633627,train
1744,16.901522700859267,16.990282,train
1233,12.391945540628742,12.349433,train
10835,6.034756254636958,6.014587,train
17019,15.68830429645559,15.653075,train
17026,15.49018369837438,15.468514,train
8611,16.285143325967812,16.31643,train
317,7.112647451978097,7.1980577,train
13496,10.680209414644064,10.688299,train
11423,6.846972707046422,6.982967,train
5178,8.28158044153043,8.382979,train
14904,9.993753744849627,9.774092,train
6989,1.403025144158137,1.450035,train
3313,21.52341575383288,21.534697,train
3541,14.34520545168322,14.256994,train
8272,9.062976287453353,9.095163,train
8135,3.504731360351058,3.5193017,train
1828,9.879689626868936,9.897013,train
5804,3.064345292983196,3.1458614,train
18726,0.6799392675762443,0.6645233,train
6912,9.389593955192652,9.296824,train
1845,8.263508571620829,8.391309,train
9014,12.76703877557592,12.789701,train
12485,18.10472830197705,17.98074,train
18481,4.535491238708134,4.6139545,train
13389,2.741951983737064,2.719132,train
11246,4.469207694917455,4.511363,train
14321,7.470995012399511,7.4074764,train
17376,19.54325048587408,19.434412,train
30,17.682439220976494,17.674269,train
4254,1.717548456820979,1.7276266,train
5614,2.7334128463693133,2.72241,train
1029,11.75900636675346,11.850828,train
7100,9.03208544195506,8.887524,train
605,18.957772782570505,18.997606,train
14309,8.815672819852955,8.775032,train
9645,9.21502383571698,9.188462,train
6491,12.481630078036174,12.516565,train
8775,20.57875105073272,20.707193,train
17878,6.8561883917302175,6.9270864,train
14147,6.303595787077708,6.3007836,train
7860,11.075213038511356,11.049707,train
9217,13.414440773782594,13.4019,train
13485,12.256048897488082,12.288734,train
12740,9.243192696689253,9.277355,train
5373,9.005532559244488,8.903278,train
335,5.462490306471714,5.3828454,train
3242,5.574190087094823,5.4951324,train
16316,6.909314115801495,6.9254875,train
18295,4.027166646015485,4.086769,train
2805,11.486631033788532,11.459312,train
450,14.55916714827619,14.567091,train
5636,0.980399344653642,0.92880154,train
1648,8.01735626009439,8.016795,train
17450,9.620449355801195,9.734279,train
13925,7.5452044420190365,7.506531,train
12069,0.8875551515165293,0.9140686,train
14243,16.08276443793165,16.048634,train
15701,8.544555074073326,8.560529,train
13326,9.535737662343491,9.577028,train
12492,17.033801928043683,17.13175,train
4211,6.045803960442167,6.000204,train
4920,14.652727880244855,14.702688,train
1921,0.7688105098027005,0.78601134,train
7222,16.32382026887323,16.141731,train
2138,18.695667426133884,18.64025,train
16407,18.928000809299487,18.908155,train
13773,4.137234891298388,4.1387854,train
1110,4.14559395343366,4.2971067,train
6671,14.452313056806158,14.490913,train
12393,5.620990469437528,5.562451,train
14284,11.164945121584369,11.156861,train
10449,5.548239254571967,5.499383,train
15831,17.747955604742717,17.77058,train
494,9.68847906455439,9.710913,train
11266,2.651404930290892,2.6369176,train
9303,3.92881460123182,3.9903135,train
18326,1.3375973874369884,1.3574394,train
5050,1.2121231918858748,1.215171,train
2616,10.75425410754099,10.731234,train
2089,2.9731734595592645,3.0083833,train
10136,20.551132869409216,20.476559,train
1750,18.27094323905388,18.156164,train
16501,8.136113268314277,8.05341,train
1637,9.284073984262982,9.311344,train
1206,14.891174985583197,14.83048,train
16584,0.5035948294012584,0.49784088,train
15760,2.769651432105484,2.7198393,train
10274,4.072989113388606,4.0934744,train
4492,18.93949464556607,18.928627,train
9992,13.966468574446262,14.088927,train
17142,2.9638769363539863,2.929382,train
9220,13.248943349366009,13.287049,train
3219,7.2411702061407714,7.2796493,train
6948,4.918597904930901,4.993197,train
18272,6.932576173400539,6.8655076,train
2638,8.396818918963955,8.411127,train
8303,5.824277310035247,5.675287,train
13929,6.757822749065604,6.748438,train
17463,8.135054737961129,8.085475,train
8818,15.431192958656514,15.316887,train
8897,6.018648503306959,5.9674597,train
17641,12.190439473243105,12.311449,train
18096,5.099363476883114,5.099944,train
4048,4.10235205894293,4.1246214,train
18077,7.241938785634442,7.261394,train
6122,9.99119684209846,9.955552,train
4822,4.809414652804303,4.780793,train
18382,14.70524622737186,14.722731,train
3445,5.772399420811603,5.7681885,train
17895,4.973866421020472,5.028083,train
7323,5.970981082751635,6.032236,train
7044,14.01009629254151,13.99337,train
9658,7.445485284064906,7.6048045,train
3842,4.409787883007212,4.410318,train
2430,6.937607630431803,6.9871893,train
9683,5.376696615713088,5.3304157,train
8126,4.318973518737719,4.3533154,train
10099,1.8731286466890984,1.9724939,train
13421,0.4443561583394725,0.449222,train
15079,10.5331449507321,10.66546,train
1526,1.563392893575127,1.5342392,train
10539,15.9703476274884,15.936501,train
9693,4.370050066537343,4.3852654,train
2884,3.061892469316503,3.0734353,train
7371,1.5609337832591308,1.5741111,train
5677,17.87657904707054,17.882683,train
15139,4.668849796446533,4.7141795,train
10354,15.18617444780008,15.192748,train
4678,0.2022104893387679,0.23770759,train
5975,6.1676780727434695,6.302831,train
431,17.106378366063662,17.070015,train
2774,15.172672533868209,15.156144,train
3733,17.07416782113539,17.142141,train
18835,9.203719354174408,9.244795,train
18810,11.327707224623284,11.283483,train
17222,13.957150800704616,13.997452,train
13479,14.504288287727649,14.487197,train
7483,10.842468352504389,10.934486,train
7175,1.376849876348221,1.2722987,train
1417,12.42366494549676,12.349864,train
9582,17.411643960577152,17.437061,train
13995,1.043346362552183,1.0566518,train
15977,1.3823045200804676,1.5462229,train
18172,18.731696320822373,18.628012,train
19107,1.9096797404098207,1.9232223,train
8334,2.957640538047327,2.9081314,train
16545,3.856400740377737,3.9391332,train
4565,10.072426845636334,10.1852,train
8000,19.743549137432776,19.852503,train
16530,5.209238728084422,5.175736,train
13901,9.364302753667973,9.293673,train
13883,13.14774123521145,13.280753,train
18404,14.404213423051758,14.4607315,train
15596,0.7214583161053104,0.73854876,train
238,16.472284872969258,16.549393,train
14466,13.914415841031404,13.889506,train
9614,12.93781154244352,12.878703,train
7380,0.9418812381114908,0.9279153,train
7800,17.039677740468147,16.964333,train
1510,2.7472398779016185,2.8383827,train
19245,6.92045899814493,6.9985337,train
421,18.407758935967056,18.396297,train
5969,7.151189337965262,7.0738635,train
1226,12.518539951735994,12.477867,train
6550,6.287260925296416,6.347053,train
17755,21.73585795687038,21.829622,train
18376,17.337082186246562,17.373125,train
223,17.976791570686814,17.920824,train
4941,12.059578132604225,12.09087,train
3663,2.1987535579239323,2.2313802,train
1667,5.994455286949614,6.0143647,train
9710,2.847511376444972,2.7813153,train
10194,13.04389275163486,13.026154,train
17157,1.7495219037889864,1.7211198,train
15758,2.9722850211942697,2.997575,train
14486,11.54733284002806,11.513688,train
8891,6.724282825035291,6.7311287,train
14184,2.3744825816023405,2.3566394,train
11478,1.6804058592802325,1.6792347,train
19158,16.023412708031852,16.083143,train
11006,9.265764322550034,9.296355,train
2929,21.136400946005285,21.113092,train
4481,22.50768204064997,22.447977,train
4459,1.4280576349186769,1.3165077,train
18471,5.480972969734104,5.5232296,train
18158,20.29247791534753,20.21296,train
10748,14.51605060203226,14.434928,train
11569,12.493363659241943,12.6728,train
17323,3.2059271367513595,3.2247481,train
6413,1.706968431073434,1.7747312,train
15004,0.5770664925384689,0.5552086,train
19174,15.735438668203692,15.708008,train
17986,18.351038915052683,18.320415,train
576,0.8508305865444871,0.84890616,train
11173,12.505395463466906,12.5648575,train
10830,7.087957774558926,7.19946,train
17413,12.79290763811449,12.860375,train
17543,1.2672990910486657,1.2205626,train
7824,15.285329228514458,15.249421,train
6903,10.29287245604446,10.125605,train
15239,14.883563141877396,14.961819,train
610,15.603913286375194,15.712022,train
3556,13.72720422097194,13.702555,train
10292,2.292208158872325,2.2792957,train
7571,2.3152909261515195,2.2920637,train
15612,19.44363855691501,19.51745,train
7094,8.769515788191901,8.8717985,train
959,1.4407283169670644,1.4913383,train
12762,7.291350199491438,7.3447614,train
18205,14.314877858573215,14.389632,train
12993,3.742712574353808,3.6674078,train
7544,4.223506599599904,4.252426,train
10311,0.7619302741744053,0.75701404,train
15290,9.764254597245449,9.815368,train
16443,14.487886727784597,14.309819,train
17004,18.553902263590555,18.502281,train
17751,1.0967553417795093,1.0941336,train
5204,4.666821938781223,4.7213755,train
19134,21.11338248334787,21.052296,train
5948,9.43497699930183,9.554937,train
14733,6.280305177758101,6.1320796,train
9773,14.734515975081557,14.910373,train
14876,13.068723817682686,13.100958,train
9706,3.02391698713803,3.0278795,train
17117,5.354032597479083,5.2356753,train
742,2.944233885406263,2.985766,train
13648,18.43279799553024,18.422369,train
16641,15.752696402785467,15.731706,train
2817,10.16900300573564,10.163997,train
675,9.452080343531074,9.450376,train
8591,15.00065976448341,15.211531,train
4090,16.944608588151674,16.879852,train
322,6.661702988649385,6.609588,train
10692,1.112379830364673,1.0799628,train
6465,16.70572809032259,16.744896,train
10599,10.230267688992203,10.26485,train
7497,9.59089999183874,9.54196,train
8739,1.825527734118084,1.8168956,train
11930,13.78126798159911,13.983925,train
15281,10.618529288140293,10.630877,train
14530,6.316628052649657,6.3662033,train
18685,4.091879411038138,4.095246,train
3293,1.016794971623361,1.0081798,train
4589,7.341478553471997,7.3523946,train
456,13.326309724134498,13.305281,train
16460,12.613406897480711,12.749345,train
8387,20.48721432510717,20.44266,train
656,11.200365664393797,11.164052,train
6473,13.98239815093115,14.155592,train
17474,8.257040696945268,8.192128,train
9966,15.657688733954906,15.509237,train
11932,15.400099028217504,15.456495,train
7938,3.3041656717697423,3.3160443,train
3486,1.9607711495628617,1.9719218,train
19448,6.098670251708553,6.09469,train
5994,4.121282815755506,4.240634,train
15504,9.548356906895402,9.530606,train
14787,1.1949980502792446,1.1883153,train
14617,19.38601014422873,19.385996,train
10945,17.094621506584776,16.988052,train
12672,17.893372860684746,17.83895,train
13218,0.9462674640786164,0.87863314,train
13443,18.356890656032668,18.272844,train
12184,7.306810533960161,7.328703,train
12436,1.5756371539714389,1.566053,train
18037,11.9333127667172,11.952668,train
8379,21.308719911592988,21.360765,train
8521,4.726138029186104,4.7417126,train
2387,11.364005590057944,11.392917,train
2980,12.103355330526195,12.123237,train
9930,0.2792650130812791,0.31864804,train
1606,13.01852473260078,13.180895,train
948,2.276056470383706,2.3203561,train
3703,21.06550864159365,21.117983,train
12458,21.634748617635942,21.682539,train
18573,17.57691644814319,17.496183,train
7294,9.031701795831962,9.014627,train
7635,16.582922998338617,16.666618,train
8205,15.9581513034247,16.001656,train
12949,7.551557182223206,7.3676925,train
3042,5.302800935994018,5.349209,train
19056,6.894080357485536,6.9259744,train
2002,12.414002518672326,12.431684,train
14601,0.4113593436314416,0.4320844,train
15150,3.65483369693821,3.7006996,train
17025,15.794257515929385,15.760556,train
6051,20.39986286272837,20.471916,train
6270,16.804233609082566,16.861334,train
11238,5.232455289689133,5.296816,train
8375,0.2088634665271286,0.23111185,train
9086,5.119770152292055,5.1396036,train
16000,18.24755841972496,18.275278,train
18445,9.12838826407044,9.164427,train
9869,4.673796114368726,4.624924,train
12562,8.442985630586788,8.666232,train
4968,9.558672275563591,9.53655,train
8972,16.549904357946108,16.556818,train
4606,5.8081050098146685,5.810554,train
15095,9.452499282847551,9.459557,train
3489,1.8640622239038336,1.8891327,train
15485,11.86801389521538,11.805853,train
11162,14.02536680968225,14.054721,train
2665,5.159382825892863,5.1646414,train
15086,10.223798860321384,10.192711,train
1231,13.122238414167208,13.123791,train
3000,9.47573864054121,9.508281,train
11116,18.274383435652144,18.249441,train
17167,1.0207980947432052,1.0214163,train
1242,11.521479612216233,11.378191,train
14078,14.5439892802426,14.5366,train
1422,12.83156578366926,12.842307,train
5950,9.36716605460802,9.350536,train
5577,6.010003906070961,5.952347,train
7910,5.972482945537096,5.895467,train
3160,15.760328596963369,15.706336,train
2006,11.063997909826082,11.074086,train
10663,3.4398759166477872,3.4031389,train
2166,17.11285868317025,17.167595,train
5819,1.979626816326236,1.9842446,train
13319,9.785694768278864,9.767914,train
4676,0.2594133030245438,0.26666257,train
3793,9.604758253907775,9.800736,train
8695,5.371452968907778,5.395117,train
19320,21.895725800935647,21.874228,train
7396,22.15879509801817,22.157948,train
3124,18.85953622904253,18.70252,train
4243,2.660283294040255,2.5911007,train
9657,7.666565888010565,7.774065,train
8602,17.504114734061595,17.503832,train
702,7.015032662961477,6.930766,train
1429,10.706872675957252,10.71789,train
9863,5.735599561051869,5.7728996,train
4348,11.66100929913734,11.693399,train
16799,18.49736178470569,18.531498,train
191,0.5341564674153627,0.5263665,train
6374,4.946093284615828,4.7822285,train
11073,2.429004357931278,2.3545327,train
7043,14.329287554818404,14.378476,train
5012,4.487106178747598,4.5135465,train
4993,6.321212925735465,6.3320665,train
13447,15.79926195704949,15.698243,train
12243,1.770134744467766,1.7700642,train
6099,13.727627324092678,13.715077,train
1498,3.869784979415834,3.8531709,train
17636,12.915223622479193,12.851169,train
11770,11.50681943819576,11.712757,train
1046,11.04800248245081,10.965269,train
14,19.17734922686267,19.18992,train
18859,6.139009157374811,6.071319,train
1714,1.8015443564414428,1.7510939,train
18701,3.002179198972472,3.0254376,train
17713,4.3906345608121855,4.3740883,train
1619,11.19345795745805,11.137835,train
13405,1.5813916124670593,1.5889168,train
13468,13.21895799842127,13.131776,train
12921,10.053980561109167,10.052554,train
9465,6.941086733222956,6.9321747,train
11534,17.337113114216294,17.267496,train
5027,3.118657812899529,3.1443946,train
8327,3.902294782789948,4.0214334,train
11251,4.048807656145515,4.0343227,train
6681,13.288849266040874,13.289465,train
4332,14.66623896401484,14.613994,train
9182,17.816347038571855,17.73116,train
10289,2.962294247344406,2.9628267,train
2847,6.875189447932323,6.830005,train
11240,5.037396875790407,5.03305,train
12252,1.064044002869163,1.0387125,train
19414,9.598243569172231,9.586431,train
10950,14.955633372750484,15.056558,train
6181,4.166254328055158,4.131104,train
14012,0.2230295181475954,0.26913333,train
16261,12.872799208216964,12.875777,train
6834,18.32574575405262,18.244967,train
17442,10.205209755932582,10.13457,train
10771,13.89676144711507,13.863123,train
47,15.455443778055864,15.477141,train
10777,11.77342441329215,11.8920145,train
1307,3.800210908851864,3.780123,train
14729,6.590079024988672,6.6187663,train
7099,9.45097365852631,9.300419,train
14066,15.81561623885377,15.809205,train
4454,1.7000037609347698,1.6515236,train
15574,2.2767698137608487,2.2722423,train
15377,1.684753426993031,1.7435696,train
12506,15.502715166947167,15.427529,train
6081,15.201694965831656,15.1851015,train
9685,5.0263944525354605,5.008802,train
2389,10.7967268070134,10.79038,train
1624,10.248137475825288,10.2369175,train
2388,11.067548967423896,11.134904,train
16800,18.062599654795928,18.11817,train
15092,10.692789219118652,10.747186,train
2202,11.524092045709716,11.47377,train
11894,19.439566536697377,19.371136,train
10331,21.10374713111085,21.126326,train
113,7.6764599060953085,7.7636046,train
6289,14.660652141450166,14.566553,train
10385,11.457978374941186,11.492231,train
455,14.54792669426712,14.567091,train
13269,16.19788401304697,16.271536,train
6006,3.127207880067218,3.1587622,train
19501,1.3515482888077657,1.3415432,train
18113,4.0152622417819,4.0411115,train
14958,3.981281217942242,4.032934,train
16181,0.7747491921828478,0.7848715,train
15210,17.234729152953395,17.206463,train
6867,13.482506836213073,13.519324,train
1970,14.348172480019382,14.413986,train
7827,14.622609666356375,14.534509,train
7407,20.78880964485393,20.670734,train
664,10.859669658310745,10.860941,train
739,2.972764245707322,2.9791822,train
2999,9.751653402695537,9.737776,train
9116,2.4525790857924448,2.4237206,train
3128,16.497570795958914,16.413612,train
17537,1.6887891759467213,1.7806967,train
2474,3.397532783160504,3.390413,train
2055,6.189236855316789,6.1917663,train
17922,2.757422069578747,2.6833014,train
1236,11.3596489464246,11.2871065,train
3766,12.706314808279863,12.729536,train
3773,12.008521466855347,12.0290165,train
6840,15.215421517072322,15.181885,train
8394,18.527676253291048,18.428759,train
8719,3.5481231044635355,3.536297,train
19325,21.018850424748337,20.915527,train
13469,15.795113130850371,15.810495,train
17033,15.171659671526175,15.168311,train
10142,19.62308135777449,19.526552,train
1066,8.952318334785922,8.896618,train
4378,8.674997203727248,8.723144,train
8878,8.139691271284539,8.220107,train
12590,6.041304755856273,5.7660437,train
12251,1.1235690317093956,1.1810509,train
515,7.404564904687652,7.3631096,train
13975,2.644945383040924,2.6217945,train
9511,2.788965493476816,2.7600138,train
15486,11.813845351136422,11.781091,train
7822,16.21972819520053,16.313572,train
13165,5.3366047053095365,5.2485538,train
9059,7.5153093383467136,7.581519,train
4478,0.2594444171385593,0.26298687,train
9971,17.029947212524615,17.132006,train
14654,14.608159163981249,14.334481,train
10029,8.164834665829847,8.2242365,train
18014,14.513443754500596,14.44489,train
6654,16.743859458805066,16.736788,train
4092,21.11298089814892,21.136717,train
10899,0.6514375457511493,0.67346036,train
11468,2.472098693061752,2.479309,train
16237,15.745688141628488,15.7300625,train
5557,7.999016309655701,7.935493,train
18817,11.038154053026837,11.020068,train
14464,13.181381033693196,13.191373,train
4699,18.43051044464081,18.698246,train
5606,3.360405760506087,3.3451314,train
5547,9.017604505803254,9.018663,train
2718,0.7383266430647031,0.7330413,train
4231,3.938379699334149,3.851995,train
1974,15.902274775193296,15.916235,train
16112,6.4172255956583975,6.378271,train
15497,10.576345479393856,10.620221,train
17255,9.62030487531218,9.664094,train
13295,11.774143730783926,11.792723,train
15178,1.4654777170823123,1.427886,train
19061,6.243560694284637,6.210942,train
2364,14.587660088934664,14.588223,train
13568,3.914044507394415,3.993618,train
17899,4.736528518043018,4.800889,train
16303,8.360453725338914,8.299045,train
2819,10.023050391130006,10.018819,train
13400,1.8405410243004627,1.9351032,train
6161,6.1967987349846325,6.0999455,train
15340,4.887734434629707,4.8967857,train
13213,1.1354320316940605,1.1166933,train
16771,1.220434025323252,1.2621454,train
11751,14.469041975561716,14.497175,train
4295,17.162196467886524,17.159855,train
6606,1.106387806268304,1.0678786,train
3328,18.942407506028232,19.010431,train
4610,6.024575233426298,5.8671145,train
1153,0.984579711678748,0.9384086,train
7225,18.41246977318908,18.407187,train
16455,13.989480333335234,13.940841,train
3412,9.326679376715171,9.261833,train
9524,1.642686320466249,1.6282051,train
18884,3.883448278118172,3.90705,train
1439,9.639533717122086,9.727161,train
18203,15.002882718610042,14.781824,train
9667,6.645540829986899,6.649617,train
10231,8.502326065343885,8.485941,train
169,2.040025459995744,2.1147094,train
7701,8.696015229025361,8.776279,train
19372,15.36296116721956,15.324662,train
1091,7.107493544876254,7.190809,train
11189,10.189549888517805,10.1086035,train
11482,1.2407176883957916,1.2618062,train
9420,13.160134023167643,13.217529,train
2490,1.9002832692132567,1.9414611,train
5800,3.682103334301439,3.670358,train
4271,0.4885460129550789,0.4499516,train
10070,4.155327880261878,4.3249164,train
14800,0.4495693796122332,0.4406998,train
9444,9.18773348453552,9.163841,train
4784,8.82637483789901,8.749409,train
8322,4.088589421244257,4.055955,train
18625,10.741183130025718,10.739596,train
2889,2.8767408690694705,2.7343836,train
17837,11.434081631212427,11.517577,train
14100,12.059918797047091,12.033986,train
11833,4.815850953920667,4.7940083,train
2983,11.107792462816652,11.144814,train
2561,17.0950062704188,17.044104,train
13631,21.13153873406343,21.128843,train
14207,0.8083404093811855,0.8208524,train
6533,7.848006332745929,8.019837,train
760,1.390794097156879,1.4047713,train
14318,7.872320241648483,7.921107,train
19071,5.244946645841755,5.1979613,train
759,1.4673581142444174,1.4329824,train
9355,18.05727696243602,17.959414,train
2927,16.380232771007062,16.652525,train
10541,15.160302131411855,15.191191,train
6143,7.784244669217593,7.8239713,train
10602,9.520964149696663,9.581062,train
6836,17.141800058839507,17.180813,train
10186,14.12550034519384,14.079295,train
11196,9.620575848715667,9.599398,train
6945,5.399443204830154,5.400754,train
3736,16.349074825974434,16.402176,train
6293,13.838250528724345,13.93891,train
10670,2.8331833339406245,2.8292432,train
18011,15.582153095596624,15.586259,train
6929,6.692299887725181,6.7155924,train
16009,17.994190816297547,18.067118,train
3149,13.968004071173242,14.012473,train
8043,13.234309293087463,13.2257395,train
19499,1.3696133488694626,1.3858025,train
5660,20.07387749544609,20.096087,train
11896,18.41835470387576,18.450714,train
18275,6.09365914719595,6.1967697,train
11032,6.1700319393561855,6.1508856,train
17437,11.508658310531445,11.470439,train
17875,7.1099498262240175,7.365868,train
9323,2.1145256941364314,2.2875555,train
17728,2.840196809710963,2.8270185,train
13601,1.1027812252164302,1.0684612,train
3671,1.630045714949225,1.6373755,train
18204,14.504104890211227,14.549825,train
12020,4.847648042165983,4.844875,train
17216,13.811259284098297,13.827306,train
5228,2.911015337193297,3.014955,train
16409,18.432277617896386,18.473396,train
4237,3.007301856567956,3.0293245,train
10400,10.578304731272649,10.642651,train
13133,8.685027324449582,8.701976,train
1210,13.383737549944058,13.556999,train
10857,3.847419285954927,3.7682123,train
14594,0.8758431497303509,0.89109963,train
9378,15.26576012450255,15.244142,train
19328,20.752182007724475,20.712793,train
15393,0.427703939307436,0.43073148,train
16196,20.608587118248824,20.614347,train
11235,5.5581420915745845,5.571073,train
11584,11.27968850419011,11.253684,train
10379,13.085006534327396,13.074258,train
10897,0.7431373484158208,0.76154596,train
8482,8.807124630625948,8.693126,train
9804,13.233829175220489,13.176314,train
504,8.534342863229929,8.521465,train
7141,4.482437410507935,4.509629,train
16297,8.9384660904545,8.99062,train
16716,5.9673222709140985,5.984639,train
9449,8.273069697731476,8.169871,train
4222,4.727210208139757,4.684747,train
15529,7.10149531740146,7.1397424,train
12829,1.1020669383548187,1.0773305,train
11692,22.19597027115272,22.104969,train
2708,1.4524687360239628,1.4465836,train
9620,13.100390563468835,13.0247755,train
9473,6.326355991470443,6.2997246,train
15916,7.286802590832061,7.3984723,train
13194,2.655694671611547,2.5963378,train
4695,19.54268723313281,19.562304,train
4930,13.495080331949568,13.518388,train
17491,5.577619447410232,5.6288714,train
9562,19.99364730205916,19.971832,train
15609,16.44052513497479,16.479591,train
14862,14.75084755061642,14.710706,train
10113,0.978505459688262,0.9252182,train
5356,10.910998047161735,10.804007,train
1879,4.292973933760166,4.1809454,train
16950,3.1155995655868907,3.1569364,train
12149,10.54034479064944,10.547693,train
6582,3.102210029569511,3.1324604,train
16954,2.7476844238145093,2.7124138,train
10271,4.2019446476019855,4.1725326,train
18774,17.043762423922026,17.138712,train
9967,15.188354346533266,15.0140915,train
4353,11.817021355562948,11.877578,train
14478,12.05465559308293,12.019398,train
4125,14.372533767274543,14.39228,train
8965,21.144059746341856,21.124605,train
10709,0.0515685213040829,0.11525442,train
15982,1.3114262200004518,1.2945094,train
10623,7.257479432114381,7.2378025,train
2957,16.209812259488526,16.271225,train
5454,1.1796009291221252,1.1870252,train
2335,19.575216965647893,19.395332,train
1615,12.027733163096723,12.235623,train
2634,8.443346141986627,8.430817,train
2973,12.045177101506418,11.9101,train
15625,16.203883513134883,16.122072,train
15626,15.755372455541952,15.8062,train
4990,6.8009027864038645,6.8229895,train
11707,19.38604744326076,19.306475,train
13839,17.281948134197894,17.212746,train
16674,10.534442972303944,10.475684,train
11509,18.8253930316402,19.084082,train
3723,18.38743357294709,18.40026,train
18897,2.5537976359259256,2.5292358,train
16074,11.92618174210593,12.03625,train
17866,8.11063171070667,8.213787,train
19342,19.16103859643478,19.219465,train
18482,4.345721703272966,4.4880104,train
17843,10.992328987380732,10.78924,train
6918,7.902318584851402,7.8165817,train
12106,14.986192059889747,15.000716,train
9327,1.9893920220352024,1.8591344,train
10594,10.102031901095224,10.163138,train
8996,14.526266250478448,14.639816,train
17892,5.620004656320856,5.452775,train
5161,9.402475469385356,9.392551,train
8355,1.3364881260322523,1.3470585,train
19338,19.43765713900635,19.375826,train
4712,17.805922220086945,17.709902,train
5082,16.877997941259768,17.058464,train
215,18.93216346082509,18.867382,train
7436,16.956922487629473,16.985086,train
5378,8.423822675072381,8.433266,train
12048,2.41760980921707,2.4347117,train
14268,13.542074832215508,13.55978,train
13233,18.59375010372589,18.613317,train
16304,8.397671593699327,8.285263,train
7730,5.559600704210876,5.5975223,train
13335,7.806498496154231,7.771332,train
977,17.087103954214967,16.858002,train
8572,0.5792596805572225,0.6039855,train
18054,9.591668492451412,9.592986,train
3225,6.973017829473567,6.942976,train
2284,3.3207656217102293,3.2459366,train
4071,2.2306499466079104,2.2371733,train
6658,16.0933375473917,16.049313,train
3472,2.981408008077865,2.9655359,train
12478,19.12866976564249,19.090961,train
16184,0.4833023121569345,0.47877604,train
3050,4.735237857564336,4.775783,train
1036,12.096634745859992,12.096755,train
2421,9.491796890418346,9.376657,train
15759,2.8683488891885744,2.8620207,train
2317,0.583155692880951,0.60356027,train
3764,13.060402024798874,13.08819,train
17663,9.626894709965644,9.690104,train
9574,17.754203035510795,17.659668,train
5512,11.838344957955927,11.878267,train
10524,17.095828528570195,16.811295,train
7622,18.40662606089188,18.38118,train
14294,10.13797757530074,10.166585,train
19401,11.724726460420678,11.791416,train
14825,19.72076053362682,19.74294,train
14647,15.906057607624328,16.040321,train
9031,11.549716316650343,11.519778,train
16763,1.8432717527871496,1.8783464,train
5098,18.3932325284652,18.430058,train
7218,18.25898455365216,18.139118,train
5117,12.197487710049526,12.03356,train
1575,15.246977467137487,15.4229145,train
8690,6.273086811913871,6.2765784,train
16669,10.244270704303986,10.156637,train
16983,21.469899825243623,21.425526,train
7267,11.56925231346713,11.563517,train
2965,15.777188177486504,15.782567,train
1772,15.292715992996328,15.339623,train
16482,10.158829637384802,10.230589,train
8944,1.7656728331071574,1.7569178,train
17146,2.642268770174414,2.635054,train
8406,17.9657261983071,18.015158,train
6452,16.296917216198718,16.254124,train
11901,19.722684936892225,19.708311,train
13600,1.1543563181943708,1.1261449,train
10433,6.910617423929763,6.8746667,train
2150,18.37446725806473,18.313509,train
7844,13.07955387638079,13.084791,train
19321,21.811025775611164,21.832787,train
18407,13.200902039518576,13.1421995,train
6411,1.7794134627495857,1.7899882,train
16349,3.649558620488659,3.6004305,train
1437,10.181895278298525,10.073317,train
13186,3.3841046503582155,3.3106668,train
7084,9.797827794618213,9.952341,train
13101,12.50283564892084,12.434154,train
9108,3.1022239496487374,3.117743,train
6132,8.986631476479264,8.9406,train
15413,20.949202889497133,20.90596,train
7501,9.520665398178211,9.246422,train
3988,10.777176471929888,10.780604,train
3843,4.118904635040717,4.0879626,train
12415,3.364775116145666,3.3466442,train
16144,3.934635504266905,3.908512,train
12443,1.013016413924609,0.96563375,train
14288,11.2290633076055,11.301785,train
19464,4.117418771183628,4.0853887,train
17822,13.348826532685504,13.416745,train
14666,13.906095543379662,13.984522,train
14017,22.42788058615471,22.432055,train
17573,20.41919575671585,20.458487,train
3307,0.2748155772042887,0.2405204,train
1241,11.865381376604372,11.812418,train
14953,4.724520392376754,4.580118,train
2437,6.570083882835078,6.6363764,train
17040,13.25819889813176,13.205816,train
3286,1.5188181723506868,1.5010297,train
7395,22.22498196565604,22.137463,train
9280,6.193904422215068,6.2553525,train
17890,5.7021819688482,5.6080575,train
1741,18.647048682093708,18.638777,train
4668,0.679716785774382,0.71751416,train
15261,12.57612113758226,12.627298,train
6102,12.654764853818683,12.618622,train
14169,4.226002717365186,4.2336802,train
3738,15.879751105458489,15.879123,train
398,21.056362647522047,21.042156,train
9589,14.555047737314624,14.910834,train
1639,8.964602336054055,9.006283,train
9518,2.098879972971293,2.1384203,train
13449,14.966150330393363,14.939896,train
3708,19.398879775628657,19.403294,train
17805,15.415371079174442,15.450587,train
5514,13.766044465441542,13.791468,train
3451,4.997380588005549,4.9232893,train
14213,22.52811883645623,22.50754,train
7045,13.753827565624116,13.764761,train
2039,7.4754044700674385,7.5001574,train
5099,17.409724801429427,17.483536,train
15868,13.079295374620834,13.04272,train
13582,2.589139496605421,2.579425,train
18156,20.53274649970857,20.55771,train
5190,6.541132523759039,6.499438,train
17792,16.840931491168348,16.85372,train
6562,5.02945414484463,5.037837,train
12171,9.393851476400082,9.252018,train
10152,18.30181952823322,18.20377,train
12860,15.934375703898402,16.003021,train
8520,4.787125952459905,4.8314357,train
651,13.235629476151528,13.235128,train
11396,9.54595833699735,9.683713,train
11863,1.9793899484012112,1.9583961,train
11000,9.541975989747865,9.510189,train
8702,4.950057524975073,4.9604034,train
18355,20.47109157061017,20.510979,train
15554,4.132567135895011,4.097449,train
8343,2.24011523964156,2.3088737,train
405,21.066736365053767,21.042156,train
4124,14.761902552217292,14.78097,train
19440,7.135974489242804,7.142902,train
1556,17.77095912527847,17.795332,train
16463,12.251333078736884,12.234964,train
1065,9.277435620489197,9.153975,train
1740,19.254903245587982,19.127855,train
14798,0.4744818256266619,0.49185976,train
13964,3.7087970748852777,3.6871758,train
1914,1.196462754785977,1.261831,train
12567,8.295524008655626,8.165927,train
11445,4.527902497241342,4.575961,train
9466,6.77362420975601,6.8352165,train
9015,12.44732081508115,12.533449,train
4616,4.8494757543982345,4.835233,train
18682,4.9069889455173366,4.9656467,train
3289,1.3186475647657554,1.3432126,train
19163,14.418829136703568,14.335906,train
5703,14.517895458202869,14.526326,train
6780,2.738560177189803,2.72704,train
14361,3.5427756420095,3.5223503,train
8181,21.349770768644444,21.289183,train
9934,20.152297788029472,20.09339,train
3175,12.12118458247241,12.265808,train
14750,4.507302221398879,4.4300866,train
1492,4.762647122966303,4.7281895,train
6602,1.5131294290957185,1.5279512,train
6590,2.426795451046594,2.4046655,train
14890,11.392119426783204,11.442137,train
11703,20.53604977347788,20.454884,train
11814,6.826798468679132,6.786857,train
5211,4.302074974670768,4.206308,train
12479,19.0420761642462,19.03195,train
8,21.147212939902804,21.175129,train
10317,0.6738501249638483,0.6738713,train
18663,6.970933510826162,7.012241,train
8210,16.929565956691423,16.934093,train
15225,17.055157792872123,17.013523,train
6579,3.381207643750356,3.4096472,train
11924,15.898010465313876,15.878934,train
11014,7.942974311361303,8.025236,train
13678,14.525710900650846,14.553361,train
13507,10.761169104784216,10.625443,train
13656,18.434586081019905,18.422369,train
11346,14.97229404535953,15.013429,train
13971,2.905189636840975,2.9586954,train
7911,6.075792715827962,5.8878,train
8518,4.919666148827353,5.0280237,train
15379,1.578874080242115,1.5799576,train
1423,12.51614434451102,12.42739,train
15048,13.801429856447214,13.86784,train
6025,1.4246665216587775,1.4661442,train
3278,2.104001873294522,2.1268013,train
15751,3.5591396168991345,3.4980366,train
18483,4.159794612743555,4.3486943,train
10644,5.156276664287727,5.116498,train
3584,10.50468721024718,10.440797,train
14716,8.079581676376648,8.114612,train
17518,3.253094285083676,3.3257186,train
18290,4.885055331831656,4.848196,train
3206,8.777696769357215,8.813457,train
17482,6.379127887036577,6.348235,train
2703,1.474206009106485,1.4763777,train
4041,5.115101879957894,5.1202145,train
7050,14.894359825841043,14.836257,train
8840,12.617178701877036,12.62302,train
634,15.23269995169514,15.269087,train
9949,16.293972045336325,16.423702,train
8069,9.76082957612171,9.7167,train
17773,19.036152317738413,18.930113,train
9910,1.395130370932013,1.3977779,train
5647,0.348646577359855,0.30860537,train
9218,13.295400796868105,13.244037,train
6818,17.924463150304824,17.870132,train
13116,10.345118936253767,10.446708,train
10287,3.025514139410349,3.0265317,train
6678,13.684822383949763,13.587419,train
9316,2.871867506246171,2.861271,train
15613,18.79881084410053,18.814388,train
1727,0.6524530160899163,0.6896929,train
16550,3.3411518435974217,3.2854106,train
4773,10.152776228615044,10.053147,train
17590,18.50890100382481,18.636513,train
8884,7.5040034806382545,7.5503964,train
13068,15.171779752856835,14.987494,train
3788,10.066343721540225,10.062093,train
347,3.95528961763401,4.0107174,train
14604,0.3366793182221795,0.387673,train
1275,7.200655663825213,7.148497,train
19099,2.6263291649229608,2.6137905,train
10475,3.0271076995939192,3.0520437,train
2405,10.042126296140436,9.951121,train
11086,1.2466618880066012,1.2555072,train
17213,14.714849495650004,14.70377,train
10048,6.437791971572067,6.4594865,train
15442,17.077730420675632,16.91796,train
11616,7.567543596362173,7.6341114,train
18416,12.371818552850108,12.273207,train
1938,18.89513553157958,18.941725,train
18725,0.6885766133934389,0.6645233,train
3675,1.2542980244309827,1.2940627,train
11386,10.62579589114178,10.635545,train
17570,21.08220211710276,21.017641,train
6868,13.112374111292011,13.030036,train
10717,17.30404260507737,17.509573,train
6819,17.36472302398056,17.501953,train
6714,9.399564517351248,9.410805,train
12853,20.251900106044904,20.117615,train
10193,13.119133548118748,13.144498,train
5518,12.11129661481339,12.112504,train
12216,4.077205287310117,4.0416965,train
13585,2.336545804388866,2.3277416,train
2012,11.2621749242715,11.196017,train
14064,15.817419213102037,15.809205,train
4188,7.440047408052989,7.4181714,train
16053,11.955172308368056,12.000171,train
4408,5.750637234663176,5.860133,train
12579,7.134858847473351,6.9256034,train
1984,14.191544172884416,14.113957,train
8412,16.619986438416184,16.6344,train
5743,9.584962046849116,9.7167635,train
15364,2.7357052231865966,2.725276,train
3204,9.244407037637004,9.2114105,train
7457,14.404049474501392,14.469114,train
11512,20.63533368282812,20.542234,train
1463,7.825494455080652,7.8398004,train
11267,2.581299817802979,2.584565,train
2492,1.9191366623194992,1.853698,train
2606,11.95915972765619,11.929821,train
16713,6.570412548799031,6.6327767,train
11907,16.917892426093868,16.812874,train
11693,21.881395463540468,21.810768,train
5807,2.9212493058543734,2.924484,train
15388,0.933060150183391,0.9209702,train
13501,10.725338041979995,10.744918,train
14417,19.266487932474067,19.320602,train
9848,6.688823841273101,6.6952147,train
4615,5.003574769305386,4.9655,train
17127,4.378050932385668,4.324615,train
2841,7.364144318479033,7.2782493,train
7777,1.1881671901180186,1.1722586,train
8177,0.4193219733450639,0.4119226,train
5138,13.162798587459728,13.261264,train
9615,12.60282672133266,12.613559,train
11288,1.0083858430910762,0.98914355,train
7935,3.523722873749509,3.5233526,train
11101,0.4224924294874022,0.42524654,train
4313,16.101113492659074,16.238516,train
15536,6.127146861711517,6.1291943,train
5045,1.6603041688565583,1.6628082,train
4818,5.077299736775951,5.09287,train
3400,10.729221203058552,10.564627,train
17148,2.487488148699717,2.5044723,train
7947,2.5074675650937044,2.41899,train
11989,7.936018528278099,7.90051,train
18151,21.276568303097463,21.272356,train
2314,1.0035689242993415,1.0005456,train
7485,10.801467260866724,10.855822,train
12666,17.215126866002922,17.246208,train
13575,3.151964744700873,3.122196,train
16907,7.355826949870447,7.3652406,train
2531,21.084257647294468,21.039814,train
19170,14.218602856864027,14.122681,train
7338,4.292085437134447,4.3034596,train
836,13.94229454633646,13.880344,train
14001,0.7478677979210065,0.75403094,train
18941,19.440894558194888,19.439558,train
4256,1.5386610210576823,1.5193417,train
13336,8.365029578733743,8.336851,train
19306,1.0779893712578417,1.0725157,train
14892,11.247061579866289,11.270826,train
19108,1.8517442943904567,1.8474958,train
19092,3.2871185091570574,3.2408247,train
5727,11.394095692713984,11.507176,train
14632,17.036847141507117,17.106861,train
9017,11.862690524274017,11.925383,train
14201,1.5256496836720606,1.5379591,train
2684,3.1938424440935336,3.1759374,train
16830,15.217970282155418,15.215161,train
10849,4.536927242738408,4.490203,train
6435,20.596295506307527,20.60417,train
9499,3.642273911278448,3.6405272,train
1729,0.6041705026013505,0.63422424,train
5652,22.53707859449952,22.577835,train
16488,9.659917254154902,9.75948,train
15399,0.3259552765697004,0.33546948,train
15318,7.019194681221354,7.119223,train
5717,12.562948193906628,12.629908,train
18184,17.103968860195337,17.067251,train
17772,19.148926751462536,19.22324,train
19437,7.213821665666853,7.206483,train
16452,13.474019394678011,13.486506,train
11535,17.009909944309353,16.966965,train
16438,15.242111284837854,15.313888,train
14032,21.07877976529329,21.062029,train
15011,17.515274041535154,17.5983,train
1165,20.30871700672548,20.371643,train
5665,18.487036997594966,18.457432,train
6454,18.41110977083608,18.420168,train
293,9.852782528142308,9.75497,train
14913,8.930100693695518,8.804797,train
10818,7.546711406390722,7.4513803,train
19494,1.4188718472965676,1.3858199,train
13879,11.728256578609717,11.733695,train
4355,11.194548684748382,11.194998,train
2097,2.328287830532974,2.3172402,train
8945,1.7217096779204828,1.6993879,train
814,17.03681152752103,17.00796,train
16162,2.074607585845361,2.014539,train
4622,4.5568970153133534,4.5749655,train
7199,22.48763638315107,22.50153,train
3813,7.307206207568425,7.312962,train
3161,14.943588729823702,14.926641,train
3207,8.57202131392706,8.5685835,train
11082,1.6972021504366066,1.6273395,train
6636,18.908139706180226,18.906593,train
1157,0.7236693748963766,0.70164603,train
11049,4.533118318075627,4.5794315,train
12682,16.401517801041933,16.39879,train
752,2.05501692126298,2.1785767,train
623,17.107044420703467,17.113712,train
3257,3.8460043972371873,3.8901165,train
16483,10.057198973363551,9.965839,train
3507,16.332920843577053,16.904863,train
9907,1.6265827866995246,1.5996151,train
10036,7.971948009793993,7.9033647,train
3450,5.061031630706279,5.010803,train
1762,16.282402272924852,16.198597,train
2000,11.03893971669718,11.07532,train
12959,6.5726573015377525,6.4800386,train
11124,17.981267298041747,18.00405,train
12428,2.2016096027017307,2.219377,train
17661,9.869149239136473,9.829435,train
19053,7.058335166998781,6.9399595,train
5627,1.6138029542913852,1.5376979,train
905,6.395544304906793,6.344313,train
7035,14.823628327156834,14.852217,train
10875,2.331795514618319,2.3299277,train
12898,12.909851428434225,12.91421,train
9611,14.003874073761962,13.951555,train
10909,0.1829802428441191,0.21744934,train
13792,2.2682677406227247,2.2336195,train
12977,5.024832387601911,4.950402,train
18746,19.93897354883225,19.799004,train
15418,20.39258353488916,20.380863,train
16350,3.593961066670434,3.5485387,train
4554,11.402319290612049,11.384609,train
16266,12.509506707470711,12.496546,train
16829,15.540316298064475,15.462608,train
4997,5.845530023309623,5.845598,train
14150,6.292638952860643,6.3007836,train
13325,8.794700580403397,8.753355,train
5025,3.277868986030618,3.296825,train
15878,11.853914820166434,11.825052,train
8948,1.2341910436770809,1.2117429,train
4416,5.008072018791356,5.0325847,train
8889,6.918895859885236,6.9183393,train
10126,21.884331971316087,21.851538,train
1276,6.953189753670428,6.824747,train
6959,3.852329607669851,3.8682876,train
19219,9.268110630383276,9.324643,train
4284,18.458247972843296,18.553303,train
236,17.09115841904977,17.059282,train
1480,5.397687053435508,5.503292,train
6422,1.0102528422058523,1.0352222,train
9832,9.560775565610726,9.540719,train
423,18.407770496186533,18.396297,train
5811,2.736495599286565,2.6916494,train
6245,20.76746165777877,20.826487,train
14786,1.2346121267337304,1.3880019,train
2802,11.846012506433746,11.863476,train
14036,19.73105322128035,19.786728,train
6001,3.997811987318063,3.8596559,train
5033,2.588328051957787,2.6044164,train
13626,22.50781242162387,22.493107,train
8147,2.4844214591935074,2.5091588,train
1873,4.626208923585405,4.718147,train
2624,9.599400683694824,9.609318,train
19391,12.936059351432975,12.91934,train
6771,3.5867726434977616,3.5943623,train
10318,0.6604342259777544,0.6738713,train
377,1.285181294745185,1.3059947,train
6928,6.885082629248378,6.8668294,train
1,21.86780993493321,21.680443,train
4450,2.1204233091227693,2.0144718,train
17268,8.938141348317204,8.952309,train
2696,2.2819490395056232,2.2779753,train
9199,15.450983929226068,15.248047,train
11292,0.5788483693680601,0.61260825,train
3560,12.321594467906795,12.28769,train
5496,15.526837717415756,15.496655,train
16168,1.6546692807232573,1.6674271,train
13694,13.262788672746323,13.235474,train
7029,18.37139012551799,18.286375,train
4705,18.26328589858901,18.28623,train
17043,13.938146491806744,13.984815,train
17074,10.139234713169328,10.241654,train
18187,16.593330604018817,16.73142,train
10814,8.301720701869545,8.346999,train
4419,4.732773066612813,4.7328057,train
7762,2.1740232172787635,2.1947021,train
6336,9.207786585032604,9.178934,train
10666,3.156518388689526,3.1133008,train
12209,4.722292404197543,4.73108,train
13439,16.688441746328742,16.88248,train
9172,19.07737456722375,19.067886,train
4692,20.4372767528525,20.46585,train
155,3.5411517163423643,3.3166237,train
8733,2.240412659811913,2.2585926,train
1348,0.6422781730952019,0.6329482,train
16322,6.372055194510942,6.3886337,train
13286,14.469168484516594,14.387202,train
15965,2.912368682784714,2.7508717,train
11972,10.497931790957823,10.604465,train
5457,1.0858249005141307,1.0929255,train
5355,11.043084249161014,10.958756,train
14659,14.291004464162224,14.253449,train
16347,3.780391450145125,3.8088849,train
2940,17.887403469274822,17.890911,train
16469,11.667882993352906,11.687929,train
13915,8.607859502061832,8.657301,train
16991,21.07786888989541,21.076998,train
7107,7.169054900417291,7.2707086,train
18589,15.415923011077211,15.425915,train
10866,3.076438579352625,3.048285,train
9345,0.5969397369893443,0.6167442,train
9093,4.572913750748353,4.5595317,train
12165,9.143919071357038,9.209591,train
17811,14.59046700262527,14.510068,train
13838,18.142957550691506,18.215235,train
2440,6.036916522973852,6.1004524,train
4689,19.673262199386947,19.729689,train
4617,4.710531963597138,4.776805,train
17969,20.891816982512115,20.915205,train
15332,6.049285206004372,5.918206,train
5585,5.403437404731145,5.3804197,train
16597,18.173718405320923,18.282665,train
3958,14.503439336071908,14.510502,train
17315,3.8877637724467182,3.9137664,train
15024,18.43405900692033,18.387663,train
15035,16.47948005117709,16.426495,train
18944,21.129711103262792,21.127264,train
1574,15.552670515043996,15.575065,train
18860,5.951663327357077,5.904884,train
4714,17.262816125936745,17.313128,train
15891,10.447510270515272,10.436931,train
6783,2.196401162874971,2.2176461,train
16049,13.01996908727869,13.034028,train
482,10.877256379091754,10.890066,train
12062,1.2355987904586831,1.2356735,train
2052,6.808029373056851,6.8334303,train
3743,15.77876773394657,15.795574,train
16154,2.9532686663719794,3.0082746,train
6160,6.36439280384957,6.2705197,train
9635,10.326054678887392,10.287496,train
559,2.405995491993712,2.4110744,train
8727,2.896926834454882,2.8981845,train
106,8.391462796029687,8.37448,train
4738,13.826478836685585,14.002215,train
933,3.5912372601411744,3.5776093,train
8426,15.464736016155078,15.561404,train
1687,3.972463338722881,4.0451465,train
15094,9.786079386392856,9.784366,train
2584,14.471511330315206,14.47525,train
12163,9.715982292481383,9.701662,train
8023,15.467777433162045,15.42455,train
4531,15.04473623496527,14.980847,train
13426,22.532162909956728,22.525408,train
9599,13.483666982142806,13.626252,train
3655,2.9173533850113995,2.920906,train
17173,20.44751829900009,20.415012,train
18841,7.823695269172896,7.7144656,train
8681,7.065757746448594,7.0392327,train
10648,4.96638248248558,4.991874,train
11446,4.421822178943207,4.3969083,train
16737,3.95763551563592,3.9870503,train
98,9.249543423300777,9.2994585,train
12473,19.571140683298573,19.477001,train
8574,0.5454554627713561,0.5527906,train
3083,2.1084189334896286,2.1045213,train
7963,1.1606708441354887,1.1619862,train
13100,12.837387660158235,12.838454,train
5305,17.030809895298482,17.02039,train
13943,6.007896036489498,5.957608,train
6125,10.76897721480932,10.700295,train
16372,1.814248282373681,1.6975538,train
11153,14.862231695232316,14.828485,train
4096,17.529577471887254,17.50505,train
520,6.338265372624678,6.344049,train
14625,19.752677835568804,19.75106,train
7984,19.7124626585632,19.746595,train
1077,7.63051009372722,7.6076975,train
8219,15.759224456490935,15.755898,train
10720,21.096656849982377,21.053707,train
16558,2.6343304647163706,2.6100647,train
9052,8.946424522123928,8.937633,train
15653,13.59556077259084,13.596766,train
15507,9.41528934599208,9.376222,train
19450,6.052919896782369,6.0096407,train
4433,3.5191534535229696,3.5695393,train
9721,1.8419538928509929,1.7721375,train
9899,2.194690611359829,2.2122755,train
8433,14.239460259853493,14.199728,train
5924,11.972788446656464,12.186935,train
11781,10.715597064179622,10.686531,train
15401,0.2979481437096726,0.32060453,train
16609,15.511143875898131,15.373092,train
4383,8.574945040135642,8.601891,train
12785,4.807761126983158,4.8758492,train
14447,15.80105618567642,15.734497,train
13994,1.1081831413421426,1.0890266,train
7736,4.810582114118346,4.825628,train
4148,11.425761859107103,11.47048,train
6891,10.184757340313247,10.343099,train
11657,3.4437072223670886,3.4747326,train
18912,1.27506558718672,1.2982655,train
19152,15.55022010709544,15.664936,train
1685,4.145921138036796,4.2608275,train
1213,14.8661118976493,14.822496,train
18437,9.682928762628633,9.710252,train
6034,0.7175485806713537,0.76159817,train
18473,5.060758256266131,5.3292413,train
5635,1.0437773003784845,0.9763833,train
8481,8.898282628159341,8.893901,train
11652,3.82111914693646,3.7496302,train
17607,16.526595943294907,16.42148,train
7726,5.847457889498921,5.8490334,train
17840,11.178304146542462,11.24636,train
6967,3.2000535697472143,3.2303283,train
15420,20.17170540263353,20.380863,train
15369,2.347018805432145,2.3274393,train
17635,13.063513124239655,13.098218,train
16747,3.088689738067169,3.1260955,train
19300,1.5697334137345431,1.5566156,train
9104,3.509024199490064,3.521046,train
1543,20.6557290855738,20.709242,train
11044,5.011706265129655,5.093093,train
3727,17.318334480891494,17.306486,train
11473,1.979872304374109,1.9723146,train
1992,13.573861559426474,13.556237,train
18753,16.210025816666633,16.28962,train
5446,1.8585175199422632,1.8765731,train
1466,7.17937502166827,7.020951,train
9940,16.74987670851642,16.857702,train
11138,15.608332342410804,15.707871,train
8022,15.889035590281136,15.777979,train
3415,9.022786285876691,9.041881,train
17363,0.3520627360391396,0.3453747,train
7632,17.081096047274535,17.08778,train
16336,4.8386595985717005,4.9011965,train
9579,15.625103584272958,15.888173,train
10671,2.7470774059337497,2.737728,train
14465,14.472316885257648,14.539433,train
9885,3.4798173077492875,3.475799,train
17955,22.45732766441471,22.41517,train
8531,3.770437256290854,3.7291985,train
3846,3.89660617881939,3.8831332,train
6351,7.522994120322568,7.601063,train
17839,11.25085737458217,11.252046,train
1620,10.996727300863062,10.991821,train
13624,22.50752568037292,22.493107,train
16194,22.439319200266112,22.43797,train
10881,1.8739445106729968,1.8464733,train
2821,9.65148207229095,9.740145,train
18367,18.09083865230787,17.918604,train
14754,4.28044275849764,4.2001314,train
15815,19.59234405568874,19.492208,train
11503,21.50348654373154,21.525312,train
17711,4.535473233027565,4.575377,train
12926,10.452887817216467,10.435075,train
18948,19.17068110366986,19.19528,train
1711,1.9474074133347643,1.9305446,train
13445,17.230102577780908,17.214958,train
11089,1.1076112079489508,1.0336907,train
11872,1.2179033911326502,1.2185432,train
2707,1.4566152761877174,1.4465836,train
5998,4.049068112558946,4.0479636,train
2873,4.051583016546876,4.1687126,train
4330,13.26270348328162,13.12737,train
9610,14.381213632304569,14.360151,train
9690,4.862344295692859,4.7853193,train
7194,0.2408277671490156,0.2428705,train
10592,10.583367967978,10.63629,train
14113,9.691013820798412,9.697048,train
5583,5.830002107484444,5.877316,train
16598,17.61463008273032,17.74734,train
9823,10.408051255774112,10.391024,train
9929,0.3091201246389309,0.34036413,train
4077,1.4113520171533027,1.4237664,train
19104,2.092538573656089,2.0772803,train
6488,13.304429559166646,13.207469,train
15838,16.867265154579677,16.861404,train
2110,1.3887314032860292,1.4072317,train
2189,13.642810345434404,13.603733,train
14971,2.922816627988618,2.8557754,train
11562,14.150818150390354,14.098566,train
10687,1.369712729724029,1.4466422,train
5534,10.990960403690735,10.934297,train
16980,0.8451193151241436,0.86603427,train
13294,11.964064619057488,12.004825,train
12619,3.092111506797201,2.948151,train
14664,13.551211506588514,13.563382,train
2930,19.84154230693603,19.87409,train
10884,1.6195507908767115,1.6181669,train
7091,9.748253342076117,9.696387,train
14638,16.777487375736875,16.877247,train
8436,14.229887818332529,14.32086,train
6221,0.9772420140425906,0.93083674,train
12129,12.505397023635917,12.421695,train
10137,20.45036966722306,20.476559,train
18115,3.1288320687651474,3.1328793,train
18108,4.063164580558564,4.064755,train
13633,21.132040468627302,21.128843,train
2662,5.187316338627219,5.1646414,train
6174,5.0804402910867,5.1806364,train
1995,12.380432387702005,12.411154,train
5380,8.203878976841338,8.186578,train
6460,16.038364454635378,15.974254,train
5062,0.4769076859601915,0.48094586,train
11143,16.04886504611814,15.989329,train
3502,20.7726119982217,20.75687,train
17608,16.346152763554713,16.32481,train
7653,14.349237300111676,14.402593,train
16247,14.59558430917936,14.6481285,train
14806,21.854923995966463,21.863562,train
7097,8.158822420801316,8.192061,train
19481,3.040879130108245,3.0672007,train
8910,4.723274999084106,4.7303567,train
16850,13.155058638613022,13.108193,train
7327,5.36424077478284,5.3651757,train
9058,7.691704125250375,7.6844244,train
1629,10.07128405052952,10.0946865,train
5465,16.38717930403363,16.42975,train
11464,2.7649895071388624,2.7730937,train
1966,15.897320519850142,15.923843,train
5351,11.579387950381632,11.538471,train
7614,19.33640506086913,19.315622,train
14613,18.843860218210352,18.762863,train
18075,7.273178971804141,7.261394,train
9267,7.7960401600528,7.7814755,train
1912,1.361001084704987,1.4094291,train
6779,2.7880024885586945,2.7649536,train
19337,19.513132345577223,19.578386,train
17788,17.271852568813873,17.292793,train
15738,4.919441930751262,4.9670563,train
6770,3.643775952574924,3.6735022,train
18927,0.2882331186681901,0.2759981,train
4564,10.334910983376387,10.34517,train
10690,1.2097035310860842,1.2507014,train
9754,17.14434794773723,17.101204,train
6977,2.337048484701685,2.3688283,train
6905,9.7139626651125,9.630199,train
9860,5.380964871143007,5.4245076,train
1659,6.813678985903859,6.7797117,train
10107,1.3619207807732183,1.3712584,train
5237,1.8262901992038136,1.8939947,train
12676,15.951001953809849,15.865923,train
17446,10.83841252795846,10.76015,train
11635,5.574342519967549,5.5465765,train
11224,6.718094215686056,6.662583,train
7188,0.5685359055984315,0.6415945,train
18561,19.020937977017294,19.006598,train
16449,13.900353866460794,13.994453,train
8950,1.1663113336833577,1.1635691,train
15158,3.032037633776078,3.049893,train
11608,8.35421495510044,8.546271,train
8033,14.35381092756642,14.305719,train
9548,0.2310269269796978,0.20553556,train
5242,1.5715242391639028,1.5383406,train
17835,11.736391456640144,11.815834,train
4234,3.404678400579573,3.3612654,train
12228,3.029798665349665,2.9498785,train
12755,7.95085520232039,7.864591,train
3657,2.734038291124992,2.696108,train
4144,12.592453840739331,12.60469,train
15416,20.61468859702408,20.712759,train
7830,14.164297321942826,14.102048,train
551,3.3014504721596243,3.312857,train
7132,5.247386810254142,5.249587,train
14755,3.9854576212784414,4.0441227,train
12704,13.925352111029229,13.872758,train
5732,10.679956803338351,10.645225,train
665,10.510659964954032,10.465571,train
11629,6.15123466103142,6.2956767,train
219,18.66644099569784,18.693127,train
1836,9.205594561333715,9.255375,train
15710,7.696724047867137,7.692459,train
8148,2.4149676071024704,2.4446957,train
17567,21.77198363351168,21.786972,train
14736,5.903473088034732,5.9483914,train
3351,16.844649719099507,16.708643,train
19330,20.59251181692378,20.632296,train
2763,16.548934364854915,16.551056,train
5529,10.508608013904192,10.493888,train
2861,5.2074172279544015,5.36211,train
14470,12.731610847987676,12.747916,train
10408,10.123765205818568,10.083806,train
15246,14.646363177818165,14.669304,train
13473,14.004277369082509,13.980989,train
7627,17.488736406244975,17.391462,train
17874,7.234182390322012,7.3848186,train
8453,12.012159965273352,11.971235,train
3905,21.14224026143714,21.15482,train
12296,16.18555703784235,16.13492,train
7017,16.533854560425933,16.468342,train
8820,15.100508601970713,15.106938,train
13156,6.220191178985938,6.3139634,train
4244,2.530805374876788,2.5007246,train
7867,10.371013972046365,10.42406,train
19361,16.67208006565325,16.696173,train
8729,2.656328140236704,2.6614094,train
10659,3.8527676105994977,3.8120394,train
5213,3.9405066471572696,4.0021734,train
4757,11.694664187784086,11.687182,train
3759,13.33803537627257,13.326104,train
3529,16.756304982521254,16.715513,train
13786,3.1694993881048648,3.1632493,train
13926,7.297059614591225,7.267644,train
224,17.86896495857322,17.798498,train
8684,6.460729772084974,6.379484,train
3009,8.753716295789252,8.808984,train
767,0.9395178434722468,0.9123169,train
6086,13.24388564652322,13.239699,train
9380,18.386964598325,18.423439,train
9456,7.761687318005238,7.785179,train
15593,0.7474056185901505,0.73854876,train
18513,1.7504873222039468,1.9283209,train
6741,6.571273305204748,6.6008697,train
13312,10.282065858510368,10.278316,train
8281,8.266116571184067,8.258164,train
18998,13.332570739401248,13.438308,train
17378,17.61888845797002,17.515408,train
7853,12.259556648429632,12.290461,train
10967,13.625959854215685,13.469114,train
16862,12.93755039267442,12.888735,train
11426,6.396547212398093,6.305668,train
4857,1.6617982025251934,1.6944662,train
11072,2.4897402424692987,2.4212933,train
17018,16.00414456809535,15.974816,train
18798,13.079508954297756,13.04086,train
19182,12.70645398216538,12.6145,train
18089,6.118929055426437,6.1258993,train
7398,22.026892258590067,22.049528,train
8909,4.801360104876055,4.78901,train
13483,12.910426327373369,12.939808,train
15257,13.353359516338212,13.376485,train
5926,11.88187155535716,11.897348,train
16222,17.083554263886708,17.064606,train
2454,5.278818467800076,5.228843,train
10418,8.999684692955931,8.874879,train
9462,7.6097708734871,7.622607,train
9496,3.950487468140463,4.0198946,train
13787,2.27105878831846,2.2336195,train
3955,14.51613430300781,14.510502,train
12698,14.50700066914276,14.440329,train
2446,5.822917325299529,5.900725,train
2010,10.11422664280454,10.176191,train
9213,13.93530978974042,13.872232,train
1388,15.502879038660902,15.534355,train
10980,11.703414904995515,11.599967,train
12856,17.989683337133485,18.019684,train
18030,13.093929964171553,13.103676,train
146,4.053994135089333,4.2390904,train
10288,2.9937871493723294,2.9574316,train
14372,2.601698339242779,2.6083517,train
476,10.902594318032929,10.890066,train
3602,7.598071274231509,7.707294,train
8086,8.252863174074255,8.178976,train
8882,7.71247381069012,7.74937,train
3130,15.796577767219883,15.886021,train
14368,2.8483987095491266,2.8398793,train
13828,19.258977065820623,19.153019,train
14831,18.40405404754723,18.43021,train
11115,18.66744923542964,18.578836,train
8559,1.3115781063523908,1.3003192,train
18175,18.13665995536755,18.149786,train
17733,2.5758131481065605,2.607487,train
7376,1.1286404573502495,1.099232,train
8810,16.370891683050473,16.300442,train
5195,5.394073079594015,5.5054927,train
18310,2.958956786574302,2.9613302,train
16863,12.687374257859826,12.687255,train
12437,1.5062525018495827,1.5285112,train
2267,4.886301354992319,4.9440584,train
6416,1.1663173781004623,1.1461227,train
9521,1.909341366037249,1.8766733,train
703,6.789041190638634,6.810992,train
17264,8.802754795982398,8.7643175,train
12162,10.123062790853933,10.077212,train
17386,18.38845961583737,18.403711,train
12430,2.030707910858119,2.113084,train
4634,3.295848373745034,3.352494,train
9328,1.960767759140417,1.8541695,train
10862,3.57072592042236,3.5575044,train
12538,11.739211095644398,11.672949,train
379,1.2268045719285474,1.2736007,train
168,2.0821313764383955,2.1316338,train
9715,2.290151128651346,2.3037014,train
12600,5.009056763187106,4.828355,train
15044,15.366805861676378,15.288361,train
4534,13.530825580706502,13.485005,train
578,0.8452506365600719,0.84890616,train
6676,13.952640416026568,14.040644,train
7166,2.0036991599078293,1.9913836,train
12242,1.8540903855147264,1.8667841,train
9613,13.282655800160844,13.19991,train
1382,17.952012163525858,18.015898,train
970,0.7346658646634197,0.8122952,train
7147,3.4897315763889982,3.432135,train
18384,17.02175679484867,17.052292,train
11527,17.49159025979894,17.482786,train
2203,11.301183583621876,11.267175,train
17359,0.4670504836860754,0.46339676,train
18640,9.325822301477906,9.328937,train
7791,21.076471616455347,21.043913,train
14777,1.9805547201673908,1.9198785,train
4681,22.103787718032216,22.06217,train
9383,15.898093137672896,15.904116,train
11457,3.4062228959769025,3.375346,train
7361,2.306337955984912,2.3372974,train
12126,13.0179427848782,13.062137,train
3142,16.614865634434473,16.56747,train
10834,6.217302690312395,6.0711036,train
3986,10.78337341484826,10.780604,train
13945,5.484057929866723,5.4116116,train
15976,1.3966783729228156,1.5315874,train
16100,7.727142376960714,7.7199383,train
16284,10.757406839226958,10.709199,train
9166,19.41925224778938,19.503181,train
13029,0.7309275175400013,0.7458594,train
519,6.343526319297488,6.344049,train
18063,9.424738465193553,9.38431,train
2246,7.127133883539837,7.186116,train
12191,7.059057811809552,6.910631,train
4700,19.70357888268218,19.620886,train
13525,7.749703171447086,7.7945714,train
3381,13.046482333906004,12.917584,train
11283,1.2277759089900735,1.2578133,train
14747,4.749497428974646,4.8185496,train
9472,6.554991841612979,6.536978,train
15911,8.158722703428628,8.133865,train
12689,15.64532659060787,15.674655,train
11962,11.695418463331228,11.696575,train
10754,14.755825138116482,14.831713,train
9745,18.028353416589635,18.080872,train
3035,6.665764429360504,6.677048,train
373,1.878393091662914,1.8771119,train
5504,14.959522015495653,14.881849,train
8577,20.154559308937507,20.16793,train
2077,4.029518345139988,4.0609407,train
2355,15.010778091937704,15.048823,train
12909,11.558114952625557,11.635517,train
17234,12.068365539841045,12.111125,train
11549,14.659834746378063,14.8647,train
7286,9.667892422414583,9.686781,train
818,15.39491646324203,15.513324,train
15821,19.002178444479384,19.02675,train
10750,17.027039355038095,17.035988,train
1811,11.335642284274982,11.303293,train
9928,0.3396641674219341,0.37030497,train
16428,16.3734056762017,16.33344,train
2316,0.6077306701295881,0.6438199,train
15287,10.234503643465231,10.286307,train
3017,8.252098756900423,8.207291,train
7573,1.5524455601746192,1.5960847,train
5730,10.959390908498593,10.939038,train
6823,20.26227074889109,20.256996,train
4351,13.11010233438761,13.065459,train
230,17.22821314960395,17.20986,train
10062,5.759693360503225,5.70473,train
4322,15.81538515307212,15.780344,train
14101,12.05769392122619,12.033986,train
1593,13.550706043214106,13.530173,train
18220,12.725566435189856,12.777629,train
9647,8.712001790973785,8.798109,train
7475,12.000155360328533,12.088584,train
11233,5.816005560709929,5.7876506,train
5460,19.97603311786096,19.991455,train
7569,2.328175972971561,2.3087635,train
15714,6.931428694556684,6.946901,train
17060,11.121267192795912,11.077672,train
11228,6.215159003614179,6.2500467,train
6703,10.679750392428486,10.758914,train
5258,0.3353634851356242,0.31265837,train
2590,14.360167321343804,14.462168,train
449,14.561617125474486,14.567091,train
6355,7.034078990919297,6.9331465,train
1761,16.749468130700006,16.703434,train
1460,7.338282060888759,7.4298444,train
18858,6.328771667264906,6.2169304,train
13376,4.022080562662088,4.021949,train
17586,19.32686314713402,19.249807,train
14326,7.06883387159741,7.108388,train
18032,13.046224143926455,13.06824,train
7955,1.813453816538796,1.890259,train
4706,17.990426508563196,18.04155,train
3346,17.07780408933563,17.06699,train
1936,20.45673851436139,20.40919,train
11595,9.938533300428714,9.83344,train
6726,8.073779860466606,8.049093,train
61,13.52293336050361,13.540528,train
2992,10.161365080894743,10.297016,train
14550,4.365300799950228,4.38641,train
7406,20.84471528961913,20.78051,train
13431,18.07034286099276,18.032251,train
7392,22.40588936029144,22.73075,train
4709,17.20099245000441,17.42096,train
14870,13.73491026213624,13.698959,train
11732,16.834653930404933,16.869366,train
14492,10.217764461423226,10.28702,train
14095,12.071514509808752,12.033986,train
6523,8.866240203493025,8.935145,train
18554,19.75897128892421,19.748056,train
15264,13.1859451829577,13.088296,train
16418,17.506179492698024,17.58501,train
16782,0.4644306058591916,0.45673782,train
17309,4.5656248104538655,4.6501727,train
15753,3.3412297220696,3.3051598,train
10191,13.278379871115137,13.178699,train
6080,15.646931043577124,15.656698,train
8144,2.712554307166083,2.7039456,train
8567,0.6753721887218862,0.7341584,train
19313,0.7439760317628298,0.7588488,train
13324,8.937680002978881,8.938005,train
15527,7.1715806601217205,7.206242,train
15088,9.735755284566812,9.746079,train
4914,14.924960737928306,14.849247,train
3153,14.98377794492122,14.96659,train
18635,9.553668406278325,9.506,train
7818,15.481062032168358,15.445912,train
2811,10.836004712610086,10.807887,train
8865,9.60565371970243,9.758132,train
3503,19.999063867065463,19.995274,train
2771,15.798546576958758,15.91118,train
10253,6.166641328649663,6.1253304,train
926,4.246310563485098,4.303355,train
7748,3.704010645813027,3.6878655,train
13801,1.443775934283308,1.4491639,train
16544,3.9818262131864848,4.023062,train
2903,1.4138082969217023,1.5736523,train
17441,10.394665825420793,10.476178,train
9239,10.927792140855017,10.820201,train
16315,7.062805851849976,7.083775,train
3777,11.361606213019506,11.436042,train
1520,1.964406946484781,2.0312645,train
15424,19.5176755847352,19.379608,train
723,4.727555383110707,4.727253,train
10234,8.314012671361446,8.259616,train
7402,21.05671723940073,21.19765,train
10665,3.248963083416471,3.2084975,train
4551,12.627832093799082,12.596405,train
3653,3.1110820902294383,3.1517951,train
6058,19.786189117736185,19.768246,train
13452,17.178970844600997,17.04063,train
415,19.729410804320747,19.7503,train
13053,18.34234969432405,18.402939,train
1207,14.499740838928236,14.566541,train
13419,0.4958391368363243,0.4913549,train
16827,16.20620450150791,16.063732,train
5040,1.995396729133194,1.9454253,train
16866,11.961686161096688,12.016203,train
14836,18.05352216446091,18.111376,train
14349,4.648205051466373,4.6424446,train
2796,12.560950501187634,12.495919,train
10170,16.299037468564602,16.329277,train
13458,14.1091647844561,14.132716,train
17592,18.11360894300559,18.157703,train
6311,11.955174506456302,12.076912,train
11839,4.261225351013505,4.2083693,train
618,15.229029449671296,15.074678,train
14204,0.8143509341067088,0.8208524,train
3902,22.46461166985009,22.501331,train
2734,20.100647740081147,20.121464,train
18182,17.499858032313927,17.40495,train
923,4.5851927069043,4.497107,train
743,2.8292602798096107,2.8375685,train
16990,18.404909149903723,18.495378,train
9301,4.040700479419505,4.072676,train
9850,6.267986619534378,6.334056,train
15271,11.603072108500402,11.578459,train
18545,20.9981917846009,21.007732,train
5079,19.821019606602096,19.771742,train
5770,6.641842247486626,6.5290475,train
3545,15.795422040855993,15.828342,train
5209,4.710688452079539,4.6260896,train
207,20.633752561067205,20.630646,train
1852,6.790686380543619,6.7774587,train
16606,17.8740042879045,17.837158,train
1884,3.556962916827932,3.6961539,train
194,0.4847226156225087,0.4625178,train
14517,7.872892581797997,7.9202905,train
13718,9.61557948281243,9.656464,train
13129,9.55632436324098,9.528266,train
14498,9.831879749639686,9.838841,train
17547,0.954509422374008,0.9898733,train
1675,5.166219013533685,5.294797,train
13588,2.072936002791704,2.0718145,train
5992,4.97118147237364,4.7572637,train
9626,11.15509418764253,11.094378,train
12307,14.659552935215206,14.563129,train
17377,18.431838564641804,18.298998,train
14863,14.676158383196562,14.549625,train
6619,20.62681526571168,20.556934,train
9792,12.41963713602636,12.540303,train
12424,2.5657020921547105,2.498658,train
12820,1.776982035844802,1.7358284,train
5456,1.1167622161638775,1.1075499,train
7368,1.7439355923413633,1.683618,train
2193,12.585116763708855,12.577612,train
82,11.0938079378895,11.034234,train
2449,5.299329367002287,5.404722,train
12435,1.6465377894039497,1.5902911,train
14841,17.213853771636735,17.238865,train
10597,10.783481200937851,10.6798315,train
16244,15.75939043962735,15.779885,train
18654,7.302629888870686,7.2757854,train
11893,19.97257084742421,19.854992,train
5172,8.025543964360699,7.9290886,train
5575,6.407828818689231,6.411299,train
18889,3.20425147994172,3.1693785,train
2212,10.464763246143962,10.431451,train
16816,17.682994215556384,17.599459,train
18083,7.15527760145874,7.148891,train
3931,18.401013832616226,18.447563,train
12229,2.9649896351431453,2.9440212,train
5201,5.272039745281899,5.182313,train
4320,14.176971300430203,14.157727,train
13339,7.637052043881672,7.640795,train
16540,4.254256290285926,4.1998825,train
12816,1.989546999140043,2.0009058,train
17516,3.534987042393745,3.5257454,train
12107,14.763489791658431,14.742286,train
17651,11.019111408446456,10.969326,train
11765,12.430449427583056,12.397666,train
867,10.31955763379034,10.350204,train
12049,2.334128899136282,2.3443055,train
10439,6.5702634456582585,6.5406075,train
4000,9.578225472546212,9.5560875,train
17981,19.476489599973576,19.580385,train
1459,7.561530125609821,7.5822935,train
16078,10.259136952824967,10.201098,train
14688,11.0663217426139,11.057808,train
1080,6.808785570537841,6.914885,train
5874,18.33579209344361,18.328583,train
4771,10.53386190925393,10.582738,train
9787,14.68323534929992,14.6626425,train
12072,20.51106126855193,20.482502,train
18044,10.785686455314965,10.737086,train
13412,1.0160796422718397,1.0024885,train
1842,7.832511913986808,7.7275677,train
18479,4.926689941772295,4.848061,train
16239,15.37584839216391,15.255054,train
11433,5.788680779485826,6.000924,train
18365,19.14880999247088,19.160492,train
12364,8.700310761703765,8.627096,train
8442,13.258243226915964,13.1885,train
16163,1.9950032890440668,1.9764736,train
17513,3.5694240784701674,3.5149884,train
4229,3.614266692072038,3.6880026,train
10185,14.204213665219806,14.237877,train
374,1.8482201754268928,1.8111818,train
11384,11.06375929821126,11.074366,train
11771,11.94393056660368,11.877394,train
12477,19.215910850316003,19.151707,train
13756,6.2144471735602425,6.2095876,train
10719,16.798556094856018,16.56956,train
8557,1.3751469276765396,1.3604997,train
11591,10.638004693494846,10.471562,train
5202,5.054602754663433,4.938333,train
6594,2.0121681603988915,1.9911048,train
8622,13.604447005976906,13.542473,train
4485,18.435414552145605,18.575573,train
5432,2.897212331045888,2.8928201,train
16824,17.264252900400585,17.158787,train
9784,12.512057484946007,12.691229,train
13273,14.69377202182968,14.669698,train
13149,7.246172649460796,7.2385592,train
16150,3.0713807427746285,2.9483325,train
13245,16.988648665568014,16.94304,train
18100,5.052754307304418,5.073373,train
15160,2.815222833902688,2.8833032,train
5175,7.2473667088043,7.281073,train
9763,16.21623813559496,16.151983,train
4873,20.028764969484115,20.040102,train
4024,6.190415109138035,6.18131,train
18297,3.96380899910008,3.983717,train
14173,3.282987680605149,3.2897835,train
18555,19.65484245025019,19.67517,train
11353,14.837173026707614,14.804262,train
3438,6.591375388637984,6.691378,train
16894,8.954327769391693,8.966379,train
8715,3.637634572710711,3.6708033,train
3212,8.74545223811694,8.691209,train
2962,13.343434713372329,13.202799,train
18855,6.912651680532807,6.9141955,train
2410,8.753961770044473,8.760385,train
14451,14.775922124035608,14.782577,train
9694,4.215201668042827,4.1877537,train
8994,15.342276308492709,15.338885,train
3464,3.829775208566425,3.8213544,train
18790,13.541500258728911,13.517132,train
10125,21.99070960244803,22.02952,train
15219,16.696479558781355,16.772856,train
15627,15.329024251362364,15.42453,train
1412,14.083880189921288,14.114591,train
17596,18.00954914547192,17.956957,train
11713,19.206146947135373,19.160166,train
12963,6.88909523535574,7.0459995,train
6071,16.788107955842946,16.820887,train
12733,10.579686022616997,10.5746565,train
14780,1.8455878235389185,1.9494063,train
4264,0.9857210129813416,0.9634845,train
14400,0.4970347408416127,0.5287948,train
10277,3.959938632807675,3.919995,train
18891,2.945579854109749,2.9782765,train
9487,4.737657994899405,4.801755,train
13259,17.385053387469632,17.407148,train
8725,2.821613216870075,2.8937871,train
7680,11.06667000905268,11.0476,train
4872,20.474777353882025,20.490454,train
12434,1.7190145153544245,1.697096,train
8833,13.394167398817787,13.440261,train
6858,14.139227540197115,14.274733,train
1170,17.9977812635269,18.169264,train
13157,6.121649829708444,6.072449,train
10370,14.194888809732683,14.1648035,train
6382,4.383233972926397,4.435622,train
17699,5.700841087876758,5.7038946,train
562,2.392941196446561,2.3693063,train
14291,10.661172524428554,10.671879,train
1188,16.472176998957238,16.570333,train
14896,10.666774789749413,10.756955,train
13909,8.729564850499894,8.699515,train
14819,19.843315315826832,19.889753,train
7813,16.777835392383334,16.772131,train
465,13.298917126458765,13.305281,train
2056,6.030688768296074,6.0253863,train
5638,0.8624723517544883,0.78692776,train
4443,2.617206660982975,2.5876687,train
15603,21.39832363077927,21.466208,train
14590,1.046964037466993,1.050605,train
2260,5.5715686060647736,5.546007,train
1386,16.295466707311274,16.255594,train
9412,13.112050403410246,13.051116,train
14815,21.06447301219642,21.059917,train
4601,6.865675076773162,6.7848706,train
4311,18.351767149936023,18.36353,train
15307,8.16649977665694,8.237472,train
4327,13.80545462735497,13.760095,train
12869,15.434606206552838,15.357288,train
1353,21.45248929762697,21.495956,train
15194,0.4110577266918743,0.33840284,train
17639,12.4770900144027,12.462135,train
12334,12.16410433357891,12.072155,train
3734,16.830978330747815,16.849125,train
453,14.55221424994961,14.567091,train
2151,17.942208277888685,17.952845,train
13538,7.037662112298781,7.162364,train
10345,15.782100400005616,15.728619,train
756,1.7081300080934856,1.669017,train
13754,6.215609664125103,6.2095876,train
13863,15.7238347450001,15.687392,train
3973,12.013425363799517,11.966204,train
6308,12.459224249056724,12.432407,train
15288,10.063107643153144,10.105633,train
7179,1.1579368408252162,1.1272318,train
4748,12.649759781464464,12.554018,train
3409,9.71270379271824,9.850248,train
17266,9.536503711227873,9.502862,train
3297,0.7969178970088646,0.766402,train
11315,18.448079679253382,18.564447,train
4690,21.059579268840064,21.026743,train
15578,2.2099329031773083,2.2655182,train
2480,2.648350784745431,2.7002013,train
6593,2.078091375614955,2.0241892,train
9441,10.177351137643171,10.178826,train
4691,20.74825065218359,20.66613,train
13911,8.395012466823221,8.318328,train
15785,0.908543809559924,0.9021013,train
13342,7.194665841731099,7.157236,train
10481,2.513554689138941,2.535249,train
10384,11.684616010881175,11.69848,train
15119,6.554774479843462,6.544051,train
2252,6.331851573150529,6.243924,train
10349,18.382664868053592,18.376247,train
12817,1.935291552968106,1.8992108,train
8712,4.038121449940431,4.0258174,train
9422,11.995047830105062,11.8836565,train
8421,15.67722446703754,15.736818,train
66,13.23243614877942,13.271193,train
3622,5.731223564901086,5.747616,train
11326,17.08560063308299,17.18797,train
16354,3.097519316971853,3.2024333,train
2214,10.068161160990464,10.091258,train
10446,5.571407461445906,5.6392436,train
13856,15.15062810617111,15.137215,train
4505,16.177141324893675,16.290352,train
1769,16.571998550993108,16.484653,train
5184,6.523730370157054,6.462649,train
13944,5.7176826893910455,5.6616597,train
1164,20.819088442395856,20.765789,train
1367,18.26848253599672,18.208649,train
14823,19.372612897472948,19.47362,train
4809,5.932962486479922,5.962247,train
5912,14.021629256984715,14.03148,train
9140,0.5741916222163427,0.5914799,train
3306,0.3022016292625371,0.23668604,train
3266,3.09792586211903,3.1525235,train
5092,16.007696253899628,16.101696,train
15797,22.53835038932949,22.684607,train
11133,17.235398814270024,17.21592,train
7752,3.0826379061522053,3.1171288,train
18273,6.908672237001071,6.808765,train
17748,1.1903340022214886,1.1810958,train
7418,19.44225630457005,19.391521,train
728,3.9461861098421127,3.9344864,train
13205,1.7801204973317928,1.6892792,train
9021,12.739454865107746,12.786138,train
16387,0.5653118509830014,0.5754623,train
11653,3.7442870691401455,3.678191,train
16616,15.902781459098184,15.890841,train
12179,7.575505539710819,7.5365734,train
12584,6.175693069165125,6.321389,train
19112,1.6390905001682825,1.6267998,train
9045,9.300456056001696,9.328251,train
8212,15.84081098170273,15.905857,train
19317,22.171086775353835,22.198486,train
9660,8.212137337272978,8.158261,train
6054,17.83747614930467,17.789358,train
14020,22.433109169099254,22.432055,train
3159,13.022815343504044,12.992977,train
18460,6.700956241979802,6.7044725,train
11940,12.795180536612053,12.785504,train
17184,17.359485038603122,17.38842,train
8924,3.4732378923571674,3.5073884,train
10584,11.11699723801989,11.141529,train
1086,6.896265455474721,6.8471227,train
10510,0.4143216214306643,0.3849257,train
4411,5.956585240676608,5.820359,train
8573,0.5621038637873516,0.5891874,train
5139,12.575826479012274,12.630844,train
6457,17.18533119602009,17.150387,train
3690,0.4207850853785979,0.41618758,train
2366,13.605268292389862,13.787313,train
5323,14.92041506659928,14.9595175,train
6932,7.051298028221608,6.948036,train
13090,14.049015902033377,14.10445,train
17889,5.749221024721691,5.6875143,train
18498,3.222284373339026,3.1160989,train
12200,5.571185265562801,5.59824,train
8606,15.185086231994168,15.246954,train
12834,0.6084486473621634,0.6310048,train
745,2.606788605185579,2.589686,train
17782,18.00046121685204,17.988203,train
18970,16.292587855927028,16.364132,train
1806,12.833388528793474,12.83601,train
2600,13.119020519432588,13.210176,train
6096,12.326737675759844,12.375734,train
19429,8.280216306026428,8.222425,train
3397,11.063101667588718,11.08177,train
10489,1.8563067067924484,1.9280884,train
4566,9.85059585921526,10.035625,train
6926,7.2919331385556925,7.1868424,train
1716,1.389443518469731,1.5065491,train
9082,5.729518143924849,5.693823,train
2444,6.267776956038544,6.24141,train
17953,0.5020563577211596,0.48675218,train
14927,7.145314862996132,7.2313914,train
17815,14.174297358120125,14.169309,train
15841,16.500309809372727,16.451664,train
9943,19.653365267857936,19.534208,train
2741,19.72125110400991,19.727104,train
16949,3.2062932127820853,3.2197788,train
13955,4.496572261317587,4.523282,train
19388,13.062652360620838,13.031773,train
17104,6.788884573890484,6.764786,train
8060,11.990337032862874,12.12063,train
15557,4.059248690864934,4.0710173,train
7930,4.077702401396032,4.0091853,train
17444,11.8819335581345,11.877265,train
3754,14.300371108471962,14.27562,train
11380,11.109242170914868,11.148057,train
4985,7.064315278597486,7.048783,train
681,9.56255513219648,9.553562,train
16242,14.940848421173776,14.902594,train
9972,16.490096491909355,16.604372,train
1767,17.461745995831322,17.435787,train
19479,3.07002781510302,3.08638,train
11388,10.300756795746162,10.316498,train
18370,16.666588863462902,16.731028,train
10764,13.69119488752002,13.697329,train
5887,16.811857007223317,16.73077,train
17869,7.875503394916243,7.8180637,train
8498,6.999086723150173,7.075811,train
17488,6.067049411692186,6.1133957,train
7872,10.313747469441989,10.413058,train
6975,2.5285607584860985,2.4860117,train
12618,3.105779943536146,2.9899187,train
12080,16.767198014729722,16.571589,train
12343,11.26970142715747,11.1300335,train
5517,12.453851856323226,12.486062,train
17165,1.1110439759150132,1.1047038,train
5020,3.778844076136426,3.8074014,train
15928,6.101832854291582,6.2162347,train
7514,7.372580627762758,7.513882,train
15835,17.21941631858906,17.204899,train
10391,11.385425691253236,11.342611,train
440,15.824096667384886,15.828574,train
15967,2.203664516715841,2.483501,train
13990,1.442242826786876,1.4500592,train
5913,13.2638780005406,13.389987,train
11022,7.171327560073514,7.1939945,train
7781,1.0681363433503497,1.0379844,train
12201,5.941859620693004,5.7301407,train
3261,3.7762908505694095,3.7785478,train
9005,13.492362452048294,13.520775,train
15914,8.003372963507248,7.992889,train
884,8.752860429682345,8.719273,train
5337,13.081905509289504,13.078104,train
11458,3.3280819102828207,3.2540076,train
13850,14.950071640137272,14.918988,train
18111,4.033910556290221,4.0416117,train
12862,19.743194618226006,19.756805,train
2049,6.532114761811406,6.5418763,train
6286,15.292537738407342,15.136471,train
258,14.00687384173282,14.052683,train
11763,12.810059402523482,12.77523,train
6931,6.325138403877628,6.5098896,train
6588,2.5834742007912497,2.540178,train
7054,12.945533371903084,12.864367,train
6157,6.888698915022841,6.8268847,train
17392,14.995683211781335,15.009535,train
11122,18.959175222970515,18.990967,train
14475,13.208080314654495,13.090638,train
6438,19.07851823521596,19.111755,train
18902,2.006984836899276,2.0645072,train
2646,7.295629372320602,7.2980995,train
16642,14.839112957143938,14.808422,train
19243,6.568920586251195,6.5549536,train
15154,3.5831691428040293,3.550069,train
17987,18.31189209153836,18.28874,train
7046,13.536238079065852,13.541605,train
14289,11.03296833278518,11.065292,train
75,11.928098483749078,11.902962,train
14675,13.189127596326747,13.061035,train
6952,4.851953278455316,4.8076973,train
16618,15.09820507170468,14.851314,train
13808,0.7261619784175257,0.73948205,train
10596,9.6494578379115,9.719922,train
13687,13.263736545571266,13.235474,train
16441,14.720842333380626,14.651354,train
14043,18.40793060554823,18.401087,train
6548,6.579518673753223,6.555199,train
15185,0.9902688791669128,0.9367149,train
5506,13.923589220670612,13.895216,train
10874,2.431012304988539,2.4204354,train
16089,8.950690511382343,8.894168,train
13070,16.50294665993448,16.58524,train
8311,5.20259224823653,5.267897,train
6828,17.050425029770405,17.092493,train
5157,8.684466272021654,8.800978,train
13109,11.975383244479636,12.008636,train
5600,3.7196299954606977,3.7499883,train
19305,1.1334492181293376,1.1201825,train
5657,21.15469245299536,21.280281,train
4577,8.639980888319142,8.79537,train
9331,1.3708348895470688,1.3974398,train
3626,5.696072076580774,5.6566105,train
16484,10.705992183706565,10.592119,train
6502,11.162316401180137,11.160082,train
15214,18.60801785397152,18.51952,train
5488,15.6024032134046,15.757472,train
3101,0.770622423744174,0.7626791,train
15470,13.988576037134742,14.012751,train
15060,12.293764045577973,12.288546,train
1311,3.85760675037793,3.7942383,train
6877,12.408100230630264,12.291099,train
5763,7.277317228826436,7.383353,train
10172,15.7110403023333,15.679498,train
17800,15.856093519971612,15.95174,train
13632,21.13178918590095,21.128843,train
6326,10.383077143194011,10.344198,train
6397,2.800471949034151,2.752219,train
13535,6.786395426566448,6.844207,train
8336,2.7610718375448133,2.7077706,train
9740,22.53047678941119,22.564106,train
12266,19.688909091107405,19.678822,train
7359,2.457592257426357,2.4365437,train
13283,13.405229144174315,13.4873085,train
930,3.809253702054199,3.866948,train
10579,12.53940396060804,12.501038,train
8672,8.071701769257565,8.031568,train
5501,13.407564453641871,13.278333,train
10859,3.637979618736236,3.6339707,train
5210,4.500749093673791,4.436195,train
822,16.590541793402625,16.569843,train
11920,14.741496311283075,14.736311,train
13379,3.6412445630955257,3.6841097,train
15824,18.55380241462364,18.583961,train
8090,8.408000156898161,8.454341,train
7348,3.390463147143428,3.3594258,train
9475,5.957764511027406,6.041237,train
7663,13.09373782537041,13.243475,train
6923,7.963413424912352,7.9359484,train
3762,12.786206972145957,12.820379,train
7877,9.31132657753938,9.358105,train
15063,13.694527734286533,13.673895,train
16245,15.192885430855071,15.24147,train
3904,21.14974634525316,21.15482,train
6010,3.0692937751832896,2.9438603,train
3520,17.867086190483754,17.765148,train
18955,19.270279551551027,19.180372,train
2571,15.80118517008082,15.747392,train
1352,21.969653354573254,21.994413,train
1096,5.896720565067493,5.852333,train
192,0.5171503907839659,0.4752062,train
9100,4.020586172595793,3.986964,train
15728,5.959327145108858,6.1359396,train
6969,2.977795183993477,2.9957654,train
13450,18.43514201143876,18.414421,train
15039,14.786102298332136,14.937586,train
15865,13.66050783934539,13.611707,train
12281,19.71467596998679,19.679665,train
7040,16.085447194832106,16.074966,train
19135,20.19404699055348,20.144133,train
10067,4.72699078489163,4.6627426,train
2258,5.802028367759275,5.803233,train
5118,15.73950353519562,15.783629,train
9735,0.8090596328426294,0.8004107,train
5442,2.029911637491676,2.0289776,train
18230,11.534586204007002,11.517625,train
5104,14.038825260602897,13.890078,train
2489,1.987416489692983,2.0219388,train
17670,8.855122824715037,8.89111,train
2022,10.121986512748812,10.0685,train
17023,16.417642412494406,16.41923,train
10358,17.04893067980743,16.990408,train
15531,7.0319910742564655,7.09712,train
17501,4.658796333595141,4.6890044,train
19067,5.694618299313679,5.670864,train
16902,8.163129033087653,8.243822,train
554,3.287132754641644,3.3113325,train
4170,9.01731606011255,9.0218315,train
3755,14.103420497908434,14.156702,train
7506,8.461641340472228,8.466437,train
2745,18.69921792096925,18.730783,train
10555,14.834614384748424,14.742993,train
10333,17.968522160600337,17.988491,train
16072,10.265253800767486,10.222478,train
5001,5.600353166074487,5.539718,train
8801,17.476463328676257,17.472355,train
6248,19.78497568467419,19.779943,train
18937,20.76457670872484,20.717285,train
1595,14.521831112349211,14.498848,train
6660,15.774168468197333,15.81035,train
6389,3.6215477980103,3.6775455,train
13866,13.620031966682058,13.628415,train
16768,1.4428810366763822,1.4282985,train
9663,7.501961924109945,7.5063415,train
9777,17.105024695233308,17.078499,train
17980,19.51619140325974,19.580385,train
10570,13.71169739951476,13.60965,train
19227,8.666723763322395,8.650591,train
12640,1.3973311548341336,1.3342651,train
12249,1.413843412657236,1.3953823,train
2094,2.588664631132678,2.5687187,train
16148,3.317503059145299,3.3443453,train
6302,12.913100735344711,13.012485,train
3334,18.740847438572395,18.799532,train
5739,9.98133019593347,9.877086,train
3539,15.18204053426986,15.119243,train
14348,4.740310350441754,4.7642956,train
29,17.99303698099354,17.982546,train
18200,15.153032181663006,15.077147,train
526,5.30435107625501,5.305643,train
8510,5.791788451788773,5.752169,train
14453,14.427325740094409,14.376948,train
33,17.056940547192816,17.137835,train
11520,17.43773168687779,17.725422,train
3650,3.3060628398483565,3.2762911,train
10432,7.061677079954635,7.084118,train
10676,2.34785779173181,2.3656719,train
1478,5.763434214688326,5.801961,train
18754,19.7374155447794,19.762669,train
250,14.82951606900916,14.92293,train
16942,3.870539914228008,3.8805022,train
17284,6.814347689687912,6.782165,train
7868,10.2497633436746,10.295816,train
14553,4.075417296592837,4.062901,train
9947,17.291784057789812,17.215746,train
12438,1.4383458119298118,1.4602884,train
9640,10.6055414921278,10.538479,train
11721,18.409053976800585,18.400414,train
6297,13.847664380838594,13.7788315,train
12305,15.394972998076426,15.281174,train
12268,18.692684494006706,18.766691,train
16035,16.221487971350655,16.123314,train
7533,5.247889815940924,5.265906,train
12970,5.437425180438503,5.527107,train
15121,6.253196653506823,6.240035,train
15866,13.254417404155094,13.407054,train
15594,0.7385504092573456,0.73854876,train
14828,18.80038841060259,18.807148,train
1939,18.316184786653974,18.35322,train
2268,4.785095598873756,4.85364,train
9088,4.857525813531879,4.903158,train
7639,15.930962499816012,15.908797,train
15912,8.10663831588898,8.096152,train
11158,13.53780097955631,13.522895,train
14756,3.86875890794989,3.9618425,train
15016,19.605993725549336,19.560934,train
13858,14.294259599890426,14.255632,train
1696,3.0996950983305407,3.2533693,train
4652,1.812468723874648,1.9263774,train
10477,2.959797131717522,2.933315,train
2573,15.7628272570116,15.747392,train
6212,1.6062606933590835,1.5703776,train
14096,12.069134230110226,12.033986,train
15736,4.752833686042041,4.7101603,train
12147,10.81648942195114,10.821544,train
10056,5.9108827595739255,5.813076,train
10668,3.015103484070008,3.0310276,train
1752,17.211381270510255,17.13399,train
13318,10.018746838174502,10.001174,train
17743,1.7623419300266123,1.7724011,train
10356,14.543095610607484,14.542166,train
4891,18.148082672455363,18.118544,train
7008,17.808725817579866,17.777098,train
9726,1.4229660627996217,1.4496986,train
7118,6.05686177153942,5.9610558,train
10265,5.0306709439078725,5.047553,train
7111,7.571822224551411,7.5436935,train
16965,1.8221379508363569,1.7983763,train
1793,12.864627030391471,12.9426365,train
3317,20.350266476107706,20.460632,train
18340,0.5999185279643934,0.57173336,train
17910,3.7287044762173744,3.745741,train
5613,2.8645299780875635,2.8650444,train
7690,9.918518050540913,9.880947,train
18402,12.49806449085985,12.595628,train
17844,10.74441565455456,10.702655,train
17353,0.9129820191352364,0.90879875,train
14842,17.120985286025345,17.200548,train
890,7.603081265397051,7.872504,train
9519,2.0281193850895813,2.0913343,train
17679,7.848222756403624,7.8814883,train
10008,10.527446152535372,10.464762,train
16660,10.947220238312807,10.976647,train
18300,3.896477461467335,3.923552,train
9084,5.405846403802608,5.4244585,train
11455,3.5816003954403186,3.609102,train
17944,0.5697816341140339,0.60165936,train
9099,3.8529481257225706,3.863369,train
12367,8.048815209686945,7.980073,train
13999,0.8328331056976852,0.8249173,train
539,4.275243308865647,4.257456,train
4645,2.3173745314799663,2.37178,train
848,12.215026203353665,12.2612705,train
115,7.536501683139529,7.529668,train
3231,6.871659518435389,6.8707023,train
12765,6.872230827332034,6.9392953,train
18986,15.094265322418508,15.065284,train
11258,3.3731882428031934,3.3808591,train
3455,4.75445723222313,4.8027616,train
3394,11.43764851453208,11.405902,train
65,13.0533324546361,13.048809,train
1285,6.146930314089634,6.0126276,train
14472,12.391124122818358,12.432467,train
9268,7.725004474701848,7.6923094,train
14398,0.5408670050551307,0.5693827,train
18952,18.156763924850928,18.222647,train
16730,4.474474044065135,4.5535483,train
15526,7.206961054160661,7.206242,train
3691,0.3927626551563345,0.4130261,train
13967,3.2868898342374875,3.2729719,train
9305,3.83173496148455,3.8050694,train
13009,2.114094021852201,2.1623578,train
4928,14.48053535081942,14.269005,train
202,20.45563458104777,20.49509,train
13095,12.639701885613322,12.667036,train
5236,1.9194967290246283,1.9273643,train
19324,21.111967500883207,21.074034,train
9575,17.303414674639566,17.308565,train
8434,14.096412600834409,14.061853,train
7792,19.7418900624406,19.704762,train
12285,17.794432587093194,17.69905,train
6230,0.4276167731165422,0.41300464,train
14214,21.61435061198529,21.623552,train
14858,15.160566073060965,15.178094,train
18892,2.819084743897916,2.8849819,train
730,3.658461513176898,3.757802,train
16521,6.087377539795788,6.0383396,train
4352,12.356642368243802,12.381181,train
14839,17.436430851917535,17.457573,train
3112,0.2413479582324596,0.26496074,train
10236,8.200315082242799,8.207872,train
16931,4.999013692619536,4.9361167,train
12349,9.7055397422824,9.815727,train
9346,0.5824391627757602,0.61963344,train
11574,12.465962537101454,12.408554,train
4646,2.214083161622096,2.1616125,train
14689,10.915627805569056,10.877916,train
3172,13.211349071067428,13.217836,train
9498,3.737511711518383,3.7729158,train
7420,19.34716495491701,19.295002,train
4733,14.995492079202466,14.944089,train
13571,3.5663249902711005,3.527579,train
12580,7.109508382054729,6.830853,train
16071,10.478877988010076,10.493354,train
13059,18.403782911275243,18.32108,train
9720,1.932972164933068,1.8338453,train
2190,13.367574947924066,13.322678,train
16376,1.26993205483091,1.4445801,train
19248,6.33936718273079,6.2152457,train
4959,10.374090207289612,10.357485,train
14943,5.726969540456649,5.475562,train
11720,17.34732855309202,17.452438,train
11001,9.378987308659502,9.272335,train
3097,0.9994492237228002,0.9905197,train
17865,8.228103428095244,8.363927,train
14286,11.668638002510397,11.68857,train
19233,7.546103132198485,7.425393,train
670,8.945816753077985,8.89938,train
2705,1.4651681844433155,1.4763777,train
4999,5.937533632189262,6.032238,train
4114,15.845714198518063,15.857642,train
10593,10.338770516367784,10.364034,train
12045,2.675030777001778,2.6362576,train
16605,18.57594608618667,18.536299,train
32,17.239471617109952,17.366688,train
12505,15.562750742742397,15.518623,train
11392,10.439174151307135,10.475443,train
18994,14.471486160325838,14.551042,train
9722,1.7534907899485617,1.695937,train
14194,1.544326219388533,1.5409596,train
3526,18.422915745431546,18.414515,train
5232,2.3610067102810284,2.3476713,train
4859,1.5345627112224056,1.5791487,train
2840,7.766917742844045,7.5972505,train
12197,5.842955577493949,5.874484,train
3274,2.472736614536691,2.4837427,train
19179,13.515562222821146,13.515278,train
8615,14.20122296618428,14.218162,train
1047,10.659543844820028,10.6579485,train
18945,20.570600968560885,20.495564,train
7880,8.999392460028746,9.074216,train
13716,10.804262210715768,10.832481,train
15942,4.910341198600746,4.8510013,train
16051,12.425554165452906,12.499334,train
1468,6.761639928925034,6.762227,train
5153,9.719433109779253,9.693421,train
5936,10.68113838449458,10.7306385,train
4885,17.906501599408394,17.900066,train
2445,6.033058436930694,6.0828657,train
11111,21.123185272485355,21.171347,train
4679,0.1758984715161319,0.29589245,train
6483,12.976934020998696,13.030299,train
5646,0.3820662446055466,0.33927163,train
2264,5.130538216428136,5.1451674,train
8472,9.901713091698468,9.851897,train
7039,17.035887241178152,17.04103,train
18388,15.192668221147246,15.080416,train
357,2.9959191832948173,3.0451891,train
4214,5.28484619988359,5.2244334,train
12623,2.2781537276165507,2.3580773,train
16631,17.06806892594196,17.091024,train
5036,2.3676330178237204,2.3973086,train
11639,5.163454831738007,5.2920485,train
17880,6.74537605143349,6.6968184,train
17049,12.428697920107034,12.482628,train
12352,10.351183955412338,10.177415,train
8942,1.8547848941563048,1.8684356,train
17191,17.653434440371832,17.646017,train
16445,15.211068940455547,15.2863245,train
12781,5.149281164712888,5.1754446,train
17409,13.818970394384724,13.898256,train
18022,14.290585901124508,14.335892,train
5131,12.61294446804074,12.636854,train
16617,15.48506528403636,15.425924,train
197,21.93588044752114,21.94184,train
9370,19.740399515113587,19.800014,train
13440,15.781462847928648,15.7424755,train
7339,4.18089240427374,4.190757,train
5229,2.7639112245225124,2.8712125,train
3458,4.576977681024235,4.6474032,train
9317,2.835297338876148,2.7473876,train
14637,17.07413380114055,17.155125,train
7903,6.741684623274928,6.7217236,train
7723,6.067989196806026,6.011901,train
14139,7.38989682899599,7.376187,train
3630,5.104184252667871,5.0965924,train
18419,11.312980679020766,11.288009,train
11764,12.619520073334956,12.562756,train
5468,19.75623576827473,19.800646,train
17034,14.885832164599895,14.832251,train
6540,7.321882421828954,7.319729,train
14918,8.158714693076348,8.30767,train
2996,10.672727580589218,10.668509,train
14955,4.168247317738207,4.2287245,train
17160,1.5687587423013505,1.6082153,train
8726,3.0301676077053106,3.0571525,train
12774,5.94110704575071,5.892628,train
10304,1.4225783338171778,1.3995125,train
9083,5.561661579941911,5.552553,train
11199,9.148699036195689,9.109915,train
6224,0.6084699561493015,0.65976214,train
18125,2.2262559128396826,2.2127266,train
87,10.563586959220148,10.600206,train
7028,15.28315094906833,15.198705,train
4906,15.529545082164038,15.587011,train
17056,12.016797460001117,12.061613,train
3337,18.037671278567007,18.158634,train
11651,3.898925045077037,3.7727625,train
12969,5.613550795563618,5.555257,train
4462,1.0759722226701174,1.0639116,train
14660,14.12168907363042,14.107394,train
10106,1.4558342097315662,1.4326824,train
9842,8.116095993535243,8.081715,train
5369,9.46543469835231,9.4104595,train
13887,11.203484112019432,11.102592,train
5503,15.770654927334922,15.801002,train
11750,13.801397037078608,13.8646145,train
11873,1.1789393822120748,1.169133,train
1751,17.735906537822714,17.717234,train
13253,16.722395391842806,16.710775,train
13941,5.543041658473138,5.5885262,train
13527,8.389468864132578,8.455563,train
2945,14.324500200278,14.410642,train
15863,13.84610779662199,13.746484,train
4470,0.7447936834167925,0.7160421,train
7192,0.2955329832717574,0.2833359,train
1456,8.248487404574751,8.16005,train
15142,4.972711010973742,4.85681,train
13559,4.7715105967685885,4.797896,train
5193,5.7942367782544215,5.9486504,train
499,8.558647112707371,8.521465,train
14273,12.400368765636268,12.460119,train
7032,15.823809071874802,15.757159,train
17522,2.828737406677647,2.707806,train
12917,11.188487018839936,11.163723,train
11842,3.8949850728858055,3.8914075,train
15130,5.45496269292377,5.5028787,train
4216,4.919721315439441,4.95466,train
16514,7.189420732692034,7.272077,train
8986,15.542463425468052,15.617825,train
13503,10.195146758392262,10.175742,train
8346,1.9810940352561053,2.0091047,train
5719,12.235554133430872,12.158952,train
3119,17.423256318647706,17.539125,train
8013,16.569685841580164,16.545856,train
18772,14.88040587796099,14.994024,train
13303,11.137359833805773,11.140361,train
11521,19.684508980179068,19.560513,train
16466,12.422648219557878,12.382344,train
10900,0.347938596120339,0.3315894,train
7561,3.20528683465342,3.0955465,train
8234,12.78756268435705,12.806525,train
2251,6.459227815771501,6.4078436,train
2568,16.94143708459772,17.002718,train
19367,15.6204200884482,15.668037,train
14855,15.792772929901783,15.759135,train
9300,4.108625997547861,4.209701,train
7770,1.8469224048214925,1.8497177,train
7332,5.094938676854638,5.1546025,train
10550,17.095078871162784,17.128246,train
3056,4.456916487524808,4.420897,train
15566,3.132497989836924,3.137042,train
18183,17.440791818937864,17.478592,train
6609,0.9280303623240228,0.961066,train
4278,0.2470993497957501,0.23623565,train
14168,4.229619175656569,4.2336802,train
12381,7.075794623587219,7.026842,train
10436,6.497680610914257,6.5152216,train
18777,15.80987313966654,15.766766,train
5304,17.22100502397542,17.208124,train
19026,10.28790235651755,10.2989645,train
11882,21.817328988783835,21.869308,train
4704,18.54132588479193,18.551788,train
16532,5.013664963306075,4.969673,train
16097,8.453509072514514,8.435217,train
17115,5.603242252435037,5.6244493,train
4310,15.056422865773143,15.042112,train
9609,12.41482185178763,12.584535,train
16835,15.724655680063742,15.711126,train
8187,18.05997869128593,18.04235,train
11411,8.357650138931543,8.265188,train
1863,5.592497930998491,5.6649194,train
18907,1.7074817156099629,1.6637535,train
8536,3.1202899392713084,3.2209775,train
8244,11.735633482559628,11.822407,train
11614,7.839776963355827,7.7223144,train
17939,1.2109994062778593,1.2167001,train
5415,4.589638518387116,4.661785,train
196,22.522455004731007,22.48606,train
16408,18.639308101321845,18.698364,train
16629,13.903862132629882,13.804713,train
17076,9.753149473268603,9.755111,train
5487,16.097055202683638,16.152212,train
14969,2.9998492802492898,2.9878166,train
17923,2.731836816372481,2.6792283,train
12731,10.076970105750735,10.066734,train
17908,3.8068047014014654,3.7774086,train
776,0.4043886273031057,0.39558342,train
283,10.980654451467688,10.956833,train
17918,2.880167441065322,2.9012108,train
6516,10.28207273286519,10.270916,train
17762,20.27929407378712,20.193275,train
8798,18.030700872056443,17.97863,train
4669,0.6294219432776714,0.69713336,train
17149,2.4114224493688408,2.4352822,train
4593,7.418451534545817,7.4310637,train
18468,6.144168874094024,6.0688205,train
16783,0.4279584000104745,0.38621393,train
8388,20.106677035976013,20.152355,train
11818,6.352916977159664,6.257862,train
6892,11.839335555900131,11.839311,train
7246,14.773574359194278,14.753817,train
7960,1.5791722261067638,1.4770944,train
7912,5.87194216233049,5.7981496,train
4506,15.831836102139958,16.034714,train
5688,16.134604988405997,16.200914,train
5409,5.037276367282283,5.0480165,train
12646,0.7228270335707268,0.739113,train
9552,21.299291050976155,21.340416,train
5728,11.247091819055903,11.255455,train
8370,0.3069008148913758,0.30455413,train
5180,7.604754805922212,7.579981,train
12796,3.7488657812379658,3.720021,train
12188,6.70162088911951,6.6904063,train
14701,9.5829274125049,9.609394,train
14089,13.29190755126637,13.280719,train
8563,1.200633945410299,1.1322696,train
8898,5.929279081440377,5.914214,train
4596,6.793571283058208,6.9380136,train
19457,5.068628854501178,5.079871,train
13394,2.3975849297992538,2.4014409,train
5856,20.79076313436181,20.686993,train
1954,18.212271280211706,18.163149,train
17447,10.445986629594763,10.433718,train
1959,15.61085484447335,15.641444,train
8608,13.859766882882573,13.773824,train
15651,14.350694254126031,14.323732,train
4875,19.27624066091021,19.364285,train
4841,2.961979089834559,2.9270937,train
5716,12.730598597966395,12.781525,train
5120,14.293844544908172,14.414639,train
17280,7.44757701836309,7.3939886,train
17357,0.5321240284881349,0.51483756,train
12,19.617544564515043,19.615728,train
14421,18.111809549435964,18.137287,train
15155,3.426917045041071,3.41144,train
19210,10.088464003348102,10.131327,train
17118,5.231364580453318,5.226089,train
3786,10.35003943093885,10.400313,train
3886,0.6047388022684033,0.5611134,train
5866,19.47607593620453,19.357058,train
3998,9.58376642207471,9.5560875,train
6167,5.830251576481904,5.8355956,train
9073,6.5827303549804,6.5461392,train
1073,8.813356498761674,8.758535,train
16595,20.666976623353527,20.481173,train
8548,2.136157907786762,2.2137496,train
5057,0.8855765299068606,0.92734516,train
17508,4.156231195776645,4.150321,train
6298,13.658269140882576,13.634992,train
3593,9.587797729361675,9.658134,train
3433,6.985225269276253,6.9784503,train
6924,7.730838754400401,7.6278977,train
8420,15.851403883711694,15.840897,train
11257,3.4524375824701603,3.4901109,train
14645,17.06963090847809,17.033571,train
1454,8.720880447435084,8.705645,train
7098,8.002572474051808,8.075802,train
15694,8.908430310336964,8.976492,train
13821,18.10463416382207,18.079641,train
17366,22.492331921414326,22.495876,train
1742,18.052376746620336,18.018747,train
12108,14.573015941675957,14.434558,train
16563,2.2833792660769223,2.305297,train
14334,6.11467755281095,6.0719233,train
19103,2.371154605997136,2.3693051,train
9827,9.157190340782822,9.218332,train
17189,18.81051395867568,18.766651,train
10016,10.121531759724885,9.9901495,train
2953,14.277933406401797,14.241387,train
10728,16.265085590356517,16.20704,train
17107,6.365837891081681,6.3030887,train
15198,0.2753340476111915,0.20979984,train
10261,5.219226166149313,5.171927,train
8665,8.341908568192082,8.342887,train
7904,6.575194963013422,6.6506653,train
8415,17.08886123917786,17.032866,train
1022,15.17808785147596,15.257684,train
13650,18.433236502664577,18.422369,train
9529,1.3154547125270395,1.3014213,train
15774,1.6417921763228462,1.6324354,train
9624,11.76591550888587,11.80132,train
15192,0.4896819752913458,0.4344827,train
17507,4.315283702827196,4.207062,train
18167,19.12292113443965,19.17369,train
5669,19.14689372570972,19.116884,train
6407,1.927200176976304,1.8997014,train
5381,8.098727347945136,8.045311,train
16725,5.170947200826355,5.1759453,train
12426,2.3797201767369343,2.3917003,train
5609,2.995618931006073,2.981806,train
17495,5.724619086878504,5.708079,train
16156,2.688666568880048,2.6626842,train
8158,1.6472115532476037,1.6527904,train
17907,3.853127233575498,3.9557102,train
4442,2.7357080553242903,2.8001976,train
14574,2.2951737831463914,2.1670241,train
11130,16.016869946309917,16.125122,train
516,6.359473867099438,6.344049,train
2358,13.71431209587416,13.831124,train
3391,11.818335276036178,11.701348,train
18678,5.020230790932311,5.0339236,train
11316,18.10205586370433,18.31192,train
7370,1.6201669600531283,1.6261795,train
1449,8.59020158878013,8.589955,train
11646,4.472763332995044,4.425347,train
5400,6.0055159005884455,6.000702,train
2845,7.000822195325328,7.031161,train
6566,4.648637513245759,4.5995326,train
2476,3.1084461510543457,3.1127427,train
9738,0.651100753137362,0.67714465,train
16198,20.00069691109366,19.995632,train
6897,10.253317948433756,10.17239,train
97,9.39090309109998,9.435679,train
7070,12.517968181488216,12.43908,train
8653,9.830112794014848,9.806193,train
2850,6.710279941663022,6.52756,train
17006,17.811781514076674,17.816643,train
14305,9.557026395645456,9.556951,train
9314,2.9492984015559616,2.959787,train
1977,14.451917436883685,14.5177,train
4550,13.163594990934731,13.196592,train
8216,14.504328377113016,14.426055,train
13167,5.15123268963812,5.118402,train
18595,14.44484441807589,14.534485,train
5275,20.79370143536459,20.880472,train
12363,8.930117059267337,8.882583,train
16399,19.56645807640674,19.546713,train
4750,13.193525967130835,13.13652,train
12332,12.78877830703195,12.694322,train
2830,8.849373202252897,8.810722,train
11383,11.328222213979306,11.312994,train
9469,6.35540946968824,6.3097534,train
4493,18.153690068709736,18.215294,train
13049,17.26751241791258,17.291546,train
16027,16.62335539429025,16.552446,train
3082,2.019654237896276,2.0819135,train
6976,2.431428604852917,2.3758228,train
9445,8.961941742479741,8.903499,train
7589,0.7944033547940501,0.8004562,train
13266,14.890966961276208,14.889455,train
7728,5.702759272792058,5.714246,train
3357,15.696919467718718,15.716584,train
5686,16.61452559413138,16.590855,train
14160,5.236134252237968,5.2187467,train
874,9.892092229980603,9.854302,train
18248,9.285546566858796,9.189552,train
14596,0.5628064260674814,0.594513,train
10525,16.617765028493835,16.811295,train
7083,10.08911886981707,10.0643015,train
18973,15.782473366595475,15.603285,train
16249,14.251221186101176,14.271197,train
16040,13.6732034184262,13.767185,train
14784,1.7109102927984554,1.5936536,train
9672,6.628448296705932,6.6048975,train
8184,19.030178266142304,19.18019,train
3193,10.60106820504437,10.510164,train
28,18.433161980217164,18.415272,train
4183,8.632727706419319,8.619576,train
14244,15.782657392421353,15.782004,train
16042,13.110745173451722,13.20163,train
3440,6.126837920657028,6.0224757,train
8845,11.912385195976633,12.111137,train
2765,16.25840046453293,16.158535,train
16826,16.550504192589486,16.55648,train
7572,1.5700054270405746,1.5960847,train
16334,5.091401662599606,5.1299562,train
6016,2.232107339552196,2.2730243,train
10700,0.5471585696957616,0.5612195,train
10468,3.751295977288593,3.7767732,train
12788,4.511535382435197,4.494431,train
2386,11.694559198380984,11.673706,train
3510,19.629992612678468,19.641108,train
4301,19.708828675716127,19.706848,train
15484,11.922516698557446,11.832725,train
5263,0.2251995309094743,0.22188595,train
4786,8.487117332427728,8.512152,train
10078,3.634336446607327,3.671773,train
15316,7.300111296868787,7.347091,train
15996,22.51168835591453,22.509481,train
5301,17.799284435548,17.885014,train
13541,6.4853438777666526,6.4678845,train
8340,2.5551572968681064,2.48973,train
1477,5.949821107720189,5.9170203,train
18633,10.339374841429436,10.211537,train
12674,17.068762181159585,17.042122,train
4415,5.1282419699643205,5.1652765,train
15712,7.300249070774084,7.2735534,train
7628,17.30837930018373,17.230034,train
17311,4.315192255434577,4.370399,train
14989,1.3378905894398485,1.3566271,train
2543,19.6897633670862,19.656134,train
11120,16.90778042847893,16.88483,train
12090,15.980396992269212,15.855154,train
12250,1.3728893842702523,1.372069,train
18171,18.799454352072765,18.683779,train
7944,2.7141262914239817,2.7961247,train
3737,16.112858920488822,16.118446,train
527,5.299033456898271,5.305643,train
5554,8.776322242411839,8.676173,train
4574,9.27262436629595,9.253449,train
15534,6.191581961898668,6.1836176,train
5972,7.072506226351252,6.654304,train
15431,18.821806949996816,19.041782,train
8795,18.02423708484496,18.191261,train
11406,8.478084364156663,8.551209,train
11627,6.385501570178884,6.433419,train
18690,3.96738100486076,3.9830937,train
2719,0.735077553291404,0.7330413,train
8694,5.539213018167416,5.5464377,train
16552,3.183238766809092,3.1846294,train
15568,3.09228527176103,3.118439,train
2723,21.55873842502909,21.600552,train
11339,15.431836693363564,15.338467,train
690,7.141894918290857,7.2691145,train
10280,3.849768098482728,3.8844225,train
2499,1.28895848744033,1.2929846,train
15202,22.468248879563102,22.488695,train
14469,12.935791938179928,12.934729,train
2312,1.0778418564094134,1.030717,train
17147,2.564432930166423,2.5857415,train
1254,9.696549200483366,9.740813,train
3139,14.894603538547369,14.881642,train
7603,20.878062961576777,20.805046,train
8617,12.626602902026896,12.625052,train
18366,18.60827502764285,18.631197,train
18207,14.106522235289484,14.160037,train
14045,18.40826626859149,18.401087,train
3925,18.43572159776144,18.444126,train
4721,16.778335949870478,16.714636,train
3075,2.756246322061511,2.765764,train
18620,11.67399525495846,11.683888,train
4636,3.042594482919429,3.006446,train
14196,1.5389603355807455,1.5409596,train
12826,1.2190867811659594,1.2133695,train
2877,3.860610242310535,3.8675213,train
2336,18.405602309925687,18.346489,train
18799,12.755478392476364,12.692789,train
3696,21.28137096671461,21.15778,train
16453,13.365887483496293,13.238452,train
4797,7.248489773532248,7.3765817,train
5631,1.3127454650084274,1.3319335,train
12067,0.9826101266166664,0.9923995,train
11149,14.33791679148244,14.366965,train
10706,0.3810460228785767,0.39086798,train
18198,15.27087157503924,15.218164,train
16873,11.483882786154776,11.434028,train
13000,2.801642330476283,2.8556015,train
13788,2.2705023993402773,2.2336195,train
13550,5.631099417065028,5.685889,train
11933,15.05184842201936,15.063483,train
12575,7.237214609221168,7.2662134,train
4944,11.41926410967462,11.369748,train
5862,20.189313734822885,19.963366,train
10203,11.896341084365602,11.903725,train
14923,7.83460656601641,7.6926236,train
2373,14.143266966412252,14.085216,train
15296,9.375754781686224,9.315848,train
9901,2.144613913923668,2.1926167,train
1602,12.746114895613886,12.707827,train
12053,1.976856342897892,1.9436122,train
1470,6.354279676577748,6.4582095,train
15618,15.715448691420477,15.691486,train
8916,4.014022714004004,4.0454626,train
17286,7.2192749239093565,7.2540007,train
10643,5.287781431323729,5.256526,train
6420,1.0614881328832777,1.0664794,train
18383,14.32287307932945,14.470817,train
16278,11.019187403033754,10.880651,train
11886,19.44143774611504,19.536514,train
14693,10.45576484723891,10.43724,train
15453,15.71616893044551,15.598447,train
14049,18.409448624943582,18.401087,train
10637,6.179897400365755,6.2261844,train
4821,4.929138401550795,4.889352,train
14182,3.251965442928685,3.2897835,train
16235,16.398312151044895,16.541613,train
18064,8.425389605322891,8.42742,train
18971,16.088215261784296,16.110662,train
3354,16.2660025622141,16.25016,train
12503,15.683761964216842,15.698455,train
9254,9.138391285032013,9.135702,train
6246,20.43706688514051,20.41523,train
4915,14.687055389171672,14.71397,train
17456,9.737117736726384,9.666517,train
3816,6.979824891829795,6.952604,train
18193,16.218663378416537,16.249245,train
1998,11.538727038651531,11.607159,train
11582,11.670044324722712,11.634984,train
5262,0.2457074668727174,0.2412103,train
3826,5.913819916826432,5.9079275,train
17613,15.469205451074073,15.43716,train
4338,12.644690630677363,12.631846,train
12340,10.499515285493164,10.654065,train
14424,17.47604325557906,17.24881,train
17535,1.876720981554561,1.8480537,train
276,11.9670737517128,12.001552,train
17439,10.856781823702123,10.862835,train
1005,15.760778784357688,15.658527,train
9133,1.1210431674079304,1.1452371,train
15647,13.191393224826276,13.114881,train
12875,16.472766265652314,16.569496,train
19010,11.762775555076622,11.734515,train
2714,0.7500411446564264,0.7330413,train
4238,2.894276044203752,2.9526699,train
2818,10.094554890957584,10.010776,train
14975,2.290354270594179,2.3402147,train
7438,16.88451533710752,16.774715,train
10471,3.377678012385092,3.3721611,train
9019,11.33046039098424,11.352773,train
19238,7.37601253151789,7.5119367,train
10721,20.093873458011387,20.030308,train
15979,1.353755809104766,1.507185,train
12026,4.411093941116576,4.3602967,train
18536,22.2183911106,22.127193,train
11337,15.797860132080917,15.79144,train
15335,5.440185788998115,5.3736486,train
2720,0.7327673276233706,0.7330413,train
15675,10.914919621255374,10.950588,train
17360,0.4365194088250473,0.42758945,train
3639,4.310736872514713,4.260913,train
4735,14.5169470225951,14.588347,train
1890,3.207829844745856,3.1817915,train
14937,6.0712510243518265,6.2436166,train
11355,14.15230523575522,14.26515,train
9106,3.2972681051274417,3.3278172,train
19042,8.203160863891286,8.121622,train
10388,12.412530610780896,12.4602165,train
15301,8.640078172723221,8.64058,train
17583,19.16331847092753,19.243145,train
10816,7.872382412441772,8.007035,train
11007,9.027713756469575,9.125986,train
4015,7.289977227054939,7.288703,train
19137,18.691645450543685,18.696686,train
10375,12.657658681401148,12.675383,train
19095,2.925535974051688,2.9505918,train
7145,3.764733430213639,3.695793,train
14395,0.6133030169398589,0.6951964,train
11221,7.248904596822589,7.264511,train
1098,5.445472201191151,5.443164,train
3,20.785672884054204,20.792412,train
5115,12.794243489934749,12.842412,train
17277,8.077064395237668,8.151269,train
6541,7.160820782525869,7.209617,train
14922,7.886329962289435,7.841722,train
5675,18.44364156208859,18.556307,train
8505,6.242836602660674,6.335272,train
11820,6.121135143612633,6.0629296,train
6716,9.20595325961876,9.170619,train
4045,4.106831049159258,4.1246214,train
8678,7.766247500883979,7.741455,train
11453,3.782518025200056,3.8320444,train
13019,1.375899385984885,1.4340504,train
16343,4.364346304812263,4.2229996,train
9764,15.646453437440474,15.607413,train
7174,1.4662303414148634,1.4220233,train
7909,6.048078038255948,5.9314055,train
735,3.481807093983928,3.46317,train
2780,14.519935826980229,14.468339,train
7870,10.035026799826436,10.111582,train
9209,14.314418729092596,14.192211,train
11070,2.6217469587751845,2.6863914,train
7425,18.282964540623134,18.296394,train
356,3.0521676558067177,3.095217,train
7832,15.028219506794304,15.014502,train
16359,2.7549867419933403,2.829206,train
6112,10.997664584930265,10.914566,train
18801,12.121490593086026,12.212228,train
13014,1.8030733441184763,1.7572496,train
15569,3.072517931410186,3.118439,train
13606,0.8646330373541153,0.8847039,train
9126,1.6693413473487588,1.5906031,train
15657,12.275502986301149,12.398286,train
7568,2.334797657884057,2.344185,train
19127,19.7268818749222,19.625208,train
4571,10.262618385940849,10.2961645,train
1377,17.077407302440143,17.088665,train
2350,14.142863595219142,14.020118,train
8315,4.594299062446585,4.6480055,train
1824,9.450896605149431,9.63431,train
17008,17.09973792081724,17.0181,train
11493,0.516145759258958,0.527867,train
9744,18.767140464714657,18.484764,train
9636,10.04846381135946,10.095194,train
18319,2.098102384338709,2.0999057,train
5358,10.779961319994088,10.774182,train
12693,14.077350593145896,14.107825,train
13002,2.910356016338981,2.9132874,train
15984,1.283534207224952,1.1973373,train
6013,2.2735970891103023,2.3445442,train
6409,1.8528254929335013,1.8089633,train
3632,4.825229728671176,4.8421707,train
18231,11.495280363893498,11.469585,train
2153,17.13017025809998,17.158657,train
6632,19.71675693333198,19.670494,train
42,15.72528623813159,15.733697,train
9277,6.733024156097353,6.680889,train
811,18.323124808277537,18.321487,train
6345,8.16737351156843,8.050348,train
16101,7.537783234229386,7.5940723,train
12821,1.7256341367177386,1.7043962,train
9977,14.112975426011614,14.0998,train
5795,3.966178662900465,4.054935,train
765,1.0575007513332977,1.0572041,train
3074,2.885230818238039,2.8749752,train
8457,11.633940570523968,11.637594,train
9154,21.066132745009323,21.133577,train
12495,16.827451800846116,16.799643,train
14616,19.94191817367817,19.970173,train
3553,12.645733382861629,12.7033615,train
7287,9.447340613006018,9.488269,train
14768,2.781593562946614,2.8175888,train
19250,6.008991213312234,5.9069843,train
14026,21.070381281286576,21.062029,train
16206,19.477613462674874,19.474323,train
12865,17.590560515803258,17.70562,train
3527,17.8404182349424,17.90242,train
16638,13.333781522124294,13.371564,train
7809,16.29370341998911,16.340363,train
1265,8.285486349013219,8.201784,train
3749,14.492800287578124,14.54194,train
3798,8.9454821759394,9.005,train
15629,18.418303791738907,18.42823,train
10458,4.733930690800947,4.7701106,train
7093,9.0455954256846,8.991673,train
15598,0.7049820933409242,0.71369123,train
11514,19.80988410324512,19.855526,train
16346,3.860265302315586,4.0063777,train
16812,19.317478931187,19.386871,train
2557,18.263547490685145,18.268793,train
4696,19.256502057878404,19.336126,train
13805,1.4418554062471574,1.4491639,train
13392,2.522663977518833,2.5555854,train
7850,12.11438796000265,12.149254,train
15170,2.0303704363080817,2.0708673,train
16840,14.19590717685591,14.316558,train
6844,17.130100501034153,17.155155,train
3613,7.281654827516775,7.246159,train
10805,9.118310507375815,9.05398,train
7994,18.19964291929093,18.114532,train
10328,17.085358991405,17.0431,train
1838,8.73622416767077,8.605673,train
8656,9.034748668643562,9.053155,train
18457,7.448684329486109,7.3407416,train
740,2.8526052590469204,2.9425724,train
1101,5.987495882395467,6.037981,train
16548,3.5260467657571075,3.5611975,train
571,1.5675422671616694,1.5624261,train
3960,14.495071756139746,14.509912,train
12806,2.838853239084211,2.7745833,train
1784,13.521926699016326,13.519202,train
2784,13.963238577611774,13.883489,train
4850,2.1402020942538846,2.1696463,train
5344,12.349959436781228,12.341321,train
12198,5.740846618807165,5.8659596,train
16442,14.598760849957308,14.491565,train
10986,11.60532758341926,11.494285,train
6946,5.233776891212804,5.2503924,train
17212,15.052344068804995,14.959397,train
10518,21.51846426755224,21.590883,train
12883,16.45595701254289,16.657438,train
3964,13.254038307393529,13.2163105,train
16417,17.800408169947147,17.817152,train
6011,3.055171425675032,2.9438603,train
5897,15.543737037282291,15.464802,train
8416,16.710951546145846,16.673002,train
6652,17.072345090705518,17.049562,train
10726,16.83895983828935,16.934397,train
15960,3.0316469567100666,3.1520755,train
11270,2.387295720855497,2.4014423,train
14804,0.4054158478067576,0.3911128,train
9079,5.641397359441191,5.6892433,train
10546,15.452997375122564,15.323492,train
11431,6.1086253517740525,6.2865953,train
2785,13.846895733350015,13.83541,train
10618,8.196126853918017,8.236956,train
4467,0.8413002428817408,0.84124285,train
306,8.368839699821631,8.305522,train
4570,10.67543602465129,10.677961,train
19296,1.8586232909144,1.8452551,train
856,11.680769127571024,11.676568,train
6359,6.654393979484871,6.6841636,train
5330,14.171015276139602,14.176339,train
5320,15.427996820850865,15.440398,train
12668,19.766194355108468,19.84343,train
15990,0.6427620517828061,0.6796242,train
10133,20.857584048250043,20.767769,train
11688,0.9642311661730304,0.9805347,train
5297,17.871264788804556,17.901552,train
17151,2.1350758801383503,2.1310391,train
11807,7.535478055354278,7.516738,train
14910,9.113692239712124,9.193844,train
2171,15.328099939466854,15.354195,train
4205,6.058603215246687,6.1091065,train
500,8.55370978790929,8.521465,train
9768,17.68887894068123,17.699505,train
14972,2.8882134993018025,2.8181565,train
12561,8.484483023285742,8.835193,train
1116,3.984983825542859,3.9439943,train
19339,19.36501914978066,19.35236,train
6757,4.7990619356045485,4.8362913,train
7678,11.28990537836786,11.127216,train
13433,16.54564434392023,16.620213,train
6463,14.96311402327229,15.03564,train
15362,2.972579687787873,2.9213731,train
16772,1.146016298749951,1.1521702,train
15132,6.048433178802838,5.974623,train
972,21.47909984738199,21.445126,train
15209,17.521957560600658,17.648642,train
6577,3.57274702030623,3.58461,train
7066,11.420857346201686,11.504471,train
8886,7.216636489482274,7.245469,train
12219,3.823955711631101,3.8416862,train
2540,20.81479898697821,20.868494,train
8382,20.32862869558561,20.32807,train
11538,16.046885888437963,16.065039,train
18486,4.516195926487304,4.4954176,train
13642,19.773832264419337,19.736855,train
944,2.575328534640757,2.5244925,train
8331,3.316664486412623,3.3252394,train
13840,16.713652009091938,16.724058,train
11324,17.82276657386524,17.839186,train
3717,18.523226786125537,18.379503,train
16243,14.80894599919399,14.645569,train
3849,3.6891794204540727,3.6922178,train
5388,7.2882414939763,7.272141,train
5495,16.158782900867493,16.247202,train
18748,18.81746637856626,18.777363,train
11851,3.000216943179012,3.010844,train
7211,17.703652672010264,17.757229,train
16204,21.068775434571528,21.07038,train
16465,12.777678242814934,12.754915,train
12744,9.230050725295976,9.288058,train
5991,4.990938525338061,4.799828,train
14893,11.184961518661792,11.129727,train
10608,9.332456122140606,9.284074,train
1350,0.5227709604886154,0.57899225,train
1909,1.6197955682164744,1.5966136,train
1185,17.7737063168815,17.692408,train
9230,12.00792027959178,12.126527,train
1232,12.752653697267052,12.705693,train
16639,13.029058505896554,13.071413,train
10398,11.262625643665448,11.272934,train
8704,4.6388179291287495,4.630967,train
18743,16.931205228952148,16.995275,train
1508,2.987620967556679,2.9937477,train
19350,18.00572093351005,17.993706,train
12412,3.718451208138035,3.7409317,train
16023,14.880905521187138,14.801945,train
16822,18.016082630533724,18.040894,train
4774,9.96616949616384,9.8421135,train
18254,8.398398733777997,8.468314,train
3134,17.166451874578637,17.077362,train
11525,18.208828688218745,18.228176,train
199,21.097189435172552,21.149385,train
4032,6.174649999680032,6.18131,train
13296,13.202011114782692,13.269977,train
1554,19.076223668570083,19.074945,train
10551,16.54984106581076,16.616997,train
1339,1.1693662762323362,1.1876559,train
14483,11.156044911264171,11.267395,train
11340,15.284238098645782,15.207431,train
9824,10.07590976050219,10.091362,train
149,3.8452638009415407,3.8476617,train
10751,16.368194675145823,16.38172,train
7704,8.207525071460035,8.178519,train
4732,15.24054165788961,15.212066,train
15680,10.974395967427055,11.072103,train
12660,17.62252367658305,17.61025,train
10431,7.224217628932849,7.147311,train
15081,10.126363255234258,10.13405,train
10906,0.2326390910209833,0.2405107,train
10017,9.797649176376607,9.695615,train
7305,7.729251941262653,7.6714854,train
15223,18.347659300702887,18.36844,train
16355,3.0065383058607376,3.0749137,train
647,12.22429801081034,12.221107,train
3771,11.85403696122818,12.068953,train
11373,12.490292229925616,12.438195,train
10303,1.444514622366612,1.4437716,train
17042,14.202050010585548,14.184796,train
3667,1.9025493206290591,1.8559813,train
8003,17.65159046212423,17.609003,train
4314,15.60337808099144,15.64695,train
15152,3.940901615663904,3.8347487,train
4494,17.550261265233278,17.672312,train
4572,9.888718218621484,9.853048,train
4986,6.939216384960541,6.947458,train
18190,16.384579751833176,16.405798,train
17415,14.848551160004838,14.7590275,train
11564,13.667436068787085,13.6192255,train
12546,10.633077336434637,10.597533,train
5611,2.7792702366244666,2.8097146,train
19028,9.891571559181472,9.831571,train
13223,0.4933577856310128,0.4720055,train
9794,14.503920701145212,14.492623,train
13784,3.1706987989716646,3.1632493,train
2862,5.115351110808463,5.258667,train
7570,2.321685489424408,2.3088067,train
6492,12.216406842060488,12.27183,train
396,21.054159883421,21.042156,train
3537,16.097954978182816,16.077608,train
10065,5.127872206151744,5.012064,train
14048,18.40908638857434,18.401087,train
737,3.2215489144165,3.1713197,train
11408,8.198098867730966,8.10044,train
7196,0.1910470943565466,0.20525707,train
825,15.447955337721474,15.28764,train
5784,5.036192899299293,5.1895304,train
6242,19.59318570615381,19.713892,train
2949,16.16840374264233,16.15224,train
2009,10.337693263276352,10.314141,train
6133,8.758236223481187,8.820228,train
7065,11.634278351164903,11.75674,train
11883,21.1940824689048,21.119873,train
17833,12.130540281864262,12.043616,train
17305,4.787003953640937,4.826579,train
8578,17.91134904782569,17.852642,train
15425,19.417643578554426,19.379608,train
1251,10.631704187624328,10.592402,train
14723,7.29695440443331,7.3639965,train
8607,14.717953902801538,14.766073,train
19121,0.9728868650248862,1.0152295,train
16944,3.6755046379957648,3.655845,train
11399,9.121254232023826,9.030312,train
779,0.3084412002054248,0.33001634,train
6384,3.9193756668392288,3.8867342,train
18642,9.23589389778224,9.170226,train
6951,4.48111981712146,4.5583363,train
3020,7.537456568627781,7.54315,train
18110,4.043482026977134,4.064755,train
7634,16.748516163528116,16.765968,train
770,0.773016747574027,0.7978165,train
14197,1.5362832881218305,1.5409596,train
6456,17.58477500611155,17.609743,train
9703,3.409322490940016,3.3860073,train
7825,15.01726108263336,14.908931,train
684,8.680046803642075,8.677452,train
15446,16.757097438314084,16.812313,train
11542,16.702480222735915,16.603376,train
704,6.568968021305675,6.5440435,train
16801,21.12880016498412,21.213512,train
12050,2.251802686093369,2.3353093,train
5820,1.943296776137556,1.9073145,train
5194,5.58444129156233,5.6577277,train
6163,5.871983065665402,5.909619,train
10819,7.419286011282777,7.2886496,train
9253,9.232700409076791,9.286168,train
10954,14.024566620581712,13.983964,train
8675,7.396944588455713,7.426516,train
11276,1.830005639070463,1.8821068,train
1968,15.068912502899927,15.136983,train
123,6.614525855046097,6.6301885,train
7579,1.5108353509706909,1.4721521,train
15781,1.107531086321547,1.0957257,train
13560,4.634515349237188,4.64777,train
5156,8.895510628478139,8.962733,train
12075,18.018272885177893,18.136028,train
9141,0.5395791575639383,0.5092857,train
2905,1.3604868239370376,1.4050486,train
13516,8.510928062941497,8.539336,train
13997,0.9298466746419988,0.9290414,train
9979,13.285750812810958,13.366187,train
5187,5.955394811934667,5.8706203,train
12588,6.085710680928667,5.8893156,train
9057,7.874478651704027,7.8981643,train
11360,13.214727901086002,13.233311,train
7657,13.80486815438083,13.734157,train
1763,15.82376636706094,15.895244,train
1963,18.391108840935345,18.413395,train
8988,14.763728880655208,14.702519,train
17498,5.096885272781685,5.1761127,train
2713,0.7531397244548649,0.7715077,train
547,3.320755880321264,3.312857,train
5445,1.900773917456697,1.9125468,train
15043,16.06602655483316,16.100431,train
11704,20.244377489091736,20.212765,train
10711,21.318791217522424,21.314398,train
16492,9.083127842130144,9.000086,train
15867,13.166440327142649,13.307554,train
7517,7.329408765651754,7.3663087,train
1397,14.726109506800729,14.647893,train
6601,1.5726988272974871,1.5942315,train
4186,7.834383199048013,7.769349,train
1565,16.848784651907227,16.8354,train
4973,8.381880109232863,8.303512,train
5176,7.042202778456989,7.115609,train
10803,9.648886267600192,9.614803,train
7416,19.53797760788968,19.537384,train
1866,5.817145212912513,5.7634835,train
15052,15.748585450872543,15.645192,train
5769,6.729682438212581,6.646847,train
15240,14.66448352794148,14.774307,train
13361,5.331278761275831,5.3122253,train
1579,16.07396290819674,16.131615,train
9734,0.8648620484201596,0.88350195,train
16499,8.406544307869275,8.548796,train
13151,6.877152501352033,6.8636045,train
6216,1.2265563888752733,1.2661859,train
352,3.664014839453626,3.6693673,train
16818,16.92975734714498,16.916224,train
11047,4.764232028856853,4.789764,train
9101,3.876781987270214,3.9213414,train
2128,0.3017305267416324,0.26936427,train
7067,11.23448183771912,11.438524,train
2783,14.098355119678756,14.095922,train
5340,12.933080064016842,12.8943,train
11979,8.959261148984101,8.960803,train
1088,6.388944244948937,6.439151,train
11997,7.271659391301924,7.201098,train
17382,15.795629866336942,15.879202,train
17351,1.0081316580699906,0.9790154,train
15869,12.992870950478366,12.958674,train
15036,15.925553670564696,15.881103,train
12828,1.1404996975625443,1.1061937,train
12247,1.508320334285385,1.4655752,train
14967,3.0889386935499186,3.1070902,train
337,4.966317374772836,5.0424857,train
14454,14.266265473300132,14.086958,train
17541,1.3878437722824537,1.3140546,train
13774,4.136618776587986,4.1387854,train
6988,1.471493308694364,1.5256704,train
13022,1.1559279543717946,1.1424091,train
6862,15.685423595490043,15.718991,train
5407,5.422056114084677,5.370349,train
8198,19.74199640316891,19.738373,train
16436,15.927374840560557,15.873755,train
12553,9.565838647531526,9.689023,train
3721,17.394550104957816,17.431028,train
9234,11.43230897124417,11.433782,train
10239,8.032401067700306,8.026622,train
1256,9.105876167721998,8.968531,train
14356,3.941128673096225,3.9560163,train
14311,8.519307600064694,8.539453,train
15211,16.96334829586569,16.96424,train
13737,7.319146980222282,7.3222494,train
14000,0.7890624334536166,0.79775536,train
13902,9.197211283138412,9.1389885,train
8888,7.0173607320682185,6.9955535,train
4657,1.376847321179373,1.3240594,train
14690,10.786121927686848,10.849543,train
3245,5.028559384079735,5.073945,train
63,13.278394255471222,13.273872,train
2011,11.914437431277715,12.058437,train
14996,0.7075734691885578,0.7572348,train
9112,2.821962710482281,2.7783668,train
15177,1.547142684604005,1.5142971,train
4328,13.612239515715366,13.569615,train
6801,1.1177415373867363,1.095004,train
13790,2.2693835804737543,2.2336195,train
18566,18.23136319629613,18.255959,train
12814,2.1005437148082726,2.1754162,train
16923,5.809607496043027,5.778721,train
5083,16.19046628814691,16.158493,train
1726,0.6778280129503872,0.75464547,train
15273,12.521664232748346,12.537353,train
2881,3.221417572555014,3.5538871,train
11939,13.099276022117005,13.133923,train
661,11.987344357260774,11.970406,train
4842,2.8740945368137005,2.858638,train
12933,10.327705486823003,10.323241,train
2838,7.885098448095202,7.837766,train
13390,2.663027216127842,2.6684232,train
9547,0.2480607089612662,0.23348087,train
14403,0.435627582838871,0.4471381,train
10190,13.814746107949658,13.952041,train
13086,13.51167727150702,13.498238,train
8717,3.84219491088851,3.8304255,train
7075,10.588509178676167,10.728421,train
2863,5.045414329995374,5.2275715,train
18145,22.05826730882914,22.21172,train
4713,17.53190638217829,17.501099,train
14848,16.370737239984532,16.308329,train
11638,5.26503336496872,5.3400106,train
2092,2.8132578035687232,2.7984524,train
4156,10.90534351010868,10.960136,train
12825,1.2592930251752157,1.3077177,train
14393,1.033228892470634,1.0149351,train
19254,6.021818124516668,6.1255193,train
10174,15.542480079162631,15.534248,train
6441,17.67890345226078,17.741377,train
4147,11.67598339821108,11.748102,train
12908,11.885990126500475,11.916796,train
17790,17.038447912700164,17.16058,train
1070,7.723824851690668,7.9745607,train
6265,18.10783775358432,17.98473,train
6641,17.919105457695967,17.921484,train
12891,12.941106160151786,13.030907,train
15027,16.504353638336102,16.443121,train
2888,2.9100943872143814,2.9196596,train
630,13.30234849710586,13.279766,train
6072,16.291489048984467,16.349546,train
7991,21.10009506622955,21.17897,train
5037,2.3014207223954224,2.3688931,train
5007,4.899432484817951,4.940594,train
1075,8.209069355761924,8.1905575,train
19041,8.324719767051032,8.434649,train
18667,6.099971565503751,6.080276,train
16227,16.893296577289867,16.904495,train
6448,17.945607688139713,17.92706,train
13702,12.022536962171069,12.049966,train
13908,8.918229403117868,8.9209795,train
17582,19.369540012960897,19.33403,train
4084,20.5268298064814,20.505053,train
11916,16.2683604402557,16.066896,train
3292,1.0807499117560282,1.0887392,train
12605,4.101294275444752,4.111837,train
7966,1.0307170682256448,1.0338011,train
2751,18.39619348595067,18.38018,train
11792,9.362643485484394,9.501779,train
14677,12.40825498278586,12.405879,train
5664,18.784942832992726,18.702272,train
14653,14.754677811763214,14.705586,train
4804,6.632041152738862,6.6119237,train
18951,18.33334324783781,18.359129,train
2065,5.21221083523636,5.212236,train
6005,3.142377925686137,3.2150154,train
5773,6.172635538799748,6.356877,train
9695,4.06446608367908,4.0120215,train
3882,1.084265825601337,1.0720508,train
425,18.408134697257708,18.396297,train
5024,3.3641870581956885,3.383098,train
17540,1.4548937003159366,1.4593737,train
18575,17.015155537624484,17.081938,train
16362,2.6234658986631465,2.5003753,train
16087,9.51900964368359,9.394583,train
15151,3.543807304284519,3.6137297,train
4111,18.391358213884853,18.431467,train
5775,6.010415572732476,6.111594,train
5612,3.0073383055062712,3.0528507,train
16073,10.071030494904925,9.996171,train
3620,6.050009851509592,6.047239,train
11971,10.734306707928727,10.772166,train
11363,13.661345763725777,13.661265,train
17744,1.319696977626782,1.2966578,train
14957,4.036082759748086,4.0891733,train
15780,1.1612650178428507,1.1511291,train
6695,11.655361331382167,11.67895,train
17129,4.164191799598351,4.159278,train
8300,6.4115355619250565,6.3806314,train
2496,1.5240372635297623,1.4907572,train
16643,14.226077499424411,14.202828,train
2712,0.7563218634105765,0.7715077,train
14503,9.022873568261268,9.020534,train
5830,1.184530575529549,1.1530732,train
17343,1.5982788335475668,1.5532537,train
15051,13.00954921495438,12.994377,train
6781,2.689463444362885,2.6769133,train
2803,11.703207883667522,11.713075,train
16450,13.732826037085962,13.723721,train
18093,6.068680063267201,6.09223,train
9364,17.50385375600971,17.530386,train
5989,5.030835071526697,4.934242,train
18728,0.663126698688537,0.6639521,train
15006,20.76271101059638,20.723783,train
17227,14.486448082600008,14.345924,train
11098,0.49588858925308,0.47827026,train
2112,1.1472548777900258,1.1584022,train
18896,2.6682783867956426,2.6060164,train
18173,18.666011713115367,18.572073,train
18318,2.1132661248386406,2.0999057,train
4895,16.849408577638236,16.837961,train
927,4.135461197705902,4.242654,train
7743,3.993617266704728,3.9651015,train
17385,19.72986572544579,19.743711,train
10149,18.94649479246408,18.938845,train
14526,7.006494059580258,6.9856663,train
16474,11.931552119731704,11.854903,train
11429,6.063283577804591,5.9910007,train
2443,6.531704833066314,6.479632,train
3898,22.49695001830988,22.501331,train
16975,1.0628648396436755,1.0574542,train
8385,19.22936808882569,19.18136,train
318,7.006161582897926,7.0278006,train
15457,15.42366400620686,15.475684,train
3081,2.112633276399621,2.134725,train
12302,16.5917602764741,16.544687,train
6039,0.6870643197396012,0.7416824,train
18256,8.244738255839755,8.322211,train
1758,18.202858389578125,18.047895,train
3319,19.776715449867915,19.92671,train
9028,10.619662726289969,10.603623,train
4208,5.533157538139908,5.611485,train
13144,7.474229335853562,7.608205,train
5244,1.390102319749032,1.3345063,train
15167,2.3177400319984,2.3115108,train
14235,16.808454233836223,16.75676,train
17975,19.72957915282253,19.68105,train
881,9.353031191270729,9.171612,train
2618,10.726337518517084,10.731234,train
37,16.718227863257656,16.759106,train
8562,1.2269007430432564,1.1806564,train
4009,8.415703401391458,8.39297,train
15903,9.173267968810494,9.110188,train
18390,14.368231812698795,14.390193,train
12767,6.606753839328005,6.5579658,train
11640,5.062628102441749,5.257497,train
1443,10.123458676531026,10.187683,train
3071,2.890219212504054,2.9170725,train
13705,12.021848507213182,12.049966,train
13757,5.158409890953915,5.124789,train
7020,18.44647134728995,18.500233,train
7842,13.83755479022004,13.856728,train
12519,14.10154450614334,13.98502,train
9403,13.761050839602738,13.851616,train
17063,11.517819575838448,11.526541,train
15843,16.262195806902866,16.181622,train
11806,7.666615136254287,7.5951777,train
18380,15.516085374204788,15.387685,train
18698,3.0642270330278465,3.0825076,train
18981,14.959743886979176,14.980362,train
16524,6.080128477386466,6.259652,train
19308,0.9730841379204076,0.9758704,train
5029,2.962044621756753,2.9730299,train
6169,5.523396858142531,5.51639,train
7493,9.663707160789183,9.875784,train
1788,14.611696277025692,14.563731,train
8839,12.762223392647565,12.786934,train
14713,8.334827216858873,8.345845,train
8092,7.9233862214738995,7.9133043,train
10497,1.2201264258268596,1.2693968,train
4834,3.612483886883744,3.6485724,train
16011,16.835479023987208,16.951674,train
5996,4.0841792427740256,4.1353474,train
10024,9.655726143381822,9.530127,train
11358,13.498873050543304,13.64712,train
6339,8.842994113116228,8.88717,train
6953,4.695047904220472,4.6770787,train
10528,19.58184247147163,19.49629,train
5251,0.9353192381627308,0.9211129,train
10653,4.345030977792478,4.320644,train
19398,11.839536909974184,11.866793,train
8763,0.3091531895561875,0.31101695,train
1544,20.106292500435792,20.123398,train
19334,19.75506957464514,19.67516,train
17928,2.0157637303030307,2.016068,train
6656,16.41656451421777,16.397697,train
5522,13.203916372810404,13.085867,train
3649,3.410712915517105,3.3581886,train
7943,2.7997295257284005,2.9237328,train
10094,2.481604414237735,2.4264414,train
9105,3.400677479957638,3.4364457,train
17687,6.9460277202026335,6.969746,train
3220,8.326519779316557,8.313569,train
4490,21.118941378647072,21.014675,train
10443,5.939485734295753,5.960229,train
14293,10.308463716560976,10.315916,train
18980,15.15620304357837,15.3313875,train
11981,9.536328072577705,9.675126,train
1693,3.511216130181486,3.4540029,train
8196,17.01194544778075,16.970032,train
7766,2.0073340096640324,1.9929174,train
18285,5.038705454751204,5.085648,train
15347,4.238971072250916,4.2825303,train
17591,18.310190770929413,18.264685,train
1818,11.042846299879187,11.036366,train
13895,10.77425905975175,10.8097725,train
11892,20.521329298437,20.508463,train
13215,1.0539644554248766,1.0231236,train
15713,7.112945416287763,7.104666,train
13563,4.251849531658376,4.262382,train
7496,9.6086233270908,9.627765,train
7921,5.005379683939802,4.8796983,train
19259,5.178878590524474,5.1288266,train
16878,10.403559218388136,10.527053,train
3914,19.786670420414985,19.765043,train
11359,13.347314562656136,13.353405,train
9398,13.363498503240844,13.514891,train
13510,9.895229151424708,9.932391,train
5993,4.1454582670253,4.273761,train
13746,7.314289975527561,7.3222494,train
17667,9.196446118957462,9.12717,train
1586,15.490202489597277,15.534627,train
17106,6.505364723596457,6.501061,train
4956,10.01657340752478,9.983124,train
3136,16.277660772201827,16.3329,train
1570,17.24734601598985,17.238575,train
9338,1.2019319366128016,1.1532404,train
8154,1.884759420616012,1.9331292,train
14323,7.220172444584051,7.174921,train
18547,20.75687102380317,20.75493,train
14790,1.0978070151560284,1.0781655,train
7269,11.062772547378168,11.077564,train
14514,7.868163916070493,7.9238386,train
7949,2.398942240985626,2.3782825,train
1920,0.8294262104509594,0.85353523,train
2948,16.743323161657166,16.718636,train
2174,14.391553460832204,14.290861,train
1665,6.229211533531056,6.389729,train
9291,5.048430754915273,5.1276526,train
13082,14.482610631667669,14.395825,train
7325,5.647580896927696,5.6215405,train
19209,10.32795697066996,10.395049,train
642,11.602450943611766,11.608372,train
14352,4.38857299252975,4.3844295,train
2180,14.513960731416338,14.458081,train
13748,6.219113565864105,6.2095876,train
13829,18.310671145521344,18.213854,train
9821,8.981031520315932,8.986587,train
9334,1.2920522065492015,1.339643,train
14002,0.7089250105003042,0.7273233,train
1681,4.595081117187966,4.624546,train
12398,4.853611390586642,4.8972335,train
19298,1.708304074559075,1.6643177,train
19131,17.541022090068363,17.816538,train
19240,7.005169650177725,6.9177656,train
566,1.586100832108393,1.5693655,train
3209,8.195299344534911,8.21489,train
15323,6.86785908289021,6.8412447,train
2951,15.1628298979842,15.197487,train
17194,16.405796638187653,16.4654,train
13690,13.263322121606452,13.235474,train
3063,4.002827487185799,3.9911373,train
508,7.440179817851952,7.4691978,train
3462,3.932667205053645,3.8427112,train
17621,14.58994426292458,14.508827,train
16002,17.21404084239294,17.409697,train
8468,10.33507724208874,10.292175,train
1958,16.01715616610612,16.082113,train
3027,7.226906368394803,7.178312,train
17757,21.05030337966277,20.968779,train
10184,14.283360003732176,14.313003,train
12876,15.906191385695898,15.776378,train
2075,4.26548545115961,4.25418,train
795,18.94280586451057,18.892696,train
8082,9.022238664940652,9.001173,train
19256,5.6575404096761615,5.616074,train
15589,1.392749081964111,1.4156836,train
2547,19.578509837166944,19.61734,train
2272,4.394472794159145,4.3631063,train
2058,5.740023225772791,5.743152,train
14782,1.7742286619319692,1.6647117,train
9642,10.02416340521859,9.92798,train
12981,4.37690470614874,4.44889,train
15517,8.279341180338031,8.265093,train
4643,2.544480397509683,2.5414627,train
7238,15.10681804764335,15.196596,train
9507,2.98174412183893,3.005411,train
7464,13.245663224358076,13.292578,train
3329,18.68647362178557,18.830393,train
17823,13.27904212647555,13.236633,train
9438,9.41211700959535,9.39797,train
8139,3.164598165436312,3.1796086,train
8862,9.971055396983092,10.017645,train
99,9.130279260649148,9.200397,train
17589,18.70982678936436,18.73528,train
289,10.269285865923466,10.377661,train
11745,14.87329712462654,14.828991,train
14651,15.065712656700144,15.025124,train
12735,10.178669256849108,10.271069,train
17215,14.098242695272289,14.106754,train
16302,8.438778220996012,8.350259,train
556,2.419155268912788,2.4110744,train
6115,11.993009846692678,11.955788,train
18917,0.9534650383013816,0.9627381,train
13608,0.5628446474684468,0.5785807,train
5546,9.277089816575495,9.3014555,train
8072,10.140596313048718,10.122858,train
19224,9.465428899921324,9.371736,train
548,3.315906710068292,3.312857,train
7479,11.911227602608276,11.920397,train
7080,11.341573517971064,11.29455,train
14929,6.990473237558643,7.047918,train
10495,1.4796208490742049,1.4692454,train
9255,9.049940266398908,8.995178,train
15099,8.524307855083396,8.604576,train
11728,16.639173135726903,16.56466,train
18306,3.039531755093222,3.1040542,train
14304,9.114804850384306,9.078353,train
7856,11.583822210159267,11.556323,train
1057,9.646239395982546,9.69028,train
2926,16.898876984644804,16.652525,train
7078,10.030633030103214,10.04851,train
18508,2.3491827576929,2.3100452,train
18343,0.5881073748579088,0.57460815,train
4367,9.811853603403378,9.87431,train
16723,5.545263831910341,5.528134,train
5761,7.592375483104724,7.5025554,train
5011,4.611480000670672,4.6239324,train
8660,9.652548434389834,9.70686,train
16528,5.450042737570759,5.397775,train
10154,18.115219798026875,18.118704,train
19373,15.315207154103446,15.314965,train
11662,2.862236153442195,2.7742012,train
886,8.36220542164645,8.364298,train
14427,18.111512827896053,18.178413,train
7447,15.654771951342632,15.643301,train
2602,12.021293591345366,11.93733,train
17050,12.189176823801215,12.270875,train
14457,14.646763861010497,14.680803,train
2759,16.95802172544326,16.92124,train
8659,9.965265694295343,10.03266,train
4044,4.108331184693236,4.1246214,train
16938,4.215849779090163,4.1937237,train
1633,9.38864155118402,9.426732,train
11451,4.0119887375642005,4.052702,train
1149,1.1980811085580445,1.1868854,train
6282,15.171100819507773,15.25493,train
8295,6.476258065604725,6.3839583,train
4329,13.432652326761238,13.3638735,train
17946,0.5529352832689723,0.5466611,train
13354,5.974783251607879,5.9881434,train
14105,10.866002336418871,10.852968,train
7052,13.67394340055882,13.586088,train
1230,11.168241287690876,11.29708,train
14807,21.465819194918183,21.497604,train
7068,11.066807715068784,11.041737,train
9990,11.887978551910992,11.97176,train
16193,0.2081098531408782,0.22715084,train
18330,1.289802954079767,1.2720333,train
9040,10.747796659319562,10.942839,train
11816,6.588136050071457,6.590407,train
15008,18.99558111730921,19.016533,train
8925,3.407997074161244,3.4799173,train
10664,3.3433650584676817,3.3004112,train
2152,17.527811751098067,17.565758,train
10245,7.146783904568223,7.1304593,train
4892,17.75929107561482,17.713837,train
11171,13.225573553799087,13.331404,train
13105,11.56832883726425,11.594766,train
6148,7.773027912823394,7.762716,train
16065,12.611153245099658,12.576666,train
2245,7.267619489950741,7.3355117,train
5130,13.16442797642252,12.986595,train
14308,8.971677574149911,8.989279,train
9454,8.151855802261677,8.155174,train
11978,9.169316323633527,9.067479,train
16739,3.721903246538163,3.7724504,train
9304,3.878940758470587,3.944198,train
11090,1.0659148683006403,0.9915585,train
5048,1.3331204623441504,1.3894016,train
17122,4.933974959333567,4.9676886,train
16478,10.759171421203462,10.806831,train
17262,9.169714220714331,9.147602,train
1440,9.373589724211795,9.617359,train
12330,11.539883569203386,11.746847,train
676,9.151105247706086,9.165699,train
4726,15.502689955706764,15.502797,train
6873,13.944027633113285,13.9915695,train
10,20.17416529074688,20.199642,train
12757,7.648573827397694,7.625607,train
9877,4.098206140847344,4.074908,train
7220,17.213250166972315,17.188171,train
8543,2.77893651424853,2.628218,train
1150,1.112173331752573,1.1754792,train
4623,4.379466931833406,4.2654185,train
19356,16.96572252542502,16.993158,train
4828,4.12593764426806,4.159826,train
5256,0.6311646201716202,0.6524347,train
13500,11.00797252031784,11.09591,train
4400,6.516017828639715,6.4449406,train
1317,2.9196266571287146,2.9171898,train
17090,7.969623912190618,7.9350834,train
14833,18.2093798922566,18.24026,train
13733,8.449500883505424,8.45351,train
15444,16.919092140362913,16.879665,train
8471,10.002464981939328,10.003045,train
5616,2.4984417195715496,2.4660602,train
7655,14.075495645921803,14.163266,train
18078,7.226805066886869,7.243566,train
11532,18.000878819381064,17.953447,train
12664,19.48430656944973,19.311602,train
3830,5.550477561834232,5.5822883,train
3750,14.287468578756958,14.381155,train
13252,17.07298854572379,17.006315,train
1937,19.56325408307793,19.460747,train
3637,4.565334308228906,4.5253797,train
17312,4.201114837582939,4.231452,train
14549,4.479761720244868,4.52861,train
7130,5.734722970117558,5.736969,train
16161,2.1598634164337187,2.0699353,train
8087,8.091789927357064,8.081899,train
19454,5.136221416173813,5.1064425,train
7271,10.593608847895984,10.628482,train
2698,2.271268600928873,2.2719476,train
14287,11.436767804509174,11.508287,train
13789,2.269941597898473,2.2336195,train
8149,2.348045648554204,2.3862314,train
8101,7.04194070327441,7.0801816,train
4792,8.034250727615754,7.9501524,train
12986,4.239687783058739,4.15027,train
9072,6.77514374560371,6.744291,train
15206,18.547781821819463,18.495655,train
9732,0.9813857596860208,0.9550055,train
253,14.447504979882591,14.465753,train
10894,0.8980664631407438,0.8843974,train
5708,13.559658055053378,13.615145,train
15390,0.8609836508931414,0.8082357,train
18377,16.85534091593624,16.763979,train
9629,10.298812285634884,10.521881,train
6677,13.81834308075644,13.780043,train
5502,12.73484432145896,12.732149,train
19160,15.212477509660012,15.042619,train
7838,13.417746219809338,13.472489,train
10918,21.141583508983285,21.116302,train
6261,17.69439894946757,17.887653,train
16985,20.534977119446147,20.44616,train
4761,11.740102824293077,11.805784,train
8081,9.273855667883474,9.328729,train
18783,13.518257004206196,13.508508,train
4849,2.29557857371098,2.3688643,train
3057,4.293877571870927,4.227337,train
15551,4.947935004430823,5.0293417,train
7522,6.344847538457133,6.4827194,train
1773,14.880527998919977,14.968045,train
10695,0.9753784364220572,0.95192266,train
12901,11.99113890743646,12.102576,train
10448,5.756277038839636,5.752445,train
12445,0.9121129917657744,0.9027467,train
13969,3.080359331265045,3.1211312,train
591,17.988797084863346,17.958414,train
7901,7.184532808598075,7.028137,train
18771,15.2915299800727,15.33003,train
810,15.54810308752452,15.841978,train
3389,11.933107157436751,12.086426,train
14795,0.5168540903894223,0.55017245,train
19314,22.48636386604666,22.441475,train
10532,19.7564015394297,19.735912,train
18651,8.147778290355756,8.148104,train
16590,0.370691518622645,0.3770456,train
2048,6.685557881104888,6.6494403,train
10452,5.110692470958911,5.06716,train
3406,10.045446265669552,10.025653,train
18712,2.107624653381508,2.1238322,train
20,18.927992103226355,18.91393,train
9525,1.5674245282827963,1.5555642,train
6962,3.817534973624604,3.738036,train
2057,5.881868053602412,5.863136,train
6154,6.642515507992503,6.595706,train
9767,18.434297464344656,18.433151,train
18691,3.9429670334999214,3.9624846,train
1240,10.088855141404329,10.327893,train
4321,17.012597343763694,16.968063,train
18834,9.444209647717525,9.537157,train
10562,14.890965614762631,14.813904,train
10279,3.886269262034733,3.912744,train
18084,6.187904625172808,6.1729703,train
2919,0.6137279674506384,0.56372046,train
13674,15.80895387130987,15.783168,train
8225,13.636973340363513,13.551203,train
7722,6.143905827119022,6.129339,train
13738,7.318604125681001,7.3222494,train
18995,14.164983716548123,14.170679,train
10305,1.4014168999605272,1.3818033,train
4266,0.860111924787652,0.8159269,train
11107,20.736007442236687,20.77761,train
9450,9.46550322334415,9.442185,train
1511,2.8972643845406654,2.8713548,train
6774,3.0420722562734075,3.0341928,train
9266,7.869146349430076,7.9443316,train
10176,15.375764192127384,15.361078,train
6170,5.374443071924917,5.350184,train
222,18.100155048798666,18.1779,train
9604,14.124861045808938,14.063811,train
16724,5.34662916969137,5.3463807,train
4925,13.387939906303467,13.431424,train
5536,10.330796731869642,10.278717,train
17404,17.037178960862892,17.19856,train
263,13.280897427488409,13.338704,train
7795,18.143991480287024,18.154686,train
12612,3.192033888422953,3.2988257,train
1703,2.6506631947726103,2.6142812,train
10787,10.753810365632496,10.770151,train
16671,11.92792383079976,12.050778,train
11499,0.3678551963058776,0.39466774,train
12811,2.5042092670337817,2.4932556,train
14087,13.295585591954715,13.280719,train
14392,1.0666312134208278,1.0695937,train
2658,6.185657825080473,6.2045703,train
18342,0.5919424452275545,0.57173336,train
2626,9.573704937480043,9.609318,train
5427,3.512135472416604,3.5683777,train
8494,7.574209047087901,7.4645743,train
9353,18.972450748663988,18.965918,train
11439,5.09137882160096,4.9820666,train
14778,1.9303484383203549,1.784555,train
14267,13.80144546027096,13.733699,train
5790,4.63103489612628,4.598077,train
9991,14.411965516755773,14.47116,train
4955,10.174779674537632,10.198956,train
12625,2.25460054104325,2.2943733,train
17120,4.989827103538217,5.001474,train
15252,15.728476582345374,15.737132,train
18280,5.916404723702168,5.9102416,train
4569,9.338027434138269,9.274039,train
5019,3.907630074223468,3.8574903,train
1205,15.293128525206368,15.169902,train
5411,4.884647524090779,4.8917594,train
938,3.1244200233368264,3.2228727,train
6782,2.24391560728034,2.2641966,train
15963,2.9597434275834287,2.966162,train
2660,6.167104652786419,6.2045703,train
7913,5.699806063320854,5.6418147,train
2664,5.168228279914862,5.1646414,train
15265,12.826777002928116,12.770592,train
16543,3.99896867488002,3.9342518,train
17760,20.546347259385552,20.531582,train
12739,9.42289631756219,9.437907,train
9477,5.667542124846828,5.7466826,train
6638,18.50826548916346,18.469074,train
15530,7.066683685744954,7.111176,train
12995,3.4512803412700923,3.4490926,train
16557,2.719388380476326,2.6937814,train
10171,15.797239455999836,15.696279,train
158,2.9644322750784307,3.0559013,train
682,9.259056277131489,9.231588,train
2327,19.389435461369704,19.295712,train
19432,8.196851773022209,8.187736,train
5673,17.42007870143478,17.41602,train
10492,1.6473257083734143,1.6501561,train
15576,2.242667656163968,2.2714846,train
13272,14.981742767829198,15.041442,train
11074,2.371144994137923,2.2711945,train
17845,10.544473977713125,10.5951395,train
12306,15.021643255001266,14.891733,train
10221,9.659228193816393,9.631052,train
7578,1.516089281241829,1.5204213,train
10404,9.711350483981311,9.704314,train
4674,0.3229383503179734,0.3107393,train
4838,3.222080827303156,3.2464402,train
1327,2.0986663438069453,2.113571,train
3066,3.5223001110981733,3.494159,train
13657,17.111054857321076,17.048609,train
17067,10.669133117601048,10.663893,train
2867,4.825967313114433,4.818422,train
16172,1.354803916133556,1.3268987,train
2795,12.659145880360208,12.601998,train
17858,9.05022351407288,9.191286,train
2292,2.6115000991242576,2.5509386,train
9655,8.126005503024498,8.128285,train
363,2.715951631888174,2.6760418,train
19100,2.557671463187303,2.5693665,train
19487,2.204637780117352,2.203567,train
6773,3.095717183686386,3.122325,train
15221,16.18745395781995,16.128563,train
17362,0.3790855630198074,0.37577268,train
13537,7.24751641190842,7.2017756,train
12847,18.28155107068929,18.314493,train
10752,15.76843458364063,15.668037,train
16706,6.946654770903787,6.9154663,train
9090,5.048620759903261,5.075816,train
8191,19.239137156676463,19.191837,train
12002,7.052070072766897,7.041822,train
18890,3.0739743671390354,3.0873268,train
17777,18.635314004393948,18.631336,train
6173,4.944711973645759,4.9718103,train
7815,16.084630751569954,16.05069,train
18019,14.370346622161865,14.431632,train
4731,15.489516392090897,15.286861,train
6694,11.769830207122627,11.78443,train
15463,14.45036822796075,14.365775,train
16796,19.877203099160862,19.899689,train
13888,10.9532346194462,10.9187565,train
8273,8.830954992134064,8.938047,train
17181,18.743237273035145,18.672674,train
16679,9.288960775543565,9.267844,train
1853,6.5907535085143705,6.6275296,train
15014,16.405794655649583,16.465347,train
17429,11.858151571179953,11.854587,train
14050,18.409857310361826,18.401087,train
8262,10.114900211587916,10.102427,train
8870,9.058286092586448,9.106938,train
17036,14.326808608130568,14.327035,train
12255,0.911347270962924,0.9430596,train
7201,20.500692518136777,20.474014,train
14946,5.102667046664481,5.1190686,train
17575,20.885289605405813,20.89685,train
16470,11.50419363379429,11.528612,train
17497,5.281313321223842,5.243174,train
12958,6.783319781650296,6.6222796,train
12518,14.153958179429642,14.078635,train
7456,14.432222294386657,14.450818,train
12630,2.199173201114708,2.068573,train
13293,12.161753948186984,12.200638,train
9349,0.5413664295288376,0.5550628,train
12068,0.9346638330960796,0.9675536,train
9251,9.45343170511817,9.505453,train
17179,20.03868461039708,19.988157,train
13721,9.614349503689953,9.656464,train
10908,0.1989355789918683,0.21744934,train
9322,2.14988672557429,2.343713,train
17704,5.058098321344111,5.0070148,train
4065,2.2367130372232977,2.2371733,train
12709,12.584853312142902,12.504661,train
2069,4.695917576548394,4.728624,train
64,13.16406989565164,13.198297,train
14622,18.06924422525751,18.118443,train
17936,1.2788699837116944,1.3172873,train
14907,9.381776131520564,9.470129,train
10493,1.588382651217627,1.5882783,train
8297,7.134517761170901,7.0673394,train
9595,14.935394271580725,14.79145,train
16203,18.917725279875533,18.556637,train
17802,15.67605326752472,15.65194,train
4076,1.4121145503065446,1.4237664,train
2013,10.86156754757985,10.764506,train
13320,9.586394356689,9.59899,train
9826,9.45215463868392,9.47011,train
7343,3.934076331577724,4.0125237,train
13707,10.807180860940012,10.832481,train
1272,7.973541410304465,7.985404,train
775,0.4383243872136896,0.44305566,train
12382,6.881386903646899,6.8605056,train
13982,2.04489766687276,2.1297507,train
8323,3.948796074273449,3.9543145,train
2749,18.120326423116445,18.142292,train
18443,7.963154546517378,8.152531,train
15041,14.197520048459944,14.264953,train
10488,1.944344620133669,1.9127975,train
15892,10.380853665096016,10.318931,train
2240,7.632479504428265,7.5899854,train
3643,4.084818988941422,4.1273317,train
9925,0.4374195744079331,0.41975164,train
757,1.6260907735199517,1.6022025,train
3692,0.3654384533646694,0.3926059,train
15279,10.92230066088362,11.0138035,train
16601,16.215192657479925,16.122066,train
11581,11.867599839007491,11.687542,train
15345,4.465556274410675,4.379106,train
1521,1.977861657198958,1.9294693,train
6484,14.468748176821745,14.460391,train
11618,7.299337045412791,7.458844,train
5108,17.057166030647522,17.143414,train
13349,6.592633910089085,6.57312,train
7481,11.86714101886902,11.672694,train
5039,2.077036906245858,2.0425558,train
7317,6.352486901599242,6.336049,train
6350,7.628865817156949,7.688958,train
17686,7.041024438302882,7.085383,train
17771,19.266068754591792,19.269815,train
6859,13.75321473723394,13.7603855,train
16527,5.58884674599879,5.6013794,train
14435,18.381991494218617,18.326717,train
19234,8.285929270513,8.139169,train
8823,14.617668106051974,14.595835,train
9584,16.535387785032192,16.432318,train
8761,0.3722546961641437,0.3466083,train
17784,18.41790741790962,18.370787,train
16200,19.535773805630512,19.65361,train
7320,5.916961851127348,5.945676,train
15089,9.52650081039677,9.581319,train
14968,3.0427314340805074,3.0665586,train
5353,11.309620519162706,11.150011,train
17863,8.76082533012119,8.583545,train
17407,14.6625993843772,14.615982,train
2129,0.2787709552452187,0.249981,train
2611,10.827816203574054,10.751423,train
3377,13.362846889992111,13.5342655,train
3945,15.803028877132142,15.78038,train
5308,17.068429607925125,17.083529,train
8164,1.1361497361918065,1.149202,train
10284,3.1228738400442664,3.132531,train
17997,16.998835029246223,16.94827,train
15909,8.263841867353225,8.314933,train
4458,1.4719989887594829,1.4379165,train
4480,0.237882571637251,0.253912,train
14752,4.386932521260079,4.3140454,train
15820,19.15590222623408,19.136284,train
12195,6.108800618159769,6.1179,train
14490,10.528236890279048,10.601338,train
4747,12.864183754111698,12.950168,train
16738,3.836493827004247,3.91083,train
10989,10.81688351245671,10.754266,train
13438,17.181652859955538,17.217968,train
1768,17.01309276795327,16.96528,train
5718,12.397939785737597,12.416633,train
2014,10.553435111939203,10.518094,train
15243,16.03401340313932,16.063002,train
13871,12.248603156975742,12.253504,train
18250,9.210853380626572,9.116602,train
12187,6.812612629439475,6.9416037,train
632,12.451704417642672,12.4971695,train
13056,17.099030537169497,17.246817,train
9847,6.908576427367879,6.896048,train
700,6.246612295075903,6.303483,train
13080,15.2719291543114,15.2248335,train
18769,16.135612602511245,16.06713,train
11338,15.599879641986549,15.640646,train
4887,17.330941351403357,17.376293,train
9839,7.63839344026019,7.6501837,train
8597,16.1386514394566,16.221132,train
16582,0.8904823377916904,0.89958924,train
2338,16.80076439672667,16.872314,train
17529,2.297714890550384,2.3927574,train
2792,13.050490425506846,13.141681,train
12148,10.669698597183576,10.694318,train
12903,13.960891554092523,13.969944,train
11140,15.077045795618638,15.1178465,train
17053,12.719435848474427,12.667749,train
2436,6.780987255429304,6.763054,train
16951,2.992571500959232,3.017267,train
240,16.026665545030664,16.100822,train
15521,8.12296029625221,8.1729765,train
134,5.523921359323697,5.364873,train
6954,4.543130741886467,4.4644103,train
2082,3.747432930511416,3.834032,train
13749,6.218527881109949,6.2095876,train
2137,19.1616518957227,18.929157,train
2062,5.752602382795811,5.739569,train
14097,12.066784026336762,12.033986,train
13046,18.46727036312741,18.630932,train
5329,14.330521772492988,14.400604,train
4759,11.293189613590338,11.327587,train
14643,15.8129475418608,15.8059225,train
1398,14.3583204589237,14.287069,train
1378,16.6575315543732,16.628134,train
12373,7.797059253609425,7.7154574,train
17113,5.8579562071714255,5.852029,train
2546,19.606363006858583,19.61734,train
7650,14.586485516038229,14.56226,train
10997,10.155234617681716,10.140812,train
982,20.221107530353827,20.19872,train
7986,18.642975574795454,18.66309,train
6017,2.220193875971064,2.1880918,train
13131,9.070289429886726,9.168146,train
7833,14.528808093639542,14.616437,train
11825,5.648574402380684,5.556548,train
3697,20.909733917267864,20.869951,train
7558,3.22889088208386,3.2223072,train
281,11.172670548723657,11.289331,train
15755,3.1355286727332072,3.1091778,train
13832,16.80180766713284,16.813906,train
5767,6.908160393719894,6.820753,train
12466,20.585563108134888,20.546265,train
11598,9.42814843939972,9.539629,train
13554,5.048061495636709,5.061737,train
9363,17.97340062906968,17.931517,train
7031,16.426876721143735,16.470018,train
7669,12.35139356828254,12.405742,train
13625,22.507668931521795,22.493107,train
6704,10.573092403585308,10.661269,train
3214,8.202215823630354,8.092451,train
3878,1.2195818520013946,1.2228633,train
6198,2.70888229795952,2.6696692,train
16050,12.702227383174671,12.742249,train
17538,1.604895939840585,1.5770645,train
19441,7.111025027690229,7.125415,train
2778,14.720005794675302,14.64661,train
2742,19.27464884482034,19.359009,train
16416,18.244568539233462,18.341658,train
16564,2.094953775305729,2.0750294,train
13375,4.027675426565221,4.024149,train
12474,19.481426866843982,19.392088,train
12189,6.604596738139356,6.6715026,train
2083,3.5970695830470905,3.578076,train
9681,5.74754980818297,5.752263,train
15417,20.503487911782205,20.477566,train
18004,15.799452353729034,15.6807,train
12199,5.651501120206456,5.614133,train
16794,20.870547366886505,20.782282,train
786,19.514597172835504,19.53956,train
14051,18.410313751507992,18.401087,train
4422,4.656565080955471,4.6263733,train
19276,3.6535992260350185,3.6487997,train
7291,8.649465474698031,8.700438,train
15889,10.582171512345449,10.6188135,train
8517,4.993844329330166,5.089221,train
8855,10.74744872225904,10.979163,train
17059,11.340790852352743,11.385707,train
17014,17.327319266058268,17.193945,train
18657,7.1887432841903385,7.1579466,train
10054,6.371030531158693,6.322161,train
4051,4.097903800538021,4.1246214,train
7841,14.44265065652654,14.476961,train
5919,12.95800291723719,12.93397,train
13081,14.842633694427027,14.843147,train
14834,18.119573146485777,18.095526,train
2163,15.730685628532866,15.8352375,train
14769,2.7252671963095336,2.7505007,train
13113,10.863647716371906,10.941913,train
17584,19.748988867254813,19.662373,train
15964,2.936001185035951,2.8000925,train
10110,1.0936379157710203,1.14881,train
14730,6.502140911688971,6.601242,train
7356,2.703494667490833,2.6920831,train
11834,4.721694826133045,4.6592474,train
2652,6.245003740562106,6.222545,train
16231,16.170859108225965,16.142385,train
15954,3.864079815197352,3.725701,train
8771,21.40551579139477,21.53908,train
6753,5.069011453570139,5.0610485,train
14578,1.9097511010853416,2.0216558,train
474,12.07424295914655,12.071201,train
11442,4.896205421230488,5.032173,train
1293,5.542522139452259,5.4432898,train
19353,17.827000865202027,17.916096,train
12842,22.502805111212865,22.560022,train
6240,20.297166436352143,20.219402,train
6057,15.820450922906764,15.907293,train
13089,14.486755341812117,14.584772,train
4260,1.2424608224711426,1.3128477,train
13334,7.935875229707562,7.9467382,train
17654,10.743552543693427,10.697527,train
16583,0.8531626827620635,0.8314817,train
1016,14.162174637438524,14.173216,train
11430,5.974611954739088,5.8588367,train
2890,2.844627783406715,2.6472647,train
3323,20.249083731767747,20.331964,train
1573,15.868733155370633,15.929147,train
11778,10.72229853949107,10.825598,train
18452,7.2174355649570465,7.3198924,train
13321,9.40753354069304,9.356137,train
8546,2.227262202962502,2.286641,train
17814,14.486780118400096,14.44077,train
4862,1.201830959835893,1.203405,train
15375,1.8110655311748085,1.7390878,train
12773,6.061543659743252,6.1335177,train
6178,4.543205944111946,4.5198336,train
5291,19.09368039093992,19.026045,train
15683,10.16107602248803,10.177026,train
5879,17.93725981011351,17.983356,train
8342,2.3391136393099714,2.3161142,train
18052,10.619857139773371,10.688726,train
6790,1.9004323539190933,1.8869789,train
235,16.60550948948698,16.51016,train
18128,2.205109594703338,2.211969,train
14540,5.324151689883842,5.331344,train
17509,4.013700072629277,4.0088387,train
3897,22.50524550359292,22.501331,train
5725,11.694496535885268,11.704385,train
8119,4.931554048322789,4.9373975,train
19303,1.3849421715186834,1.4223964,train
15528,7.136448364058623,7.1473527,train
6519,9.6584625511237,9.740864,train
1132,2.7498036783775253,2.6481814,train
5771,6.55491132376512,6.4630394,train
4466,0.8792628257351546,0.8616803,train
13112,11.086988907076533,11.174599,train
15605,19.856048815969963,19.855034,train
12089,16.163921155612595,16.187553,train
7630,16.951314926972383,16.95974,train
16272,11.664953593381563,11.594405,train
7467,13.170343672360032,13.158728,train
13934,6.775105313298944,6.7338505,train
12801,3.342653420890113,3.291335,train
5475,15.2131593464011,15.222966,train
18012,15.553433217480778,15.533479,train
17096,7.563306629278434,7.465869,train
2326,20.715035558063,20.582825,train
8173,0.5286528062971398,0.53783214,train
11250,4.110239834476565,4.1084237,train
4153,11.911015268823895,11.894489,train
4293,18.11693135628332,18.10127,train
1441,10.66039608595101,10.721858,train
1578,16.404977523031516,16.341671,train
11671,2.01853909514333,1.9589012,train
2586,14.434381513268002,14.472499,train
17048,12.67161281110428,12.712305,train
8235,12.585702327294628,12.606434,train
15695,8.689336421921643,8.6968565,train
18323,2.0471884493674586,1.9899567,train
16732,4.7482108624315496,4.783947,train
4653,1.716180903499187,1.6376159,train
18197,15.343459569677504,15.388686,train
13235,17.819762494168828,17.862116,train
16379,1.167615032465204,1.1592523,train
18800,12.436161979445677,12.388134,train
15719,6.832550339429602,6.752908,train
17557,0.2910748407665932,0.2966938,train
1617,11.598874060317716,11.638597,train
9012,13.49762670504467,13.547745,train
4603,6.377242665148968,6.4178967,train
8556,1.4106656638646589,1.4350693,train
18210,13.932533397241656,13.865354,train
4296,16.853139688641416,16.857296,train
56,14.502265681949076,14.596862,train
17470,7.648760239475831,7.7525554,train
16910,6.894647982895084,6.9395695,train
7386,0.4933913778851584,0.4898499,train
19002,12.559053547794251,12.609841,train
4479,0.248431751764931,0.253912,train
2552,18.38810526309504,18.341057,train
3060,3.851910002575241,3.8868346,train
766,0.9978142870100454,0.9637699,train
9798,12.644408894481508,12.605564,train
1515,2.468138951611036,2.445341,train
19045,8.167239223606503,8.233858,train
1217,13.325782192736042,13.216856,train
10028,8.448928003709947,8.461342,train
18403,12.149939535750775,12.248863,train
3814,7.191673833070063,7.1265416,train
19229,8.218173083197975,8.284984,train
14130,8.51308412669677,8.511392,train
3164,13.503150141211217,13.4908,train
9965,16.148364019973073,16.165447,train
5467,21.13426486250191,21.130796,train
7009,17.59044995600221,17.460913,train
1428,10.99866357782162,10.901016,train
3318,20.062428033006185,20.175194,train
16795,20.36556744122848,20.262728,train
5765,7.090548591590655,7.234567,train
18849,7.192099104519629,7.1239605,train
8179,0.3710558377621986,0.37476248,train
9596,14.557045263145682,14.531404,train
18962,17.042589057334805,17.076452,train
10151,18.390041552561662,18.289043,train
10168,16.470741890456832,16.54965,train
1167,19.33967135064171,19.39993,train
17095,7.720529678429395,7.686117,train
10871,2.759955283614901,2.7051556,train
4177,8.624747461083944,8.599842,train
17619,14.919767196849698,14.942314,train
13865,14.062449585006725,14.067326,train
9122,1.959467851571969,2.0369842,train
10738,15.42073455856842,15.43559,train
6394,2.9467866379409107,2.913773,train
16904,7.834279029565295,7.7312837,train
10965,14.490283971747145,14.292317,train
16178,0.938197771852856,0.9474492,train
5691,15.45377670061541,15.421818,train
178,1.2797847900979145,1.3887681,train
5392,6.898712597672353,6.9180303,train
8993,15.819379170431834,15.862756,train
3589,9.232900187314051,9.3054,train
13854,17.0415907232486,17.078651,train
6722,8.441279708396115,8.446921,train
9880,3.6697974193358034,3.7543237,train
15508,9.371510650269704,9.363487,train
1304,4.3309217939433,4.216612,train
3752,13.884136047373508,13.8689995,train
1481,5.998579849892279,5.9842677,train
19280,3.2002838959887527,3.1978495,train
12175,8.11854385116142,8.150343,train
4939,12.711745601493307,12.727514,train
2074,4.398352989219933,4.4147425,train
13991,1.3850976877333647,1.404725,train
3490,1.3369543579362797,1.2974255,train
7584,0.8172906533174727,0.88442636,train
2124,0.4066632148000277,0.39949176,train
2991,10.75375768468596,10.752488,train
1732,0.535459890192495,0.5078006,train
18598,14.238419050373755,14.154322,train
12776,5.706342904800889,5.6866107,train
17144,2.800756546535674,2.7842267,train
16164,2.0356764927221143,2.15516,train
5428,3.123733420946855,3.1370747,train
13900,9.540537383750657,9.533766,train
8044,12.9352949583369,12.922437,train
11017,7.920678856792056,7.947969,train
6105,11.3916482385991,11.45409,train
5700,14.525914264012131,14.482706,train
12054,1.9057910240658047,1.9089113,train
13451,17.75721193008859,17.727821,train
9559,17.74338380008238,18.039938,train
14057,17.102859590509677,17.078527,train
1312,3.693649803990504,3.572827,train
3876,1.2899890703143448,1.2748913,train
10169,16.384644657634826,16.50406,train
11612,8.11632126165224,7.995349,train
3600,8.00250512195087,8.00888,train
17622,14.427141479856514,14.40251,train
17333,2.3697921896328373,2.3569908,train
10401,10.333181264605315,10.359277,train
11249,4.194938565161979,4.2034802,train
3126,17.288409276053777,17.23161,train
4359,10.526719618741216,10.494346,train
2242,7.340530818695136,7.285022,train
8748,1.1399694932382096,1.184945,train
6965,3.4358069699901788,3.4123578,train
6758,4.733382885133326,4.742977,train
16348,3.711038131392825,3.7550316,train
5260,0.2890194042558949,0.270213,train
12611,3.2157758328289567,3.3061657,train
8353,1.4777444881645712,1.4947156,train
7440,16.812537260209744,16.672947,train
3997,9.586551040499966,9.5560875,train
16777,0.8436179006396329,0.8158168,train
16491,9.19551455272547,9.260873,train
1183,18.70986203905282,18.71967,train
11084,1.6014384263952477,1.5152216,train
13670,15.808697145757662,15.783168,train
701,7.247556087452933,7.4579287,train
11791,9.512437059903087,9.58002,train
18549,20.51880776568676,20.55874,train
6329,9.973543151051738,9.955605,train
6036,0.7048844404381925,0.7534249,train
7602,21.111406512085825,21.108229,train
18723,1.301495112944297,1.2801853,train
12702,14.514377382846158,14.473807,train
1451,9.451332047495033,9.556617,train
7311,6.722970339143761,6.7998223,train
18949,18.827324769474966,18.926682,train
16912,7.035230489064409,7.0105295,train
4008,8.418194237862936,8.39297,train
1944,15.998416303553723,16.124805,train
18991,13.832377045760412,13.930812,train
12261,22.47951667105504,22.42299,train
6688,12.493730664743367,12.462965,train
3213,8.45416604911676,8.420316,train
2700,2.260899611671076,2.2719476,train
15814,19.755302383779608,19.782616,train
14070,15.812480654397673,15.790301,train
12525,13.079241975879135,12.980503,train
12034,3.684642269961938,3.6549194,train
11812,7.068913200038335,7.0596466,train
18525,1.0472094736242468,0.99910593,train
11491,0.574891157727851,0.5809878,train
7996,17.33343528475634,17.381304,train
9490,4.94343086297741,4.829231,train
11766,12.24283733312027,12.273233,train
8052,12.420567565403791,12.469424,train
6316,11.581510928784336,11.418189,train
13511,9.642762568751351,9.632982,train
546,3.3256201563580223,3.312857,train
7155,2.911102932185914,2.9619648,train
16031,14.62008026450352,14.750808,train
12319,12.89247756050733,12.868785,train
15226,16.670110698754826,16.612165,train
17888,5.802302191910826,5.7576118,train
19399,11.800385878149466,11.856072,train
15436,18.031329566579675,18.041895,train
14631,17.229591916324438,17.283722,train
190,0.5517244151211184,0.5448209,train
18522,1.172872990937809,1.194602,train
7542,4.274806946871911,4.3428025,train
18737,20.51170209350779,20.389975,train
4279,0.2197909968751975,0.21612528,train
11563,13.908158334172558,13.777085,train
17886,5.936439059256986,6.160081,train
9488,4.623167086901134,4.5772967,train
7277,10.505656181281536,10.524816,train
6647,17.481059459080925,17.505411,train
12938,8.799964023605003,8.693298,train
15648,15.787170089745567,15.792473,train
7866,10.507748060917702,10.548249,train
15168,2.215471999233156,2.225767,train
5009,4.902228018816599,4.85455,train
6551,6.143764772954063,6.31277,train
95,9.701984688383831,9.594238,train
18957,18.387273270896035,18.395351,train
5426,3.574379488469292,3.6177557,train
18631,10.438737262334854,10.267187,train
17682,7.540753016704156,7.5910234,train
10254,6.1178123042688695,6.094912,train
19211,9.876879673519696,9.9934435,train
13441,19.782974428309267,19.775211,train
16553,3.113480284419502,3.0898323,train
12447,0.8157539153442906,0.8166126,train
10352,15.93197144323381,15.885929,train
18489,3.9749289587508088,3.960855,train
18067,8.37217528546113,8.40773,train
6064,16.34501025738319,16.265118,train
10153,18.208382594082803,18.20377,train
16430,15.993293687540517,15.983423,train
3086,1.8090620145455725,1.7915622,train
12819,1.829035372600265,1.7690592,train
7954,1.873589416587129,1.8731368,train
12726,11.10163850145871,11.014888,train
18336,0.6174883887361963,0.66693026,train
1876,4.758642099700915,4.767217,train
15688,10.42824841104478,10.513756,train
2975,14.484763115431775,14.525061,train
9858,5.753815664576442,5.7843924,train
18461,6.461833359312242,6.466396,train
13598,1.262419974282038,1.3171707,train
2463,4.515804600946016,4.4726114,train
16192,0.2326392086013171,0.25986844,train
3322,20.515858942480868,20.523216,train
8992,16.381082731684085,16.482183,train
14536,5.934339039412194,5.96302,train
1765,18.38235948452585,18.425476,train
12494,16.895850974292596,16.803421,train
13406,1.3065540475146076,1.3742275,train
3423,8.09096042252088,8.065004,train
5566,7.207672144808107,7.167882,train
1826,10.392331351768076,10.465394,train
3992,10.764953340940783,10.780604,train
3806,8.077121736792389,8.091953,train
1298,4.536904187253006,4.6041884,train
2569,16.918832931463864,17.002718,train
5762,7.494607402991595,7.412535,train
251,14.677697753172714,14.6969385,train
3741,15.19851955788844,15.308693,train
2285,3.096360980317777,3.2289126,train
6419,1.0874027283268577,1.1044731,train
14175,3.2760333538333133,3.2897835,train
4441,2.8716400405105067,2.8540518,train
18153,21.11014755894369,20.982328,train
4507,15.537595025946231,15.7686615,train
15075,11.60633363992708,11.5936775,train
8565,0.7229855258803523,0.8552803,train
18005,15.767345268213338,15.650594,train
4010,8.413221254661057,8.39297,train
16189,0.3152409236405972,0.31114152,train
6082,14.775874266495324,14.753063,train
12756,7.79844701921246,7.7706504,train
15207,18.16672656576068,18.148327,train
5911,14.074754535380984,14.022647,train
8285,7.455888568580367,7.3522463,train
12556,9.466214183454934,9.567036,train
6984,1.7650230719731077,1.733538,train
3627,5.543715635201166,5.525304,train
9046,9.078754376986035,9.067145,train
13859,13.975343584006326,14.047827,train
8706,5.037303906082208,5.089233,train
2974,11.7150059373064,11.744488,train
5541,9.051199097569205,8.978418,train
3940,17.08382826113306,17.10981,train
10931,17.418243361865603,17.426723,train
912,5.759157826210079,5.6210804,train
4521,16.265163782789468,16.181984,train
2806,11.395589535161951,11.265775,train
3862,2.616164912719241,2.6018112,train
13719,9.615168456765993,9.656464,train
14180,3.258798416778232,3.2897835,train
15294,9.857498383052814,9.829382,train
12878,14.913056239774908,14.859027,train
2859,5.731535910401178,5.5859647,train
8779,20.490681865354865,20.521786,train
2277,3.894608139352129,3.9508214,train
8045,12.663634332513332,12.66647,train
18670,6.002729046873491,5.990327,train
162,2.7715797407422573,2.689604,train
8767,22.28471712469664,22.117697,train
2694,2.293162330226441,2.3203506,train
14358,3.76964492790659,3.7593474,train
7397,22.09275920820473,22.04437,train
2165,15.075710962261642,15.197533,train
2200,11.986433020796634,11.985834,train
5538,9.778712375506611,9.713355,train
12220,3.757908847811092,3.7598479,train
19389,13.019426134436564,12.922202,train
360,2.843283048031839,2.8622797,train
1084,7.42524456986262,7.4138217,train
5309,16.88640892009461,16.89403,train
12968,5.802672245236343,5.7841873,train
9780,15.290615120762103,15.300058,train
1569,17.62340436799563,17.643402,train
3148,14.2618120454821,14.327629,train
6856,14.978660733017689,14.949261,train
18406,13.590515149941874,13.5381155,train
1299,4.3474379217167565,4.4867544,train
17879,6.797275034380142,6.8568554,train
3681,0.9534518843992508,0.93276894,train
4965,9.121336796581549,9.143514,train
12662,20.553995688177626,20.513243,train
18025,13.221584074290616,13.133633,train
18192,16.271910168441977,16.261396,train
5914,13.206094505516452,13.2890005,train
4116,15.071624613790153,15.103401,train
16767,1.513073121772071,1.4811038,train
10371,13.809852333007164,13.794745,train
7588,0.7981914267108495,0.8004562,train
3424,8.000825432737976,8.016164,train
17024,16.10339604929603,16.056078,train
10473,3.192119520246263,3.237656,train
16764,1.7515171406844572,1.7824048,train
11443,4.764968248609305,4.818254,train
3812,7.397651813112795,7.406513,train
8009,15.42680734218568,15.543085,train
12504,15.623097299327672,15.580061,train
17917,2.918806619628996,2.9850957,train
10929,18.324806605930146,18.283018,train
13327,9.173556083920593,9.238468,train
11029,6.532368594963817,6.4961295,train
6089,14.917318659454832,14.913203,train
12230,2.906547814627933,2.88814,train
4410,5.57471606754142,5.607063,train
9029,10.38220481197099,10.403739,train
15993,0.6162501284049036,0.62115103,train
535,5.257330235698029,5.2339497,train
1749,18.81670196653544,18.792103,train
18592,15.190789436836855,15.084579,train
15945,4.808613032169853,4.574985,train
17778,18.473221034298543,18.430677,train
788,18.39857350928402,18.48823,train
10713,19.43594590519688,19.415392,train
10549,14.324699415192644,14.348256,train
13486,11.9489295330776,11.944656,train
5002,5.458932169531395,5.4376726,train
4945,11.239689778567636,11.273129,train
3670,1.6963179456610205,1.6733689,train
3353,16.457901317924144,16.39212,train
13422,0.4207047901344561,0.41505286,train
5845,22.234231574296818,22.111343,train
496,8.57368054117832,8.521465,train
1642,8.504803802454864,8.455893,train
13182,3.718446376790188,3.7653859,train
17082,9.35586446235122,9.547439,train
19458,5.047796926409153,5.0117188,train
14702,9.483552733672717,9.514525,train
1987,13.09466869135496,13.111428,train
12329,11.822526510134404,11.940672,train
8933,2.6406116059795544,2.643989,train
16253,13.73034396125816,13.701333,train
2274,4.207216627652032,4.1691732,train
17551,0.744652396768757,0.7585329,train
991,19.740086222104186,19.759905,train
302,8.82128688441265,8.855158,train
12143,11.911490384150504,11.9679985,train
14296,10.48382828388494,10.421444,train
14985,1.4578806504530384,1.5018021,train
17472,7.326016377608927,7.2851205,train
5286,19.31282783948736,19.300684,train
4095,17.99575491363674,17.957394,train
9176,18.24869736595652,18.293703,train
14485,11.965168520333462,11.948225,train
7038,14.225039079456318,14.109033,train
12274,19.49714367237762,19.366661,train
10926,16.844170459197056,16.861666,train
9689,4.377150248578944,4.5635242,train
6846,16.070880440626908,16.035118,train
17904,4.037374638954629,4.146961,train
9621,12.751450936286906,12.606433,train
9211,14.272561199867074,14.3241005,train
8896,6.108709831168359,6.0610056,train
15034,17.252497876574807,17.203918,train
13202,1.9522123781652023,1.9341927,train
6855,15.43831003671816,15.378042,train
7047,13.34340463968284,13.421906,train
13907,9.130081077153564,9.073511,train
17552,0.7001278222982914,0.71606946,train
1030,11.325910596317629,11.512347,train
8430,14.693394054166896,14.6653805,train
15230,15.573222285115015,15.641355,train
8341,2.4442312715625056,2.3901627,train
11977,9.382513314271607,9.244424,test
16405,20.105485029397204,19.959326,test
16741,3.948023752767513,3.9295669,test
3373,13.980789038761042,13.817051,test
549,3.3110727016336634,3.312857,test
8938,2.037728745987968,2.0132945,test
3582,9.500163930681085,9.5691185,test
1148,1.2861826289366955,1.3185588,test
8448,12.659304413911798,12.628287,test
18017,14.426254615929532,14.44489,test
14300,9.747932890246137,9.6847515,test
18121,3.0780480785865274,3.086703,test
5988,5.051024666647578,5.012905,test
1621,10.803897999684676,10.753363,test
4836,3.4148222736178413,3.4718192,test
12024,4.657352990381339,4.5875473,test
7106,7.338983335798819,7.368138,test
12789,4.415564281907499,4.3901143,test
3735,16.588448033043175,16.720592,test
2687,3.173966883973073,3.169681,test
8931,2.7527268491942234,2.7339592,test
13370,4.47717216245678,4.5066247,test
11175,12.018749593951435,12.016552,test
2060,5.471476744410196,5.571134,test
11877,1.0273065181438978,1.0258659,test
1461,8.269336549210298,8.425897,test
9807,11.95989729545129,12.057198,test
18956,18.81002187678256,18.87237,test
16468,11.869714472892872,11.882396,test
18854,7.112185024461906,7.0916514,test
12404,4.447684963555613,4.4681168,test
4626,3.9247697794649534,3.8311265,test
17207,14.468813220298482,14.75191,test
8054,11.844480941126786,11.841744,test
5587,5.050160031945456,5.0227356,test
1384,17.11161219657241,16.988298,test
17747,1.222115021290597,1.23196,test
5081,17.70487797854198,17.811905,test
267,12.99297807270002,13.015338,test
17617,15.255425541555054,15.284444,test
11827,5.437688099804792,5.403121,test
13708,10.80685194812446,10.832481,test
16424,18.381069243914588,18.165356,test
11260,3.223383619343142,3.220862,test
13307,11.4703624770533,11.557904,test
3910,21.10560936610476,21.154545,test
10743,16.326457583130942,16.473923,test
10578,12.872239695014752,13.031742,test
4392,7.829024889030671,7.7942924,test
10445,5.689512630255373,5.711189,test
5581,5.340377770488409,5.4292393,test
2086,3.2526449661892083,3.262515,test
14052,18.41081932902896,18.401087,test
10319,0.6471867561666264,0.6738713,test
9766,14.131074146666196,14.659614,test
13498,11.627308904391276,11.717851,test
15247,14.375344618028896,14.417682,test
2943,15.655325808172671,15.725998,test
5637,0.9200555328493348,0.8647409,test
15159,2.919910173492254,2.9543667,test
3888,0.5605637329673069,0.533884,test
3833,5.140977067730218,5.198647,test
13380,3.54614336802596,3.5482469,test
4042,5.1133951776619,5.1202145,test
7797,17.6403056979036,17.709154,test
14781,1.808642074561116,1.8646172,test
17199,17.58083355784152,17.541937,test
7349,3.2953877449136,3.259403,test
5617,2.391573097316251,2.3621783,test
16855,13.368488676173914,13.356707,test
10600,9.983527429439697,9.924705,test
18653,8.067170230523839,8.001391,test
7272,11.991801207051363,12.190255,test
12716,12.230646873833107,12.113435,test
5853,21.11786724233053,21.34928,test
15311,7.657559570046628,7.7350397,test
6468,15.633427232525102,15.728992,test
14473,12.2406303282267,12.389291,test
7535,5.220172145891125,5.25808,test
171,1.962398930311429,2.018369,test
2711,0.7595934692961701,0.7715077,test
13048,17.78927744754433,17.98743,test
10813,8.55174205210773,8.597597,test
11318,17.610390878518636,17.81323,test
18925,0.3382421790606655,0.31065252,test
6930,6.505836551989425,6.63811,test
18046,10.74177879948261,10.71899,test
10490,1.7794510215244426,1.8679221,test
9587,15.313639344645084,15.503378,test
16143,3.591901237106028,3.5234995,test
18806,12.522096041838116,12.457175,test
10759,13.399875330585198,13.24973,test
12603,4.135454874888171,4.25578,test
11412,8.136284524089367,8.172052,test
7717,6.842706298120304,6.8134274,test
5721,11.918534498819152,11.888035,test
2938,19.76935641014942,19.743685,test
14900,10.243357710365546,10.367449,test
753,1.96544480037363,2.063338,test
4829,4.016871984630223,4.140173,test
17190,18.168115674448543,18.105856,test
8880,7.924349508354992,7.9364414,test
11261,3.075171687318745,3.0979662,test
5277,20.338213206466072,20.446407,test
3644,3.964124388139485,4.009832,test
17073,10.335660706351089,10.346626,test
17224,13.363352528528884,13.339768,test
4630,3.915177890367121,3.9543931,test
19215,10.350186113401632,10.294064,test
9357,17.356327838485335,17.279724,test
18516,1.7470366020213,1.6815234,test
19281,3.1014923435028434,3.1261022,test
4523,15.024128877370048,14.935658,test
6509,10.770760984163374,10.870807,test
4578,8.48030868893824,8.451188,test
11748,14.224871234807264,14.2562685,test
10100,1.7592896625188077,1.9199169,test
8260,10.73031075234901,10.632467,test
13996,0.9841875678274036,0.9686497,test
5303,17.41248042525141,17.379164,test
3694,22.0473299103517,22.04693,test
18002,16.83322698938083,16.91509,test
8237,14.43942571860894,14.582185,test
7314,6.851711252870497,6.882974,test
6629,19.48112201715581,19.408102,test
6740,6.650122646991728,6.661915,test
8679,7.516849993110688,7.4905324,test
13662,17.111799646268295,17.048609,test
18975,16.693491375951993,16.746208,test
16810,17.164925025633696,17.348927,test
15597,0.7131556877263662,0.71369123,test
19183,12.515997385151389,12.560938,test
16494,9.505510221266777,9.39288,test
11958,11.286528678966764,11.351523,test
8310,5.389337758634759,5.408791,test
15499,10.47933067680334,10.513352,test
10090,2.5019031167895824,2.684789,test
4113,16.355919898686196,16.330925,test
417,18.40870505647655,18.396297,test
16149,3.189554673741421,3.2404907,test
5332,13.855045668931842,13.803779,test
8929,2.8666680882644147,2.8792863,test
12000,6.759912201349884,6.8761296,test
8618,15.782269222474138,15.779423,test
13088,13.17197036600148,13.131185,test
17827,12.609934282265405,12.568158,test
5722,11.76382701603922,11.667614,test
3018,8.001874903360745,7.9213214,test
11137,15.890689289857114,15.98524,test
6213,1.54168888516952,1.4796953,test
12060,1.501831796311105,1.5620848,test
5847,21.99637951431901,21.9365,test
3701,19.49416151957695,19.525385,test
18103,5.020024699114589,5.0052204,test
1361,21.10702034979084,21.114983,test
7583,0.824907722285528,0.88442636,test
339,4.813986860476385,4.8469167,test
4109,15.414734838277129,15.310031,test
9318,2.79980524114884,2.7348497,test
3508,21.12296402104964,21.110643,test
18309,2.976046886996215,2.990311,test
18786,14.973948668418668,15.01313,test
8746,1.278706475076277,1.3733666,test
3916,19.773432472260268,19.765043,test
15289,9.907975505652626,10.010981,test
11667,2.555101007417408,2.5910985,test
19386,13.152615309795042,13.090467,test
1563,17.598983051179832,17.569155,test
10770,14.40571920542128,14.495412,test
5982,6.003730277375692,5.625221,test
839,12.958952805437354,13.28461,test
11472,2.050115130951133,2.072958,test
13654,18.43413047210076,18.422369,test
11759,12.842329459497767,12.928836,test
19247,6.522011539613553,6.7129707,test
8232,13.31464997741753,13.331477,test
4608,5.523369140166363,5.529418,test
10938,17.154947196767484,17.142017,test
13825,16.539089401711518,16.603527,test
3682,0.9067081980030406,0.9019341,test
17071,10.738629522210282,10.778913,test
7334,4.78717001781913,4.818355,test
19400,11.762141864505637,11.856072,test
10467,3.936058652882281,3.8846653,test
5466,15.93259164279302,16.12592,test
18206,14.191863119169884,14.287164,test
17627,14.00217562880075,14.109404,test
4517,14.635154649705331,14.832191,test
10895,0.8440991567127569,0.82799304,test
3614,7.090715441588332,7.1409974,test
10797,9.730412578117512,9.860852,test
14533,5.9670357080480185,5.9296494,test
10456,4.666276224352593,4.6704874,test
6156,7.071037346365335,7.096923,test
15592,0.7565245595233555,0.75919485,test
5886,16.881894936184953,16.74362,test
6497,12.40214817412584,12.370432,test
9944,19.00610756503253,18.914862,test
16651,14.456825691570543,14.334583,test
9680,5.9416216785979294,5.841438,test
1630,9.895960495430698,9.959051,test
1622,10.614909425072868,10.552543,test
10111,1.1217350762200662,1.0397571,test
14187,2.365029108587571,2.3566394,test
4745,13.302512844350028,13.319655,test
11921,17.059062215625723,17.133726,test
4541,13.831281292738918,13.819926,test
17718,3.771726351947602,3.755238,test
5431,2.951770591079462,2.9660044,test
14128,8.519718657875726,8.511392,test
11142,16.479360303200888,16.603645,test
18556,19.547614537038232,19.482347,test
13188,3.2494500149617846,3.1181636,test
11192,10.442767456870191,10.543892,test
4707,17.72254743245793,17.772612,test
7275,11.011088376183684,11.08732,test
13073,15.28132038722114,15.338702,test
5824,1.347877349845308,1.4640167,test
10470,3.483884196520949,3.4744205,test
15061,12.063932772813484,12.075408,test
14648,15.633920949795783,15.691244,test
15346,4.344686739882637,4.360846,test
7157,2.668501526266556,2.6228344,test
7715,7.003057410177114,7.0801334,test
4207,5.693070935246303,5.8324575,test
14597,0.5294137998684744,0.5381886,test
6381,4.45221344724608,4.4539948,test
12975,5.400711547789005,5.237837,test
8059,10.748948520279829,10.777562,test
16264,13.215893169022884,13.044033,test
962,1.0420203015638294,1.0018256,test
3437,6.669300252497617,6.7305017,test
17192,17.202451075345984,17.225536,test
16357,2.864747263627129,2.960974,test
2750,17.9841643455458,17.847044,test
1444,9.85988818469214,9.914718,test
13728,8.45190758332914,8.45351,test
12236,2.343764482632333,2.3580093,test
3485,1.993479515183613,1.9719218,test
10166,16.644422600603914,16.628605,test
12892,15.735913962049018,15.803598,test
14319,7.733960668539065,7.7004914,test
3848,3.757600741221562,3.6954522,test
17657,10.363330693484096,10.20672,test
3303,0.3941359504792286,0.35612765,test
14821,19.586361053906096,19.720577,test
9696,3.917574807787944,3.9171455,test
8294,6.630956457653414,6.445442,test
8930,2.8094700292289083,2.7683043,test
5561,7.175492953013093,7.2376,test
7452,14.562860955791905,14.861718,test
8817,15.599288211713262,15.561131,test
10652,4.46151713586389,4.4095078,test
10609,9.100308084584691,9.124051,test
14257,15.000820912327717,14.904641,test
358,2.942325469148733,2.9545293,test
15737,5.085479166769202,5.2592254,test
3669,1.7638056417145054,1.7403994,test
2994,11.442216191206969,11.472259,test
8658,10.316293847067886,10.227426,test
12522,13.22220183453322,13.27994,test
12501,15.806703774034505,15.961573,test
5961,8.202237702242964,7.9637775,test
6764,3.9950914981722736,3.989098,test
5306,16.84188843766265,16.921349,test
8967,19.26273575285704,19.13748,test
6472,14.29983750424122,14.41501,test
7525,6.270523384770802,6.3307953,test
13930,6.6134303223389,6.618924,test
15545,5.112030530650532,5.134108,test
16025,18.40268501800494,18.482477,test
8985,16.445852762708068,16.335238,test
14981,2.066312379405424,2.0245445,test
18102,5.030743099618353,5.0052204,test
11552,15.418618342871802,15.408315,test
13958,4.063205813608754,4.113814,test
11323,18.34165105039326,18.426222,test
12915,11.924194962871374,11.853513,test
4613,5.362151661556582,5.34444,test
13448,15.37230215625122,15.23666,test
4221,4.970159445112524,4.8924284,test
270,12.46009068582878,12.620502,test
19132,17.20922972899823,17.35181,test
15319,6.900146555675034,6.968107,test
8922,3.605286019753648,3.605426,test
10183,14.36297729468773,14.426436,test
10905,0.2503432945749115,0.26110956,test
5389,7.185033313732329,7.153993,test
7011,19.603246444570186,19.454435,test
15544,5.140826827436976,5.143556,test
11674,1.873203331671324,1.7996055,test
11312,20.20312024969606,20.133587,test
13940,5.665059556436324,5.7609024,test
17011,18.38113789112826,18.325092,test
10624,7.087700681435944,7.0713973,test
1776,16.627557950219092,16.719429,test
9351,20.690925691783857,20.374893,test
12730,10.27298207834619,10.212822,test
1430,10.418921894789476,10.610323,test
14554,3.992192424726042,3.8162098,test
7113,6.9982810074970185,7.196453,test
10530,17.308380371422327,17.357946,test
585,0.8259047854368564,0.84890616,test
18709,2.157668714712744,2.146307,test
6259,18.26384504092768,18.322144,test
11096,0.5505281395103024,0.5889513,test
9506,3.078262533552868,3.0525894,test
2798,12.381320311726457,12.259498,test
2874,3.998083549293572,4.1216283,test
17231,12.856906304682038,12.872908,test
8673,7.837905696923943,7.838176,test
3980,11.98931150696782,11.96521,test
9371,18.40075836136274,18.3467,test
2467,3.830461604747532,3.893928,test
11119,17.22600911394814,17.135752,test
4017,7.285499087992931,7.288703,test
16647,12.696978300194202,12.708258,test
10135,20.652605942274743,20.556412,test
14708,8.840313310980413,8.97613,test
15384,1.1143475420732791,1.0789294,test
2270,4.587030983027788,4.5799875,test
1825,10.653669712290698,10.715672,test
1868,5.465956019638269,5.414712,test
18502,2.634271823786639,2.7738435,test
7565,2.35649332109954,2.3656049,test
15943,4.876261556017686,4.6795025,test
7443,15.782948020386982,15.978555,test
9594,15.324811535771843,15.265316,test
12900,12.249124294934177,12.377721,test
17559,0.2550202512527931,0.26702026,test
2548,19.55066405604147,19.560848,test
8339,2.671527939024169,2.7644928,test
13078,14.183266440850684,14.051323,test
4978,8.390423514841464,8.393699,test
4734,14.75432752084927,14.775101,test
8049,11.730627483176304,11.82072,test
1756,19.216960277631344,19.202011,test
5634,1.1105211381072098,1.1205066,test
6915,8.600454215643145,8.547141,test
10542,18.4167484066918,18.3961,test
3386,12.345163656810934,12.320915,test
529,5.288466844422241,5.305643,test
16375,1.3115612325362538,1.5698714,test
15767,2.171366488088532,2.1920893,test
14575,2.155224942684042,2.2419088,test
6797,1.242944409043572,1.2440096,test
7405,20.90077950986724,20.665657,test
1931,0.217884368891006,0.22577514,test
8499,6.912212171152825,6.8683844,test
439,15.82583106751246,15.828574,test
550,3.3062539303305254,3.312857,test
16775,0.9532014833490188,0.9248848,test
7144,3.922246478662153,3.9773033,test
3316,20.64026092424014,20.802008,test
4187,7.628890056036572,7.6466646,test
2769,15.78866110243588,15.667864,test
15839,16.74365757083573,16.738539,test
12778,5.478596995132713,5.4182067,test
19348,18.133848529527185,18.168379,test
412,19.72663542399836,19.7503,test
6522,9.060215016801523,9.044025,test
9875,4.4020297625212175,4.3795576,test
9568,17.121438717869825,17.481762,test
13599,1.2075077422334697,1.2789092,test
5035,2.437150121749541,2.4429321,test
17830,12.333001878757791,12.29828,test
4291,21.08330434686401,21.00236,test
8649,11.08999362841726,11.096434,test
16133,4.4568549612163,4.3172317,test
9956,16.75339315003001,16.659956,test
15922,7.008416109347492,6.9585366,test
19139,17.54102303361916,17.686958,test
4336,13.022206287539806,12.951282,test
12055,1.835881395233778,1.8291742,test
14108,10.857735870363676,10.852968,test
18776,16.214296202630578,16.255268,test
2735,19.9211268627164,19.957207,test
2768,15.900182061664848,15.713862,test
12071,22.4708208687141,22.378971,test
7858,11.30697358296613,11.323666,test
12099,15.305143637626594,15.259532,test
8015,15.797921911140085,15.705228,test
18361,17.359452378363933,17.544003,test
12012,5.963065389067259,5.922542,test
11404,8.836857740988565,8.926225,test
15859,14.22712993617445,14.022683,test
768,0.8826081603065639,0.870988,test
15423,19.6174253420386,19.458206,test
5533,11.4085106199293,11.288094,test
3587,9.721387698798058,9.828901,test
6475,15.430657151204583,15.467321,test
414,19.72839048324685,19.7503,test
300,9.0107984070259,9.050421,test
9329,1.9328537171168627,1.8154502,test
6218,1.1240762054266975,1.099573,test
17576,20.66010659942965,20.633549,test
18264,7.259650517969822,7.365422,test
1799,13.085082210761218,12.990071,test
16280,10.779833809606195,10.736643,test
7914,5.554543209393704,5.6002245,test
9315,2.9097573789171483,2.9206514,test
12391,5.957046127563835,5.879261,test
5218,3.895107709166234,3.8690078,test
2511,0.4791621030007675,0.3722445,test
17123,4.819833343548592,4.8480663,test
1613,11.474456677762962,11.426985,test
5867,19.3860919886848,19.203564,test
4917,14.247450071219694,14.226574,test
17727,2.8941919388761823,2.936074,test
8236,12.409242703743798,12.388711,test
18157,20.39764240293498,20.26492,test
11356,13.891545133681245,14.049144,test
18346,21.166331275267662,21.11012,test
6024,1.434608802984373,1.5104035,test
3336,18.270534927424883,18.42549,test
10453,4.991391278283483,4.990996,test
11944,13.52724979553562,13.443369,test
2578,15.660618792792008,15.696115,test
4391,8.22404977500458,8.077234,test
16534,5.008977984997718,5.0086265,test
4924,13.595908206414736,13.630762,test
14282,11.547823551265818,11.494559,test
6697,11.428577424553074,11.419587,test
14770,2.675033748163968,2.4990366,test
12328,12.112255436494635,12.107145,test
6501,11.402603582519951,11.407477,test
9786,15.215676241586722,15.263088,test
4486,17.908679710719458,18.185877,test
16867,11.727641963386985,11.723604,test
68,12.77500817530342,12.827571,test
14587,1.2018754895611652,1.2620416,test
16589,0.3909363082010191,0.3886628,test
15145,4.355911964570473,4.3511376,test
8002,18.176451765418943,18.095728,test
2756,17.339804213951535,17.350449,test
18695,3.128005962484645,3.123539,test
14516,8.108094377516075,8.127785,test
2681,3.216377687216582,3.1759374,test
3064,3.828780017950263,3.7782922,test
4513,16.09530578372805,16.100555,test
4265,0.920989809735291,0.8713682,test
9269,7.655619904218319,7.514178,test
10005,11.579661844183075,11.501616,test
1447,9.088504822890794,8.967295,test
9859,5.564866989237911,5.453208,test
19167,15.401929010508924,15.455242,test
1122,3.705939213778841,3.622499,test
14482,11.29877140059328,11.303479,test
4058,3.136499567227092,3.1639202,test
3636,4.696270589810445,4.676857,test
3442,5.98190154253783,5.892262,test
15162,2.960924207832285,2.882939,test
3732,16.059468714014816,16.079924,test
14998,0.6697401028168903,0.7112853,test
15383,1.1708494711088584,1.1851071,test
3880,1.151108670747848,1.1359316,test
16309,7.637332928766281,7.6664753,test
10323,19.545405505824142,19.554735,test
7968,0.9591258722044412,0.91646385,test
750,2.0916557525899404,2.1639185,test
6936,6.248616981535773,6.213022,test
16513,6.901105594057622,6.710378,test
4398,6.70972700008181,6.7075324,test
6159,6.535522991033059,6.469579,test
205,20.082229852822834,19.85643,test
16756,2.362566737132236,2.3693657,test
11234,5.681213538257882,5.6557703,test
11826,5.542745858005767,5.4965134,test
16622,17.198706003240773,17.036198,test
13118,10.077464963773988,10.158264,test
4843,2.787910185244919,2.7812026,test
2399,9.888121232617491,10.005999,test
8094,7.551197191237862,7.565376,test
5555,8.4904006334705,8.488263,test
17418,13.194376599604023,13.213512,test
15218,16.977112081391372,16.99778,test
5680,17.07663385572566,17.092648,test
16939,4.108844639194015,4.1098876,test
18538,21.94648142390505,21.862799,test
7185,0.7350712038279011,0.7181675,test
4540,14.441205958051883,14.616705,test
160,2.8620292857377634,2.920775,test
7214,16.346246651279827,16.32023,test
958,1.4959024653389048,1.5480756,test
9921,0.5819249721081,0.6222179,test
14845,17.08444554435881,16.975887,test
4198,6.475750191088156,6.4731317,test
11811,7.1912700778210805,7.1117263,test
14960,3.884158872626697,3.8037338,test
16668,10.478394893266648,10.430366,test
17577,20.438026199448863,20.442926,test
10201,12.049274278150602,11.941729,test
15308,8.022207464720264,8.064323,test
8194,17.575829451161574,17.768097,test
2952,14.707935045248604,14.712966,test
13730,8.450942153698174,8.45351,test
8827,14.317644684818864,14.256355,test
3774,11.839647169473912,11.957201,test
10461,4.289453574180289,4.293733,test
10936,18.42549026324547,18.366365,test
15350,3.978974060020484,4.030297,test
4918,15.764808232376677,15.657707,test
10681,1.914279747384696,1.8873792,test
8248,12.690055173826876,12.646318,test
14854,15.779352085713205,15.499365,test
8774,20.78092429451592,20.953789,test
1263,8.842448447836762,8.808614,test
17259,9.802448664144114,9.73829,test
3824,6.102442282871321,6.032874,test
12608,4.051553224282144,3.8793766,test
13772,4.137851470185068,4.1387854,test
17131,4.024988419153266,4.0513124,test
6352,7.417726918788691,7.567517,test
6687,12.616077401732252,12.618541,test
9578,16.02699315029267,16.355032,test
14251,15.579994278594388,15.442139,test
8772,21.19420211248584,21.301489,test
3121,16.667060979701283,16.645561,test
19319,21.98356846560925,22.053116,test
7734,4.9420718769675815,4.9439883,test
3724,18.11830422673366,18.148155,test
5962,8.172669442824763,7.864415,test
492,9.697406100112078,9.710913,test
13027,0.8432018744472822,0.8457699,test
1255,9.398061379760518,9.313159,test
3454,4.814335657197778,4.8578067,test
3850,3.6213825121078793,3.6563132,test
1363,20.130400197460123,19.97903,test
7247,14.382309013344797,14.359704,test
10697,0.6428843381584883,0.7264502,test
9593,15.7257896720675,15.693709,test
18974,17.078807589312326,17.074156,test
6889,10.73359997459101,10.769528,test
16423,16.740305044000305,16.59627,test
758,1.545849090363695,1.4800885,test
19283,2.923255601956119,2.9573488,test
13401,1.7827351739658124,1.8047472,test
7686,10.330858003694845,10.233771,test
12046,2.588037341207125,2.5700214,test
11220,6.981110337444824,6.980427,test
19077,4.674752649525853,4.7158995,test
11465,2.684694948591269,2.6870804,test
7924,4.565675643784847,4.6624837,test
13880,11.505727108963766,11.481807,test
14488,10.937323918078969,10.842504,test
2029,8.427741257373361,8.533661,test
5443,1.9864367815190889,1.986309,test
1561,18.40951202249674,18.41838,test
12637,1.4222230377401175,1.4087679,test
14137,7.396978484050364,7.376187,test
16003,16.809111184807332,17.04641,test
13577,3.0663224909193847,3.117226,test
15191,0.6478560189460951,0.73259693,test
16392,0.4743925340203241,0.46229807,test
17717,3.836070534774296,3.8484824,test
1985,13.779093725512052,13.72768,test
12300,14.677089436536518,14.846214,test
8853,11.007691041118186,11.094366,test
3021,7.319302526911208,7.336755,test
8360,0.9739862871851704,0.9984566,test
13138,8.024773570592847,7.864438,test
12227,3.102871979827285,3.16519,test
18033,13.023081759426656,12.962105,test
2412,10.179666787715387,10.217106,test
14785,1.279157881297364,1.4988861,test
18950,18.551761659210893,18.544983,test
6414,1.219888309609766,1.160175,test
13923,8.272084889028436,8.321155,test
19385,13.199484165828526,13.100303,test
9452,8.685497980975267,8.75815,test
8854,10.876985370602496,11.048466,test
1491,4.917945759035682,4.8558636,test
2457,4.717398655987839,4.807028,test
14563,3.19096244117356,2.897206,test
1259,8.265507020309052,8.336029,test
11583,11.474098914540118,11.359764,test
8128,4.12201391286506,4.0967035,test
714,5.550444498762406,5.5555177,test
4614,5.17424312327572,5.224488,test
12699,14.207606208672622,14.170804,test
12864,18.26572151945136,18.196009,test
2279,3.7250132107572296,3.6933117,test
19188,12.781837542738174,12.760068,test
1415,13.074577061251125,12.926016,test
13561,4.502837946942567,4.524665,test
2217,10.365939286390692,10.357949,test
3844,4.04042880298801,4.064319,test
10085,3.2272135421481147,3.123059,test
18791,13.197012571065407,13.121186,test
426,17.111620586963312,17.205084,test
672,10.418010779936203,10.68893,test
14672,12.733556358736331,12.729601,test
18353,17.611037684691357,17.793621,test
6256,19.1356222240452,19.035858,test
3331,19.45738125011369,19.366554,test
10516,0.2732146995882208,0.26518705,test
4736,14.283246047172748,14.3132925,test
15482,12.0375796803029,11.840234,test
11432,5.941838391566424,6.2449822,test
6444,19.76228345457036,19.764277,test
6235,22.11580194439887,21.967426,test
16705,7.145170782409632,7.1013427,test
5854,21.00196802644365,21.013393,test
17005,18.17899073318344,18.064518,test
2321,0.4885758239372328,0.49351963,test
600,16.471641231265767,15.098874,test
9091,4.874525318108772,4.8877096,test
15711,7.49431188381441,7.490996,test
6517,10.071308733291698,10.052342,test
9871,5.0651349756669575,5.1133456,test
12402,4.7301736831031,4.692491,test
10361,14.877919510168898,14.7707615,test
17736,2.0603356634735186,2.064073,test
1187,16.89344335337248,16.83905,test
4581,9.106838931662072,9.035526,test
13493,11.514982767392322,11.472955,test
3010,8.502926025564374,8.538365,test
16592,0.33238138501163,0.3435148,test
12752,8.428241642330986,8.457765,test
11970,9.764400979146332,9.853461,test
9666,6.851213698461076,6.788613,test
15351,3.904397221980997,3.810999,test
14255,15.789705685030611,15.71441,test
9883,3.7496952532751897,3.7022803,test
3763,13.244839702814918,13.2699585,test
17855,9.37406532565073,9.523398,test
17949,0.5297739822180292,0.5480373,test
6494,13.194385194677082,13.231794,test
17972,20.75956567724352,20.75289,test
13034,20.59375926499851,20.587296,test
2498,1.3624909333760686,1.3251939,test
11424,6.683647503376892,6.953216,test
16153,2.767408220773305,2.6646607,test
12287,16.92576154149994,16.78196,test
12777,5.591628198204001,5.5643783,test
7990,16.96114959276769,16.907444,test
11466,2.609124448732393,2.639927,test
8397,19.225805535412523,19.232847,test
13852,14.354488869012958,14.3668585,test
8089,7.789842925043128,7.7827682,test
6333,9.43877611465848,9.709411,test
14877,12.90355665649116,12.980207,test
17849,10.105830917204964,10.209108,test
19206,11.199816913398337,11.175314,test
11402,9.276017510613023,9.32253,test
9278,6.6696487132865325,6.549578,test
10577,13.244609605529774,13.026354,test
8487,8.192799763984285,8.307711,test
2448,5.459493329557099,5.586657,test
5592,5.016089141930563,5.004233,test
14458,14.315390192781097,14.378299,test
5848,21.87960441838016,21.864265,test
1053,11.10565980197469,11.178309,test
3989,10.774093713847472,10.780604,test
14217,20.05294632800865,19.962395,test
17423,11.89533456064822,11.887212,test
316,7.226915761069494,7.334602,test
11334,16.719660851334652,16.79298,test
3237,5.665117063630875,5.7602015,test
5061,0.5072372989716426,0.49171072,test
19003,12.43221259855233,12.398308,test
11712,19.481601509477763,19.441875,test
10326,17.93745008407821,18.06164,test
12990,3.641204228435667,3.654982,test
18990,14.020213245517107,14.067804,test
15663,12.539274969750911,12.483687,test
90,10.15871179800453,10.229008,test
18733,0.6224733615131415,0.6433435,test
2076,4.143734465109821,4.1579742,test
8666,8.11034713480245,8.384104,test
4837,3.3178475066634987,3.3019378,test
11370,12.163357974692186,12.272041,test
9793,12.029131568851929,12.306314,test
10617,8.421893564852803,8.492992,test
3840,4.56505832809494,4.605443,test
4553,11.743539658116278,11.706251,test
15042,17.06421053570233,16.996754,test
11483,1.1907271620767268,1.1955016,test
6691,12.130763606979212,11.957989,test
7593,22.22275165025196,22.151606,test
10626,6.760559487771554,6.803648,test
7010,21.09625074396228,20.95046,test
5601,3.5967822283799102,3.6528265,test
16664,11.608700621746436,11.515054,test
16109,6.941533342346609,7.061101,test
14522,7.07544401653931,7.1182594,test
2087,3.155106278142503,3.1573963,test
13672,15.808822494583936,15.783168,test
8650,10.74160513371233,10.739958,test
16282,10.57827975539969,10.624533,test
14222,18.01116270645511,17.759865,test
7140,4.698308194666314,4.6308675,test
3418,8.723763757458933,8.918421,test
8919,3.8072875950615512,3.830568,test
19476,3.116118272711938,3.108232,test
7442,15.826547995975496,15.974269,test
2473,3.561838680517212,3.5335476,test
330,5.763557132840698,5.7732573,test
10948,15.579791020151134,15.692017,test
18199,15.208950634924571,15.173357,test
3601,7.797814097883508,7.850897,test
18637,9.461865508405694,9.402894,test
833,14.959150668967094,14.8232765,test
7412,19.72395731286749,20.025787,test
10545,16.760291694264513,16.591778,test
5341,12.785939457411002,12.794625,test
6880,11.444791504605538,11.575108,test
14860,14.923042830289791,14.896557,test
16814,18.476305422227693,18.38762,test
4938,13.21642784577289,13.223146,test
5071,18.600353658663256,18.716679,test
13715,10.804581841254436,10.832481,test
9241,10.626604539298688,10.691948,test
17094,7.879461584960762,7.807798,test
18714,1.417672875446485,1.4068183,test
18341,0.5958786410633659,0.57173336,test
9546,0.265876761427276,0.23461689,test
8378,21.744813633166327,21.720585,test
7521,7.27389872369745,7.0650024,test
13364,5.026701949353155,5.004516,test
5257,0.579540271144428,0.62837535,test
12455,21.98696071660579,21.982765,test
13279,14.54852122283812,14.608837,test
16351,3.5427885883896613,3.4969132,test
3604,8.202326933350209,8.221235,test
15343,4.7745420613964535,4.775472,test
13980,2.1836144699934983,2.2228355,test
2118,0.8393939544049583,0.8060211,test
18249,9.246108448456424,9.143721,test
3930,18.40669293386337,18.447563,test
2920,0.6000972764422059,0.5346254,test
12650,0.700732559153137,0.6322322,test
2288,2.882896304308821,2.877938,test
17571,20.85844354906845,20.944742,test
9374,16.505086753093643,16.485003,test
14385,1.3318345225479042,1.4952459,test
11544,16.105659311107797,16.142612,test
13892,10.151617567203678,10.103397,test
5507,13.51370323087281,13.540734,test
13241,18.50763884857303,18.44379,test
3273,2.5825547928383417,2.638684,test
10547,15.0598583943582,14.966301,test
9427,10.592818925533992,10.671205,test
18531,0.6447605492022702,0.6385938,test
13540,6.660605566596427,6.63769,test
11071,2.5538118034527866,2.4404285,test
10332,19.30900132135185,19.255062,test
17712,4.462835379513553,4.4929705,test
15514,8.39928145239647,8.38248,test
1292,5.755584344838385,5.6141753,test
15284,10.96110144425264,10.931222,test
4936,12.128457856324133,12.161147,test
2846,6.935801606708273,6.997393,test
10039,7.171974845298976,7.1718526,test
14035,19.73029130212717,19.786728,test
12543,10.74531754612384,10.884468,test
11422,7.023521787804979,7.1611767,test
10161,17.08480263551594,16.971766,test
1228,11.827674865353758,11.97942,test
15817,19.62987800431468,19.530836,test
1457,8.016626382317705,8.035886,test
9047,8.867375425495936,8.897811,test
7466,13.195348562787256,13.269772,test
855,11.952374599635728,11.818854,test
17920,2.8137534550806693,2.7692318,test
2645,7.306222162498468,7.2980995,test
15511,9.241020641449571,9.339618,test
12510,15.265674828620469,15.114697,test
470,12.08846971905216,12.071201,test
11968,10.224564493393244,10.105343,test
17046,13.167743175959348,13.150826,test
6854,15.928423213004274,15.87148,test
16036,15.503924321073526,15.394512,test
3192,10.95693923633803,10.882317,test
4753,12.53205168425504,12.496187,test
8859,10.34609826843243,10.349514,test
631,12.866393778688666,12.4971695,test
1636,9.448162575586542,9.31371,test
2273,4.300190762617999,4.2460485,test
5055,0.9675213857643036,0.9762399,test
16744,3.4518525863513982,3.4584816,test
16566,1.9427527756843548,1.9348549,test
18378,16.391746704532842,16.28296,test
846,12.809167747736971,12.693981,test
11975,9.818548912147891,9.892738,test
817,15.797894205300276,15.719463,test
1290,5.067545993704512,5.3395605,test
2382,13.681047278945863,13.585489,test
16433,15.613941176810222,15.346581,test
12743,9.409188811347224,9.303568,test
5430,3.007130737854555,2.9888067,test
2233,8.208271911509117,8.20052,test
12721,11.088905676336422,11.065197,test
10959,14.14061456870967,14.2568245,test
9286,5.75724412035273,5.8170333,test
148,3.908849852842194,4.0562787,test
1540,0.6436445224640402,0.688364,test
19282,3.0090674403773296,3.0239317,test
13028,0.7860744992268268,0.7740148,test
1414,13.406575608856528,13.228635,test
19295,1.938171232176492,1.8780524,test
6553,5.861965671633596,5.841111,test
778,0.3394535980327977,0.37305602,test
13727,8.452391662430546,8.45351,test
59,13.808511482698048,13.7410755,test
10205,11.755092794806089,11.80176,test
4210,5.243345285724288,5.3937364,test
12259,0.7615457772600586,0.7558605,test
10189,13.891833091302876,14.007648,test
7198,0.1461814230510928,0.26220658,test
1955,17.478206544448664,17.41136,test
13195,2.5883234969964226,2.495248,test
2300,1.9098353346986408,1.8516458,test
4097,17.11523550622825,17.153759,test
18924,0.3644586162511814,0.32386473,test
10160,17.5675346741554,17.711433,test
12793,4.0071742277624685,4.0958343,test
7755,2.929825860504017,2.943012,test
7240,14.386378343332597,14.44615,test
10891,1.0742227413773038,1.0608357,test
8467,10.465915756271777,10.504714,test
3447,5.634977797091217,5.746172,test
16290,9.686989617818028,9.701423,test
9159,19.89140803526427,19.437708,test
15692,9.368492870399097,9.33177,test
10485,2.221903147008958,2.2448156,test
16238,15.546161034596858,15.383165,test
18829,9.373164062359828,9.171423,test
3906,21.134810431030303,21.15482,test
7536,5.208771671691313,5.158251,test
1810,11.626985168030036,11.511633,test
9018,11.591038054992856,11.6931925,test
15805,20.765960994738133,20.390726,test
12887,14.353667331764898,14.247579,test
3302,0.4282716216507401,0.40035114,test
5768,6.818448727684629,6.7200384,test
15978,1.36799893524652,1.6180694,test
11844,3.732655712987897,3.6571844,test
2484,2.522552558632707,2.5365062,test
13703,12.02230619363817,12.049966,test
15120,6.399189303539093,6.368535,test
17244,10.82211760270515,10.753039,test
17440,10.608743618623734,10.687385,test
12799,3.5018251849271733,3.4709642,test
13505,9.701729176170373,9.802575,test
1127,2.940946616394235,2.9339895,test
18659,7.115627024633183,7.1289973,test
12463,20.89365420013619,20.649364,test
11053,4.167202987009016,4.2173753,test
754,1.877820636133957,1.8743166,test
12835,0.5833538901577785,0.6195276,test
10934,16.462267990807174,16.61031,test
9805,12.781748395067378,12.891343,test
16142,3.698853632027856,3.5813155,test
11817,6.470096540919761,6.415919,test
4969,9.229580644183043,9.231272,test
3096,1.0628135084376336,1.0336663,test
17384,15.228320639729713,15.249513,test
5852,21.424198824784067,20.883198,test
10783,11.876787627837182,12.002999,test
8218,16.37686313786457,16.516691,test
8019,14.55832311347715,14.628561,test
13696,13.26253026582108,13.235474,test
13476,12.94055878177085,12.914581,test
9135,1.0172690007807312,0.96227795,test
911,5.89513680770075,5.7365274,test
8068,9.940857733201051,9.88376,test
9062,7.848940490578029,7.8671136,test
624,16.46811847499955,16.48005,test
13173,4.571267010465492,4.675923,test
8112,5.800975825459173,5.778777,test
8872,8.827826532844501,8.948862,test
5759,7.791214687387475,7.6782823,test
8554,1.9163545642784072,1.8193661,test
9235,11.323944366561593,11.277753,test
19008,12.173311671462123,12.35451,test
8720,3.4141371123725968,3.413088,test
3185,11.074865901006888,11.17892,test
3145,15.250924960595484,15.337738,test
18593,15.11640227018964,15.02089,test
14418,18.89306128275209,19.00991,test
18484,4.894688305409232,4.852403,test
8466,10.618734869409057,10.767096,test
7749,3.6472378604949776,3.6795514,test
9723,1.6674731152846576,1.6283784,test
10916,17.995349525682766,17.97619,test
5515,13.250852745441598,13.174057,test
14771,2.629241282613648,2.439584,test
14761,3.512294458146331,3.4535978,test
14072,15.811162468244374,15.790301,test
8740,1.738576406573014,1.6646079,test
3941,17.07873125580386,17.10981,test
11333,17.183401130713385,17.11862,test
12271,21.08854741975486,21.061857,test
4357,10.820584851957552,10.828775,test
1178,17.669387983049788,17.901121,test
10521,19.3300811950571,19.231298,test
4285,18.0451993765072,18.059504,test
13360,5.4469204508918265,5.4034553,test
18049,10.679076905179896,10.71899,test
1095,6.129298013506819,6.127097,test
142,4.640992576566067,4.511012,test
18996,13.871013167795844,13.983288,test
16578,1.060083846367304,1.0393381,test
9788,14.182419101093815,14.2075815,test
19449,6.075569089094288,6.063537,test
13842,15.895550228287131,15.90115,test
11942,14.14863937239928,14.190921,test
2906,1.3362868458207144,1.2720772,test
2744,18.860546633835803,18.7856,test
4805,6.488802361583977,6.521451,test
2276,3.981246094459261,4.0867977,test
943,2.652059709126529,2.601928,test
19148,17.06612242727331,17.154165,test
14365,3.071189780222688,3.1839094,test
7163,2.346071549381924,2.37154,test
18966,17.56709320413236,17.483244,test
17695,6.039867325721757,5.9928865,test
18327,1.3240967904300278,1.3251928,test
8320,4.400640600705513,4.5952353,test
7945,2.637801650782289,2.7445025,test
8803,17.118148476235998,17.09501,test
3546,15.344644341340109,15.455236,test
15722,6.2934904850306825,6.1909423,test
1291,5.972739451102882,5.897377,test
19079,4.468373125408166,4.4551687,test
12514,14.366105961033233,14.368533,test
7883,8.900865745378223,8.994601,test
9203,15.149938587904993,15.080623,test
13103,11.967568209362035,12.091582,test
11730,16.153237888787153,16.36246,test
9007,12.848555150424115,12.789041,test
13211,1.2257145596898216,1.2463984,test
6628,19.703639949287343,19.591633,test
19034,9.51575330946127,9.518093,test
10425,7.586620668547542,7.5379877,test
8741,1.6551990725817518,1.6080009,test
4754,12.318231730128602,12.298884,test
18274,6.155143072358707,6.305679,test
1266,8.01551375570067,7.9319415,test
12015,5.530498558132054,5.7494845,test
1212,15.277172537620482,15.286399,test
10999,9.721586770273138,9.627898,test
15741,4.491286992828655,4.440136,test
19371,15.41178467998764,15.381483,test
4082,1.4075550848895493,1.4237664,test
8178,0.3947247777121668,0.3710444,test
9481,5.755756427883059,5.694519,test
8479,9.092698762011048,9.097726,test
218,18.966404913166617,19.070894,test
790,17.313576307521526,17.890999,test
1235,11.69575666594122,11.744469,test
15400,0.3115212400539278,0.32944423,test
15679,11.275218991017873,11.364097,test
18792,12.857787383728397,12.931435,test
10216,10.498140456648352,10.595877,test
7056,12.474456968206075,12.478458,test
11849,3.337492616223304,3.3150964,test
6884,12.33821979995959,12.362072,test
12232,2.729945823363697,2.7764282,test
6776,2.93870339886734,2.9286616,test
13084,13.927019640757596,13.969764,test
3729,16.803967321831554,16.766867,test
1391,17.045425411461803,17.134155,test
5873,18.425074090767943,18.49599,test
13978,2.342359510657829,2.3782535,test
15855,14.84187572359118,14.712112,test
12464,20.79020378274799,20.64759,test
6559,5.409408522704642,5.4912577,test
4913,15.181861145996027,15.24155,test
15768,2.084493790065799,2.0823553,test
16268,12.142116513237012,12.037458,test
16726,5.0118874466017305,5.0263247,test
5423,3.763710519238599,3.721868,test
7363,2.098424820953955,2.1047192,test
14292,10.482748071475182,10.460292,test
14979,2.1299059685968302,2.1048663,test
6679,13.552070445343643,13.469823,test
3113,22.51339760304201,22.571312,test
7430,18.076023200297232,18.015219,test
19364,15.7926262364305,15.749736,test
13849,15.296272722068244,15.2424555,test
6357,6.843173941483459,6.8116646,test
14548,4.605584241595617,4.6951704,test
272,12.218512135883415,12.386475,test
18541,21.54620019058283,21.520752,test
17933,1.8939378275654284,1.8173733,test
10703,0.4606466320476511,0.42074174,test
14566,2.953203070580513,3.030503,test
8773,20.98604092077136,21.127884,test
13664,17.112108035402326,17.048609,test
11511,21.051275758566707,20.902725,test
6914,8.852749522628526,8.76558,test
11607,8.504847148790438,8.608042,test
5901,15.300786166841572,15.134766,test
6191,3.28380741187831,3.2329376,test
18023,14.265075227360152,14.335892,test
11485,1.0976919211587082,1.1060987,test
13343,7.067610777124393,7.0349627,test
645,13.530774794318676,13.435529,test
11775,11.237942970056071,11.233308,test
14024,21.06795095362872,21.062029,test
11054,4.088631195618365,3.9344907,test
13351,6.317833055420972,6.3201094,test
1794,12.530724773484907,12.6116295,test
3869,1.9445197813169173,1.9476273,test
1722,1.1622477377840863,1.1261718,test
7964,1.1138083308190814,1.1065354,test
16079,9.96932229181786,10.039015,test
2882,3.157255493534478,3.3121958,test
15709,7.91028422248796,8.115584,test
4637,2.929980823924621,2.842542,test
8977,17.53396530739426,17.564137,test
14999,0.6524231516591201,0.64946043,test
10536,17.35147294134185,17.222929,test
16963,1.949273465862528,1.9023665,test
19097,2.7715477560185344,2.7332094,test
6020,2.185525472167021,2.1163466,test
2332,15.481981531726724,15.396549,test
7729,5.630991379702245,5.643218,test
992,18.956772534679228,18.939981,test
19217,9.768802438951504,9.75966,test
9691,4.693296610953209,4.6143794,test
8251,11.487079481626695,11.428002,test
7213,16.773067704772384,16.5867,test
15429,19.019401535262872,19.144526,test
5805,3.0161909382310443,3.0729783,test
2545,19.63421316683227,19.61734,test
8097,7.090235961957584,7.07837,test
6485,14.170105567806017,14.145305,test
10158,17.747885159826588,17.869383,test
2979,12.47158611374233,12.401504,test
11077,1.9863508727362145,2.0545874,test
14198,1.5336113887819844,1.5409596,test
17002,19.32738803604314,19.346321,test
11777,10.89287494544866,10.914507,test
13636,21.13279934621521,21.128843,test
9993,13.535882703391612,13.4394865,test
34,16.571239756963667,16.687584,test
8619,15.070414984366538,15.103923,test
3819,6.671619898426116,6.609339,test
7072,11.515775955090875,11.469842,test
1902,2.116457657930916,2.1858385,test
5435,2.7366986807573697,2.73017,test
14357,3.8519196321787,3.8900008,test
15478,12.904121694848902,12.893876,test
17013,17.673591230465863,17.702505,test
13331,8.361055090106829,8.418122,test
14766,2.922291834876994,3.0131114,test
5434,2.7897532780011565,2.7762775,test
18126,2.2190262429836003,2.211969,test
13345,6.829920014459931,6.788581,test
7441,16.776703804303683,16.544493,test
14124,8.53324616035846,8.511392,test
1507,3.1103465755455444,3.0838056,test
1660,6.692415960163956,6.6366763,test
8586,17.659892304176058,17.823772,test
4597,6.63308585453677,6.6015344,test
19497,1.388388475430354,1.3858025,test
10084,3.381301161899948,3.3230584,test
513,7.414573249750978,7.3631096,test
3480,2.162626627037872,2.1162302,test
3141,17.336753517802293,17.278515,test
3043,6.105385720969166,6.106941,test
5531,9.989777284192924,10.274993,test
5558,7.778160608186632,7.7155824,test
18510,2.101758296032392,2.1228817,test
18795,14.080692416601169,14.161496,test
14307,9.136781423160606,9.19999,test
7254,14.005701456190328,14.044159,test
13679,14.52567257767076,14.553361,test
12226,3.1865245536713376,3.2066607,test
6253,18.20349270386116,18.5411,test
7709,7.769817200687131,7.823153,test
4763,11.331052551337162,11.357843,test
16981,22.451790330248745,22.382238,test
9716,2.187383088690793,2.2005217,test
3726,17.581148720533818,17.581264,test
5298,18.383791285189623,18.38729,test
13140,8.162504963505144,8.243608,test
18228,11.624342146009138,11.728595,test
15787,0.61094267992058,0.6455769,test
6525,9.314100091825363,9.455425,test
713,5.74143235038593,5.7703147,test
3522,16.26579907350755,16.007671,test
18574,17.098856327469996,17.109127,test
10276,3.99718259109593,3.9905891,test
2655,6.214049470299294,6.2045703,test
1957,16.4522614442847,16.483917,test
15455,15.56971364273121,15.549146,test
1229,11.494170933572262,11.784247,test
9150,22.49002176438407,22.7274,test
7559,3.2209269225104262,3.2052288,test
14007,0.3073313940320397,0.29120734,test
13528,8.147704690090096,8.213834,test
9884,3.612915361754547,3.5470078,test
7848,12.364879699698072,12.429873,test
13219,0.6048897311195925,0.62112904,test
7258,12.632931650219533,12.627031,test
11108,20.18199053742116,20.177704,test
18675,5.107133645801146,5.1663346,test
8564,1.1751328082630828,1.0710405,test
17828,12.501261462457574,12.487595,test
9435,9.99046096955599,9.958819,test
6264,18.37469589735632,18.239408,test
16134,4.968029971544533,4.863988,test
6495,12.92606907831058,12.931223,test
13680,14.525635689438207,14.553361,test
12110,14.244737401925892,14.024559,test
14079,14.54267950795105,14.5366,test
2644,7.317016761262321,7.2980995,test
13332,8.211388145661516,8.195249,test
10199,12.674156780419572,12.727619,test
14379,1.9376171377481832,2.0753884,test
12138,11.666416598214909,11.677742,test
1647,8.159624185680183,8.232463,test
16298,8.812375976519137,8.9467945,test
7741,4.4886188935804014,4.533665,test
9343,0.6275611399368594,0.6728187,test
10241,7.374296336046521,7.3284965,test
5166,7.968023823597223,8.0441,test
5361,10.394586419588045,10.296763,test
15698,9.272773036566145,9.299899,test
19156,17.07450232559318,17.066534,test
15833,17.480381428662604,17.401253,test
8530,3.823589958333249,3.837956,test
15235,16.025931919309308,16.026928,test
947,2.349718535966814,2.3749228,test
2849,6.763091495296028,6.564407,test
15,18.97669009651621,19.071646,test
10392,11.142325388969004,11.149437,test
3087,1.7197698129239227,1.6408727,test
290,10.142688448603469,10.305967,test
12549,10.52228348720232,10.418932,test
17549,0.8427794675110953,0.8495457,test
16396,20.506677728846675,20.557154,test
10429,7.618009611152572,7.596935,test
8199,18.869039768032486,18.980787,test
5476,19.76624952295684,19.80521,test
1560,19.28645561083556,19.337946,test
2213,10.264281392221058,10.2537985,test
6693,11.885369896976176,11.924646,test
8188,17.83665329947526,17.677347,test
13300,11.743318913034829,11.739005,test
6296,14.03832501597411,13.927806,test
1001,18.385059476331246,18.435602,test
15433,18.300722109551792,18.167427,test
16292,9.501534866546791,9.591381,test
13765,5.153525764283644,5.124789,test
18596,14.375758389508594,14.432,test
3709,19.080935007292307,19.159512,test
2447,5.632989333093586,5.7804317,test
10476,2.949460182360956,2.9829266,test
19024,10.718654553294591,10.664755,test
9483,5.326834067728592,5.3469424,test
8814,15.69270947507598,15.6319,test
6171,5.228375922923886,5.17961,test
13710,10.806197557653896,10.832481,test
4851,2.067323611997957,2.0797615,test
17054,12.482218064538973,12.438265,test
8207,15.55238408208524,15.4928875,test
5285,19.527645408748377,19.505648,test
11146,15.105989582302993,15.056198,test
6683,13.112868850418028,13.22896,test
3591,8.769872178546466,8.84235,test
3995,9.592147264459078,9.5560875,test
2891,2.313204554034701,2.5492413,test
10427,8.298086189110824,8.230584,test
8921,3.672094203822045,3.6226332,test
4482,21.140321195364784,20.988308,test
1695,3.175776575815531,3.3688426,test
13665,17.112264511973052,17.048609,test
4584,8.220389368681953,8.269754,test
10811,9.112594273614397,9.00584,test
7857,11.437268761875904,11.360695,test
14984,1.984430118392051,1.8814358,test
12925,10.79436763461128,10.622604,test
8038,12.93622891583516,12.914511,test
17857,9.134479318500468,9.305233,test
812,17.888896539444442,17.865002,test
9567,17.565744803904998,17.89652,test
15084,10.89121215554807,10.818422,test
11042,5.194136164076775,5.24014,test
1530,1.2546385798452349,1.2693081,test
15602,22.500191883760564,22.571587,test
1260,7.996956223930656,8.20873,test
329,5.8428993314935465,5.874806,test
9382,16.44477950046033,16.33195,test
17914,3.066773047862257,3.172952,test
6272,16.296621664884817,16.38922,test
3177,11.577978690307232,11.712835,test
10299,2.1013516285667952,2.1237707,test
9294,4.858584625104079,4.9088984,test
19114,1.2619945731776905,1.2737191,test
11950,11.792129091205952,11.733514,test
17906,3.906044392243549,3.9954834,test
3333,18.978299250963488,18.98127,test
8730,2.5456333617086906,2.5630383,test
6228,0.4853697236725616,0.46521154,test
9988,12.63728659916966,12.603339,test
11166,12.909788020607822,12.934691,test
14317,8.018686575660922,8.05563,test
511,7.424717074275978,7.3631096,test
12181,8.210980839201877,8.042023,test
712,5.937279513338706,5.9902086,test
15861,14.03497962086561,13.89857,test
12206,5.005426659248029,4.9818163,test
12657,19.002452700972547,18.892643,test
1326,2.221362090662648,2.2187042,test
1028,12.204962872051691,12.28848,test
13096,12.459738515315104,12.45719,test
18747,19.372229948555624,19.208473,test
18496,3.5344836116575524,3.495985,test
463,13.304574353960357,13.305281,test
17756,21.311198898869392,21.380312,test
2297,2.0732339525428705,2.182109,test
3247,4.739734119488832,4.8014193,test
910,5.654337765979715,5.7875795,test
6845,16.581943084970536,16.508953,test
5826,1.2924277995107858,1.3392562,test
8065,10.532818457449672,10.454365,test
13467,13.560748311218353,13.677378,test
13340,7.475264944393483,7.4743395,test
4081,1.4083097631120634,1.4237664,test
18185,16.848982062123625,16.91437,test
16021,15.533657738592144,15.612679,test
16411,18.1196825662078,18.056091,test
12598,5.04747962381964,4.932075,test
2851,6.267432730121694,6.3975725,test
9733,0.922285014076312,0.9113631,test
8626,12.092753167431963,11.957486,test
3610,7.018000539501244,7.0460963,test
1524,1.7254985927876567,1.6407777,test
3332,19.21723304773468,19.16231,test
7785,19.47925922819801,19.536362,test
806,17.326403759902867,17.228008,test
2721,22.422064080979904,22.590586,test
14058,17.102616261037827,17.078527,test
9194,16.2044971229987,16.115473,test
16260,12.994773091046152,12.994728,test
10682,1.8482628493531672,1.74748,test
7961,1.2677442868611564,1.3884373,test
6432,18.116471876108992,18.137598,test
334,5.511340341197392,5.378359,test
6667,15.032254576184265,15.07377,test
7350,3.203203086777922,3.1877184,test
9819,9.559891796237949,8.96302,test
7885,8.52032020016622,8.607521,test
3885,0.6275186135975372,0.6267079,test
133,5.582446803606112,5.365367,test
15571,3.03342127370564,3.0971117,test
1566,16.152913125893757,16.319206,test
5984,5.135351485261846,5.198053,test
7120,6.8059469610060095,6.6247725,test
5875,18.25294325829066,18.050156,test
7221,16.754268968443412,16.730574,test
5408,5.119492860649898,5.1541862,test
7541,5.154735953659661,5.008038,test
11866,1.820792729561508,1.8146396,test
683,8.965140885564981,8.894116,test
5696,15.363093555848014,15.3378,test
18609,12.940661312452796,12.875022,test
19022,10.352285788500176,10.29221,test
10632,6.414731430486659,6.3938966,test
19377,14.354505344606489,14.402483,test
13323,9.086328179555066,9.059296,test
11536,16.68583321030235,16.714136,test
151,3.731901601742696,3.6736643,test
12257,0.8297847367560589,0.84529227,test
4824,4.575761718929451,4.592109,test
14911,9.04581165260102,9.104734,test
18805,12.831332348051388,12.826384,test
15233,17.197666160116277,17.158611,test
8265,9.471255899650904,9.596103,test
18041,11.84341785426887,11.911656,test
15883,11.475802127148226,11.370259,test
16129,5.004513254119066,5.0604715,test
3176,11.839366220841391,12.008483,test
3506,16.84872489699919,16.904863,test
3105,0.468993968527423,0.47399798,test
1453,8.961432856107727,8.961867,test
4339,12.479029730153428,12.423283,test
57,14.206625452113702,14.310935,test
2067,4.941135171654634,4.938061,test
12336,11.578203411975572,11.524315,test
17919,2.845401347313347,2.8240976,test
17588,18.913062039041947,18.881771,test
10087,2.9280673981842447,2.9173138,test
10026,9.037829157379242,8.834059,test
1589,14.612241511464743,14.54067,test
2187,14.215843782450714,14.134155,test
2374,13.557078803951612,13.4613085,test
17108,6.227763871205076,6.1869535,test
16052,12.179102458932649,12.217205,test
14402,0.4556035614359098,0.47781384,test
5224,2.9276551211741912,2.8833585,test
4453,1.776641938295614,1.8875178,test
9717,2.0871704352051097,2.1714451,test
10614,8.082143931265279,8.070994,test
13037,19.055473801990107,19.213032,test
13373,4.193285550651596,4.1956034,test
8066,10.324840054326872,10.225962,test
12011,6.114720722695828,6.0452123,test
19426,8.368968423399705,8.277292,test
15669,12.79667394425091,12.878223,test
15309,7.891686080795648,7.9375296,test
5148,11.906019586784687,12.0473795,test
6715,9.302374829346643,9.238727,test
3183,11.69064564172244,11.750295,test
17269,8.70833825881056,8.722206,test
2289,2.8136846592851392,2.7686055,test
15100,8.343450903361092,8.368479,test
13234,18.19427178209221,18.14313,test
2497,1.4406933462000862,1.3861535,test
9250,9.597237604674609,9.776597,test
17206,14.770494610522857,14.8395405,test
7382,0.623545247587959,0.6932493,test
1683,4.418609097881834,4.4360685,test
14527,6.800685335583849,6.7953615,test
14131,8.509800053939633,8.511392,test
3441,6.053275229454897,5.955779,test
13523,8.147933177285179,8.113748,test
2898,2.061502539784379,1.972922,test
19369,15.513164747986682,15.613881,test
16790,0.2222819128683938,0.23206708,test
2642,7.340120096531717,7.323267,test
3084,2.0024408189986773,2.0717847,test
10642,5.422601166697033,5.365639,test
17417,13.622906559392163,13.509071,test
9665,7.062250934845757,7.083684,test
6747,5.825338449436117,5.838278,test
9852,7.008538518755447,6.9052396,test
10281,3.234034931015007,3.1780865,test
13706,12.021621601313344,12.049966,test
16892,9.320262458808427,9.477163,test
11218,7.224264629013153,7.225696,test
13968,3.1786383250567924,3.2344854,test
17829,12.411542533892437,12.457128,test
9772,15.253703505773926,15.066776,test
18321,2.071134179235445,2.0156095,test
12429,2.1152970758490026,2.1834424,test
3565,12.89243973264014,12.869374,test
2434,7.280169974328699,7.2626767,test
3951,15.77506257035106,15.74416,test
10437,7.15150560360086,7.1603494,test
9856,6.1475670457983,6.0646667,test
5189,6.82705115119322,6.752105,test
10220,10.23935623258468,10.1857195,test
167,2.126725733840436,2.3701673,test
2971,12.751958500263996,12.786142,test
10243,7.252719277963775,7.232565,test
5968,7.177796998530924,7.152414,test
13591,1.850224976076132,1.8033704,test
17119,5.109964925340551,5.0990777,test
2837,7.9479405836444945,7.951615,test
18277,6.0045866952842015,6.1581063,test
11219,7.100743489772361,7.1290607,test
5096,14.05515596709093,14.246925,test
2691,2.3117299221611702,2.3203506,test
18605,13.188597415640084,13.177696,test
11015,8.367909976272003,8.384058,test
14320,7.6006410322243,7.54192,test
9347,0.5683743586795451,0.57357824,test
11799,8.344132532578143,8.418765,test
8174,0.4994722319987578,0.4958416,test
10853,4.389908562865638,4.396735,test
2506,0.8475018198201606,0.7610489,test
19436,7.24102503986177,7.2328753,test
10902,0.3071003324687673,0.3083847,test
259,13.808732668188073,13.870481,test
1123,3.5470470567089083,3.463939,test
9050,9.54688322443596,9.5706835,test
19147,17.61866951260906,17.684696,test
5934,10.762182830571945,10.911928,test
11204,8.873301531829764,8.910891,test
5888,16.74257094403209,16.586359,test
5437,2.6317787370288768,2.6337886,test
13729,8.451424412310013,8.45351,test
10020,8.87427951657474,9.113031,test
14898,10.423511307883048,10.585623,test
5628,1.5334679337116215,1.472683,test
7205,16.637668072568257,16.65353,test
17031,15.75482876215466,15.7742815,test
11394,9.94324894188498,9.968955,test
1125,3.238115530896232,3.1280282,test
4319,14.361523437231142,14.407874,test
15262,14.435579440168594,14.672895,test
8721,3.286485732205757,3.2659097,test
15809,20.61031543797617,20.558348,test
4964,9.276625779753694,9.231014,test
11280,1.616309077645144,1.6002239,test
14102,12.055501734978158,12.033986,test
15850,15.369416455513116,15.234188,test
4580,9.468349001078389,9.369323,test
6294,14.423492053428689,14.230196,test
18882,3.69393204845361,3.7449923,test
12827,1.1795024203671984,1.1322628,test
8215,14.901193704563802,14.902884,test
7852,12.65225782542024,12.627044,test
172,1.926397333437064,1.9462305,test
14013,22.42152053917852,22.432055,test
13267,14.6399000025091,14.694314,test
4165,10.13450381966448,10.071766,test
8887,7.116605595496963,7.03422,test
17403,13.655780257463704,13.396146,test
16056,13.24199753129188,12.973145,test
15115,7.346797782790468,7.299925,test
12988,3.926331069120205,3.8998137,test
10847,4.766337901311922,4.6616507,test
10625,6.9221621096541455,6.9719925,test
368,2.0582054288511182,2.0809817,test
11889,17.846356437474427,17.88575,test
5925,11.92658585674448,11.976022,test
17035,14.604223728498596,14.568187,test
9145,0.4150405161099038,0.34562352,test
6807,0.5760165514442462,0.5277024,test
17897,4.837592410099713,4.9041452,test
16139,4.07796896212422,4.0935154,test
1689,3.8143716970579766,3.7644553,test
15905,9.056991279258922,8.941701,test
530,5.2832184363874495,5.305643,test
1915,1.1525062359623428,1.0930686,test
4650,2.0182792494803548,2.045349,test
1175,19.0349445702562,18.880964,test
2508,0.7335803536667749,0.68388665,test
18149,21.45742121981264,21.313814,test
10360,15.299814298591668,15.142869,test
8700,5.286338469451288,5.2800565,test
18702,2.9816760329337235,2.9931524,test
11558,13.834651557484982,13.861889,test
8118,5.037455455244435,5.051154,test
16998,18.176203558973,18.206833,test
7946,2.5693498398594983,2.5404217,test
10725,17.255638042139346,17.333902,test
1694,3.437799755105662,3.4109373,test
6791,1.8599553238646087,1.8427192,test
7861,11.9248817163012,11.874375,test
8744,1.423139189046228,1.412027,test
15793,0.4168436184826542,0.39655444,test
10464,3.974448384134919,4.0007834,test
12748,8.545765553650147,8.502781,test
5370,9.348810769516566,9.334898,test
4270,0.6488294152126065,0.6941007,test
17921,2.7845955036987124,2.7166042,test
7612,19.75020979512617,19.71339,test
5208,4.9313453991421525,4.809367,test
6644,18.023728903030268,18.013208,test
4840,3.052991918088084,3.0918934,test
2593,13.237144518430227,13.215298,test
8395,18.29986755979249,18.117746,test
7764,2.089499691860743,2.0670562,test
16682,10.175257790454058,10.01303,test
11484,1.1431109596712443,1.151308,test
9602,14.880348362874866,14.797806,test
4988,7.251838581847033,7.181815,test
490,9.706510478034762,9.710913,test
10038,7.432671320953934,7.4214516,test
5352,11.444090363245335,11.433969,test
3178,11.331942292108602,11.40907,test
13621,22.50709734880506,22.493107,test
9836,8.402793892526498,8.298292,test
16752,2.82118802674076,2.7909641,test
13558,4.915382544771949,4.992333,test
16060,11.714916379262952,11.667504,test
6888,11.02508363182812,10.989901,test
7611,19.0507391248498,19.177046,test
4248,2.10486455338384,2.1610272,test
8503,6.608323178098847,6.5133767,test
12719,11.529001646064,11.411496,test
18069,8.33861939110654,8.304859,test
14634,16.675075474756305,16.475567,test
10952,14.457103805302834,14.605219,test
1748,19.37339601981014,19.230759,test
18542,21.414695705552965,21.378328,test
15456,15.49661352345252,15.549146,test
14192,2.3494057901306817,2.3566394,test
1413,13.742993377822089,13.554059,test
12081,21.078617784012323,20.953749,test
3832,5.3735107632127335,5.269747,test
931,3.784274676041683,3.6293497,test
16982,21.957292935089782,21.816198,test
8252,11.17635416994357,11.22358,test
10581,11.933871740917208,11.914803,test
1190,15.66391899240062,15.874385,test
3619,6.214493108503411,6.1441965,test
6425,21.905976832826315,21.929659,test
1426,11.593867546967816,11.5007,test
14224,20.35031616477048,20.290648,test
8709,4.488213858653576,4.4603653,test
1372,19.275421294189407,19.339897,test
939,3.0337790707726984,3.1867757,test
3484,2.0264598208683458,1.9719218,test
3180,13.191103828975969,13.383201,test
2647,7.285153583068874,7.2980995,test
16979,0.8873461157155934,0.8943902,test
6960,3.726283124925187,3.8462155,test
17854,9.54558331804558,9.646923,test
17051,13.204347965476614,13.229083,test
14551,4.26071426257752,4.214266,test
5678,17.603186580500644,17.599997,test
19431,8.224145191367544,8.206642,test
3756,13.908786259959664,13.925542,test
10256,6.022495186784121,5.990136,test
5333,13.69851654898732,13.611155,test
15742,4.360944316625419,4.314802,test
19203,10.535424479513123,10.433169,test
10019,9.174293969136324,9.355434,test
7918,5.152362070294458,5.041085,test
4823,4.69177507828292,4.6284695,test
16745,3.320742790363895,3.3705957,test
12846,18.97549022786339,18.974136,test
12681,16.776459450615825,16.776361,test
2117,0.8827559165984717,0.854112,test
12483,18.26092666992,18.108479,test
4447,2.284976896953172,2.171863,test
12858,16.80188645074139,16.858986,test
15283,11.35998378892284,11.4194975,test
17371,17.31842416381345,17.440796,test
10582,11.651413791252567,11.639334,test
9212,14.090220378963204,13.949249,test
11365,13.044442861058837,13.139117,test
2038,7.646701860216417,7.6180906,test
9679,5.2963766528538665,5.507822,test
9175,18.439707634151727,18.425047,test
6175,4.942047077098014,4.945759,test
7085,9.55474176585642,9.810175,test
11206,8.544876419836148,8.437663,test
16577,1.1077938359743147,1.0949131,test
7794,18.47985165633233,18.511055,test
13761,5.155963274956809,5.124789,test
18160,20.118029396837887,20.06655,test
11065,3.041602135958191,3.1266282,test
1195,16.52605610727575,16.445576,test
10342,16.964965377317665,16.765236,test
17746,1.2542188706880724,1.2343403,test
10229,9.154414485419492,9.106488,test
16659,11.190842498084702,11.242932,test
2612,10.811426821718468,10.751423,test
6313,11.624431183457974,11.913145,test
16132,4.576300261565617,4.461571,test
6752,5.144289828782549,5.179616,test
5302,17.605240641654095,17.694471,test
435,17.103572939463046,17.070015,test
419,18.4080771485377,18.396297,test
3271,2.832427717459425,2.7831202,test
13484,12.575940741689015,12.590447,test
1999,11.284165557239715,11.371898,test
2148,19.788177344840022,19.769579,test
6100,13.35695807066797,13.340256,test
18490,3.801468142586116,3.773687,test
9121,2.042008168411445,2.0486724,test
2368,12.864759800802322,13.190247,test
12468,20.38409418287088,20.375261,test
11630,6.035391644704628,6.2802925,test
3938,17.094150080760738,17.10981,test
2912,0.7281123089431721,0.7876149,test
17134,3.72821872904412,3.6787677,test
15929,6.061365480764338,6.2369976,test
12982,4.929737864016294,5.200266,test
10870,2.880219120424251,2.8552306,test
3884,0.6509244621595017,0.678817,test
15012,17.12032446571069,17.286156,test
6536,7.98672991066409,7.956394,test
6611,0.8428380780075891,0.84812254,test
7656,13.939791501903745,14.035877,test
11847,3.493720043367623,3.5031276,test
2239,7.782171581110322,7.703077,test
16062,11.228171780309776,11.15327,test
17561,0.2218046542263504,0.2548879,test
14584,1.5411540126303198,1.4400537,test
16495,9.23517925021818,9.227235,test
16652,13.660574504069174,13.627379,test
10573,12.719971647233905,12.664292,test
11194,9.983030482330904,9.962716,test
14018,22.42957736324274,22.432055,test
5579,5.660097704427091,5.6862597,test
4249,2.015241753591761,2.0739338,test
6620,20.376158162489897,20.394619,test
7439,16.848471398797354,16.734173,test
9644,9.476994706768142,9.518325,test
5087,14.39930798837347,14.513436,test
16588,0.4119284570491947,0.39255205,test
1346,0.7696401761908901,0.77141917,test
5650,0.2570306216166896,0.27167037,test
11973,10.26790110964868,10.320208,test
3079,2.308719310551968,2.329889,test
8989,14.406239832882376,14.497945,test
2433,7.580608251705018,7.549535,test
11945,13.224944132254922,13.127477,test
14623,17.86605035488954,17.733538,test
14209,0.8043499769525678,0.8208524,test
10037,7.699282594001161,7.581771,test
6585,2.825565590286732,2.8059578,test
18263,7.9999252729119235,7.76099,test
6398,2.752269204393808,2.7596533,test
17927,2.046528419926616,2.0812266,test
9970,13.890719825100437,13.797743,test
4206,5.866784432467877,5.948708,test
16229,16.49549132912218,16.395588,test
17539,1.5270864809255529,1.5091141,test
14732,6.349582472816342,6.4358506,test
4274,0.3734849569713851,0.31452173,test
6822,21.08146279095008,21.19627,test
5102,15.084943429717043,15.137479,test
8745,1.3508578309377044,1.3494575,test
7022,16.893126654498825,16.83971,test
10964,13.027708361436453,13.136125,test
18143,1.3629336976027664,1.3867208,test
12475,19.392302220432644,19.24894,test
13003,2.787038592826417,2.7588122,test
17200,17.0061839624193,16.959223,test
15464,14.383845053560982,14.359821,test
11364,13.330025741026777,13.3842125,test
397,21.05522297713448,21.042156,test
6896,10.54160504081204,10.444373,test
18090,6.106018697772723,6.1258993,test
12472,19.66140768663082,19.648094,test
17750,1.127661392631704,1.0973165,test
340,4.745278570105651,4.758701,test
1182,19.20140443482586,19.098318,test
4136,12.990213187725608,13.055101,test
9180,18.418750322457427,18.459394,test
2053,6.561253070364734,6.560586,test
4347,11.82632486774425,11.856652,test
10990,10.61885964737366,10.606783,test
12100,15.13522692760782,15.0299225,test
13408,1.1921255735977274,1.1993395,test
5317,15.449528292369218,15.453898,test
15326,6.288509360978833,6.239008,test
13359,5.5745308313034965,5.5074153,test
10731,18.85587801116425,18.813618,test
5226,2.679334690643305,2.5815067,test
8047,12.173616069243302,12.181828,test
4150,10.966590123803051,11.01296,test
1822,9.967397913685176,9.922122,test
3923,18.44762844773044,18.444126,test
17554,0.3508227844527519,0.35101995,test
13308,11.139530265748297,11.143614,test
14297,10.27721047768591,10.390897,test
1143,1.7583156190354483,1.6674418,test
15926,6.183514783725018,6.482124,test
10394,10.700526521431984,10.696808,test
13278,15.008501274873158,15.272057,test
12989,3.779774502825537,3.782567,test
3881,1.117491392841223,1.1053464,test
8073,9.894522741107084,9.871253,test
10155,18.02255937691865,17.949759,test
5252,0.8681413846650373,0.8664197,test
18356,19.88593956134014,19.840921,test
16870,11.047518645523564,11.065836,test
8816,15.769274237335573,15.68488,test
17601,17.055550047663846,17.006845,test
10552,16.07308324106075,15.9986725,test
8455,12.03189410342803,12.137998,test
13410,1.0979863269548722,1.080135,test
3431,7.14686298171782,7.0479093,test
11655,3.592760938348563,3.5491073,test
6219,1.0742094958791932,1.0309839,test
15104,8.693940893566369,8.613697,test
10560,15.791958191455535,15.82845,test
12911,11.02648012663258,10.970466,test
15378,1.629751982691166,1.623804,test
17688,6.851644758067655,6.9041386,test
12190,6.517253609472918,6.4026785,test
7897,7.230661476411807,7.352816,test
10794,10.447720115262564,10.484795,test
17723,3.456195750376921,3.5499532,test
18751,17.221045865425154,17.131609,test
14366,2.9890452465550297,3.1299143,test
7629,17.129241629881168,17.097342,test
5447,1.8165883423909708,1.8323134,test
4548,11.507557577897083,11.4349,test
17536,1.7792277396938154,1.7816008,test
3642,3.9462409541279495,3.9398134,test
5167,7.771240516748056,7.890636,test
2752,18.0092435359332,18.151701,test
24,18.04021920723044,17.927591,test
4201,7.159489893427151,7.168773,test
6599,1.6943084576933098,1.6797259,test
10047,6.680333538880418,6.6608524,test
12019,4.980679540583789,4.989588,test
5022,3.554970349410308,3.5581737,test
15282,11.911919425236045,11.996137,test
755,1.7920603482326898,1.7389785,test
1381,18.381559136602988,18.401997,test
5513,14.47698641460167,14.477003,test
1163,21.34866521108577,21.307318,test
18455,7.973460191073516,7.999861,test
15966,2.2231394122838912,2.5587728,test
11888,18.36184074759486,18.343966,test
11010,8.47714535783953,8.480603,test
8790,18.963643346876022,18.95558,test
13221,0.5465316183299751,0.5671248,test
18465,6.84833983489342,6.8043523,test
9041,10.376697378454518,10.327602,test
14281,11.746428777060292,11.725553,test
17154,1.9373982006070365,1.9139082,test
11039,5.516486687560115,5.5723753,test
635,14.69625126898607,14.562105,test
10882,1.7854003082846812,1.773486,test
10088,2.782999347381871,2.8336642,test
2465,4.141393833841696,4.192581,test
16734,4.380129730799238,4.3725524,test
8682,6.8563355362344,6.847464,test
12823,1.3420126440908462,1.4541738,test
13862,13.181042792589864,13.232511,test
16906,7.51336420746868,7.4460034,test
18282,5.87004376966355,5.741563,test
4604,6.165822789130785,6.2074165,test
12224,3.395452974796204,3.4155085,test
13620,22.50695504356389,22.493107,test
15935,5.823221685443897,5.5206666,test
1892,2.9501638511976207,2.9920132,test
11917,15.873580728030968,15.822377,test
18095,5.11169696331916,5.10139,test
10655,4.120157358718406,4.11972,test
15577,2.2261788033922283,2.2714846,test
11718,17.866289582194877,17.903408,test
2367,13.214017109325352,13.480198,test
16118,6.155827824470927,6.205766,test
11125,17.59844012000015,17.58534,test
648,11.826421040696898,11.770496,test
153,3.63199605260726,3.5587664,test
8903,5.492667735496922,5.497902,test
4159,10.198861558918162,10.232651,test
9264,8.02440756014069,8.051848,test
2033,8.677865353001282,8.595684,test
17965,21.085257134671583,21.073114,test
16486,10.119301550398951,10.177821,test
9631,11.519660231047986,11.338375,test
16941,3.9696367467228897,3.9674726,test
10482,2.4335625870534434,2.4370308,test
10880,1.9663734079611752,1.9107136,test
4312,16.952576052466867,17.049196,test
5821,1.9072731953701547,1.7937472,test
14016,22.426227878190574,22.432055,test
4535,13.203483137112933,13.19409,test
3291,1.1490328064165047,1.1585176,test
510,7.429838770412508,7.3631096,test
6650,16.949122602597328,16.944607,test
10025,9.34304235099762,9.135972,test
899,6.784490600011456,6.979491,test
15876,12.009292743713036,12.24625,test
9829,8.597138857151117,8.468938,test
12166,8.952819218620137,8.874562,test
13074,15.002905219568753,15.050922,test
7331,4.86000693122234,4.931227,test
3770,12.020924865054214,12.127434,test
1916,1.0853363705845276,1.0478276,test
2594,13.220217266258896,13.215298,test
5,20.289535812676,20.347736,test
908,5.946615927106649,6.039142,test
15172,2.044252980790126,1.9672104,test
6190,3.387975050900544,3.328029,test
2776,14.93274272097866,14.895175,test
14328,6.797555319252794,6.722386,test
940,2.944052443027268,3.122308,test
4139,12.181199924370691,12.192009,test
8231,13.66786689255507,13.636182,test
13372,4.281923697002129,4.2816315,test
18225,11.84820462761036,12.11914,test
8934,2.585239881137964,2.5858214,test
12212,4.662232119003932,4.5937505,test
8514,5.530466679692657,5.4100027,test
15382,1.233441295238618,1.1853441,test
17720,3.644313363678615,3.6738746,test
8807,16.9004223058303,16.916105,test
5300,17.994590277786873,18.013075,test
649,11.44555910577636,11.267025,test
4250,1.930543341196056,2.02778,test
7836,13.737823108692652,13.751542,test
9238,11.023017439617997,10.941674,test
3563,11.391952544010875,11.513305,test
17856,9.239491821301218,9.318594,test
4276,0.3066521853710079,0.26402694,test
7658,13.670721246952002,13.597654,test
8287,8.285342154089665,8.177208,test
17521,2.920675872072182,3.0347073,test
7007,18.30770200337321,18.20489,test
1144,1.6597658527853107,1.6047783,test
4163,10.808046832528742,10.801129,test
10598,10.492538371439124,10.577694,test
5316,15.625118924388977,15.518366,test
809,15.984356196602985,16.2028,test
3015,8.810124235179694,8.881791,test
18946,20.051919624038565,19.905401,test
16415,18.891767441421663,18.842077,test
12653,21.208654446260827,21.050528,test
15212,21.08535178193421,21.07304,test
19225,9.18192154230326,9.233096,test
9502,3.570923243381848,3.5489297,test
201,20.62000856398184,20.493093,test
4,20.528094138933334,20.57188,test
11895,18.92170224113212,18.933195,test
7448,15.622988326426094,15.540669,test
17913,3.6338170455571057,3.5138407,test
11152,15.247589834950167,15.355656,test
14763,3.4147456548707726,3.0991688,test
6725,8.162466884984488,8.190776,test
10768,12.58888892619678,12.505228,test
10979,11.921360466828707,11.7517395,test
3401,10.61199153913358,10.527238,test
18758,17.708045842083962,17.635193,test
10082,3.698525221988786,3.587319,test
6837,16.612930567074006,16.676996,test
3684,0.6038051406380234,0.64158523,test
3865,2.133460908264952,2.1038392,test
5907,14.290808823257748,14.2422495,test
4460,1.3873103438009342,1.2891256,test
4559,10.340066524983412,10.270815,test
3805,8.194240586236509,8.342658,test
888,7.978980663337416,8.026642,test
17546,1.0160497587791348,1.0284964,test
15579,2.193873279272622,2.2373126,test
4844,2.703047248174624,2.685076,test
5704,14.31941486701234,14.437734,test
1782,14.261675980058788,14.150371,test
14259,14.438509844377702,14.385959,test
5149,11.388947853172,11.26769,test
2409,8.967547041016564,8.980904,test
11103,0.3785524381463734,0.3848361,test
12023,4.783089090531248,4.8151965,test
5832,1.1320628417922431,1.0873376,test
1652,7.469975897018491,7.404873,test
11951,13.201852447781857,13.26195,test
4881,19.884668777615985,19.769411,test
11481,1.2935076970475186,1.3000759,test
1549,17.726740006614445,17.565302,test
14360,3.6161050133436623,3.6085265,test
16070,10.717989071471315,10.716495,test
8209,17.621903336318464,17.609783,test
9240,10.79007478362842,10.795685,test
14333,6.222315160687596,6.170483,test
7619,18.320561122965582,18.278263,test
15313,7.959675042169962,8.00733,test
1158,0.6626796541861488,0.63724947,test
5247,1.1542109731351229,1.1829504,test
18238,10.444077501366635,10.512512,test
19316,22.272041106059053,22.208265,test
12486,18.0273481333129,17.848547,test
7473,12.045628689963538,12.245384,test
7096,8.334260224175411,8.598337,test
582,0.8341604770070903,0.84890616,test
3983,10.792765006853248,10.798573,test
4182,9.010272591535418,9.003452,test
18234,10.765280249484134,10.838325,test
2121,0.5060347855234106,0.52750576,test
7997,16.946084625401962,16.952534,test
255,14.274858079823776,13.84947,test
14003,0.3903079233669674,0.3698789,test
14364,3.331668116610837,3.2829483,test
6260,17.977970833421608,18.123299,test
2715,0.7470192266947215,0.7330413,test
966,0.8841647784069604,0.8755516,test
7874,9.772938173465752,9.844461,test
19126,20.521275831422425,20.43206,test
16471,11.36809845672036,11.431359,test
9517,2.174466386643287,2.1591458,test
8629,13.371575440854556,13.35339,test
13045,18.915552339351613,18.815672,test
11368,12.433353976982552,12.611719,test
18632,10.388972940809676,10.242938,test
8949,1.2000907761781248,1.1989449,test
4803,6.777086613027184,6.7392683,test
11545,15.811224365384009,15.827225,test
9771,15.80437477978857,15.893452,test
2059,5.603553735138842,5.6546683,test
3348,16.660283185449416,16.845398,test
3810,7.620146246629546,7.515782,test
12849,17.165582848250263,17.201395,test
4511,17.489248133578624,17.49068,test
16459,12.77980060899402,12.970683,test
19345,18.34374786618164,18.292068,test
1990,12.216962969876304,12.258585,test
17789,17.14822227225483,17.106897,test
4609,5.401359664297796,5.215911,test
16014,15.697512606781364,15.69601,test
15255,13.90473550569563,13.917354,test
834,14.616363915844833,14.473131,test
17902,4.620560109600887,4.418698,test
3114,20.889387731945444,20.817327,test
18239,10.400817161647662,10.48299,test
7562,2.4028106314223825,2.4353368,test
2263,5.238378034829055,5.1900125,test
12955,7.490279399067926,7.611484,test
4552,12.152102086420998,12.167742,test
7326,5.502296360272253,5.5041375,test
11776,11.064754433658862,11.122848,test
11434,5.64622714419507,5.703848,test
561,2.39728097691466,2.4110744,test
8502,6.679998014813996,6.5450087,test
15126,6.110375332421039,6.1359997,test
11715,18.662803105897467,18.710546,test
19231,7.842683051778318,7.64049,test
5899,15.42134798629569,15.384179,test
13796,2.266039515245675,2.2336195,test
15555,4.107536846985121,4.097449,test
3864,2.1832314312644945,2.196962,test
6205,2.09205327793735,2.1187398,test
1483,5.644989550564675,5.5577474,test
1315,3.220107822776357,3.1188233,test
5134,11.323074687451124,11.222879,test
10765,13.325422778112255,13.363697,test
12822,1.3856181749287293,1.5189513,test
15091,9.148611920913272,9.15925,test
19117,1.1314690996143324,1.1154934,test
1591,14.066690701854204,13.991288,test
12508,15.383572376516772,15.240724,test
3117,18.27755700442343,18.319372,test
4886,17.61284804777843,17.55981,test
1496,4.159950265045116,4.028379,test
4995,6.068987146581771,6.0659633,test
8419,16.03390933587659,15.967861,test
8792,18.580618360733222,18.702435,test
4363,10.730640890408347,10.801846,test
18298,3.938743249263047,3.9299035,test
19270,4.099080213387343,4.0788617,test
1583,14.84952027437013,14.80376,test
969,0.7712296278977853,0.82129174,test
8614,14.65258709716787,14.652967,test
5214,3.7782731930168807,3.7046542,test
5438,2.2125038949476377,2.2352839,test
7557,3.237017526739051,3.2419612,test
804,18.25040007590559,18.27114,test
1020,12.16886926138164,12.457414,test
16755,2.462822544743131,2.4886312,test
12679,17.570759264229977,17.519129,test
11454,3.6788613089068978,3.7268474,test
13605,0.9098882744561752,0.893287,test
10092,2.7429991033964845,2.667532,test
4227,3.864793383206865,3.9348917,test
827,14.708408556934964,14.737761,test
16667,10.72611214529918,10.630742,test
3094,1.1987781203693733,1.2394061,test
4605,5.976574094743585,6.19724,test
11683,1.1288036126411427,1.1187762,test
17597,17.81464938956509,17.825588,test
104,8.685078749834782,8.708598,test
17995,17.069887542251063,16.982695,test
7203,19.16863078060288,19.077003,test
16958,2.433754103325244,2.456871,test
17689,6.757835261690847,6.716218,test
18105,4.094308628507451,4.068043,test
7079,11.88977760763374,11.836037,test
7582,0.8356450228766792,0.88442636,test
1113,4.526861116370776,4.5900674,test
13124,9.591072958689494,9.5858555,test
16234,17.060039449673816,16.993893,test
15601,0.681060365553543,0.6735675,test
9867,5.009013382901365,5.010866,test
8973,16.123307990433354,16.38898,test
5128,14.44104393859323,14.654892,test
9470,7.136365153143239,7.0921884,test
19468,4.040608786987236,4.0544305,test
8893,6.532721821253066,6.5471053,test
8449,12.515864471920382,12.418371,test
15707,8.400983279761816,8.465041,test
17735,2.1044279207551293,2.1331542,test
8328,3.746119993901539,4.0257835,test
19088,3.607917620843992,3.6402998,test
7296,8.597018212122324,8.555237,test
14840,17.316779409695506,17.262383,test
3146,14.898649713744506,15.003357,test
6879,11.751545354642603,11.734063,test
10000,10.879318387448956,11.148486,test
9489,4.516541137266534,4.523747,test
1759,17.709530708290487,17.6479,test
15047,14.107603900151206,14.106684,test
4130,12.90829722243423,13.033087,test
10336,16.666965319404223,16.787773,test
14588,1.1473332953079547,1.1811503,test
11531,18.334918247056017,18.214546,test
7884,8.6891867751075,8.817543,test
7843,13.394119078922923,13.395791,test
1472,6.916806760324874,6.9540043,test
5565,7.438438239383268,7.3713403,test
18713,2.0910927056017843,2.0563765,test
9799,12.237675328141016,12.19697,test
18569,17.947885281119866,17.97842,test
7273,11.609896370852407,11.57379,test
4929,13.8982187251599,13.953419,test
12861,15.615507772390906,15.579294,test
1947,18.53675105479456,18.478802,test
10941,16.02078232535516,16.098917,test
15244,15.402763180158876,15.444279,test
385,1.0798806488713584,1.0667442,test
17684,7.234135753395504,7.2283406,test
15763,2.4950642795957814,2.4915824,test
17898,4.783692555395413,4.827957,test
6073,15.818886294788774,15.84044,test
3262,3.614139786963325,3.63344,test
14285,11.980624511774687,12.183678,test
1151,1.12468677762274,1.023535,test
114,7.605168479696222,7.5723352,test
14327,6.926517719209358,6.8445864,test
15851,15.261846095480928,15.100095,test
2822,9.495641535005056,9.595479,test
7644,15.472740337561726,15.442869,test
3370,14.45213724184666,14.257612,test
9974,15.479510271750776,15.381611,test
6631,19.04123461975784,19.106522,test
11656,3.517937924454169,3.5491073,test
7071,11.973442480563312,11.958442,test
16537,4.588564287124846,4.6467347,test
9544,0.304205839109541,0.27527845,test
17968,20.938405630042386,20.915205,test
8078,8.93607925890044,8.890335,test
16586,0.4561856356899805,0.4351605,test
9460,8.285815424637944,8.269776,test
9809,11.210904863276395,11.259212,test
1041,13.14901240320216,13.318606,test
18305,3.067064596080571,3.1336777,test
18879,4.137446286921124,4.044007,test
6901,9.21340814161992,9.393485,test
5063,0.4480327155348986,0.4506968,test
7995,17.74832376427101,17.776152,test
17794,17.08829076794627,17.034311,test
8221,14.757094519445133,14.63186,test
5749,8.876439879255063,8.784942,test
14459,14.060254197798884,14.168287,test
10924,17.731960134571718,17.84922,test
11753,14.052602945765935,14.086192,test
17872,7.719719611990499,7.461101,test
6094,12.996356761016935,12.906637,test
3452,4.935569482139703,4.906121,test
7453,14.517453998939873,14.8839035,test
19101,2.4920551224318155,2.4594867,test
10714,18.70478131576833,18.798069,test
15093,10.1939346009773,10.189496,test
11705,19.955508471865272,19.836899,test
2984,10.80426060093783,10.939253,test
780,0.2785471157316962,0.32231793,test
16759,2.0973215962003544,2.1424363,test
8117,5.147438461118955,5.156739,test
17374,16.19940818774819,16.12654,test
17164,1.1572299545031288,1.1039513,test
7886,8.38151781292615,8.375349,test
18053,10.60086958495216,10.654853,test
11609,8.204705363465216,8.422429,test
15988,0.6606626307968647,0.7421589,test
12425,2.471679356579978,2.4320326,test
12078,17.179253137601787,17.119175,test
19080,4.372194455463366,4.253296,test
15344,4.606729058242447,4.6212425,test
13897,10.164686634913958,10.076256,test
3239,5.380661949892408,5.509508,test
10716,17.656020416933597,17.838268,test
18825,10.390371384358126,10.454412,test
13453,16.65560513633187,16.52984,test
18521,1.2629213406265969,1.3331609,test
15475,13.083115005209322,13.061426,test
14994,1.2248004638921404,1.1678902,test
17868,7.940238005889305,8.088275,test
5595,4.4309567745644,4.48263,test
393,22.41484783163849,22.408607,test
19331,20.516843807103907,20.632296,test
13369,4.588424261890552,4.5964594,test
13058,16.563565277841402,16.56216,test
2583,14.49004490740171,14.47525,test
11375,11.935232105145904,11.902898,test
13066,15.571964448273064,15.624323,test
1354,20.94398874461021,21.03933,test
2167,16.731863845729517,16.868774,test
5382,7.994450503258652,8.01143,test
7727,5.774910006494608,5.8056364,test
18763,15.381172245964692,15.554577,test
5471,17.60152798203565,17.717358,test
4795,7.556889122437957,7.594034,test
17999,16.930443345136897,16.91509,test
4998,6.146338833028417,6.052509,test
3186,10.813828788611833,10.953436,test
8277,9.466077317671898,9.353202,test
14547,4.744157939406476,4.7715807,test
19403,11.652074860455452,11.648272,test
9292,4.979416095373988,5.055339,test
677,8.860104967376579,8.905446,test
14195,1.5416381319242305,1.5409596,test
3561,12.000770947546746,11.899459,test
5979,6.072604740444787,5.867545,test
14172,4.215219581401695,4.2336802,test
16127,5.366469460880447,5.371746,test
6445,19.2909831952337,19.2488,test
10756,14.029599518196155,13.939929,test
16929,5.054805981387875,5.0913787,test
10587,12.002560023251124,11.834823,test
2928,15.892652892443984,16.652525,test
13569,3.7932000247863984,3.7952187,test
5177,6.859261682343572,6.7825675,test
11450,4.078765680201903,3.963885,test
1745,21.111223459513525,21.10836,test
8892,6.628123551886564,6.650477,test
3012,8.030204265047606,8.307513,test
10966,14.014654355719308,14.019768,test
13012,1.991219961067471,1.942053,test
13126,9.293383338579876,9.385335,test
586,22.53310135246444,22.660784,test
16502,8.027113046520533,7.792413,test
11447,4.324104931590963,4.2741504,test
9782,13.792762831193572,13.453757,test
9358,17.04445394100674,16.967463,test
5776,5.930686658693562,5.8615966,test
17010,16.41625542351787,16.439249,test
14460,13.8482009046736,13.85321,test
6346,8.058443933334987,8.007786,test
16615,16.362788943015655,16.28993,test
7089,10.657851712172674,10.578074,test
9750,21.147353860141365,21.084522,test
14021,22.434947451774125,22.432055,test
13025,0.9630849523332836,0.98863393,test
1813,10.764894293548094,10.732396,test
14432,16.80156439147038,16.818403,test
5618,2.290286635834462,2.262034,test
9333,1.3168363531219311,1.3558758,test
15164,2.673980798594486,2.599922,test
6625,20.381599174662057,20.390753,test
18773,14.476354005404955,14.59477,test
4500,19.74733680360121,19.7197,test
3195,10.03318708258406,10.021169,test
12030,3.937478365485739,4.043129,test
13478,12.303085559975964,12.45775,test
6037,0.6989667705228908,0.74903893,test
12457,21.751155994884765,21.770914,test
5417,4.445156611907343,4.4774065,test
13414,0.942397728961841,0.9472692,test
2357,14.093532160846474,14.238257,test
1390,14.733199760578644,15.00868,test
6527,8.93300128628449,9.008938,test
6665,15.327497476497417,15.409188,test
16749,2.88446497096952,2.9279966,test
16858,12.596322941900889,12.641308,test
12269,18.21638832937843,18.411661,test
8584,19.93881103344761,20.001774,test
8492,7.731748159403635,7.618321,test
18259,8.115793284499341,8.085942,test
18499,3.0707335854958644,3.023847,test
13611,0.4698316036732386,0.4830386,test
2504,0.9757417568340246,0.92393225,test
9339,1.1809417187930324,1.1011857,test
6894,11.160012363863306,11.121624,test
7102,8.312120717909613,8.254663,test
3532,15.323660035398662,15.430371,test
6934,6.635334258698235,6.5402083,test
12577,7.185828504040803,7.113167,test
8053,12.114774200093466,12.118011,test
4542,13.295294265735697,13.19048,test
8071,10.425102088241164,10.374237,test
10324,18.93246873009328,18.92824,test
17365,0.3011808334123312,0.3085317,test
19040,8.46148410356005,8.442662,test
2040,7.309695061916768,7.37654,test
2024,9.485077345643342,9.553515,test
13780,3.1731019918197454,3.1632493,test
15931,5.981124902277692,5.9741797,test
9394,14.446112938607524,14.523024,test
5448,1.3796253856937584,1.3784997,test
2729,20.38394241859972,20.21206,test
7160,2.758919288820954,2.8037958,test
8960,18.98442160120366,19.09913,test
2234,8.05081998485167,8.107987,test
17097,7.407755042624082,7.382718,test
18646,8.351742937758493,8.280293,test
11459,3.2561012602472736,3.2159152,test
13542,6.31635779062423,6.226041,test
8687,6.942512379995436,6.9653873,test
3118,17.83543428354631,17.819712,test
17303,5.019072697553531,5.0503097,test
467,12.09971059459136,12.221197,test
17275,7.644614565667646,7.644068,test
13962,3.656668417982666,3.7171588,test
15133,5.777406672274765,5.7430816,test
9619,11.352074054523468,11.70901,test
9607,13.07055898124709,13.017232,test
16913,6.887491705283725,6.876397,test
14491,10.364821878550304,10.508638,test
2607,11.943810130123644,11.929821,test
2717,0.7411697723778344,0.7330413,test
11669,2.435892449392339,2.4941683,test
18431,9.571292618114406,9.631276,test
794,19.461040147518627,19.452549,test
16125,5.800856757774872,5.8528624,test
15067,12.044331505293274,12.098572,test
10079,3.467712049202232,3.5796251,test
16098,8.180422610123612,8.158781,test
976,17.880653197589307,17.521143,test
5603,3.806931863038966,3.8016543,test
4018,7.283269441343036,7.288703,test
11672,1.9695277849039752,1.8881726,test
11743,15.314529454364036,15.30582,test
18599,14.170174563341565,14.126678,test
8392,19.00371533771715,19.095303,test
10064,5.334363980284244,5.179552,test
18565,18.32684628326649,18.326733,test
17218,15.779136518393022,15.724323,test
3390,11.948001422460486,11.732641,test
2188,13.925548782186445,13.921062,test
16185,0.4464796315043938,0.446823,test
18433,8.98261893002122,9.361529,test
8766,22.513688844787904,22.355425,test
11515,19.40382224634412,19.41873,test
9981,15.711303926814024,15.760191,test
14956,4.096186617540888,4.2007294,test
16384,0.638860740555743,0.699667,test
5406,5.503744599773603,5.513985,test
7851,13.173012585045614,13.017182,test
13736,8.448067936890801,8.45351,test
4727,15.260014491560842,15.264547,test
10996,10.42544365222587,10.328978,test
5941,10.489351164445695,10.41484,test
2106,1.6272187370639355,1.5928258,test
8050,13.23268680634108,13.361279,test
17139,3.261373686508169,3.2621942,test
15825,18.40851240554049,18.239885,test
14141,7.382891046629784,7.376187,test
7191,0.3247303434709421,0.29071477,test
9026,11.125062855259612,11.122837,test
15181,1.2478116232809793,1.2888275,test
16210,18.494057750066368,18.628061,test
14826,19.32097972831163,19.381779,test
2628,9.54831334829334,9.564186,test
1007,14.584386174983264,14.438628,test
1895,2.9029375758380183,2.8929532,test
913,5.624413228144272,5.5841255,test
9153,21.328900927978985,21.367384,test
9409,12.181469661301888,12.175499,test
12225,3.28328882531272,3.320634,test
6284,15.721214612900258,15.500061,test
14555,4.042371504544179,3.9980428,test
13793,2.267710300712863,2.2336195,test
16644,13.75628401313391,13.729696,test
1462,8.046098219075558,8.148855,test
2185,13.104163464060582,13.205781,test
8674,7.613400098201126,7.631043,test
18050,10.65895219308113,10.701826,test
17614,15.769521606693576,15.750813,test
4209,5.383980205989801,5.4949207,test
282,11.069372137344718,10.950475,test
4341,14.390789285682429,14.557326,test
6049,16.595220706276766,17.338848,test
279,11.433447088098244,11.5307,test
471,12.084829379057387,12.071201,test
15248,14.137614571280912,14.134323,test
15783,1.005148191801455,0.97738844,test
17201,16.543217855410024,16.490988,test
1120,3.310541688399573,3.4682665,test
16160,2.251355922052301,2.1499946,test
1160,0.546107408613584,0.58650625,test
6996,0.8877494105348045,0.89863557,test
5418,4.096388688865388,4.1067395,test
2519,0.2095571549813234,0.21150364,test
2550,19.495013511896456,19.560848,test
5524,12.117017281663475,12.071366,test
12673,17.4724719428717,17.417616,test
9622,12.413047025993327,12.27239,test
19073,5.06458042045126,4.942341,test
14236,16.179290384000243,15.974996,test
14962,3.801470459765735,3.703966,test
11020,7.428791739926036,7.3980694,test
18821,9.95819231471462,9.900562,test
9625,11.45620770008512,11.416252,test
5796,3.908274878061822,3.9213843,test
14322,7.3443098580420285,7.2941484,test
5892,16.470838892756948,16.350384,test
17761,20.409504714490897,20.423212,test
3308,0.2488831770934279,0.21930368,test
16694,8.40885740834373,8.387732,test
15506,9.459268195032555,9.39339,test
17457,9.386615242407078,9.345842,test
2522,22.424488643944784,22.388906,test
4286,17.712307360286353,17.775126,test
19434,7.29942264815711,7.2655053,test
3959,14.499244598893222,14.510502,test
13181,3.818889642887018,3.9491727,test
124,6.5497778255815815,6.586433,test
189,0.5699001991943321,0.5800721,test
4358,10.667670479427176,10.667999,test
18448,8.274112777162427,8.214246,test
15057,13.08089042988946,13.079378,test
8041,13.98052376966872,13.982556,test
4870,22.46165441587626,22.577742,test
12500,16.491302004077323,16.31537,test
5127,11.357505061498,11.349507,test
3821,6.470660336323349,6.4302235,test
4074,1.4136423187065557,1.4612701,test
13136,8.252035113766409,8.229156,test
91,10.055958473861368,10.128931,test
17925,2.118062419588652,2.1861134,test
4255,1.624984102174572,1.5749688,test
5920,12.910106675777762,12.833251,test
15842,16.380598213304413,16.29758,test
16391,0.4904324694525436,0.46739286,test
19467,4.058696186600486,4.077574,test
15459,15.278252586979317,15.279385,test
3802,8.44700622789318,8.422579,test
3857,2.900964027663498,2.8694153,test
771,0.5834131847413426,0.67103827,test
11898,17.45289073184952,17.435898,test
17399,14.762794039997113,14.785625,test
19485,2.230850363452239,2.2110212,test
16481,10.27379775155836,10.378698,test
10740,18.365908822343183,18.320154,test
15518,8.240024051080816,8.215663,test
6800,1.148559148837777,1.1282996,test
6331,9.704564545490696,9.823388,test
5433,2.8432398502603387,2.8186524,test
13367,4.862291504663435,4.870336,test
6857,14.546674981365724,14.568842,test
14879,12.651734225568784,12.699067,test
8228,15.137750153703731,15.109893,test
13470,15.271023639638347,15.213749,test
6944,5.570892459764712,5.537524,test
19408,10.6380329201203,10.666404,test
9758,19.781877871568906,19.806923,test
1638,9.122992088727528,9.153153,test
7604,20.643375762079163,20.576427,test
16978,0.9302438720753649,0.97983986,test
7158,2.5611951952053467,2.5101717,test
652,12.794824359682275,12.964714,test
16654,12.68436180477293,12.673057,test
14367,2.9161606817012133,2.9370236,test
16397,20.05121790237808,20.018017,test
370,1.9804761068328187,1.9808112,test
1881,3.9925226465073607,4.0415335,test
1027,12.66421766174512,12.546921,test
14237,18.430140267441512,18.380846,test
16215,18.80091879906071,19.05167,test
7,19.641102270625687,19.447638,test
5238,1.990991422088172,2.053964,test
6917,8.125889895028447,8.095932,test
783,21.251890760783848,21.243628,test
6,20.06415448537408,20.130981,test
9900,2.0980267523164464,2.1695435,test
14519,7.492175574244279,7.5430384,test
3173,12.786464214279532,12.839045,test
2362,16.05187069807835,16.08475,test
5589,4.738397036920925,4.7601643,test
6201,2.4478088027695826,2.3992846,test
16034,17.068447289960105,17.084297,test
17258,10.057213286816538,10.090306,test
3922,19.73493513296281,19.745413,test
10837,5.718975105987123,5.755617,test
16380,1.1388462985934935,1.1191796,test
6789,1.941251194274619,1.95313,test
8111,5.969018130220708,6.0009084,test
16997,18.562903922125564,18.497261,test
5902,15.241088894020246,15.124523,test
8325,3.703143519404645,3.6083875,test
10746,15.00879573983353,15.0303545,test
9130,1.2963099389497217,1.3834171,test
15681,10.691116213904207,10.71925,test
3521,17.303456108331023,17.095793,test
9341,0.6611151161821732,0.7959854,test
18179,17.692413521774903,17.658205,test
7372,1.349359528111468,1.4174714,test
5197,5.066557619460754,5.0625587,test
10412,9.085695158466416,9.087735,test
13513,9.167456424285511,9.148643,test
11139,15.3376866758717,15.353873,test
8376,0.1915341003442912,0.2260275,test
15428,19.118594000918662,19.17652,test
9796,13.518661912749115,13.481144,test
17401,14.139922558501162,14.399411,test
18780,14.63594369621354,14.569217,test
13399,1.9029554267639817,1.9799336,test
15327,6.153773551937209,6.2426043,test
17793,16.74868592226572,16.634493,test
13313,10.11038386244166,10.063708,test
257,14.233377334516534,14.233647,test
19198,11.686836134843537,11.686527,test
7796,17.874475085176954,17.907866,test
12841,0.4421198021659307,0.45492458,test
3944,15.807782039612825,15.78038,test
12985,4.405018697259614,4.37294,test
17781,18.10632792747248,18.117983,test
17395,17.216506627471244,17.29143,test
8843,12.190304396918451,12.27297,test
2401,11.929343260849496,12.13212,test
6123,9.73737533671041,9.809979,test
8246,11.367876527081098,11.392702,test
13931,6.478727335880892,6.508619,test
4103,18.24764593455547,18.21607,test
14945,5.187197436920563,5.2911572,test
5273,21.25624144956792,21.246973,test
15269,11.93348031812881,11.940246,test
3125,17.736075002619184,17.637705,test
4033,5.128954280228841,5.1202145,test
16211,18.30306819663888,18.326498,test
16425,17.66723535748078,17.583506,test
4217,4.762584541694068,4.7534122,test
875,9.67172556012162,9.637199,test
15363,2.8455543660891323,2.8617265,test
4346,12.010978041416609,12.000674,test
8620,14.520849609660107,14.467734,test
17109,6.091129384683715,6.05494,test
12044,2.7632781841964698,2.7157874,test
18057,9.532654274353998,9.550396,test
2954,13.869882504211194,13.856162,test
8598,15.143014103065813,14.817221,test
19474,3.15006427822258,3.1341667,test
15490,11.598920320601854,11.67124,test
7137,4.357495988400951,4.3068166,test
8493,7.651974530337292,7.5187516,test
1778,15.813654300466878,15.769111,test
8489,7.989790167251561,7.9994287,test
10612,8.468930695049027,8.468782,test
3856,2.9598068509571585,2.9439547,test
11733,16.59469571822104,16.702478,test
4545,12.16599297773563,12.238094,test
6872,14.382621520102605,14.402231,test
9223,12.733829584479002,12.713476,test
19312,0.7859006675513713,0.78223103,test
11679,1.6403612989548648,1.7063556,test
10673,2.581825008273753,2.5344734,test
14838,17.58517997600031,17.621605,test
12293,17.44414105492325,17.414492,test
2693,2.2990727157077253,2.3203506,test
5710,13.19950514262954,13.21283,test
447,14.566706532055472,14.567091,test
14126,8.526439991749381,8.511392,test
6364,6.018479619542859,5.8970222,test
1951,16.481950127834356,16.653454,test
39,16.225684441838954,16.321032,test
8532,3.7194070961346704,3.6436648,test
3280,2.057732004869994,2.0253205,test
18081,7.18309371781906,7.2178063,test
2510,0.6321303540831712,0.71967846,test
11026,7.019605220137158,6.970755,test
1419,11.78994838781066,11.760993,test
12651,22.500919650075325,22.521788,test
821,16.980630965827423,16.969034,test
12112,15.974886447024652,16.109121,test
1736,21.823564127335025,21.842264,test
967,0.8459869394803864,0.8568797,test
12775,5.822800811644059,5.832486,test
3716,18.81676110661758,18.834574,test
7552,3.309391129157428,3.3840566,test
1433,11.309055361835592,11.242815,test
389,22.40656644824644,22.408607,test
10922,18.47046344249532,18.435032,test
9068,6.729149234473258,6.768644,test
17678,7.951965380372667,7.9538665,test
4011,8.410750961301773,8.39297,test
9778,16.448754819624856,16.444128,test
12135,12.243257026832016,12.283096,test
15366,2.5549499704113185,2.5943372,test
6119,10.798948413916843,10.770773,test
5831,1.158173589372948,1.0916706,test
10389,11.97496730661723,11.900077,test
10971,12.575299237991128,12.545364,test
6258,18.55205591006055,18.594357,test
8547,2.1796754085075007,2.2836516,test
9902,2.052221593612527,2.1334436,test
18563,18.81456196477146,18.839445,test
9274,6.936914163897186,6.8792424,test
1197,15.689413505853445,15.682438,test
4783,8.999286923509413,8.92852,test
12658,18.519425110367223,18.394157,test
12304,15.780462607495826,15.6786175,test
14316,8.180848485240768,8.324346,test
8762,0.3400548458091445,0.3114486,test
8004,17.20008267375329,17.119894,test
4388,7.686326578707795,7.758344,test
12924,11.150912432058464,11.160157,test
7061,13.093147995339388,12.920472,test
7337,4.4072633868670135,4.4090605,test
4393,7.515030747938188,7.571972,test
15472,13.267821224347369,13.093106,test
15317,7.150735122492978,7.19448,test
17237,12.71699297715828,12.834098,test
12532,11.99146202749781,12.236634,test
9169,18.812385579717112,18.604633,test
2860,5.683843620687204,5.364582,test
11906,17.356684989358666,17.337805,test
2377,12.301064482512164,12.482525,test
12645,0.728602506499862,0.7450635,test
17785,17.929341389851498,18.055796,test
16232,16.02081277437987,15.940475,test
10511,0.3872247285679057,0.37957057,test
14241,16.7176394656264,16.684038,test
5452,1.2438568760688369,1.2608907,test
17124,4.707473001499182,4.6503572,test
8955,1.0023656725455203,0.99894273,test
7999,16.234302289463912,16.491182,test
18425,11.515868950509534,11.353293,test
16275,11.613297599339347,11.578664,test
6624,20.61104787074703,20.511187,test
16995,19.363814258369864,19.32415,test
15385,1.0630260608883833,1.0318223,test
17394,18.37459379121796,18.436155,test
9887,3.2234768560416858,3.1710513,test
8941,1.899942070770715,1.885925,test
5705,14.124496385593629,14.155709,test
8437,14.018112616389304,13.915704,test
12361,9.411930673877476,9.313036,test
9326,2.0188779816711,1.9263698,test
9514,2.43995630603624,2.5136938,test
4052,4.096431239898502,4.1246214,test
6335,9.330803456948638,9.2300005,test
13613,0.4122309563312754,0.39034313,test
6347,7.950130866225546,7.9482193,test
10795,10.170838678194272,10.225178,test
2210,10.879230237156904,10.857816,test
2924,19.376280166250737,19.346767,test
1071,9.444534682898198,9.633964,test
3048,5.065318186789903,5.0118876,test
4586,7.799638603391576,7.931332,test
3962,14.486856129916887,14.509912,test
15054,14.247327004024363,14.140243,test
6482,13.264575235758894,13.186663,test
14371,2.6609427491547653,2.6763282,test
4456,1.5731303173401971,1.5358012,test
2513,0.4004212326605849,0.29881993,test
18027,13.169128359243643,13.124919,test
18503,2.494853230727001,2.6969764,test
16447,14.393435914692953,14.492234,test
17774,19.76586797439576,19.721367,test
10179,15.129080260614275,15.259288,test
10595,9.87242760713503,9.866725,test
14299,9.916600992805428,9.884166,test
19149,16.584269596508562,16.575653,test
7747,3.7611189156925366,3.7546003,test
1295,5.128468437426883,5.045586,test
3525,14.900793506857054,15.3055525,test
4953,10.521008815238623,10.4599085,test
2789,13.453411055605846,13.379894,test
15293,10.209819175479636,10.257146,test
10808,8.551123193133005,8.343206,test
666,10.174343506413514,10.073614,test
15678,11.60380858831762,11.662789,test
1099,5.226691751118619,5.3124995,test
4303,17.12608143716185,17.196396,test
15958,3.0801613668744774,3.2058697,test
751,2.14657644008034,2.246179,test
16437,15.532061459554216,15.645921,test
4791,8.197929396549396,8.119424,test
17388,16.67023959410252,16.597467,test
11500,0.3468222542746151,0.3625961,test
6208,1.876494280698919,1.7959739,test
3131,19.75856463200782,19.810719,test
1584,14.291643486496802,14.322855,test
7445,15.718620979228794,15.842929,test
14636,17.531905221794577,17.638435,test
12683,15.35660333306676,15.519197,test
3963,13.257916986186494,13.2163105,test
7518,7.315434710079304,7.1898003,test
14779,1.8858133625306444,1.724026,test
17798,16.07033012408462,16.075048,test
1505,3.360797690225187,3.2873,test
6986,1.614176386067963,1.5700568,test
11284,1.1798922967690966,1.1832775,test
183,1.1377789663540891,1.0544518,test
12333,12.47120135931386,12.341889,test
540,4.270137038326553,4.257456,test
11132,17.717696413557064,17.628984,test
7523,6.29996231245173,6.4078193,test
8055,11.59816135163637,11.555392,test
6137,9.09014063473404,9.150569,test
3932,18.395455293265773,18.447563,test
14511,8.234982181435418,8.258317,test
11702,20.830561435679723,20.758982,test
8917,3.944583048244673,3.9495232,test
8780,20.284270444627147,20.323069,test
9834,8.956715953519284,8.832275,test
12417,3.142298883308805,3.1022947,test
5551,8.111188022808278,8.356254,test
3831,5.461625488373507,5.4504156,test
7330,4.980363607168244,4.992054,test
6127,10.225170275541954,10.292004,test
14075,14.548139896481588,14.5366,test
5881,17.78376664711423,17.71054,test
14906,9.497396002529094,9.584813,test
1325,2.3467182700018023,2.3042638,test
3595,9.10441295450461,9.194642,test
10212,10.764130590627843,10.747503,test
5572,7.201461719332113,7.149591,test
18472,5.268711299954671,5.363219,test
17710,4.6085501182088855,4.6418643,test
11385,10.829601128912566,10.769124,test
6328,10.10924067308682,10.093745,test
3378,13.210422269696505,13.281026,test
11841,3.97705663291845,3.9699883,test
16294,9.564104228286787,9.621287,test
10447,6.039014397705709,6.0350327,test
11697,20.654651827613847,20.677935,test
3913,19.79340420564075,19.765043,test
3476,2.8131153914027203,2.8156302,test
11405,8.647288035460898,8.84591,test
16599,17.11048916102797,17.264692,test
4858,1.5977275138015865,1.6534936,test
454,14.55003449717973,14.567091,test
5034,2.510499924301746,2.55179,test
9111,2.9287106575433475,2.91392,test
3132,18.530123571305943,18.463625,test
8063,11.000039952673912,10.963474,test
13338,7.824165135554346,7.886267,test
15716,6.583386791585316,6.5134196,test
9866,5.183229911638472,5.145911,test
2070,4.579583633512721,4.651092,test
5910,14.128196991805956,14.142148,test
8703,4.791776760147164,4.828864,test
10896,0.7924628060733943,0.8290701,test
13455,15.282558425415688,15.059754,test
18467,6.374244880806332,6.3330636,test
12555,9.499247255943729,9.603173,test
2344,17.378332231076815,17.133762,test
12534,11.906510150591073,11.877473,test
6851,13.936438632430056,14.053736,test
6455,17.993255393075472,18.102274,test
15017,18.66202138980537,18.529116,test
11577,11.82675448634561,11.974811,test
9872,4.890373194684659,4.8785734,test
7906,6.320322341403273,6.3866053,test
4120,13.863810149785271,13.977835,test
4868,0.9112217387663712,0.9318932,test
13818,20.346111773254385,20.156212,test
6279,15.858678670942751,15.902941,test
11852,2.9318288575193425,2.896939,test
12946,8.29748203519408,8.305087,test
11367,12.602091450273049,12.798893,test
9623,12.084698430257228,12.040809,test
4716,16.738800789035725,16.761068,test
18098,5.075593809718693,5.099944,test
15040,14.481946629976932,14.604728,test
3395,11.312157074033898,11.299505,test
14359,3.691489124105333,3.701643,test
17032,15.461709500587844,15.434397,test
7965,1.0706332459494634,1.0695051,test
16976,1.0180058850412954,1.0057999,test
14112,10.84710628272181,10.852968,test
7003,20.73420085530585,20.761267,test
2266,4.989055472299572,5.0493884,test
4800,7.228191510458738,7.1739864,test
18926,0.3130285569084924,0.27810046,test
5141,11.5422902648897,11.660001,test
16476,11.264880136384049,11.282524,test
6386,3.79923541339682,3.710823,test
12104,15.654344989497249,15.778384,test
14774,2.508605240133603,2.3995743,test
1193,17.41244767329956,17.31034,test
433,17.104810482464952,17.070015,test
11452,3.8929026993203046,3.9656188,test
8867,9.411319438933097,9.452243,test
6305,12.97301085674468,12.851503,test
13739,7.318062061297744,7.3222494,test
16523,5.899331799301214,5.738241,test
18289,4.908078727794331,4.9072,test
10329,16.694058902594175,16.704657,test
2512,0.4387695549131477,0.32081077,test
4061,3.1327589970399936,3.1639202,test
9430,11.90475392320232,11.940496,test
12540,11.656588571782732,11.414907,test
19455,5.11226856359797,5.1064425,test
10301,1.4930100768671442,1.4797454,test
4547,11.698164262530131,11.788155,test
5498,14.56532362223581,14.661264,test
16727,4.8651928615397,4.865894,test
14206,0.8103404534484414,0.8208524,test
7645,15.322798294695902,15.333935,test
11925,15.526462266580827,15.541126,test
12448,0.7692366815241009,0.7893832,test
13576,3.0545644922234083,3.038189,test
3211,9.090475550186037,9.075025,test
8107,6.10688054695374,6.086179,test
7976,0.4215262025376523,0.41405147,test
17966,21.03520141846804,21.073114,test
2093,2.6927577634644577,2.6398563,test
18073,8.275196167810686,8.249992,test
18291,4.863826110735879,4.7594194,test
5362,10.269882067392553,10.172496,test
1786,15.348261250362295,15.486105,test
13005,2.5491580208284264,2.5428944,test
6443,16.805031296769165,17.023806,test
7869,10.138808497467585,10.268604,test
8953,1.066943445456007,1.0522534,test
13172,4.680815385815882,4.7064195,test
3044,5.8542509396586,5.885359,test
10282,3.1927482360256394,3.15891,test
18969,16.54326639420054,16.672966,test
4654,1.624415958829541,1.5602518,test
14471,12.553046000940952,12.638239,test
1891,3.0780676516635546,3.0967522,test
19415,9.561440876371938,9.54136,test
6998,0.7904673027189214,0.8434267,test
16919,6.036193111378066,5.9200516,test
11330,16.28700904927932,16.28835,test
1950,16.927694137825576,17.080673,test
15299,8.896022126120252,8.81339,test
6489,13.02554335699109,12.888151,test
10820,8.23936869400547,8.182775,test
2885,3.0203654047635866,3.0833414,test
10535,17.86868112199233,17.688143,test
13890,10.52543775760331,10.473349,test
18020,14.34321162180158,14.431632,test
4583,8.480393677551051,8.458331,test
13752,6.216774902662146,6.2095876,test
1651,7.603711147314544,7.5150094,test
18818,10.76266238986368,10.666966,test
18058,9.513804182094807,9.468213,test
12456,21.86856507603238,21.848131,test
12120,13.319737129456168,13.040407,test
8452,12.131631866408007,12.1035185,test
12376,7.195281988447258,7.147335,test
8794,18.207365296985444,18.416866,test
8167,1.0027732601051378,1.0084391,test
11546,15.519456851874224,15.51711,test
78,11.580782882749151,11.545338,test
7670,12.230058803920985,12.360277,test
8954,1.034360215575178,1.0189577,test
9526,1.4977206479349248,1.4469224,test
2103,1.8487723574599888,1.8824377,test
3530,16.25476170473206,16.149645,test
18118,3.10264196388596,3.1053061,test
2431,8.31270277451062,8.380909,test
12754,8.105892211537123,8.208436,test
15591,1.3686884115684577,1.4156836,test
1839,8.505956720923395,8.37301,test
9114,2.627883800571954,2.6354616,test
16054,14.456472035424513,14.693499,test
6804,0.6396807222676701,0.645206,test
2939,18.631193109229688,18.620588,test
11377,11.524994965214107,11.517385,test
13222,0.5193467087156942,0.499233,test
8301,6.198630789356832,6.3694973,test
9288,5.643364795141515,5.603806,test
15782,1.0555487877584588,1.0376068,test
9776,13.339559576785186,13.770485,test
12405,4.311689601058781,4.2969375,test
10001,13.132938976373604,13.22875,test
12770,6.22377634170843,6.1569166,test
6210,1.7389758968875586,1.6743469,test
13094,12.842281174104842,12.841898,test
17550,0.7921325248161745,0.7983908,test
9669,6.248969323341817,6.4720635,test
16138,4.228096623313173,4.280772,test
7321,5.780547958257172,5.8738923,test
3789,9.926530529799104,9.947991,test
4799,6.947562803324019,7.0528684,test
1018,13.13383092104694,13.267226,test
12451,22.4599167796826,22.738861,test
1844,7.397812490880012,7.4807544,test
19427,8.338659480621521,8.271813,test
6583,2.9916657503663733,2.9895983,test
17493,5.331820644056222,5.190326,test
11093,0.9522349205212808,0.85532457,test
2427,7.52233709911939,7.554177,test
3078,2.412647990179803,2.4008331,test
12130,12.369326637725216,12.201228,test
6543,6.844720632012463,7.122331,test
15676,10.647687985315422,10.697164,test
14256,15.3255602857785,15.383426,test
10850,4.892774225209397,4.924403,test
9892,2.940822367335928,2.9218607,test
14579,1.8384773060286712,1.7064362,test
7257,12.934327339347384,12.897646,test
15408,21.671846812484564,21.802597,test
10293,2.262303043067565,2.2733293,test
13063,16.36763548455507,16.367321,test
13889,10.730243379310329,10.700146,test
7845,12.84713170331088,12.873402,test
4204,6.274516093143774,6.337493,test
15298,9.03851701239988,8.966849,test
11649,4.209502356849415,4.363947,test
19074,5.010788869865527,5.023792,test
19491,2.1561625996245946,2.1552315,test
5183,6.757766258047107,6.73581,test
3234,6.171259003440835,6.2091165,test
17155,1.8739192936541769,1.8337929,test
14808,21.21547292914291,21.14673,test
12282,19.20923148151256,19.150785,test
14247,17.10041985884264,16.986097,test
4576,8.820546535923352,8.926777,test
4656,1.454754209004225,1.3532858,test
6883,12.709751915517792,12.7271,test
17610,15.99045908088009,15.926257,test
9077,5.928282537910192,5.9590387,test
8689,6.4789595269487785,6.4404364,test
11203,9.063660029815146,9.144362,test
312,7.728627413446722,7.6507597,test
6075,14.528824939585432,14.392283,test
7227,17.105457112496616,17.02256,test
1597,13.980894001149368,13.894419,test
7292,9.575870199413648,9.687075,test
13686,14.52544492326502,14.553361,test
6469,15.29011227336691,15.34722,test
12972,6.009667364803953,6.174915,test
3744,15.55778673159017,15.484775,test
2439,6.201456613516248,6.244457,test
7969,0.926780829261921,0.87707317,test
4449,2.1707842114094897,2.0278323,test
7168,1.8123920588963824,1.9136496,test
14219,19.179239265025544,19.151913,test
3265,3.2114308510397964,3.2471244,test
5287,19.099574265372866,19.187803,test
9708,2.78266123903439,2.9106746,test
7587,0.8022006456196872,0.82531387,test
7731,5.488581890575583,5.49504,test
6390,3.562992254125301,3.5997555,test
8951,1.132848995467375,1.1323118,test
13352,6.197054267714571,6.1531563,test
1979,13.4350549207177,13.430997,test
6134,8.53586740959054,8.734953,test
4043,4.109836415334395,4.1246214,test
5114,13.166674336744922,13.205525,test
10018,9.481996619343516,9.534483,test
16986,20.08637284314597,20.018047,test
14015,22.42461783911586,22.432055,test
8146,2.5568008169494165,2.5886612,test
18988,14.499627563822678,14.627165,test
5094,14.862221976195324,14.762474,test
14552,4.164534264396725,4.2344174,test
1903,2.0109218366536945,2.0807285,test
14867,14.10977661953448,14.157661,test
5170,8.690349123358946,8.905588,test
1791,13.547712312208516,13.525932,test
6220,1.025272567217666,0.9440792,test
4867,0.9575852127524798,1.011629,test
16265,12.796504916370711,12.766133,test
12766,6.73844428608705,6.725383,test
12566,8.324629108999149,8.442497,test
7149,3.893988426125688,3.8657465,test
4128,13.437831671606128,13.535412,test
518,6.348814888587781,6.344049,test
17795,16.667920994160006,16.837961,test
2610,11.897867155288065,11.903396,test
10702,0.4886666085772326,0.46647778,test
18815,11.60043203470486,11.461341,test
15101,8.173262006797147,8.2012415,test
13747,6.219699925706661,6.2095876,test
9741,21.4170841090695,21.154083,test
14949,4.911309435499196,4.935119,test
19063,6.046100896331554,5.958976,test
15136,5.1340270374867485,5.1764555,test
6436,20.07634080923457,19.948647,test
5264,0.2054612895277273,0.20479459,test
18417,12.009655758520742,11.97381,test
8349,1.8109555897155432,1.8492467,test
6933,6.839551584273674,6.7492933,test
8881,7.817982256133177,7.7658253,test
2897,2.090180522010629,2.018803,test
16420,17.129335149812775,17.18224,test
11858,2.5326863308154515,2.5725336,test
9549,0.214712287268822,0.20276715,test
413,19.727466575270658,19.7503,test
8172,0.5593032722343216,0.54512054,test
17138,3.3527101640511607,3.3129578,test
18202,15.0509894755005,14.883976,test
7936,3.4424183223656883,3.4404185,test
8036,13.445746030573115,13.409505,test
8627,14.489638307820544,14.544009,test
864,11.051124082254804,10.919705,test
14177,3.26911329630104,3.2897835,test
15471,13.92323212911015,14.003934,test
3742,14.97729624438382,15.119602,test
9163,20.0892879068814,20.07452,test
7033,15.398235130795014,15.421433,test
8971,17.00365030592603,17.135614,test
14789,1.1273088096759432,1.1110831,test
18349,19.4617077057448,19.457283,test
16321,6.4402881736278825,6.411957,test
10543,17.792973651069843,17.756842,test
12616,3.133355962190731,3.1419034,test
1171,21.08287971610027,20.957968,test
1971,14.01404920026369,14.054012,test
15140,4.5377200446290695,4.5566325,test
5798,3.7941314862713575,3.8130796,test
1102,5.7665271224173225,5.8388214,test
3909,21.11283378911547,21.154545,test
1596,14.246768101808266,14.231171,test
12132,13.6219130902605,13.647079,test
9563,19.47838001425696,19.393568,test
2585,14.45294928235194,14.472499,test
3151,16.139934818155105,16.101831,test
17864,8.37456208616954,8.416369,test
14633,16.852654850769024,16.933458,test
3534,14.083210704579091,14.309555,test
8593,18.723528400200127,18.697693,test
10537,16.86554519785038,16.725134,test
4242,2.802141273769607,2.7049751,test
12627,2.232144417444952,2.2252922,test
16947,3.390829572167717,3.4401634,test
7295,8.806322195781004,8.708889,test
16837,15.094206336756075,15.252117,test
14053,17.104243130498052,17.078527,test
2021,10.683895793143035,10.957183,test
13033,21.42452341141676,21.273354,test
10466,3.789428033997327,3.821106,test
6564,4.880919588956353,5.112003,test
9550,22.46584399448643,22.261463,test
7547,4.192496767832862,4.218645,test
14127,8.523068600074343,8.511392,test
5129,13.774786156891627,13.74879,test
10855,4.0991945227218505,3.9936426,test
15553,4.158738484480772,4.1036606,test
9714,2.395602995636443,2.4053166,test
19190,12.170040179874649,12.1493225,test
14773,2.5467126070261465,2.4845912,test
7609,19.49686188158842,19.459467,test
4070,2.2316538748968204,2.2371733,test
17381,16.132401746027902,16.349813,test
7633,16.915107314346134,17.027164,test
6318,11.275314089049797,11.223793,test
8293,6.805820229847099,6.833652,test
14987,1.3927693944546122,1.4003084,test
12117,13.803353985314551,13.694522,test
3693,22.429772961491263,22.412926,test
8348,1.9038585968428776,1.9573551,test
17935,1.30542400655729,1.3312591,test
9078,5.782414189265339,5.8048115,test
12687,16.350252681993524,16.35229,test
5198,6.011562203671188,5.874544,test
17257,10.358021077364551,10.357668,test
17624,14.48101916128536,14.503315,test
19189,12.457156305358152,12.280446,test
7468,13.145413379219212,13.070008,test
16454,14.450796573187011,14.408801,test
3835,4.9660676608018335,4.9992576,test
1471,7.117234019812248,7.1559405,test
17532,2.043368019426188,2.0111778,test
4409,5.659471319248906,5.652594,test
5777,5.851803157801212,5.7372,test
15853,15.049797567113478,14.889739,test
1669,5.778186135408887,5.7733307,test
2787,13.641244147679023,13.597642,test
3975,12.006458090002903,11.966204,test
18614,12.011220853487998,11.977864,test
2605,11.974537338128188,11.93733,test
16899,8.080073790582201,8.216493,test
17984,18.430135932044653,18.341913,val
17427,12.56949686610065,12.476664,val
6950,4.622696408522965,4.7223625,val
15900,9.350378046171812,9.395015,val
15254,14.297943559604157,14.371712,val
2956,17.089246825547228,17.06546,val
5588,4.890252385802145,4.8711414,val
16687,8.733069990669652,8.696101,val
1940,17.78961635725951,17.889029,val
2229,8.867768106238593,8.875038,val
19057,6.750376253230336,6.8047543,val
5350,11.715580842353086,11.7092905,val
16784,0.3934413788709982,0.3525446,val
2549,19.522831045336385,19.560848,val
5056,0.9256334827526668,0.95513415,val
13250,17.931023508031217,17.764147,val
18673,5.906525498637525,5.95168,val
13751,6.217358547494603,6.2095876,val
1581,15.44257150637042,15.447539,val
7374,1.233027840100788,1.2676128,val
11740,14.970862514834328,15.108564,val
11985,8.711317840390555,8.663758,val
5169,9.064129308180416,9.163811,val
6827,17.594997031456003,17.460787,val
14157,5.247185186394008,5.2187467,val
4412,5.682633362581513,5.683916,val
9233,11.547887302678395,11.507848,val
5469,18.89229954200128,18.951006,val
2016,10.042234914459506,10.053142,val
17850,10.038824037678715,9.9652815,val
10946,16.472190670802927,16.44184,val
3611,6.835703614856649,6.795994,val
14083,13.303340743648524,13.280719,val
2265,5.093482505209418,5.1708283,val
10327,17.49836249147918,17.700325,val
6277,16.325443596551416,16.253242,val
17245,10.61251708493867,10.580343,val
5310,16.70285138966601,16.730648,val
285,10.834434236084304,10.708912,val
10616,7.715644587125291,7.76391,val
12912,13.15957939526944,13.256755,val
4215,5.092329882831056,5.066408,val
7513,7.389316696355891,7.5814204,val
18287,4.962811250796471,5.0115566,val
10508,0.4752025516790272,0.45606455,val
7610,19.27292092524572,19.340874,val
16490,9.32554208421085,9.444128,val
11880,0.9178136803275692,0.9717928,val
12607,4.068031607056338,3.9463277,val
15913,8.054856781955397,8.026304,val
2907,1.313235285174425,1.2742057,val
6886,11.649339795103652,11.576586,val
4861,1.253561139331283,1.2509834,val
1872,4.789792093765743,4.7606196,val
271,12.3290949495118,12.487972,val
3765,12.882312380438334,12.919257,val
11793,9.213933845925585,9.283715,val
7469,13.120548002688668,13.030158,val
9686,4.858087714486441,4.8954444,val
5144,10.370441232872766,10.342283,val
17847,10.27462804536301,10.411897,val
7596,21.424948204154703,21.390354,val
11168,12.480602053752786,12.517354,val
13432,17.023469412235418,16.620213,val
8155,1.82117799013082,1.8450714,val
18163,19.89060316821942,19.873722,val
5112,14.123005854659027,14.285191,val
9455,7.944039765259757,7.9861197,val
13622,22.50723989085805,22.493107,val
16016,18.63968929339877,18.537079,val
10115,0.8419684796798632,0.7985729,val
12511,14.531123267474928,14.79337,val
514,7.409551930246815,7.3631096,val
1196,16.10187044617561,16.025257,val
14509,8.548458349952822,8.52756,val
14812,20.63088323602668,20.710432,val
12669,19.27005209972258,19.265575,val
13023,1.0899976817408863,1.0942799,val
6314,11.891509978569951,11.62587,val
8808,16.72182558252687,16.719742,val
7307,7.36590865139209,7.4048386,val
9247,9.993383728699808,9.9363785,val
3656,2.8248113744954324,2.7909362,val
2978,12.86640117264698,12.859134,val
6545,7.031326308351955,7.030792,val
2384,12.51229914999679,12.376939,val
13824,16.885103376167073,16.918316,val
6378,4.6615128632518985,4.614056,val
1109,4.334300927688058,4.408617,val
15480,12.78554597850463,12.8754635,val
16279,10.892583952618647,10.872849,val
16887,9.510217129297832,9.370293,val
15786,0.8621803018291841,0.8835448,val
1635,9.624798800244642,9.884427,val
17578,20.21893147837998,20.182121,val
4302,18.07025249299031,18.121899,val
17319,3.614576759627214,3.651093,val
19220,9.05020046986044,9.053328,val
2416,8.738737251632172,8.703819,val
6970,2.87126885209838,2.9393687,val
15370,2.288259498352093,2.263946,val
8440,13.535287055457944,13.431113,val
7520,7.287694930130186,7.0802402,val
11725,17.384328066353195,17.379322,val
16285,10.444812389270965,10.581603,val
18647,8.310599178243343,8.230906,val
5231,2.488692282555088,2.4199624,val
7623,18.22242539633944,18.246769,val
16636,14.005128416308594,14.049225,val
6176,4.806513854667123,4.800169,val
18850,6.985959689520564,6.8253107,val
2596,13.186433040929938,13.215298,val
10554,15.224129156096971,15.22681,val
6059,19.12811494464101,19.2526,val
2993,11.96295500454574,11.875494,val
19370,15.461807207004355,15.381483,val
975,18.71365116012901,18.470638,val
18243,10.26007785178858,10.013062,val
14129,8.516390415430962,8.511392,val
18972,15.921566613059516,15.665419,val
3123,19.715827991956093,19.536963,val
18699,3.0434389998536617,3.0653512,val
170,2.000195561404851,1.9852216,val
14387,1.2472695441394912,1.3446193,val
6991,1.2714890346114909,1.378827,val
11865,1.873193144981599,1.8843663,val
5060,0.539157064946267,0.51530254,val
1677,4.962670478165812,5.087655,val
1961,14.862316689214085,14.815437,val
15950,3.9798427718665934,3.9485292,val
10627,7.284331211417317,7.236289,val
3324,19.98409994550492,20.070053,val
11874,1.140478488304436,1.1378757,val
6816,19.17660251320953,19.002512,val
5049,1.270263467697438,1.3569626,val
12649,0.7061562085086077,0.6322322,val
4909,17.068272324929232,16.95453,val
16807,18.37153042426345,18.548836,val
3055,4.631416306545827,4.647025,val
14709,8.71510974889181,8.778082,val
12571,7.354617607848564,7.89251,val
8582,15.678703309451729,16.218788,val
9080,6.120354901259556,6.1635895,val
8332,3.1885177716181445,3.1600008,val
19239,7.183117829193631,7.1508293,val
15509,9.32788721079898,9.351626,val
18936,21.287727509068805,21.17295,val
19085,3.88474463253886,3.935483,val
9109,3.009536640832781,2.987956,val
10291,2.325847919792756,2.2874892,val
18397,14.40736214795767,14.30491,val
14429,17.46485270207453,17.491264,val
14261,13.924774530362368,13.88085,val
16841,15.761176706341136,15.738745,val
7446,15.686649149524024,15.707495,val
11279,1.666845687009131,1.6259729,val
1870,5.123510083133927,5.0828004,val
7025,15.89717675130511,15.918502,val
8153,1.951925753714884,1.9996715,val
2781,14.52725843855729,14.691395,val
18903,1.90290659193197,2.0549085,val
17961,22.139556819697805,22.1904,val
12114,14.642128109863854,14.701134,val
10656,4.01132709050285,4.0376215,val
9224,12.606353929497509,12.626929,val
15974,2.0698794366745576,2.048999,val
18887,3.470401606514025,3.4514124,val
17433,10.972835041395188,10.900183,val
7279,10.047830931473449,10.0002365,val
14378,1.988597967586532,2.074559,val
9494,4.206924901618828,4.293942,val
17674,8.3747642251545,8.258245,val
13148,7.017569372041717,6.9639215,val
11647,4.384343901321304,4.402269,val
18257,8.193377196884615,8.277129,val
5088,19.74709673180676,19.709177,val
228,17.717323368674137,17.881699,val
13762,5.15535304083191,5.124789,val
14641,16.1551467777472,16.18104,val
3817,6.876114017825118,6.7735467,val
2136,19.65150224358789,19.676373,val
18168,19.02748815547488,18.948633,val
6580,3.287101538438024,3.2750013,val
13142,7.780845786958757,7.862426,val
10798,9.563925358004989,9.812175,val
842,14.036553882298405,13.727639,val
6358,6.748519088532879,6.7305174,val
3368,14.358173086008073,14.478288,val
13693,13.262919966034278,13.235474,val
8241,12.576641410998128,12.538484,val
2767,16.014772288419234,15.817547,val
1061,10.655168184601756,10.761305,val
11091,1.0262331478705062,0.93344283,val
18928,0.2636951817861491,0.24341486,val
956,1.6082132517266414,1.6100445,val
5486,16.660484167053454,16.651714,val
18676,5.077737162897403,5.1397634,val
14797,0.4878567717447455,0.4903636,val
917,5.097712526719616,5.193443,val
16935,4.544145754121554,4.582097,val
3825,6.007125782251448,5.9783864,val
16943,3.7724959674299865,3.7723432,val
349,3.8273080951495975,3.937648,val
9431,11.333392397555496,11.305263,val
4174,9.375118049884511,9.291159,val
8876,8.358563449319275,8.343107,val
16332,5.377430760784212,5.170599,val
18124,2.233758338084608,2.2127266,val
9242,10.494773447509257,10.402777,val
15461,15.133510309651966,15.277197,val
19033,9.15648390132258,9.116096,val
17247,11.529191268724658,11.591018,val
5956,8.353401280406741,8.528893,val
15391,0.8281100139603286,0.79704976,val
14181,3.255377513990409,3.2897835,val
9129,1.4803221460128697,1.4640824,val
8161,1.29174622827274,1.3731974,val
17431,11.36058252240639,11.456385,val
13152,6.718241319227626,6.814352,val
13065,15.802118318333108,15.787673,val
483,10.873203944573106,10.890066,val
17873,7.67480028703962,7.185691,val
8576,21.144292348048,20.944412,val
2096,2.40915390570679,2.378178,val
9027,10.866753840112592,10.844009,val
4049,4.100865567766332,4.1246214,val
4413,5.456072656051698,5.465961,val
5093,15.383064796751963,15.205198,val
13759,5.1571854504592025,5.124789,val
11378,11.365633821108094,11.266841,val
10232,8.431595049433664,8.446947,val
7509,8.414452769004676,8.300689,val
13239,19.73011023555832,19.596645,val
3990,10.771023594094869,10.780604,val
11890,17.346179844351585,17.544498,val
1387,15.89626971486269,15.763476,val
5005,5.102064454549175,5.1226034,val
3034,6.921428379431359,6.9781203,val
19495,1.4082482718586142,1.3858025,val
3855,3.019632657477106,3.0169814,val
9558,18.207864825676964,18.438345,val
10633,6.260666264183839,6.2184067,val
3497,1.1667813306916994,1.1810648,val
7346,3.59130603052856,3.5954258,val
14538,5.596066017156764,5.5720706,val
10519,20.712650435272423,20.437204,val
15652,13.963038649047247,13.972004,val
17428,12.17785998328536,12.153072,val
11460,3.189925325673228,3.1341083,val
13508,10.44566122277208,10.506517,val
14438,16.598931331813795,16.622616,val
17808,14.872513056578834,14.798183,val
14189,2.3587603914903625,2.3566394,val
1858,6.524685758382377,6.5491657,val
5058,0.6086987953031822,0.57146233,val
1358,18.992883460756826,19.207472,val
6276,16.561401012895523,16.501194,val
17893,5.582865301350576,5.323779,val
3203,9.521072868257198,9.433235,val
17256,10.737807078340404,10.885594,val
4344,12.50620919291536,12.465415,val
2127,0.3260522601452861,0.2843349,val
10869,2.784729099325502,2.8552063,val
1504,3.488500133120429,3.4503918,val
840,12.63831764717665,12.985968,val
3776,11.519181231846904,11.5080805,val
10970,12.791085815634744,12.790027,val
17542,1.3254630716000468,1.2811806,val
2816,10.247489287158311,10.29086,val
3631,4.963327758492416,4.9968405,val
7288,9.23683147726937,9.227066,val
16341,4.470692162592656,4.374271,val
13778,3.174305766587501,3.1632493,val
434,17.104149097593165,17.070015,val
10571,13.363639508490955,13.236897,val
12542,10.783284829458688,10.90583,val
18374,18.35882520102868,18.308096,val
12696,15.1339170359568,15.113497,val
9751,20.17712107088641,20.1302,val
11214,7.783637210919596,7.838598,val
12359,8.665072054790052,8.79057,val
6138,8.85899215374542,8.833533,val
12502,15.744766401081158,15.840794,val
3809,7.732849070522287,7.7029934,val
1409,12.886799306012406,12.942174,val
4117,14.741499299430624,14.765747,val
8384,19.76098001991152,19.696299,val
1894,2.70000786389684,2.8426592,val
15022,15.641311092094622,15.605706,val
5077,14.970090263508856,15.245122,val
503,8.539126179547727,8.521465,val
2524,22.3553021864896,22.362822,val
19469,4.022926239108665,4.0539303,val
914,5.49089909214868,5.3866863,val
14626,18.740749968740392,18.930418,val
11305,19.44740041668704,19.634624,val
11092,0.9883969217196392,0.8831654,val
17725,3.003605361439882,3.0335875,val
18722,1.3139543131568745,1.2867278,val
9959,15.311916595701478,15.287555,val
14820,19.70632544483568,19.753237,val
5076,15.346908410799664,15.6969795,val
10138,20.350315026719965,20.476559,val
14685,11.938025299223108,11.887626,val
6549,6.43250655976885,6.4720335,val
8718,3.6900285131431625,3.6847453,val
5364,10.022775292753591,9.896591,val
16655,12.325662913302605,12.285699,val
2526,22.285656237799845,22.362822,val
13310,10.661370607332696,10.660855,val
16335,4.951245776011255,4.9779463,val
12923,11.520840241888555,11.501435,val
2253,6.206454130444011,6.098021,val
3062,3.585023413868484,3.6391766,val
18337,0.6128609622920367,0.66693026,val
3365,14.86814314343522,14.908437,val
16083,9.11610173616797,9.0596485,val
5817,2.0533231936650846,2.1467707,val
2972,12.390246600932285,12.312817,val
13305,10.784252889308537,10.763337,val
15980,1.339582343258013,1.4290903,val
8413,16.437339366923652,16.398737,val
18036,11.95685540420668,11.952668,val
6446,18.8314015561688,18.810804,val
3558,12.9988061655598,12.984495,val
16046,14.374951260245412,14.224881,val
12094,16.637752996109732,16.709476,val
14515,8.381048481286205,8.283125,val
4133,14.132172694940673,14.110021,val
8031,15.188992438894577,15.203926,val
12111,17.005738820750306,17.075521,val
13207,1.681081849409264,1.563338,val
3918,19.760382912437688,19.765043,val
13806,1.4413756393649992,1.4491639,val
3894,22.530555042416943,22.505417,val
10074,4.335414339361368,4.270743,val
6831,15.604914895188903,15.890039,val
15693,9.13454054797162,9.195167,val
4424,4.314258652959107,4.3959427,val
15174,1.8259449173250089,1.8079572,val
6092,13.719282375640056,13.672899,val
9894,2.713876986399618,2.7071583,val
118,7.0139199234685305,7.009012,val
15266,12.549169484359,12.479867,val
15165,2.546100744459276,2.5427897,val
1319,2.6313025873767337,2.7643757,val
16464,13.180328589527871,12.944664,val
2864,4.9834356107425934,5.212286,val
2904,1.3861858578191084,1.5011656,val
17974,19.773402288893656,19.68105,val
15278,11.090906059743016,11.146612,val
1347,0.7050065642979555,0.69294244,val
1900,2.3327650154333788,2.3126562,val
16352,3.494985166374618,3.4840982,val
19032,9.268885284746586,9.185612,val
16791,22.51512111714452,22.588669,val
3492,1.2867317240051197,1.2399199,val
12859,16.326832040265383,16.439346,val
10833,6.414685995744859,6.491613,val
10444,5.811828763773797,5.8135815,val
1558,16.98835807204961,17.191319,val
9701,3.684399867483677,3.6417813,val
8250,11.84601665648239,11.673983,val
6146,8.185185716145588,8.169025,val
11080,1.802939107134432,1.8283882,val
17420,12.559744898082633,12.638006,val
13630,21.131289108668582,21.128843,val
17161,1.3013399832972308,1.2637647,val
1310,3.3004927280794965,3.491836,val
1134,2.4920470382340434,2.4179938,val
2570,16.89623903699561,17.002718,val
11180,11.057200059692995,11.031862,val
10341,17.472084300215723,17.298702,val
19144,19.742144258269143,19.713608,val
12545,10.67030723234034,10.695827,val
17236,13.214456612893391,13.352918,val
5755,8.202592604580788,8.287212,val
5325,14.58728203809431,14.579286,val
12264,20.749712283813142,20.558828,val
12467,20.484424459480888,20.408142,val
14727,6.815959168923846,6.8693366,val
12102,17.14181765024005,17.366978,val
5239,1.879293667724242,1.9370112,val
9762,16.824140287768095,16.889061,val
1572,16.534044355420935,16.562325,val
9811,10.521500143978184,10.3902445,val
1972,13.6942445616405,14.005446,val
6459,16.412394885111055,16.405346,val
11230,5.996632110352774,6.0292907,val
10575,12.12771485749098,12.133476,val
1576,17.09622547704481,17.16336,val
1093,6.608673176631922,6.672668,val
10534,18.425316645771343,18.20619,val
12913,12.732738530819324,12.897304,val
15502,9.645494000761772,9.573939,val
19155,17.693908922977577,17.76132,val
568,1.578631378995324,1.5693655,val
6581,3.1941025230923823,3.1869087,val
2322,0.4658701900628964,0.47327372,val
10538,16.406190072317138,16.177979,val
16680,9.084807740355254,9.109045,val
19086,3.789825552678765,3.8279834,val
4949,11.53594092633343,11.63845,val
9061,8.09253667133954,8.21417,val
14500,9.446555468596838,9.502877,val
12366,8.260175281816126,8.252585,val
10335,17.066037983164787,17.058052,val
9342,0.6438792615875983,0.71884567,val
18910,1.4432653359244785,1.4404532,val
466,12.103560977474007,12.221197,val
11254,3.7160994843346256,3.7114637,val
8266,9.311507283137962,9.214859,val
4489,16.800624624059683,16.847826,val
7431,18.035024481236626,17.83305,val
16803,20.14521422054497,20.153244,val
11040,5.400571027903459,5.4468994,val
18201,15.100796333473031,15.04164,val
5509,12.787584565730704,12.8001585,val
14040,19.73455477531668,19.786728,val
5858,20.586360918782628,20.559174,val
13875,12.967080911815724,12.83134,val
14621,18.2818861793696,18.328257,val
5954,8.417408854737543,8.662635,val
3500,22.499328085220533,22.6227,val
88,10.40473480200773,10.44518,val
761,1.3101856776561216,1.5019567,val
13076,14.551621852105454,14.670767,val
9712,2.615177689684624,2.5698419,val
11954,12.35241966597051,12.303957,val
395,22.419552796699392,22.408607,val
1807,12.525512802166068,12.470462,val
17087,8.475004419417493,8.447141,val
12115,14.277091667127406,14.294834,val
555,3.282391334484968,3.3113325,val
11401,9.528580946554252,9.606843,val
4281,22.47489350149793,22.435629,val
10140,20.15230384841454,20.26042,val
9627,10.8621124333534,10.991259,val
11217,7.352563717755811,7.3070345,val
16140,3.940541478121902,3.9497695,val
424,18.40790696385596,18.396297,val
1792,13.203598423392908,13.132388,val
1655,7.329345745104645,7.46791,val
12356,9.347750757503098,9.264302,val
9895,2.6049418667709805,2.5629506,val
15500,10.431026924366684,10.496626,val
1368,17.821183829042507,17.727087,val
11836,4.535441703197567,4.567534,val
4677,0.2300494162597967,0.240476,val
2564,17.031849996811,17.037813,val
13141,7.961600772051745,7.9962564,val
18170,18.87013178343324,18.732916,val
15029,15.741581846463994,15.802235,val
16329,5.576368128329639,5.548678,val
4001,9.57547498756822,9.5560875,val
3272,2.701977521346497,2.6623182,val
14926,7.236148277698485,7.471029,val
18824,10.653111041744602,10.702137,val
19213,9.535160989493622,9.426165,val
1814,10.48539928877834,10.599164,val
3668,1.8325392338416848,1.7804039,val
4701,19.40843999306737,19.239754,val
11177,11.608399193868053,11.601201,val
17293,5.977688332858392,5.9916143,val
5540,9.283559661007953,9.212948,val
7270,10.824148477972496,10.8851385,val
16374,1.358934370539006,1.5357028,val
2760,16.83674027167194,16.653275,val
11756,13.44023281599026,13.369155,val
11510,18.39653808309705,18.913628,val
10998,9.923524059064254,9.898758,val
10204,11.825444243837673,11.862491,val
9961,18.36709796097166,18.394093,val
12131,14.382252246184503,14.530457,val
274,12.042475751730157,11.880751,val
18045,10.763459053149708,10.719118,val
5123,12.661519557209854,12.49211,val
10450,5.381958788302148,5.320952,val
2198,12.471839623849563,12.419563,val
1115,4.1621463690078215,4.0097446,val
2937,15.13088877782732,15.506985,val
12444,0.9619836798191768,0.9323379,val
19006,12.660402295463928,12.712873,val
2678,4.125423017199035,4.10864,val
13518,9.284816484551056,9.285237,val
16212,18.11966596440844,17.976833,val
2514,0.3640699702173379,0.26162386,val
13492,11.81596522565254,11.793813,val
11033,6.065335701618695,6.114364,val
8873,8.714034548998832,8.753577,val
4702,19.11376045275419,19.012396,val
10059,5.2551476440661125,5.3610024,val
1770,16.138324846208288,16.074923,val
4452,1.8637006894496329,1.9333135,val
10397,11.909799717975206,12.164712,val
10994,9.973581408361015,9.958398,val
3016,8.5191305501163,8.462889,val
8613,15.137572012550484,15.183917,val
16258,13.273377518124668,13.2183275,val
10972,12.37685665966174,12.402234,val
10312,0.7455240333996449,0.7321565,val
1385,16.700552701567954,16.597773,val
7953,1.9399549603405803,2.0200891,val
6539,7.484980464486394,7.478411,val
6395,2.897731293695033,2.8745701,val
15644,14.642224981386107,14.595444,val
17801,15.76349184475044,15.790661,val
18196,15.43698194587222,15.536901,val
3634,4.9662626502178,4.9706407,val
920,4.715513768368745,4.886447,val
15956,3.129159075961312,3.2991326,val
8758,0.4770282050509713,0.4738133,val
11864,1.9260633067172488,1.9052025,val
12037,3.370509973615355,3.3330753,val
16012,16.402848927350544,16.59747,val
17336,2.120764137196,2.1299217,val
6056,16.283670899065076,15.907293,val
4354,11.453271337811444,11.448339,val
10873,2.5354544992807853,2.4964237,val
17943,1.139444211426882,1.0881385,val
17983,19.400071222847284,19.41173,val
8441,13.394286149098116,13.397934,val
694,7.613794710494665,7.5941024,val
2047,6.8450227214628665,6.763679,val
9386,14.845279600241463,14.896568,val
6971,2.7675692021354616,2.9099412,val
7890,7.973578190290382,8.09396,val
15899,9.410168713654732,9.435712,val
7486,10.7815064751811,10.868561,val
6803,0.661954934203078,0.6906057,val
2485,2.39939509322095,2.3901243,val
8534,3.622176791999244,3.5950673,val
7087,9.16842400774572,9.251472,val
17452,9.24513750403922,9.218847,val
8651,10.420255704899455,10.410362,val
1038,11.250915081680647,11.352951,val
5245,1.306674785628947,1.2943581,val
9067,6.8929917923438175,6.9362803,val
11361,14.461015482702706,14.57263,val
12493,16.96463239902165,17.05669,val
12620,3.078503989479741,2.8836398,val
16646,13.014765080685624,13.029403,val
9248,9.90546651123517,9.739767,val
3953,14.52471578963192,14.510502,val
5489,15.150812767630317,15.118827,val
1081,8.261027679475045,8.445236,val
6978,2.245295121514955,2.278625,val
2663,5.177464069567801,5.1646414,val
3107,0.3968821602977545,0.36575907,val
3615,6.907826286391033,6.8386254,val
4568,9.490615612676388,9.446174,val
15673,11.479299489620248,11.498742,val
8783,19.682397416975693,19.695417,val
5530,10.243823659749925,10.294127,val
14031,21.07725585738314,21.062029,val
186,0.6283349648669514,0.7073845,val
16580,0.9711195844287897,0.9522813,val
18517,1.645804006385372,1.5826348,val
6222,0.9301335564161632,0.9098174,val
10622,7.431917635471785,7.439403,val
12066,1.031394193550915,1.0165244,val
17851,9.978064278014102,10.036669,val
17606,16.708830909913267,16.670961,val
11088,1.1515123060924748,1.1076084,val
11336,16.03940545506058,16.19242,val
12609,4.035148916648054,3.9020774,val
6461,15.672293315263948,15.525316,val
11957,11.5463469057659,11.527445,val
2969,13.536210817733794,13.427628,val
3596,8.873192641812555,8.863627,val
3939,17.088973494836246,17.10981,val
11914,17.0857542973537,17.082642,val
8580,16.717215830836714,16.218788,val
17490,5.721143146960585,5.726845,val
3345,17.288499617230872,17.315847,val
6731,7.638328306603587,7.6691375,val
1475,6.329599893677466,6.154497,val
7364,2.020309503869933,2.087444,val
16969,1.577092989413382,1.6106399,val
14571,2.500205210945692,2.4139519,val
2934,16.572862396612493,16.515177,val
3491,1.3116033857988183,1.2797163,val
17045,13.421020124993865,13.389666,val
13016,1.62428292677527,1.6016451,val
10781,12.676257977989184,12.764713,val
17130,4.058939459416186,4.143754,val
10378,13.569709973599942,13.502974,val
8428,15.032824272853205,15.071858,val
15923,6.962967647323042,6.7918925,val
7498,9.573258415952342,9.276449,val
6342,8.484513457832103,8.704885,val
19037,8.949402501991118,9.016957,val
1152,1.053853874388786,0.97648704,val
12808,2.7022741678323565,2.6725059,val
15985,1.2696833764537556,1.1668195,val
7707,7.943496292243646,7.9711084,val
4289,16.904153561749137,16.99709,val
4365,10.159190870703767,10.223662,val
6690,12.251079934519634,12.314088,val
12234,2.513747654008916,2.6041853,val
928,4.0256679635761,4.1107173,val
18082,7.1690595616788135,7.2178063,val
13161,5.821460623177054,5.8115106,val
8568,0.6543352323595518,0.69745743,val
19488,2.192141059246394,2.1753614,val
2493,1.8101204763942496,1.804207,val
18577,16.84470034172523,16.909712,val
6591,2.349876169347217,2.345087,val
9886,3.3500736560197457,3.316526,val
4488,17.119862641258546,17.374037,val
19486,2.2174935460696976,2.2110212,val
18224,11.98831054474738,12.143712,val
5539,9.52550696975184,9.461415,val
13764,5.154134284105159,5.124789,val
9185,17.241566214463766,17.21642,val
10991,10.439688357869942,10.376661,val
11277,1.7734172970636293,1.7148064,val
14279,12.161155633122288,12.106551,val
8364,0.7541612513869331,0.7597931,val
14912,8.985218466372167,8.873483,val
19430,8.251915313575592,8.215591,val
8834,13.245612285582752,13.401977,val
4602,6.610898934309134,6.6193943,val
7021,17.516087134630848,17.544777,val
15320,6.790123190456978,6.903101,val
16131,4.706136238622532,4.695881,val
19161,14.897481802541773,14.840726,val
1455,8.483234840713523,8.4074135,val
1494,4.457590497015608,4.4208593,val
2441,7.163605665516915,7.2124476,val
15406,21.92042708891469,21.998842,val
4628,3.682557103236398,3.6760209,val
6730,7.724467527431927,7.7921047,val
11128,16.60408361196531,16.71636,val
17406,15.261172805687831,15.226779,val
18409,12.453913770858842,12.416624,val
2079,3.816272681211167,3.8574705,val
8461,11.122567628215313,11.131345,val
708,5.744085762486988,5.7612104,val
18059,9.49530473416868,9.468213,val
2989,11.406844571169415,11.436562,val
2682,3.2084338209553027,3.1759374,val
15649,15.223753318430049,15.284615,val
16038,14.420784555019846,14.396807,val
12750,8.221835519951467,8.146059,val
6383,4.314648063015318,4.426948,val
11348,14.556558428396585,14.587378,val
10442,6.074328275519846,6.0935993,val
17526,2.625952698131079,2.657413,val
1250,9.030987716928186,9.414502,val
13514,8.941855452426267,8.920832,val
16740,3.612682777653596,3.6834295,val
8168,0.96187469639221,0.98439336,val
8877,8.248681863834953,8.28332,val
13616,0.3319533371946012,0.34207293,val
3369,14.190071262971044,14.346077,val
12237,2.2737956085770423,2.282068,val
18615,11.95348447375578,11.948002,val
12746,8.881701814375656,8.79247,val
13190,2.975234830182968,3.093946,val
4866,1.004758249902814,1.0203284,val
14508,8.741296770389516,8.881955,val
10772,13.42698337678609,13.379253,val
14944,5.685535939233382,5.4618454,val
10526,21.113653791013032,21.088112,val
18350,18.956342382166504,19.053558,val
1246,10.221398365739136,10.286284,val
13835,15.777660084156258,15.883091,val
4723,16.255157229904274,16.167683,val
14720,7.543513969613353,7.650331,val
18086,6.159198123134384,6.1729703,val
16440,14.860237885752824,14.722986,val
14905,9.637096874553476,9.765137,val
9123,1.881596587900389,1.9015636,val
6084,13.97773774040294,13.826587,val
10330,16.32162744412848,16.502167,val
14480,11.624114689413636,11.60963,val
4976,7.947422763960072,7.9227614,val
15949,4.0091482832509575,4.0851874,val
14997,0.6880236969113032,0.7504749,val
16820,16.211632315887115,16.254507,val
10382,12.170471982587172,12.193269,val
12725,11.320438553372192,11.319109,val
8372,0.2653086569747991,0.27657634,val
10003,12.333199949022788,12.415106,val
9097,4.0734186798953065,4.0705285,val
12659,18.059999826673742,17.987436,val
4072,2.2296438628829827,2.2371733,val
9795,13.99246614859504,13.946936,val
7489,10.722151494514382,10.649549,val
4793,7.873056211037637,7.8525558,val
296,9.541296262955852,9.682572,val
6768,3.7589021042026,3.713286,val
2544,19.662036504637616,19.61734,val
11068,2.771657547676081,2.8077366,val
15615,17.645614073784625,17.457363,val
7606,20.179366534425338,20.064135,val
12727,10.887579105696169,10.814916,val
14339,5.645160887950671,5.649662,val
16750,2.7898145547673927,2.8478258,val
1243,11.185397242819082,11.159176,val
5955,8.384866333155733,8.625123,val
17810,14.675248825844015,14.631484,val
1094,6.366593685786191,6.397755,val
11606,8.656611032568772,8.769664,val
16525,5.903387955258331,6.157801,val
7537,5.1977157737388575,5.1410823,val
8024,15.10159197775125,15.023526,val
6268,17.319643052801702,17.35963,val
9198,15.593596377239338,15.404252,val
3854,3.0811561448913385,3.087687,val
7151,3.5232423005808124,3.5135193,val
13877,12.241604299365614,12.157061,val
5421,3.8925007586373512,3.9228752,val
50,14.847558091291113,14.731464,val
12127,12.82074410200427,12.801075,val
6668,14.885959311873789,14.950727,val
1712,1.898143425552546,1.8000599,val
7127,5.263860390694516,5.213198,val
19301,1.5049713187879168,1.5189058,val
6833,18.990006809908348,19.039804,val
12944,8.859956477034178,8.88938,val
5125,11.913256615215628,11.955408,val
495,9.684083871995853,9.710913,val
6303,12.729853220366405,12.975816,val
438,15.827634151659408,15.828574,val
18324,1.369005507666161,1.4244695,val
1407,13.56811893334173,13.43437,val
12723,11.77255832805248,11.829553,val
7590,0.7907641901365693,0.76033247,val
3439,6.513837491393115,6.6107383,val
9393,14.834626440470709,14.945654,val
2892,2.2628767191533745,2.4973044,val
1708,2.099369750081863,2.1505418,val
13115,10.49817015713186,10.577734,val
9882,3.8907068413970536,3.907514,val
2482,2.799292049217536,2.7215989,val
3166,12.864742752134106,12.937488,val
16337,4.74448154127736,4.7897305,val
8787,19.557802249576923,19.52862,val
7821,17.041542070660086,16.962646,val
2808,11.229858147909011,11.1452,val
13841,16.271976015828496,16.248747,val
17283,6.96161313574969,6.930719,val
10498,1.151897027541118,1.1830547,val
612,14.541728235130996,14.880649,val
3028,7.0020571918439085,6.919664,val
16402,19.10760580483757,18.841799,val
481,10.881358949229671,10.890066,val
8969,18.01700830821568,18.097124,val
132,5.643894195209396,5.6718893,val
17832,12.194388832033749,12.0412035,val
9673,6.422417038414309,6.453916,val
14375,2.161361244068696,2.2206862,val
9597,14.189283790630569,14.332643,val
7036,14.60357906152972,14.629061,val
4047,4.103841760883281,4.1246214,val
4219,4.482209620167636,4.557673,val
15776,1.511247936457906,1.4924544,val
14232,17.84642559209629,17.735823,val
6050,21.15146301030088,21.171959,val
13974,2.7733807064418934,2.7352386,val
990,14.363533772428156,14.541238,val
11831,5.006219076321523,4.910407,val
15245,14.973265019110494,14.97343,val
13316,10.733593059003296,10.804509,val
18339,0.6040956161308536,0.63097984,val
15941,4.94459581105157,4.8986754,val
1079,7.076689855513418,7.244517,val
10832,6.625910950166552,6.812168,val
9870,4.512540100747496,4.656123,val
5481,15.66047552127328,15.6454525,val
15492,10.829517611751037,10.681254,val
12339,10.759129676915329,10.78433,val
5894,15.734286336218869,15.753018,val
16650,11.856087364058396,12.047188,val
11295,0.493381514946183,0.51729393,val
4122,15.929389968061392,15.972192,val
19109,1.7955336323878217,1.7815655,val
15660,13.593521692925144,13.508898,val
18303,3.843906281827549,3.7700183,val
8356,1.272408558632772,1.2717116,val
7115,6.549828823611714,6.556465,val
590,18.7443445460574,18.12704,val
14376,2.0987713709997764,2.1569738,val
5929,11.751612933660498,11.737288,val
8732,2.3383101699765048,2.3510075,val
4865,1.0527341527630965,1.0507272,val
14046,18.40849636064416,18.401087,val
11600,9.0943123715233,9.459931,val
3901,22.47246508230504,22.501331,val
10223,9.520602828407052,9.437618,val
14231,18.22529573871885,18.220816,val
5143,10.710773400997228,10.642844,val
14396,0.5879765155825795,0.69785345,val
6700,11.093134347648116,11.039968,val
18123,3.0623587920804214,3.086703,val
130,5.7792282480812345,5.762792,val
17281,7.276187759879741,7.255628,val
12499,16.557740095403602,16.307283,val
182,1.1639304547046372,1.1323003,val
6623,20.84208051134504,20.755264,val
1981,12.836143307367651,13.152016,val
16575,1.209982338196163,1.2402812,val
7615,19.13028262157437,19.080013,val
3429,7.557421516875686,7.7514076,val
8290,7.4614032052532195,7.3740907,val
4420,4.65650221967736,4.627208,val
1202,16.567926693932243,16.484055,val
5410,4.960163820386498,4.9929543,val
5182,7.0161777005947314,7.077031,val
9186,17.070140343269188,17.065628,val
3217,7.586310049778306,7.591219,val
17136,3.538377658389204,3.5489604,val
3787,10.207496201228308,10.343363,val
12183,7.558092194924293,7.60456,val
13896,10.435371590557406,10.273972,val
10225,9.396841867654503,9.386921,val
4504,16.601000528270994,16.645756,val
19083,4.119589126621613,4.0942364,val
7696,9.168286130540196,9.114332,val
4896,16.582700733661788,16.5024,val
9950,15.828261177864023,16.009455,val
14431,17.005841320954804,17.137918,val
17563,0.1912449631884991,0.2307684,val
17649,11.284956681791527,11.069812,val
17322,3.3001208466580136,3.311455,val
15789,0.5412578329607013,0.58896047,val
11398,9.243401865685271,9.299537,val
18797,13.40833128775622,13.329952,val
12964,6.656726328226581,6.827418,val
18987,14.785211284719573,14.892001,val
14844,16.95248778721359,16.885807,val
4309,15.256921034633718,15.280787,val
14086,13.297475369270016,13.280719,val
16111,6.574247130727024,6.561512,val
3728,17.059299487616357,17.022924,val
1927,0.313298186134146,0.28365907,val
2579,15.640163056094044,15.696115,val
10558,13.7675122298739,13.726628,val
6449,17.51860556115997,17.602718,val
1495,4.307840411252279,4.1307054,val
11145,15.390373347877269,15.448351,val
212,19.281669714071505,19.424908,val
15674,11.191767504925975,11.241261,val
12509,15.324466968270563,15.095755,val
6505,11.700578812937604,11.681558,val
16422,16.858988810815074,16.779505,val
12010,5.790772571859725,5.7639866,val
4161,11.918909231248564,12.037312,val
18317,2.1299720149690056,2.1741447,val
2406,9.727196346245233,9.69303,val
12663,20.006085437587185,19.831287,val
11701,21.12795752275055,21.087978,val
3635,4.829796314170535,4.8290386,val
19046,7.999092986594155,8.05333,val
19291,2.270012265824274,2.2791343,val
1668,5.885478649613956,5.815114,val
5789,4.696917425135542,4.6892643,val
7278,10.272067007428532,10.242323,val
16069,10.990646746000657,10.973695,val
1359,18.524931170262576,18.747572,val
12355,9.587476866174024,9.63154,val
626,15.293787262274774,15.206764,val
8475,9.633327234707515,9.819016,val
10917,17.691703961323675,17.713415,val
19151,15.831860121710756,15.984355,val
5479,17.16239077045857,17.190287,val
4372,10.065703714915909,10.103603,val
19081,4.281610671683338,4.1816187,val
3039,5.830787644282823,5.820281,val
2334,21.127350631525843,21.021076,val
67,12.973695130602083,13.056078,val
2331,15.921812263030072,16.215908,val
10621,7.611636294824096,7.556136,val
1525,1.643815273098304,1.5958718,val
8776,21.12870974672031,21.034477,val
5620,2.101366465790768,2.1215098,val
1092,6.855611804942359,7.004396,val
7499,9.555678395242476,9.294859,val
8156,1.7606858099192393,1.7464293,val
6504,11.941800851126091,12.016783,val
857,11.411965638707397,11.5677395,val
12812,2.21755119621168,2.2820535,val
7962,1.2117483828782434,1.2944386,val
16473,11.147404905403562,11.072748,val
13845,18.377971823606543,18.424252,val
10620,7.7976008859362045,7.705616,val
15259,12.935471538402428,12.911294,val
6532,8.022953712056612,8.210017,val
4975,8.0831923706774,8.028544,val
375,1.819913707149182,1.7733428,val
1108,4.526918959273384,4.589239,val
6078,16.60041650068456,16.69174,val
16691,9.492653865870494,9.5153675,val
1833,8.654801273512009,8.744801,val
3339,17.576466475580606,17.860771,val
10509,0.4435075321650487,0.4494408,val
14054,17.10383758148565,17.078527,val
18232,11.458049488209346,11.435707,val
3828,5.730467922602992,5.7133737,val
18895,2.7844203924510134,2.7290964,val
12297,15.792077594102778,15.79175,val
18308,2.9947830298096667,3.0052717,val
11689,0.93237387456136,0.9805347,val
2654,6.223864140794398,6.222545,val
18435,10.310048872445993,10.289052,val
8883,7.607816680796653,7.675385,val
19384,13.247699808521704,13.100303,val
9313,2.990941333631979,3.187967,val
9063,7.630482836033704,7.6553774,val
12441,1.1186337000215294,1.0396569,val
823,16.205126093020358,16.191786,val
5598,3.981038030436803,3.9681406,val
2453,5.508150555047484,5.4196734,val
18134,1.408934247619003,1.3899639,val
7470,13.095749916223914,13.006543,val
362,2.755536280848716,2.728149,val
16489,9.4785909944698,9.6793,val
18881,3.839725554660998,3.8150632,val
6030,1.380247649664946,1.3750819,val
10791,11.47004749770018,11.321033,val
5549,8.543717106443875,8.584075,val
12960,6.37815862524646,6.2102213,val
13557,5.068712761225555,5.141427,val
11680,1.595044667064301,1.7007658,val
6426,21.31377978521889,21.224012,val
12128,12.653749479838416,12.561364,val
9868,4.839258092902959,4.8701406,val
9221,13.038422620688555,13.093141,val
17706,4.905458688126542,4.9103355,val
5576,6.201153771692337,6.248116,val
15516,8.318882337540728,8.265093,val
11278,1.7191396598392836,1.6905327,val
8480,8.993014632241247,8.968301,val
16114,7.160758501246951,7.142553,val
668,9.537744350035036,8.9468,val
2215,10.77542430461726,11.054993,val
13346,7.224284488313463,7.2043967,val
11232,5.96711536616317,6.154043,val
2501,1.198988334800827,1.2136084,val
4154,11.51234220010847,11.552305,val
17530,2.205822679229617,2.1867964,val
3359,15.323028823648116,15.322256,val
14225,19.837943788097306,19.756773,val
5391,6.993044968406949,7.0043445,val
17211,15.420203474905914,15.403078,val
15764,2.408978477769857,2.428874,val
15968,2.1842839593044663,2.4266288,val
17300,5.408882993114617,5.4251933,val
801,19.683363820032422,19.618433,val
10501,0.989268945155562,0.986501,val
7463,13.27119130645307,13.364727,val
5860,20.38602596272619,20.422316,val
13302,11.32615030478698,11.322088,val
17942,1.1558617804677047,1.1251689,val
3459,4.518458287151861,4.6474032,val
13435,20.26235974430592,20.060482,val
11524,18.57295672852961,18.605091,val
17545,1.0816937784879217,1.115917,val
13669,15.808636710009518,15.783168,val
9569,16.689526662812966,17.190836,val
8513,5.592742013306867,5.5139604,val
726,4.247861181800191,4.199519,val
9545,0.2844864707920914,0.26450643,val
9055,8.26395895247483,8.241262,val
12097,15.69257552209441,15.678482,val
5643,0.4922978034452285,0.4965199,val
5943,9.619634369069088,9.951226,val
13820,18.62887436440312,18.417809,val
12461,21.094148615477327,21.29923,val
13713,10.805224630315443,10.832481,val
2072,4.730160272248932,4.8230166,val
5760,7.69123939819735,7.5307436,val
12074,18.47877245472436,18.515867,val
3216,7.774854072092173,7.8197594,val
17519,3.131537845669542,3.1058888,val
17449,9.850167511591652,9.928079,val
3971,13.227447643827825,13.2163105,val
18500,2.9222129183183085,2.9224312,val
17885,6.02358106462256,6.200647,val
5756,8.097963144107753,8.178152,val
4245,2.4119544851839367,2.4186113,val
14742,5.351882533249731,5.261726,val
3590,8.998289423261683,9.000813,val
7200,21.33578761404073,21.200836,val
15689,10.135256574363662,10.253157,val
6340,8.722803906101715,8.870908,val
18960,17.425770728110034,17.34172,val
11329,16.443492616604303,16.398941,val
17954,22.51362090036624,22.443838,val
7802,18.58343098372886,18.774134,val
5490,14.730352305377885,14.803461,val
13732,8.449980386264963,8.45351,val
4878,18.295324557301427,18.595308,val
10051,7.097244659862554,7.046864,val
12277,18.05735961620701,18.158669,val
10660,3.744601573385983,3.6722128,val
14495,10.7450749632802,10.634271,val
12998,3.0457154752632847,3.0045657,val
12465,20.68749592588505,20.59666,val
12528,12.93833961206124,12.774357,val
9923,0.5076166015248951,0.52105457,val
6470,14.953527792360658,15.164495,val
15068,11.780170129466596,11.89815,val
12159,9.548730117428478,9.646952,val
13008,2.217094547041576,2.220824,val
11395,9.732142209052595,9.754212,val
5053,1.0575760291641856,1.0528066,val
12290,15.715409859481513,16.033522,val
13030,0.6778595621118596,0.70692575,val
7119,7.121890049663687,6.9267535,val
18532,0.5841802395153831,0.6124068,val
1338,1.2596814742149254,1.2161853,val
5999,4.0318399641241385,3.9275913,val
15277,11.277031386782284,11.266703,val
10337,16.29062680795358,16.200686,val
14940,5.874031629661505,5.721441,val
16043,12.870135833911169,12.667706,val
17390,15.669345865370628,15.750068,val
16338,4.663814808376011,4.7081027,val
9922,0.5442377748777,0.6140706,val
5949,9.400943623085054,9.3558235,val
10454,4.878549798125608,4.87487,val
13988,1.5686334002135252,1.5883315,val
1059,8.967830499679122,9.0603,val
9032,11.19691954741774,11.168791,val
4972,8.551586571538326,8.550818,val
7206,21.111829087094808,21.08372,val
16838,14.788754645319733,14.90425,val
9674,6.222247055130014,6.2088957,val
1834,8.419302001349271,8.545394,val
12316,13.864138859465994,13.827614,val
17075,9.945083762954749,9.918129,val
17225,13.090117444484354,13.124409,val
2342,19.7577200428702,19.65979,val
4258,1.3819177003059435,1.384096,val
3621,5.888938392529377,5.951712,val
15628,14.922995281919045,14.899676,val
13951,4.630521641446924,4.6877713,val
15940,4.979029684385134,4.9493337,val
6083,14.368267709088778,14.221588,val
9551,21.87285858539726,21.758066,val
6607,1.0159034211853533,0.98563826,val
13386,3.048126575255891,3.06764,val
9190,17.097425439635867,17.098722,val
14740,5.488175734348613,5.539962,val
1335,1.5444396076673788,1.4953285,val
11504,21.04404643914972,21.238115,val
8825,14.30416061954532,14.426632,val
16619,14.735486959250844,14.316225,val
14038,19.73271061259888,19.786728,val
18454,8.244072960412616,8.33913,val
7779,1.127625533797623,1.1202239,val
3019,7.764463839574717,7.7264295,val
11903,18.742217723576463,18.746569,val
10615,7.89655496401122,7.944923,val
2369,12.54672801253228,12.747879,val
5764,7.1833356260190016,7.446467,val
10801,10.281130234541788,10.309047,val
1827,10.134353651868782,10.204391,val
12400,4.570145222364294,4.6471715,val
15286,10.430277326676036,10.365084,val
3624,6.010452728345138,6.166648,val
3785,10.494082266969652,10.550842,val
16339,4.592960751888829,4.65469,val
1980,13.129423104982758,13.009742,val
12535,11.864411322485465,11.893417,val
5787,4.83059135812494,4.858068,val
10310,1.3004609321900975,1.2781432,val
15176,1.6341350465942197,1.5978197,val
2371,15.755863498217783,15.644883,val
5882,17.707887463759423,17.675335,val
17055,12.24801658336882,12.287286,val
18842,7.603932092907217,7.5910583,val
14428,17.745550826576174,17.793825,val
1600,13.221545313874907,13.160812,val
800,16.45544251301397,17.019085,val
15608,16.924496259402197,16.479591,val
19185,13.967611201106113,13.838186,val
984,18.5583658606676,18.541613,val
18982,14.798136351184384,14.596043,val
17960,22.188609244086127,22.203955,val
14093,12.07636345093071,12.033986,val
14603,0.3603740888978484,0.39331126,val
9397,13.596289547033026,13.733121,val
16320,6.513305225354171,6.4755154,val
3791,9.650828213835585,9.771421,val
1532,1.0834299877067366,1.0598928,val
746,2.4991437101451184,2.4619462,val
5375,8.780303404649189,8.748401,val
1594,13.30312495217162,13.340738,val
16611,19.754250237722346,19.891483,val
13224,0.4685011300936573,0.45087296,val
16504,8.332383961740506,8.190685,val
428,17.10930747459137,17.205084,val
8027,14.177648896041996,14.198131,val
5028,3.079134729808488,3.0967886,val
14679,12.034581689798475,12.045308,val
8102,6.848116215682904,6.8030105,val
3993,9.597791415514411,9.551896,val
13927,7.092166796966436,7.0795503,val
9275,6.865970502774906,6.858798,val
2080,3.715194567371777,3.783727,val
7753,3.030697610438947,3.0807433,val
16394,22.4748504276008,22.275848,val
2045,7.190357439830351,7.172283,val
14369,2.7838537457934565,2.8256717,val
6520,9.456286552527809,9.434404,val
2535,20.970087361553983,21.027884,val
9030,11.973896989922654,12.140137,val
8699,5.467499221672463,5.4562488,val
16377,1.2325961940522674,1.2659076,val
7575,1.533895896053649,1.5587527,val
1287,5.702228304236062,5.687796,val
5497,15.015259562277784,15.125342,val
7393,22.357684926225865,22.454983,val
11983,9.115953422106037,9.155398,val
14668,13.340573472990974,13.258875,val
12321,14.39828948111626,14.481076,val
2518,0.2369503141619698,0.2425866,val
7598,20.90430478696009,20.944382,val
6130,9.462239972747168,9.445931,val
1427,11.294318836478812,11.251647,val
12082,19.4200003017584,19.197176,val
4779,9.068811834400831,9.245502,val
16128,5.1767834388156935,5.188672,val
12354,9.834211194501348,9.745763,val
15451,16.354986171219853,16.504889,val
10131,21.05154229224447,20.973494,val
10844,5.211973044903118,5.170168,val
9671,6.840758991335456,6.823892,val
13853,14.086500430053375,14.140127,val
18451,7.4731698455903075,7.4468474,val
10334,17.4949513574034,17.528845,val
5689,15.902561209705498,15.829749,val
8937,2.084444477641903,2.0830166,val
4381,9.406022512450123,9.276064,val
13420,0.4693297700571945,0.4792614,val
7817,15.658733716940295,15.570548,val
6597,1.8190901901323893,1.7832588,val
18588,15.491636387303078,15.439144,val
1404,14.625841603548336,14.540556,val
12124,13.608977247702637,13.722784,val
12289,16.107672930893905,16.27363,val
1653,7.338254864785287,7.2740607,val
11585,11.08679478689699,11.10523,val
4585,7.99486998052778,8.143382,val
601,15.876146748266455,15.098874,val
509,7.434993141139444,7.4691978,val
7948,2.450991947949011,2.415236,val
11746,14.655375729616589,14.540787,val
5008,5.0782717121758765,5.0274115,val
8344,2.147439528646431,2.0992875,val
11747,14.439238881674362,14.373388,val
11121,19.760783663476893,19.870422,val
11934,14.7103869420212,14.668564,val
5390,7.088257602761165,7.1178236,val
3952,15.77055343423847,15.74416,val
6710,9.950132064418518,9.905235,val
10093,2.611026116800337,2.5325363,val
18867,5.46262668573116,5.408374,val
4107,16.100654488823896,16.08303,val
10061,5.978640053541034,5.918716,val
4437,3.113308417327876,3.0975587,val
15637,14.448937055371172,14.208966,val
10298,2.127297736056562,2.1237707,val
1296,4.927385670878726,4.846776,val
4427,3.990316018895252,3.9832842,val
16330,5.504631009506879,5.440602,val
11854,2.79664010838494,2.7569082,val
12718,11.75719134009044,11.620096,val
7987,18.180204100143683,18.342707,val
10802,9.95335677214928,9.968416,val
570,1.571214122733301,1.5624261,val
1442,10.39028544096342,10.430631,val
16093,8.161002320507711,8.071863,val
1329,1.8612320510724416,1.9722917,val
2758,17.081843934403434,16.992188,val
14106,10.863219636989305,10.852968,val
12370,7.444216928868118,7.546595,val
13117,10.205948719940691,10.198277,val
8061,11.595380227501924,11.475541,val
12526,13.03206829203354,12.930701,val
15321,6.686826773473501,6.7663903,val
17329,2.712470053453651,2.7397933,val
3174,12.4319264851436,12.460432,val
15519,8.20087338566801,8.208829,val
13556,4.779680960658308,4.7688627,val
15795,0.3605573699390437,0.36879298,val
15532,6.262994688764045,6.198187,val
13347,6.95964421323301,7.0162525,val
3347,16.868401615836042,17.040497,val
16773,1.077200353931034,1.1048731,val
9684,5.199156363997823,5.0924535,val
17653,10.756932012663484,10.766561,val
1360,18.0645658813667,18.519516,val
5072,17.67907506185953,17.522903,val
820,14.60326053361095,15.0802555,val
11749,14.012261022849302,13.989162,val
14942,5.771677162234449,5.6004357,val
14619,18.75283589196474,18.776201,val
15513,8.441274664226457,8.40287,val
7760,2.6845894041569616,2.6719992,val
16908,7.200207938950996,7.1958847,val
2702,1.4789629393742114,1.4763777,val
3468,3.6286771033669374,3.6914492,val
5470,18.20333341599946,18.267103,val
12804,2.9794450446481746,3.0131016,val
6423,0.9849347998521444,0.988931,val
4028,6.182484439588294,6.18131,val
19392,12.895736745657585,12.919945,val
6506,11.46293677057724,11.430171,val
542,4.259982201760423,4.257456,val
16570,1.6824729094621445,1.6787337,val
243,15.621193979451723,15.807357,val
17957,22.345358883451905,22.41517,val
11862,2.033177172390048,2.0362394,val
11819,6.236596466083829,6.158815,val
17834,11.968759144419872,11.991547,val
12241,1.94555166727242,2.0504541,val
8982,18.42872605344192,18.35374,val
7059,14.42175859936498,14.432389,val
1982,15.740559373390754,15.770042,val
2537,20.90793320932944,20.868494,val
3536,16.588505714796177,16.669825,val
1790,13.897046241399472,13.8417225,val
16106,7.675922154879162,7.6444693,val
13771,4.13846851204039,4.1387854,val
15650,14.765260610588472,14.752237,val
1918,0.9547613530792824,0.969657,val
16327,5.748390714134695,5.772315,val
16911,7.184684216216038,7.054315,val
4252,1.924990863182332,1.8491642,val
15599,0.6969177595492557,0.71369123,val
15487,11.759886448586704,11.781091,val
1625,10.814003724887002,11.103661,val
7895,7.46824857335549,7.450634,val
5930,11.708942410519006,11.661582,val
11498,0.3899027526183025,0.40472564,val
6019,2.196954477859154,2.1621263,val
12051,2.124029230263594,2.121596,val
7417,19.49004001656829,19.407045,val
997,15.485385010660842,15.295015,val
4951,10.940016349730405,10.917772,val
18116,3.119874974858565,3.1328793,val
6906,9.443109180712591,9.47602,val
15932,5.94133554474461,5.839032,val
16613,17.519150348398117,17.306795,val
11207,8.396178266615127,8.365957,val
10097,2.108738514012861,2.1123405,val
8465,10.82045250662558,10.883316,val
7182,0.931351740853644,0.8902764,val
7899,7.04492625067484,7.187259,val
9148,0.3337734856915128,0.27858773,val
2176,15.80348075100763,15.841611,val
4292,19.15925252256756,18.99938,val
8269,9.95095747522476,9.952651,val
12157,9.80699271084366,9.817556,val
16353,3.4497895560911296,3.236631,val
1851,6.993208534016006,6.8355565,val
13446,16.2491611140349,15.997125,val
19054,7.1951856336529225,7.2186866,val
18570,17.85440680680114,17.871187,val
17271,8.313028967158008,8.2727785,val
10268,4.903896096733194,4.984871,val
19237,7.582942025700548,7.591498,val
8923,3.5390004400240302,3.5640144,val
17356,0.566821930307803,0.6027516,val
8486,8.314625173216314,8.229727,val
9340,0.6796496818702198,0.86565775,val
10173,15.626527715947455,15.608451,val
14042,19.73659720432917,19.786728,val
12749,8.38232189154256,8.306395,val
13791,2.2688255593169653,2.2336195,val
4053,3.14278749772326,3.1639202,val
17525,2.755596098217824,2.8337238,val
6574,3.868408353136398,3.8724582,val
14191,2.3525192557683576,2.3566394,val
16845,14.544900512091486,14.598608,val
8306,5.392613158164061,5.450227,val
10969,13.03078187272712,13.025014,val
5142,11.100732600422818,10.998873,val
16971,1.2485646856736765,1.2436732,val
10901,0.3272138664122659,0.32159683,val
14868,13.95781840385582,13.950844,val
16959,2.357530889393488,2.3639674,val
4912,15.469599400123226,15.456075,val
6949,4.768410637237188,4.863487,val
15013,16.75229846488652,17.096169,val
10520,19.9918389805533,19.790283,val
19172,13.684768403997918,13.621845,val
10002,12.727020581342613,12.831458,val
5059,0.572865386529391,0.5546314,val
8444,12.99700172534611,12.938573,val
7512,7.43685180669474,7.6285653,val
17963,22.046218376677764,22.03249,val
239,16.22769322729819,16.225857,val
1357,19.468590087749973,19.476467,val
13846,17.006588971227544,17.056608,val
4440,2.91940432089714,2.6777642,val
6983,1.8436417902573723,1.7623942,val
15069,11.538597549111596,11.695097,val
15477,12.96362348502113,13.029478,val
3851,3.554177929061143,3.5743716,val
11307,18.790470156388395,19.009888,val
13260,16.815685853435365,16.777342,val
17132,3.9232473457040578,3.8749006,val
6410,1.81600800543615,1.8089633,val
13797,1.4456995504713344,1.4823663,val
14670,13.006169502805266,12.9762945,val
7014,17.543301416609268,17.662329,val
13603,1.003830101295608,0.9644437,val
15303,9.075064450290595,9.196397,val
14263,13.442409801297398,13.406151,val
1965,16.396473611322076,16.375317,val
7176,1.2927225352504916,1.2404026,val
7907,6.219345782741794,6.270587,val
7978,0.3790244783938506,0.38910785,val
13071,16.015756050796558,16.076208,val
13444,17.77079057428411,17.643616,val
1499,3.727527063390242,3.750054,val
2325,22.514255485575628,22.500093,val
16406,19.38395454350556,19.349333,val
18669,6.035008027391814,6.0249,val
17948,0.5372416911115117,0.5480373,val
14703,9.389231149898608,9.296314,val
2668,5.133977151913819,5.161536,val
17250,10.66152684791482,10.644217,val
5662,19.408998279293083,19.30176,val
9208,14.443203581562178,14.32325,val
2505,0.9097150762177664,0.799509,val
8298,6.881170426857813,6.8320765,val
8991,17.098251012171865,17.085817,val
5154,9.40765046359864,9.435867,val
9262,8.201380346714979,8.238661,val
4377,8.805421965520654,8.854261,val
7138,4.227197763284362,4.1636767,val
15010,17.946099696416177,18.097641,val
7592,22.489952991003825,22.510895,val
1908,1.7091548408011483,1.6726643,val
18371,16.231902618425654,16.207468,val
11516,19.00215677371858,18.85819,val
2383,13.03997556583574,13.015188,val
11327,16.829873307933475,16.901625,val
4031,6.176594985358744,6.18131,val
15798,22.327284734534626,21.88662,val
6659,15.93324866011537,15.8809395,val
4397,6.819764443206997,6.8780313,val
9094,4.438118776134452,4.444277,val
12715,12.476188018423263,12.421388,val
5697,15.147545860610384,15.111358,val
7733,5.008709794610298,4.979773,val
17677,8.056349579269597,7.9763055,val
15970,2.14579512855242,2.1855729,val
12573,7.289270421334901,7.6313906,val
13489,12.827092695057916,12.908053,val
10091,2.877515877072824,2.8207557,val
12621,2.310522291059551,2.3848906,val
7282,10.771432986594112,11.0891075,val
13183,3.625227056666254,3.6171684,val
5196,5.222013708677596,5.159173,val
1717,1.3492097431760806,1.4040457,val
11480,1.5833468336816845,1.5885994,val
19405,10.749877080822229,10.695974,val
12028,4.171212701383781,4.140878,val
18655,7.262922859903512,7.247594,val
11878,0.9903930692842344,1.0069361,val
15396,0.3733489472084165,0.41293132,val
8743,1.497835577551205,1.4897954,val
17341,1.7285634567482506,1.7050166,val
17768,19.66988733571226,19.699953,val
18284,5.089336043915632,5.190629,val
17402,13.88594758418203,13.902792,val
11268,2.514202313970085,2.5038044,val
9879,3.809121005471468,3.8100986,val
4787,8.32067180599124,8.446572,val
12714,12.72774220072746,12.694763,val
12544,10.707708050531144,10.717941,val
11222,7.043916188553303,7.068874,val
5684,17.115675189277475,17.185083,val
15623,17.177489738264605,17.185055,val
5279,20.84970912195966,20.71706,val
5270,21.963478361065587,21.844337,val
4389,7.576663714777328,7.5688286,val
11461,3.0369902242693185,3.0750394,val
12022,4.911022747486457,5.146561,val
13581,2.6778715657994523,2.6700015,val
7195,0.2153221510846571,0.22806214,val
12139,11.527907377718394,11.554938,val
14738,5.657028690550496,5.7970657,val
13200,2.085150095797446,2.2714045,val
15112,8.309808058612736,8.290202,val
12707,13.099281088109564,12.985392,val
6589,2.504661380668725,2.5348308,val
5492,13.959509614350791,13.879011,val
2313,1.0404358758001369,1.0359554,val
147,3.978165787544458,4.118101,val
10723,18.441809173958887,18.427597,val
19490,2.167944009604628,2.1753614,val
11741,15.76306909773249,15.757186,val
9570,19.69948606363424,19.665691,val
6098,14.11184599169796,14.237444,val
10496,1.428640391803362,1.4577243,val
711,6.138471545320953,6.1757464,val
13684,14.525502636723733,14.553361,val
18616,11.897104903363832,11.926926,val
5032,2.671402330912465,2.6778173,val
11476,1.790284929333935,1.784016,val
6139,8.63338702786873,8.57957,val
4778,9.24368524381735,9.359113,val
3617,6.553913523191266,6.5073028,val
719,4.662859206480316,4.600774,val
208,20.21587613616924,20.2283,val
16891,9.506854059976796,9.607598,val
14930,6.92509244116071,6.962993,val
12694,15.798792342975664,15.88246,val
2244,7.0582701933734,7.0208607,val
16711,7.1678215423210165,7.2255864,val
7699,8.883460577484053,8.920659,val
4179,8.231238203272019,8.235518,val
3677,1.150015038011833,1.1363982,val
11296,0.4671314129269969,0.47646382,val
6708,10.155411360414009,10.132007,val
11659,3.2969815903240485,3.4363651,val
4063,2.2387498913119788,2.2371733,val
13831,17.211939392568514,17.123402,val
10822,7.711868194091805,7.8022637,val
11946,12.928049289649728,12.832523,val
13189,3.070420703271856,3.1871173,val
12705,13.64248226791315,13.606227,val
15488,11.70609146523123,11.739983,val
2515,0.3296577381761962,0.22510143,val
6189,3.494027228862221,3.4799843,val
8280,8.534016749611595,8.694796,val
3224,7.176408518018402,7.0854845,val
2222,9.411521366751742,9.420061,val
14004,0.3680642165759369,0.33395153,val
15491,11.545527239572412,11.60613,val
3022,7.108945651097099,7.3347745,val
1686,4.054195192158476,4.1046743,val
1239,10.395988323525254,10.483795,val
9752,19.32062183728501,19.282227,val
11840,4.171202383207071,4.141798,val
2788,13.545807132225375,13.45341,val
8811,16.198454417832167,16.21624,val
13673,15.808887424978122,15.783168,val
18024,13.24826774552267,13.133633,val
5706,13.93290185713571,13.958538,val
9074,6.404982087061645,6.3610873,val
14011,0.2384783228565686,0.21874988,val
8752,0.8961815500226029,0.847657,val
9065,7.241551136441603,7.2489257,val
3680,1.0011702671280005,0.97071326,val
6739,6.729399535553111,6.7321157,val
5639,0.8074055996574386,0.7574566,val
1551,20.563222167925748,20.68968,val
17340,1.798329118523177,1.8274277,val
9536,0.8268743533564311,0.8006926,val
16410,18.26521242205857,18.25725,val
8535,3.1928666105666945,3.3865223,val
16821,18.408656304531743,18.368704,val
2848,6.817878274268442,6.786293,val
3969,13.23495316799085,13.2163105,val
5674,17.159136381829875,17.124868,val
2178,15.13962182578076,15.0660925,val
4499,15.826612817874414,15.882868,val
12736,9.984058338280237,9.975083,val
12648,0.7116375746281608,0.6957005,val
5145,10.074990940972963,10.192915,val
9539,0.6959234107346942,0.71395856,val
2182,13.924905694713283,13.843267,val
16852,14.183939687099148,14.144539,val
3722,17.123242510766456,17.073517,val
10845,5.050540137483428,5.0261483,val
14772,2.586735535566433,2.3279567,val
12772,6.187812468094236,6.3060927,val
10838,5.587149232147215,5.4739175,val
8589,15.960647276307403,16.035938,val
2870,4.692802056980503,4.442096,val
13655,18.43435755017003,18.422369,val
18322,2.0588678597763623,2.024547,val
4468,0.806574303651001,0.7805592,val
17915,3.0111888514398744,3.0967243,val
1482,5.820740313221789,5.7672133,val
14873,13.502389734631052,13.390816,val
1815,11.887910785497752,11.91075,val
15450,16.43502875839829,16.537195,val
2791,13.275549519143429,13.212234,val
15973,2.08872558398934,1.9536556,val
6958,3.9820746472889903,3.9457781,val
639,12.80189682729985,12.336814,val
6288,14.869818082439018,14.815753,val
19036,9.1315304286621,9.108929,val
11379,11.228927392156278,11.170626,val
4290,16.667049500346934,16.375475,val
2397,10.410844865941089,10.53001,val
14687,11.256895709157376,11.259395,val
14062,17.102084064828706,17.078527,val
7618,18.52078907425617,18.377985,val
3376,13.516092323770891,13.5864725,val
10778,11.58976724449222,11.662246,val
14423,17.67966592221405,17.706806,val
4775,9.782012603592175,9.733444,val
11580,11.202752145803172,11.405945,val
5354,11.175956645381156,11.056448,val
17282,7.115025498813711,7.11425,val
17548,0.8968307716290767,0.8910061,val
14933,6.765422855574788,6.3446693,val
5562,8.346675561209315,8.338224,val
18684,4.119129956415755,4.098534,val
18590,15.34054413599389,15.352492,val
3122,21.1272672576136,21.079014,val
12401,4.877136743333884,4.817013,val
15238,15.1188282294053,15.157149,val
17696,5.954173081389113,5.9387107,val
10961,13.640189972793973,13.647865,val
17468,8.070319750601092,8.070164,val
18618,11.785129059735056,11.851549,val
1943,16.408954127712526,16.58832,val
9699,3.497697976974345,3.6208882,val
4057,3.1377516186820475,3.1639202,val
3891,0.4970491567202549,0.5043397,val
3072,2.778045316976254,2.8457563,val
8716,4.008109050067201,3.986409,val
7624,18.037189009803843,18.014517,val
3700,19.837818130455087,19.722298,val
7806,16.882423371763473,16.864496,val
9259,8.72755252122387,8.606741,val
9243,10.379960301576643,10.405221,val
2653,6.234080206732867,6.222545,val
627,14.754774690601804,14.694248,val
3623,6.176682934187397,6.2303314,val
5827,1.2650822550991492,1.3142319,val
3269,2.7971691821514946,2.8336258,val
3422,8.181741941431584,8.112422,val
2825,9.197196119065456,9.265078,val
11579,11.40909031333914,11.772845,val
17594,18.404191339042544,18.312647,val
17574,21.111487952575228,21.048504,val
11592,10.46083881608654,10.34415,val
5594,4.605245132334572,4.637849,val
1934,0.1535947667507605,0.20232956,val
10817,7.696704557184821,7.4976907,val
13159,6.139370667102522,6.0189548,val
8150,2.185521715270126,2.1496832,val
10601,9.747860494552484,9.809099,val
2452,5.763760166193286,5.7058077,val
15770,1.925878649410564,1.9816972,val
1395,15.477498053129835,15.319079,val
10127,21.7787687461884,21.851538,val
6142,7.988759543840922,7.9667954,val
5985,5.113287417765655,5.157289,val
12831,1.0268780338316297,1.0377944,val
327,6.020804751773734,6.1024966,val
18364,19.71388714742024,19.68521,val
3238,5.519109769131484,5.619719,val
9583,16.966989132957423,16.816011,val
10314,0.7155146719514325,0.69203275,val
9354,18.47242718621047,18.419415,val
663,11.221834744153748,11.185573,val
8968,18.599063440033948,18.540194,val
3841,4.4870986890291045,4.510913,val
9003,14.2295740551521,14.197284,val
18591,15.265500921187847,15.283108,val
5249,1.0783149096878464,1.0469418,val
16695,8.163409768086755,8.086229,val
15190,0.6973977117978224,0.6793194,val
6772,3.153334007261201,3.1436522,val
11846,3.5727549277100104,3.5911767,val
10912,20.61953654635358,20.37531,val
4835,3.5130222848848067,3.54613,val
5240,1.7720644707344704,1.9204352,val
7816,15.855618119203791,15.7448225,val
7165,2.1101299238851605,2.0571218,val
13240,19.024206136661068,18.826942,val
5918,13.006248427093338,12.972518,val
10911,21.431095057018272,20.761267,val
7369,1.6810912394416315,1.6589134,val
17086,8.647226848536748,8.518529,val
5582,6.089812111520679,6.1363926,val
3618,6.382439948486341,6.3338246,val
1227,12.169031282979915,12.199124,val
15718,7.034601434744763,7.162496,val
774,0.4732131123568407,0.49304903,val
5738,10.110312867146291,10.052172,val
10275,4.034805066550188,4.009197,val
2468,3.693381309618298,3.7145402,val
15454,15.64293543400589,15.573921,val
13629,21.13104030223689,21.128843,val
3498,1.1434414576730043,1.1810648,val
4373,9.648387173991187,9.635417,val
11057,3.784975986928667,3.8454096,val
7721,6.5270429111453225,6.60132,val
1702,2.712057888630508,2.7045457,val
17198,18.422769699354337,18.384253,val
8080,9.575961673224551,9.550525,val
5921,12.862513066888544,12.753989,val
11213,7.954609847875223,8.021646,val
10402,10.112375789382584,10.160574,val
17976,19.68504037510174,19.646988,val
18740,18.660380607843912,18.601254,val
5986,5.092133722737632,5.1211452,val
14706,9.20804130029797,9.190892,val
5051,1.157608107395783,1.1571494,val
5006,4.998180942026892,5.0490513,val
3103,0.5477578497565143,0.5619751,val
18539,21.81207045966514,21.740244,val
2970,13.132642693403278,13.121796,val
10246,7.094724236012356,7.113376,val
16404,21.09279650620886,20.91272,val
15082,11.923195330477954,12.043457,val
15888,10.65021314148247,10.672147,val
4037,5.121991296829209,5.1202145,val
13472,14.396156032910508,14.326954,val
5223,3.0659849408148907,2.9773357,val
15372,2.0614545894476137,2.0356932,val
16226,17.17061224325179,17.177357,val
4337,12.823384034867724,12.801938,val
4632,3.587417100107881,3.5779989,val
6785,2.1084617978393103,2.1211216,val
13459,17.10565717397538,17.158363,val
18269,7.013220229424045,6.9953027,val
9543,0.3242620413358628,0.28435332,val
6999,0.7438504618327401,0.7861995,val
388,22.4047090008912,22.408607,val
2299,1.9635754606155416,1.997266,val
1452,9.204910276140858,9.281041,val
7351,3.113540302805016,3.1088912,val
15641,15.940663422208994,15.927959,val
3853,3.146996417760231,3.1311278,val
7187,0.6208348710530691,0.65449303,val
8641,11.482708425071491,11.548148,val
16778,0.7931803962211852,0.78146505,val
9742,20.44768162692604,20.475,val
12596,5.086219988237375,5.059282,val
14313,8.236987411677296,8.2801,val
12064,1.1315633301015458,1.098764,val
12180,7.481017196200833,7.5270934,val
8491,7.814047184773198,7.7782617,val
8905,5.322733055111664,5.2799325,val
11519,17.822689524532123,18.022907,val
18820,10.222726324349544,10.097167,val
7530,6.208365478055446,6.2386217,val
14422,17.890884826324744,17.966812,val
445,15.816520938417376,15.828574,val
11298,0.4174891186372541,0.40335006,val
2878,3.819934733230455,3.7021112,val
14921,7.943106224085053,7.8790474,val
16187,0.377677624853196,0.38442853,val
7030,17.27153796339336,17.27405,val
10373,13.191353002954257,13.200616,val
5017,3.987956648976651,4.0017715,val
2528,22.21604473287568,22.362822,val
17416,14.1630447117391,14.173662,val
7814,16.3727215405887,16.438429,val
12527,12.985101102492411,12.886912,val
15540,6.002751185658091,5.998981,val
2896,2.1202565928720603,2.053581,val
15102,9.487573456003568,9.43347,val
1509,2.866579787076835,2.9425159,val
15310,7.770987806525371,7.8505974,val
5163,8.72621008989533,8.687029,val
2852,6.160899775430536,6.1953244,val
9851,7.24570499834693,7.1388717,val
10758,13.567776586642276,13.376035,val
17809,14.76762044482825,14.689368,val
14523,6.961330923635932,7.0015473,val
1541,22.461474500291764,22.420765,val
18899,2.329894744686694,2.300131,val
497,8.568632956106816,8.521465,val
2116,0.9283599090217464,0.90102774,val
9282,6.018803076815125,6.162199,val
15635,15.244573397347946,15.124895,val
16860,12.10335237859402,12.239575,val
3807,7.961284279673888,7.863414,val
6899,9.713027098219044,9.7752285,val
15496,10.625106016145148,10.636458,val
10937,17.711910069434847,17.605433,val
13228,0.3794812920937412,0.37327865,val
13683,14.52553370864628,14.553361,val
12204,5.291431600036407,5.3286576,val
5995,4.102287241359685,4.162818,val
5944,9.576267209542475,9.748864,val
8208,18.38882682955948,18.345673,val
17443,10.03380164751677,9.955522,val
15501,10.382843544950582,10.469486,val
16342,4.416042987050802,4.3117604,val
16389,0.5254005217335139,0.5129283,val
10733,17.400778023823804,17.427193,val
8473,9.803890458859572,9.77955,val
17296,6.109552372017721,6.1071796,val
18456,7.708370891048935,7.6768203,val
4782,9.174513183401915,9.065048,val
1328,1.9786033992607392,2.0286043,val
3818,6.773405734755537,6.6809144,val
3232,6.606104088362108,6.603962,val
1012,16.431237597869515,16.539867,val
2425,8.01504809501765,8.0288,val
17924,2.1599450968666662,2.2253067,val
4810,6.122134266359748,6.0567937,val
6418,1.1135149381968246,1.1169176,val
3460,4.039158681752445,3.9307945,val
6556,5.803007598466156,5.8547363,val
5964,7.28847336700009,7.5572405,val
6622,21.06459922617788,21.081032,val
9125,1.737026714225325,1.666127,val
6821,16.341811101694052,16.526096,val
17077,9.56340457677896,9.502999,val
18564,18.419839438823526,18.383333,val
6604,1.1994148788994827,1.1842306,val
3511,18.95218873788591,18.896078,val
10405,9.524053100783414,9.5880165,val
3315,20.932438314434176,20.987268,val
11104,0.357730579914858,0.37306058,val
315,7.53602902439782,7.3400674,val
18464,7.092520414613091,7.0240726,val
19397,11.87967177029354,11.883339,val
1605,13.264171077265267,13.419814,val
3427,7.733434095176439,7.818642,val
7458,14.375954715318686,14.272851,val
1284,6.375936317888918,6.2688622,val
4446,2.35171632653888,2.4277177,val
11731,17.076668940376084,17.12902,val
5280,20.62553555909186,20.617653,val
17287,6.973816720278526,6.99629,val
6941,5.390765817593223,5.5608783,val
13248,19.73085013432097,19.811865,val
15816,19.79203190302121,19.987423,val
4102,19.743306049490453,19.852686,val
9530,1.1824716732264688,1.1959691,val
15236,15.671314518491403,15.682363,val
18447,8.552757391331577,8.299541,val
1208,14.118322940801711,14.295709,val
16088,9.215442516667167,9.149777,val
7233,14.319903526857193,14.528719,val
14721,7.455613815274141,7.644734,val
14076,14.546720199250917,14.5366,val
14627,18.23595212935532,18.281784,val
544,4.249905247794048,4.257456,val
15920,7.100083476717258,7.129224,val
6464,17.078021513988894,17.193733,val
19340,19.29490678471284,19.318283,val
10380,12.733781706776057,12.684879,val
2923,20.144585976020768,20.135056,val
8788,19.35702546010779,19.291069,val
5345,12.206379181503308,12.270508,val
11982,9.322991376953704,9.4824915,val
8899,5.840597060107972,5.8727684,val
8940,1.9454728146168887,1.9264559,val
6738,6.809119899443185,6.808736,val
13087,13.33496582466775,13.215472,val
19164,17.052630560903246,17.058523,val
13970,2.9897635676195065,3.0449922,val
4762,11.534083822311496,11.509041,val
17068,10.463305868172627,10.54361,val
6618,20.87960353711838,20.870533,val
16966,1.759703629968777,1.7364076,val
18001,16.8649180004009,16.91509,val
15231,15.347192145852029,15.258729,val
11723,17.892158016743064,18.008455,val
13912,8.24189046471408,8.165425,val
6799,1.179604968465596,1.1588848,val
1321,2.874277323791006,2.8046017,val
14506,9.234711533414233,9.198624,val
18784,15.724390785192648,15.857271,val
14757,3.7733729564278415,4.011335,val
4101,15.71478610587172,16.057037,val
4121,17.05756556309074,17.098263,val
3033,7.216172642769751,7.126433,val
1376,17.503713798643812,17.337835,val
16269,12.005574833084998,11.8403225,val
10410,9.508166426508836,9.430549,val
19404,10.79018577081172,10.695974,val
10694,1.0199670047168674,0.9642316,val
5916,13.104161204756616,13.077943,val
4832,3.81553746065037,3.802637,val
5136,10.72756271167932,10.627655,val
1634,9.225582953259906,9.281594,val
18003,16.80222873757675,16.799915,val
2017,9.812697440193418,9.727771,val
1405,14.268435611914276,14.233143,val
19199,11.392717807173089,11.316315,val
18627,10.63951753235922,10.631167,val
11059,3.5892914704479866,3.5816772,val
109,8.010763985215029,8.122749,val
5844,22.35690177392645,22.295776,val
15807,20.971630222871227,20.571108,val
12380,6.460149474930468,6.58694,val
4611,5.788365406550889,5.8104753,val
18235,10.64511149218621,10.847118,val
18114,3.138164998707369,3.134282,val
6649,17.12524727520114,17.042854,val
10887,1.3983523257690809,1.4235781,val
7732,5.077006288852757,5.016737,val
18989,14.243058081230489,14.376977,val
9556,19.17748431891743,19.19926,val
18814,11.887337703481988,11.899915,val
19383,14.077987536077597,14.016391,val
8046,12.411345215587874,12.42527,val
11998,7.098744131096975,7.1879745,val
17568,21.53878648514578,21.597048,val
4428,3.909611992905631,3.9488225,val
3380,13.189499433069685,12.99333,val
2598,13.152703883280903,13.215298,val
8974,15.72010116882918,16.117756,val
11351,15.747653522138943,15.689757,val
19154,18.388409910982336,18.331787,val
19091,3.36078203545402,3.2909415,val
16403,18.97613564366656,18.580814,val
4006,8.42319809438686,8.39297,val
4268,0.7486345584677275,0.74056655,val
16888,9.319736033810116,9.20079,val
74,12.02859766633299,12.052918,val
12888,13.921285500481192,13.999893,val
15997,21.019983769232585,20.760141,val
10904,0.2686651050195545,0.27309406,val
3892,0.4765214753256746,0.43582323,val
14221,18.38390909181369,18.328344,val
1072,9.125502054641997,9.220396,val
5199,5.751268635803879,5.713501,val
6451,16.69458898422834,16.578342,val
13225,0.4447316847559422,0.44322225,val
8230,14.09269734988832,14.022502,val
19122,0.9364986677874636,0.9396766,val
9975,15.005533359342992,15.015194,val
7998,16.58087449629566,16.874613,val
7774,1.2811547100251002,1.2772896,val
16115,6.874750947639391,6.777509,val
2575,15.722010693746803,15.723158,val
18581,16.508657789442612,16.398792,val
16020,15.933257766318944,16.022648,val
1800,12.76197487984704,12.705716,val
15872,12.737635171834844,12.686275,val
13766,5.152917819322448,5.124789,val
7328,5.231869081147897,5.230901,val
14056,17.103144898754724,17.078527,val
6385,3.859137482705196,3.798244,val
18913,1.193455749090362,1.2511021,val
6534,8.331865379677474,8.400604,val
1262,9.129715286405876,9.156576,val
4940,12.34475711880714,12.313349,val
12803,3.0516800265645903,3.1943974,val
18292,4.843897111967727,4.7407284,val
14272,12.615133508342325,12.613886,val
14383,1.7476617574978532,1.7041849,val
16896,8.597805521287052,8.483212,val
18360,17.815153449845564,17.857666,val
18091,6.093346603217985,6.09223,val
12292,17.89299950043019,17.889242,val
1989,12.496135741619089,12.5016575,val
17016,16.65354316536187,16.518711,val
8274,8.629877660630797,8.712726,val
2739,19.266604938050914,19.177876,val
14908,9.27986894752389,9.390632,val
7125,5.590941176497604,5.66429,val
8768,22.05956120004411,21.898449,val
489,9.711127466282152,9.710913,val
17973,20.717947308914614,20.713816,val
15465,14.317566320426966,14.349325,val
12896,13.739271765576063,13.612259,val
11787,9.7498377993388,9.862382,val
13809,0.7258043978681533,0.73948205,val
3519,18.46403749909645,18.235518,val
17285,6.672155204649977,6.660308,val
5868,19.297073440872843,19.140972,val
14094,12.07392439965571,12.033986,val
787,18.95255720172749,18.956713,val
8160,1.351685200165942,1.4322069,val
8064,10.755940228600714,10.714021,val
17150,2.3362330703201497,2.3646653,val
17721,3.581212677539128,3.642004,val
11685,1.061899794137782,1.0667136,val
12786,4.707587208028984,4.7558417,val
4368,9.670522417132377,9.734951,val
18088,6.132086394546279,6.1258993,val
7898,7.133393322044386,7.2420354,val
5965,7.259696098763511,7.6051965,val
10826,6.860605527377826,6.742296,val
9909,1.470443529621925,1.4416484,val
11150,14.101428549860856,14.098209,val
6481,13.557407047568766,13.408674,val
4360,10.39405251074932,10.365565,val
5723,12.003980068633968,12.243933,val
7767,1.966788621960031,1.9415586,val
19402,11.6880621505976,11.728115,val
18520,1.3552437212531845,1.3849684,val
17609,16.167456496259845,16.177618,val
280,11.293459779872284,11.370318,val
16248,14.409354427480284,14.408408,val
1567,18.411242036032554,18.551785,val
14091,13.288369105752112,13.280719,val
8239,13.41462554129881,13.3028555,val
16877,10.613186992529169,10.665386,val
628,14.244645044343589,14.327486,val
27,17.522034209993237,17.428194,val
8511,5.722888014189911,5.6420426,val
1450,8.345797682511224,8.482661,val
7300,7.851996810000946,7.873866,val
6955,4.396073073840202,4.40789,val
15342,4.976497094788476,4.8539267,val
8812,16.027974309825048,16.098934,val
3987,10.78026978604785,10.780604,val
17848,10.18251322332844,10.3049135,val
2754,17.623745554515722,17.527409,val
13512,9.40073365583908,9.30046,val
16987,19.649589570519574,19.417387,val
14240,17.056931032777527,17.03264,val
16666,10.991588702447492,10.91661,val
6605,1.1525849654116562,1.1160078,val
3966,13.246355883116037,13.2163105,val
19051,7.271730032921898,7.2379913,val
7702,8.387730175949024,8.288085,val
11397,9.383830979229364,9.4240055,val
5347,11.921794400079914,11.897719,val
7224,15.162200131105577,15.315091,val
11018,7.737524188839737,7.782241,val
3152,15.481848503951198,15.426575,val
973,20.50950319766776,20.243864,val
2486,2.2852124133112683,2.3103333,val
6526,9.122296702472022,9.154418,val
8958,20.37530553038941,20.265503,val
8652,10.117829029587831,10.0871105,val
13795,2.266598725329866,2.2336195,val
6247,20.109585112963817,20.160473,val
14827,19.01532924649134,19.189745,val
8533,3.670086426622023,3.6205544,val
1666,6.105680901838492,6.3276787,val
7601,20.139968497368667,20.262438,val
15447,16.676305580813676,16.664236,val
13515,8.723192811176206,8.670552,val
2303,1.752824251450369,1.694289,val
12208,4.803830014279168,4.786363,val
15538,6.064548732612659,6.062498,val
14749,4.576493034417783,4.6890693,val
4023,6.192414761725769,6.18131,val
5990,5.010816338765415,4.895403,val
9779,15.8502541663,15.727871,val
15018,17.488596031467974,17.50708,val
16984,20.995964452750563,20.91879,val
16676,9.971807416487042,9.877159,val
5307,16.654235116544278,16.732721,val
7381,0.8987499406330793,0.89258605,val
1501,3.8813864452046505,3.870631,val
9161,20.647419571012087,20.458635,val
18035,11.980806002909532,11.953662,val
1967,15.464561720093975,15.519247,val
8728,2.772959799239477,2.7952495,val
16677,9.72934020094465,9.675064,val
7215,15.941097522853706,15.792373,val
8108,5.982882115310996,6.008566,val
3672,1.564972242971103,1.5186627,val
14077,14.545336424106418,14.5366,val
7062,12.59485254349154,12.465941,val
2472,3.7411229725310817,3.7082255,val
6511,10.325974550623965,10.3231125,val
8083,8.80242627090942,8.7553625,val
16797,19.4038127276022,19.504358,val
14682,11.644422170690518,11.645274,val
8526,4.07363047653222,4.138558,val
15668,13.233970162962818,13.025393,val
17242,11.265858253231077,11.244363,val
10351,16.394329911267725,16.285889,val
14110,10.852363564936038,10.852968,val
2105,1.6950231413970476,1.6560689,val
4665,0.847478497399109,0.8098576,val
10119,0.5902131750729179,0.6023329,val
8074,9.674512726289851,9.565353,val
9588,14.929070322667265,15.124837,val
3375,13.6701631937562,13.665453,val
950,2.131074191690386,2.2976563,val
6547,6.728314119556676,6.684291,val
8624,12.809661101611304,12.869198,val
5569,6.605530060744253,6.553381,val
15199,0.2457036902608609,0.25384003,val
16230,16.328026106483623,16.23964,val
3054,4.82125005862496,4.8853617,val
1698,2.96585533550497,2.960763,val
15829,18.02221280982702,17.909933,val
18603,13.89997233697292,13.923002,val
12039,3.1679252037366044,3.1686552,val
16692,9.041650049360042,9.073355,val
18358,18.799099589185616,18.774256,val
18794,14.424432395811989,14.566278,val
9749,15.573679374886217,16.678196,val
1674,5.263357656447705,5.1917834,val
17664,9.545499176237955,9.478938,val
15733,5.166074572671412,5.1050706,val
1025,13.624563089027992,13.500153,val
18822,9.697232696706038,9.720567,val
17494,5.9889227886394965,5.821629,val
9146,0.3869067135065007,0.3193349,val
6388,3.680440396111012,3.7054882,val
14374,2.48652187846237,2.4613147,val
5299,18.19102435056904,18.238325,val
1817,11.32078567588267,11.2715645,val
10983,11.156261920340777,11.132645,val
1434,11.021905379767938,10.982973,val
8697,5.8722575331326174,5.895503,val
7015,16.971857448498547,17.076582,val
14919,8.077774553540474,8.254536,val
3493,1.2622230296003316,1.2210068,val
877,9.2374188526964,9.379609,val
18856,6.715581923997172,6.6816936,val
14441,15.892070000435336,16.007404,val
17749,1.1588569877977954,1.146497,val
9719,1.893942652674125,2.03733,val
14233,17.485953294841313,17.413269,val
17905,3.966992138799459,4.0550528,val
16432,15.728245286744036,15.550333,val
1730,0.580842125654434,0.5970815,val
18978,15.670955265743451,15.868385,val
5483,14.432206687072208,14.582131,val
7048,13.167284154877596,13.024195,val
10235,8.256932849915465,8.247725,val
5331,14.012540105418896,14.054429,val
8386,21.07525197693501,21.145739,val
8076,9.284419852875429,9.184355,val
19058,6.612333435023139,6.7003183,val
9474,6.12952456411148,6.2689962,val
1644,8.210679581754588,8.170282,val
14218,19.60507823165525,19.568947,val
245,15.438687680757912,15.399965,val
416,18.409129521799763,18.396297,val
4923,13.816824087129188,13.797704,val
18961,17.214134641531423,17.20676,val
18426,11.171853967144171,11.058649,val
18401,12.856965866983543,12.7659855,val
5928,11.794597974354552,11.797065,val
2159,17.1917934619713,17.207367,val
12035,3.5785088826689284,3.5996804,val
501,8.548810182127795,8.521465,val
5450,1.3099266761114994,1.3045933,val
7217,18.901926036653315,18.817778,val
8710,4.33088313965665,4.2808504,val
14410,19.457602252213537,19.630016,val
6555,5.937294126040976,5.951008,val
19159,15.587392568223494,15.552637,val
5068,22.506684054244683,22.381014,val
19178,13.873708089922422,13.858956,val
9132,1.1765082710624246,1.199792,val
14413,18.72905515701044,18.809479,val
18803,11.505812915665688,11.595981,val
1883,3.7001222198128105,3.7647789,val
17241,11.503726593135246,11.52589,val
13075,14.7633547098768,14.823465,val
17556,0.3102222221326857,0.31582034,val
1131,2.8823755800676287,2.7890794,val
16301,8.521112362106043,8.528194,val
2036,8.011448299594866,8.035102,val
12517,14.206618795705062,14.10991,val
1904,1.9071429470624657,2.0711298,val
13555,4.912255127308656,4.9624634,val
10415,8.553027165430548,8.5526705,val
2114,1.0285544898545789,1.0567731,val
1514,2.573287606817785,2.5282958,val
4729,14.786150388663176,14.970593,val
17412,13.006261471223004,13.040185,val
18607,13.064129848981931,13.005918,val
12950,7.338769503606581,7.3013887,val
8501,6.754014112400643,6.669532,val
11437,5.282195248358273,5.260065,val
796,18.431770000775405,18.386715,val
3116,19.30503428038237,19.2712,val
11349,14.397073634441616,14.316133,val
9854,6.564234170358989,6.546808,val
16365,2.119857072055237,2.359728,val
9555,19.68394221995864,19.658667,val
9785,15.79464319203962,15.809564,val
10707,0.0609167044677936,0.13212043,val
3288,1.3818270725469732,1.401997,val
18436,9.99290489164277,9.872378,val
1469,6.556663673913253,6.6337657,val
13939,5.7959357334693085,5.875509,val
14280,11.950535065707577,11.872609,val
8515,5.181183249643932,5.3372116,val
8570,0.615315535237677,0.6597704,val
410,19.72523803371021,19.7503,val
6111,11.287753658933749,11.199739,val
819,14.996743434786437,15.177934,val
15887,10.718771278657764,10.8474455,val
11064,3.204985784668168,3.0806048,val
2649,7.264399378298929,7.2779455,val
13646,19.774896043335914,19.736855,val
16085,10.25810613953889,10.196427,val
3698,20.545402877774567,20.34934,val
8032,14.732239137542074,14.638999,val
18288,4.933632349285702,4.9937615,val
15858,14.324441866847511,14.266552,val
2211,10.669713849717825,10.600634,val
4067,2.2346868728420106,2.2371733,val
12537,11.780771031887904,11.727199,val
8630,12.940886790852367,12.941758,val
19344,18.41590765828901,18.318422,val
12142,12.446969175474324,12.469144,val
1211,15.69972070138606,15.666629,val
9384,15.483720808417273,15.459557,val
1925,0.3644684455083678,0.32942316,val
613,14.056539104781454,14.880649,val
1383,17.52873557573606,17.500448,val
4019,7.281045981770667,7.288703,val
9107,3.1979814879720325,3.2001193,val
5113,13.605679664172529,13.407006,val
15002,0.6052076591246195,0.5988306,val
11677,1.7322042272892006,1.7735261,val
2823,9.380261827483842,9.4754305,val
11529,16.788621048719662,16.8531,val
15336,5.3013276544338,5.334047,val
12207,4.896776044756723,4.96321,val
3678,1.0994289827752424,1.0845327,val
18938,20.31709144026735,20.2421,val
7340,4.073092149608265,4.065194,val
1138,2.0062812091386606,2.0345368,val
10010,9.873130028120247,10.186643,val
16661,13.18148105778536,13.291946,val
12341,11.858573286154586,11.797539,val
13471,14.814497179343098,14.769449,val
2293,2.545868969066488,2.487463,val
17233,12.317117503279407,12.322033,val
13110,11.639998145811472,11.597507,val
7735,4.876095397774357,4.9231396,val
13185,3.458627428135237,3.4982636,val
13128,9.04646465254635,9.066568,val
6806,0.5968341568314656,0.5819053,val
3598,8.427238686424113,8.393927,val
16458,12.98860173681977,13.094946,val
13714,10.80490264967719,10.832481,val
7234,17.089527140774997,17.134548,val
8245,11.539225600765985,11.5496435,val
16565,2.016781546209609,1.9913396,val
15972,2.107667954069232,2.0056345,val
165,2.651403294804451,2.649123,val
14479,11.820123558601033,11.835534,val
13396,2.137098494698812,2.1039064,val
1192,17.876284613226776,17.762285,val
8885,7.4010282335148,7.505804,val
13743,7.315901767615489,7.3222494,val
4979,8.105981049414908,8.154444,val
11418,7.169432045367838,7.0400615,val
1042,12.706451584088228,12.821603,val
6866,13.873314196172474,13.897866,val
19266,4.634526200650414,4.6387258,val
10993,10.119908072478356,10.125562,val
638,13.240951747871094,13.297266,val
5740,9.85402966774531,9.79855,val
7276,10.75078331372731,10.750594,val
18432,9.273471760041373,9.520699,val
12852,21.1144161633502,21.13126,val
14069,15.81320358050788,15.790301,val
6065,15.873302327573205,15.836163,val
2553,18.36359653457676,18.341057,val
13011,1.9218240226764256,2.0676987,val
4212,5.753805124591926,5.736132,val
4905,15.773621431230682,15.772121,val
6664,15.476449949329774,15.446633,val
16729,4.598197714783817,4.640645,val
13488,13.234166366128804,13.018637,val
8735,2.054072039208772,2.1211855,val
3419,8.625075574564374,8.773135,val
231,17.055272946207154,17.120064,val
15874,12.570769267779085,12.499535,val
7252,12.783734365637896,12.836042,val
4194,7.289146398432813,7.2521634,val
7981,22.47385998337689,22.625153,val
2815,10.331781826757627,10.37475,val
7765,2.0482227636695174,2.037892,val
18276,6.044423681469655,6.1683583,val
10786,10.967770878797944,11.021654,val
126,6.145172718807764,6.124139,val
14386,1.288001394284815,1.4531913,val
6992,1.0993413572248327,1.0566186,val
17989,18.236014264104927,18.28874,val
3979,11.992713616296236,11.966204,val
1142,1.8588857297168029,1.7834522,val
8844,12.0506918553102,12.232462,val
16612,18.37045319900488,18.329433,val
11444,4.642298556434139,4.745614,val
3875,1.326184745496403,1.3064232,val
14111,10.849720359880738,10.852968,val
3725,17.847807261090427,17.916534,val
135,5.467689986832008,5.246944,val
3364,15.040035800812914,15.059658,val
2243,7.1982050605016585,7.0986276,val
15677,11.98917888631801,11.881146,val
6815,19.88786308389,19.669682,val
11905,17.806719980802434,17.741358,val
16843,15.140034614789858,15.145933,val
4874,19.637803610394368,19.66236,val
17464,9.438580623243174,9.353225,val
17273,7.965005122332584,7.9253435,val
18130,2.1917444598168245,2.2045147,val
6985,1.6885566038650683,1.6768615,val
12052,2.0493489777161247,2.0257156,val
7435,16.99328987632647,16.967173,val
7905,6.436994337120573,6.414862,val
17110,5.95592980991793,5.9109592,val
8561,1.254045019579328,1.211312,val
18526,0.9757223944330208,0.9341084,val
19146,18.24277408750737,18.37974,val
15072,13.176937082298323,13.364388,val
14084,13.30135350681353,13.280719,val
10661,3.64013547636632,3.5836813,val
5126,11.6165090190562,11.60261,val
18750,17.742229952724003,17.69763,val
6518,9.863454952914063,9.917693,val
8103,6.675539036837014,6.646688,val
17422,12.093456260237064,12.048287,val
10842,5.569584328495801,5.490186,val
10920,19.482158503933487,19.441992,val
19263,4.679147297348596,4.7973323,val
6535,8.158213969797803,8.290773,val
6430,19.119378210896866,19.022863,val
10403,9.906622733248367,9.968404,val
14412,18.961187646051545,18.970873,val
3718,18.234339900002308,18.249748,val
12432,1.868922809094578,1.7841095,val
10810,9.421463957068203,9.342585,val
16108,7.158877233004397,7.218451,val
3199,9.159074062235796,9.185291,val
3080,2.208871058551685,2.2364979,val
15666,11.622444822730984,12.008061,val
14409,19.73136379279575,19.810137,val
6713,9.49812226077754,9.43759,val
6079,16.11282333133197,16.099669,val
3950,15.77965110141978,15.74416,val
15986,0.678749101722304,0.8009134,val
9362,18.601588281224423,18.442423,val
19264,4.945391903836395,4.9336658,val
9006,13.161522009275666,13.196559,val
9246,10.083753387234244,10.014928,val
18154,21.14610464882272,21.235832,val
11501,22.43495092727082,22.258394,val
4020,7.278829639591263,7.288703,val
13216,1.0162521718870876,0.96783876,val
18931,0.1949605202991114,0.21935001,val
13933,7.122919072853015,7.170062,val
13077,14.36000603482073,14.325036,val
3453,4.874661325429193,4.9035687,val
17631,13.381254814245288,13.365756,val
9408,12.385257011932408,12.538201,val
7585,0.8114373197574941,0.84595984,val
25,17.860765285486245,17.842718,val
18934,22.51542426191869,22.536484,val
1930,0.2407087925058232,0.23908754,val
5250,1.0053217551564229,0.99900836,val
8722,3.1640729255902142,3.1691895,val
13758,5.157797388719146,5.124789,val
399,21.057581584916097,21.042156,val
4655,1.537298684675643,1.4928935,val
2306,1.3135126561853951,1.449712,val
16531,5.106290745520882,4.979421,val
2836,8.014383118302893,8.024091,val
10610,8.881164051517532,8.822014,val
18749,18.274258256751096,18.243141,val
12720,11.306294972039044,11.223737,val
8990,14.065935000291423,14.222765,val
13668,15.808577754786564,15.783168,val
12407,4.049098595906071,4.0044265,val
10296,2.179913550512987,2.2105875,val
12077,17.414562695595247,17.27099,val
1100,5.012411846163792,5.193764,val
11758,13.040039663310672,13.013154,val
14734,6.214021604983441,6.028378,val
13893,11.891741974631351,12.010746,val
14765,3.012744639220013,3.1009302,val
18738,19.88023408161853,19.845242,val
3298,0.7492731857382932,0.7175631,val
14230,18.630079120277,18.516508,val
145,4.483106000862084,4.293256,val
7249,13.690860514310732,13.719172,val
7778,1.157761779433463,1.1181271,val
4827,4.236339767291211,4.234249,val
9837,8.139761187543485,8.05527,val
19360,16.727321099367785,16.757648,val
5493,13.602528195109215,13.521039,val
9590,17.003136339556736,17.031729,val
2772,15.505877743120603,15.666756,val
13781,3.172500648786612,3.1632493,val
3179,11.098055595648884,11.205738,val
3559,12.654087771083775,12.594295,val
13803,1.4428153026543853,1.4491639,val
11711,19.759625103901485,19.746132,val
16700,7.20772752414716,7.2554045,val
18344,22.476428115674537,22.424408,val
11828,5.333401299307084,5.255894,val
3714,19.4180732334074,19.390022,val
10124,22.09788453987857,22.069883,val
8527,4.002754765613988,4.129483,val
10590,11.100713938870852,11.044432,val
18165,19.435545602279507,19.589067,val
14346,4.943533743041313,5.0340137,val
11387,10.450705076227402,10.526865,val
6168,5.675300762220392,5.6693916,val
5653,22.11183994256829,21.896883,val
18333,1.2614571994212749,1.2204281,val
1051,11.8906222189384,12.051177,val
18837,8.731849106469362,8.594553,val
13021,1.2256291751132855,1.2817203,val
4371,10.61590494744712,10.564572,val
11565,13.42869882758847,13.450509,val
18188,16.513982097092537,16.489632,val
17261,9.366293921362994,9.381933,val
11967,10.460105046933718,10.522136,val
15037,15.48871042098456,15.478878,val
18265,7.186026624114472,7.266073,val
9520,2.014448848463528,1.9823102,val
19020,10.647760144876742,10.723509,val
15559,4.012162158734506,4.070517,val
5404,5.668630414065929,5.6722507,val
17101,7.230417316199434,7.267879,val
3475,2.854650462238808,2.8408363,val
11803,8.065786466099174,8.050242,val
16864,12.441430748365647,12.435825,val
9459,7.307116868264593,7.256377,val
4030,6.178551189788053,6.18131,val
18848,7.400891677573282,7.3126097,val
19359,16.7841379888954,16.839197,val
14978,2.1648902304400828,2.1955817,val
19150,16.173745900525578,16.192053,val
8860,10.21999088802623,10.212621,val
12798,3.583044281957245,3.5595455,val
18155,20.7435425294556,20.901552,val
5395,6.61957326109505,6.619245,val
10958,14.442751056334078,14.499802,val
4324,14.587302176073573,14.578551,val
13425,0.3559929708875115,0.33141318,val
14941,5.82042143114336,5.6966558,val
18923,0.5937572554254752,0.6581772,val
13920,7.579153372138241,7.583725,val
4496,16.69883540233819,16.959066,val
3251,4.769540761481017,4.737326,val
3654,3.0119872187750287,3.0414276,val
3792,9.514895459517916,9.448071,val
11832,4.910691498226192,4.862775,val
6304,13.146480531709033,12.923176,val
16055,13.807132183449683,13.71361,val
4847,2.4553283361312666,2.5115044,val
9127,1.604163626183824,1.5508189,val
12867,16.38872219350452,16.267132,val
13760,5.156574078763313,5.124789,val
15430,18.920471471448256,19.041782,val
210,19.63154037090544,19.617878,val
18809,11.62005063926178,11.491822,val
15440,17.67404251072113,17.82657,val
12470,20.18587341790072,19.667765,val
10848,4.644827126179789,4.6386795,val
13723,9.613534707413596,9.656464,val
870,9.609719375544843,9.980438,val
10167,16.55733331462646,16.592455,val
9857,5.947978399799343,5.929213,val
4666,0.7887059492260644,0.785901,val
3778,11.205624702388109,11.256365,val
18296,3.992846132375303,4.0077667,val
2666,5.150778592883353,5.161536,val
12585,6.1529955789604935,6.2822766,val
16219,17.604442301392602,17.607761,val
16781,0.5031933852418469,0.50179505,val
15788,0.5753030576257508,0.6050579,val
4927,12.998886899729545,12.975078,val
9888,3.099870876072041,3.083593,val
11735,16.12085425115606,16.096758,val
11805,7.798710502281376,7.777551,val
9927,0.3712386595510569,0.3953131,val
7801,19.71405172105602,19.622442,val
18161,20.03936741104736,20.021381,val
16001,17.683646016426128,17.827332,val
16663,11.995506394787476,11.948306,val
18462,6.227623134148299,6.339903,val
7993,19.29193388410869,19.111275,val
18354,21.086510257810264,21.013956,val
16770,1.3126499640281843,1.3600086,val
8646,9.95497111009546,10.093893,val
5206,4.341372611195519,4.3185782,val
11050,4.431756167917409,4.496171,val
15580,2.177962031905994,2.2373126,val
19378,14.30540579202411,14.305616,val
9789,13.708180684070808,13.719705,val
17098,7.25385548195857,7.189595,val
11193,10.194054727501602,10.231858,val
8621,14.04208960068372,14.030414,val
26,17.688545334338873,17.648941,val
3564,13.24581876529263,13.107013,val
10888,1.3320738885922638,1.3989145,val
6269,17.060950462578457,17.063337,val
13653,18.433904837973813,18.422369,val
14388,1.208650234109463,1.290286,val
8006,16.421013471240133,16.42264,val
8866,9.530999274768195,9.537336,val
11245,4.570216387108979,4.6463103,val
19142,16.4134256813766,16.63822,val
12422,2.760360853438574,2.686841,val
17853,9.867910878530854,9.5971365,val
3326,19.459623907151443,19.55706,val
14151,6.289019042382859,6.3007836,val
1646,8.304551146574012,8.475904,val
2015,10.28649094479889,10.299208,val
13924,7.859908487410437,8.042716,val
19323,21.64909643254952,21.758804,val
8025,14.770883389181272,14.683256,val
1297,4.73021064108374,4.660685,val
19111,1.6890407939347298,1.6989998,val
13057,16.81432791668514,16.93535,val
9704,3.2774599934083186,3.2875664,val
15045,14.85608899385253,14.776885,val
17028,14.89696763491786,14.97737,val
8800,17.658914834480946,17.788216,val
16748,2.983778000231752,3.0514784,val
981,21.11238097762606,21.231157,val
15620,18.926830625904035,18.98225,val
10854,4.2399402966064805,4.0848236,val
924,4.471176308724656,4.382791,val
8504,6.53851257850148,6.412065,val
402,21.06174379107689,21.042156,val
2088,3.062298119053696,3.0985234,val
9265,7.944949089513988,7.9478536,val
8970,17.489909954356545,17.579878,val
10680,1.9821755377486967,2.003207,val
18169,18.94520680261304,18.826996,val
8642,11.147940473744873,11.182763,val
4263,1.0546895188552936,1.0473549,val
10729,16.05711949996761,15.98978,val
53,14.42913318068435,14.334469,val
12973,5.801337514235783,5.907302,val
18765,17.916079348241457,18.066507,val
3751,14.084593223852425,14.07847,val
17290,6.414652744346165,6.441989,val
10640,5.704194976955696,5.6820097,val
15802,21.32506324855771,21.198324,val
6262,17.41309449107116,17.709913,val
9071,6.987982540932827,7.0271344,val
16451,13.594224704238725,13.591927,val
5439,2.164467513690093,2.20402,val
557,2.4147585249396752,2.4110744,val
6344,8.27692220105449,8.104655,val
2762,16.75249355283313,16.84602,val
2237,8.089232483365288,8.143754,val
10034,8.536044534223617,8.301365,val
858,11.145927364032191,11.247919,val
15699,9.012455547102723,9.135283,val
6841,14.797661612776071,14.987876,val
8549,2.0953801533249723,2.1279418,val
6207,1.947090595218019,1.9767288,val
1371,19.735561158060243,19.772896,val
1119,3.4740451540660846,3.565955,val
14363,3.4007710344676343,3.3811505,val
6356,6.938360020215706,6.8507495,val
9755,15.936914637673851,15.185494,val
8516,5.076572690774654,5.2190046,val
12948,7.784185206151177,7.8445544,val
12446,0.8633783952678533,0.89375013,val
12248,1.4587302757788838,1.4324124,val
10903,0.2875901139974323,0.27583268,val
3402,10.49720566661621,10.405145,val
9687,4.693944695962438,4.7649565,val
12929,9.547102795511195,9.562075,val
12971,5.276125311687215,5.393618,val
11859,2.468053350477698,2.4828312,val
2208,11.312329323371944,11.3118105,val
669,9.236437947118956,9.049118,val
4833,3.713271600555984,3.68016,val
8528,3.938753973938073,4.0647445,val
14080,14.541407880222028,14.5366,val
829,13.98578762152862,14.279931,val
10561,15.313252776816226,15.262736,val
16940,4.003051892247433,4.089904,val
204,20.194187678498555,19.993292,val
19141,16.718326229328042,17.052681,val
8902,5.578637297512968,5.5483346,val
18579,16.675859686267003,16.712526,val
12460,21.40496853194541,20.746634,val
12643,0.7409286398448055,0.75251406,val
4068,2.233670698195605,2.2371733,val
18413,11.078982031477649,11.304273,val
14406,21.03375490497553,21.127583,val
16798,18.94417996447786,18.897547,val
3004,10.28152973233806,10.211233,val
110,7.916136024485678,7.955044,val
11734,16.356769284964287,16.355984,val
2323,0.4435577973348006,0.46750584,val
7666,12.719459350412416,12.677527,val
11216,7.486974830483643,7.4468307,val
11596,9.767106225904914,9.737929,val
12017,5.252004896321775,5.186397,val
10685,1.659536650804343,1.6291493,val
5619,2.1937652394642124,2.170883,val
6512,10.10840881529205,10.116297,val
18586,15.644081345555634,15.699558,val
8291,7.221504684711157,7.2223577,val
1177,18.1105830376696,18.148026,val
3309,0.2243254208312309,0.21307684,val
3740,15.422635044431123,15.435634,val
12597,5.06680366933939,4.9703593,val
1130,2.517260582878136,2.6903532,val
16240,15.221787873306216,15.121163,val
3866,2.0851003351873283,2.1038392,val
19347,18.201280442266498,18.168379,val
8750,1.013206968798693,0.99645996,val
13154,6.444878041163125,6.4326015,val
7049,15.719080823357787,15.660514,val
4931,13.189378692043205,13.171462,val
485,10.865253214455436,10.890066,val
1996,12.083290664289382,12.079094,val
13855,15.85690533465337,15.873773,val
13827,21.104239975428992,21.1555,val
10365,13.613010967511077,13.54384,val
18866,5.638009070923837,5.550884,val
11589,10.330105526338484,10.517482,val
6987,1.5418575400067418,1.5581315,val
14162,5.228834667281602,5.2187467,val
15848,15.587630385320695,15.5497875,val
12480,18.956124220355075,18.63244,val
6149,7.573828023583603,7.542559,val
8558,1.3424174753214837,1.3944174,val
4012,8.408301028097267,8.39297,val
17600,17.24238695667167,17.200666,val
15397,0.3569192674760129,0.37029585,val
19214,10.67248265255154,10.5890255,val
12431,1.9464937421112705,1.8355548,val
14570,2.578107446035305,2.664066,val
6479,14.15913226396374,14.105851,val
3090,1.474175146191838,1.477276,val
7109,8.271393161770733,8.142845,val
4356,10.99203259675077,10.964795,val
13834,16.095158416190685,16.160828,val
16267,12.303486529129971,12.237333,val
4141,14.447039581274389,14.286231,val
4484,19.114823755373195,19.078758,val
3915,19.78002174680264,19.765043,val
12109,14.40232162325344,14.2439,val
7839,13.278077344335438,13.361563,val
17126,4.4866786313518245,4.473456,val
17988,18.273540173912536,18.28874,val
13993,1.1796710338989378,1.229285,val
15748,3.9210630602616567,3.994133,val
12344,10.989644337073717,10.76418,val
18213,13.796393632041664,13.556381,val
8962,17.86632448991294,17.812231,val
5459,20.94068189747226,20.82389,val
12413,3.597685662343032,3.52342,val
16693,8.693863064519302,8.613747,val
14060,17.102259699116107,17.078527,val
17891,5.659503466262525,5.450362,val
13475,13.279220300481668,13.274133,val
15717,7.261133067809593,7.173372,val
9855,6.352852458056853,6.2858286,val
11938,13.409214590842524,13.393524,val
9461,7.918083130528165,8.045387,val
15983,1.2974498444127438,1.2343675,val
17330,2.6197433878974747,2.6078799,val
18414,13.125534135506507,13.150008,val
8579,17.292063010113292,17.10991,val
4708,17.45946135857906,17.533089,val
15989,0.6516905042920923,0.67211854,val
988,15.644576529801387,15.749689,val
19235,8.037490706842926,7.988605,val
16324,6.157350290364851,6.056278,val
14959,3.930759829990349,3.8873348,val
1484,5.471324123185837,5.4267926,val
15852,15.155304705061877,14.973173,val
17185,16.959464384319197,17.040659,val
11212,8.151354513468718,8.279632,val
13330,8.522869942036921,8.58343,val
9053,8.700091108877908,8.581904,val
8782,19.8802212038186,19.988894,val
2587,14.415816448869062,14.472499,val
1663,6.338819401151108,6.245028,val
12871,14.763755996403368,14.56242,val
6462,15.313949635564782,15.260654,val
12088,16.361620997565815,16.275534,val
14881,12.475578449567186,12.45562,val
17683,7.439499778662196,7.569917,val
12221,3.832463066518191,3.6830027,val
6380,4.521586470430586,4.55669,val
1252,10.313167324726669,10.315126,val
18634,9.601943713140004,9.648314,val
9256,8.965546155426932,8.953718,val
13024,1.025697391232629,1.0120405,val
7550,4.164436726271734,4.0239716,val
5064,0.4205015009743369,0.41587055,val
1155,0.8508166921500568,0.79539263,val
5398,6.185342281317743,6.188844,val
17348,1.16746441550307,1.2147387,val
6312,11.789279621181494,12.033213,val
17483,6.251867319040638,6.186334,val
5633,1.1809847621802243,1.2491349,val
11463,2.8500744034941525,2.8825245,val
6848,15.14460608151383,15.257702,val
12231,2.8553334484890307,2.8305295,val
10260,5.835967245478202,5.8850718,val
15353,3.7853326328735255,3.7899725,val
18423,10.022240015593994,10.331326,val
2532,21.062713927441795,21.039814,val
11479,1.630323912459255,1.6463081,val
560,2.4016322664781127,2.4110744,val
17387,17.404128127949633,17.394482,val
16369,1.921496582358846,1.9212239,val
4451,1.9618243156135664,1.9855739,val
3349,16.453437495734054,16.59032,val
7230,15.760782663225996,15.82169,val
17278,7.839410976432037,7.886363,val
4007,8.420692514980917,8.39297,val
326,6.119043188833831,6.155561,val
458,13.31980762192387,13.305281,val
9392,15.341558946874333,15.267045,val
13799,1.444737342312406,1.4491639,val
2158,17.592767086895638,17.655052,val
8765,0.2506768351481487,0.26642203,val
3361,15.561150477810054,15.467885,val
16395,21.30043119978985,21.37389,val
6943,5.748351929376554,5.6898932,val
261,13.49835828239118,13.579196,val
805,17.78536942368387,17.74093,val
4591,7.973282000268187,7.9496174,val
15801,21.518294917434314,21.440065,val
14445,17.060141990956545,16.880846,val
1705,2.2663103019982653,2.4335387,val
9009,12.265126279958602,12.384615,val
10977,12.457735894369314,12.252366,val
19255,5.835014060528411,6.0700264,val
1880,4.141745402902413,4.0597615,val
10430,7.404996643059303,7.389951,val
3382,12.904713378144018,12.775112,val
5818,2.016320062486745,2.1030633,val
10357,14.244659775910614,14.33053,val
443,15.81932386904645,15.828574,val
15409,21.54811363477759,21.802597,val
3711,18.46140309844603,18.602242,val
16086,9.865904864937406,9.789412,val
3243,5.371985924603658,5.3161583,val
18515,1.8504258298000755,1.7794654,val
9075,6.238164609846749,6.238418,val
1037,11.667971305944342,11.605311,val
139,4.829492732701357,4.90555,val
6812,22.47383238125793,22.530388,val
14796,0.5019540787486483,0.5114142,val
2119,0.7978989796719554,0.7755242,val
16254,14.477674756475704,14.535438,val
4780,9.535772582133248,9.432069,val
4640,2.934812185350144,2.9967933,val
4856,1.726788609413805,1.7388021,val
4961,9.833350029609266,9.71234,val
6233,0.3459204551000989,0.3669632,val
12368,7.842634351382875,7.934324,val
3662,2.3039025774532176,2.3117383,val
12902,14.437628637022035,14.638321,val
5464,16.870370086384657,16.42975,val
6995,0.9384783406609052,0.91804254,val
17881,6.698383775061139,6.4043617,val
10919,20.195877942293727,19.60399,val
11197,9.456499993321534,9.418053,val
14954,4.686495935391523,4.40335,val
6767,3.817073496552697,3.7844925,val
16881,10.710653124133872,10.753048,val
10704,0.4333951884226553,0.40124384,val
12070,0.841264015973192,0.852886,val
16917,6.313355975899197,6.218479,val
2674,4.155717523434013,4.1533127,val
4899,18.390165792958182,18.381878,val
11593,10.285362382537604,10.274595,val
16323,6.307357981639552,6.074182,val
19072,5.150511759965398,5.0707183,val
1365,19.1846165702418,19.039297,val
1906,1.8923144749818668,1.878947,val
10175,15.458893304116753,15.346353,val
14704,9.298595866758085,9.2675295,val
6401,2.609375147064399,2.6150048,val
18543,21.284126728237563,21.206638,val
5656,19.208376404611307,18.775595,val
12238,2.211854718852543,2.2898235,val
5508,13.138355204051749,13.1087,val
7082,10.439811195184229,10.444278,val
7388,0.4358758873758196,0.39069137,val
6829,16.540842823349944,16.728363,val
10925,17.41497806118517,17.560295,val
13254,16.39868183901072,16.419067,val
16333,5.319266695977951,5.050344,val
6572,3.9830882761415887,4.0687437,val
19289,2.4388870250713235,2.3904076,val
7826,14.804602461587267,14.681308,val
11796,8.774240436507526,8.756954,val
17342,1.6619971349707725,1.5917139,val
4025,6.188423835670754,6.18131,val
9296,4.751191117994488,4.7508144,val
15354,3.647284711461475,3.689784,val
10928,18.95449006857115,18.825254,val
309,8.002929747082623,8.039336,val
7156,2.784880015654,2.6481943,val
2330,16.409619660341278,16.716267,val
15473,13.20379492709562,13.093106,val
11215,7.629565345528185,7.5435395,val
882,9.151061390033757,9.007042,val
13337,8.054330788904613,8.122822,val
1819,10.768582662927097,10.687986,val
3399,10.816566019555236,11.043813,val
4508,15.277250825424527,15.387802,val
1888,3.4728841135355086,3.463158,val
5857,20.687997758051203,20.608505,val
9406,12.837111194350117,12.926911,val
4625,4.063428669456744,4.0648894,val
10809,8.41812484405396,8.295721,val
16962,2.0139793216078203,1.996665,val
15141,4.41480376269304,4.499952,val
4711,18.084911647240155,18.046766,val
14381,1.8404083301665848,1.8122513,val
17979,19.556909032444377,19.580385,val
2487,2.179081225222628,2.196035,val
6440,18.133156905144872,18.123941,val
4151,13.172089311294284,13.283665,val
10376,12.409016666999165,12.457249,val
287,10.569142017248469,10.679109,val
717,5.004794778520743,5.0137515,val
9955,17.28226178282777,17.139883,val
1333,1.7454577014435289,1.6753716,val
13288,13.40852957125356,13.347703,val
1479,5.579389200399716,5.6414776,val
6881,11.150152811105915,11.314477,val
15241,14.457448031496442,14.337359,val
16367,2.0094695437042893,2.109034,val
985,17.781679752063532,17.691858,val
13506,9.46669613214934,9.26667,val
18148,21.558661685434743,21.506052,val
4331,15.691983257777869,15.628069,val
1341,1.1197675235354487,1.0379252,val
10745,15.3606096692931,15.490399,val
12951,7.148358055488036,7.038513,val
14037,19.731859240170177,19.786728,val
9174,18.63827100087268,18.738493,val
18584,15.796610895893872,15.824654,val
195,0.4692383611220049,0.46132806,val
3268,2.891946567363053,2.9285884,val
10177,15.29308863656346,15.349582,val
3673,1.364421890111315,1.473852,val
18396,14.825765526266167,14.809471,val
11696,20.95669078686558,20.924524,val
6809,0.5353634484765746,0.52630967,val
2343,18.41279038053522,18.265886,val
15285,10.664391052634208,10.61462,val
14055,17.10347120716628,17.078527,val
18662,7.006937670362911,7.086665,val
17000,17.428740411981718,17.684128,val
3686,0.5398302361120791,0.558538,val
12395,5.3027317725944165,5.2456064,val
10611,8.67134991527398,8.683173,val
2786,13.740906081935156,13.690014,val
19173,13.481575539263744,13.5074005,val
10722,19.2109294430805,19.102852,val
1355,20.44396230749317,20.40431,val
3956,14.511882267219,14.510502,val
569,1.5749178793790737,1.5693655,val
3420,8.367932198535211,8.287679,val
17252,10.215039454820154,10.225345,val
18789,13.891340635239732,13.832528,val
10679,2.0522954130335367,2.127351,val
5980,6.049496003645348,5.8696117,val
11559,13.578535100503675,13.800822,val
14154,5.258355603736439,5.2187467,val
12919,10.553347890120811,10.696046,val
13281,13.908954434651744,13.982577,val
15291,9.628913467989998,9.660433,val
5788,4.763430940438664,4.716834,val
1721,1.1984309098107926,1.1565931,val
2761,17.088442394579,17.100517,val
10387,13.16311758838073,13.273285,val
14802,0.426682910632321,0.42437434,val
11815,6.707036531549348,6.689881,val
10283,3.1567953641460256,3.1342041,val
915,5.358612697554294,5.317976,val
5463,17.38631668565123,17.24734,val
17169,0.9332578275068868,0.97818995,val
6563,4.999046745429365,5.1536126,val
2688,3.167621347436408,3.169681,val
8253,10.912785480408722,10.966537,val
14426,18.687414364349173,18.76922,val
2455,5.072751502354809,5.0504375,val
4399,6.609461067996262,6.6144133,val
15730,5.619020521418219,5.5447345,val
18006,15.735034307978498,15.650594,val
18352,18.032588962200624,18.252151,val
9205,14.8495298403149,14.825494,val
6737,6.889304359989824,6.9057775,val
14794,0.9975312822844924,0.9385503,val
5313,16.158783384383657,16.239845,val
244,15.524948468306231,15.570967,val
15300,8.764141870779138,8.7927475,val
12314,14.561451916522364,14.475405,val
2746,18.547328505638347,18.451784,val
1650,7.739490364276141,7.7242885,val
8936,2.131538744202196,2.1044998,val
12315,14.207281608708698,14.146351,val
7528,6.232860823148244,6.2446933,val
13299,11.985394249833746,12.003152,val
17380,16.526326688153155,16.665382,val
6008,3.0978907131147064,3.0890167,val
11179,11.234736822949866,11.170831,val
2432,7.9231803445563855,8.061764,val
3594,9.341414189853417,9.322429,val
2871,4.18961592542863,4.350255,val
10603,9.301504481909207,9.337321,val
6861,13.034481727966792,13.2636,val
2370,12.252707736510333,12.512224,val
11797,8.629810482247965,8.598489,val
8935,2.5303265364261485,2.5590749,val
16104,8.309708561049725,8.337566,val
18535,22.355955401170498,22.254744,val
11636,5.47046714336919,5.494182,val
11861,2.087426955887422,2.0385058,val
14764,3.369672444936737,3.005576,val
9471,6.822590403657419,6.775481,val
2588,14.397257908796776,14.472499,val
19047,7.836756552076623,7.8825393,val
579,0.842469466905874,0.84890616,val
18181,17.560844328013307,17.491652,val
12586,6.130458363476476,6.09583,val
14298,10.091763080309793,10.147464,val
1889,3.339439730168491,3.2646322,val
2886,2.981555141000448,2.9717288,val
8317,4.937730115347086,4.9913254,val
8357,1.1651307978428127,1.1656806,val
6748,5.752385550284392,5.805029,val
12922,11.903010231228148,12.061698,val
1316,3.0683482328411804,3.0112617,val
12476,19.30379153169289,19.202345,val
5923,12.025238930731245,12.276583,val
4967,8.834480716239751,8.804162,val
9042,10.063634776304362,10.025627,val
19419,9.428317657185858,9.371536,val
17971,20.802399305230523,20.915205,val
14728,6.691778156336926,6.8407326,val
3890,0.5178777528542725,0.50573254,val
10824,7.249172822090304,7.337887,val
9297,4.700605907299055,4.637422,val
2403,10.830979641867726,10.85645,val
16746,3.200449692267096,3.2441294,val
16004,16.449867730608847,16.488039,val
901,7.01395479268569,6.826576,val
13275,14.17736061511181,14.18733,val
4220,4.354660565898771,4.484035,val
9485,4.999343960532851,5.098299,val
13956,4.331264863729229,4.3410015,val
16480,10.40743052622042,10.60054,val
11106,21.43407134284272,21.313255,val
17860,8.917811080744418,9.084767,val
9379,15.012468576774609,15.01456,val
7169,1.9935803989275365,1.9967568,val
8120,5.096618633638577,5.133049,val
12309,13.965679417163736,13.95883,val
4335,13.25521890502624,13.257739,val
19366,15.676545603686463,15.70375,val
6476,15.103894065646536,15.077397,val
11922,16.665368033127994,16.725212,val
17325,3.028455509968645,3.023039,val
12235,2.4233063321276296,2.519228,val
5783,5.106222795888196,5.36843,val
17411,13.24177345916149,13.470916,val
5203,4.852774252746416,4.8736105,val
7454,14.48886321997136,14.543142,val
6792,1.4117532949228997,1.4078445,val
17796,16.39235424781942,16.480124,val
5667,19.79012451463381,19.936333,val
1535,0.9104757847730908,0.9335602,val
19089,3.521659483238257,3.5385644,val
13270,15.686044630868649,15.684336,val
4385,8.10316836404401,8.043237,val
13783,3.1712990515334187,3.1632493,val
17003,18.93667291919969,18.963245,val
9678,5.472615779861817,5.603326,val
11311,21.07735219935715,20.982576,val
18099,5.064065780877352,5.073373,val
15046,14.451421483877471,14.4755745,val
19115,1.217509492277196,1.2328316,val
10677,2.203682836624166,2.2658222,val
5397,6.436304412627541,6.407341,val
12802,3.1276423918281653,3.2571633,val
19390,12.977258799786169,12.922202,val
11633,5.784534893563259,5.6921124,val
12170,8.456790305429646,8.426367,val
11347,14.744421266458795,14.720823,val
14717,7.8942945412787155,7.9563694,val
15315,7.475597732813945,7.461823,val
13050,17.038978337073225,17.004295,val
6267,17.580337661709688,17.618502,val
5065,0.3942235351680834,0.40700054,val
13175,4.377894522114397,4.362857,val
19050,7.397287213532079,7.4201603,val
9739,0.6015332475624273,0.65212876,val
15686,9.43326551701274,9.325825,val
5624,1.882068989460692,1.9449519,val
8519,4.851286228833252,4.958108,val
15474,13.143193584797114,13.089266,val
18195,15.574438141200469,15.635124,val
2541,19.73701525265576,19.79482,val
10390,11.655006016563492,11.6249275,val
19207,10.884895192101794,10.925331,val
2144,19.54949257946438,19.437622,val
11755,13.642734730435226,13.478588,val
9830,8.331010975981723,8.227058,val
18716,1.3903939729489905,1.4068183,val
13530,7.7175117655060514,7.7259555,val
7491,10.682863782248925,10.438766,val
18009,15.64145493366694,15.586259,val
4937,11.95211275277718,11.954009,val
17308,4.706541207001325,4.72843,val
4900,17.490194987604337,17.48494,val
17797,16.207941602130084,16.23639,val
10860,3.859761166441621,3.8881578,val
15280,10.765929788163191,10.795988,val
7316,6.509360363964964,6.56047,val
18051,10.639214443617645,10.701826,val
16170,1.4952961548521666,1.4471996,val
6966,3.316155048156032,3.2972703,val
19382,14.12141830205542,14.044034,val
1106,4.923998584741815,4.9743004,val
4719,15.985820133427818,16.039268,val
8560,1.282141706383953,1.2632887,val
6343,8.366407078042803,8.681568,val
3137,15.89813434225594,15.951524,val
1023,14.64434578166005,14.6825,val
12453,22.22658693210457,22.014353,val
777,0.3714028331640194,0.41091928,val
17916,2.9621781998217367,3.012002,val
8166,1.0453084494328004,1.0378454,val
1474,6.522994798198801,6.429064,val
2301,1.8567941801826413,1.7470348,val
9002,14.657836192658667,14.639829,val
13517,9.56159773072215,9.635308,val
18362,16.92678307570851,16.981678,val
