temperature,pressure,z_carbon dioxide,z_hydrogen,z_nitrogen,z_argon,z_methane,z_oxygen,z_water,z_carbon monoxide,z_nitrogen dioxide,z_nitrogen oxide,z_sulfur dioxide,z_hydrogen sulfide,z_propane,z_ethane,Tc,Pc,Tr,Pr,P_bubble,P_dew,liquid_density,vapor_density,x_carbon dioxide,x_hydrogen,x_nitrogen,x_argon,x_methane,x_oxygen,x_water,x_carbon monoxide,x_nitrogen dioxide,x_nitrogen oxide,x_sulfur dioxide,x_hydrogen sulfide,x_propane,x_ethane,y_carbon dioxide,y_hydrogen,y_nitrogen,y_argon,y_methane,y_oxygen,y_water,y_carbon monoxide,y_nitrogen dioxide,y_nitrogen oxide,y_sulfur dioxide,y_hydrogen sulfide,y_propane,y_ethane,gamma,interfacial_thickness,E_carbon dioxide,E_hydrogen,E_nitrogen,E_argon,E_methane,E_oxygen,E_water,E_carbon monoxide,E_nitrogen dioxide,E_nitrogen oxide,E_sulfur dioxide,E_hydrogen sulfide,E_propane,E_ethane,gamma0_CO2,rhoL0_CO2,rhoV0_CO2,Tc_CO2,Psat_CO2
200.0,2.4433939658336765,0.98,0.015785,0.004215,0.0,0.0,0.0,0.0,0.0,0.0,0.0,0.0,0.0,0.0,0.0,308.08,87.95,0.6491820306413919,0.027781625535345952,74.11078601496152,2.4432939658336763,1222.361459609131,6.614725279219645,0.9999732742191575,9.847980294691715e-06,1.6877800547858257e-05,0.0,0.0,0.0,0.0,0.0,0.0,0.0,0.0,0.0,0.0,0.0,0.9799616080731314,0.015815322443683305,0.004223069483185298,0.0,0.0,0.0,0.0,0.0,0.0,0.0,0.0,0.0,0.0,0.0,19.907791560520344,0.6045801164073132,1.0000000006312033,1.7590650355131354,6.3779292175625315,0.0,0.0,0.0,0.0,0.0,0.0,0.0,0.0,0.0,0.0,0.0,19.91263411996264,1222.376153128829,6.589392400662558,309.1473760575555,2.3922586739869414
200.0,10.40642641573677,0.98,0.015785,0.004215,0.0,0.0,0.0,0.0,0.0,0.0,0.0,0.0,0.0,0.0,0.0,308.08,87.95,0.6491820306413919,0.11832207408455678,74.11078601496152,2.4432939658336763,1220.5615172391938,9.78941356391179,0.9965271813332013,0.0016594061518459833,0.0018134125149527663,0.0,0.0,0.0,0.0,0.0,0.0,0.0,0.0,0.0,0.0,0.0,0.24865410972950358,0.6408580115560868,0.11048787871440965,0.0,0.0,0.0,0.0,0.0,0.0,0.0,0.0,0.0,0.0,0.0,19.28490213821382,0.6308806185351642,1.0000000010706716,1.7032573623406593,6.017277225981301,0.0,0.0,0.0,0.0,0.0,0.0,0.0,0.0,0.0,0.0,0.0,19.91263411996264,1222.376153128829,6.589392400662558,309.1473760575555,2.3922586739869414
200.0,18.369458865639864,0.98,0.015785,0.004215,0.0,0.0,0.0,0.0,0.0,0.0,0.0,0.0,0.0,0.0,0.0,308.08,87.95,0.6491820306413919,0.20886252263376762,74.11078601496152,2.4432939658336763,1219.3024984549486,12.085151063574084,0.9938727091258669,0.00342717653283753,0.0027001143412955296,0.0,0.0,0.0,0.0,0.0,0.0,0.0,0.0,0.0,0.0,0.0,0.14955701297126117,0.7555444615538311,0.09489852547490768,0.0,0.0,0.0,0.0,0.0,0.0,0.0,0.0,0.0,0.0,0.0,18.8074395688637,0.6525359762120161,1.0000000008079766,1.6610346766572406,5.742720940164687,0.0,0.0,0.0,0.0,0.0,0.0,0.0,0.0,0.0,0.0,0.0,19.91263411996264,1222.376153128829,6.589392400662558,309.1473760575555,2.3922586739869414
200.0,26.332491315542953,0.98,0.015785,0.004215,0.0,0.0,0.0,0.0,0.0,0.0,0.0,0.0,0.0,0.0,0.0,308.08,87.95,0.6491820306413919,0.29940297118297843,74.11078601496152,2.4432939658336763,1218.2828125988324,14.009645763613081,0.9915638983238678,0.005227937464875823,0.00320816421125633,0.0,0.0,0.0,0.0,0.0,0.0,0.0,0.0,0.0,0.0,0.0,0.11033382529726733,0.8097318104859739,0.07993436421675879,0.0,0.0,0.0,0.0,0.0,0.0,0.0,0.0,0.0,0.0,0.0,,,,,,0.0,0.0,0.0,0.0,0.0,0.0,0.0,0.0,0.0,0.0,0.0,19.91263411996264,1222.376153128829,6.589392400662558,309.1473760575555,2.3922586739869414
200.0,34.29552376544605,0.98,0.015785,0.004215,0.0,0.0,0.0,0.0,0.0,0.0,0.0,0.0,0.0,0.0,0.0,308.08,87.95,0.6491820306413919,0.38994341973218927,74.11078601496152,2.4432939658336763,1217.391790010275,15.756885214109221,0.9894371045590432,0.007030338510331707,0.003532556930624982,0.0,0.0,0.0,0.0,0.0,0.0,0.0,0.0,0.0,0.0,0.0,0.08940029183854843,0.8419810984928724,0.06861860966857931,0.0,0.0,0.0,0.0,0.0,0.0,0.0,0.0,0.0,0.0,0.0,,,,,,0.0,0.0,0.0,0.0,0.0,0.0,0.0,0.0,0.0,0.0,0.0,19.91263411996264,1222.376153128829,6.589392400662558,309.1473760575555,2.3922586739869414
200.0,42.258556215349145,0.98,0.015785,0.004215,0.0,0.0,0.0,0.0,0.0,0.0,0.0,0.0,0.0,0.0,0.0,308.08,87.95,0.6491820306413919,0.48048386828140016,74.11078601496152,2.4432939658336763,1216.5822585954963,17.409697679858443,0.9874227099901285,0.00882129857019694,0.003755991439674571,0.0,0.0,0.0,0.0,0.0,0.0,0.0,0.0,0.0,0.0,0.0,0.07645744485625748,0.8634539230092731,0.0600886321344693,0.0,0.0,0.0,0.0,0.0,0.0,0.0,0.0,0.0,0.0,0.0,,,,,,0.0,0.0,0.0,0.0,0.0,0.0,0.0,0.0,0.0,0.0,0.0,19.91263411996264,1222.376153128829,6.589392400662558,309.1473760575555,2.3922586739869414
200.0,50.221588665252234,0.98,0.015785,0.004215,0.0,0.0,0.0,0.0,0.0,0.0,0.0,0.0,0.0,0.0,0.0,308.08,87.95,0.6491820306413919,0.571024316830611,74.11078601496152,2.4432939658336763,1215.8311574849142,19.008094585641487,0.9854867994373878,0.010594683405157292,0.003918517157454855,0.0,0.0,0.0,0.0,0.0,0.0,0.0,0.0,0.0,0.0,0.0,0.06772167004293957,0.8787677660232028,0.05351056393385755,0.0,0.0,0.0,0.0,0.0,0.0,0.0,0.0,0.0,0.0,0.0,,,,,,0.0,0.0,0.0,0.0,0.0,0.0,0.0,0.0,0.0,0.0,0.0,19.91263411996264,1222.376153128829,6.589392400662558,309.1473760575555,2.3922586739869414
200.0,58.18462111515532,0.98,0.015785,0.004215,0.0,0.0,0.0,0.0,0.0,0.0,0.0,0.0,0.0,0.0,0.0,308.08,87.95,0.6491820306413919,0.6615647653798218,74.11078601496152,2.4432939658336763,1215.1259028551578,20.573321581493456,0.9836109723670453,0.01234738258608719,0.004041645046867484,0.0,0.0,0.0,0.0,0.0,0.0,0.0,0.0,0.0,0.0,0.0,0.06147433464152901,0.8902142399406486,0.04831142541782226,0.0,0.0,0.0,0.0,0.0,0.0,0.0,0.0,0.0,0.0,0.0,,,,,,0.0,0.0,0.0,0.0,0.0,0.0,0.0,0.0,0.0,0.0,0.0,19.91263411996264,1222.376153128829,6.589392400662558,309.1473760575555,2.3922586739869414
200.0,66.14765356505842,0.98,0.015785,0.004215,0.0,0.0,0.0,0.0,0.0,0.0,0.0,0.0,0.0,0.0,0.0,308.08,87.95,0.6491820306413919,0.7521052139290326,74.11078601496152,2.4432939658336763,1214.458991874683,22.117450605061812,0.9817843538968888,0.014077757214036599,0.004137888889074563,0.0,0.0,0.0,0.0,0.0,0.0,0.0,0.0,0.0,0.0,0.0,0.056821539149587236,0.8990681705592151,0.04411029029119761,0.0,0.0,0.0,0.0,0.0,0.0,0.0,0.0,0.0,0.0,0.0,16.7323942066823,0.7519011797290197,1.0000000000002018,1.4727891472486851,4.599196989727698,0.0,0.0,0.0,0.0,0.0,0.0,0.0,0.0,0.0,0.0,0.0,19.91263411996264,1222.376153128829,6.589392400662558,309.1473760575555,2.3922586739869414
200.0,74.11068601496152,0.98,0.015785,0.004215,0.0,0.0,0.0,0.0,0.0,0.0,0.0,0.0,0.0,0.0,0.0,308.08,87.95,0.6491820306413919,0.8426456624782435,74.11078601496152,2.4432939658336763,1213.825608603131,23.647656665233093,0.9800000505540788,0.015784951433459857,0.004214998012461392,0.0,0.0,0.0,0.0,0.0,0.0,0.0,0.0,0.0,0.0,0.0,0.05325209992487137,0.9060977146993819,0.04065018537574671,0.0,0.0,0.0,0.0,0.0,0.0,0.0,0.0,0.0,0.0,0.0,16.44548763172993,0.765531252770522,1.0000000001495806,1.447842235987725,4.4549853416367355,0.0,0.0,0.0,0.0,0.0,0.0,0.0,0.0,0.0,0.0,0.0,19.91263411996264,1222.376153128829,6.589392400662558,309.1473760575555,2.3922586739869414
205.0,3.137636974525807,0.98,0.015785,0.004215,0.0,0.0,0.0,0.0,0.0,0.0,0.0,0.0,0.0,0.0,0.0,308.08,87.95,0.6654115814074266,0.03567523563986136,67.62170261998548,3.1375369745258066,1206.7747464483043,8.356705166198356,0.9999634478003527,1.4067304300371797e-05,2.2484895346813244e-05,0.0,0.0,0.0,0.0,0.0,0.0,0.0,0.0,0.0,0.0,0.0,0.9799703846426423,0.015808395848869287,0.004221219508488386,0.0,0.0,0.0,0.0,0.0,0.0,0.0,0.0,0.0,0.0,0.0,18.7305006034105,0.6270365273058722,1.0000000007950849,1.6858654785873752,5.697353073802064,0.0,0.0,0.0,0.0,0.0,0.0,0.0,0.0,0.0,0.0,0.0,18.736332948920182,1206.7952327215985,8.323997326113064,309.1473760575555,3.0713819419222324
205.0,10.30252204624355,0.98,0.015785,0.004215,0.0,0.0,0.0,0.0,0.0,0.0,0.0,0.0,0.0,0.0,0.0,308.08,87.95,0.6654115814074266,0.11714067136149572,67.62170261998548,3.1375369745258066,1204.979055158461,11.257563824817526,0.9966234332286095,0.0016437272451095728,0.0017328395262809506,0.0,0.0,0.0,0.0,0.0,0.0,0.0,0.0,0.0,0.0,0.0,0.32027220306955545,0.577004249482122,0.10272354744832246,0.0,0.0,0.0,0.0,0.0,0.0,0.0,0.0,0.0,0.0,0.0,18.199551165504598,0.649679925833496,1.000000001078592,1.640265858037548,5.421659774376488,0.0,0.0,0.0,0.0,0.0,0.0,0.0,0.0,0.0,0.0,0.0,18.736332948920182,1206.7952327215985,8.323997326113064,309.1473760575555,3.0713819419222324
205.0,17.46740711796129,0.98,0.015785,0.004215,0.0,0.0,0.0,0.0,0.0,0.0,0.0,0.0,0.0,0.0,0.0,308.08,87.95,0.6654115814074266,0.19860610708313006,67.62170261998548,3.1375369745258066,1203.6661915153334,13.407616768011748,0.99398795751802,0.0033914206815087687,0.0026206218004712536,0.0,0.0,0.0,0.0,0.0,0.0,0.0,0.0,0.0,0.0,0.0,0.1992273960517878,0.707563423280974,0.0932091806672381,0.0,0.0,0.0,0.0,0.0,0.0,0.0,0.0,0.0,0.0,0.0,17.78321642807996,0.6685907285859941,1.0000000011800911,1.6064350585320275,5.209370282026252,0.0,0.0,0.0,0.0,0.0,0.0,0.0,0.0,0.0,0.0,0.0,18.736332948920182,1206.7952327215985,8.323997326113064,309.1473760575555,3.0713819419222324
205.0,24.632292189679035,0.98,0.015785,0.004215,0.0,0.0,0.0,0.0,0.0,0.0,0.0,0.0,0.0,0.0,0.0,308.08,87.95,0.6654115814074266,0.2800715428047645,67.62170261998548,3.1375369745258066,1202.5778793384784,15.218916503241735,0.9916768004801287,0.00517894691767901,0.0031442526021922715,0.0,0.0,0.0,0.0,0.0,0.0,0.0,0.0,0.0,0.0,0.0,0.1484192828029317,0.7711108483636815,0.08046986883338698,0.0,0.0,0.0,0.0,0.0,0.0,0.0,0.0,0.0,0.0,0.0,17.421512981068147,0.6856461930840162,1.000000001139229,1.576051870029383,5.024689039543113,0.0,0.0,0.0,0.0,0.0,0.0,0.0,0.0,0.0,0.0,0.0,18.736332948920182,1206.7952327215985,8.323997326113064,309.1473760575555,3.0713819419222324
205.0,31.797177261396776,0.98,0.015785,0.004215,0.0,0.0,0.0,0.0,0.0,0.0,0.0,0.0,0.0,0.0,0.0,308.08,87.95,0.6654115814074266,0.3615369785263988,67.62170261998548,3.1375369745258066,1201.6126108495505,16.861790492750323,0.989540379372225,0.006975153134591748,0.0034844674931831195,0.0,0.0,0.0,0.0,0.0,0.0,0.0,0.0,0.0,0.0,0.0,0.12054135224926253,0.8094325876293039,0.07002606012143354,0.0,0.0,0.0,0.0,0.0,0.0,0.0,0.0,0.0,0.0,0.0,17.09127819005179,0.7015283043276703,1.0000000004609844,1.5478926968719955,4.85746405421322,0.0,0.0,0.0,0.0,0.0,0.0,0.0,0.0,0.0,0.0,0.0,18.736332948920182,1206.7952327215985,8.323997326113064,309.1473760575555,3.0713819419222324
205.0,38.96206233311452,0.98,0.015785,0.004215,0.0,0.0,0.0,0.0,0.0,0.0,0.0,0.0,0.0,0.0,0.0,308.08,87.95,0.6654115814074266,0.44300241424803316,67.62170261998548,3.1375369745258066,1200.7252221515637,18.412731210770108,0.9875122160502259,0.008766326421982476,0.003721457527791662,0.0,0.0,0.0,0.0,0.0,0.0,0.0,0.0,0.0,0.0,0.0,0.1029994666344621,0.8351677800326524,0.06183275333288568,0.0,0.0,0.0,0.0,0.0,0.0,0.0,0.0,0.0,0.0,0.0,16.78225484182389,0.7165446683665593,1.0000000011902315,1.5214505000165257,4.703079074982145,0.0,0.0,0.0,0.0,0.0,0.0,0.0,0.0,0.0,0.0,0.0,18.736332948920182,1206.7952327215985,8.323997326113064,309.1473760575555,3.0713819419222324
205.0,46.12694740483226,0.98,0.015785,0.004215,0.0,0.0,0.0,0.0,0.0,0.0,0.0,0.0,0.0,0.0,0.0,308.08,87.95,0.6654115814074266,0.5244678499696674,67.62170261998548,3.1375369745258066,1199.8930737935138,19.909953515989837,0.9855590594378839,0.010545749214132032,0.003895191347984117,0.0,0.0,0.0,0.0,0.0,0.0,0.0,0.0,0.0,0.0,0.0,0.09100119694261247,0.8536403475814476,0.05535845547593997,0.0,0.0,0.0,0.0,0.0,0.0,0.0,0.0,0.0,0.0,0.0,16.489263992040193,0.7308440484865465,1.0000000011799037,1.4964672250486026,4.559450524241066,0.0,0.0,0.0,0.0,0.0,0.0,0.0,0.0,0.0,0.0,0.0,18.736332948920182,1206.7952327215985,8.323997326113064,309.1473760575555,3.0713819419222324
205.0,53.29183247655,0.98,0.015785,0.004215,0.0,0.0,0.0,0.0,0.0,0.0,0.0,0.0,0.0,0.0,0.0,308.08,87.95,0.6654115814074266,0.6059332856913019,67.62170261998548,3.1375369745258066,1199.103646978371,21.374285496134238,0.9836625891024106,0.012309853378638174,0.004027557518951215,0.0,0.0,0.0,0.0,0.0,0.0,0.0,0.0,0.0,0.0,0.0,0.08232262809483472,0.8675214079950967,0.050155963910068616,0.0,0.0,0.0,0.0,0.0,0.0,0.0,0.0,0.0,0.0,0.0,16.209382772585748,0.7444959956772222,1.000000000217542,1.4727879917523679,4.425300142216504,0.0,0.0,0.0,0.0,0.0,0.0,0.0,0.0,0.0,0.0,0.0,18.736332948920182,1206.7952327215985,8.323997326113064,309.1473760575555,3.0713819419222324
205.0,60.45671754826774,0.98,0.015785,0.004215,0.0,0.0,0.0,0.0,0.0,0.0,0.0,0.0,0.0,0.0,0.0,308.08,87.95,0.6654115814074266,0.6873987214129362,67.62170261998548,3.1375369745258066,1198.3494450279156,22.81785091285453,0.9818118949293202,0.014056638129487457,0.004131466941192378,0.0,0.0,0.0,0.0,0.0,0.0,0.0,0.0,0.0,0.0,0.0,0.07579015093948861,0.8783084282456229,0.04590142081488841,0.0,0.0,0.0,0.0,0.0,0.0,0.0,0.0,0.0,0.0,0.0,,,,,,0.0,0.0,0.0,0.0,0.0,0.0,0.0,0.0,0.0,0.0,0.0,18.736332948920182,1206.7952327215985,8.323997326113064,309.1473760575555,3.0713819419222324
205.0,67.62160261998548,0.98,0.015785,0.004215,0.0,0.0,0.0,0.0,0.0,0.0,0.0,0.0,0.0,0.0,0.0,308.08,87.95,0.6654115814074266,0.7688641571345706,67.62170261998548,3.1375369745258066,1197.6256717651308,24.24805702002738,0.9800000528757346,0.015784949342771273,0.004214997781494122,0.0,0.0,0.0,0.0,0.0,0.0,0.0,0.0,0.0,0.0,0.0,0.07072558684630169,0.8869090092874217,0.042365403866276685,0.0,0.0,0.0,0.0,0.0,0.0,0.0,0.0,0.0,0.0,0.0,15.68230871230701,0.7700921003675675,1.0,1.428941949478314,4.180614072887595,0.0,0.0,0.0,0.0,0.0,0.0,0.0,0.0,0.0,0.0,0.0,18.736332948920182,1206.7952327215985,8.323997326113064,309.1473760575555,3.0713819419222324
210.0,3.9753713558531047,0.98,0.015785,0.004215,0.0,0.0,0.0,0.0,0.0,0.0,0.0,0.0,0.0,0.0,0.0,308.08,87.95,0.6816411321734615,0.04520035651908021,62.33106767355159,3.9752713558531045,1190.8284577249692,10.434843690955978,0.9999506660960972,1.9784522344590035e-05,2.9549381558276193e-05,0.0,0.0,0.0,0.0,0.0,0.0,0.0,0.0,0.0,0.0,0.0,0.9799768773694385,0.015803271733457715,0.004219850897103753,0.0,0.0,0.0,0.0,0.0,0.0,0.0,0.0,0.0,0.0,0.0,17.56671932779478,0.6509710678013079,1.0000000005672354,1.618831384570483,5.113225526755699,0.0,0.0,0.0,0.0,0.0,0.0,0.0,0.0,0.0,0.0,0.0,17.57368055944734,1190.8566381540581,10.392958269289368,309.1473760575555,3.8905479503367095
210.0,10.459326502264046,0.98,0.015785,0.004215,0.0,0.0,0.0,0.0,0.0,0.0,0.0,0.0,0.0,0.0,0.0,308.08,87.95,0.6816411321734615,0.11892355318094425,62.33106767355159,3.9752713558531045,1189.0376397683453,13.104606382131864,0.9967070553463558,0.0016337442612245014,0.0016592003924196335,0.0,0.0,0.0,0.0,0.0,0.0,0.0,0.0,0.0,0.0,0.0,0.3973753186311525,0.5092813519811119,0.09334332938773574,0.0,0.0,0.0,0.0,0.0,0.0,0.0,0.0,0.0,0.0,0.0,17.111332959648475,0.6706794019176769,1.0000000007857182,1.5809906528521436,4.8995039694351075,0.0,0.0,0.0,0.0,0.0,0.0,0.0,0.0,0.0,0.0,0.0,17.57368055944734,1190.8566381540581,10.392958269289368,309.1473760575555,3.8905479503367095
210.0,16.94328164867499,0.98,0.015785,0.004215,0.0,0.0,0.0,0.0,0.0,0.0,0.0,0.0,0.0,0.0,0.0,308.08,87.95,0.6816411321734615,0.1926467498428083,62.33106767355159,3.9752713558531045,1187.6788101259365,15.131535328081501,0.9940909505647967,0.0033643355880106423,0.0025447138471926894,0.0,0.0,0.0,0.0,0.0,0.0,0.0,0.0,0.0,0.0,0.0,0.25737292922075017,0.6527546848977243,0.08987238588152562,0.0,0.0,0.0,0.0,0.0,0.0,0.0,0.0,0.0,0.0,0.0,16.746925627297014,0.6873628403188484,1.0000000009391734,1.55347609495343,4.733957027913913,0.0,0.0,0.0,0.0,0.0,0.0,0.0,0.0,0.0,0.0,0.0,17.57368055944734,1190.8566381540581,10.392958269289368,309.1473760575555,3.8905479503367095
210.0,23.427236795085932,0.98,0.015785,0.004215,0.0,0.0,0.0,0.0,0.0,0.0,0.0,0.0,0.0,0.0,0.0,308.08,87.95,0.6816411321734615,0.26636994650467233,62.33106767355159,3.9752713558531045,1186.5304228229863,16.8513566920113,0.991778206446329,0.005140123208521817,0.00308167034514915,0.0,0.0,0.0,0.0,0.0,0.0,0.0,0.0,0.0,0.0,0.0,0.1945179415248176,0.7256859320719625,0.07979612640321987,0.0,0.0,0.0,0.0,0.0,0.0,0.0,0.0,0.0,0.0,0.0,16.427798248788722,0.7025089978267609,1.000000000850038,1.528729722798731,4.588814296656013,0.0,0.0,0.0,0.0,0.0,0.0,0.0,0.0,0.0,0.0,0.0,17.57368055944734,1190.8566381540581,10.392958269289368,309.1473760575555,3.8905479503367095
210.0,29.911191941496874,0.98,0.015785,0.004215,0.0,0.0,0.0,0.0,0.0,0.0,0.0,0.0,0.0,0.0,0.0,308.08,87.95,0.6816411321734615,0.3400931431665364,62.33106767355159,3.9752713558531045,1185.499757902046,18.412352808255246,0.9896328882354574,0.0069305032417761765,0.0034366085227664185,0.0,0.0,0.0,0.0,0.0,0.0,0.0,0.0,0.0,0.0,0.0,0.15888530537141055,0.7705490151119803,0.07056567951660914,0.0,0.0,0.0,0.0,0.0,0.0,0.0,0.0,0.0,0.0,0.0,16.135191334541016,0.7166956593362053,1.0000000006065994,1.505631303556361,4.456217631224175,0.0,0.0,0.0,0.0,0.0,0.0,0.0,0.0,0.0,0.0,0.0,17.57368055944734,1190.8566381540581,10.392958269289368,309.1473760575555,3.8905479503367095
210.0,36.395147087907816,0.98,0.015785,0.004215,0.0,0.0,0.0,0.0,0.0,0.0,0.0,0.0,0.0,0.0,0.0,308.08,87.95,0.6816411321734615,0.4138163398284004,62.33106767355159,3.9752713558531045,1184.543812267868,19.884436052539915,0.9875919793575663,0.0087213225133393,0.003686698129094542,0.0,0.0,0.0,0.0,0.0,0.0,0.0,0.0,0.0,0.0,0.0,0.13600359891690114,0.8010503565518323,0.0629460445312666,0.0,0.0,0.0,0.0,0.0,0.0,0.0,0.0,0.0,0.0,0.0,15.860468224041174,0.7301640465183645,1.0000000006154957,1.4837673378961458,4.333070281108498,0.0,0.0,0.0,0.0,0.0,0.0,0.0,0.0,0.0,0.0,0.0,17.57368055944734,1190.8566381540581,10.392958269289368,309.1473760575555,3.8905479503367095
210.0,42.87910223431876,0.98,0.015785,0.004215,0.0,0.0,0.0,0.0,0.0,0.0,0.0,0.0,0.0,0.0,0.0,308.08,87.95,0.6816411321734615,0.48753953649026444,62.33106767355159,3.9752713558531045,1183.6404623687788,21.30370803426184,0.9856231009015942,0.010505383150962921,0.0038715159474429052,0.0,0.0,0.0,0.0,0.0,0.0,0.0,0.0,0.0,0.0,0.0,0.12012181208035215,0.8231379976623724,0.05674019025727549,0.0,0.0,0.0,0.0,0.0,0.0,0.0,0.0,0.0,0.0,0.0,15.599173087257874,0.7430749937192559,1.0000000005829581,1.4629448641397513,4.21789675940944,0.0,0.0,0.0,0.0,0.0,0.0,0.0,0.0,0.0,0.0,0.0,17.57368055944734,1190.8566381540581,10.392958269289368,309.1473760575555,3.8905479503367095
210.0,49.3630573807297,0.98,0.015785,0.004215,0.0,0.0,0.0,0.0,0.0,0.0,0.0,0.0,0.0,0.0,0.0,308.08,87.95,0.6816411321734615,0.5612627331521285,62.33106767355159,3.9752713558531045,1182.7772822518505,22.690340514356052,0.98370810629713,0.012278727711065073,0.004013165991804893,0.0,0.0,0.0,0.0,0.0,0.0,0.0,0.0,0.0,0.0,0.0,0.10849830751200103,0.8398504364454437,0.05165125604255542,0.0,0.0,0.0,0.0,0.0,0.0,0.0,0.0,0.0,0.0,0.0,15.348769032680142,0.7554591732484746,1.000000000563481,1.4430563810476609,4.109256579232152,0.0,0.0,0.0,0.0,0.0,0.0,0.0,0.0,0.0,0.0,0.0,17.57368055944734,1190.8566381540581,10.392958269289368,309.1473760575555,3.8905479503367095
210.0,55.84701252714064,0.98,0.015785,0.004215,0.0,0.0,0.0,0.0,0.0,0.0,0.0,0.0,0.0,0.0,0.0,308.08,87.95,0.6816411321734615,0.6349859298139925,62.33106767355159,3.9752713558531045,1181.9467710517956,24.05633022430069,0.9818360785095667,0.014039049191417107,0.004124872299016212,0.0,0.0,0.0,0.0,0.0,0.0,0.0,0.0,0.0,0.0,0.0,0.09965920539183565,0.8529124507958668,0.04742834381229747,0.0,0.0,0.0,0.0,0.0,0.0,0.0,0.0,0.0,0.0,0.0,15.107684932367404,0.7674095386248794,1.0000000005662006,1.4240322872202116,4.006466004670078,0.0,0.0,0.0,0.0,0.0,0.0,0.0,0.0,0.0,0.0,0.0,17.57368055944734,1190.8566381540581,10.392958269289368,309.1473760575555,3.8905479503367095
210.0,62.330967673551584,0.98,0.015785,0.004215,0.0,0.0,0.0,0.0,0.0,0.0,0.0,0.0,0.0,0.0,0.0,308.08,87.95,0.6816411321734615,0.7087091264758565,62.33106767355159,3.9752713558531045,1181.1441213207363,25.409159164132593,0.9800000555310947,0.01578494695140767,0.004214997517497629,0.0,0.0,0.0,0.0,0.0,0.0,0.0,0.0,0.0,0.0,0.0,0.09274113986794047,0.8633791959285586,0.043879664203500986,0.0,0.0,0.0,0.0,0.0,0.0,0.0,0.0,0.0,0.0,0.0,14.874878645252208,0.7789357295613165,1.000000000008168,1.4058316695491695,3.9089720865632143,0.0,0.0,0.0,0.0,0.0,0.0,0.0,0.0,0.0,0.0,0.0,17.57368055944734,1190.8566381540581,10.392958269289368,309.1473760575555,3.8905479503367095
215.0,4.975190335749813,0.98,0.015785,0.004215,0.0,0.0,0.0,0.0,0.0,0.0,0.0,0.0,0.0,0.0,0.0,308.08,87.95,0.6978706829394963,0.05656839494883244,58.04031644387565,4.9750903357498135,1174.4725674450929,12.893792360133101,0.9999342005785777,2.7440810752279455e-05,3.835861066999296e-05,0.0,0.0,0.0,0.0,0.0,0.0,0.0,0.0,0.0,0.0,0.0,0.9799817500264462,0.015799426213749766,0.004218823759804102,0.0,0.0,0.0,0.0,0.0,0.0,0.0,0.0,0.0,0.0,0.0,16.417113813703235,0.6765628859888729,1.000000000221838,1.5572354814087703,4.60944244054946,0.0,0.0,0.0,0.0,0.0,0.0,0.0,0.0,0.0,0.0,0.0,16.425354043281228,1174.5108724705306,12.840514479112926,309.1473760575555,4.867758349563256
215.0,10.871304347763795,0.98,0.015785,0.004215,0.0,0.0,0.0,0.0,0.0,0.0,0.0,0.0,0.0,0.0,0.0,308.08,87.95,0.6978706829394963,0.1236077811002137,58.04031644387565,4.9750903357498135,1172.686598591944,15.367864317485779,0.9967790619157179,0.0016290046928174621,0.0015919333914646875,0.0,0.0,0.0,0.0,0.0,0.0,0.0,0.0,0.0,0.0,0.0,0.47604966741187354,0.4409529014598469,0.08299743112827954,0.0,0.0,0.0,0.0,0.0,0.0,0.0,0.0,0.0,0.0,0.0,16.02445072432055,0.6939326061926494,1.0000000001867926,1.525333540781984,4.441225957667784,0.0,0.0,0.0,0.0,0.0,0.0,0.0,0.0,0.0,0.0,0.0,16.425354043281228,1174.5108724705306,12.840514479112926,309.1473760575555,4.867758349563256
215.0,16.76741835977778,0.98,0.015785,0.004215,0.0,0.0,0.0,0.0,0.0,0.0,0.0,0.0,0.0,0.0,0.0,308.08,87.95,0.6978706829394963,0.19064716725159497,58.04031644387565,4.9750903357498135,1171.287820356089,17.28937428562447,0.9941828501506363,0.0033448832101861626,0.00247226663917751,0.0,0.0,0.0,0.0,0.0,0.0,0.0,0.0,0.0,0.0,0.0,0.32252253146019233,0.5924741991691386,0.0850032693706691,0.0,0.0,0.0,0.0,0.0,0.0,0.0,0.0,0.0,0.0,0.0,15.704446216068375,0.7088079710895046,1.0000000002517333,1.5026964460390724,4.310794113655308,0.0,0.0,0.0,0.0,0.0,0.0,0.0,0.0,0.0,0.0,0.0,16.425354043281228,1174.5108724705306,12.840514479112926,309.1473760575555,4.867758349563256
215.0,22.66353237179176,0.98,0.015785,0.004215,0.0,0.0,0.0,0.0,0.0,0.0,0.0,0.0,0.0,0.0,0.0,308.08,87.95,0.6978706829394963,0.25768655340297625,58.04031644387565,4.9750903357498135,1170.0860493823732,18.934131089870583,0.9918695083109889,0.0051100701109388184,0.0030204215780723614,0.0,0.0,0.0,0.0,0.0,0.0,0.0,0.0,0.0,0.0,0.0,0.24830508309551597,0.6738402229704884,0.07785469393399555,0.0,0.0,0.0,0.0,0.0,0.0,0.0,0.0,0.0,0.0,0.0,15.422087544222007,0.7223664191290219,1.0000000005603173,1.4824154484204335,4.195508721775075,0.0,0.0,0.0,0.0,0.0,0.0,0.0,0.0,0.0,0.0,0.0,16.425354043281228,1174.5108724705306,12.840514479112926,309.1473760575555,4.867758349563256
215.0,28.55964638380574,0.98,0.015785,0.004215,0.0,0.0,0.0,0.0,0.0,0.0,0.0,0.0,0.0,0.0,0.0,308.08,87.95,0.6978706829394963,0.32472593955435747,58.04031644387565,4.9750903357498135,1168.996898271822,20.430395557138915,0.9897161858462363,0.00689481985807672,0.00338899429568697,0.0,0.0,0.0,0.0,0.0,0.0,0.0,0.0,0.0,0.0,0.0,0.2046185978853616,0.7252486159276831,0.07013278618695533,0.0,0.0,0.0,0.0,0.0,0.0,0.0,0.0,0.0,0.0,0.0,15.162174233378506,0.7351202108241289,1.0000000002786833,1.4633971054549357,4.089860430118754,0.0,0.0,0.0,0.0,0.0,0.0,0.0,0.0,0.0,0.0,0.0,16.425354043281228,1174.5108724705306,12.840514479112926,309.1473760575555,4.867758349563256
215.0,34.45576039581972,0.98,0.015785,0.004215,0.0,0.0,0.0,0.0,0.0,0.0,0.0,0.0,0.0,0.0,0.0,308.08,87.95,0.6978706829394963,0.39176532570573874,58.04031644387565,4.9750903357498135,1167.9796268007344,21.841409418575264,0.9876635636295079,0.008684721591580681,0.0036517147789113416,0.0,0.0,0.0,0.0,0.0,0.0,0.0,0.0,0.0,0.0,0.0,0.1758974784546441,0.7607845912998737,0.06331793024548212,0.0,0.0,0.0,0.0,0.0,0.0,0.0,0.0,0.0,0.0,0.0,14.917437392776332,0.7472774586378436,1.0,1.4452778566146742,3.9913517556181257,0.0,0.0,0.0,0.0,0.0,0.0,0.0,0.0,0.0,0.0,0.0,16.425354043281228,1174.5108724705306,12.840514479112926,309.1473760575555,4.867758349563256
215.0,40.351874407833705,0.98,0.015785,0.004215,0.0,0.0,0.0,0.0,0.0,0.0,0.0,0.0,0.0,0.0,0.0,308.08,87.95,0.6978706829394963,0.45880471185712,58.04031644387565,4.9750903357498135,1167.0127152250031,23.200890691368834,0.9856803255677413,0.010472191996057876,0.0038474824362007697,0.0,0.0,0.0,0.0,0.0,0.0,0.0,0.0,0.0,0.0,0.0,0.1556277420337099,0.7868203003749824,0.057551957591307684,0.0,0.0,0.0,0.0,0.0,0.0,0.0,0.0,0.0,0.0,0.0,14.684031361909378,0.7590054569613749,1.0000000000005203,1.4279309890648673,3.898376071368585,0.0,0.0,0.0,0.0,0.0,0.0,0.0,0.0,0.0,0.0,0.0,16.425354043281228,1174.5108724705306,12.840514479112926,309.1473760575555,4.867758349563256
215.0,46.24798841984769,0.98,0.015785,0.004215,0.0,0.0,0.0,0.0,0.0,0.0,0.0,0.0,0.0,0.0,0.0,308.08,87.95,0.6978706829394963,0.5258440980085013,58.04031644387565,4.9750903357498135,1166.083868327288,24.52813876028086,0.983748600205971,0.012252940773166469,0.003998459020862638,0.0,0.0,0.0,0.0,0.0,0.0,0.0,0.0,0.0,0.0,0.0,0.140600177921933,0.8066961998262219,0.05270362225184526,0.0,0.0,0.0,0.0,0.0,0.0,0.0,0.0,0.0,0.0,0.0,14.459764470131963,0.770324447942992,1.000000000026103,1.4112921665323834,3.810209621185094,0.0,0.0,0.0,0.0,0.0,0.0,0.0,0.0,0.0,0.0,0.0,16.425354043281228,1174.5108724705306,12.840514479112926,309.1473760575555,4.867758349563256
215.0,52.14410243186167,0.98,0.015785,0.004215,0.0,0.0,0.0,0.0,0.0,0.0,0.0,0.0,0.0,0.0,0.0,308.08,87.95,0.6978706829394963,0.5928834841598825,58.04031644387565,4.9750903357498135,1165.1855863434655,25.83486256922069,0.981857507361837,0.014024395708364822,0.004118096929798195,0.0,0.0,0.0,0.0,0.0,0.0,0.0,0.0,0.0,0.0,0.0,0.1290494620544354,0.8223428634340332,0.048607674511531404,0.0,0.0,0.0,0.0,0.0,0.0,0.0,0.0,0.0,0.0,0.0,14.243267908656234,0.7812801182798544,1.0,1.395257324394207,3.7262732570214983,0.0,0.0,0.0,0.0,0.0,0.0,0.0,0.0,0.0,0.0,0.0,16.425354043281228,1174.5108724705306,12.840514479112926,309.1473760575555,4.867758349563256
215.0,58.04021644387565,0.98,0.015785,0.004215,0.0,0.0,0.0,0.0,0.0,0.0,0.0,0.0,0.0,0.0,0.0,308.08,87.95,0.6978706829394963,0.6599228703112637,58.04031644387565,4.9750903357498135,1164.3130378011017,27.12850027128592,0.9800000583293925,0.015784944444671326,0.004214997225936176,0.0,0.0,0.0,0.0,0.0,0.0,0.0,0.0,0.0,0.0,0.0,0.11992376574826245,0.8349572188749625,0.04511901537677514,0.0,0.0,0.0,0.0,0.0,0.0,0.0,0.0,0.0,0.0,0.0,,,,,,0.0,0.0,0.0,0.0,0.0,0.0,0.0,0.0,0.0,0.0,0.0,16.425354043281228,1174.5108724705306,12.840514479112926,309.1473760575555,4.867758349563256
220.0,6.156607257192457,0.98,0.015785,0.004215,0.0,0.0,0.0,0.0,0.0,0.0,0.0,0.0,0.0,0.0,0.0,308.08,87.95,0.7141002337055311,0.07000121952464419,54.6052093470525,6.156507257192457,1157.6520124381452,15.783040941382852,0.9999131638945811,3.759067137467644e-05,4.924543404418492e-05,0.0,0.0,0.0,0.0,0.0,0.0,0.0,0.0,0.0,0.0,0.0,0.9799854555140186,0.015796501837449708,0.004218042648531775,0.0,0.0,0.0,0.0,0.0,0.0,0.0,0.0,0.0,0.0,0.0,15.282444207660932,0.7040267868417402,1.0,1.5004575757232863,4.171564092606753,0.0,0.0,0.0,0.0,0.0,0.0,0.0,0.0,0.0,0.0,0.0,15.292125087998587,1157.7035382192419,15.715634367687219,309.1473760575555,6.021849278923348
220.0,11.539774156065794,0.98,0.015785,0.004215,0.0,0.0,0.0,0.0,0.0,0.0,0.0,0.0,0.0,0.0,0.0,308.08,87.95,0.7141002337055311,0.1312083474254212,54.6052093470525,6.156507257192457,1155.8704296648727,18.09136585782226,0.996840014186939,0.0016293535052434329,0.0015306323078175634,0.0,0.0,0.0,0.0,0.0,0.0,0.0,0.0,0.0,0.0,0.0,0.5524207608861625,0.37520634550497445,0.07237289360886313,0.0,0.0,0.0,0.0,0.0,0.0,0.0,0.0,0.0,0.0,0.0,14.942348109415084,0.719504052528297,1.0000000005546328,1.4733965663825026,4.038299873583223,0.0,0.0,0.0,0.0,0.0,0.0,0.0,0.0,0.0,0.0,0.0,15.292125087998587,1157.7035382192419,15.715634367687219,309.1473760575555,6.021849278923348
220.0,16.92294105493913,0.98,0.015785,0.004215,0.0,0.0,0.0,0.0,0.0,0.0,0.0,0.0,0.0,0.0,0.0,308.08,87.95,0.7141002337055311,0.19241547532619818,54.6052093470525,6.156507257192457,1154.436258890669,19.922073897016706,0.9942643379556155,0.0033324572820587974,0.0024032047623257094,0.0,0.0,0.0,0.0,0.0,0.0,0.0,0.0,0.0,0.0,0.0,0.3923699763105645,0.5287767697622127,0.07885325392722267,0.0,0.0,0.0,0.0,0.0,0.0,0.0,0.0,0.0,0.0,0.0,14.66054290866645,0.7329032498645383,1.0000000005328185,1.4543663304999026,3.933898682979664,0.0,0.0,0.0,0.0,0.0,0.0,0.0,0.0,0.0,0.0,0.0,15.292125087998587,1157.7035382192419,15.715634367687219,309.1473760575555,6.021849278923348
220.0,22.30610795381247,0.98,0.015785,0.004215,0.0,0.0,0.0,0.0,0.0,0.0,0.0,0.0,0.0,0.0,0.0,308.08,87.95,0.7141002337055311,0.2536226032269752,54.6052093470525,6.156507257192457,1153.1863181624915,21.50436602205953,0.991951556270382,0.0050879092959358625,0.0029605344336821257,0.0,0.0,0.0,0.0,0.0,0.0,0.0,0.0,0.0,0.0,0.0,0.3087263912812036,0.616600033394802,0.07467357532399434,0.0,0.0,0.0,0.0,0.0,0.0,0.0,0.0,0.0,0.0,0.0,14.410120573672396,0.7451816192118826,1.0000000005722929,1.4375752650836013,3.8418696953895517,0.0,0.0,0.0,0.0,0.0,0.0,0.0,0.0,0.0,0.0,0.0,15.292125087998587,1157.7035382192419,15.715634367687219,309.1473760575555,6.021849278923348
220.0,27.689274852685806,0.98,0.015785,0.004215,0.0,0.0,0.0,0.0,0.0,0.0,0.0,0.0,0.0,0.0,0.0,308.08,87.95,0.7141002337055311,0.3148297311277522,54.6052093470525,6.156507257192457,1152.044072079671,22.94898689652253,0.9897912643407737,0.006867080231749411,0.0033416554274769113,0.0,0.0,0.0,0.0,0.0,0.0,0.0,0.0,0.0,0.0,0.0,0.25737966128564144,0.6739502766461319,0.0686700620682266,0.0,0.0,0.0,0.0,0.0,0.0,0.0,0.0,0.0,0.0,0.0,14.178762787103485,0.7567661450595843,1.000000000603004,1.4218693970692486,3.7571534676090788,0.0,0.0,0.0,0.0,0.0,0.0,0.0,0.0,0.0,0.0,0.0,15.292125087998587,1157.7035382192419,15.715634367687219,309.1473760575555,6.021849278923348
220.0,33.07244175155915,0.98,0.015785,0.004215,0.0,0.0,0.0,0.0,0.0,0.0,0.0,0.0,0.0,0.0,0.0,308.08,87.95,0.7141002337055311,0.37603685902852924,54.6052093470525,6.156507257192457,1150.971102406232,24.312677591467374,0.9877280026081598,0.008655477228453229,0.0036165201633869457,0.0,0.0,0.0,0.0,0.0,0.0,0.0,0.0,0.0,0.0,0.0,0.2227059767822053,0.7144318893769136,0.06286213384088118,0.0,0.0,0.0,0.0,0.0,0.0,0.0,0.0,0.0,0.0,0.0,13.96035643715576,0.7678524607915435,1.0000000005754106,1.4068693743190417,3.677637520625655,0.0,0.0,0.0,0.0,0.0,0.0,0.0,0.0,0.0,0.0,0.0,15.292125087998587,1157.7035382192419,15.715634367687219,309.1473760575555,6.021849278923348
220.0,38.45560865043248,0.98,0.015785,0.004215,0.0,0.0,0.0,0.0,0.0,0.0,0.0,0.0,0.0,0.0,0.0,308.08,87.95,0.7141002337055311,0.4372439869293062,54.6052093470525,6.156507257192457,1149.9465686205453,25.62659251162695,0.9857316857909784,0.01044522501020633,0.003823089198815205,0.0,0.0,0.0,0.0,0.0,0.0,0.0,0.0,0.0,0.0,0.0,0.1977665934696459,0.7445322713431551,0.05770113518719902,0.0,0.0,0.0,0.0,0.0,0.0,0.0,0.0,0.0,0.0,0.0,13.751594387439193,0.7785529575761978,1.0000000005220402,1.392421695225302,3.6022788739313265,0.0,0.0,0.0,0.0,0.0,0.0,0.0,0.0,0.0,0.0,0.0,15.292125087998587,1157.7035382192419,15.715634367687219,309.1473760575555,6.021849278923348
220.0,43.838775549305815,0.98,0.015785,0.004215,0.0,0.0,0.0,0.0,0.0,0.0,0.0,0.0,0.0,0.0,0.0,308.08,87.95,0.7141002337055311,0.49845111483008314,54.6052093470525,6.156507257192457,1148.9583459481537,26.90897242224721,0.9837848181964163,0.012231752971003668,0.003983428832580148,0.0,0.0,0.0,0.0,0.0,0.0,0.0,0.0,0.0,0.0,0.0,0.1790073687479341,0.7677695180250221,0.05322311322704388,0.0,0.0,0.0,0.0,0.0,0.0,0.0,0.0,0.0,0.0,0.0,13.550553263390555,0.788943185691653,1.0000000004182645,1.3784557544109546,3.530507342483923,0.0,0.0,0.0,0.0,0.0,0.0,0.0,0.0,0.0,0.0,0.0,15.292125087998587,1157.7035382192419,15.715634367687219,309.1473760575555,6.021849278923348
220.0,49.221942448179156,0.98,0.015785,0.004215,0.0,0.0,0.0,0.0,0.0,0.0,0.0,0.0,0.0,0.0,0.0,308.08,87.95,0.7141002337055311,0.5596582427308602,54.6052093470525,6.156507257192457,1147.9989486964346,28.171092743441452,0.9818766079484028,0.014012257854756061,0.004111134196841251,0.0,0.0,0.0,0.0,0.0,0.0,0.0,0.0,0.0,0.0,0.0,0.16441844405869835,0.7862260494112034,0.04935550653009817,0.0,0.0,0.0,0.0,0.0,0.0,0.0,0.0,0.0,0.0,0.0,13.35602762279755,0.7990415664718704,1.0000000004568375,1.3649352236753454,3.46203664690063,0.0,0.0,0.0,0.0,0.0,0.0,0.0,0.0,0.0,0.0,0.0,15.292125087998587,1157.7035382192419,15.715634367687219,309.1473760575555,6.021849278923348
220.0,54.6051093470525,0.98,0.015785,0.004215,0.0,0.0,0.0,0.0,0.0,0.0,0.0,0.0,0.0,0.0,0.0,308.08,87.95,0.7141002337055311,0.6208653706316373,54.6052093470525,6.156507257192457,1147.063518360448,29.420235847990817,0.9800000612814703,0.015784941814488716,0.004214996904040956,0.0,0.0,0.0,0.0,0.0,0.0,0.0,0.0,0.0,0.0,0.0,0.15277721213117534,0.8012162339453341,0.04600655392349049,0.0,0.0,0.0,0.0,0.0,0.0,0.0,0.0,0.0,0.0,0.0,13.167214890485223,0.8088696244946377,1.0000000002127574,1.3518827151970474,3.3964041808160497,0.0,0.0,0.0,0.0,0.0,0.0,0.0,0.0,0.0,0.0,0.0,15.292125087998587,1157.7035382192419,15.715634367687219,309.1473760575555,6.021849278923348
225.0,7.540027609477551,0.98,0.015785,0.004215,0.0,0.0,0.0,0.0,0.0,0.0,0.0,0.0,0.0,0.0,0.0,308.08,87.95,0.7303297844715658,0.08573084263192213,51.920099049751464,7.539927609477552,1140.3054795249634,19.157963585195784,0.9998864714052711,5.093167565838609e-05,6.25969190704138e-05,0.0,0.0,0.0,0.0,0.0,0.0,0.0,0.0,0.0,0.0,0.0,0.9799883079879202,0.01579425065654745,0.004217441355532238,0.0,0.0,0.0,0.0,0.0,0.0,0.0,0.0,0.0,0.0,0.0,14.163573645183346,0.7336534165810179,1.0,1.448006852468496,3.789397293267276,0.0,0.0,0.0,0.0,0.0,0.0,0.0,0.0,0.0,0.0,0.0,14.174868895867752,1140.374164499297,19.07302514416849,309.1473760575555,7.3724464327452335
225.0,12.471135547285762,0.98,0.015785,0.004215,0.0,0.0,0.0,0.0,0.0,0.0,0.0,0.0,0.0,0.0,0.0,308.08,87.95,0.7303297844715658,0.14179801645577897,51.920099049751464,7.539927609477552,1138.5275197725748,21.326214181760825,0.9968900709423214,0.001634896433509952,0.0014750326241685888,0.0,0.0,0.0,0.0,0.0,0.0,0.0,0.0,0.0,0.0,0.0,0.6233333211684811,0.3145919417480118,0.06207473708350702,0.0,0.0,0.0,0.0,0.0,0.0,0.0,0.0,0.0,0.0,0.0,13.867930037411686,0.747604023334781,1.0,1.4249414795659308,3.682565557799141,0.0,0.0,0.0,0.0,0.0,0.0,0.0,0.0,0.0,0.0,0.0,14.174868895867752,1140.374164499297,19.07302514416849,309.1473760575555,7.3724464327452335
225.0,17.402243485093976,0.98,0.015785,0.004215,0.0,0.0,0.0,0.0,0.0,0.0,0.0,0.0,0.0,0.0,0.0,308.08,87.95,0.7303297844715658,0.19786519027963587,51.920099049751464,7.539927609477552,1137.0613588582364,23.078990287985917,0.99433571957823,0.0033267800246832677,0.00233750039708676,0.0,0.0,0.0,0.0,0.0,0.0,0.0,0.0,0.0,0.0,0.0,0.46408861387954425,0.4641292565254745,0.0717821295949813,0.0,0.0,0.0,0.0,0.0,0.0,0.0,0.0,0.0,0.0,0.0,13.619193700957304,0.7598137105864574,1.0000000005194665,1.4087078279838627,3.5985137822853184,0.0,0.0,0.0,0.0,0.0,0.0,0.0,0.0,0.0,0.0,0.0,14.174868895867752,1140.374164499297,19.07302514416849,309.1473760575555,7.3724464327452335
225.0,22.333351422902187,0.98,0.015785,0.004215,0.0,0.0,0.0,0.0,0.0,0.0,0.0,0.0,0.0,0.0,0.0,308.08,87.95,0.7303297844715658,0.25393236410349274,51.920099049751464,7.539927609477552,1135.7672547477905,24.6089340463739,0.992024802162594,0.005073140689678697,0.0029020571477272883,0.0,0.0,0.0,0.0,0.0,0.0,0.0,0.0,0.0,0.0,0.0,0.37403529774302785,0.5555866990075096,0.0703780032494627,0.0,0.0,0.0,0.0,0.0,0.0,0.0,0.0,0.0,0.0,0.0,13.396673749263,0.7710450859183283,1.0000000005587475,1.394621866515274,3.524129472233416,0.0,0.0,0.0,0.0,0.0,0.0,0.0,0.0,0.0,0.0,0.0,14.174868895867752,1140.374164499297,19.07302514416849,309.1473760575555,7.3724464327452335
225.0,27.264459360710397,0.98,0.015785,0.004215,0.0,0.0,0.0,0.0,0.0,0.0,0.0,0.0,0.0,0.0,0.0,308.08,87.95,0.7303297844715658,0.3099995379273496,51.920099049751464,7.539927609477552,1134.5760669949223,26.012044806409257,0.9898587070435158,0.006846658890125351,0.0032946340663589442,0.0,0.0,0.0,0.0,0.0,0.0,0.0,0.0,0.0,0.0,0.0,0.31619141486950547,0.6176233079414173,0.06618527718907725,0.0,0.0,0.0,0.0,0.0,0.0,0.0,0.0,0.0,0.0,0.0,13.190396843198151,0.7816645245849919,1.0000000005427212,1.3815305156858586,3.4555061325435203,0.0,0.0,0.0,0.0,0.0,0.0,0.0,0.0,0.0,0.0,0.0,14.174868895867752,1140.374164499297,19.07302514416849,309.1473760575555,7.3724464327452335
225.0,32.19556729851861,0.98,0.015785,0.004215,0.0,0.0,0.0,0.0,0.0,0.0,0.0,0.0,0.0,0.0,0.0,308.08,87.95,0.7303297844715658,0.3660667117512065,51.920099049751464,7.539927609477552,1133.451732357802,27.339056929739773,0.9877859429524787,0.0086329229861985,0.0035811340613228224,0.0,0.0,0.0,0.0,0.0,0.0,0.0,0.0,0.0,0.0,0.0,0.27595033732065866,0.6625168653318128,0.061532797347528666,0.0,0.0,0.0,0.0,0.0,0.0,0.0,0.0,0.0,0.0,0.0,12.995219873943121,0.7918558278398876,1.0000000005571263,1.3690344897565905,3.391022996828338,0.0,0.0,0.0,0.0,0.0,0.0,0.0,0.0,0.0,0.0,0.0,14.174868895867752,1140.374164499297,19.07302514416849,309.1473760575555,7.3724464327452335
225.0,37.12667523632682,0.98,0.015785,0.004215,0.0,0.0,0.0,0.0,0.0,0.0,0.0,0.0,0.0,0.0,0.0,308.08,87.95,0.7303297844715658,0.4221338855750633,51.920099049751464,7.539927609477552,1132.3741535547401,28.61853491613795,0.9857778024261769,0.010423858918106446,0.0037983386557167626,0.0,0.0,0.0,0.0,0.0,0.0,0.0,0.0,0.0,0.0,0.0,0.24638279649369857,0.6964980182026671,0.05711918530363437,0.0,0.0,0.0,0.0,0.0,0.0,0.0,0.0,0.0,0.0,0.0,12.808300425473915,0.8017174913608542,1.000000000610522,1.3569713352765007,3.3298376749131116,0.0,0.0,0.0,0.0,0.0,0.0,0.0,0.0,0.0,0.0,0.0,14.174868895867752,1140.374164499297,19.07302514416849,309.1473760575555,7.3724464327452335
225.0,42.057783174135025,0.98,0.015785,0.004215,0.0,0.0,0.0,0.0,0.0,0.0,0.0,0.0,0.0,0.0,0.0,308.08,87.95,0.7303297844715658,0.4782010593989201,51.920099049751464,7.539927609477552,1131.3314143088764,29.867542805969027,0.9838172622714961,0.012214668170313966,0.003968069558189803,0.0,0.0,0.0,0.0,0.0,0.0,0.0,0.0,0.0,0.0,0.0,0.22377760480539102,0.7230890037216079,0.05313339147300106,0.0,0.0,0.0,0.0,0.0,0.0,0.0,0.0,0.0,0.0,0.0,12.627950405879215,0.8113298199582254,1.00000000068938,1.345268466790635,3.2713032524657493,0.0,0.0,0.0,0.0,0.0,0.0,0.0,0.0,0.0,0.0,0.0,14.174868895867752,1140.374164499297,19.07302514416849,309.1473760575555,7.3724464327452335
225.0,46.988891111943246,0.98,0.015785,0.004215,0.0,0.0,0.0,0.0,0.0,0.0,0.0,0.0,0.0,0.0,0.0,308.08,87.95,0.7303297844715658,0.5342682332227771,51.920099049751464,7.539927609477552,1130.3160587763705,31.096803964372768,0.9818936733704027,0.014002348554583715,0.004103978075013545,0.0,0.0,0.0,0.0,0.0,0.0,0.0,0.0,0.0,0.0,0.0,0.20596711427662404,0.7444380317744592,0.04959485394891674,0.0,0.0,0.0,0.0,0.0,0.0,0.0,0.0,0.0,0.0,0.0,12.453118470631598,0.8207177763172887,1.0000000007487877,1.333906583842245,3.215105217084213,0.0,0.0,0.0,0.0,0.0,0.0,0.0,0.0,0.0,0.0,0.0,14.174868895867752,1140.374164499297,19.07302514416849,309.1473760575555,7.3724464327452335
225.0,51.91999904975146,0.98,0.015785,0.004215,0.0,0.0,0.0,0.0,0.0,0.0,0.0,0.0,0.0,0.0,0.0,308.08,87.95,0.7303297844715658,0.590335407046634,51.920099049751464,7.539927609477552,1129.3232037051287,32.31335019324856,0.9800000646358429,0.015784938828209753,0.0042149965359474205,0.0,0.0,0.0,0.0,0.0,0.0,0.0,0.0,0.0,0.0,0.0,0.19159995139123723,0.7619320338334717,0.046468014775290986,0.0,0.0,0.0,0.0,0.0,0.0,0.0,0.0,0.0,0.0,0.0,12.283091911114656,0.8298799263419205,1.0000000007685554,1.32289044487882,3.161027528201519,0.0,0.0,0.0,0.0,0.0,0.0,0.0,0.0,0.0,0.0,0.0,14.174868895867752,1140.374164499297,19.07302514416849,309.1473760575555,7.3724464327452335
230.0,9.146739979577717,0.98,0.015785,0.004215,0.0,0.0,0.0,0.0,0.0,0.0,0.0,0.0,0.0,0.0,0.0,308.08,87.95,0.7465593352376007,0.10399931756199791,49.907473450666444,9.146639979577717,1122.3638731248577,23.08119718236981,0.9998527901293279,6.834397014241007e-05,7.886590052967298e-05,0.0,0.0,0.0,0.0,0.0,0.0,0.0,0.0,0.0,0.0,0.0,0.9799905287066488,0.01579249804227955,0.004216973251071525,0.0,0.0,0.0,0.0,0.0,0.0,0.0,0.0,0.0,0.0,0.0,13.061480585455458,0.7657557173928211,1.0,1.3994149077440428,3.453735930210346,0.0,0.0,0.0,0.0,0.0,0.0,0.0,0.0,0.0,0.0,0.0,13.074576632454441,1122.454729495443,22.974460145533122,309.1473760575555,8.939933858638554
230.0,13.67569925414313,0.98,0.015785,0.004215,0.0,0.0,0.0,0.0,0.0,0.0,0.0,0.0,0.0,0.0,0.0,308.08,87.95,0.7465593352376007,0.15549402221879624,49.907473450666444,9.146639979577717,1120.5885580534741,25.131568652030523,0.9969289919749098,0.0016460009625260132,0.001425007062564216,0.0,0.0,0.0,0.0,0.0,0.0,0.0,0.0,0.0,0.0,0.0,0.686727200607727,0.2607247952618943,0.05254800413037878,0.0,0.0,0.0,0.0,0.0,0.0,0.0,0.0,0.0,0.0,0.0,12.80375626114557,0.7784991872761694,1.0,1.3797687423750227,3.3678834793558323,0.0,0.0,0.0,0.0,0.0,0.0,0.0,0.0,0.0,0.0,0.0,13.074576632454441,1122.454729495443,22.974460145533122,309.1473760575555,8.939933858638554
230.0,18.204658528708542,0.98,0.015785,0.004215,0.0,0.0,0.0,0.0,0.0,0.0,0.0,0.0,0.0,0.0,0.0,308.08,87.95,0.7465593352376007,0.20698872687559455,49.907473450666444,9.146639979577717,1119.092900014633,26.818381263546456,0.9943969617954126,0.0033278567021622313,0.0022751815024251326,0.0,0.0,0.0,0.0,0.0,0.0,0.0,0.0,0.0,0.0,0.0,0.5347723505854836,0.40102354600234713,0.06420410341216913,0.0,0.0,0.0,0.0,0.0,0.0,0.0,0.0,0.0,0.0,0.0,12.583824593238344,0.789750318272123,1.0000000000451992,1.3657403517641447,3.29918214041081,0.0,0.0,0.0,0.0,0.0,0.0,0.0,0.0,0.0,0.0,0.0,13.074576632454441,1122.454729495443,22.974460145533122,309.1473760575555,8.939933858638554
230.0,22.733617803273958,0.98,0.015785,0.004215,0.0,0.0,0.0,0.0,0.0,0.0,0.0,0.0,0.0,0.0,0.0,308.08,87.95,0.7465593352376007,0.25848343153239295,49.907473450666444,9.146639979577717,1117.7576383407213,28.304769632312805,0.9920893776246169,0.005065560896750434,0.0028450614786327336,0.0,0.0,0.0,0.0,0.0,0.0,0.0,0.0,0.0,0.0,0.0,0.44197914956794004,0.4928386516901795,0.06518219874188032,0.0,0.0,0.0,0.0,0.0,0.0,0.0,0.0,0.0,0.0,0.0,12.385822560708949,0.8001377551161533,1.000000000014568,1.3537359487232021,3.2385880555951663,0.0,0.0,0.0,0.0,0.0,0.0,0.0,0.0,0.0,0.0,0.0,13.074576632454441,1122.454729495443,22.974460145533122,309.1473760575555,8.939933858638554
230.0,27.26257707783937,0.98,0.015785,0.004215,0.0,0.0,0.0,0.0,0.0,0.0,0.0,0.0,0.0,0.0,0.0,308.08,87.95,0.7465593352376007,0.30997813618919123,49.907473450666444,9.146639979577717,1116.5206211963537,29.674606002389687,0.9899187869289129,0.006833229883209141,0.003247983187878038,0.0,0.0,0.0,0.0,0.0,0.0,0.0,0.0,0.0,0.0,0.0,0.37949699109164586,0.557742895528461,0.06276011337989314,0.0,0.0,0.0,0.0,0.0,0.0,0.0,0.0,0.0,0.0,0.0,12.201681311301416,0.8099732942841505,1.000000000037109,1.3426819910772771,3.182768790065967,0.0,0.0,0.0,0.0,0.0,0.0,0.0,0.0,0.0,0.0,0.0,13.074576632454441,1122.454729495443,22.974460145533122,309.1473760575555,8.939933858638554
230.0,31.791536352404783,0.98,0.015785,0.004215,0.0,0.0,0.0,0.0,0.0,0.0,0.0,0.0,0.0,0.0,0.0,308.08,87.95,0.7465593352376007,0.3614728408459896,49.907473450666444,9.146639979577717,1115.3481671729799,30.973368091916097,0.9878377434602529,0.008616675479383083,0.003545581060364044,0.0,0.0,0.0,0.0,0.0,0.0,0.0,0.0,0.0,0.0,0.0,0.3346107939525296,0.6060517387001083,0.05933746734736197,0.0,0.0,0.0,0.0,0.0,0.0,0.0,0.0,0.0,0.0,0.0,12.02709738137687,0.8194431860867241,1.0000000004514749,1.3322074768254124,3.1301759517516348,0.0,0.0,0.0,0.0,0.0,0.0,0.0,0.0,0.0,0.0,0.0,13.074576632454441,1122.454729495443,22.974460145533122,309.1473760575555,8.939933858638554
230.0,36.3204956269702,0.98,0.015785,0.004215,0.0,0.0,0.0,0.0,0.0,0.0,0.0,0.0,0.0,0.0,0.0,308.08,87.95,0.7465593352376007,0.4129675455027879,49.907473450666444,9.146639979577717,1114.2209820758494,32.227194710324405,0.9858190507799285,0.010407714364441049,0.003773234855630471,0.0,0.0,0.0,0.0,0.0,0.0,0.0,0.0,0.0,0.0,0.0,0.3008475529912801,0.6433781996076493,0.05577424740107068,0.0,0.0,0.0,0.0,0.0,0.0,0.0,0.0,0.0,0.0,0.0,11.859618692718598,0.8286529224684983,1.0000000005009528,1.3221088126115468,3.0800634550697428,0.0,0.0,0.0,0.0,0.0,0.0,0.0,0.0,0.0,0.0,0.0,13.074576632454441,1122.454729495443,22.974460145533122,309.1473760575555,8.939933858638554
230.0,40.84945490153561,0.98,0.015785,0.004215,0.0,0.0,0.0,0.0,0.0,0.0,0.0,0.0,0.0,0.0,0.0,308.08,87.95,0.7465593352376007,0.4644622501595862,49.907473450666444,9.146639979577717,1113.127395552861,33.45195887870158,0.9838462519768627,0.012201372586372949,0.003952375436764294,0.0,0.0,0.0,0.0,0.0,0.0,0.0,0.0,0.0,0.0,0.0,0.27456456903291265,0.6730528452074469,0.05238258575964037,0.0,0.0,0.0,0.0,0.0,0.0,0.0,0.0,0.0,0.0,0.0,11.697768602764564,0.8376140510780928,1.0000000002306009,1.312299022376345,3.0320038520839607,0.0,0.0,0.0,0.0,0.0,0.0,0.0,0.0,0.0,0.0,0.0,13.074576632454441,1122.454729495443,22.974460145533122,309.1473760575555,8.939933858638554
230.0,45.378414176101025,0.98,0.015785,0.004215,0.0,0.0,0.0,0.0,0.0,0.0,0.0,0.0,0.0,0.0,0.0,308.08,87.95,0.7465593352376007,0.5159569548163846,49.907473450666444,9.146639979577717,1112.0599988545073,34.657771304778514,0.9819088969074231,0.013994480885291982,0.004096622207284953,0.0,0.0,0.0,0.0,0.0,0.0,0.0,0.0,0.0,0.0,0.0,0.253554611603234,0.6971808096206532,0.049264578776113,0.0,0.0,0.0,0.0,0.0,0.0,0.0,0.0,0.0,0.0,0.0,11.540626217733926,0.8464061967387103,1.0000000005249006,1.302738107895037,2.9857303913833957,0.0,0.0,0.0,0.0,0.0,0.0,0.0,0.0,0.0,0.0,0.0,13.074576632454441,1122.454729495443,22.974460145533122,309.1473760575555,8.939933858638554
230.0,49.90737345066644,0.98,0.015785,0.004215,0.0,0.0,0.0,0.0,0.0,0.0,0.0,0.0,0.0,0.0,0.0,308.08,87.95,0.7465593352376007,0.567451659473183,49.907473450666444,9.146639979577717,1111.0138882042709,35.85134455184107,0.980000067953053,0.015784935905545795,0.004214996141401247,0.0,0.0,0.0,0.0,0.0,0.0,0.0,0.0,0.0,0.0,0.0,0.23640204514869959,0.7171590073466763,0.04643894750462415,0.0,0.0,0.0,0.0,0.0,0.0,0.0,0.0,0.0,0.0,0.0,11.387551187587166,0.8550043637989142,1.0000000004819214,1.2934331070557799,2.9411148370529263,0.0,0.0,0.0,0.0,0.0,0.0,0.0,0.0,0.0,0.0,0.0,13.074576632454441,1122.454729495443,22.974460145533122,309.1473760575555,8.939933858638554
235.0,10.998929915272944,0.98,0.015785,0.004215,0.0,0.0,0.0,0.0,0.0,0.0,0.0,0.0,0.0,0.0,0.0,308.08,87.95,0.7627888860036355,0.12505889613727053,48.51083043918491,10.998829915272944,1103.7483483987721,27.624462316025035,0.9998104698796992,9.094363365632873e-05,9.858648664447787e-05,0.0,0.0,0.0,0.0,0.0,0.0,0.0,0.0,0.0,0.0,0.0,0.9799922757447677,0.0157911192338062,0.0042166050214261525,0.0,0.0,0.0,0.0,0.0,0.0,0.0,0.0,0.0,0.0,0.0,11.977274849471053,0.8007650221241306,1.0,1.3543487222850406,3.1575400106428804,0.0,0.0,0.0,0.0,0.0,0.0,0.0,0.0,0.0,0.0,0.0,11.992371749912282,1103.8677706455148,27.49052725780276,309.1473760575555,10.745438617473916
235.0,15.166907751263162,0.98,0.015785,0.004215,0.0,0.0,0.0,0.0,0.0,0.0,0.0,0.0,0.0,0.0,0.0,308.08,87.95,0.7627888860036355,0.17244920695012123,48.51083043918491,10.998829915272944,1101.974525429232,29.576272136824052,0.996956104528947,0.0016633267835415634,0.0013805686875113371,0.0,0.0,0.0,0.0,0.0,0.0,0.0,0.0,0.0,0.0,0.0,0.7416671504477664,0.21427744337803023,0.04405540617420328,0.0,0.0,0.0,0.0,0.0,0.0,0.0,0.0,0.0,0.0,0.0,11.752169179117129,0.8125516541632869,1.0,1.3376333523463442,3.0881916233549327,0.0,0.0,0.0,0.0,0.0,0.0,0.0,0.0,0.0,0.0,0.0,11.992371749912282,1103.8677706455148,27.49052725780276,309.1473760575555,10.745438617473916
235.0,19.334885587253382,0.98,0.015785,0.004215,0.0,0.0,0.0,0.0,0.0,0.0,0.0,0.0,0.0,0.0,0.0,308.08,87.95,0.7627888860036355,0.21983951776297192,48.51083043918491,10.998829915272944,1100.451142219417,31.208577416322548,0.9944476711786565,0.003335981002438809,0.0022163478189046837,0.0,0.0,0.0,0.0,0.0,0.0,0.0,0.0,0.0,0.0,0.0,0.6018663444276314,0.3416086572266326,0.056524998345736,0.0,0.0,0.0,0.0,0.0,0.0,0.0,0.0,0.0,0.0,0.0,11.557502347700284,0.8230393082280714,1.0,1.3253863232943965,3.0318489337588277,0.0,0.0,0.0,0.0,0.0,0.0,0.0,0.0,0.0,0.0,0.0,11.992371749912282,1103.8677706455148,27.49052725780276,309.1473760575555,10.745438617473916
235.0,23.502863423243596,0.98,0.015785,0.004215,0.0,0.0,0.0,0.0,0.0,0.0,0.0,0.0,0.0,0.0,0.0,308.08,87.95,0.7627888860036355,0.26722982857582256,48.51083043918491,10.998829915272944,1099.0768970643953,32.65975588507339,0.9921451078882823,0.005065237345066755,0.0027896547666510277,0.0,0.0,0.0,0.0,0.0,0.0,0.0,0.0,0.0,0.0,0.0,0.510098218899161,0.4305392871472877,0.059362493953551414,0.0,0.0,0.0,0.0,0.0,0.0,0.0,0.0,0.0,0.0,0.0,11.381164029298636,0.8327701591919919,1.0,1.31502875337745,2.982006841798445,0.0,0.0,0.0,0.0,0.0,0.0,0.0,0.0,0.0,0.0,0.0,11.992371749912282,1103.8677706455148,27.49052725780276,309.1473760575555,10.745438617473916
235.0,27.670841259233818,0.98,0.015785,0.004215,0.0,0.0,0.0,0.0,0.0,0.0,0.0,0.0,0.0,0.0,0.0,308.08,87.95,0.7627888860036355,0.3146201393886733,48.51083043918491,10.998829915272944,1097.7962703899511,34.003631649916066,0.9899715080438122,0.0068267192525819104,0.00320177270360591,0.0,0.0,0.0,0.0,0.0,0.0,0.0,0.0,0.0,0.0,0.0,0.4453087465580447,0.49614507597610025,0.05854617746585488,0.0,0.0,0.0,0.0,0.0,0.0,0.0,0.0,0.0,0.0,0.0,11.216664799712136,0.8420112335256974,1.0,1.3056114664899554,2.936065329750274,0.0,0.0,0.0,0.0,0.0,0.0,0.0,0.0,0.0,0.0,0.0,11.992371749912282,1103.8677706455148,27.49052725780276,309.1473760575555,10.745438617473916
235.0,31.838819095224032,0.98,0.015785,0.004215,0.0,0.0,0.0,0.0,0.0,0.0,0.0,0.0,0.0,0.0,0.0,308.08,87.95,0.7627888860036355,0.36201045020152395,48.51083043918491,10.998829915272944,1096.5779980189484,35.28125191546078,0.9878835294114038,0.008606578099657921,0.0035098924889382798,0.0,0.0,0.0,0.0,0.0,0.0,0.0,0.0,0.0,0.0,0.0,0.39717659240540254,0.5464803389502313,0.056343068644366154,0.0,0.0,0.0,0.0,0.0,0.0,0.0,0.0,0.0,0.0,0.0,11.060412891458938,0.8509228777708863,1.000000000285236,1.2967296132314134,2.8927883989146244,0.0,0.0,0.0,0.0,0.0,0.0,0.0,0.0,0.0,0.0,0.0,11.992371749912282,1103.8677706455148,27.49052725780276,309.1473760575555,10.745438617473916
235.0,36.006796931214254,0.98,0.015785,0.004215,0.0,0.0,0.0,0.0,0.0,0.0,0.0,0.0,0.0,0.0,0.0,308.08,87.95,0.7627888860036355,0.40940076101437467,48.51083043918491,10.998829915272944,1095.4036539553708,36.516639057212956,0.985855614249101,0.010396602420135249,0.0037477833307637556,0.0,0.0,0.0,0.0,0.0,0.0,0.0,0.0,0.0,0.0,0.0,0.3600504681039195,0.5862690543107827,0.053680477585297766,0.0,0.0,0.0,0.0,0.0,0.0,0.0,0.0,0.0,0.0,0.0,10.910310595458672,0.8595821902627329,1.0000000002630258,1.2881946231138914,2.8516222483402514,0.0,0.0,0.0,0.0,0.0,0.0,0.0,0.0,0.0,0.0,0.0,11.992371749912282,1103.8677706455148,27.49052725780276,309.1473760575555,10.745438617473916
235.0,40.17477476720447,0.98,0.015785,0.004215,0.0,0.0,0.0,0.0,0.0,0.0,0.0,0.0,0.0,0.0,0.0,308.08,87.95,0.7627888860036355,0.45679107182722534,48.51083043918491,10.998829915272944,1094.2618554373732,37.724577744292404,0.983871966964414,0.01219169305813397,0.003936339977452051,0.0,0.0,0.0,0.0,0.0,0.0,0.0,0.0,0.0,0.0,0.0,0.33057680890394253,0.618470116433435,0.050953074662622354,0.0,0.0,0.0,0.0,0.0,0.0,0.0,0.0,0.0,0.0,0.0,10.765068583761568,0.8680511253775777,1.0000000002862648,1.2799285494918562,2.8120744444412638,0.0,0.0,0.0,0.0,0.0,0.0,0.0,0.0,0.0,0.0,0.0,11.992371749912282,1103.8677706455148,27.49052725780276,309.1473760575555,10.745438617473916
235.0,44.34275260319469,0.98,0.015785,0.004215,0.0,0.0,0.0,0.0,0.0,0.0,0.0,0.0,0.0,0.0,0.0,308.08,87.95,0.7627888860036355,0.5041813826400761,48.51083043918491,10.998829915272944,1093.1452612496885,38.914586872872064,0.9819223958875235,0.01398854487121851,0.004089059241258092,0.0,0.0,0.0,0.0,0.0,0.0,0.0,0.0,0.0,0.0,0.0,0.30663977463374936,0.6450317843005297,0.04832844106572101,0.0,0.0,0.0,0.0,0.0,0.0,0.0,0.0,0.0,0.0,0.0,10.623858652424104,0.8763610232967061,1.0000000003072058,1.2718943609819255,2.7739098269413778,0.0,0.0,0.0,0.0,0.0,0.0,0.0,0.0,0.0,0.0,0.0,11.992371749912282,1103.8677706455148,27.49052725780276,309.1473760575555,10.745438617473916
235.0,48.510730439184904,0.98,0.015785,0.004215,0.0,0.0,0.0,0.0,0.0,0.0,0.0,0.0,0.0,0.0,0.0,308.08,87.95,0.7627888860036355,0.5515716934529267,48.51083043918491,10.998829915272944,1092.0489540585445,40.09303827675005,0.980000071479546,0.015784932816234495,0.004214995704219501,0.0,0.0,0.0,0.0,0.0,0.0,0.0,0.0,0.0,0.0,0.0,0.28683839897444485,0.6672889485303899,0.04587265249516537,0.0,0.0,0.0,0.0,0.0,0.0,0.0,0.0,0.0,0.0,0.0,10.48612642409599,0.8845419581191912,1.0000000002973586,1.2640403455260947,2.73697513312794,0.0,0.0,0.0,0.0,0.0,0.0,0.0,0.0,0.0,0.0,0.0,11.992371749912282,1103.8677706455148,27.49052725780276,309.1473760575555,10.745438617473916
240.0,13.119721556623915,0.98,0.015785,0.004215,0.0,0.0,0.0,0.0,0.0,0.0,0.0,0.0,0.0,0.0,0.0,308.08,87.95,0.7790184367696703,0.14917250206508145,47.68970314434305,13.119621556623915,1084.3677430991515,32.870989232359875,0.9997574487714854,0.0001201560571807179,0.0001223951713338963,0.0,0.0,0.0,0.0,0.0,0.0,0.0,0.0,0.0,0.0,0.0,0.979993663548706,0.01579002390373464,0.004216312547559247,0.0,0.0,0.0,0.0,0.0,0.0,0.0,0.0,0.0,0.0,0.0,10.91221963757013,0.8392429781743246,1.0,1.3124294221351198,2.8950713842012035,0.0,0.0,0.0,0.0,0.0,0.0,0.0,0.0,0.0,0.0,0.0,10.929530438659587,1084.5239266392234,32.702949864390106,309.1473760575555,12.810833440082819
240.0,16.96081951081493,0.98,0.015785,0.004215,0.0,0.0,0.0,0.0,0.0,0.0,0.0,0.0,0.0,0.0,0.0,308.08,87.95,0.7790184367696703,0.1928461570303005,47.68970314434305,13.119621556623915,1082.5940909099181,34.7411943774501,0.9969702354418054,0.0016878830812831979,0.0013418814769114796,0.0,0.0,0.0,0.0,0.0,0.0,0.0,0.0,0.0,0.0,0.0,0.7881309522640615,0.17516996600661414,0.036699081729324325,0.0,0.0,0.0,0.0,0.0,0.0,0.0,0.0,0.0,0.0,0.0,10.71540095911097,0.8502608143729823,1.0,1.298269474537108,2.8388246019403787,0.0,0.0,0.0,0.0,0.0,0.0,0.0,0.0,0.0,0.0,0.0,10.929530438659587,1084.5239266392234,32.702949864390106,309.1473760575555,12.810833440082819
240.0,20.801917465005943,0.98,0.015785,0.004215,0.0,0.0,0.0,0.0,0.0,0.0,0.0,0.0,0.0,0.0,0.0,308.08,87.95,0.7790184367696703,0.23651981199551952,47.68970314434305,13.119621556623915,1081.0441652856766,36.330031691456355,0.9944870227068594,0.0033517842894104236,0.002161193003730215,0.0,0.0,0.0,0.0,0.0,0.0,0.0,0.0,0.0,0.0,0.0,0.6634652853822933,0.28744498606935603,0.04908972854835064,0.0,0.0,0.0,0.0,0.0,0.0,0.0,0.0,0.0,0.0,0.0,10.543044411196158,0.8601754081778922,1.0,1.2875592688094877,2.7922208581639825,0.0,0.0,0.0,0.0,0.0,0.0,0.0,0.0,0.0,0.0,0.0,10.929530438659587,1084.5239266392234,32.702949864390106,309.1473760575555,12.810833440082819
240.0,24.64301541919696,0.98,0.015785,0.004215,0.0,0.0,0.0,0.0,0.0,0.0,0.0,0.0,0.0,0.0,0.0,308.08,87.95,0.7790184367696703,0.2801934669607386,47.68970314434305,13.119621556623915,1079.6324153830635,37.75441145485731,0.9921914631774342,0.005072536595299936,0.002736000227265891,0.0,0.0,0.0,0.0,0.0,0.0,0.0,0.0,0.0,0.0,0.0,0.576059104800337,0.37072205673471764,0.05321883846494538,0.0,0.0,0.0,0.0,0.0,0.0,0.0,0.0,0.0,0.0,0.0,10.385969357598102,0.8694140033843574,1.0,1.278523316417915,2.750991406434495,0.0,0.0,0.0,0.0,0.0,0.0,0.0,0.0,0.0,0.0,0.0,10.929530438659587,1084.5239266392234,32.702949864390106,309.1473760575555,12.810833440082819
240.0,28.484113373387974,0.98,0.015785,0.004215,0.0,0.0,0.0,0.0,0.0,0.0,0.0,0.0,0.0,0.0,0.0,308.08,87.95,0.7790184367696703,0.3238671219259576,47.68970314434305,13.119621556623915,1078.3096261802614,39.079504802727335,0.990016585929868,0.0068273107116313255,0.003156103358500836,0.0,0.0,0.0,0.0,0.0,0.0,0.0,0.0,0.0,0.0,0.0,0.5114456905484932,0.43480640591411285,0.05374790353739387,0.0,0.0,0.0,0.0,0.0,0.0,0.0,0.0,0.0,0.0,0.0,10.23899903449141,0.8781855411850273,1.0,1.2703879804363472,2.7130046877514387,0.0,0.0,0.0,0.0,0.0,0.0,0.0,0.0,0.0,0.0,0.0,10.929530438659587,1084.5239266392234,32.702949864390106,309.1473760575555,12.810833440082819
240.0,32.325211327578984,0.98,0.015785,0.004215,0.0,0.0,0.0,0.0,0.0,0.0,0.0,0.0,0.0,0.0,0.0,308.08,87.95,0.7790184367696703,0.3675407768911766,47.68970314434305,13.119621556623915,1077.0469974585121,40.34261531053877,0.9879231954453337,0.00860269019450075,0.003474114360165507,0.0,0.0,0.0,0.0,0.0,0.0,0.0,0.0,0.0,0.0,0.0,0.46178679406452394,0.48554089785830334,0.052672308077172714,0.0,0.0,0.0,0.0,0.0,0.0,0.0,0.0,0.0,0.0,0.0,10.099156941280672,0.8866829118035874,1.0,1.2627833766799603,2.6772372447123813,0.0,0.0,0.0,0.0,0.0,0.0,0.0,0.0,0.0,0.0,0.0,10.929530438659587,1084.5239266392234,32.702949864390106,309.1473760575555,12.810833440082819
240.0,36.166309281770005,0.98,0.015785,0.004215,0.0,0.0,0.0,0.0,0.0,0.0,0.0,0.0,0.0,0.0,0.0,308.08,87.95,0.7790184367696703,0.4112144318563957,47.68970314434305,13.119621556623915,1075.8270488244245,41.56600245377902,0.9858874996812744,0.01039050557714255,0.003721994741583108,0.0,0.0,0.0,0.0,0.0,0.0,0.0,0.0,0.0,0.0,0.0,0.4224681880622057,0.5266304204473177,0.050901391490476684,0.0,0.0,0.0,0.0,0.0,0.0,0.0,0.0,0.0,0.0,0.0,9.964655403802022,0.8949494567873891,1.0,1.2555212154217021,2.6431234875993788,0.0,0.0,0.0,0.0,0.0,0.0,0.0,0.0,0.0,0.0,0.0,10.929530438659587,1084.5239266392234,32.702949864390106,309.1473760575555,12.810833440082819
240.0,40.00740723596102,0.98,0.015785,0.004215,0.0,0.0,0.0,0.0,0.0,0.0,0.0,0.0,0.0,0.0,0.0,308.08,87.95,0.7790184367696703,0.45488808682161475,47.68970314434305,13.119621556623915,1074.6387368170858,42.76354565965906,0.9838944649768918,0.012185577930091045,0.003919957093017137,0.0,0.0,0.0,0.0,0.0,0.0,0.0,0.0,0.0,0.0,0.0,0.3905971229457387,0.5605349814031259,0.048867895651135466,0.0,0.0,0.0,0.0,0.0,0.0,0.0,0.0,0.0,0.0,0.0,9.834369381907658,0.9030258848567605,1.0,1.2485215844974957,2.610329504543712,0.0,0.0,0.0,0.0,0.0,0.0,0.0,0.0,0.0,0.0,0.0,10.929530438659587,1084.5239266392234,32.702949864390106,309.1473760575555,12.810833440082819
240.0,43.84850519015203,0.98,0.015785,0.004215,0.0,0.0,0.0,0.0,0.0,0.0,0.0,0.0,0.0,0.0,0.0,308.08,87.95,0.7790184367696703,0.49856174178683377,47.68970314434305,13.119621556623915,1073.4748151613117,43.94426047930307,0.9819342239294583,0.013984495162736685,0.004081280907805043,0.0,0.0,0.0,0.0,0.0,0.0,0.0,0.0,0.0,0.0,0.0,0.36426817249016946,0.5889493151571027,0.04678251235272784,0.0,0.0,0.0,0.0,0.0,0.0,0.0,0.0,0.0,0.0,0.0,9.707567147762651,0.9109998101954702,1.0,1.2417210818319044,2.578646298619066,0.0,0.0,0.0,0.0,0.0,0.0,0.0,0.0,0.0,0.0,0.0,10.929530438659587,1084.5239266392234,32.702949864390106,309.1473760575555,12.810833440082819
240.0,47.689603144343046,0.98,0.015785,0.004215,0.0,0.0,0.0,0.0,0.0,0.0,0.0,0.0,0.0,0.0,0.0,308.08,87.95,0.7790184367696703,0.5422353967520528,47.68970314434305,13.119621556623915,1072.330364680095,45.114220937525815,0.9800000752437239,0.015784929537872562,0.004214995218403484,0.0,0.0,0.0,0.0,0.0,0.0,0.0,0.0,0.0,0.0,0.0,0.3421751831986807,0.6130772545990775,0.04474756220224189,0.0,0.0,0.0,0.0,0.0,0.0,0.0,0.0,0.0,0.0,0.0,9.5837542734581,0.918846548958949,1.0000000000930322,1.2350760486244758,2.5479361340030118,0.0,0.0,0.0,0.0,0.0,0.0,0.0,0.0,0.0,0.0,0.0,10.929530438659587,1084.5239266392234,32.702949864390106,309.1473760575555,12.810833440082819
245.0,15.533253505872379,0.98,0.015785,0.004215,0.0,0.0,0.0,0.0,0.0,0.0,0.0,0.0,0.0,0.0,0.0,308.08,87.95,0.795247987535705,0.1766145935858144,47.41608892288529,15.533153505872379,1064.1151603887374,38.91879266540211,0.9996911210612212,0.00015781888449320394,0.0001510600542856602,0.0,0.0,0.0,0.0,0.0,0.0,0.0,0.0,0.0,0.0,0.0,0.9799947760165341,0.015789145834841638,0.004216078148624292,0.0,0.0,0.0,0.0,0.0,0.0,0.0,0.0,0.0,0.0,0.0,9.867759718062317,0.8818166852460927,1.0,1.2733815851369445,2.661270622151936,0.0,0.0,0.0,0.0,0.0,0.0,0.0,0.0,0.0,0.0,0.0,9.887512946675841,1064.3186812309134,38.707706375659235,309.1473760575555,15.158759773768708
245.0,19.075779663318258,0.98,0.015785,0.004215,0.0,0.0,0.0,0.0,0.0,0.0,0.0,0.0,0.0,0.0,0.0,308.08,87.95,0.795247987535705,0.2168934583663247,47.41608892288529,15.533153505872379,1062.3401654770712,40.72246751869506,0.9969696047231966,0.0017211161232897028,0.0013092791535136883,0.0,0.0,0.0,0.0,0.0,0.0,0.0,0.0,0.0,0.0,0.0,0.8267046785186402,0.1428314241992492,0.030463897282110707,0.0,0.0,0.0,0.0,0.0,0.0,0.0,0.0,0.0,0.0,0.0,9.695664693936232,0.8922769852653303,1.0,1.2614352127086645,2.6156627110673525,0.0,0.0,0.0,0.0,0.0,0.0,0.0,0.0,0.0,0.0,0.0,9.887512946675841,1064.3186812309134,38.707706375659235,309.1473760575555,15.158759773768708
245.0,22.618305820764135,0.98,0.015785,0.004215,0.0,0.0,0.0,0.0,0.0,0.0,0.0,0.0,0.0,0.0,0.0,308.08,87.95,0.795247987535705,0.25717232314683497,47.41608892288529,15.533153505872379,1060.7643664016944,42.27844102048319,0.9945136446193208,0.003376322895908609,0.0021100324847706242,0.0,0.0,0.0,0.0,0.0,0.0,0.0,0.0,0.0,0.0,0.0,0.7184248934804541,0.23942290215370854,0.04215220436583736,0.0,0.0,0.0,0.0,0.0,0.0,0.0,0.0,0.0,0.0,0.0,9.543152524978423,0.9017853444311278,1.0,1.2520924075637558,2.5770858229650613,0.0,0.0,0.0,0.0,0.0,0.0,0.0,0.0,0.0,0.0,0.0,9.887512946675841,1064.3186812309134,38.707706375659235,309.1473760575555,15.158759773768708
245.0,26.160831978210012,0.98,0.015785,0.004215,0.0,0.0,0.0,0.0,0.0,0.0,0.0,0.0,0.0,0.0,0.0,308.08,87.95,0.795247987535705,0.2974511879273452,47.41608892288529,15.533153505872379,1059.3159940141334,43.68468917394404,0.9922274536733799,0.0050882019019787015,0.00268434442464131,0.0,0.0,0.0,0.0,0.0,0.0,0.0,0.0,0.0,0.0,0.0,0.6379338987338267,0.31503062539030396,0.04703547587586941,0.0,0.0,0.0,0.0,0.0,0.0,0.0,0.0,0.0,0.0,0.0,9.403322193136306,0.9106644209370571,1.0,1.2441729524799354,2.542689626295425,0.0,0.0,0.0,0.0,0.0,0.0,0.0,0.0,0.0,0.0,0.0,9.887512946675841,1064.3186812309134,38.707706375659235,309.1473760575555,15.158759773768708
245.0,29.70335813565589,0.98,0.015785,0.004215,0.0,0.0,0.0,0.0,0.0,0.0,0.0,0.0,0.0,0.0,0.0,308.08,87.95,0.795247987535705,0.3377300527078555,47.41608892288529,15.533153505872379,1057.9518111183086,44.99854705126037,0.9900533669747905,0.0068355044680043445,0.0031111285572051643,0.0,0.0,0.0,0.0,0.0,0.0,0.0,0.0,0.0,0.0,0.0,0.5758037533537134,0.3756000263967401,0.04859622024954649,0.0,0.0,0.0,0.0,0.0,0.0,0.0,0.0,0.0,0.0,0.0,9.272090533953538,0.919133116523068,1.0,1.237086966821971,2.5109883645867033,0.0,0.0,0.0,0.0,0.0,0.0,0.0,0.0,0.0,0.0,0.0,9.887512946675841,1064.3186812309134,38.707706375659235,309.1473760575555,15.158759773768708
245.0,33.24588429310177,0.98,0.015785,0.004215,0.0,0.0,0.0,0.0,0.0,0.0,0.0,0.0,0.0,0.0,0.0,308.08,87.95,0.795247987535705,0.37800891748836574,47.41608892288529,15.533153505872379,1056.6455304581657,46.2539946525885,0.9879563524567561,0.00860532539694498,0.0034383221462990564,0.0,0.0,0.0,0.0,0.0,0.0,0.0,0.0,0.0,0.0,0.0,0.5264386849975405,0.4250708721318053,0.0484904428706542,0.0,0.0,0.0,0.0,0.0,0.0,0.0,0.0,0.0,0.0,0.0,9.147017875212986,0.9273433279405303,1.0,1.2305181698065848,2.48119808449146,0.0,0.0,0.0,0.0,0.0,0.0,0.0,0.0,0.0,0.0,0.0,9.887512946675841,1064.3186812309134,38.707706375659235,309.1473760575555,15.158759773768708
245.0,36.78841045054765,0.98,0.015785,0.004215,0.0,0.0,0.0,0.0,0.0,0.0,0.0,0.0,0.0,0.0,0.0,308.08,87.95,0.795247987535705,0.4182877822688761,47.41608892288529,15.533153505872379,1055.3807072402674,47.47180394125032,0.9859145078907283,0.010389598590032516,0.003695893519239233,0.0,0.0,0.0,0.0,0.0,0.0,0.0,0.0,0.0,0.0,0.0,0.48630715128212876,0.4661472518179258,0.04754559689994531,0.0,0.0,0.0,0.0,0.0,0.0,0.0,0.0,0.0,0.0,0.0,9.026589278136088,0.9353319567719554,1.0,1.224291282305121,2.4528174500924926,0.0,0.0,0.0,0.0,0.0,0.0,0.0,0.0,0.0,0.0,0.0,9.887512946675841,1064.3186812309134,38.707706375659235,309.1473760575555,15.158759773768708
245.0,40.33093660799353,0.98,0.015785,0.004215,0.0,0.0,0.0,0.0,0.0,0.0,0.0,0.0,0.0,0.0,0.0,308.08,87.95,0.795247987535705,0.4585666470493863,47.41608892288529,15.533153505872379,1054.1467026469566,48.66513618875228,0.9839136692011375,0.012183105504383522,0.0039032252944789124,0.0,0.0,0.0,0.0,0.0,0.0,0.0,0.0,0.0,0.0,0.0,0.4530702805364061,0.5007379069960711,0.04619181246752281,0.0,0.0,0.0,0.0,0.0,0.0,0.0,0.0,0.0,0.0,0.0,8.909833641934261,0.9431754498424645,1.0,1.2183055179827684,2.425530852748218,0.0,0.0,0.0,0.0,0.0,0.0,0.0,0.0,0.0,0.0,0.0,9.887512946675841,1064.3186812309134,38.707706375659235,309.1473760575555,15.158759773768708
245.0,43.873462765439406,0.98,0.015785,0.004215,0.0,0.0,0.0,0.0,0.0,0.0,0.0,0.0,0.0,0.0,0.0,308.08,87.95,0.795247987535705,0.49884551182989656,47.41608892288529,15.533153505872379,1052.9364037838518,49.84263201532946,0.9819443680253788,0.0139823525880074,0.004073279386613826,0.0,0.0,0.0,0.0,0.0,0.0,0.0,0.0,0.0,0.0,0.0,0.42511765378290794,0.5302232196748823,0.04465912654220977,0.0,0.0,0.0,0.0,0.0,0.0,0.0,0.0,0.0,0.0,0.0,8.79610302860821,0.9508963731836623,1.0,1.2125014744728042,2.399151809419086,0.0,0.0,0.0,0.0,0.0,0.0,0.0,0.0,0.0,0.0,0.0,9.887512946675841,1064.3186812309134,38.707706375659235,309.1473760575555,15.158759773768708
245.0,47.41598892288528,0.98,0.015785,0.004215,0.0,0.0,0.0,0.0,0.0,0.0,0.0,0.0,0.0,0.0,0.0,308.08,87.95,0.795247987535705,0.5391243766104068,47.41608892288529,15.533153505872379,1051.7449091105748,51.01014903824161,0.9800000792818834,0.015784926041640196,0.004214994676476468,0.0,0.0,0.0,0.0,0.0,0.0,0.0,0.0,0.0,0.0,0.0,0.401304228115798,0.5556232116237335,0.04307256026046846,0.0,0.0,0.0,0.0,0.0,0.0,0.0,0.0,0.0,0.0,0.0,8.684964029496845,0.958522679356284,1.0,1.2068620078353598,2.3735558869885427,0.0,0.0,0.0,0.0,0.0,0.0,0.0,0.0,0.0,0.0,0.0,9.887512946675841,1064.3186812309134,38.707706375659235,309.1473760575555,15.158759773768708
250.0,18.264798157522733,0.98,0.015785,0.004215,0.0,0.0,0.0,0.0,0.0,0.0,0.0,0.0,0.0,0.0,0.0,308.08,87.95,0.8114775383017399,0.20767252026745575,47.67179870185241,18.264698157522734,1042.8633251160506,45.88517013583738,0.9996081482640358,0.0002063296672859964,0.00018552206867814531,0.0,0.0,0.0,0.0,0.0,0.0,0.0,0.0,0.0,0.0,0.0,0.979995675380144,0.0157884359097118,0.004215888710144192,0.0,0.0,0.0,0.0,0.0,0.0,0.0,0.0,0.0,0.0,0.0,8.84555907646198,0.9293950782683716,1.0,1.2369765787097478,2.4521711728335407,0.0,0.0,0.0,0.0,0.0,0.0,0.0,0.0,0.0,0.0,0.0,8.867997289195623,1043.1279606987764,45.61929334068271,309.1473760575555,17.81267416850522
250.0,21.53223155133714,0.98,0.015785,0.004215,0.0,0.0,0.0,0.0,0.0,0.0,0.0,0.0,0.0,0.0,0.0,308.08,87.95,0.8114775383017399,0.24482355373891007,47.67179870185241,18.264698157522734,1041.0852345832966,47.635954997817024,0.9969516680354713,0.0017650376372840566,0.001283294327244748,0.0,0.0,0.0,0.0,0.0,0.0,0.0,0.0,0.0,0.0,0.0,0.8582975035866447,0.11643966216029432,0.02526283425306097,0.0,0.0,0.0,0.0,0.0,0.0,0.0,0.0,0.0,0.0,0.0,8.695238954799883,0.939465479866778,1.0,1.2269674763679053,2.415111347940473,0.0,0.0,0.0,0.0,0.0,0.0,0.0,0.0,0.0,0.0,0.0,8.867997289195623,1043.1279606987764,45.61929334068271,309.1473760575555,17.81267416850522
250.0,24.799664945151548,0.98,0.015785,0.004215,0.0,0.0,0.0,0.0,0.0,0.0,0.0,0.0,0.0,0.0,0.0,308.08,87.95,0.8114775383017399,0.2819745872103644,47.67179870185241,18.264698157522734,1039.4837404221398,49.169239318060114,0.9945254593058233,0.0034112034047084866,0.0020633372894683297,0.0,0.0,0.0,0.0,0.0,0.0,0.0,0.0,0.0,0.0,0.0,0.7663084122703854,0.197822358338893,0.035869229390721596,0.0,0.0,0.0,0.0,0.0,0.0,0.0,0.0,0.0,0.0,0.0,8.560505804686901,0.9487038839983173,1.0,1.2188694933272657,2.383152317086458,0.0,0.0,0.0,0.0,0.0,0.0,0.0,0.0,0.0,0.0,0.0,8.867997289195623,1043.1279606987764,45.61929334068271,309.1473760575555,17.81267416850522
250.0,28.06709833896596,0.98,0.015785,0.004215,0.0,0.0,0.0,0.0,0.0,0.0,0.0,0.0,0.0,0.0,0.0,308.08,87.95,0.8114775383017399,0.3191256206818187,47.67179870185241,18.264698157522734,1037.9990851449636,50.56627155310669,0.9922514747636625,0.005113474374113498,0.0026350508622240564,0.0,0.0,0.0,0.0,0.0,0.0,0.0,0.0,0.0,0.0,0.0,0.694364004508086,0.2645854019408636,0.04105059355105056,0.0,0.0,0.0,0.0,0.0,0.0,0.0,0.0,0.0,0.0,0.0,8.436228594314604,0.9573861959753587,1.0,1.21192974517574,2.354438380010959,0.0,0.0,0.0,0.0,0.0,0.0,0.0,0.0,0.0,0.0,0.0,8.867997289195623,1043.1279606987764,45.61929334068271,309.1473760575555,17.81267416850522
250.0,31.334531732780366,0.98,0.015785,0.004215,0.0,0.0,0.0,0.0,0.0,0.0,0.0,0.0,0.0,0.0,0.0,308.08,87.95,0.8114775383017399,0.35627665415327303,47.67179870185241,18.264698157522734,1036.5936630758397,51.87702898875717,0.990080692274801,0.0068522245499562685,0.003067083175242697,0.0,0.0,0.0,0.0,0.0,0.0,0.0,0.0,0.0,0.0,0.0,0.636593278412382,0.3200870308878958,0.043319690699722226,0.0,0.0,0.0,0.0,0.0,0.0,0.0,0.0,0.0,0.0,0.0,8.319226537649506,0.9656788186554678,1.0,1.2057218712603754,2.327914076005319,0.0,0.0,0.0,0.0,0.0,0.0,0.0,0.0,0.0,0.0,0.0,8.867997289195623,1043.1279606987764,45.61929334068271,309.1473760575555,17.81267416850522
250.0,34.60196512659478,0.98,0.015785,0.004215,0.0,0.0,0.0,0.0,0.0,0.0,0.0,0.0,0.0,0.0,0.0,308.08,87.95,0.8114775383017399,0.3934276876247274,47.67179870185241,18.264698157522734,1035.2437360054773,53.13232280460474,0.987982219729695,0.008615137845882479,0.003402642424422542,0.0,0.0,0.0,0.0,0.0,0.0,0.0,0.0,0.0,0.0,0.0,0.5892184617845594,0.3667963547683288,0.04398518344711191,0.0,0.0,0.0,0.0,0.0,0.0,0.0,0.0,0.0,0.0,0.0,8.207529303637909,0.9737286340801908,1.0,1.1999963917175172,2.302950815086172,0.0,0.0,0.0,0.0,0.0,0.0,0.0,0.0,0.0,0.0,0.0,8.867997289195623,1043.1279606987764,45.61929334068271,309.1473760575555,17.81267416850522
250.0,37.869398520409185,0.98,0.015785,0.004215,0.0,0.0,0.0,0.0,0.0,0.0,0.0,0.0,0.0,0.0,0.0,308.08,87.95,0.8114775383017399,0.4305787210961817,47.67179870185241,18.264698157522734,1033.933990550801,54.35155916918907,0.9859361572061296,0.010394310704765269,0.003669532089105194,0.0,0.0,0.0,0.0,0.0,0.0,0.0,0.0,0.0,0.0,0.0,0.5496962224238443,0.40654856756247115,0.043755210013684605,0.0,0.0,0.0,0.0,0.0,0.0,0.0,0.0,0.0,0.0,0.0,8.099866139549166,0.9815905191835903,1.0,1.1946030424736518,2.2791610851849207,0.0,0.0,0.0,0.0,0.0,0.0,0.0,0.0,0.0,0.0,0.0,8.867997289195623,1043.1279606987764,45.61929334068271,309.1473760575555,17.81267416850522
250.0,41.13683191422359,0.98,0.015785,0.004215,0.0,0.0,0.0,0.0,0.0,0.0,0.0,0.0,0.0,0.0,0.0,308.08,87.95,0.8114775383017399,0.46772975456763605,47.67179870185241,18.264698157522734,1032.6542706770344,55.547299832783494,0.9839293218031204,0.01218452267010048,0.003886155526779068,0.0,0.0,0.0,0.0,0.0,0.0,0.0,0.0,0.0,0.0,0.0,0.5162506467294524,0.44072322518689383,0.04302612808365377,0.0,0.0,0.0,0.0,0.0,0.0,0.0,0.0,0.0,0.0,0.0,7.99541006655855,0.9893056067240935,1.0,1.1894490022705284,2.2562967660807836,0.0,0.0,0.0,0.0,0.0,0.0,0.0,0.0,0.0,0.0,0.0,8.867997289195623,1043.1279606987764,45.61929334068271,309.1473760575555,17.81267416850522
250.0,44.404265308038,0.98,0.015785,0.004215,0.0,0.0,0.0,0.0,0.0,0.0,0.0,0.0,0.0,0.0,0.0,308.08,87.95,0.8114775383017399,0.5048807880390904,47.67179870185241,18.264698157522734,1031.3976479286787,56.72791784461074,0.9819527277909359,0.013982221790621138,0.004065050418443009,0.0,0.0,0.0,0.0,0.0,0.0,0.0,0.0,0.0,0.0,0.0,0.4876038691047609,0.47037012921300425,0.04202600168223484,0.0,0.0,0.0,0.0,0.0,0.0,0.0,0.0,0.0,0.0,0.0,7.893597713253646,0.9969208794299924,1.0,1.184475702330514,2.234193926642736,0.0,0.0,0.0,0.0,0.0,0.0,0.0,0.0,0.0,0.0,0.0,8.867997289195623,1043.1279606987764,45.61929334068271,309.1473760575555,17.81267416850522
250.0,47.67169870185241,0.98,0.015785,0.004215,0.0,0.0,0.0,0.0,0.0,0.0,0.0,0.0,0.0,0.0,0.0,308.08,87.95,0.8114775383017399,0.5420318215105446,47.67179870185241,18.264698157522734,1030.1592684922668,57.89915103248963,0.980000083663203,0.0157849222693661,0.004214994067430959,0.0,0.0,0.0,0.0,0.0,0.0,0.0,0.0,0.0,0.0,0.0,0.46281285945482903,0.4962983304273407,0.04088881011783033,0.0,0.0,0.0,0.0,0.0,0.0,0.0,0.0,0.0,0.0,0.0,7.794036600440046,1.004436946217357,1.0,1.1796540372629203,2.2127405353867866,0.0,0.0,0.0,0.0,0.0,0.0,0.0,0.0,0.0,0.0,0.0,8.867997289195623,1043.1279606987764,45.61929334068271,309.1473760575555,17.81267416850522
255.0,21.34093831475265,0.98,0.015785,0.004215,0.0,0.0,0.0,0.0,0.0,0.0,0.0,0.0,0.0,0.0,0.0,308.08,87.95,0.8277070890677747,0.2426485311512524,48.446414254721475,21.34083831475265,1020.4581209092601,53.913015367904464,0.9995041824289462,0.0002688630782144279,0.0002269544928394682,0.0,0.0,0.0,0.0,0.0,0.0,0.0,0.0,0.0,0.0,0.0,0.9799964083181201,0.015787857286022174,0.004215734395857733,0.0,0.0,0.0,0.0,0.0,0.0,0.0,0.0,0.0,0.0,0.0,7.8475519388680475,0.9831294329739301,1.0,1.2029862844469192,2.2590101858768157,0.0,0.0,0.0,0.0,0.0,0.0,0.0,0.0,0.0,0.0,0.0,7.872931803599723,1020.8020426044882,53.576672776706424,309.1473760575555,20.7969218893379
255.0,24.35264675252696,0.98,0.015785,0.004215,0.0,0.0,0.0,0.0,0.0,0.0,0.0,0.0,0.0,0.0,0.0,308.08,87.95,0.8277070890677747,0.27689194715778237,48.446414254721475,21.34083831475265,1018.6748752285266,55.62353694955368,0.9969128833619528,0.0018224143101302048,0.00126470232791698,0.0,0.0,0.0,0.0,0.0,0.0,0.0,0.0,0.0,0.0,0.0,0.8839284869567755,0.09509771708755997,0.020973795955664384,0.0,0.0,0.0,0.0,0.0,0.0,0.0,0.0,0.0,0.0,0.0,7.716553799333797,0.9929864620431006,1.0,1.1946625484098141,2.2343071942145,0.0,0.0,0.0,0.0,0.0,0.0,0.0,0.0,0.0,0.0,0.0,7.872931803599723,1020.8020426044882,53.576672776706424,309.1473760575555,20.7969218893379
255.0,27.364355190301275,0.98,0.015785,0.004215,0.0,0.0,0.0,0.0,0.0,0.0,0.0,0.0,0.0,0.0,0.0,308.08,87.95,0.8277070890677747,0.3111353631643124,48.446414254721475,21.34083831475265,1017.047351790719,57.143966257061564,0.9945194657519768,0.0034587572059401766,0.002021777042083034,0.0,0.0,0.0,0.0,0.0,0.0,0.0,0.0,0.0,0.0,0.0,0.8072334187912392,0.16245450306962245,0.03031207813913824,0.0,0.0,0.0,0.0,0.0,0.0,0.0,0.0,0.0,0.0,0.0,7.59786863117865,1.0020952592198307,1.0,1.1877109045122942,2.207796159500469,0.0,0.0,0.0,0.0,0.0,0.0,0.0,0.0,0.0,0.0,0.0,7.872931803599723,1020.8020426044882,53.576672776706424,309.1473760575555,20.7969218893379
255.0,30.376063628075592,0.98,0.015785,0.004215,0.0,0.0,0.0,0.0,0.0,0.0,0.0,0.0,0.0,0.0,0.0,308.08,87.95,0.8277070890677747,0.3453787791708424,48.446414254721475,21.34083831475265,1015.5262150771972,58.540889898156536,0.9922611004136732,0.0051502590102018575,0.0025886405761249343,0.0,0.0,0.0,0.0,0.0,0.0,0.0,0.0,0.0,0.0,0.0,0.7445944957954792,0.21996541450799276,0.03544008969652812,0.0,0.0,0.0,0.0,0.0,0.0,0.0,0.0,0.0,0.0,0.0,7.4877274540463565,1.010721445175075,1.0,1.1816639284146406,2.183761424775773,0.0,0.0,0.0,0.0,0.0,0.0,0.0,0.0,0.0,0.0,0.0,7.872931803599723,1020.8020426044882,53.576672776706424,309.1473760575555,20.7969218893379
255.0,33.3877720658499,0.98,0.015785,0.004215,0.0,0.0,0.0,0.0,0.0,0.0,0.0,0.0,0.0,0.0,0.0,308.08,87.95,0.8277070890677747,0.3796221951773724,48.446414254721475,21.34083831475265,1014.0791173878614,59.8572937627789,0.9900967098131264,0.006878971115630648,0.003024319071243057,0.0,0.0,0.0,0.0,0.0,0.0,0.0,0.0,0.0,0.0,0.0,0.6924932935889421,0.26938672562530525,0.03811998078575272,0.0,0.0,0.0,0.0,0.0,0.0,0.0,0.0,0.0,0.0,0.0,7.383693347494862,1.0189887611790427,1.0,1.1762301716688857,2.161502569458685,0.0,0.0,0.0,0.0,0.0,0.0,0.0,0.0,0.0,0.0,0.0,7.872931803599723,1020.8020426044882,53.576672776706424,309.1473760575555,20.7969218893379
255.0,36.39948050362422,0.98,0.015785,0.004215,0.0,0.0,0.0,0.0,0.0,0.0,0.0,0.0,0.0,0.0,0.0,308.08,87.95,0.8277070890677747,0.4138656111839024,48.446414254721475,21.34083831475265,1012.6848788642833,61.12080749472992,0.9879994665328476,0.008633252516265,0.0033672809508872837,0.0,0.0,0.0,0.0,0.0,0.0,0.0,0.0,0.0,0.0,0.0,0.6485022885285477,0.31215325332599986,0.03934445814545241,0.0,0.0,0.0,0.0,0.0,0.0,0.0,0.0,0.0,0.0,0.0,7.284196240590691,1.027018570688862,1.0,1.17122476244749,2.140526918329713,0.0,0.0,0.0,0.0,0.0,0.0,0.0,0.0,0.0,0.0,0.0,7.872931803599723,1020.8020426044882,53.576672776706424,309.1473760575555,20.7969218893379
255.0,39.411188941398535,0.98,0.015785,0.004215,0.0,0.0,0.0,0.0,0.0,0.0,0.0,0.0,0.0,0.0,0.0,308.08,87.95,0.8277070890677747,0.44810902719043244,48.446414254721475,21.34083831475265,1011.3294084852267,62.34943685106151,0.9859515622526971,0.010405427182114178,0.003643010565188744,0.0,0.0,0.0,0.0,0.0,0.0,0.0,0.0,0.0,0.0,0.0,0.6108893648656064,0.34942135550677667,0.0396892796276169,0.0,0.0,0.0,0.0,0.0,0.0,0.0,0.0,0.0,0.0,0.0,7.188193764084039,1.034865044805956,1.0,1.1665281506432679,2.120531216723362,0.0,0.0,0.0,0.0,0.0,0.0,0.0,0.0,0.0,0.0,0.0,7.872931803599723,1020.8020426044882,53.576672776706424,309.1473760575555,20.7969218893379
255.0,42.422897379172845,0.98,0.015785,0.004215,0.0,0.0,0.0,0.0,0.0,0.0,0.0,0.0,0.0,0.0,0.0,308.08,87.95,0.8277070890677747,0.4823524431969624,48.446414254721475,21.34083831475265,1010.0031184341453,63.55515652615453,0.983940903463822,0.012190313616458653,0.0038687829197192624,0.0,0.0,0.0,0.0,0.0,0.0,0.0,0.0,0.0,0.0,0.0,0.5783839923912814,0.3821181536071537,0.039497854001565184,0.0,0.0,0.0,0.0,0.0,0.0,0.0,0.0,0.0,0.0,0.0,7.094987785610595,1.0425900605420197,1.0,1.1620630522884305,2.101314049313752,0.0,0.0,0.0,0.0,0.0,0.0,0.0,0.0,0.0,0.0,0.0,7.872931803599723,1020.8020426044882,53.576672776706424,309.1473760575555,20.7969218893379
255.0,45.434605816947155,0.98,0.015785,0.004215,0.0,0.0,0.0,0.0,0.0,0.0,0.0,0.0,0.0,0.0,0.0,308.08,87.95,0.8277070890677747,0.5165958592034924,48.446414254721475,21.34083831475265,1008.6993269776557,64.74611700866835,0.9819590763001648,0.013984325360792435,0.004056598339042822,0.0,0.0,0.0,0.0,0.0,0.0,0.0,0.0,0.0,0.0,0.0,0.5500325093452045,0.4109873492095225,0.03898014144527299,0.0,0.0,0.0,0.0,0.0,0.0,0.0,0.0,0.0,0.0,0.0,7.0040936667446,1.0502098470536396,1.0,1.1577836493171736,2.0827367881624648,0.0,0.0,0.0,0.0,0.0,0.0,0.0,0.0,0.0,0.0,0.0,7.872931803599723,1020.8020426044882,53.576672776706424,309.1473760575555,20.7969218893379
255.0,48.44631425472147,0.98,0.015785,0.004215,0.0,0.0,0.0,0.0,0.0,0.0,0.0,0.0,0.0,0.0,0.0,308.08,87.95,0.8277070890677747,0.5508392752100224,48.446414254721475,21.34083831475265,1007.4132688908912,65.92799423990247,0.9800000884045929,0.015784918213132642,0.004214993382274419,0.0,0.0,0.0,0.0,0.0,0.0,0.0,0.0,0.0,0.0,0.0,0.5251049106771043,0.4366278894395546,0.038267199883341214,0.0,0.0,0.0,0.0,0.0,0.0,0.0,0.0,0.0,0.0,0.0,6.915164724690917,1.057769062536786,1.0,1.1536446662533124,2.0647028495028756,0.0,0.0,0.0,0.0,0.0,0.0,0.0,0.0,0.0,0.0,0.0,7.872931803599723,1020.8020426044882,53.576672776706424,309.1473760575555,20.7969218893379
260.0,24.789822734580277,0.98,0.015785,0.004215,0.0,0.0,0.0,0.0,0.0,0.0,0.0,0.0,0.0,0.0,0.0,308.08,87.95,0.8439366398338094,0.2818626803249605,49.73565536983319,24.789722734580277,996.7093450370202,63.17991248217427,0.9993734488676018,0.00034969991355337046,0.0002768512188447604,0.0,0.0,0.0,0.0,0.0,0.0,0.0,0.0,0.0,0.0,0.0,0.9799970102133196,0.015787382036101145,0.004215607750579248,0.0,0.0,0.0,0.0,0.0,0.0,0.0,0.0,0.0,0.0,0.0,6.876008572363493,1.0446009230638431,1.0,1.1712616372894982,2.055498187717438,0.0,0.0,0.0,0.0,0.0,0.0,0.0,0.0,0.0,0.0,0.0,6.904600482390385,997.156902480031,62.751778068246196,309.1473760575555,24.136843090349437
260.0,27.56157080516393,0.98,0.015785,0.004215,0.0,0.0,0.0,0.0,0.0,0.0,0.0,0.0,0.0,0.0,0.0,308.08,87.95,0.8439366398338094,0.3133777237653659,49.73565536983319,24.789722734580277,994.9184928126747,64.86218096263154,0.9968483563810075,0.0018970552622137333,0.001254588356778621,0.0,0.0,0.0,0.0,0.0,0.0,0.0,0.0,0.0,0.0,0.0,0.9045921334645813,0.07794300874314261,0.017464857792275985,0.0,0.0,0.0,0.0,0.0,0.0,0.0,0.0,0.0,0.0,0.0,6.762287056381789,1.0544060734567104,1.0,1.1643831156460347,2.0395829376729666,0.0,0.0,0.0,0.0,0.0,0.0,0.0,0.0,0.0,0.0,0.0,6.904600482390385,997.156902480031,62.751778068246196,309.1473760575555,24.136843090349437
260.0,30.33331887574759,0.98,0.015785,0.004215,0.0,0.0,0.0,0.0,0.0,0.0,0.0,0.0,0.0,0.0,0.0,308.08,87.95,0.8439366398338094,0.34489276720577133,49.73565536983319,24.789722734580277,993.2640333486494,66.37943135635821,0.9944914268694088,0.0035222940568417735,0.0019862790737493713,0.0,0.0,0.0,0.0,0.0,0.0,0.0,0.0,0.0,0.0,0.0,0.841687981518439,0.1328252077261585,0.025486810755402396,0.0,0.0,0.0,0.0,0.0,0.0,0.0,0.0,0.0,0.0,0.0,6.658195153861101,1.0635489103383742,1.0,1.1584786252140942,2.025073406620554,0.0,0.0,0.0,0.0,0.0,0.0,0.0,0.0,0.0,0.0,0.0,6.904600482390385,997.156902480031,62.751778068246196,309.1473760575555,24.136843090349437
260.0,33.10506694633125,0.98,0.015785,0.004215,0.0,0.0,0.0,0.0,0.0,0.0,0.0,0.0,0.0,0.0,0.0,308.08,87.95,0.8439366398338094,0.3764078106461768,49.73565536983319,24.789722734580277,991.7056336482087,67.78554549692983,0.9922528017858047,0.005201354005843865,0.0025458442083514735,0.0,0.0,0.0,0.0,0.0,0.0,0.0,0.0,0.0,0.0,0.0,0.7884059395968465,0.1812788801212949,0.03031518028185864,0.0,0.0,0.0,0.0,0.0,0.0,0.0,0.0,0.0,0.0,0.0,6.56100853956837,1.072253181153232,1.0,1.1532619265120283,2.01156361558046,0.0,0.0,0.0,0.0,0.0,0.0,0.0,0.0,0.0,0.0,0.0,6.904600482390385,997.156902480031,62.751778068246196,309.1473760575555,24.136843090349437
260.0,35.876815016914904,0.98,0.015785,0.004215,0.0,0.0,0.0,0.0,0.0,0.0,0.0,0.0,0.0,0.0,0.0,308.08,87.95,0.8439366398338094,0.4079228540865822,49.73565536983319,24.789722734580277,990.2158072981437,69.11691546697533,0.9900986242296934,0.006918026251187143,0.0029833495191194602,0.0,0.0,0.0,0.0,0.0,0.0,0.0,0.0,0.0,0.0,0.0,0.7427039533433901,0.22413989751311533,0.03315614914349459,0.0,0.0,0.0,0.0,0.0,0.0,0.0,0.0,0.0,0.0,0.0,6.46889165730074,1.0806390155146077,1.0,1.1485404616169541,1.998783520204329,0.0,0.0,0.0,0.0,0.0,0.0,0.0,0.0,0.0,0.0,0.0,6.904600482390385,997.156902480031,62.751778068246196,309.1473760575555,24.136843090349437
260.0,38.64856308749856,0.98,0.015785,0.004215,0.0,0.0,0.0,0.0,0.0,0.0,0.0,0.0,0.0,0.0,0.0,308.08,87.95,0.8439366398338094,0.4394378975269876,49.73565536983319,24.789722734580277,988.7759076186873,70.39792485942574,0.9880059996238868,0.008661442236980078,0.0033325581391330495,0.0,0.0,0.0,0.0,0.0,0.0,0.0,0.0,0.0,0.0,0.0,0.7030877020754137,0.2621753125439675,0.03473698538061887,0.0,0.0,0.0,0.0,0.0,0.0,0.0,0.0,0.0,0.0,0.0,6.380617547081204,1.0888010724370225,1.0,1.1441835137645024,1.9865538034700683,0.0,0.0,0.0,0.0,0.0,0.0,0.0,0.0,0.0,0.0,0.0,6.904600482390385,997.156902480031,62.751778068246196,309.1473760575555,24.136843090349437
260.0,41.420311158082214,0.98,0.015785,0.004215,0.0,0.0,0.0,0.0,0.0,0.0,0.0,0.0,0.0,0.0,0.0,308.08,87.95,0.8439366398338094,0.470952940967393,49.73565536983319,24.789722734580277,987.3731419464972,71.64504710588018,0.9859592672764357,0.010424230357025594,0.003616502366538658,0.0,0.0,0.0,0.0,0.0,0.0,0.0,0.0,0.0,0.0,0.0,0.6684353977301768,0.29605872899985614,0.0355058732699672,0.0,0.0,0.0,0.0,0.0,0.0,0.0,0.0,0.0,0.0,0.0,6.295351187360961,1.096800200848157,1.0,1.140101149745196,1.97475330105975,0.0,0.0,0.0,0.0,0.0,0.0,0.0,0.0,0.0,0.0,0.0,6.904600482390385,997.156902480031,62.751778068246196,309.1473760575555,24.136843090349437
260.0,44.192059228665876,0.98,0.015785,0.004215,0.0,0.0,0.0,0.0,0.0,0.0,0.0,0.0,0.0,0.0,0.0,308.08,87.95,0.8439366398338094,0.5024679844077985,49.73565536983319,24.789722734580277,985.9985758441412,72.86958378248443,0.9839475191521692,0.012201298181657425,0.0038511826661733794,0.0,0.0,0.0,0.0,0.0,0.0,0.0,0.0,0.0,0.0,0.0,0.6378869035400037,0.32636774288264897,0.03574535357734741,0.0,0.0,0.0,0.0,0.0,0.0,0.0,0.0,0.0,0.0,0.0,6.212509793498213,1.1046721477434327,1.0,1.1362306838673812,1.9591845175491094,0.0,0.0,0.0,0.0,0.0,0.0,0.0,0.0,0.0,0.0,0.0,6.904600482390385,997.156902480031,62.751778068246196,309.1473760575555,24.136843090349437
260.0,46.96380729924953,0.98,0.015785,0.004215,0.0,0.0,0.0,0.0,0.0,0.0,0.0,0.0,0.0,0.0,0.0,308.08,87.95,0.8439366398338094,0.5339830278482038,49.73565536983319,24.789722734580277,984.6458432334543,74.0794255389175,0.9819630021654112,0.013989054575310803,0.00404794325927799,0.0,0.0,0.0,0.0,0.0,0.0,0.0,0.0,0.0,0.0,0.0,0.6107708341524318,0.35359177512744366,0.03563739072012449,0.0,0.0,0.0,0.0,0.0,0.0,0.0,0.0,0.0,0.0,0.0,6.131684572500483,1.112466040799754,1.0,1.1325276773689408,1.943503965275707,0.0,0.0,0.0,0.0,0.0,0.0,0.0,0.0,0.0,0.0,0.0,6.904600482390385,997.156902480031,62.751778068246196,309.1473760575555,24.136843090349437
260.0,49.735555369833186,0.98,0.015785,0.004215,0.0,0.0,0.0,0.0,0.0,0.0,0.0,0.0,0.0,0.0,0.0,308.08,87.95,0.8439366398338094,0.5654980712886093,49.73565536983319,24.789722734580277,983.3103170444084,75.28018547438079,0.9800000936028525,0.015784913792790903,0.004214992604356597,0.0,0.0,0.0,0.0,0.0,0.0,0.0,0.0,0.0,0.0,0.0,0.5865551023040217,0.3781434715354141,0.03530142616056428,0.0,0.0,0.0,0.0,0.0,0.0,0.0,0.0,0.0,0.0,0.0,6.052578491868421,1.1201812644724896,1.0,1.128960375503137,1.92828062947545,0.0,0.0,0.0,0.0,0.0,0.0,0.0,0.0,0.0,0.0,0.0,6.904600482390385,997.156902480031,62.751778068246196,309.1473760575555,24.136843090349437
265.0,28.64153598377461,0.98,0.015785,0.004215,0.0,0.0,0.0,0.0,0.0,0.0,0.0,0.0,0.0,0.0,0.0,308.08,87.95,0.8601661905998442,0.3256570322202912,51.54002937503733,28.64143598377461,971.3770512646036,73.91165033497418,0.9992080952180724,0.0004547427789031132,0.000337162003024399,0.0,0.0,0.0,0.0,0.0,0.0,0.0,0.0,0.0,0.0,0.0,0.9799975081699821,0.01578698876539778,0.004215503064620206,0.0,0.0,0.0,0.0,0.0,0.0,0.0,0.0,0.0,0.0,0.0,5.9336304303147935,1.115992910989371,1.0,1.1416483023731345,1.8774551264435715,0.0,0.0,0.0,0.0,0.0,0.0,0.0,0.0,0.0,0.0,0.0,5.965713517749294,971.9615361731312,73.36204677770507,309.1473760575555,27.858919072164596
265.0,31.185801916137134,0.98,0.015785,0.004215,0.0,0.0,0.0,0.0,0.0,0.0,0.0,0.0,0.0,0.0,0.0,308.08,87.95,0.8601661905998442,0.3545855817639242,51.54002937503733,28.64143598377461,969.5756453609362,75.57744408912302,0.9967512813542587,0.0019942645898924426,0.0012544540558487775,0.0,0.0,0.0,0.0,0.0,0.0,0.0,0.0,0.0,0.0,0.0,0.9211873569690345,0.06420336165583534,0.01460928137513026,0.0,0.0,0.0,0.0,0.0,0.0,0.0,0.0,0.0,0.0,0.0,5.835476987102079,1.125926360771073,1.0,1.136022541039103,1.8647202297005703,0.0,0.0,0.0,0.0,0.0,0.0,0.0,0.0,0.0,0.0,0.0,5.965713517749294,971.9615361731312,73.36204677770507,309.1473760575555,27.858919072164596
265.0,33.73006784849966,0.98,0.015785,0.004215,0.0,0.0,0.0,0.0,0.0,0.0,0.0,0.0,0.0,0.0,0.0,308.08,87.95,0.8601661905998442,0.38351413130755724,51.54002937503733,28.64143598377461,967.8926764597236,77.10129533620601,0.99443538807532,0.003606494288177813,0.001958117636502234,0.0,0.0,0.0,0.0,0.0,0.0,0.0,0.0,0.0,0.0,0.0,0.8703640713883938,0.10828003898687415,0.021355889624732175,0.0,0.0,0.0,0.0,0.0,0.0,0.0,0.0,0.0,0.0,0.0,5.7447599837813605,1.1352872488224584,1.0,1.1310812108173367,1.8530003565504114,0.0,0.0,0.0,0.0,0.0,0.0,0.0,0.0,0.0,0.0,0.0,5.965713517749294,971.9615361731312,73.36204677770507,309.1473760575555,27.858919072164596
265.0,36.27433378086218,0.98,0.015785,0.004215,0.0,0.0,0.0,0.0,0.0,0.0,0.0,0.0,0.0,0.0,0.0,308.08,87.95,0.8601661905998442,0.4124426808511902,51.54002937503733,28.64143598377461,966.2955562215587,78.52620244408006,0.9922215321821853,0.005270791468024633,0.002507676349790031,0.0,0.0,0.0,0.0,0.0,0.0,0.0,0.0,0.0,0.0,0.0,0.8259896060521026,0.14828044933655965,0.025729944611337773,0.0,0.0,0.0,0.0,0.0,0.0,0.0,0.0,0.0,0.0,0.0,5.659545716297324,1.1442503839936797,1.0,1.1266442272423847,1.8420239334684385,0.0,0.0,0.0,0.0,0.0,0.0,0.0,0.0,0.0,0.0,0.0,5.965713517749294,971.9615361731312,73.36204677770507,309.1473760575555,27.858919072164596
265.0,38.81859971322471,0.98,0.015785,0.004215,0.0,0.0,0.0,0.0,0.0,0.0,0.0,0.0,0.0,0.0,0.0,308.08,87.95,0.8601661905998442,0.44137123039482323,51.54002937503733,28.64143598377461,964.7612503461318,79.88243913339488,0.9900823417476887,0.006972748071466438,0.002944910180844885,0.0,0.0,0.0,0.0,0.0,0.0,0.0,0.0,0.0,0.0,0.0,0.7869102848926199,0.18455087373415285,0.02853884137322714,0.0,0.0,0.0,0.0,0.0,0.0,0.0,0.0,0.0,0.0,0.0,5.578481804196179,1.152915988886096,1.0,1.1225895566802133,1.8316010145874242,0.0,0.0,0.0,0.0,0.0,0.0,0.0,0.0,0.0,0.0,0.0,5.965713517749294,971.9615361731312,73.36204677770507,309.1473760575555,27.858919072164596
265.0,41.36286564558723,0.98,0.015785,0.004215,0.0,0.0,0.0,0.0,0.0,0.0,0.0,0.0,0.0,0.0,0.0,308.08,87.95,0.8601661905998442,0.47029977993845623,51.54002937503733,28.64143598377461,963.2735853791345,81.19111398318488,0.9879986688626857,0.008702374323818067,0.0032989568134962426,0.0,0.0,0.0,0.0,0.0,0.0,0.0,0.0,0.0,0.0,0.0,0.7522397779460684,0.21746110691542425,0.030299115138507294,0.0,0.0,0.0,0.0,0.0,0.0,0.0,0.0,0.0,0.0,0.0,5.500633779100008,1.161367933013552,1.0,1.11882963529409,1.8216040560086073,0.0,0.0,0.0,0.0,0.0,0.0,0.0,0.0,0.0,0.0,0.0,5.965713517749294,971.9615361731312,73.36204677770507,309.1473760575555,27.858919072164596
265.0,43.907131577949755,0.98,0.015785,0.004215,0.0,0.0,0.0,0.0,0.0,0.0,0.0,0.0,0.0,0.0,0.0,308.08,87.95,0.8601661905998442,0.4992283294820893,51.54002937503733,28.64143598377461,961.8211220331818,82.46701931887766,0.9859570174419385,0.010452693916999427,0.003590288641061945,0.0,0.0,0.0,0.0,0.0,0.0,0.0,0.0,0.0,0.0,0.0,0.721283407478464,0.2473700295087956,0.03134656301274047,0.0,0.0,0.0,0.0,0.0,0.0,0.0,0.0,0.0,0.0,0.0,5.425339193944997,1.1696802024041446,1.0,1.115301081262992,1.8119443420259933,0.0,0.0,0.0,0.0,0.0,0.0,0.0,0.0,0.0,0.0,0.0,5.965713517749294,971.9615361731312,73.36204677770507,309.1473760575555,27.858919072164596
265.0,46.451397510312276,0.98,0.015785,0.004215,0.0,0.0,0.0,0.0,0.0,0.0,0.0,0.0,0.0,0.0,0.0,308.08,87.95,0.8601661905998442,0.5281568790257223,51.54002937503733,28.64143598377461,960.3956565789427,83.7206297405615,0.9839477407261797,0.012218767611148311,0.0038334916626718576,0.0,0.0,0.0,0.0,0.0,0.0,0.0,0.0,0.0,0.0,0.0,0.693487460504037,0.27460906394793905,0.03190347554802397,0.0,0.0,0.0,0.0,0.0,0.0,0.0,0.0,0.0,0.0,0.0,5.3521339163294,1.1778750908650808,1.0,1.1119574544674267,1.8025591633589417,0.0,0.0,0.0,0.0,0.0,0.0,0.0,0.0,0.0,0.0,0.0,5.965713517749294,971.9615361731312,73.36204677770507,309.1473760575555,27.858919072164596
265.0,48.9956634426748,0.98,0.015785,0.004215,0.0,0.0,0.0,0.0,0.0,0.0,0.0,0.0,0.0,0.0,0.0,308.08,87.95,0.8601661905998442,0.5570854285693553,51.54002937503733,28.64143598377461,958.9912089837671,84.95947619167676,0.9819638287128093,0.013997040225557356,0.004039131061633347,0.0,0.0,0.0,0.0,0.0,0.0,0.0,0.0,0.0,0.0,0.0,0.6684043841090014,0.29947594690993407,0.032119668981064456,0.0,0.0,0.0,0.0,0.0,0.0,0.0,0.0,0.0,0.0,0.0,5.280675121777663,1.1859904913512958,1.0,1.108764390394623,1.793403642269208,0.0,0.0,0.0,0.0,0.0,0.0,0.0,0.0,0.0,0.0,0.0,5.965713517749294,971.9615361731312,73.36204677770507,309.1473760575555,27.858919072164596
265.0,51.539929375037325,0.98,0.015785,0.004215,0.0,0.0,0.0,0.0,0.0,0.0,0.0,0.0,0.0,0.0,0.0,308.08,87.95,0.8601661905998442,0.5860139781129883,51.54002937503733,28.64143598377461,957.6033452965174,86.18904959594174,0.9800000993585979,0.015784908927771332,0.004214991713630837,0.0,0.0,0.0,0.0,0.0,0.0,0.0,0.0,0.0,0.0,0.0,0.6456680134707827,0.3222341628574837,0.0320978236717336,0.0,0.0,0.0,0.0,0.0,0.0,0.0,0.0,0.0,0.0,0.0,5.210711913906142,1.194057619824796,1.0,1.1056960701787062,1.7844447314292147,0.0,0.0,0.0,0.0,0.0,0.0,0.0,0.0,0.0,0.0,0.0,5.965713517749294,971.9615361731312,73.36204677770507,309.1473760575555,27.858919072164596
270.0,32.928643386958456,0.98,0.015785,0.004215,0.0,0.0,0.0,0.0,0.0,0.0,0.0,0.0,0.0,0.0,0.0,308.08,87.95,0.876395741365879,0.37440185772550827,53.86366363431491,32.92854338695845,944.1505860252014,86.40307518140291,0.9989971338558117,0.0005923581143691405,0.00041050802981927364,0.0,0.0,0.0,0.0,0.0,0.0,0.0,0.0,0.0,0.0,0.0,0.9799979231694511,0.015786660910694545,0.004215415919854372,0.0,0.0,0.0,0.0,0.0,0.0,0.0,0.0,0.0,0.0,0.0,5.0236810771365334,1.2004768818937372,1.0,1.1140709380649083,1.7211265183436861,0.0,0.0,0.0,0.0,0.0,0.0,0.0,0.0,0.0,0.0,0.0,5.0595372629690045,944.9186937925283,85.68956037822859,309.1473760575555,31.990969447409064
270.0,35.25474563666473,0.98,0.015785,0.004215,0.0,0.0,0.0,0.0,0.0,0.0,0.0,0.0,0.0,0.0,0.0,308.08,87.95,0.876395741365879,0.4008498651127314,53.86366363431491,32.92854338695845,942.3350566797985,88.0643309769339,0.996612021826546,0.002121584902070487,0.0012663932713834999,0.0,0.0,0.0,0.0,0.0,0.0,0.0,0.0,0.0,0.0,0.0,0.9344893275788604,0.05321760243507722,0.012293069986062315,0.0,0.0,0.0,0.0,0.0,0.0,0.0,0.0,0.0,0.0,0.0,4.939672999959241,1.210749880326837,1.0,1.1095281409581892,1.7109530604829013,0.0,0.0,0.0,0.0,0.0,0.0,0.0,0.0,0.0,0.0,0.0,5.0595372629690045,944.9186937925283,85.68956037822859,309.1473760575555,31.990969447409064
270.0,37.580847886371004,0.98,0.015785,0.004215,0.0,0.0,0.0,0.0,0.0,0.0,0.0,0.0,0.0,0.0,0.0,308.08,87.95,0.876395741365879,0.42729787249995455,53.86366363431491,32.92854338695845,940.6212084876805,89.60499749099716,0.9943428877017878,0.003718053139758989,0.0019390591584531075,0.0,0.0,0.0,0.0,0.0,0.0,0.0,0.0,0.0,0.0,0.0,0.8940304275078544,0.08811285227280584,0.017856720219339824,0.0,0.0,0.0,0.0,0.0,0.0,0.0,0.0,0.0,0.0,0.0,4.86131417558688,1.2205252334593824,1.0,1.1054574652932851,1.7014935106403652,0.0,0.0,0.0,0.0,0.0,0.0,0.0,0.0,0.0,0.0,0.0,5.0595372629690045,944.9186937925283,85.68956037822859,309.1473760575555,31.990969447409064
270.0,39.90695013607727,0.98,0.015785,0.004215,0.0,0.0,0.0,0.0,0.0,0.0,0.0,0.0,0.0,0.0,0.0,308.08,87.95,0.876395741365879,0.4537458798871776,53.86366363431491,32.92854338695845,938.983091101877,91.05884070315778,0.992160058221024,0.005364388183936496,0.0024755535950394965,0.0,0.0,0.0,0.0,0.0,0.0,0.0,0.0,0.0,0.0,0.0,0.8578093710988677,0.12049676109485313,0.021693867806279233,0.0,0.0,0.0,0.0,0.0,0.0,0.0,0.0,0.0,0.0,0.0,4.787263936665638,1.2299366418149924,1.0,1.1017471262183463,1.692574152424371,0.0,0.0,0.0,0.0,0.0,0.0,0.0,0.0,0.0,0.0,0.0,5.0595372629690045,944.9186937925283,85.68956037822859,309.1473760575555,31.990969447409064
270.0,42.233052385783544,0.98,0.015785,0.004215,0.0,0.0,0.0,0.0,0.0,0.0,0.0,0.0,0.0,0.0,0.0,308.08,87.95,0.876395741365879,0.4801938872744007,53.86366363431491,32.92854338695845,937.4017129768024,92.45055724399595,0.9900419133257261,0.007048033679062728,0.0029100529952111823,0.0,0.0,0.0,0.0,0.0,0.0,0.0,0.0,0.0,0.0,0.0,0.8251895184678473,0.15047785378209547,0.0243326277500573,0.0,0.0,0.0,0.0,0.0,0.0,0.0,0.0,0.0,0.0,0.0,4.716553690078509,1.2390957677333647,1.0,1.0983217935921081,1.6840704262557167,0.0,0.0,0.0,0.0,0.0,0.0,0.0,0.0,0.0,0.0,0.0,5.0595372629690045,944.9186937925283,85.68956037822859,309.1473760575555,31.990969447409064
270.0,44.55915463548982,0.98,0.015785,0.004215,0.0,0.0,0.0,0.0,0.0,0.0,0.0,0.0,0.0,0.0,0.0,308.08,87.95,0.876395741365879,0.5066418946616238,53.86366363431491,32.92854338695845,935.8632844431355,93.79803439422416,0.9879728182299502,0.008759987982426812,0.0032671937876229376,0.0,0.0,0.0,0.0,0.0,0.0,0.0,0.0,0.0,0.0,0.0,0.7956620681380613,0.17820889444676802,0.026129037415170735,0.0,0.0,0.0,0.0,0.0,0.0,0.0,0.0,0.0,0.0,0.0,4.6484864552314065,1.248066779849632,1.0,1.0951250122743823,1.6758933994043392,0.0,0.0,0.0,0.0,0.0,0.0,0.0,0.0,0.0,0.0,0.0,5.0595372629690045,944.9186937925283,85.68956037822859,309.1473760575555,31.990969447409064
270.0,46.885256885196085,0.98,0.015785,0.004215,0.0,0.0,0.0,0.0,0.0,0.0,0.0,0.0,0.0,0.0,0.0,308.08,87.95,0.876395741365879,0.5330899020488469,53.86366363431491,32.92854338695845,934.3577510541605,95.11425140762195,0.9859414170208756,0.010493773733428172,0.003564809245696304,0.0,0.0,0.0,0.0,0.0,0.0,0.0,0.0,0.0,0.0,0.0,0.7688136762825054,0.2038604404662348,0.02732588325125987,0.0,0.0,0.0,0.0,0.0,0.0,0.0,0.0,0.0,0.0,0.0,4.582559963294877,1.256895935136373,1.0,1.0921190321324745,1.6679791595553377,0.0,0.0,0.0,0.0,0.0,0.0,0.0,0.0,0.0,0.0,0.0,5.0595372629690045,944.9186937925283,85.68956037822859,309.1473760575555,31.990969447409064
270.0,49.21135913490236,0.98,0.015785,0.004215,0.0,0.0,0.0,0.0,0.0,0.0,0.0,0.0,0.0,0.0,0.0,308.08,87.95,0.876395741365879,0.5595379094360701,53.86366363431491,32.92854338695845,932.8777066872608,96.40870882095784,0.9839393758307432,0.012244683894523123,0.0038159402747336415,0.0,0.0,0.0,0.0,0.0,0.0,0.0,0.0,0.0,0.0,0.0,0.7443039273046277,0.22760500347594223,0.02809106921942992,0.0,0.0,0.0,0.0,0.0,0.0,0.0,0.0,0.0,0.0,0.0,4.518403761739561,1.2656222146297005,1.0,1.0892664808830896,1.6602813180559013,0.0,0.0,0.0,0.0,0.0,0.0,0.0,0.0,0.0,0.0,0.0,5.0595372629690045,944.9186937925283,85.68956037822859,309.1473760575555,31.990969447409064
270.0,51.53746138460863,0.98,0.015785,0.004215,0.0,0.0,0.0,0.0,0.0,0.0,0.0,0.0,0.0,0.0,0.0,308.08,87.95,0.876395741365879,0.5859859168232932,53.86366363431491,32.92854338695845,931.4176231347853,97.68843401729906,0.9819604968693156,0.014009255074117858,0.004030248056566524,0.0,0.0,0.0,0.0,0.0,0.0,0.0,0.0,0.0,0.0,0.0,0.721849175045178,0.24960838666311608,0.028542438291705902,0.0,0.0,0.0,0.0,0.0,0.0,0.0,0.0,0.0,0.0,0.0,4.455745829956345,1.2742887639926785,1.0,1.0865417291299262,1.6527656451602346,0.0,0.0,0.0,0.0,0.0,0.0,0.0,0.0,0.0,0.0,0.0,5.0595372629690045,944.9186937925283,85.68956037822859,309.1473760575555,31.990969447409064
270.0,53.86356363431491,0.98,0.015785,0.004215,0.0,0.0,0.0,0.0,0.0,0.0,0.0,0.0,0.0,0.0,0.0,308.08,87.95,0.876395741365879,0.6124339242105162,53.86366363431491,32.92854338695845,929.9733163975942,98.9586955068524,0.9800001058081715,0.015784903508806816,0.004214990683021569,0.0,0.0,0.0,0.0,0.0,0.0,0.0,0.0,0.0,0.0,0.0,0.701210770701785,0.2700253386337646,0.02876389066445034,0.0,0.0,0.0,0.0,0.0,0.0,0.0,0.0,0.0,0.0,0.0,4.394378009771415,1.2829068120614537,1.0,1.083925430637708,1.6454065936402844,0.0,0.0,0.0,0.0,0.0,0.0,0.0,0.0,0.0,0.0,0.0,5.0595372629690045,944.9186937925283,85.68956037822859,309.1473760575555,31.990969447409064
275.0,37.68702195744565,0.98,0.015785,0.004215,0.0,0.0,0.0,0.0,0.0,0.0,0.0,0.0,0.0,0.0,0.0,308.08,87.95,0.8926252921319139,0.4285050819493536,56.713201946518645,37.68692195744565,914.6148658442706,101.0517856059231,0.9987246362058959,0.0007748212760917762,0.000500542518012327,0.0,0.0,0.0,0.0,0.0,0.0,0.0,0.0,0.0,0.0,0.0,0.9799982716428,0.0157863854982381,0.0042153428589620035,0.0,0.0,0.0,0.0,0.0,0.0,0.0,0.0,0.0,0.0,0.0,4.150179803076682,1.3027915828171905,1.0,1.0884858375688058,1.583345954985436,0.0,0.0,0.0,0.0,0.0,0.0,0.0,0.0,0.0,0.0,0.0,4.190078158655977,915.634270945085,100.11158075506907,309.1473760575555,36.56241610907443
275.0,39.80103084512043,0.98,0.015785,0.004215,0.0,0.0,0.0,0.0,0.0,0.0,0.0,0.0,0.0,0.0,0.0,308.08,87.95,0.8926252921319139,0.4525415673123414,56.713201946518645,37.68692195744565,912.7808618712162,102.72101830063347,0.9964165249337624,0.002290080812097376,0.001293394254140217,0.0,0.0,0.0,0.0,0.0,0.0,0.0,0.0,0.0,0.0,0.0,0.9451467158231905,0.0444355369008844,0.010417747275925043,0.0,0.0,0.0,0.0,0.0,0.0,0.0,0.0,0.0,0.0,0.0,4.07913995879038,1.3136773055899638,1.0,1.0848862161607993,1.5752351385913266,0.0,0.0,0.0,0.0,0.0,0.0,0.0,0.0,0.0,0.0,0.0,4.190078158655977,915.634270945085,100.11158075506907,309.1473760575555,36.56241610907443
275.0,41.91503973279521,0.98,0.015785,0.004215,0.0,0.0,0.0,0.0,0.0,0.0,0.0,0.0,0.0,0.0,0.0,308.08,87.95,0.8926252921319139,0.4765780526753292,56.713201946518645,37.68692195744565,911.032793651413,104.28954795554155,0.994201587047975,0.003866799630379115,0.001931613321645792,0.0,0.0,0.0,0.0,0.0,0.0,0.0,0.0,0.0,0.0,0.0,0.9134480267706618,0.07163648682759301,0.014915486401745075,0.0,0.0,0.0,0.0,0.0,0.0,0.0,0.0,0.0,0.0,0.0,4.012302484215788,1.3241357466890542,1.0,1.0816002647609273,1.5676222961147905,0.0,0.0,0.0,0.0,0.0,0.0,0.0,0.0,0.0,0.0,0.0,4.190078158655977,915.634270945085,100.11158075506907,309.1473760575555,36.56241610907443
275.0,44.02904862046998,0.98,0.015785,0.004215,0.0,0.0,0.0,0.0,0.0,0.0,0.0,0.0,0.0,0.0,0.0,308.08,87.95,0.8926252921319139,0.500614538038317,56.713201946518645,37.68692195744565,909.3503807606814,105.78337407715499,0.9920578003827164,0.0054907015801082155,0.002451498037175452,0.0,0.0,0.0,0.0,0.0,0.0,0.0,0.0,0.0,0.0,0.0,0.8844793409273367,0.09733537722868839,0.01818528184397496,0.0,0.0,0.0,0.0,0.0,0.0,0.0,0.0,0.0,0.0,0.0,3.9487625288173644,1.3342772314773454,1.0,1.078566659105176,1.560397553520211,0.0,0.0,0.0,0.0,0.0,0.0,0.0,0.0,0.0,0.0,0.0,4.190078158655977,915.634270945085,100.11158075506907,309.1473760575555,36.56241610907443
275.0,46.14305750814476,0.98,0.015785,0.004215,0.0,0.0,0.0,0.0,0.0,0.0,0.0,0.0,0.0,0.0,0.0,308.08,87.95,0.8926252921319139,0.5246510234013048,56.713201946518645,37.68692195744565,907.7182754448426,107.22219119789581,0.9899685775250563,0.007151116102292605,0.0028803063726511352,0.0,0.0,0.0,0.0,0.0,0.0,0.0,0.0,0.0,0.0,0.0,0.8578971065340819,0.12153952747486395,0.020563365991054346,0.0,0.0,0.0,0.0,0.0,0.0,0.0,0.0,0.0,0.0,0.0,3.8878518018089974,1.3441934769211854,1.0,1.0757438797650039,1.5534792222243803,0.0,0.0,0.0,0.0,0.0,0.0,0.0,0.0,0.0,0.0,0.0,4.190078158655977,915.634270945085,100.11158075506907,309.1473760575555,36.56241610907443
275.0,48.257066395819535,0.98,0.015785,0.004215,0.0,0.0,0.0,0.0,0.0,0.0,0.0,0.0,0.0,0.0,0.0,308.08,87.95,0.8926252921319139,0.5486875087642926,56.713201946518645,37.68692195744565,906.1249598992334,108.62078964358345,0.987921523724214,0.008840135428002417,0.0032383408477835536,0.0,0.0,0.0,0.0,0.0,0.0,0.0,0.0,0.0,0.0,0.0,0.8334179408021228,0.14429468895063102,0.022287370247246082,0.0,0.0,0.0,0.0,0.0,0.0,0.0,0.0,0.0,0.0,0.0,3.8290682695619127,1.3539401722551305,1.0,1.0730894254339698,1.5468069580325663,0.0,0.0,0.0,0.0,0.0,0.0,0.0,0.0,0.0,0.0,0.0,4.190078158655977,915.634270945085,100.11158075506907,309.1473760575555,36.56241610907443
275.0,50.37107528349431,0.98,0.015785,0.004215,0.0,0.0,0.0,0.0,0.0,0.0,0.0,0.0,0.0,0.0,0.0,308.08,87.95,0.8926252921319139,0.5727239941272804,56.713201946518645,37.68692195744565,904.5617755017294,109.99027215517603,0.9859073593916157,0.010551893001672146,0.003540747606712142,0.0,0.0,0.0,0.0,0.0,0.0,0.0,0.0,0.0,0.0,0.0,0.810804823936019,0.1656686284110968,0.023526547652884172,0.0,0.0,0.0,0.0,0.0,0.0,0.0,0.0,0.0,0.0,0.0,3.7720410617660742,1.3635675312805908,1.0,1.070581635762872,1.540336084272238,0.0,0.0,0.0,0.0,0.0,0.0,0.0,0.0,0.0,0.0,0.0,4.190078158655977,915.634270945085,100.11158075506907,309.1473760575555,36.56241610907443
275.0,52.485084171169085,0.98,0.015785,0.004215,0.0,0.0,0.0,0.0,0.0,0.0,0.0,0.0,0.0,0.0,0.0,308.08,87.95,0.8926252921319139,0.5967604794902681,56.713201946518645,37.68692195744565,903.0221666039748,111.33902795885092,0.9839190866315005,0.012282008298243878,0.003798905070255605,0.0,0.0,0.0,0.0,0.0,0.0,0.0,0.0,0.0,0.0,0.0,0.7898572017999571,0.185740070370164,0.024402727829878942,0.0,0.0,0.0,0.0,0.0,0.0,0.0,0.0,0.0,0.0,0.0,3.71648906782262,1.37311424965758,1.0,1.0681958308944626,1.5340331118894457,0.0,0.0,0.0,0.0,0.0,0.0,0.0,0.0,0.0,0.0,0.0,4.190078158655977,915.634270945085,100.11158075506907,309.1473760575555,36.56241610907443
275.0,54.59909305884386,0.98,0.015785,0.004215,0.0,0.0,0.0,0.0,0.0,0.0,0.0,0.0,0.0,0.0,0.0,308.08,87.95,0.8926252921319139,0.620796964853256,56.713201946518645,37.68692195744565,901.5011188204112,112.67345114105079,0.981951374119467,0.014027180619647526,0.004021445260885509,0.0,0.0,0.0,0.0,0.0,0.0,0.0,0.0,0.0,0.0,0.0,0.7704036757123918,0.2045916861233357,0.025004638164272612,0.0,0.0,0.0,0.0,0.0,0.0,0.0,0.0,0.0,0.0,0.0,3.6621978687147876,1.3826051841895322,1.0,1.065912261330635,1.5278728846833893,0.0,0.0,0.0,0.0,0.0,0.0,0.0,0.0,0.0,0.0,0.0,4.190078158655977,915.634270945085,100.11158075506907,309.1473760575555,36.56241610907443
275.0,56.71310194651864,0.98,0.015785,0.004215,0.0,0.0,0.0,0.0,0.0,0.0,0.0,0.0,0.0,0.0,0.0,308.08,87.95,0.8926252921319139,0.6448334502162437,56.713201946518645,37.68692195744565,899.9947519633295,113.99846089695635,0.9800001131440861,0.015784897381416894,0.0042149894744969935,0.0,0.0,0.0,0.0,0.0,0.0,0.0,0.0,0.0,0.0,0.0,0.7522965082457725,0.2223058222093118,0.02539766954491564,0.0,0.0,0.0,0.0,0.0,0.0,0.0,0.0,0.0,0.0,0.0,3.6090065092645216,1.3920630272655252,1.0,1.0637241486312656,1.5218358588668428,0.0,0.0,0.0,0.0,0.0,0.0,0.0,0.0,0.0,0.0,0.0,4.190078158655977,915.634270945085,100.11158075506907,309.1473760575555,36.56241610907443
280.0,42.95719549685447,0.98,0.015785,0.004215,0.0,0.0,0.0,0.0,0.0,0.0,0.0,0.0,0.0,0.0,0.0,308.08,87.95,0.9088548428979486,0.488427464432683,60.09655697511658,42.957095496854464,882.1928504299073,118.415827069131,0.9983664525024573,0.001020955730955928,0.0006125917665868922,0.0,0.0,0.0,0.0,0.0,0.0,0.0,0.0,0.0,0.0,0.0,0.9799985666437769,0.015786152216778232,0.004215281139444785,0.0,0.0,0.0,0.0,0.0,0.0,0.0,0.0,0.0,0.0,0.0,3.3181934436414084,1.4304835783364225,1.0,1.0649382384895782,1.4615193022622073,0.0,0.0,0.0,0.0,0.0,0.0,0.0,0.0,0.0,0.0,0.0,3.3623632196797946,883.565911920707,117.15200417178997,309.1473760575555,41.604637885718795
280.0,44.86155788332803,0.98,0.015785,0.004215,0.0,0.0,0.0,0.0,0.0,0.0,0.0,0.0,0.0,0.0,0.0,308.08,87.95,0.9088548428979486,0.5100802488155547,60.09655697511658,42.957095496854464,880.3350359484405,120.10660573601865,0.9961434207777389,0.0025166922427482708,0.0013398869795129393,0.0,0.0,0.0,0.0,0.0,0.0,0.0,0.0,0.0,0.0,0.0,0.9536921040923306,0.03740750889415222,0.008900387013517015,0.0,0.0,0.0,0.0,0.0,0.0,0.0,0.0,0.0,0.0,0.0,3.259163058530365,1.4423615328691952,1.0,1.0621568716959926,1.45508739476077,0.0,0.0,0.0,0.0,0.0,0.0,0.0,0.0,0.0,0.0,0.0,3.3623632196797946,883.565911920707,117.15200417178997,309.1473760575555,41.604637885718795
280.0,46.765920269801605,0.98,0.015785,0.004215,0.0,0.0,0.0,0.0,0.0,0.0,0.0,0.0,0.0,0.0,0.0,308.08,87.95,0.9088548428979486,0.5317330331984265,60.09655697511658,42.957095496854464,878.5482001715591,121.71537215399381,0.9939927489046937,0.004067759231696259,0.001939491863610134,0.0,0.0,0.0,0.0,0.0,0.0,0.0,0.0,0.0,0.0,0.0,0.9293216193530801,0.05822203591283069,0.012456344734089192,0.0,0.0,0.0,0.0,0.0,0.0,0.0,0.0,0.0,0.0,0.0,3.203170213070449,1.453882443319624,1.0,1.0595855399219296,1.448995188504141,0.0,0.0,0.0,0.0,0.0,0.0,0.0,0.0,0.0,0.0,0.0,3.3623632196797946,883.565911920707,117.15200417178997,309.1473760575555,41.604637885718795
280.0,48.67028265627517,0.98,0.015785,0.004215,0.0,0.0,0.0,0.0,0.0,0.0,0.0,0.0,0.0,0.0,0.0,308.08,87.95,0.9088548428979486,0.5533858175812981,60.09655697511658,42.957095496854464,876.8168882201778,123.26162815160093,0.9918986890059773,0.005662799391318002,0.0024385116027046323,0.0,0.0,0.0,0.0,0.0,0.0,0.0,0.0,0.0,0.0,0.0,0.9066707398241177,0.07816611455922924,0.015163145616652971,0.0,0.0,0.0,0.0,0.0,0.0,0.0,0.0,0.0,0.0,0.0,3.149630931492253,1.465133004732563,1.0,1.0571852555421672,1.4431751779560038,0.0,0.0,0.0,0.0,0.0,0.0,0.0,0.0,0.0,0.0,0.0,3.3623632196797946,883.565911920707,117.15200417178997,309.1473760575555,41.604637885718795
280.0,50.574645042748735,0.98,0.015785,0.004215,0.0,0.0,0.0,0.0,0.0,0.0,0.0,0.0,0.0,0.0,0.0,308.08,87.95,0.9088548428979486,0.5750386019641698,60.09655697511658,42.957095496854464,875.1290147669812,124.76064824640152,0.989848988055018,0.007293041092033336,0.002857970852948643,0.0,0.0,0.0,0.0,0.0,0.0,0.0,0.0,0.0,0.0,0.0,0.8855586183490868,0.09721390698121411,0.017227474669699032,0.0,0.0,0.0,0.0,0.0,0.0,0.0,0.0,0.0,0.0,0.0,3.0981014535603544,1.4761856102408402,1.0,1.0549287969017656,1.4375757324688287,0.0,0.0,0.0,0.0,0.0,0.0,0.0,0.0,0.0,0.0,0.0,3.3623632196797946,883.565911920707,117.15200417178997,309.1473760575555,41.604637885718795
280.0,52.47900742922231,0.98,0.015785,0.004215,0.0,0.0,0.0,0.0,0.0,0.0,0.0,0.0,0.0,0.0,0.0,308.08,87.95,0.9088548428979486,0.5966913863470416,60.09655697511658,42.957095496854464,873.4752068111607,126.22430933979369,0.9878341859048326,0.00895176642175297,0.0032140476734144,0.0,0.0,0.0,0.0,0.0,0.0,0.0,0.0,0.0,0.0,0.0,0.8658322552692137,0.11536584685811538,0.018801897872670885,0.0,0.0,0.0,0.0,0.0,0.0,0.0,0.0,0.0,0.0,0.0,3.048237257875891,1.4871071322714373,1.0,1.0527991088725908,1.4321574030911757,0.0,0.0,0.0,0.0,0.0,0.0,0.0,0.0,0.0,0.0,0.0,3.3623632196797946,883.565911920707,117.15200417178997,309.1473760575555,41.604637885718795
280.0,54.38336981569587,0.98,0.015785,0.004215,0.0,0.0,0.0,0.0,0.0,0.0,0.0,0.0,0.0,0.0,0.0,308.08,87.95,0.9088548428979486,0.6183441707299132,60.09655697511658,42.957095496854464,871.8481950402187,127.66182847041672,0.985846977455669,0.01063383497311726,0.00351918757121388,0.0,0.0,0.0,0.0,0.0,0.0,0.0,0.0,0.0,0.0,0.0,0.8473606532651157,0.13263976287015206,0.019999583864732287,0.0,0.0,0.0,0.0,0.0,0.0,0.0,0.0,0.0,0.0,0.0,2.999775097924037,1.4979311751427091,1.0,1.0507754075417504,1.426890578729243,0.0,0.0,0.0,0.0,0.0,0.0,0.0,0.0,0.0,0.0,0.0,3.3623632196797946,883.565911920707,117.15200417178997,309.1473760575555,41.604637885718795
280.0,56.28773220216944,0.98,0.015785,0.004215,0.0,0.0,0.0,0.0,0.0,0.0,0.0,0.0,0.0,0.0,0.0,308.08,87.95,0.9088548428979486,0.639996955112785,60.09655697511658,42.957095496854464,870.2423156460673,129.08039233673546,0.9838816949717688,0.012335299088284528,0.0037830059399466226,0.0,0.0,0.0,0.0,0.0,0.0,0.0,0.0,0.0,0.0,0.0,0.8300305192028395,0.14906436852279492,0.020905112274365603,0.0,0.0,0.0,0.0,0.0,0.0,0.0,0.0,0.0,0.0,0.0,2.9525119575039263,1.5086929202669859,1.0,1.0488433897978906,1.421753359105899,0.0,0.0,0.0,0.0,0.0,0.0,0.0,0.0,0.0,0.0,0.0,3.3623632196797946,883.565911920707,117.15200417178997,309.1473760575555,41.604637885718795
280.0,58.19209458864301,0.98,0.015785,0.004215,0.0,0.0,0.0,0.0,0.0,0.0,0.0,0.0,0.0,0.0,0.0,308.08,87.95,0.9088548428979486,0.6616497394956568,60.09655697511658,42.957095496854464,868.6531222905807,130.48564117109967,0.9819339078940733,0.014053108773630503,0.004012983332296145,0.0,0.0,0.0,0.0,0.0,0.0,0.0,0.0,0.0,0.0,0.0,0.8137429981553229,0.16467473963016052,0.021582262214516586,0.0,0.0,0.0,0.0,0.0,0.0,0.0,0.0,0.0,0.0,0.0,2.906288434010608,1.5194202507501162,1.0,1.0469956028018823,1.416725547321598,0.0,0.0,0.0,0.0,0.0,0.0,0.0,0.0,0.0,0.0,0.0,3.3623632196797946,883.565911920707,117.15200417178997,309.1473760575555,41.604637885718795
280.0,60.096456975116574,0.98,0.015785,0.004215,0.0,0.0,0.0,0.0,0.0,0.0,0.0,0.0,0.0,0.0,0.0,308.08,87.95,0.9088548428979486,0.6833025238785284,60.09655697511658,42.957095496854464,867.0770928273805,131.88203760160565,0.9800001216526187,0.015784890315481914,0.00421498803189933,0.0,0.0,0.0,0.0,0.0,0.0,0.0,0.0,0.0,0.0,0.0,0.7984111797724436,0.17950923742408753,0.022079582803468868,0.0,0.0,0.0,0.0,0.0,0.0,0.0,0.0,0.0,0.0,0.0,2.8609798774311868,1.5301359754546666,1.0,1.0452200121523665,1.4117930707370059,0.0,0.0,0.0,0.0,0.0,0.0,0.0,0.0,0.0,0.0,0.0,3.3623632196797946,883.565911920707,117.15200417178997,309.1473760575555,41.604637885718795
285.0,48.78664707613279,0.98,0.015785,0.004215,0.0,0.0,0.0,0.0,0.0,0.0,0.0,0.0,0.0,0.0,0.0,308.08,87.95,0.9250843936639834,0.5547088922812141,64.02107630020514,48.786547076132784,846.0396426553942,139.32019846884748,0.9978837561567128,0.0013613558101299677,0.0007548880331574279,0.0,0.0,0.0,0.0,0.0,0.0,0.0,0.0,0.0,0.0,0.0,0.9799988187713651,0.015785952686974046,0.004215228541660912,0.0,0.0,0.0,0.0,0.0,0.0,0.0,0.0,0.0,0.0,0.0,2.5343149212124634,1.5964941880990786,1.0,1.043597583490641,1.3534771593747639,0.0,0.0,0.0,0.0,0.0,0.0,0.0,0.0,0.0,0.0,0.0,2.582885295960514,847.9303390434667,137.57437729315944,309.1473760575555,47.15145278245293
285.0,50.479350323251936,0.98,0.015785,0.004215,0.0,0.0,0.0,0.0,0.0,0.0,0.0,0.0,0.0,0.0,0.0,308.08,87.95,0.9250843936639834,0.5739550917936548,64.02107630020514,48.786547076132784,844.1514399896097,141.04770339012035,0.9957582918346953,0.0028289004825746466,0.001412807682730052,0.0,0.0,0.0,0.0,0.0,0.0,0.0,0.0,0.0,0.0,0.0,0.960558141521906,0.03176964198329508,0.007672216494798987,0.0,0.0,0.0,0.0,0.0,0.0,0.0,0.0,0.0,0.0,0.0,2.486534349062901,1.6099192372197018,1.0,1.0415418007028698,1.3484261251847534,0.0,0.0,0.0,0.0,0.0,0.0,0.0,0.0,0.0,0.0,0.0,2.582885295960514,847.9303390434667,137.57437729315944,309.1473760575555,47.15145278245293
285.0,52.172053570371084,0.98,0.015785,0.004215,0.0,0.0,0.0,0.0,0.0,0.0,0.0,0.0,0.0,0.0,0.0,308.08,87.95,0.9250843936639834,0.5932012913060953,64.02107630020514,48.786547076132784,842.3197620461077,142.71099935744581,0.993686234818601,0.0043452559387362815,0.0019685092426628345,0.0,0.0,0.0,0.0,0.0,0.0,0.0,0.0,0.0,0.0,0.0,0.9422778189735821,0.04731537355375387,0.010406807472663995,0.0,0.0,0.0,0.0,0.0,0.0,0.0,0.0,0.0,0.0,0.0,2.4408641637599975,1.6230741689555643,1.0,1.0396178847535062,1.343598960513806,0.0,0.0,0.0,0.0,0.0,0.0,0.0,0.0,0.0,0.0,0.0,2.582885295960514,847.9303390434667,137.57437729315944,309.1473760575555,47.15145278245293
285.0,53.86475681749024,0.98,0.015785,0.004215,0.0,0.0,0.0,0.0,0.0,0.0,0.0,0.0,0.0,0.0,0.0,308.08,87.95,0.9250843936639834,0.612447490818536,64.02107630020514,48.786547076132784,840.5332424775572,144.32419085630627,0.9916568919543787,0.005901790889358329,0.002441317156263046,0.0,0.0,0.0,0.0,0.0,0.0,0.0,0.0,0.0,0.0,0.0,0.9250502206555355,0.06237376156443797,0.01257601778002653,0.0,0.0,0.0,0.0,0.0,0.0,0.0,0.0,0.0,0.0,0.0,2.396949973716043,1.6360240547638,1.0,1.037807816246233,1.3389599014642537,0.0,0.0,0.0,0.0,0.0,0.0,0.0,0.0,0.0,0.0,0.0,2.582885295960514,847.9303390434667,137.57437729315944,309.1473760575555,47.15145278245293
285.0,55.55746006460939,0.98,0.015785,0.004215,0.0,0.0,0.0,0.0,0.0,0.0,0.0,0.0,0.0,0.0,0.0,308.08,87.95,0.9250843936639834,0.6316936903309766,64.02107630020514,48.786547076132784,838.7826975117295,145.8986923167675,0.9896616694746364,0.007491621875791754,0.0028467086495719413,0.0,0.0,0.0,0.0,0.0,0.0,0.0,0.0,0.0,0.0,0.0,0.9087832532168207,0.07691598894548239,0.014300757837696841,0.0,0.0,0.0,0.0,0.0,0.0,0.0,0.0,0.0,0.0,0.0,2.3545134145137623,1.648816862741171,1.0,1.0360971685273637,1.3344743943623032,0.0,0.0,0.0,0.0,0.0,0.0,0.0,0.0,0.0,0.0,0.0,2.582885295960514,847.9303390434667,137.57437729315944,309.1473760575555,47.15145278245293
285.0,57.250163311728535,0.98,0.015785,0.004215,0.0,0.0,0.0,0.0,0.0,0.0,0.0,0.0,0.0,0.0,0.0,308.08,87.95,0.9250843936639834,0.6509398898434171,64.02107630020514,48.786547076132784,837.0607606554976,147.44368145359672,0.9876937078479637,0.009109302387950786,0.0031969897640855517,0.0,0.0,0.0,0.0,0.0,0.0,0.0,0.0,0.0,0.0,0.0,0.8933973510633988,0.09092862491113089,0.015674024025470374,0.0,0.0,0.0,0.0,0.0,0.0,0.0,0.0,0.0,0.0,0.0,2.3133344661795943,1.6615178927142835,1.0,1.034472764411465,1.330117512339733,0.0,0.0,0.0,0.0,0.0,0.0,0.0,0.0,0.0,0.0,0.0,2.582885295960514,847.9303390434667,137.57437729315944,309.1473760575555,47.15145278245293
285.0,58.94286655884768,0.98,0.015785,0.004215,0.0,0.0,0.0,0.0,0.0,0.0,0.0,0.0,0.0,0.0,0.0,308.08,87.95,0.9250843936639834,0.6701860893558577,64.02107630020514,48.786547076132784,835.361532017667,148.96653680915747,0.9857475378447128,0.010750531757703427,0.0035019303975837466,0.0,0.0,0.0,0.0,0.0,0.0,0.0,0.0,0.0,0.0,0.0,0.8788231234047952,0.10440934416884956,0.016767532426355113,0.0,0.0,0.0,0.0,0.0,0.0,0.0,0.0,0.0,0.0,0.0,2.273235077469296,1.674167750983797,1.0,1.0329246124254075,1.3258698921646141,0.0,0.0,0.0,0.0,0.0,0.0,0.0,0.0,0.0,0.0,0.0,2.582885295960514,847.9303390434667,137.57437729315944,309.1473760575555,47.15145278245293
285.0,60.63556980596684,0.98,0.015785,0.004215,0.0,0.0,0.0,0.0,0.0,0.0,0.0,0.0,0.0,0.0,0.0,308.08,87.95,0.9250843936639834,0.6894322888682983,64.02107630020514,48.786547076132784,833.6802699485813,150.4731854022383,0.9838187846348239,0.012411910980656147,0.003769304384520032,0.0,0.0,0.0,0.0,0.0,0.0,0.0,0.0,0.0,0.0,0.0,0.8649994585068695,0.11736366987096317,0.017636871622167306,0.0,0.0,0.0,0.0,0.0,0.0,0.0,0.0,0.0,0.0,0.0,2.2340770652464212,1.686784255224456,1.0,1.03144446601092,1.321716076030097,0.0,0.0,0.0,0.0,0.0,0.0,0.0,0.0,0.0,0.0,0.0,2.582885295960514,847.9303390434667,137.57437729315944,309.1473760575555,47.15145278245293
285.0,62.32827305308599,0.98,0.015785,0.004215,0.0,0.0,0.0,0.0,0.0,0.0,0.0,0.0,0.0,0.0,0.0,308.08,87.95,0.9250843936639834,0.7086784883807389,64.02107630020514,48.786547076132784,832.0131461152037,151.96842883277446,0.9819039315335994,0.014090743718110449,0.004005324748290114,0.0,0.0,0.0,0.0,0.0,0.0,0.0,0.0,0.0,0.0,0.0,0.8518721565493969,0.12980244223477766,0.018325401215825526,0.0,0.0,0.0,0.0,0.0,0.0,0.0,0.0,0.0,0.0,0.0,2.195748373744784,1.6993990554296148,1.0,1.0300254733397034,1.3176437435241568,0.0,0.0,0.0,0.0,0.0,0.0,0.0,0.0,0.0,0.0,0.0,2.582885295960514,847.9303390434667,137.57437729315944,309.1473760575555,47.15145278245293
285.0,64.02097630020513,0.98,0.015785,0.004215,0.0,0.0,0.0,0.0,0.0,0.0,0.0,0.0,0.0,0.0,0.0,308.08,87.95,0.9250843936639834,0.7279246878931794,64.02107630020514,48.786547076132784,830.3570469455713,153.456173977949,0.9800001317878746,0.01578488194527745,0.004214986266847951,0.0,0.0,0.0,0.0,0.0,0.0,0.0,0.0,0.0,0.0,0.0,0.8393927929724949,0.14174002328815477,0.018867183739350223,0.0,0.0,0.0,0.0,0.0,0.0,0.0,0.0,0.0,0.0,0.0,2.158159364725959,1.7120543442209724,1.0,1.0286637655420616,1.3136429905149754,0.0,0.0,0.0,0.0,0.0,0.0,0.0,0.0,0.0,0.0,0.0,2.582885295960514,847.9303390434667,137.57437729315944,309.1473760575555,47.15145278245293
290.0,55.234277748881304,0.98,0.015785,0.004215,0.0,0.0,0.0,0.0,0.0,0.0,0.0,0.0,0.0,0.0,0.0,308.08,87.95,0.9413139444300183,0.6280190761669279,68.49002121134586,55.2341777488813,804.8263040518616,165.07463331030252,0.997208889472927,0.0018499036940161139,0.0009412068330568374,0.0,0.0,0.0,0.0,0.0,0.0,0.0,0.0,0.0,0.0,0.0,0.9799990370005766,0.01578577979986616,0.004215183199557244,0.0,0.0,0.0,0.0,0.0,0.0,0.0,0.0,0.0,0.0,0.0,1.8074877365390114,1.8252225997830933,1.0,1.0248768716105618,1.2574073257901839,0.0,0.0,0.0,0.0,0.0,0.0,0.0,0.0,0.0,0.0,0.0,1.860362653420085,807.5195142910154,162.56670985963757,309.1473760575555,53.23978678261965
290.0,56.70712702248848,0.98,0.015785,0.004215,0.0,0.0,0.0,0.0,0.0,0.0,0.0,0.0,0.0,0.0,0.0,308.08,87.95,0.9413139444300183,0.6447655147525694,68.49002121134586,55.2341777488813,802.8996088629889,166.85626824458015,0.9952010842591255,0.0032750235350739094,0.001523892205800671,0.0,0.0,0.0,0.0,0.0,0.0,0.0,0.0,0.0,0.0,0.0,0.9660956615592949,0.02722779866412618,0.0066765397765790714,0.0,0.0,0.0,0.0,0.0,0.0,0.0,0.0,0.0,0.0,0.0,1.7703870043455894,1.841192493787027,1.0,1.0234740291603353,1.2535109130155653,0.0,0.0,0.0,0.0,0.0,0.0,0.0,0.0,0.0,0.0,0.0,1.860362653420085,807.5195142910154,162.56670985963757,309.1473760575555,53.23978678261965
290.0,58.17997629609565,0.98,0.015785,0.004215,0.0,0.0,0.0,0.0,0.0,0.0,0.0,0.0,0.0,0.0,0.0,308.08,87.95,0.9413139444300183,0.6615119533382109,68.49002121134586,55.2341777488813,801.0150738487974,168.5910232723042,0.9932294912225776,0.004741973059824627,0.002028535717597772,0.0,0.0,0.0,0.0,0.0,0.0,0.0,0.0,0.0,0.0,0.0,0.9528618663205368,0.03843796044166401,0.00870017323779909,0.0,0.0,0.0,0.0,0.0,0.0,0.0,0.0,0.0,0.0,0.0,1.7346709779126446,1.8569831392706881,1.0,1.022152490439829,1.2497543064979983,0.0,0.0,0.0,0.0,0.0,0.0,0.0,0.0,0.0,0.0,0.0,1.860362653420085,807.5195142910154,162.56670985963757,309.1473760575555,53.23978678261965
290.0,59.65282556970282,0.98,0.015785,0.004215,0.0,0.0,0.0,0.0,0.0,0.0,0.0,0.0,0.0,0.0,0.0,308.08,87.95,0.9413139444300183,0.6782583919238524,68.49002121134586,55.2341777488813,799.1647714284952,170.28854990442647,0.991287383254775,0.0062446380530517724,0.0024679786921732753,0.0,0.0,0.0,0.0,0.0,0.0,0.0,0.0,0.0,0.0,0.0,0.9402467183401313,0.04938540915184535,0.010367872508023351,0.0,0.0,0.0,0.0,0.0,0.0,0.0,0.0,0.0,0.0,0.0,1.7001440427472216,1.8726502218794658,1.0,1.0209030899506795,1.2461166632914653,0.0,0.0,0.0,0.0,0.0,0.0,0.0,0.0,0.0,0.0,0.0,1.860362653420085,807.5195142910154,162.56670985963757,309.1473760575555,53.23978678261965
290.0,61.125674843309994,0.98,0.015785,0.004215,0.0,0.0,0.0,0.0,0.0,0.0,0.0,0.0,0.0,0.0,0.0,308.08,87.95,0.9413139444300183,0.6950048305094939,68.49002121134586,55.2341777488813,797.3420752591016,171.95693252415165,0.989369170540167,0.007777985845415948,0.002852843614416879,0.0,0.0,0.0,0.0,0.0,0.0,0.0,0.0,0.0,0.0,0.0,0.9282057435485417,0.06004904053112509,0.011745215920333207,0.0,0.0,0.0,0.0,0.0,0.0,0.0,0.0,0.0,0.0,0.0,1.6666464854561591,1.888249417542847,1.0,1.0197181885582431,1.2425833637205401,0.0,0.0,0.0,0.0,0.0,0.0,0.0,0.0,0.0,0.0,0.0,1.860362653420085,807.5195142910154,162.56670985963757,309.1473760575555,53.23978678261965
290.0,62.59852411691717,0.98,0.015785,0.004215,0.0,0.0,0.0,0.0,0.0,0.0,0.0,0.0,0.0,0.0,0.0,308.08,87.95,0.9413139444300183,0.7117512690951355,68.49002121134586,55.2341777488813,795.5414790318927,173.60290484236396,0.9874702332254294,0.009337902596214798,0.0031918641783558375,0.0,0.0,0.0,0.0,0.0,0.0,0.0,0.0,0.0,0.0,0.0,0.9166998141071768,0.07041548499470172,0.01288470089812148,0.0,0.0,0.0,0.0,0.0,0.0,0.0,0.0,0.0,0.0,0.0,1.6340486340838898,1.9038092208259014,1.0,1.0185913862152765,1.2391367832766902,0.0,0.0,0.0,0.0,0.0,0.0,0.0,0.0,0.0,0.0,0.0,1.860362653420085,807.5195142910154,162.56670985963757,309.1473760575555,53.23978678261965
290.0,64.07137339052434,0.98,0.015785,0.004215,0.0,0.0,0.0,0.0,0.0,0.0,0.0,0.0,0.0,0.0,0.0,308.08,87.95,0.9413139444300183,0.728497707680777,68.49002121134586,55.2341777488813,793.7584121235649,175.23206652428397,0.9855867570147617,0.010921036736808594,0.0034922062484298013,0.0,0.0,0.0,0.0,0.0,0.0,0.0,0.0,0.0,0.0,0.0,0.905694237275216,0.08047736073482421,0.013828401989959922,0.0,0.0,0.0,0.0,0.0,0.0,0.0,0.0,0.0,0.0,0.0,1.6022418511613776,1.9193942550332737,1.0,1.0175175518162929,1.235765274600056,0.0,0.0,0.0,0.0,0.0,0.0,0.0,0.0,0.0,0.0,0.0,1.860362653420085,807.5195142910154,162.56670985963757,309.1473760575555,53.23978678261965
290.0,65.54422266413151,0.98,0.015785,0.004215,0.0,0.0,0.0,0.0,0.0,0.0,0.0,0.0,0.0,0.0,0.0,308.08,87.95,0.9413139444300183,0.7452441462664186,68.49002121134586,55.2341777488813,791.9890821883909,176.84908238942666,0.9837155904082934,0.012524657002150526,0.0037597525895561455,0.0,0.0,0.0,0.0,0.0,0.0,0.0,0.0,0.0,0.0,0.0,0.8951580261009475,0.09023183216645511,0.014610141732597448,0.0,0.0,0.0,0.0,0.0,0.0,0.0,0.0,0.0,0.0,0.0,1.5711390883841836,1.9350045978056594,1.0,1.0164927265288441,1.2324593458546622,0.0,0.0,0.0,0.0,0.0,0.0,0.0,0.0,0.0,0.0,0.0,1.860362653420085,807.5195142910154,162.56670985963757,309.1473760575555,53.23978678261965
290.0,67.01707193773869,0.98,0.015785,0.004215,0.0,0.0,0.0,0.0,0.0,0.0,0.0,0.0,0.0,0.0,0.0,308.08,87.95,0.9413139444300183,0.7619905848520602,68.49002121134586,55.2341777488813,790.2303140724124,178.45784946308106,0.9818541131047726,0.014146541433650722,0.003999345461576762,0.0,0.0,0.0,0.0,0.0,0.0,0.0,0.0,0.0,0.0,0.0,0.8850633095283503,0.09967946866199075,0.015257221809658885,0.0,0.0,0.0,0.0,0.0,0.0,0.0,0.0,0.0,0.0,0.0,1.5406690380628925,1.950691819071183,1.0,1.0155122854659258,1.2292112156724477,0.0,0.0,0.0,0.0,0.0,0.0,0.0,0.0,0.0,0.0,0.0,1.860362653420085,807.5195142910154,162.56670985963757,309.1473760575555,53.23978678261965
290.0,68.48992121134586,0.98,0.015785,0.004215,0.0,0.0,0.0,0.0,0.0,0.0,0.0,0.0,0.0,0.0,0.0,308.08,87.95,0.9413139444300183,0.7787370234377016,68.49002121134586,55.2341777488813,788.4794582098232,180.06164850957683,0.9800001443337603,0.015784871638323254,0.004214984027916423,0.0,0.0,0.0,0.0,0.0,0.0,0.0,0.0,0.0,0.0,0.0,0.8753848795569739,0.10882333173214652,0.015791788710879502,0.0,0.0,0.0,0.0,0.0,0.0,0.0,0.0,0.0,0.0,0.0,1.5107714005227568,1.9664685825712434,1.0,1.0145738660359216,1.2260172865988834,0.0,0.0,0.0,0.0,0.0,0.0,0.0,0.0,0.0,0.0,0.0,1.860362653420085,807.5195142910154,162.56670985963757,309.1473760575555,53.23978678261965
295.0,62.380480838696336,0.98,0.015785,0.004215,0.0,0.0,0.0,0.0,0.0,0.0,0.0,0.0,0.0,0.0,0.0,308.08,87.95,0.957543495196053,0.7092720959487929,73.49402749201633,62.38038083869633,756.227086294955,197.99028349693566,0.9962090994421395,0.0025934551850768893,0.0011974453727835517,0.0,0.0,0.0,0.0,0.0,0.0,0.0,0.0,0.0,0.0,0.0,0.9799992297451353,0.015785626860955627,0.0042151433939090375,0.0,0.0,0.0,0.0,0.0,0.0,0.0,0.0,0.0,0.0,0.0,1.1506157658673932,2.1703955714471794,1.0,1.009726585138749,1.1718079407849922,0.0,0.0,0.0,0.0,0.0,0.0,0.0,0.0,0.0,0.0,0.0,1.2071686157923929,760.2827242144353,194.1617501019287,309.1473760575555,59.91062746672101
295.0,63.61530824462078,0.98,0.015785,0.004215,0.0,0.0,0.0,0.0,0.0,0.0,0.0,0.0,0.0,0.0,0.0,308.08,87.95,0.957543495196053,0.7233122028950628,73.49402749201633,62.38038083869633,754.2521810669003,199.84607199217027,0.9943538230360159,0.003950750772101394,0.001695426191882678,0.0,0.0,0.0,0.0,0.0,0.0,0.0,0.0,0.0,0.0,0.0,0.9705932668751241,0.023540538293929606,0.005866194830946259,0.0,0.0,0.0,0.0,0.0,0.0,0.0,0.0,0.0,0.0,0.0,1.1238159706739101,2.190880485723247,1.0,1.008935020380496,1.1688982442281546,0.0,0.0,0.0,0.0,0.0,0.0,0.0,0.0,0.0,0.0,0.0,1.2071686157923929,760.2827242144353,194.1617501019287,309.1473760575555,59.91062746672101
295.0,64.85013565054523,0.98,0.015785,0.004215,0.0,0.0,0.0,0.0,0.0,0.0,0.0,0.0,0.0,0.0,0.0,308.08,87.95,0.957543495196053,0.7373523098413328,73.49402749201633,62.38038083869633,752.3044460113074,201.6724842463626,0.9925192688662047,0.005342306765405013,0.0021384243683903307,0.0,0.0,0.0,0.0,0.0,0.0,0.0,0.0,0.0,0.0,0.0,0.961549130763554,0.031175416917073737,0.007275452319372192,0.0,0.0,0.0,0.0,0.0,0.0,0.0,0.0,0.0,0.0,0.0,1.0978478188445984,2.211337985052888,1.0,1.0081914269279673,1.1660695176477514,0.0,0.0,0.0,0.0,0.0,0.0,0.0,0.0,0.0,0.0,0.0,1.2071686157923929,760.2827242144353,194.1617501019287,309.1473760575555,59.91062746672101
295.0,66.08496305646966,0.98,0.015785,0.004215,0.0,0.0,0.0,0.0,0.0,0.0,0.0,0.0,0.0,0.0,0.0,308.08,87.95,0.957543495196053,0.7513924167876027,73.49402749201633,62.38038083869633,750.3787996690096,203.47556712479167,0.9907016889843907,0.006764293207273729,0.0025340178083355694,0.0,0.0,0.0,0.0,0.0,0.0,0.0,0.0,0.0,0.0,0.0,0.9528449870750803,0.03867460274454661,0.00848041018037318,0.0,0.0,0.0,0.0,0.0,0.0,0.0,0.0,0.0,0.0,0.0,1.0726172564285017,2.2318094201224463,1.0,1.007492129409437,1.1633111084153382,0.0,0.0,0.0,0.0,0.0,0.0,0.0,0.0,0.0,0.0,0.0,1.2071686157923929,760.2827242144353,194.1617501019287,309.1473760575555,59.91062746672101
295.0,67.31979046239411,0.98,0.015785,0.004215,0.0,0.0,0.0,0.0,0.0,0.0,0.0,0.0,0.0,0.0,0.0,308.08,87.95,0.957543495196053,0.7654325237338727,73.49402749201633,62.38038083869633,748.4708330980916,205.26059031003683,0.9888978530994768,0.008213457036037144,0.0028886898644861613,0.0,0.0,0.0,0.0,0.0,0.0,0.0,0.0,0.0,0.0,0.0,0.9444614009882414,0.04602623081020563,0.00951236820155299,0.0,0.0,0.0,0.0,0.0,0.0,0.0,0.0,0.0,0.0,0.0,1.0480476256631086,2.2523605448915487,1.0,1.0068339804608541,1.1606142263301873,0.0,0.0,0.0,0.0,0.0,0.0,0.0,0.0,0.0,0.0,0.0,1.2071686157923929,760.2827242144353,194.1617501019287,309.1473760575555,59.91062746672101
295.0,68.55461786831856,0.98,0.015785,0.004215,0.0,0.0,0.0,0.0,0.0,0.0,0.0,0.0,0.0,0.0,0.0,308.08,87.95,0.957543495196053,0.7794726306801427,73.49402749201633,62.38038083869633,746.5767235962426,207.03210923969232,0.9871049823503262,0.009687054635423638,0.0032079630142500975,0.0,0.0,0.0,0.0,0.0,0.0,0.0,0.0,0.0,0.0,0.0,0.936380958950223,0.053221620678521465,0.010397420371255631,0.0,0.0,0.0,0.0,0.0,0.0,0.0,0.0,0.0,0.0,0.0,1.0240746757241792,2.2730148558360375,1.0,1.006214201235562,1.1579719306215386,0.0,0.0,0.0,0.0,0.0,0.0,0.0,0.0,0.0,0.0,0.0,1.2071686157923929,760.2827242144353,194.1617501019287,309.1473760575555,59.91062746672101
295.0,69.789445274243,0.98,0.015785,0.004215,0.0,0.0,0.0,0.0,0.0,0.0,0.0,0.0,0.0,0.0,0.0,308.08,87.95,0.957543495196053,0.7935127376264126,73.49402749201633,62.38038083869633,744.6931788293799,208.79406437714812,0.9853206938320278,0.011182776076638602,0.00349653009133355,0.0,0.0,0.0,0.0,0.0,0.0,0.0,0.0,0.0,0.0,0.0,0.9285879794954158,0.060254694777450955,0.011157325727133287,0.0,0.0,0.0,0.0,0.0,0.0,0.0,0.0,0.0,0.0,0.0,,,,,,0.0,0.0,0.0,0.0,0.0,0.0,0.0,0.0,0.0,0.0,0.0,1.2071686157923929,760.2827242144353,194.1617501019287,309.1473760575555,59.91062746672101
295.0,71.02427268016744,0.98,0.015785,0.004215,0.0,0.0,0.0,0.0,0.0,0.0,0.0,0.0,0.0,0.0,0.0,308.08,87.95,0.957543495196053,0.8075528445726826,73.49402749201633,62.38038083869633,742.8173407641846,210.54987671792546,0.983542935148164,0.012698686314882548,0.0037583785369533673,0.0,0.0,0.0,0.0,0.0,0.0,0.0,0.0,0.0,0.0,0.0,0.9210682724257319,0.06712147376930576,0.011810253804962274,0.0,0.0,0.0,0.0,0.0,0.0,0.0,0.0,0.0,0.0,0.0,,,,,,0.0,0.0,0.0,0.0,0.0,0.0,0.0,0.0,0.0,0.0,0.0,1.2071686157923929,760.2827242144353,194.1617501019287,309.1473760575555,59.91062746672101
295.0,72.25910008609188,0.98,0.015785,0.004215,0.0,0.0,0.0,0.0,0.0,0.0,0.0,0.0,0.0,0.0,0.0,308.08,87.95,0.957543495196053,0.8215929515189525,73.49402749201633,62.38038083869633,740.9467288289809,212.30251955915503,0.9817699357282352,0.014233165082282579,0.003996899189482195,0.0,0.0,0.0,0.0,0.0,0.0,0.0,0.0,0.0,0.0,0.0,0.9138089215438141,0.07381966484746347,0.012371413608722385,0.0,0.0,0.0,0.0,0.0,0.0,0.0,0.0,0.0,0.0,0.0,,,,,,0.0,0.0,0.0,0.0,0.0,0.0,0.0,0.0,0.0,0.0,0.0,1.2071686157923929,760.2827242144353,194.1617501019287,309.1473760575555,59.91062746672101
295.0,73.49392749201633,0.98,0.015785,0.004215,0.0,0.0,0.0,0.0,0.0,0.0,0.0,0.0,0.0,0.0,0.0,308.08,87.95,0.957543495196053,0.8356330584652225,73.49402749201633,62.38038083869633,739.079178273072,214.05458544688594,0.9800001608172204,0.015784858160860425,0.004214981021919077,0.0,0.0,0.0,0.0,0.0,0.0,0.0,0.0,0.0,0.0,0.0,0.9067981088976207,0.08034831739250994,0.012853573709869233,0.0,0.0,0.0,0.0,0.0,0.0,0.0,0.0,0.0,0.0,0.0,0.9331045797070474,2.357385403364705,1.0,1.0040785802255217,1.1478331397929755,0.0,0.0,0.0,0.0,0.0,0.0,0.0,0.0,0.0,0.0,0.0,1.2071686157923929,760.2827242144353,194.1617501019287,309.1473760575555,59.91062746672101
