idx,actual,predicted,split
1650,129.4267602168825,129.9579,train
715,109.30466743726038,109.156944,train
3031,37.34804120151974,37.242935,train
1311,25.857534399290905,25.489426,train
4330,26.320863792397155,26.354984,train
4773,113.1117727502116,113.067535,train
1776,3.328531319289431,3.3528023,train
2959,24.74816706908628,24.661732,train
727,106.2025558056929,106.19147,train
1422,35.86295586622186,35.946873,train
1230,6.750079908713624,6.667744,train
1221,5.527128574206158,5.334242,train
1429,35.86295586622186,35.924664,train
3469,89.25950270069107,89.33017,train
4092,102.11244006090304,101.50783,train
4262,83.53755060546025,83.34476,train
3911,36.41164086407028,36.454433,train
3140,144.642135318757,143.65689,train
2570,4.491537072359547,4.3093863,train
3530,13.792313484057486,13.825327,train
102,39.62144937456086,39.325325,train
123,45.15611201204367,44.93111,train
3655,43.65657505930208,43.30128,train
667,136.76886894565047,137.1639,train
4601,45.250987390322535,44.975906,train
3876,70.03363402017787,70.25016,train
691,123.0978685654898,123.3448,train
4212,72.80691569376961,72.830124,train
1953,55.271872386990935,55.398766,train
2049,23.43298254652068,23.189121,train
4647,67.18811819694348,67.29858,train
1625,154.98431615588598,155.2153,train
2443,32.289249758728964,32.04108,train
1416,35.919888386123255,35.977654,train
3303,82.50515579830885,82.52456,train
2994,27.727713592149392,27.764252,train
3369,127.03771421016312,127.277275,train
4081,110.28871787139632,110.02843,train
2135,59.31238391810723,59.415813,train
3085,63.896198456162885,63.992268,train
1630,145.24040847801632,145.74133,train
2760,21.429473611547053,21.503208,train
1124,29.12596598702036,29.082275,train
3740,21.77517690158367,21.906408,train
1728,100.48928695862324,100.65685,train
4535,26.657804872047155,26.657768,train
3356,137.09122808053337,138.19582,train
1306,22.34386956684365,22.152254,train
4260,83.53755060546025,83.38746,train
4751,123.0978685654898,123.31274,train
4714,154.98431615588598,155.30284,train
2177,4.196221297202333,4.135277,train
3226,77.14726370763078,77.08676,train
3541,14.865809293936342,14.822884,train
2538,75.24982629334554,75.42138,train
1077,13.53610473193936,13.539663,train
4317,25.32142942667775,25.322441,train
3132,164.15376691555798,163.3714,train
1114,25.27984779576332,25.211542,train
1598,179.04708701101467,178.3714,train
4198,71.91030133184738,71.88415,train
4387,40.76621946032643,40.5937,train
3136,144.642135318757,144.93172,train
629,179.04708701101467,178.66296,train
4661,72.52135855398946,72.64329,train
3094,63.896198456162885,64.00989,train
4371,34.339930274970904,34.17362,train
3551,16.125116344342604,16.1152,train
2398,21.77517690158367,21.824818,train
1983,12.885025212225244,12.83049,train
2371,15.826709276493416,15.999413,train
624,193.8751524679473,193.94458,train
614,211.02994799979388,209.71501,train
3524,12.885025212225244,12.854639,train
3585,21.22276810141124,21.132334,train
2808,30.8733631927149,30.669674,train
1905,33.39074910957999,33.166054,train
1909,33.39074910957999,33.240417,train
4523,24.789633367188944,24.666819,train
1280,16.40524145944573,16.204132,train
1634,145.24040847801632,145.32423,train
1169,49.00862249254413,49.131332,train
2784,24.789633367188944,24.717552,train
1361,50.04341124314785,49.826363,train
132,48.50593326834902,48.40493,train
1557,69.76848318728358,69.98981,train
777,98.65596999066533,98.53947,train
786,97.47338258073955,97.52956,train
2174,3.328531319289431,3.425871,train
3162,106.43650704604566,106.49583,train
3358,137.09122808053337,137.88142,train
4691,193.8751524679473,193.72131,train
1957,62.12878854692645,62.509975,train
1253,9.839051198642553,9.582429,train
2180,4.196221297202333,4.179016,train
739,103.745126530115,103.77438,train
4726,145.24040847801632,145.74133,train
4154,75.33592393483191,75.12626,train
1147,38.10425093874939,38.121292,train
2122,48.41170998900376,48.30687,train
3788,32.289249758728964,32.04108,train
1561,74.77670776968583,74.99355,train
4100,95.27995050133204,94.897705,train
696,117.68636585320668,117.78499,train
2783,24.789633367188944,24.681217,train
3721,17.650012712740526,17.63361,train
442,6.442036183009371,6.431405,train
636,179.04708701101467,178.96597,train
611,211.02994799979388,209.70789,train
2749,19.89991539202705,20.007614,train
4791,106.2025558056929,106.088974,train
3960,38.05130976592272,38.09638,train
2417,26.620833128631787,26.472794,train
1186,62.12878854692645,62.56372,train
2628,13.92854978889145,13.621696,train
4023,52.561077422993925,52.344357,train
3508,91.48002635649718,91.756714,train
2756,21.429473611547053,21.429886,train
3622,31.91051408188231,31.61326,train
2020,17.59043680885926,17.449665,train
2594,6.750079908713624,6.690681,train
762,100.48928695862324,100.58716,train
1714,103.745126530115,103.561386,train
4034,56.318371719458256,56.21109,train
1135,33.39074910957999,33.219257,train
513,21.824079935423136,21.873451,train
491,15.977335233233198,15.892077,train
2856,45.250987390322535,45.073505,train
113,42.19750997747958,41.93006,train
1756,97.47338258073955,97.52956,train
4365,31.73671877096429,31.651522,train
2830,35.87508543765299,35.78573,train
2717,50.04341124314785,49.81899,train
4764,117.68636585320668,117.8207,train
4449,69.52453059841163,69.636055,train
2039,21.22276810141124,21.113754,train
589,55.271872386990935,55.419888,train
1248,8.180433892801254,8.114803,train
2665,25.857534399290905,25.483215,train
1803,5.227697523949966,5.168756,train
1850,13.53610473193936,13.462423,train
718,109.30466743726038,109.220474,train
1946,55.271872386990935,55.229156,train
1420,35.86295586622186,36.02249,train
4612,48.96526861625701,48.77533,train
1219,4.491537072359547,4.342819,train
4254,80.80332043496728,80.68728,train
528,25.27984779576332,25.267464,train
3946,36.210240125305205,36.352783,train
2179,4.196221297202333,4.1535077,train
1519,52.561077422993925,52.21094,train
918,109.30466743726038,108.95911,train
800,230.9901536612257,230.67834,train
604,230.9901536612257,230.85596,train
2562,3.624115801788345,3.5517888,train
880,123.0978685654898,123.31274,train
2696,38.91593697359398,38.563034,train
4068,69.76848318728358,69.90281,train
1185,62.12878854692645,62.585766,train
4284,26.05871153969042,25.864296,train
834,166.17853479893557,166.46686,train
1256,9.839051198642553,9.623856,train
2314,38.10425093874939,38.10257,train
1048,7.85908552453503,7.954504,train
551,38.10425093874939,38.050343,train
4192,71.5126952436544,71.56681,train
2822,33.2646262088608,32.935165,train
4527,26.657804872047155,26.619139,train
2703,38.91593697359398,38.646233,train
2029,19.28254456595652,18.971043,train
1815,7.85908552453503,7.844043,train
3253,74.9590487748871,75.178825,train
1446,36.94310571922444,37.026657,train
4478,18.448270263304188,18.19439,train
2901,62.1233802776967,62.0711,train
1367,50.04341124314785,49.87531,train
1936,49.00862249254413,48.94964,train
3054,44.597910972306806,44.368046,train
1088,15.977335233233198,15.966858,train
973,98.65596999066533,98.490395,train
4757,123.0978685654898,123.3448,train
3466,89.25950270069107,89.40439,train
1163,49.00862249254413,49.032677,train
1074,13.53610473193936,13.4710045,train
4051,64.95566127753861,65.1594,train
340,66.11063343545332,66.32891,train
546,33.39074910957999,33.245823,train
2319,43.29863673312664,43.14096,train
711,113.1117727502116,112.91584,train
1816,7.85908552453503,7.8961883,train
562,43.29863673312664,43.163494,train
672,136.76886894565047,137.1397,train
250,62.0294808818984,62.129787,train
233,66.92334219980225,66.82933,train
4616,53.00734926713273,52.65209,train
3971,39.53055859179817,39.394566,train
1394,37.38629228613615,37.372486,train
4188,71.5126952436544,71.4621,train
2956,24.74816706908628,24.667286,train
816,193.8751524679473,194.20374,train
4582,38.72775337298162,38.57286,train
3865,64.87166628595628,65.00747,train
1067,11.384421137066337,11.2015705,train
4013,49.19054255336955,49.20601,train
2171,3.328531319289431,3.4223983,train
1833,9.499438230882436,9.478822,train
2519,64.87166628595628,65.041306,train
989,97.47338258073955,97.474335,train
2144,59.31238391810723,59.550003,train
46,31.800906504220887,31.711235,train
29,32.0970063001027,31.706806,train
2658,22.34386956684365,22.117134,train
3595,23.43298254652068,23.196066,train
83,35.58213028597243,35.328323,train
1397,37.38629228613615,37.315178,train
644,166.17853479893557,166.06161,train
4577,38.72775337298162,38.583557,train
3293,80.17330974632897,80.20943,train
4070,74.77670776968583,74.97966,train
4270,86.00802491357506,86.09053,train
1182,62.12878854692645,62.509975,train
3370,127.03771421016312,127.034096,train
3225,77.14726370763078,77.19544,train
3441,90.5009001330304,90.578064,train
2744,18.448270263304188,17.955383,train
4580,38.72775337298162,38.549736,train
1503,49.19054255336955,49.20601,train
124,45.15611201204367,44.833374,train
3201,82.42432219773046,82.536896,train
470,11.384421137066337,11.132713,train
445,6.442036183009371,6.4068346,train
2141,59.31238391810723,59.447773,train
119,42.19750997747958,42.013863,train
712,113.1117727502116,112.789665,train
418,3.328531319289431,3.431784,train
2730,56.44692913934201,56.332005,train
2647,19.20192266480916,18.907732,train
2702,38.91593697359398,38.635475,train
4678,211.02994799979388,209.91107,train
4782,109.30466743726038,109.224,train
784,98.65596999066533,98.524994,train
2244,13.53610473193936,13.5314045,train
2602,8.180433892801254,8.115316,train
4030,56.318371719458256,56.34957,train
4675,230.9901536612257,230.26035,train
2834,35.87508543765299,35.855083,train
2279,25.27984779576332,25.211542,train
2969,25.32142942667775,25.311785,train
1450,38.05130976592272,38.09638,train
2125,53.62497940433934,53.35491,train
377,75.63055386802561,75.561424,train
2932,26.05871153969042,25.883652,train
507,18.731792724897712,18.728352,train
2652,19.20192266480916,18.95964,train
530,29.12596598702036,29.001747,train
4649,67.18811819694348,67.23996,train
2472,42.55205181960314,42.415493,train
3260,75.49486491080039,75.76238,train
1703,106.2025558056929,105.91049,train
3683,59.31238391810723,59.428844,train
2745,19.89991539202705,19.96171,train
1682,113.1117727502116,112.789665,train
3886,75.24982629334554,75.42427,train
1364,50.04341124314785,49.841927,train
3417,97.23410613085656,97.25282,train
4530,26.657804872047155,26.604242,train
2533,70.03363402017787,70.249626,train
1984,12.885025212225244,12.852356,train
1453,38.05130976592272,37.96978,train
788,97.47338258073955,97.48357,train
1514,52.561077422993925,52.333565,train
1343,38.91593697359398,38.58789,train
2648,19.20192266480916,18.9328,train
3775,29.34578260289036,29.10668,train
1298,19.20192266480916,19.01683,train
4663,72.52135855398946,72.61632,train
2814,30.8733631927149,30.753454,train
2210,7.85908552453503,7.9043326,train
3754,24.10159309622668,23.993698,train
159,56.40366820567802,56.33337,train
682,129.4267602168825,129.8204,train
3836,50.68801501365044,50.629242,train
439,5.227697523949966,5.1887875,train
1329,29.77075417333722,29.533878,train
4157,73.5169788308657,73.38213,train
3815,42.55205181960314,42.366516,train
88,35.58213028597243,35.41247,train
2796,28.678520203607828,28.49189,train
3660,48.41170998900376,48.360023,train
4236,78.23957030362628,78.20873,train
4653,67.18811819694348,67.23457,train
1876,21.824079935423136,21.833576,train
2566,4.491537072359547,4.2639933,train
856,145.24040847801632,145.63658,train
4643,62.1233802776967,62.10575,train
4787,109.30466743726038,109.08917,train
1224,5.527128574206158,5.3517275,train
2128,53.62497940433934,53.315773,train
92,37.419032689587326,37.253326,train
3718,15.826709276493416,16.019728,train
4222,74.18155972707093,74.15614,train
2217,9.499438230882436,9.363737,train
228,70.37643466476314,70.22521,train
2031,19.28254456595652,18.995022,train
1686,109.30466743726038,109.224,train
4556,33.2646262088608,33.179676,train
577,49.00862249254413,49.09308,train
2714,44.21359478458822,43.78089,train
4767,117.68636585320668,117.82362,train
2205,7.85908552453503,7.844043,train
793,97.47338258073955,97.49145,train
4464,75.23466307522513,75.147194,train
1062,11.384421137066337,11.154864,train
3242,75.0199897728373,75.3339,train
4021,52.561077422993925,52.428513,train
3801,38.88107047950797,38.72391,train
1193,2.9065837811274826,2.6935894,train
1851,13.53610473193936,13.479427,train
4473,80.57929170551442,80.987946,train
383,79.37555328176275,79.30482,train
3043,40.76621946032643,40.686543,train
4613,48.96526861625701,48.771534,train
1842,11.384421137066337,11.2015705,train
2789,26.657804872047155,26.604242,train
539,29.12596598702036,29.149563,train
1507,49.19054255336955,49.08715,train
3030,37.34804120151974,37.270126,train
2761,21.429473611547053,21.486965,train
4319,25.32142942667775,25.267971,train
2066,28.753615695926324,28.551533,train
1568,74.77670776968583,74.8846,train
3767,26.620833128631787,26.452578,train
595,62.12878854692645,62.585766,train
4153,75.33592393483191,75.226944,train
1538,60.456358375515045,60.464405,train
1148,38.10425093874939,38.11071,train
4332,26.320863792397155,26.411755,train
263,60.473631179095584,60.697914,train
2374,15.826709276493416,16.02654,train
3688,59.31238391810723,59.47632,train
3757,24.10159309622668,23.994583,train
3885,75.24982629334554,75.412224,train
4038,56.318371719458256,56.093636,train
1341,38.91593697359398,38.563034,train
1976,12.885025212225244,12.865217,train
3697,65.47137652330578,65.75716,train
812,211.02994799979388,209.85951,train
2552,2.9065837811274826,2.762494,train
525,25.27984779576332,25.19133,train
1462,39.53055859179817,39.35723,train
3388,111.6113573414681,111.85212,train
847,154.98431615588598,155.60394,train
1127,29.12596598702036,29.114328,train
4194,71.5126952436544,71.45671,train
4131,80.93195157639853,80.69707,train
948,101.86758015295236,101.83186,train
3248,74.9590487748871,75.202286,train
4340,27.727713592149392,27.656649,train
3701,14.147402430467531,14.0779705,train
3032,37.34804120151974,37.309277,train
3413,97.23410613085656,97.2879,train
2042,21.22276810141124,21.15553,train
3357,137.09122808053337,138.10036,train
2866,48.96526861625701,48.846962,train
1872,18.731792724897712,18.728352,train
436,5.227697523949966,5.1562295,train
1028,5.227697523949966,5.168756,train
503,18.731792724897712,18.657467,train
2046,23.43298254652068,23.26944,train
3335,163.4865892910184,163.97528,train
886,123.0978685654898,123.3448,train
9,34.05490017098822,33.499557,train
2338,55.271872386990935,55.239452,train
2639,16.40524145944573,16.2719,train
1018,4.196221297202333,4.182162,train
514,21.824079935423136,21.862873,train
743,103.745126530115,103.601616,train
367,72.09383557530046,71.96261,train
2393,19.628813853406385,19.63929,train
2895,62.1233802776967,62.203873,train
272,59.46021848278396,59.66089,train
1180,62.12878854692645,62.50649,train
3299,82.50515579830885,82.51322,train
2123,48.41170998900376,48.30041,train
1770,2.606366123918593,2.5815167,train
3320,201.78551544430667,203.25732,train
1852,13.53610473193936,13.539663,train
464,9.499438230882436,9.410278,train
720,109.30466743726038,109.15329,train
4043,60.456358375515045,60.546734,train
2580,5.527128574206158,5.357925,train
3309,84.91829879601836,85.10736,train
3280,78.16128831944249,78.31572,train
1849,13.53610473193936,13.4710045,train
1680,113.1117727502116,112.97559,train
1988,13.792313484057486,13.742334,train
928,106.2025558056929,105.91049,train
4696,179.04708701101467,178.87163,train
1118,25.27984779576332,25.267464,train
2805,30.8733631927149,30.86545,train
637,166.17853479893557,165.6083,train
4119,84.82941053361527,84.323875,train
3254,74.9590487748871,75.119965,train
1783,3.328531319289431,3.431784,train
4074,74.77670776968583,74.92454,train
1566,74.77670776968583,74.876366,train
1082,15.977335233233198,15.92486,train
1297,19.20192266480916,18.95964,train
336,63.757634180182144,63.82847,train
3167,106.43650704604566,106.32092,train
3375,118.62582953904092,119.258286,train
2247,15.977335233233198,15.92486,train
1938,49.00862249254413,49.032677,train
3029,37.34804120151974,37.252068,train
2997,29.533535528411715,29.331692,train
224,70.37643466476314,70.35398,train
4373,34.339930274970904,34.24832,train
4698,179.04708701101467,179.2674,train
1620,154.98431615588598,155.37953,train
1712,103.745126530115,103.6145,train
3737,19.628813853406385,19.642788,train
1263,11.747596709247082,11.407324,train
3867,64.87166628595628,65.00416,train
160,60.94990397147208,61.559628,train
319,60.42126498608887,60.28497,train
985,97.47338258073955,97.48198,train
642,166.17853479893557,166.29733,train
3255,74.9590487748871,75.007164,train
1369,50.04341124314785,49.872967,train
2277,25.27984779576332,25.202847,train
2016,17.59043680885926,17.489101,train
4141,77.79019270718537,77.75937,train
2411,24.10159309622668,23.972618,train
3532,13.792313484057486,13.786746,train
3835,50.68801501365044,50.647804,train
4166,72.29320847026757,72.29429,train
4057,64.95566127753861,65.06032,train
1059,9.499438230882436,9.457199,train
2361,14.147402430467531,14.001744,train
1525,56.318371719458256,56.167614,train
3229,75.72927173724563,75.90989,train
3185,91.71150004679322,91.79218,train
91,37.419032689587326,37.267387,train
768,99.4907361299304,99.472084,train
3471,89.42090092796712,89.5284,train
748,101.86758015295236,102.02266,train
1275,13.92854978889145,13.640898,train
1262,11.747596709247082,11.37759,train
2632,13.92854978889145,13.701807,train
1998,14.865809293936342,14.7639065,train
2311,38.10425093874939,38.114456,train
2886,57.39162304208823,57.228188,train
1284,16.40524145944573,16.2719,train
1605,179.04708701101467,178.8955,train
1426,35.86295586622186,35.97679,train
3559,16.125116344342604,16.025131,train
1223,5.527128574206158,5.356917,train
4240,78.23957030362628,78.28915,train
3364,127.03771421016312,127.58298,train
2780,24.789633367188944,24.664312,train
1217,4.491537072359547,4.331116,train
2976,26.320863792397155,26.34819,train
3172,98.2723333835592,98.26674,train
2622,11.747596709247082,11.409006,train
3739,19.628813853406385,19.680138,train
1491,46.20624283129268,46.18374,train
2991,27.727713592149392,27.703957,train
4307,24.74816706908628,24.667286,train
3583,21.22276810141124,21.118015,train
2397,21.77517690158367,21.852474,train
3689,59.31238391810723,59.550003,train
27,32.0970063001027,31.93496,train
1906,33.39074910957999,33.169758,train
1761,97.47338258073955,97.48532,train
3490,90.79293338634857,90.672455,train
761,100.48928695862324,100.618004,train
3257,75.49486491080039,75.80119,train
959,100.48928695862324,100.545395,train
943,101.86758015295236,102.02266,train
2092,35.43032585388161,35.258766,train
2557,3.624115801788345,3.501833,train
1295,19.20192266480916,18.945175,train
3549,14.865809293936342,14.737005,train
3643,39.33748405428104,39.067123,train
3652,43.65657505930208,43.30547,train
3422,94.254909093602,94.31538,train
2323,43.29863673312664,43.25691,train
4278,26.05871153969042,26.060434,train
214,74.61339353212185,74.36928,train
2845,41.84557272242807,41.68341,train
1585,211.02994799979388,209.72462,train
4792,106.2025558056929,106.168976,train
3538,13.792313484057486,13.7147255,train
2292,29.12596598702036,29.114328,train
4594,41.84557272242807,41.6226,train
4346,29.533535528411715,29.471401,train
2992,27.727713592149392,27.727596,train
290,58.96624064707562,59.138855,train
4762,117.68636585320668,117.78499,train
1930,43.29863673312664,43.195194,train
3791,35.46372651810452,35.382576,train
365,72.09383557530046,72.11192,train
2904,62.1233802776967,62.154034,train
4841,98.65596999066533,98.52123,train
2100,39.33748405428104,39.043262,train
1376,56.44692913934201,56.322224,train
665,136.76886894565047,136.97398,train
4015,49.19054255336955,49.15223,train
1246,8.180433892801254,8.112476,train
1505,49.19054255336955,49.15223,train
2536,75.24982629334554,75.46388,train
1943,49.00862249254413,49.092525,train
1830,9.499438230882436,9.480255,train
532,29.12596598702036,29.027355,train
3603,25.935608876074404,25.689098,train
4037,56.318371719458256,56.121826,train
360,72.09383557530046,72.22351,train
2515,64.87166628595628,65.035286,train
3399,105.8033985466063,105.496284,train
137,48.50593326834902,48.385307,train
4670,230.9901536612257,230.85596,train
2442,32.289249758728964,31.974306,train
2750,19.89991539202705,20.012417,train
2445,35.46372651810452,35.37799,train
3034,37.34804120151974,37.392376,train
627,193.8751524679473,193.90921,train
4742,129.4267602168825,129.80025,train
3832,50.68801501365044,50.64055,train
3798,35.46372651810452,35.365902,train
1968,12.124975352206752,11.880687,train
3010,31.73671877096429,31.516037,train
4811,101.86758015295236,101.931694,train
1050,9.499438230882436,9.368577,train
146,52.25404806865342,51.97049,train
2384,17.650012712740526,17.70837,train
276,59.46021848278396,59.665176,train
1017,4.196221297202333,4.1680164,train
2183,4.196221297202333,4.182162,train
1465,39.53055859179817,39.380997,train
3965,38.05130976592272,38.017082,train
4632,57.39162304208823,57.16279,train
1602,179.04708701101467,179.2674,train
790,97.47338258073955,97.48198,train
1404,36.41164086407028,36.44119,train
4417,53.49135176226452,53.260902,train
1055,9.499438230882436,9.480255,train
1084,15.977335233233198,15.968446,train
540,33.39074910957999,33.166054,train
2505,59.89579766367838,60.06669,train
1316,25.857534399290905,25.549492,train
2660,22.34386956684365,22.138765,train
4239,78.23957030362628,78.283676,train
1949,55.271872386990935,55.229046,train
474,11.384421137066337,11.219473,train
4528,26.657804872047155,26.621906,train
2459,38.88107047950797,38.65831,train
240,64.16317423719532,64.02978,train
144,52.25404806865342,52.12081,train
4699,179.04708701101467,179.10226,train
187,71.10218907830797,71.63102,train
82,35.58213028597243,35.33657,train
4716,154.98431615588598,155.37953,train
134,48.50593326834902,48.372707,train
1865,18.731792724897712,18.613697,train
2996,29.533535528411715,29.357553,train
4481,18.448270263304188,18.077337,train
2871,48.96526861625701,48.77533,train
3086,63.896198456162885,64.007095,train
1753,98.65596999066533,98.55122,train
2542,75.24982629334554,75.39847,train
2697,38.91593697359398,38.571182,train
4352,29.533535528411715,29.402828,train
3482,89.98590815117426,89.986145,train
1206,3.624115801788345,3.5089993,train
1530,60.456358375515045,60.672565,train
3183,91.71150004679322,91.92253,train
3326,180.7969094795742,181.17816,train
1283,16.40524145944573,16.272837,train
3819,42.55205181960314,42.45916,train
2082,31.91051408188231,31.611723,train
1534,60.456358375515045,60.519318,train
4257,83.53755060546025,83.33309,train
432,5.227697523949966,5.106063,train
2942,25.04050211213976,24.834026,train
1153,43.29863673312664,43.169106,train
883,123.0978685654898,123.344696,train
4206,72.80691569376961,72.80692,train
755,100.48928695862324,100.49275,train
1098,18.731792724897712,18.715076,train
3005,31.73671877096429,31.624594,train
3020,34.339930274970904,34.17362,train
1640,136.76886894565047,137.38864,train
4395,40.76621946032643,40.732445,train
4659,72.52135855398946,72.62103,train
1800,5.227697523949966,5.1549864,train
4053,64.95566127753861,65.152504,train
4207,72.80691569376961,72.8053,train
3932,35.86295586622186,35.946873,train
775,98.65596999066533,98.52123,train
1440,36.94310571922444,37.04535,train
4674,230.9901536612257,230.09584,train
1898,29.12596598702036,29.039478,train
2674,25.857534399290905,25.604422,train
4606,48.96526861625701,48.841896,train
59,32.21218363587208,32.142246,train
4031,56.318371719458256,56.312225,train
4044,60.456358375515045,60.519318,train
3310,84.91829879601836,85.06673,train
882,123.0978685654898,123.289444,train
4805,103.745126530115,103.77438,train
4682,211.02994799979388,209.71614,train
40,31.800906504220887,31.717302,train
1993,13.792313484057486,13.7147255,train
2912,67.18811819694348,67.23457,train
4342,27.727713592149392,27.703957,train
269,60.473631179095584,60.559975,train
2869,48.96526861625701,48.80249,train
523,25.27984779576332,25.187553,train
3514,12.124975352206752,11.900572,train
1964,62.12878854692645,62.674168,train
1439,36.210240125305205,36.28978,train
1466,39.53055859179817,39.43342,train
1395,37.38629228613615,37.325706,train
3344,149.10252861042588,149.88391,train
4459,75.23466307522513,75.24924,train
766,99.4907361299304,99.40494,train
3479,89.42090092796712,89.41434,train
3477,89.42090092796712,89.458534,train
2592,6.750079908713624,6.6628127,train
3314,84.91829879601836,85.07975,train
1828,9.499438230882436,9.421971,train
1742,99.4907361299304,99.4639,train
870,129.4267602168825,129.80322,train
4164,73.5169788308657,73.22444,train
3645,39.33748405428104,39.043262,train
2747,19.89991539202705,19.967945,train
2944,25.04050211213976,24.797174,train
535,29.12596598702036,29.071995,train
1911,33.39074910957999,33.245823,train
1031,6.442036183009371,6.3901563,train
3884,75.24982629334554,75.42647,train
796,230.9901536612257,230.71011,train
1675,113.1117727502116,112.92004,train
3340,163.4865892910184,163.76648,train
686,123.0978685654898,123.322266,train
2673,25.857534399290905,25.576246,train
4801,103.745126530115,103.79083,train
24,32.0970063001027,31.905214,train
3092,63.896198456162885,63.94258,train
3879,70.03363402017787,70.2236,train
351,68.89986520703063,69.18795,train
1097,18.731792724897712,18.728352,train
488,13.53610473193936,13.524681,train
2532,70.03363402017787,70.204506,train
3553,16.125116344342604,16.045288,train
557,38.10425093874939,38.121292,train
3230,75.72927173724563,75.98024,train
1610,166.17853479893557,166.41437,train
3451,89.59649952596679,89.767715,train
415,3.328531319289431,3.4178321,train
1752,98.65596999066533,98.51064,train
3913,36.41164086407028,36.44485,train
2329,49.00862249254413,49.025566,train
3121,80.57929170551442,80.93294,train
4444,63.896198456162885,63.969498,train
1358,44.21359478458822,43.775703,train
3421,94.254909093602,94.24211,train
2470,42.55205181960314,42.366516,train
135,48.50593326834902,48.36175,train
3969,38.05130976592272,38.01673,train
3315,84.91829879601836,85.09938,train
4147,75.33592393483191,75.38231,train
3742,21.77517690158367,21.852474,train
953,100.48928695862324,100.65685,train
210,74.61339353212185,74.3922,train
4327,26.320863792397155,26.34819,train
4621,53.00734926713273,52.608765,train
1328,29.77075417333722,29.512287,train
4122,84.82941053361527,84.43778,train
2477,46.48566476712182,46.3493,train
2306,38.10425093874939,38.050343,train
2787,26.657804872047155,26.621906,train
4427,58.5236929318425,58.551598,train
913,109.30466743726038,109.220474,train
2275,25.27984779576332,25.191574,train
578,49.00862249254413,49.092525,train
3966,38.05130976592272,38.03122,train
2853,41.84557272242807,41.6226,train
2413,24.10159309622668,24.02452,train
2980,26.320863792397155,26.374683,train
783,98.65596999066533,98.55122,train
1791,4.196221297202333,4.165268,train
1560,74.77670776968583,74.97966,train
663,145.24040847801632,145.44246,train
2199,6.442036183009371,6.47586,train
798,230.9901536612257,230.76495,train
3631,35.43032585388161,35.233032,train
3289,80.17330974632897,80.34117,train
3779,29.34578260289036,29.278715,train
3213,79.34796417307675,79.55531,train
4802,103.745126530115,103.83783,train
3292,80.17330974632897,80.20407,train
2792,26.657804872047155,26.590847,train
801,230.9901536612257,230.38132,train
3331,180.7969094795742,180.78055,train
555,38.10425093874939,38.07308,train
4660,72.52135855398946,72.62402,train
1476,41.380738858681696,41.235603,train
4477,18.448270263304188,18.229687,train
1299,19.20192266480916,19.025742,train
4338,27.727713592149392,27.658245,train
1424,35.86295586622186,35.97821,train
1858,15.977335233233198,15.981667,train
1390,37.38629228613615,37.49788,train
2692,34.113034957437215,33.796417,train
3967,38.05130976592272,38.044754,train
4140,77.79019270718537,77.75786,train
1807,6.442036183009371,6.431405,train
22,32.0970063001027,31.890678,train
3250,74.9590487748871,75.230156,train
325,61.857848402891456,61.925602,train
4708,166.17853479893557,166.29733,train
1982,12.885025212225244,12.834576,train
4160,73.5169788308657,73.413574,train
678,129.4267602168825,129.80884,train
4770,117.68636585320668,117.47591,train
1736,99.4907361299304,99.40494,train
1836,11.384421137066337,11.154038,train
2297,33.39074910957999,33.208317,train
574,49.00862249254413,49.025566,train
3537,13.792313484057486,13.695646,train
3726,17.650012712740526,17.63696,train
3927,35.919888386123255,35.942905,train
3098,69.52453059841163,69.636055,train
1374,56.44692913934201,56.331524,train
2614,9.839051198642553,9.639668,train
3093,63.896198456162885,63.969498,train
4768,117.68636585320668,117.6754,train
3973,39.53055859179817,39.386395,train
3291,80.17330974632897,80.24723,train
3751,24.10159309622668,24.048264,train
2888,57.39162304208823,57.19748,train
4617,53.00734926713273,52.672234,train
2108,43.65657505930208,43.28625,train
4514,23.053352899871395,23.016235,train
4408,48.84238573144443,48.792053,train
1282,16.40524145944573,16.245544,train
3443,90.5009001330304,90.612,train
4497,21.429473611547053,21.429886,train
3912,36.41164086407028,36.4395,train
1579,230.9901536612257,230.26035,train
4680,211.02994799979388,209.71501,train
47,31.800906504220887,31.707972,train
472,11.384421137066337,11.154864,train
4609,48.96526861625701,48.817432,train
4526,26.657804872047155,26.691307,train
2668,25.857534399290905,25.51584,train
3241,75.0199897728373,75.28073,train
3945,36.210240125305205,36.36531,train
3195,86.49473331626407,86.46203,train
2522,64.87166628595628,65.00416,train
1043,7.85908552453503,7.8829904,train
2076,31.91051408188231,31.635895,train
4358,31.73671877096429,31.534565,train
759,100.48928695862324,100.62712,train
1923,38.10425093874939,38.11071,train
1460,39.53055859179817,39.45439,train
1229,5.527128574206158,5.424685,train
2282,25.27984779576332,25.24607,train
2498,55.1604052272772,55.08432,train
4186,71.5126952436544,71.50081,train
4752,123.0978685654898,123.322266,train
1707,103.745126530115,103.78275,train
165,60.94990397147208,61.20761,train
2111,43.65657505930208,43.323746,train
779,98.65596999066533,98.50235,train
1958,62.12878854692645,62.54983,train
1740,99.4907361299304,99.46294,train
2488,50.68801501365044,50.633026,train
955,100.48928695862324,100.62783,train
2137,59.31238391810723,59.420414,train
2147,65.47137652330578,65.692535,train
3938,35.86295586622186,35.965736,train
2369,15.826709276493416,15.964184,train
4268,86.00802491357506,86.040184,train
3533,13.792313484057486,13.742334,train
3284,78.16128831944249,78.225395,train
3444,90.5009001330304,90.65061,train
4756,123.0978685654898,123.49362,train
2426,29.34578260289036,29.113985,train
390,82.96307013740815,82.966515,train
1332,34.113034957437215,33.744633,train
1689,109.30466743726038,109.2128,train
820,193.8751524679473,193.72131,train
4331,26.320863792397155,26.374683,train
3247,74.9590487748871,75.199455,train
2268,21.824079935423136,21.873451,train
1667,117.68636585320668,117.81633,train
3593,23.43298254652068,23.20719,train
4104,95.27995050133204,94.877716,train
3178,91.71150004679322,91.77472,train
4840,99.4907361299304,99.49039,train
2551,2.9065837811274826,2.740763,train
3574,19.28254456595652,18.971043,train
489,13.53610473193936,13.5314045,train
2550,2.9065837811274826,2.746613,train
2897,62.1233802776967,62.170876,train
3517,12.124975352206752,11.868318,train
3598,23.43298254652068,23.214828,train
2933,26.05871153969042,25.864296,train
2849,41.84557272242807,41.63886,train
4185,71.63339382759735,71.469215,train
3431,92.03325910726882,91.941154,train
477,11.384421137066337,11.2015705,train
785,97.47338258073955,97.55584,train
1787,4.196221297202333,4.135277,train
2482,46.48566476712182,46.406273,train
4129,80.93195157639853,80.57926,train
1427,35.86295586622186,35.9543,train
1527,56.318371719458256,56.121826,train
3171,98.2723333835592,98.35043,train
3024,34.339930274970904,34.349304,train
311,60.42126498608887,60.521812,train
3845,55.1604052272772,55.065575,train
1380,38.91834885517143,39.121216,train
2782,24.789633367188944,24.666819,train
3105,75.23466307522513,75.220924,train
458,7.85908552453503,7.954504,train
97,37.419032689587326,37.210045,train
4454,69.52453059841163,69.56815,train
1822,7.85908552453503,7.917179,train
3830,50.68801501365044,50.61113,train
3095,69.52453059841163,69.60219,train
4209,72.80691569376961,72.81227,train
4099,95.27995050133204,95.082184,train
3127,164.15376691555798,164.34583,train
518,21.824079935423136,21.897858,train
444,6.442036183009371,6.47586,train
2571,4.491537072359547,4.317942,train
2842,38.72775337298162,38.585518,train
1824,7.85908552453503,7.946685,train
298,58.96624064707562,59.005123,train
2356,14.147402430467531,14.0779705,train
4295,25.04050211213976,24.797174,train
394,82.96307013740815,83.02721,train
4495,19.89991539202705,19.890575,train
3985,41.380738858681696,41.2106,train
639,166.17853479893557,166.46686,train
3489,89.98590815117426,89.89172,train
1269,11.747596709247082,11.432065,train
2725,56.44692913934201,56.303818,train
473,11.384421137066337,11.1856575,train
4740,136.76886894565047,136.97836,train
1717,101.86758015295236,101.969025,train
2035,21.22276810141124,21.257053,train
1064,11.384421137066337,11.219473,train
4566,35.87508543765299,35.902298,train
4156,73.5169788308657,73.468925,train
1108,21.824079935423136,21.897858,train
2164,2.606366123918593,2.6267405,train
2772,23.053352899871395,23.019356,train
1758,97.47338258073955,97.48357,train
3397,105.8033985466063,105.9144,train
838,166.17853479893557,166.1012,train
2941,25.04050211213976,24.888872,train
2061,25.935608876074404,25.696987,train
3814,42.55205181960314,42.35118,train
1899,29.12596598702036,29.082275,train
3839,50.68801501365044,50.58246,train
57,32.21218363587208,32.108795,train
1635,136.76886894565047,136.97398,train
399,82.96307013740815,83.09985,train
3809,38.88107047950797,38.7844,train
702,117.68636585320668,117.6754,train
1774,2.606366123918593,2.6267405,train
3717,15.826709276493416,15.961897,train
3988,41.380738858681696,41.226086,train
2333,49.00862249254413,49.092525,train
2454,35.46372651810452,35.44278,train
2574,4.491537072359547,4.342819,train
3982,41.380738858681696,41.192528,train
1326,29.77075417333722,29.482697,train
2351,62.12878854692645,62.56372,train
4255,80.80332043496728,80.75077,train
1141,38.10425093874939,38.050343,train
2507,59.89579766367838,60.04011,train
2593,6.750079908713624,6.6961293,train
1755,97.47338258073955,97.55584,train
750,101.86758015295236,101.98182,train
4403,44.597910972306806,44.3679,train
3730,19.628813853406385,19.698162,train
3345,149.10252861042588,149.84015,train
889,123.0978685654898,123.009,train
2321,43.29863673312664,43.20346,train
1071,13.53610473193936,13.444811,train
3837,50.68801501365044,50.63263,train
509,18.731792724897712,18.786053,train
3068,53.49135176226452,53.21349,train
3591,23.43298254652068,23.26944,train
286,58.963765679663645,59.13527,train
1276,13.92854978889145,13.680699,train
3646,39.33748405428104,39.060738,train
4462,75.23466307522513,75.16247,train
4347,29.533535528411715,29.357553,train
2353,62.12878854692645,62.6465,train
1022,5.227697523949966,5.106063,train
3829,46.48566476712182,46.364338,train
1785,4.196221297202333,4.140811,train
778,98.65596999066533,98.490395,train
3436,92.03325910726882,92.12367,train
3748,21.77517690158367,21.825325,train
4788,109.30466743726038,109.02029,train
3663,48.41170998900376,48.28619,train
4812,101.86758015295236,101.97901,train
1819,7.85908552453503,7.87068,train
1719,101.86758015295236,102.02548,train
2065,28.753615695926324,28.553514,train
3091,63.896198456162885,63.951668,train
4276,26.05871153969042,26.228582,train
363,72.09383557530046,72.201645,train
1063,11.384421137066337,11.1856575,train
2527,70.03363402017787,70.32049,train
805,211.02994799979388,210.10863,train
3628,31.91051408188231,31.66175,train
2771,23.053352899871395,23.013542,train
440,6.442036183009371,6.355406,train
114,42.19750997747958,41.966534,train
4079,74.77670776968583,74.867645,train
1907,33.39074910957999,33.208317,train
1140,38.10425093874939,38.039497,train
2372,15.826709276493416,15.961897,train
493,15.977335233233198,15.981667,train
4231,76.00671399435468,76.1633,train
1485,43.604537301970495,43.430256,train
1335,34.113034957437215,33.77121,train
2600,8.180433892801254,8.092363,train
1597,193.8751524679473,193.90921,train
1509,49.19054255336955,49.057953,train
2163,2.606366123918593,2.6204624,train
1962,62.12878854692645,62.598175,train
117,42.19750997747958,41.90952,train
4538,28.678520203607828,28.418102,train
2689,34.113034957437215,33.7907,train
4443,63.896198456162885,63.94258,train
357,68.89986520703063,68.9393,train
1664,123.0978685654898,123.009,train
140,52.25404806865342,52.228,train
2342,55.271872386990935,55.346657,train
2957,24.74816706908628,24.682678,train
2766,23.053352899871395,22.977142,train
3089,63.896198456162885,63.997093,train
4849,98.65596999066533,98.55122,train
104,39.62144937456086,39.259075,train
902,113.1117727502116,113.067535,train
338,63.757634180182144,63.663166,train
3651,43.65657505930208,43.337444,train
31,31.756785891348496,31.563545,train
4344,27.727713592149392,27.780409,train
3013,31.73671877096429,31.62669,train
2827,35.87508543765299,35.82321,train
2368,15.826709276493416,15.962324,train
1631,145.24040847801632,145.63658,train
1499,46.20624283129268,45.910236,train
1300,22.34386956684365,22.091377,train
2365,15.826709276493416,15.894344,train
841,166.17853479893557,165.95822,train
3485,89.98590815117426,89.95599,train
3840,55.1604052272772,55.16159,train
936,103.745126530115,103.6808,train
3536,13.792313484057486,13.728561,train
33,31.756785891348496,31.521786,train
4629,57.39162304208823,57.19748,train
2937,25.04050211213976,24.910942,train
903,113.1117727502116,112.97016,train
3430,92.03325910726882,92.04485,train
3236,75.72927173724563,75.76272,train
4785,109.30466743726038,109.2128,train
62,32.981160511501805,32.606033,train
3756,24.10159309622668,23.972618,train
4114,89.57234360169679,89.03878,train
3892,38.91834885517143,38.94472,train
1319,25.857534399290905,25.604422,train
3642,39.33748405428104,39.047813,train
4793,106.2025558056929,106.19147,train
1766,2.606366123918593,2.5689647,train
2037,21.22276810141124,21.15422,train
3749,21.77517690158367,21.883226,train
4503,21.429473611547053,21.517033,train
1066,11.384421137066337,11.212292,train
1139,33.39074910957999,33.26141,train
449,6.442036183009371,6.4755526,train
296,58.96624064707562,59.07575,train
2283,25.27984779576332,25.267464,train
4008,46.20624283129268,45.97498,train
206,79.75972735839933,79.65898,train
1846,13.53610473193936,13.444811,train
4250,80.80332043496728,80.82082,train
4097,95.27995050133204,95.21685,train
2127,53.62497940433934,53.32978,train
2947,24.63527893831387,24.527927,train
3937,35.86295586622186,35.9543,train
1209,3.624115801788345,3.5670104,train
2616,11.747596709247082,11.401854,train
1001,3.328531319289431,3.3528023,train
4425,53.49135176226452,53.213074,train
2132,53.62497940433934,53.359806,train
744,103.745126530115,103.561386,train
1171,55.271872386990935,55.229156,train
1054,9.499438230882436,9.410278,train
2573,4.491537072359547,4.3427334,train
618,193.8751524679473,193.58768,train
4452,69.52453059841163,69.555626,train
4221,74.18155972707093,74.15763,train
4293,25.04050211213976,24.834026,train
808,211.02994799979388,209.94666,train
4700,179.04708701101467,178.89417,train
2520,64.87166628595628,65.00747,train
4511,23.053352899871395,23.000507,train
1095,18.731792724897712,18.697067,train
3057,48.84238573144443,48.792053,train
267,60.473631179095584,60.601505,train
1609,166.17853479893557,166.46686,train
4729,145.24040847801632,145.44246,train
3188,86.49473331626407,86.56568,train
1540,64.95566127753861,65.165886,train
837,166.17853479893557,166.29733,train
2985,27.727713592149392,27.703548,train
4692,193.8751524679473,193.75412,train
2435,32.289249758728964,32.048588,train
2261,18.731792724897712,18.69725,train
1421,35.86295586622186,35.9728,train
4435,58.5236929318425,58.494972,train
548,33.39074910957999,33.24497,train
2751,19.89991539202705,19.986958,train
216,74.61339353212185,74.1435,train
3948,36.210240125305205,36.34949,train
3956,36.94310571922444,37.026657,train
652,154.98431615588598,155.60394,train
1271,13.92854978889145,13.632227,train
930,103.745126530115,103.79083,train
1893,25.27984779576332,25.267464,train
1259,9.839051198642553,9.639668,train
1862,15.977335233233198,15.993122,train
3494,90.79293338634857,90.7198,train
3023,34.339930274970904,34.277763,train
2045,23.43298254652068,23.268574,train
4596,45.250987390322535,45.07434,train
567,43.29863673312664,43.20105,train
2246,15.977335233233198,15.892077,train
1314,25.857534399290905,25.531815,train
3753,24.10159309622668,24.032293,train
4066,69.76848318728358,69.970085,train
2850,41.84557272242807,41.644684,train
3518,12.124975352206752,11.889257,train
1556,69.76848318728358,69.970085,train
3285,78.16128831944249,78.153275,train
592,62.12878854692645,62.509975,train
4168,72.29320847026757,72.21145,train
4718,154.98431615588598,155.60394,train
3841,55.1604052272772,55.16376,train
2940,25.04050211213976,24.874006,train
2605,9.839051198642553,9.559774,train
1888,25.27984779576332,25.187553,train
3328,180.7969094795742,181.36305,train
3823,46.48566476712182,46.371918,train
2440,32.289249758728964,31.939947,train
1254,9.839051198642553,9.633865,train
4496,21.429473611547053,21.464035,train
4747,129.4267602168825,129.98587,train
3475,89.42090092796712,89.54028,train
3556,16.125116344342604,15.999646,train
1413,35.919888386123255,35.937325,train
479,11.384421137066337,11.233525,train
3831,50.68801501365044,50.61669,train
3682,59.31238391810723,59.420414,train
1835,11.384421137066337,11.132713,train
3557,16.125116344342604,16.031597,train
3409,101.0511292541869,100.865074,train
72,34.1042114250461,33.751183,train
1350,44.21359478458822,43.731655,train
3542,14.865809293936342,14.814363,train
1236,6.750079908713624,6.6634836,train
4279,26.05871153969042,26.041988,train
3288,80.17330974632897,80.26142,train
3478,89.42090092796712,89.44333,train
1216,4.491537072359547,4.317942,train
2468,42.55205181960314,42.335484,train
3816,42.55205181960314,42.38355,train
3535,13.792313484057486,13.737562,train
2637,16.40524145944573,16.245544,train
2963,24.74816706908628,24.710258,train
3648,39.33748405428104,39.167038,train
2265,21.824079935423136,21.834383,train
753,101.86758015295236,101.83186,train
1880,21.824079935423136,21.855364,train
825,179.04708701101467,178.87163,train
1179,55.271872386990935,55.419888,train
2964,24.74816706908628,24.727095,train
3806,38.88107047950797,38.659622,train
171,65.87057477117054,66.41409,train
4541,28.678520203607828,28.43464,train
904,113.1117727502116,113.084076,train
3137,144.642135318757,144.5701,train
645,166.17853479893557,165.92276,train
4852,97.47338258073955,97.52956,train
634,179.04708701101467,178.89417,train
3074,53.49135176226452,53.213074,train
1748,98.65596999066533,98.490395,train
1402,36.41164086407028,36.4395,train
4789,109.30466743726038,108.95911,train
1521,56.318371719458256,56.312225,train
1474,41.380738858681696,41.20092,train
4080,110.28871787139632,110.87601,train
369,72.09383557530046,71.98245,train
4205,71.91030133184738,71.75426,train
1601,179.04708701101467,179.39386,train
1632,145.24040847801632,145.58914,train
1619,154.98431615588598,155.68948,train
3661,48.41170998900376,48.321075,train
2266,21.824079935423136,21.833576,train
3849,55.1604052272772,55.01352,train
635,179.04708701101467,178.8955,train
3787,32.289249758728964,31.974306,train
2974,25.32142942667775,25.418827,train
2396,21.77517690158367,21.840395,train
2682,29.77075417333722,29.5192,train
4837,99.4907361299304,99.47603,train
2253,15.977335233233198,15.966858,train
2455,38.88107047950797,38.72656,train
382,79.37555328176275,79.333,train
1915,38.10425093874939,38.039497,train
3872,70.03363402017787,70.32049,train
3224,77.14726370763078,77.29939,train
2121,48.41170998900376,48.262455,train
4584,38.72775337298162,38.60475,train
2889,57.39162304208823,57.1672,train
2777,24.789633367188944,24.667032,train
2694,34.113034957437215,33.833298,train
4730,145.24040847801632,145.32423,train
3166,106.43650704604566,106.18824,train
4094,102.11244006090304,101.526344,train
4650,67.18811819694348,67.2895,train
3834,50.68801501365044,50.683247,train
2500,55.1604052272772,55.065575,train
274,59.46021848278396,59.66829,train
1974,12.124975352206752,11.944089,train
1286,16.40524145944573,16.302872,train
2172,3.328531319289431,3.4077463,train
1679,113.1117727502116,113.084076,train
1788,4.196221297202333,4.1465225,train
4513,23.053352899871395,23.019356,train
3878,70.03363402017787,70.249626,train
2867,48.96526861625701,48.868484,train
1945,55.271872386990935,55.223602,train
4357,31.73671877096429,31.570568,train
4493,19.89991539202705,19.960613,train
2556,3.624115801788345,3.479656,train
3322,201.78551544430667,202.62018,train
2582,5.527128574206158,5.362304,train
370,75.63055386802561,75.767235,train
1496,46.20624283129268,46.053413,train
3143,129.0712453641519,129.36993,train
3488,89.98590815117426,89.92671,train
3468,89.25950270069107,89.32504,train
1396,37.38629228613615,37.353477,train
312,60.42126498608887,60.50457,train
2746,19.89991539202705,19.966349,train
3673,53.62497940433934,53.315773,train
4060,69.76848318728358,70.07251,train
1070,13.53610473193936,13.50955,train
4312,24.74816706908628,24.68626,train
1895,29.12596598702036,29.001747,train
2298,33.39074910957999,33.202263,train
300,59.45505039190471,59.60916,train
4784,109.30466743726038,109.220474,train
3481,89.98590815117426,89.960464,train
4244,78.23957030362628,78.15519,train
3177,91.71150004679322,91.5688,train
4216,74.18155972707093,74.26974,train
2431,29.34578260289036,29.159388,train
4144,77.79019270718537,77.61988,train
155,56.40366820567802,56.423836,train
1500,49.19054255336955,49.317192,train
764,100.48928695862324,100.545395,train
497,15.977335233233198,15.993122,train
4553,30.8733631927149,30.677807,train
466,9.499438230882436,9.459892,train
3875,70.03363402017787,70.27049,train
3582,21.22276810141124,21.15422,train
853,145.24040847801632,145.50002,train
2487,50.68801501365044,50.64055,train
456,7.85908552453503,7.9456525,train
1320,29.77075417333722,29.446798,train
2330,49.00862249254413,49.045525,train
2481,46.48566476712182,46.37242,train
3747,21.77517690158367,21.78923,train
3620,31.91051408188231,31.653568,train
4727,145.24040847801632,145.63658,train
1565,74.77670776968583,74.91373,train
2167,3.328531319289431,3.3678367,train
4103,95.27995050133204,94.974236,train
1345,38.91593697359398,38.592346,train
4120,84.82941053361527,84.426315,train
954,100.48928695862324,100.62712,train
453,7.85908552453503,7.8829904,train
4241,78.23957030362628,78.28952,train
4199,71.91030133184738,71.917046,train
4429,58.5236929318425,58.515038,train
1497,46.20624283129268,45.97993,train
3348,149.10252861042588,149.84003,train
2032,19.28254456595652,19.018127,train
1270,13.92854978889145,13.590367,train
2101,39.33748405428104,39.060738,train
2467,42.55205181960314,42.354156,train
307,59.45505039190471,59.453926,train
4604,45.250987390322535,44.88258,train
36,31.756785891348496,31.639994,train
2169,3.328531319289431,3.3695004,train
1564,74.77670776968583,74.92454,train
3065,53.49135176226452,53.242702,train
3552,16.125116344342604,16.101837,train
4628,57.39162304208823,57.19186,train
1023,5.227697523949966,5.143497,train
1688,109.30466743726038,109.220474,train
3545,14.865809293936342,14.795598,train
1176,55.271872386990935,55.32244,train
194,76.45351185490436,76.96609,train
15,32.84912568877943,32.70032,train
3667,48.41170998900376,48.30687,train
482,13.53610473193936,13.459291,train
3347,149.10252861042588,150.1199,train
2769,23.053352899871395,22.960033,train
2613,9.839051198642553,9.636745,train
1136,33.39074910957999,33.245823,train
4151,75.33592393483191,75.33481,train
519,21.824079935423136,21.92352,train
3380,118.62582953904092,118.90926,train
1694,109.30466743726038,108.940575,train
3483,89.98590815117426,90.01042,train
302,59.45505039190471,59.559135,train
3529,12.885025212225244,12.852356,train
3657,43.65657505930208,43.32355,train
3138,144.642135318757,144.03317,train
2139,59.31238391810723,59.434452,train
1240,8.180433892801254,8.075302,train
245,64.16317423719532,64.24929,train
891,117.68636585320668,117.78499,train
1123,29.12596598702036,29.039478,train
1672,117.68636585320668,117.6754,train
41,31.800906504220887,31.576996,train
178,65.87057477117054,66.279495,train
320,61.857848402891456,62.129433,train
3189,86.49473331626407,86.50958,train
4830,100.48928695862324,100.545395,train
4683,211.02994799979388,209.85951,train
2936,25.04050211213976,24.901962,train
1029,5.227697523949966,5.1887875,train
1410,35.919888386123255,36.01113,train
2490,50.68801501365044,50.647804,train
3433,92.03325910726882,92.10121,train
3484,89.98590815117426,90.01544,train
1643,136.76886894565047,136.9964,train
723,109.30466743726038,108.95911,train
2058,25.935608876074404,25.689098,train
396,82.96307013740815,83.019905,train
3027,37.34804120151974,37.260235,train
2528,70.03363402017787,70.28632,train
2017,17.59043680885926,17.44606,train
2700,38.91593697359398,38.592346,train
911,109.30466743726038,109.224,train
799,230.9901536612257,230.85596,train
3762,26.620833128631787,26.472794,train
1649,129.4267602168825,130.00035,train
2334,49.00862249254413,49.131332,train
1979,12.885025212225244,12.854639,train
1490,46.20624283129268,46.23881,train
2678,29.77075417333722,29.455086,train
3899,38.91834885517143,38.611336,train
3002,29.533535528411715,29.44252,train
2631,13.92854978889145,13.680699,train
1772,2.606366123918593,2.616831,train
789,97.47338258073955,97.50223,train
197,76.45351185490436,77.07323,train
1265,11.747596709247082,11.409513,train
1044,7.85908552453503,7.87068,train
4290,25.04050211213976,24.873999,train
435,5.227697523949966,5.1549864,train
1506,49.19054255336955,49.13485,train
2960,24.74816706908628,24.675373,train
253,62.0294808818984,62.265556,train
225,70.37643466476314,70.34969,train
1188,62.12878854692645,62.6465,train
4163,73.5169788308657,73.33575,train
16,32.84912568877943,32.67447,train
1681,113.1117727502116,112.91584,train
2608,9.839051198642553,9.582429,train
1363,50.04341124314785,49.83178,train
314,60.42126498608887,60.508724,train
4712,166.17853479893557,165.95822,train
3671,53.62497940433934,53.330597,train
966,99.4907361299304,99.47603,train
2391,19.628813853406385,19.643284,train
1051,9.499438230882436,9.408916,train
613,211.02994799979388,209.94666,train
1004,3.328531319289431,3.3695004,train
4351,29.533535528411715,29.38058,train
3117,80.57929170551442,80.84188,train
3850,59.89579766367838,60.06669,train
4763,117.68636585320668,117.81633,train
2977,26.320863792397155,26.328194,train
2510,59.89579766367838,59.99873,train
4846,98.65596999066533,98.531296,train
1488,43.604537301970495,43.382385,train
706,113.1117727502116,112.98203,train
1484,43.604537301970495,43.41755,train
1076,13.53610473193936,13.479427,train
1375,56.44692913934201,56.332005,train
1434,36.210240125305205,36.3206,train
1808,6.442036183009371,6.413432,train
3590,23.43298254652068,23.268574,train
13,32.84912568877943,32.615013,train
3169,98.2723333835592,98.038284,train
3244,75.0199897728373,75.202415,train
4366,34.339930274970904,34.292564,train
2382,17.650012712740526,17.640594,train
2802,28.678520203607828,28.425632,train
2403,21.77517690158367,21.825325,train
44,31.800906504220887,31.639278,train
1027,5.227697523949966,5.150599,train
940,101.86758015295236,101.931694,train
2986,27.727713592149392,27.674608,train
1709,103.745126530115,103.77438,train
2938,25.04050211213976,24.906853,train
384,79.37555328176275,79.27307,train
1227,5.527128574206158,5.362304,train
1875,21.824079935423136,21.834383,train
4644,62.1233802776967,62.13088,train
2681,29.77075417333722,29.482697,train
2425,29.34578260289036,29.165104,train
3453,89.59649952596679,89.7428,train
1360,50.04341124314785,49.824257,train
1165,49.00862249254413,49.045525,train
4695,179.04708701101467,178.66296,train
4815,101.86758015295236,102.02548,train
4779,113.1117727502116,112.76349,train
209,79.75972735839933,79.62828,train
3240,75.0199897728373,75.26243,train
77,34.1042114250461,33.94471,train
3659,43.65657505930208,43.34529,train
3586,21.22276810141124,21.13401,train
3760,26.620833128631787,26.454609,train
3412,97.23410613085656,97.210846,train
2294,29.12596598702036,29.149563,train
1941,49.00862249254413,49.067528,train
1194,2.9065837811274826,2.7278323,train
292,58.96624064707562,59.11692,train
256,62.0294808818984,62.193558,train
4798,106.2025558056929,106.01875,train
3434,92.03325910726882,92.11559,train
1926,43.29863673312664,43.133904,train
2461,38.88107047950797,38.659622,train
3704,14.147402430467531,14.057692,train
3429,94.254909093602,94.0663,train
4433,58.5236929318425,58.4289,train
734,106.2025558056929,105.93998,train
2634,13.92854978889145,13.693256,train
2273,21.824079935423136,21.897858,train
1713,103.745126530115,103.601616,train
3146,129.0712453641519,128.81067,train
3083,58.5236929318425,58.435715,train
921,106.2025558056929,106.168976,train
3122,80.57929170551442,80.987946,train
2073,28.753615695926324,28.508347,train
1281,16.40524145944573,16.241714,train
4719,154.98431615588598,155.34686,train
4750,129.4267602168825,129.35107,train
554,38.10425093874939,38.09211,train
154,56.40366820567802,56.51482,train
4018,49.19054255336955,49.056763,train
3776,29.34578260289036,29.159388,train
3021,34.339930274970904,34.188255,train
403,2.606366123918593,2.6007416,train
1804,5.227697523949966,5.1887875,train
4622,53.00734926713273,52.62936,train
223,70.37643466476314,70.312675,train
4465,75.23466307522513,75.18089,train
2160,2.606366123918593,2.5815167,train
2809,30.8733631927149,30.666756,train
1587,211.02994799979388,209.85951,train
2415,26.620833128631787,26.454609,train
279,59.46021848278396,59.61504,train
3802,38.88107047950797,38.69545,train
3445,90.5009001330304,90.677864,train
2999,29.533535528411715,29.3476,train
315,60.42126498608887,60.46923,train
995,2.606366123918593,2.5815167,train
956,100.48928695862324,100.618004,train
1492,46.20624283129268,46.14493,train
257,62.0294808818984,62.11509,train
11,32.84912568877943,32.64585,train
4049,60.456358375515045,60.464214,train
4786,109.30466743726038,109.15329,train
3846,55.1604052272772,55.033016,train
3035,40.76621946032643,40.604813,train
3318,201.78551544430667,202.70346,train
681,129.4267602168825,129.98587,train
54,32.21218363587208,32.050037,train
3902,37.38629228613615,37.33334,train
2988,27.727713592149392,27.646355,train
2838,38.72775337298162,38.545876,train
632,179.04708701101467,179.2674,train
3365,127.03771421016312,127.615204,train
4069,69.76848318728358,69.938515,train
2843,38.72775337298162,38.60475,train
3546,14.865809293936342,14.717053,train
1471,41.380738858681696,41.23092,train
821,193.8751524679473,193.75412,train
4367,34.339930274970904,34.263317,train
4658,72.52135855398946,72.64673,train
476,11.384421137066337,11.212292,train
17,32.84912568877943,32.465263,train
2695,38.91593697359398,38.544086,train
3273,76.57943065010718,76.78059,train
3929,35.919888386123255,35.887917,train
2579,5.527128574206158,5.3517275,train
4475,80.57929170551442,80.98541,train
1398,37.38629228613615,37.2211,train
2521,64.87166628595628,65.00741,train
4378,37.34804120151974,37.260235,train
2255,18.731792724897712,18.613697,train
2908,67.18811819694348,67.23996,train
1991,13.792313484057486,13.728561,train
668,136.76886894565047,137.17342,train
4087,110.28871787139632,109.72439,train
353,68.89986520703063,69.09741,train
38,31.756785891348496,31.528898,train
4666,230.9901536612257,231.15244,train
215,74.61339353212185,74.28462,train
3007,31.73671877096429,31.534565,train
2502,55.1604052272772,55.039963,train
3725,17.650012712740526,17.67125,train
4856,97.47338258073955,97.48198,train
4821,100.48928695862324,100.49275,train
1655,123.0978685654898,123.31274,train
4515,23.053352899871395,23.062555,train
3900,37.38629228613615,37.49788,train
3919,36.41164086407028,36.289253,train
3822,46.48566476712182,46.3493,train
506,18.731792724897712,18.69725,train
1304,22.34386956684365,22.125034,train
3525,12.885025212225244,12.844566,train
1303,22.34386956684365,22.117134,train
3795,35.46372651810452,35.31172,train
4559,33.2646262088608,32.986313,train
2251,15.977335233233198,15.991665,train
4749,129.4267602168825,129.51242,train
1924,38.10425093874939,38.10257,train
1172,55.271872386990935,55.185474,train
153,56.40366820567802,56.6199,train
4468,80.57929170551442,80.84188,train
4568,35.87508543765299,35.82321,train
4161,73.5169788308657,73.384926,train
1454,38.05130976592272,37.993732,train
1464,39.53055859179817,39.42137,train
4210,72.80691569376961,72.81378,train
620,193.8751524679473,193.95914,train
2465,42.55205181960314,42.359253,train
2280,25.27984779576332,25.19133,train
560,43.29863673312664,43.114628,train
4303,24.63527893831387,24.567776,train
4600,45.250987390322535,45.003242,train
4463,75.23466307522513,75.15339,train
3821,46.48566476712182,46.34141,train
346,66.11063343545332,66.07773,train
49,31.800906504220887,31.689728,train
3385,111.6113573414681,112.153496,train
1931,43.29863673312664,43.20346,train
920,106.2025558056929,106.088974,train
4297,24.63527893831387,24.497276,train
121,45.15611201204367,44.982315,train
3235,75.72927173724563,75.87303,train
2606,9.839051198642553,9.578437,train
2091,35.43032585388161,35.20382,train
4437,63.896198456162885,64.007095,train
2207,7.85908552453503,7.8640227,train
1493,46.20624283129268,46.106274,train
2776,24.789633367188944,24.734543,train
2654,19.20192266480916,19.025742,train
2291,29.12596598702036,29.121737,train
2548,2.9065837811274826,2.6935894,train
758,100.48928695862324,100.65685,train
3159,106.43650704604566,106.355774,train
1590,193.8751524679473,193.95914,train
2418,26.620833128631787,26.447443,train
1472,41.380738858681696,41.192528,train
2958,24.74816706908628,24.669716,train
3115,80.57929170551442,80.80549,train
4636,62.1233802776967,62.203873,train
299,58.96624064707562,59.014874,train
1844,11.384421137066337,11.233525,train
2887,57.39162304208823,57.19186,train
3107,75.23466307522513,75.23258,train
3462,89.25950270069107,89.43717,train
4590,41.84557272242807,41.63886,train
2893,57.39162304208823,57.145935,train
4362,31.73671877096429,31.525642,train
4022,52.561077422993925,52.39128,train
1366,50.04341124314785,49.866116,train
4572,35.87508543765299,35.83111,train
3745,21.77517690158367,21.787533,train
2011,16.125116344342604,15.999646,train
1080,15.977335233233198,15.945181,train
2234,11.384421137066337,11.233525,train
3761,26.620833128631787,26.44151,train
3346,149.10252861042588,149.8025,train
1384,38.91834885517143,39.018875,train
235,66.92334219980225,66.84732,train
375,75.63055386802561,75.68512,train
1995,14.865809293936342,14.8425865,train
1645,129.4267602168825,129.80322,train
3373,118.62582953904092,119.32251,train
3175,98.2723333835592,98.049675,train
971,98.65596999066533,98.48734,train
3626,31.91051408188231,31.583738,train
4599,45.250987390322535,45.064606,train
354,68.89986520703063,69.12103,train
2732,56.44692913934201,56.348846,train
941,101.86758015295236,101.97901,train
2670,25.857534399290905,25.541134,train
1874,18.731792724897712,18.786053,train
2839,38.72775337298162,38.549736,train
1234,6.750079908713624,6.6516614,train
4249,80.80332043496728,80.772026,train
405,2.606366123918593,2.5815167,train
3487,89.98590815117426,89.92305,train
2274,21.824079935423136,21.92352,train
2484,46.48566476712182,46.364338,train
536,29.12596598702036,29.121737,train
492,15.977335233233198,15.92486,train
3058,48.84238573144443,48.782913,train
408,2.606366123918593,2.6204624,train
3362,127.03771421016312,127.572754,train
1091,18.731792724897712,18.614578,train
2679,29.77075417333722,29.488659,train
398,82.96307013740815,83.06233,train
3372,118.62582953904092,119.27521,train
3917,36.41164086407028,36.412476,train
2646,19.20192266480916,18.904419,train
3432,92.03325910726882,92.0518,train
2168,3.328531319289431,3.3856492,train
3214,79.34796417307675,79.46532,train
848,154.98431615588598,155.34686,train
996,2.606366123918593,2.5983768,train
2549,2.9065837811274826,2.7278323,train
3048,44.597910972306806,44.41918,train
4797,106.2025558056929,106.08873,train
3473,89.42090092796712,89.53253,train
4499,21.429473611547053,21.493126,train
3156,116.54820805259138,115.83638,train
4419,53.49135176226452,53.21349,train
1432,36.210240125305205,36.27117,train
4202,71.91030133184738,71.88439,train
3509,91.48002635649718,91.825096,train
3686,59.31238391810723,59.447773,train
1825,9.499438230882436,9.368577,train
4374,34.339930274970904,34.277763,train
3301,82.50515579830885,82.542,train
4665,72.52135855398946,72.6133,train
331,63.757634180182144,64.015274,train
2067,28.753615695926324,28.507763,train
3082,58.5236929318425,58.4289,train
3371,118.62582953904092,119.36121,train
4597,45.250987390322535,45.073505,train
4819,101.86758015295236,101.83186,train
3387,111.6113573414681,111.90347,train
872,129.4267602168825,129.69705,train
74,34.1042114250461,33.85683,train
3072,53.49135176226452,53.150482,train
1324,29.77075417333722,29.488659,train
1864,15.977335233233198,16.028889,train
2819,33.2646262088608,32.937515,train
4814,101.86758015295236,102.02266,train
2270,21.824079935423136,21.855364,train
2345,62.12878854692645,62.50649,train
2146,65.47137652330578,65.651115,train
2800,28.678520203607828,28.43464,train
61,32.981160511501805,32.62723,train
2604,8.180433892801254,8.119062,train
1293,19.20192266480916,18.9328,train
2863,45.250987390322535,44.88258,train
3722,17.650012712740526,17.660965,train
2742,18.448270263304188,17.939735,train
4273,86.00802491357506,86.177185,train
1795,5.227697523949966,5.0583315,train
3135,144.642135318757,145.8646,train
2256,18.731792724897712,18.614578,train
3395,105.8033985466063,106.21219,train
500,18.731792724897712,18.613697,train
3145,129.0712453641519,128.9817,train
1192,2.9065837811274826,2.672305,train
1501,49.19054255336955,49.234276,train
2272,21.824079935423136,21.902328,train
520,25.27984779576332,25.191574,train
2635,16.40524145944573,16.204132,train
1467,39.53055859179817,39.42471,train
4001,46.20624283129268,46.18374,train
3930,35.86295586622186,36.02249,train
4673,230.9901536612257,230.24782,train
1757,97.47338258073955,97.50738,train
2312,38.10425093874939,38.121292,train
1201,3.624115801788345,3.479656,train
2754,19.89991539202705,19.890575,train
1146,38.10425093874939,38.114456,train
4717,154.98431615588598,155.59253,train
594,62.12878854692645,62.573704,train
1762,97.47338258073955,97.48491,train
4335,26.320863792397155,26.483135,train
3516,12.124975352206752,11.887011,train
4457,75.23466307522513,75.18609,train
1985,13.792313484057486,13.825327,train
2003,14.865809293936342,14.702617,train
1060,11.384421137066337,11.132713,train
1563,74.77670776968583,74.98001,train
4545,28.678520203607828,28.49415,train
2972,25.32142942667775,25.372086,train
3112,75.23466307522513,75.15339,train
2758,21.429473611547053,21.493126,train
378,75.63055386802561,75.55451,train
738,103.745126530115,103.825966,train
3561,17.59043680885926,17.489101,train
3813,42.55205181960314,42.335484,train
1162,49.00862249254413,48.985756,train
915,109.30466743726038,109.15329,train
4173,72.29320847026757,72.20336,train
714,113.1117727502116,112.67497,train
1684,113.1117727502116,112.67497,train
4101,95.27995050133204,94.916504,train
2175,4.196221297202333,4.140811,train
584,55.271872386990935,55.229046,train
3665,48.41170998900376,48.28531,train
4314,24.74816706908628,24.710258,train
2928,26.05871153969042,26.041988,train
317,60.42126498608887,60.354248,train
3384,111.6113573414681,111.992805,train
3573,19.28254456595652,19.043545,train
180,71.10218907830797,71.59421,train
322,61.857848402891456,62.042824,train
703,117.68636585320668,117.55263,train
3038,40.76621946032643,40.557858,train
3650,43.65657505930208,43.36592,train
1593,193.8751524679473,194.17741,train
580,55.271872386990935,55.223602,train
4713,154.98431615588598,154.88168,train
843,154.98431615588598,155.30284,train
3636,35.43032585388161,35.20382,train
4544,28.678520203607828,28.443989,train
131,48.50593326834902,48.454872,train
4524,24.789633367188944,24.681217,train
3664,48.41170998900376,48.24849,train
4618,53.00734926713273,52.674225,train
2363,14.147402430467531,14.018956,train
4853,97.47338258073955,97.50738,train
3330,180.7969094795742,180.86418,train
4311,24.74816706908628,24.675373,train
48,31.800906504220887,31.681774,train
1132,33.39074910957999,33.208317,train
324,61.857848402891456,61.947334,train
426,4.196221297202333,4.165268,train
1247,8.180433892801254,8.115316,train
1131,33.39074910957999,33.169758,train
3599,23.43298254652068,23.265945,train
1504,49.19054255336955,49.173233,train
2833,35.87508543765299,35.82288,train
2667,25.857534399290905,25.50447,train
3026,37.34804120151974,37.312492,train
1950,55.271872386990935,55.34658,train
128,45.15611201204367,44.815994,train
608,230.9901536612257,230.09584,train
1612,166.17853479893557,166.29733,train
3066,53.49135176226452,53.260902,train
4177,71.63339382759735,71.55702,train
175,65.87057477117054,66.22738,train
4744,129.4267602168825,129.80884,train
1261,11.747596709247082,11.401854,train
2145,65.47137652330578,65.641685,train
334,63.757634180182144,63.93186,train
65,32.981160511501805,32.763214,train
371,75.63055386802561,75.74783,train
2263,18.731792724897712,18.715076,train
3694,65.47137652330578,65.71987,train
4555,30.8733631927149,30.753454,train
2104,39.33748405428104,39.158173,train
2412,24.10159309622668,23.994583,train
1511,52.561077422993925,52.428513,train
1802,5.227697523949966,5.150599,train
1891,25.27984779576332,25.229012,train
2630,13.92854978889145,13.640898,train
999,2.606366123918593,2.6267405,train
2503,55.1604052272772,55.026466,train
3708,14.147402430467531,14.018956,train
3752,24.10159309622668,24.020248,train
2636,16.40524145944573,16.241714,train
1704,106.2025558056929,105.93998,train
807,211.02994799979388,209.91107,train
866,136.76886894565047,137.2833,train
1510,52.561077422993925,52.415634,train
1999,14.865809293936342,14.765342,train
1037,6.442036183009371,6.4615498,train
4405,44.597910972306806,44.368046,train
3264,75.49486491080039,75.61368,train
2739,18.448270263304188,18.114563,train
1125,29.12596598702036,29.071995,train
4006,46.20624283129268,46.053413,train
716,109.30466743726038,109.224,train
3246,75.0199897728373,74.985405,train
1480,43.604537301970495,43.52407,train
4810,103.745126530115,103.561386,train
1199,2.9065837811274826,2.7658012,train
3498,90.79293338634857,90.79778,train
2982,26.320863792397155,26.411907,train
3497,90.79293338634857,90.7388,train
2216,9.499438230882436,9.408916,train
4096,102.11244006090304,101.19905,train
1145,38.10425093874939,38.07308,train
2831,35.87508543765299,35.83111,train
4531,26.657804872047155,26.623398,train
3804,38.88107047950797,38.65831,train
3963,38.05130976592272,37.96978,train
3579,19.28254456595652,19.047157,train
713,113.1117727502116,112.76349,train
2691,34.113034957437215,33.797386,train
4579,38.72775337298162,38.545876,train
1189,62.12878854692645,62.674168,train
2182,4.196221297202333,4.1680164,train
2475,46.48566476712182,46.369526,train
1238,6.750079908713624,6.6961293,train
2248,15.977335233233198,15.981667,train
1666,117.68636585320668,117.78499,train
746,101.86758015295236,101.97901,train
4375,34.339930274970904,34.349304,train
1152,43.29863673312664,43.163494,train
2921,72.52135855398946,72.60037,train
616,211.02994799979388,209.71614,train
1916,38.10425093874939,38.050343,train
1623,154.98431615588598,155.34686,train
3684,59.31238391810723,59.434452,train
2302,33.39074910957999,33.318256,train
4737,136.76886894565047,137.2833,train
50,32.21218363587208,32.02625,train
2060,25.935608876074404,25.686253,train
80,35.58213028597243,35.434578,train
460,9.499438230882436,9.368577,train
1317,25.857534399290905,25.577026,train
3205,82.42432219773046,82.111404,train
3313,84.91829879601836,85.09827,train
168,60.94990397147208,61.094093,train
402,2.606366123918593,2.5600276,train
4834,99.4907361299304,99.472084,train
2693,34.113034957437215,33.837894,train
602,230.9901536612257,230.48134,train
2239,13.53610473193936,13.4710045,train
3218,77.14726370763078,77.20484,train
3059,48.84238573144443,48.765575,train
412,3.328531319289431,3.3678367,train
3064,48.84238573144443,48.789204,train
2844,38.72775337298162,38.637924,train
1142,38.10425093874939,38.068787,train
2818,33.2646262088608,32.986313,train
623,193.8751524679473,194.17741,train
2858,45.250987390322535,45.064606,train
4772,113.1117727502116,112.98203,train
4671,230.9901536612257,230.67834,train
1362,50.04341124314785,49.81899,train
2955,24.74816706908628,24.700756,train
2395,21.77517690158367,21.906408,train
3396,105.8033985466063,106.15217,train
1691,109.30466743726038,109.08917,train
161,60.94990397147208,61.440002,train
3843,55.1604052272772,55.08432,train
4176,71.63339382759735,71.66527,train
2405,24.10159309622668,24.042953,train
105,39.62144937456086,39.290924,train
967,99.4907361299304,99.4639,train
3217,77.14726370763078,77.32907,train
376,75.63055386802561,75.57829,train
1479,41.380738858681696,41.227974,train
1161,49.00862249254413,48.94964,train
782,98.65596999066533,98.51064,train
1611,166.17853479893557,166.4961,train
2201,6.442036183009371,6.428127,train
1210,4.491537072359547,4.269827,train
56,32.21218363587208,32.10476,train
231,66.92334219980225,66.659874,train
2919,72.52135855398946,72.62402,train
2238,13.53610473193936,13.473398,train
3562,17.59043680885926,17.44606,train
2655,22.34386956684365,22.091377,train
3506,91.48002635649718,91.77666,train
3069,53.49135176226452,53.201527,train
106,39.62144937456086,39.32744,train
3337,163.4865892910184,164.09541,train
1489,43.604537301970495,43.356136,train
147,52.25404806865342,51.97237,train
607,230.9901536612257,230.24782,train
4733,136.76886894565047,137.1639,train
1934,43.29863673312664,43.247475,train
906,113.1117727502116,112.91584,train
1780,3.328531319289431,3.4178321,train
4603,45.250987390322535,44.906837,train
3527,12.885025212225244,12.834576,train
1577,230.9901536612257,230.24782,train
1457,38.05130976592272,38.044754,train
991,2.606366123918593,2.5689647,train
208,79.75972735839933,79.629395,train
3279,78.16128831944249,78.38613,train
2698,38.91593697359398,38.58789,train
2186,5.227697523949966,5.057291,train
823,179.04708701101467,178.3714,train
4012,49.19054255336955,49.239845,train
1604,179.04708701101467,178.89417,train
1969,12.124975352206752,11.900572,train
4127,80.93195157639853,80.79228,train
4309,24.74816706908628,24.669716,train
760,100.48928695862324,100.62783,train
4803,103.745126530115,103.78275,train
1670,117.68636585320668,117.89311,train
448,6.442036183009371,6.4813237,train
3991,43.604537301970495,43.493507,train
1701,106.2025558056929,106.08873,train
2807,30.8733631927149,30.708656,train
2810,30.8733631927149,30.647854,train
3871,70.03363402017787,70.31685,train
3576,19.28254456595652,18.995022,train
1515,52.561077422993925,52.30937,train
610,211.02994799979388,210.10863,train
1738,99.4907361299304,99.472084,train
350,68.89986520703063,69.23332,train
2892,57.39162304208823,57.152122,train
704,117.68636585320668,117.47591,train
4089,102.11244006090304,101.9238,train
4360,31.73671877096429,31.503307,train
3403,101.0511292541869,101.13344,train
2230,11.384421137066337,11.187364,train
221,70.37643466476314,70.19932,train
1151,43.29863673312664,43.133904,train
3578,19.28254456595652,19.01147,train
1245,8.180433892801254,8.092363,train
3216,79.34796417307675,79.16052,train
3022,34.339930274970904,34.24832,train
3564,17.59043680885926,17.415474,train
3160,106.43650704604566,106.638275,train
3334,163.4865892910184,164.25581,train
1349,38.91593697359398,38.65589,train
4809,103.745126530115,103.601616,train
4667,230.9901536612257,230.71011,train
4050,64.95566127753861,65.165886,train
576,49.00862249254413,49.067528,train
349,66.11063343545332,65.934975,train
35,31.756785891348496,31.640984,train
1531,60.456358375515045,60.610096,train
640,166.17853479893557,166.41437,train
4041,60.456358375515045,60.610096,train
2757,21.429473611547053,21.445854,train
4118,84.82941053361527,84.56697,train
630,179.04708701101467,178.87163,train
4806,103.745126530115,103.71362,train
4474,80.57929170551442,80.96796,train
4308,24.74816706908628,24.682678,train
4508,23.053352899871395,22.980598,train
3961,38.05130976592272,38.006607,train
3977,39.53055859179817,39.42471,train
4547,30.8733631927149,30.7711,train
4804,103.745126530115,103.825966,train
3411,97.23410613085656,97.15172,train
1961,62.12878854692645,62.56372,train
4723,145.24040847801632,145.11205,train
3998,43.604537301970495,43.382385,train
20,32.0970063001027,32.086407,train
4083,110.28871787139632,110.02425,train
1586,211.02994799979388,209.71614,train
2906,67.18811819694348,67.29858,train
4743,129.4267602168825,129.69705,train
1373,56.44692913934201,56.327713,train
4029,52.561077422993925,52.21094,train
3856,59.89579766367838,59.98209,train
429,4.196221297202333,4.181449,train
2170,3.328531319289431,3.4178321,train
741,103.745126530115,103.6808,train
2432,29.34578260289036,29.141226,train
339,63.757634180182144,63.590782,train
3895,38.91834885517143,39.064056,train
960,99.4907361299304,99.36087,train
926,106.2025558056929,106.08873,train
934,103.745126530115,103.77438,train
3194,86.49473331626407,86.619644,train
1406,36.41164086407028,36.424477,train
136,48.50593326834902,48.32309,train
4085,110.28871787139632,110.01013,train
3272,76.57943065010718,76.8097,train
2817,33.2646262088608,33.017242,train
3521,12.885025212225244,12.865217,train
980,97.47338258073955,97.55584,train
749,101.86758015295236,102.02548,train
2987,27.727713592149392,27.658245,train
2008,16.125116344342604,16.045288,train
4364,31.73671877096429,31.62669,train
3287,80.17330974632897,80.286026,train
1007,3.328531319289431,3.4077463,train
188,71.10218907830797,71.656265,train
3333,180.7969094795742,180.40324,train
2047,23.43298254652068,23.241001,train
2672,25.857534399290905,25.577026,train
332,63.757634180182144,63.963165,train
3924,35.919888386123255,35.967907,train
836,166.17853479893557,166.4961,train
822,193.8751524679473,193.90921,train
2925,26.05871153969042,26.228582,train
1117,25.27984779576332,25.24607,train
3789,32.289249758728964,32.083027,train
494,15.977335233233198,15.968446,train
1539,60.456358375515045,60.464214,train
2547,2.9065837811274826,2.672305,train
944,101.86758015295236,102.02548,train
143,52.25404806865342,52.156296,train
2447,35.46372651810452,35.337425,train
757,100.48928695862324,100.59993,train
4823,100.48928695862324,100.59993,train
2359,14.147402430467531,14.057692,train
4116,84.82941053361527,84.76211,train
277,59.46021848278396,59.610626,train
3450,89.59649952596679,89.69708,train
2007,16.125116344342604,16.101837,train
1570,230.9901536612257,231.15244,train
4243,78.23957030362628,78.24711,train
3295,80.17330974632897,80.22562,train
1448,36.94310571922444,36.99041,train
3868,64.87166628595628,65.02743,train
1948,55.271872386990935,55.239452,train
2790,26.657804872047155,26.623398,train
3336,163.4865892910184,164.31123,train
4488,19.89991539202705,19.967945,train
1532,60.456358375515045,60.583767,train
3165,106.43650704604566,106.11131,train
3500,91.48002635649718,91.612045,train
2215,9.499438230882436,9.368577,train
1244,8.180433892801254,8.094149,train
660,145.24040847801632,145.74133,train
3954,36.94310571922444,36.97827,train
4191,71.5126952436544,71.51087,train
1951,55.271872386990935,55.32244,train
4662,72.52135855398946,72.60037,train
1019,4.196221297202333,4.181449,train
3176,98.2723333835592,98.14188,train
1647,129.4267602168825,129.69705,train
1368,50.04341124314785,49.862064,train
2098,39.33748405428104,39.067123,train
366,72.09383557530046,72.0543,train
4238,78.23957030362628,78.33358,train
4410,48.84238573144443,48.765575,train
769,99.4907361299304,99.43004,train
4645,62.1233802776967,62.154034,train
2920,72.52135855398946,72.64329,train
3844,55.1604052272772,55.073242,train
3681,59.31238391810723,59.436466,train
2743,18.448270263304188,17.962286,train
2115,48.41170998900376,48.360023,train
4800,106.2025558056929,105.93998,train
877,129.4267602168825,129.8204,train
3008,31.73671877096429,31.513393,train
852,145.24040847801632,145.11205,train
978,98.65596999066533,98.55122,train
2090,35.43032585388161,35.250793,train
2093,35.43032585388161,35.27798,train
3818,42.55205181960314,42.420425,train
2645,19.20192266480916,18.903713,train
2344,55.271872386990935,55.419888,train
4817,101.86758015295236,101.95424,train
1596,193.8751524679473,193.75412,train
818,193.8751524679473,194.17741,train
2483,46.48566476712182,46.3839,train
4422,53.49135176226452,53.186043,train
285,58.963765679663645,59.140007,train
3067,53.49135176226452,53.265583,train
4326,26.320863792397155,26.414206,train
2763,21.429473611547053,21.511545,train
3772,29.34578260289036,29.085087,train
4438,63.896198456162885,63.981033,train
3925,35.919888386123255,35.969833,train
4456,75.23466307522513,75.220924,train
58,32.21218363587208,32.116993,train
2779,24.789633367188944,24.660841,train
4847,98.65596999066533,98.572685,train
854,145.24040847801632,145.6521,train
4501,21.429473611547053,21.503208,train
3770,29.34578260289036,29.165104,train
2119,48.41170998900376,48.24849,train
2185,5.227697523949966,5.0583315,train
1860,15.977335233233198,16.031569,train
2847,41.84557272242807,41.633003,train
581,55.271872386990935,55.229156,train
1085,15.977335233233198,16.031569,train
2967,25.32142942667775,25.29886,train
2072,28.753615695926324,28.453827,train
2155,2.606366123918593,2.5535145,train
2509,59.89579766367838,60.004227,train
2726,56.44692913934201,56.277557,train
1599,179.04708701101467,178.66296,train
2438,32.289249758728964,31.93569,train
2804,28.678520203607828,28.49415,train
998,2.606366123918593,2.6204624,train
3222,77.14726370763078,77.403755,train
4498,21.429473611547053,21.445854,train
1257,9.839051198642553,9.667402,train
2070,28.753615695926324,28.510857,train
126,45.15611201204367,44.833843,train
3266,75.49486491080039,75.47503,train
4458,75.23466307522513,75.23258,train
2402,21.77517690158367,21.78923,train
4343,27.727713592149392,27.727596,train
3040,40.76621946032643,40.577793,train
683,129.4267602168825,129.51242,train
4056,64.95566127753861,65.08345,train
2945,24.63527893831387,24.532269,train
1812,6.442036183009371,6.4615498,train
3575,19.28254456595652,18.987278,train
3605,25.935608876074404,25.686253,train
2325,49.00862249254413,48.965427,train
700,117.68636585320668,117.89311,train
2433,29.34578260289036,29.161583,train
4386,40.76621946032643,40.604813,train
1633,145.24040847801632,145.44246,train
2531,70.03363402017787,70.25016,train
3063,48.84238573144443,48.783325,train
2859,45.250987390322535,45.003242,train
722,109.30466743726038,109.02029,train
2924,72.52135855398946,72.6133,train
1592,193.8751524679473,194.33197,train
3979,39.53055859179817,39.39142,train
2271,21.824079935423136,21.873089,train
1351,44.21359478458822,43.735435,train
2117,48.41170998900376,48.279736,train
1377,56.44692913934201,56.348846,train
4014,49.19054255336955,49.173233,train
4637,62.1233802776967,62.15774,train
4245,78.23957030362628,78.08705,train
4016,49.19054255336955,49.13485,train
3404,101.0511292541869,101.31075,train
3461,89.25950270069107,89.43788,train
184,71.10218907830797,71.59469,train
1197,2.9065837811274826,2.762494,train
1468,39.53055859179817,39.412884,train
3116,80.57929170551442,80.83424,train
3139,144.642135318757,143.49127,train
2033,19.28254456595652,19.01147,train
4412,48.84238573144443,48.708946,train
646,166.17853479893557,165.95822,train
3041,40.76621946032643,40.59022,train
1378,56.44692913934201,56.347164,train
3454,89.59649952596679,89.76956,train
199,76.45351185490436,77.16043,train
710,113.1117727502116,112.97559,train
2591,6.750079908713624,6.6634836,train
3419,97.23410613085656,97.05141,train
4832,99.4907361299304,99.40494,train
499,15.977335233233198,16.028889,train
3687,59.31238391810723,59.516663,train
1371,56.44692913934201,56.277557,train
733,106.2025558056929,105.91049,train
2661,22.34386956684365,22.152254,train
1594,193.8751524679473,193.94458,train
817,193.8751524679473,194.33197,train
1628,145.24040847801632,145.50002,train
984,97.47338258073955,97.50223,train
3150,116.54820805259138,116.44681,train
1342,38.91593697359398,38.571182,train
2259,18.731792724897712,18.709044,train
3306,82.50515579830885,82.52305,train
1739,99.4907361299304,99.43004,train
4525,24.789633367188944,24.717552,train
3797,35.46372651810452,35.364326,train
1387,38.91834885517143,38.857346,train
1863,15.977335233233198,15.966858,train
2408,24.10159309622668,24.032293,train
1859,15.977335233233198,15.968446,train
2336,55.271872386990935,55.229156,train
505,18.731792724897712,18.697067,train
4656,72.52135855398946,72.73238,train
1119,25.27984779576332,25.246075,train
2316,43.29863673312664,43.133904,train
4235,76.00671399435468,75.96215,train
3800,38.88107047950797,38.72656,train
4170,72.29320847026757,72.30601,train
478,11.384421137066337,11.204714,train
579,49.00862249254413,49.131332,train
3759,24.10159309622668,24.045225,train
3589,21.22276810141124,21.201324,train
1832,9.499438230882436,9.442203,train
2813,30.8733631927149,30.713676,train
417,3.328531319289431,3.4077463,train
4145,77.79019270718537,77.56986,train
1149,38.10425093874939,38.10257,train
2424,26.620833128631787,26.532787,train
2610,9.839051198642553,9.606359,train
262,60.473631179095584,60.68331,train
2232,11.384421137066337,11.2015705,train
2221,9.499438230882436,9.459892,train
246,64.16317423719532,64.23206,train
573,49.00862249254413,49.032677,train
4651,67.18811819694348,67.25546,train
3275,76.57943065010718,76.633545,train
1914,33.39074910957999,33.26141,train
3987,41.380738858681696,41.22335,train
1025,5.227697523949966,5.1549864,train
2952,24.63527893831387,24.567776,train
2400,21.77517690158367,21.787533,train
2620,11.747596709247082,11.409513,train
3051,44.597910972306806,44.36782,train
1167,49.00862249254413,49.09308,train
533,29.12596598702036,29.039478,train
2288,29.12596598702036,29.039478,train
3609,25.935608876074404,25.775421,train
4858,97.47338258073955,97.48491,train
3597,23.43298254652068,23.214155,train
3777,29.34578260289036,29.141226,train
1626,154.98431615588598,155.09486,train
1379,56.44692913934201,56.36924,train
496,15.977335233233198,15.991665,train
424,4.196221297202333,4.1535077,train
3554,16.125116344342604,16.045462,train
2004,14.865809293936342,14.737005,train
4133,80.93195157639853,80.689896,train
1638,136.76886894565047,137.17342,train
1106,21.824079935423136,21.873089,train
1459,38.05130976592272,38.01673,train
1940,49.00862249254413,49.045525,train
483,13.53610473193936,13.473398,train
2852,41.84557272242807,41.636536,train
1473,41.380738858681696,41.17391,train
3376,118.62582953904092,119.310196,train
3793,35.46372651810452,35.319687,train
2019,17.59043680885926,17.415474,train
3862,64.87166628595628,65.052216,train
4585,38.72775337298162,38.637924,train
792,97.47338258073955,97.48491,train
2086,35.43032585388161,35.233032,train
2289,29.12596598702036,29.082275,train
4854,97.47338258073955,97.48357,train
1133,33.39074910957999,33.202263,train
3674,53.62497940433934,53.331482,train
4363,31.73671877096429,31.560883,train
2868,48.96526861625701,48.817432,train
2762,21.429473611547053,21.517033,train
467,9.499438230882436,9.442203,train
4162,73.5169788308657,73.40352,train
742,103.745126530115,103.6145,train
450,7.85908552453503,7.844043,train
3394,105.8033985466063,106.1947,train
1771,2.606366123918593,2.5983768,train
4626,57.39162304208823,57.295067,train
2300,33.39074910957999,33.219257,train
3420,94.254909093602,94.37905,train
3379,118.62582953904092,118.88617,train
4794,106.2025558056929,106.20918,train
2036,21.22276810141124,21.195131,train
2027,19.28254456595652,19.004189,train
3323,201.78551544430667,202.57646,train
4277,26.05871153969042,26.117016,train
4627,57.39162304208823,57.228188,train
12,32.84912568877943,32.6339,train
717,109.30466743726038,109.202415,train
964,99.4907361299304,99.43004,train
4026,52.561077422993925,52.284447,train
3614,28.753615695926324,28.505615,train
411,3.328531319289431,3.3528023,train
2641,16.40524145944573,16.302872,train
899,117.68636585320668,117.47591,train
2530,70.03363402017787,70.27049,train
1730,100.48928695862324,100.62783,train
2611,9.839051198642553,9.623856,train
3544,14.865809293936342,14.765342,train
4305,24.63527893831387,24.531672,train
457,7.85908552453503,7.917179,train
305,59.45505039190471,59.5927,train
468,9.499438230882436,9.478822,train
4377,37.34804120151974,37.312492,train
2720,50.04341124314785,49.830566,train
659,145.24040847801632,145.6521,train
3204,82.42432219773046,82.37903,train
1811,6.442036183009371,6.428127,train
4491,19.89991539202705,20.012417,train
4107,89.57234360169679,89.3777,train
4321,25.32142942667775,25.32188,train
3807,38.88107047950797,38.685913,train
1642,136.76886894565047,137.1397,train
4266,86.00802491357506,86.02451,train
1814,6.442036183009371,6.4755526,train
1096,18.731792724897712,18.69725,train
2495,55.1604052272772,55.16159,train
987,97.47338258073955,97.48491,train
4372,34.339930274970904,34.188255,train
266,60.473631179095584,60.688423,train
2864,45.250987390322535,44.890553,train
1330,34.113034957437215,33.723434,train
4426,58.5236929318425,58.60354,train
721,109.30466743726038,109.08917,train
2381,17.650012712740526,17.63696,train
4518,24.789633367188944,24.667032,train
358,68.89986520703063,68.849525,train
3073,53.49135176226452,53.154015,train
3959,36.94310571922444,36.93737,train
1508,49.19054255336955,49.056763,train
1847,13.53610473193936,13.459291,train
4035,56.318371719458256,56.167614,train
484,13.53610473193936,13.4710045,train
4746,129.4267602168825,129.9579,train
865,136.76886894565047,137.38864,train
842,154.98431615588598,154.88168,train
79,34.1042114250461,33.944016,train
4783,109.30466743726038,109.202415,train
115,42.19750997747958,41.926685,train
3691,65.47137652330578,65.651115,train
2541,75.24982629334554,75.42427,train
2599,8.180433892801254,8.094149,train
3492,90.79293338634857,90.69762,train
657,145.24040847801632,145.11205,train
391,82.96307013740815,82.96449,train
446,6.442036183009371,6.428127,train
1154,43.29863673312664,43.14096,train
1372,56.44692913934201,56.324974,train
1613,166.17853479893557,166.1012,train
1518,52.561077422993925,52.181675,train
495,15.977335233233198,16.031569,train
2601,8.180433892801254,8.112476,train
2640,16.40524145944573,16.276583,train
2202,6.442036183009371,6.4615498,train
3118,80.57929170551442,80.8987,train
4758,123.0978685654898,123.163345,train
3267,76.57943065010718,76.89788,train
2736,18.448270263304188,18.229687,train
1685,109.30466743726038,109.156944,train
3607,25.935608876074404,25.738903,train
3245,75.0199897728373,75.1088,train
4197,71.91030133184738,71.85756,train
708,113.1117727502116,112.97016,train
2929,26.05871153969042,25.962612,train
893,117.68636585320668,117.8207,train
2874,48.96526861625701,48.749912,train
4019,49.19054255336955,49.057953,train
3889,75.24982629334554,75.4168,train
1729,100.48928695862324,100.62712,train
3486,89.98590815117426,89.96077,train
4121,84.82941053361527,84.43748,train
3851,59.89579766367838,60.056206,train
3705,14.147402430467531,14.016357,train
4552,30.8733631927149,30.65644,train
2828,35.87508543765299,35.781425,train
3442,90.5009001330304,90.52612,train
3888,75.24982629334554,75.41013,train
2918,72.52135855398946,72.62103,train
2546,2.9065837811274826,2.650678,train
1552,69.76848318728358,70.05577,train
3296,80.17330974632897,80.209435,train
3102,69.52453059841163,69.567665,train
521,25.27984779576332,25.165756,train
2791,26.657804872047155,26.615788,train
2953,24.63527893831387,24.514381,train
2529,70.03363402017787,70.330666,train
170,65.87057477117054,66.47347,train
3853,59.89579766367838,60.03236,train
2712,44.21359478458822,43.76683,train
2176,4.196221297202333,4.125924,train
2349,62.12878854692645,62.573704,train
896,117.68636585320668,117.82362,train
2095,39.33748405428104,39.09178,train
427,4.196221297202333,4.1680164,train
1548,64.95566127753861,65.06968,train
4818,101.86758015295236,101.937294,train
2713,44.21359478458822,43.775703,train
1576,230.9901536612257,230.38132,train
1554,69.76848318728358,70.0345,train
924,106.2025558056929,106.17403,train
3666,48.41170998900376,48.262455,train
680,129.4267602168825,129.9579,train
2208,7.85908552453503,7.8829904,train
2166,3.328531319289431,3.3528023,train
1411,35.919888386123255,35.99218,train
7,34.05490017098822,33.78652,train
2096,39.33748405428104,39.06395,train
1608,166.17853479893557,165.97876,train
3428,94.254909093602,94.0709,train
294,58.96624064707562,59.12344,train
1242,8.180433892801254,8.076702,train
431,5.227697523949966,5.057291,train
1960,62.12878854692645,62.585766,train
4082,110.28871787139632,110.171616,train
3713,15.826709276493416,15.962324,train
3042,40.76621946032643,40.61311,train
927,106.2025558056929,106.01875,train
900,113.1117727502116,112.92004,train
1322,29.77075417333722,29.43629,train
3944,36.210240125305205,36.3206,train
4208,72.80691569376961,72.75864,train
2879,53.00734926713273,52.666824,train
4406,48.84238573144443,48.75112,train
3496,90.79293338634857,90.773254,train
1873,18.731792724897712,18.715076,train
2651,19.20192266480916,18.98127,train
1003,3.328531319289431,3.3856492,train
4349,29.533535528411715,29.346462,train
1057,9.499438230882436,9.442203,train
534,29.12596598702036,29.082275,train
3180,91.71150004679322,92.06659,train
1644,136.76886894565047,136.97836,train
1291,19.20192266480916,18.904419,train
1944,49.00862249254413,49.131332,train
2074,28.753615695926324,28.524673,train
3439,92.03325910726882,91.94319,train
1735,99.4907361299304,99.36087,train
824,179.04708701101467,178.66296,train
4704,166.17853479893557,165.97876,train
2723,50.04341124314785,49.862064,train
4010,49.19054255336955,49.317192,train
1409,36.41164086407028,36.289253,train
1211,4.491537072359547,4.2639933,train
1853,13.53610473193936,13.524681,train
1105,21.824079935423136,21.855364,train
693,123.0978685654898,122.97981,train
3656,43.65657505930208,43.323746,train
1112,25.27984779576332,25.202847,train
968,99.4907361299304,99.526306,train
2764,21.429473611547053,21.53477,train
1393,37.38629228613615,37.310165,train
1068,11.384421137066337,11.204714,train
570,49.00862249254413,48.965427,train
3736,19.628813853406385,19.643284,train
4487,19.89991539202705,19.966349,train
2835,38.72775337298162,38.635902,train
3639,35.43032585388161,35.33017,train
2851,41.84557272242807,41.63818,train
4436,63.896198456162885,63.992268,train
4323,25.32142942667775,25.372086,train
1331,34.113034957437215,33.730446,train
2931,26.05871153969042,25.902372,train
1042,7.85908552453503,7.8640227,train
3353,137.09122808053337,137.85764,train
1190,2.9065837811274826,2.6714954,train
857,145.24040847801632,145.58914,train
4593,41.84557272242807,41.636536,train
4567,35.87508543765299,35.82252,train
1523,56.318371719458256,56.254658,train
1746,98.65596999066533,98.48734,train
1616,166.17853479893557,165.95822,train
3001,29.533535528411715,29.402828,train
2228,11.384421137066337,11.1856575,train
99,37.419032689587326,37.131912,train
4489,19.89991539202705,19.979048,train
690,123.0978685654898,123.49362,train
4130,80.93195157639853,80.7454,train
2585,6.750079908713624,6.667744,train
3817,42.55205181960314,42.415493,train
63,32.981160511501805,32.642048,train
2105,43.65657505930208,43.36592,train
4393,40.76621946032643,40.61311,train
4470,80.57929170551442,80.937874,train
2303,33.39074910957999,33.24497,train
1087,15.977335233233198,15.993122,train
3855,59.89579766367838,59.99873,train
252,62.0294808818984,62.16703,train
111,42.19750997747958,42.031273,train
421,4.196221297202333,4.125924,train
3438,92.03325910726882,91.992096,train
241,64.16317423719532,64.128746,train
4571,35.87508543765299,35.78573,train
590,62.12878854692645,62.50649,train
2825,35.87508543765299,35.902298,train
858,145.24040847801632,145.44246,train
2951,24.63527893831387,24.569252,train
1967,12.124975352206752,11.900721,train
4402,44.597910972306806,44.36782,train
3997,43.604537301970495,43.408676,train
3539,13.792313484057486,13.697592,train
53,32.21218363587208,31.966866,train
1947,55.271872386990935,55.185474,train
2054,23.43298254652068,23.265945,train
4105,95.27995050133204,94.86334,train
259,62.0294808818984,62.062317,train
3104,69.52453059841163,69.622765,train
1430,36.210240125305205,36.327965,train
1971,12.124975352206752,11.887011,train
2439,32.289249758728964,31.94906,train
2242,13.53610473193936,13.539663,train
3921,35.919888386123255,35.99218,train
4128,80.93195157639853,80.6714,train
3955,36.94310571922444,37.02488,train
603,230.9901536612257,230.76495,train
3168,98.2723333835592,97.751335,train
2184,4.196221297202333,4.181449,train
4000,46.20624283129268,46.23881,train
4542,28.678520203607828,28.434345,train
2917,72.52135855398946,72.64673,train
2112,43.65657505930208,43.32355,train
4078,74.77670776968583,74.8846,train
2560,3.624115801788345,3.4934342,train
379,75.63055386802561,75.525276,train
4689,193.8751524679473,194.17741,train
972,98.65596999066533,98.53947,train
4537,28.678520203607828,28.49189,train
2056,25.935608876074404,25.728905,train
3935,35.86295586622186,35.96847,train
2226,11.384421137066337,11.154038,train
4252,80.80332043496728,80.792915,train
2109,43.65657505930208,43.284542,train
1622,154.98431615588598,155.60394,train
687,123.0978685654898,123.289444,train
992,2.606366123918593,2.5600276,train
4281,26.05871153969042,25.959484,train
430,5.227697523949966,5.0583315,train
586,55.271872386990935,55.32244,train
2565,4.491537072359547,4.269827,train
3984,41.380738858681696,41.20092,train
2516,64.87166628595628,65.02804,train
3778,29.34578260289036,29.161583,train
863,136.76886894565047,137.17342,train
1052,9.499438230882436,9.363737,train
3755,24.10159309622668,23.965878,train
141,52.25404806865342,52.198013,train
441,6.442036183009371,6.3901563,train
4509,23.053352899871395,23.019073,train
588,55.271872386990935,55.398766,train
522,25.27984779576332,25.202847,train
4826,100.48928695862324,100.62783,train
666,136.76886894565047,137.12009,train
3088,63.896198456162885,63.986256,train
1820,7.85908552453503,7.9043326,train
4430,58.5236929318425,58.457504,train
3565,17.59043680885926,17.449665,train
983,97.47338258073955,97.48357,train
45,31.800906504220887,31.678928,train
4415,48.84238573144443,48.789204,train
2583,5.527128574206158,5.3973417,train
2803,28.678520203607828,28.443989,train
3311,84.91829879601836,85.05864,train
2962,24.74816706908628,24.70718,train
352,68.89986520703063,69.15857,train
3467,89.25950270069107,89.34982,train
599,62.12878854692645,62.674168,train
950,100.48928695862324,100.49275,train
2364,14.147402430467531,14.055137,train
4259,83.53755060546025,83.333466,train
1477,41.380738858681696,41.22335,train
1264,11.747596709247082,11.390221,train
3679,53.62497940433934,53.423615,train
4275,86.00802491357506,86.19583,train
2688,34.113034957437215,33.771973,train
1175,55.271872386990935,55.34658,train
2194,5.227697523949966,5.1887875,train
2162,2.606366123918593,2.616831,train
2118,48.41170998900376,48.28619,train
2916,72.52135855398946,72.66661,train
3338,163.4865892910184,164.2422,train
2914,67.18811819694348,67.220146,train
1386,38.91834885517143,38.94446,train
1115,25.27984779576332,25.19133,train
347,66.11063343545332,66.04381,train
931,103.745126530115,103.83783,train
709,113.1117727502116,113.084076,train
1255,9.839051198642553,9.606359,train
1315,25.857534399290905,25.541134,train
234,66.92334219980225,66.78791,train
2525,70.03363402017787,70.35999,train
933,103.745126530115,103.825966,train
273,59.46021848278396,59.659992,train
4264,83.53755060546025,83.358154,train
1582,211.02994799979388,209.91107,train
3268,76.57943065010718,76.88364,train
2685,34.113034957437215,33.723434,train
1897,29.12596598702036,29.027355,train
122,45.15611201204367,44.972473,train
3727,17.650012712740526,17.640594,train
1365,50.04341124314785,49.830566,train
2077,31.91051408188231,31.61326,train
374,75.63055386802561,75.67863,train
1198,2.9065837811274826,2.7675672,train
3933,35.86295586622186,35.95589,train
1992,13.792313484057486,13.695646,train
1768,2.606366123918593,2.6007416,train
2284,25.27984779576332,25.246075,train
2116,48.41170998900376,48.321075,train
1917,38.10425093874939,38.068787,train
60,32.981160511501805,32.698807,train
4642,62.1233802776967,62.0711,train
2428,29.34578260289036,29.0976,train
1344,38.91593697359398,38.59472,train
840,166.17853479893557,165.92276,train
1837,11.384421137066337,11.154864,train
4855,97.47338258073955,97.50223,train
1415,35.919888386123255,35.969833,train
4064,69.76848318728358,70.0345,train
561,43.29863673312664,43.133904,train
1436,36.210240125305205,36.352783,train
2444,32.289249758728964,32.083027,train
4588,41.84557272242807,41.633003,train
1797,5.227697523949966,5.106063,train
3942,36.210240125305205,36.27117,train
205,79.75972735839933,79.765,train
552,38.10425093874939,38.068787,train
1722,101.86758015295236,101.937294,train
1975,12.885025212225244,12.910494,train
4842,98.65596999066533,98.48734,train
1665,117.68636585320668,117.74286,train
3880,75.24982629334554,75.507706,train
3580,21.22276810141124,21.257053,train
833,166.17853479893557,165.97876,train
3569,17.59043680885926,17.46561,train
1208,3.624115801788345,3.5916998,train
4203,71.91030133184738,71.84148,train
1,34.05490017098822,34.17477,train
2984,26.320863792397155,26.483135,train
4816,101.86758015295236,101.98182,train
4381,37.34804120151974,37.270126,train
1292,19.20192266480916,18.907732,train
772,99.4907361299304,99.4639,train
148,52.25404806865342,51.94841,train
4423,53.49135176226452,53.150482,train
4333,26.320863792397155,26.411907,train
4382,37.34804120151974,37.242935,train
4136,77.79019270718537,77.93673,train
3464,89.25950270069107,89.439804,train
3352,137.09122808053337,137.77318,train
1660,123.0978685654898,123.49362,train
3773,29.34578260289036,29.0976,train
2854,41.84557272242807,41.659695,train
2627,13.92854978889145,13.599716,train
2055,25.935608876074404,25.764874,train
3625,31.91051408188231,31.608082,train
1773,2.606366123918593,2.6204624,train
348,66.11063343545332,65.98781,train
4500,21.429473611547053,21.519657,train
4753,123.0978685654898,123.289444,train
1646,129.4267602168825,129.80025,train
174,65.87057477117054,66.24229,train
3923,35.919888386123255,35.937325,train
4510,23.053352899871395,22.960033,train
3577,19.28254456595652,19.018127,train
1272,13.92854978889145,13.599716,train
2328,49.00862249254413,49.032677,train
2935,25.04050211213976,24.92358,train
303,59.45505039190471,59.567703,train
3415,97.23410613085656,97.37146,train
3192,86.49473331626407,86.72107,train
3402,101.0511292541869,101.16926,train
3208,79.34796417307675,79.44237,train
2276,25.27984779576332,25.165756,train
4233,76.00671399435468,76.10745,train
242,64.16317423719532,64.15131,train
416,3.328531319289431,3.4223983,train
4368,34.339930274970904,34.195824,train
4583,38.72775337298162,38.585518,train
670,136.76886894565047,137.38864,train
2043,21.22276810141124,21.168661,train
4003,46.20624283129268,46.106274,train
3503,91.48002635649718,91.69445,train
597,62.12878854692645,62.598175,train
3825,46.48566476712182,46.361504,train
4390,40.76621946032643,40.56188,train
4843,98.65596999066533,98.53947,train
3904,37.38629228613615,37.372486,train
244,64.16317423719532,64.242874,train
3558,16.125116344342604,15.986902,train
2218,9.499438230882436,9.421971,train
1669,117.68636585320668,117.89729,train
4446,69.52453059841163,69.60219,train
1954,55.271872386990935,55.419888,train
2663,22.34386956684365,22.15698,train
3290,80.17330974632897,80.25151,train
4448,69.52453059841163,69.57292,train
2765,23.053352899871395,23.053743,train
2861,45.250987390322535,44.965057,train
2873,48.96526861625701,48.756325,train
4732,136.76886894565047,137.12009,train
2949,24.63527893831387,24.53027,train
3037,40.76621946032643,40.574135,train
400,2.606366123918593,2.5535145,train
2229,11.384421137066337,11.219473,train
1789,4.196221297202333,4.1535077,train
4302,24.63527893831387,24.569252,train
2357,14.147402430467531,14.075666,train
1786,4.196221297202333,4.125924,train
4178,71.63339382759735,71.59151,train
4228,76.00671399435468,76.105225,train
725,106.2025558056929,106.088974,train
1955,62.12878854692645,62.50649,train
2450,35.46372651810452,35.31172,train
4839,99.4907361299304,99.526306,train
3152,116.54820805259138,116.773254,train
392,82.96307013740815,82.992035,train
994,2.606366123918593,2.5822108,train
3281,78.16128831944249,78.305695,train
1866,18.731792724897712,18.614578,train
4441,63.896198456162885,63.961975,train
2399,21.77517690158367,21.80934,train
606,230.9901536612257,230.38132,train
2341,55.271872386990935,55.32244,train
2352,62.12878854692645,62.598175,train
1963,62.12878854692645,62.6465,train
3502,91.48002635649718,91.69785,train
4384,37.34804120151974,37.30304,train
3200,82.42432219773046,82.477684,train
166,60.94990397147208,61.131424,train
1239,6.750079908713624,6.690681,train
1671,117.68636585320668,117.82362,train
3425,94.254909093602,94.27873,train
3405,101.0511292541869,101.39254,train
3869,64.87166628595628,65.05967,train
965,99.4907361299304,99.46294,train
2305,38.10425093874939,38.039497,train
890,117.68636585320668,117.74286,train
583,55.271872386990935,55.239452,train
90,37.419032689587326,37.338634,train
4142,77.79019270718537,77.738235,train
986,97.47338258073955,97.48532,train
4320,25.32142942667775,25.311785,train
962,99.4907361299304,99.44658,train
4777,113.1117727502116,112.91584,train
3746,21.77517690158367,21.780483,train
4672,230.9901536612257,230.38132,train
2476,46.48566476712182,46.34141,train
2617,11.747596709247082,11.37759,train
875,129.4267602168825,129.9579,train
3097,69.52453059841163,69.57292,train
3227,75.72927173724563,75.993744,train
4565,33.2646262088608,32.999115,train
3400,101.0511292541869,101.16603,train
219,74.61339353212185,74.14618,train
2659,22.34386956684365,22.125034,train
1166,49.00862249254413,49.067528,train
393,82.96307013740815,82.98365,train
1143,38.10425093874939,38.05223,train
407,2.606366123918593,2.616831,train
3796,35.46372651810452,35.29317,train
3258,75.49486491080039,75.76254,train
2946,24.63527893831387,24.497276,train
1754,98.65596999066533,98.524994,train
3640,39.33748405428104,39.09178,train
3101,69.52453059841163,69.555626,train
3926,35.919888386123255,35.977654,train
419,3.328531319289431,3.425871,train
810,211.02994799979388,209.72462,train
2161,2.606366123918593,2.5983768,train
3510,12.124975352206752,11.912897,train
1629,145.24040847801632,145.6521,train
4652,67.18811819694348,67.24513,train
3119,80.57929170551442,80.937874,train
3262,75.49486491080039,75.741394,train
2558,3.624115801788345,3.5167508,train
1545,64.95566127753861,65.10229,train
2254,15.977335233233198,16.028889,train
633,179.04708701101467,179.10226,train
735,103.745126530115,103.79083,train
4564,33.2646262088608,32.992386,train
619,193.8751524679473,193.65134,train
84,35.58213028597243,35.36547,train
238,66.92334219980225,66.77382,train
164,60.94990397147208,61.22661,train
1005,3.328531319289431,3.4178321,train
52,32.21218363587208,31.924957,train
1438,36.210240125305205,36.34949,train
19,32.84912568877943,32.359486,train
3416,97.23410613085656,97.37923,train
2064,25.935608876074404,25.775421,train
2362,14.147402430467531,14.001626,train
4183,71.63339382759735,71.567635,train
1212,4.491537072359547,4.255608,train
4685,193.8751524679473,193.65134,train
2609,9.839051198642553,9.633865,train
3934,35.86295586622186,35.97821,train
4424,53.49135176226452,53.154015,train
3943,36.210240125305205,36.310722,train
4225,74.18155972707093,73.92221,train
855,145.24040847801632,145.74133,train
2038,21.22276810141124,21.118015,train
2213,7.85908552453503,7.954504,train
1099,18.731792724897712,18.786053,train
4492,19.89991539202705,19.986958,train
917,109.30466743726038,109.02029,train
2624,11.747596709247082,11.432065,train
4172,72.29320847026757,72.25358,train
3109,75.23466307522513,75.16136,train
2281,25.27984779576332,25.229012,train
655,154.98431615588598,155.2153,train
4598,45.250987390322535,45.065056,train
2690,34.113034957437215,33.77121,train
908,113.1117727502116,112.76349,train
1551,69.76848318728358,70.045975,train
676,129.4267602168825,129.80025,train
1469,39.53055859179817,39.39142,train
1156,43.29863673312664,43.20346,train
1798,5.227697523949966,5.143497,train
1574,230.9901536612257,230.85596,train
2198,6.442036183009371,6.413432,train
2768,23.053352899871395,23.019073,train
1572,230.9901536612257,230.48134,train
631,179.04708701101467,179.39386,train
4848,98.65596999066533,98.51064,train
1214,4.491537072359547,4.2792315,train
3215,79.34796417307675,79.3322,train
2680,29.77075417333722,29.495323,train
3734,19.628813853406385,19.650703,train
729,106.2025558056929,106.17403,train
2506,59.89579766367838,60.056206,train
4150,75.33592393483191,75.32169,train
2290,29.12596598702036,29.071995,train
1456,38.05130976592272,38.03122,train
3228,75.72927173724563,75.89117,train
4722,154.98431615588598,155.09486,train
1737,99.4907361299304,99.44658,train
974,98.65596999066533,98.50235,train
4158,73.5169788308657,73.28833,train
2006,16.125116344342604,16.1152,train
2603,8.180433892801254,8.114803,train
4337,27.727713592149392,27.674608,train
3187,86.49473331626407,86.540634,train
1809,6.442036183009371,6.47586,train
2358,14.147402430467531,14.049439,train
1813,6.442036183009371,6.4813237,train
3265,75.49486491080039,75.53827,train
600,230.9901536612257,231.15244,train
2930,26.05871153969042,25.959484,train
4263,83.53755060546025,83.36637,train
771,99.4907361299304,99.47603,train
3049,44.597910972306806,44.358875,train
107,39.62144937456086,39.279533,train
4179,71.63339382759735,71.66589,train
868,136.76886894565047,136.9964,train
770,99.4907361299304,99.46294,train
1226,5.527128574206158,5.387468,train
850,154.98431615588598,155.2153,train
2062,25.935608876074404,25.738903,train
4292,25.04050211213976,24.888872,train
313,60.42126498608887,60.50602,train
756,100.48928695862324,100.54253,train
3206,82.42432219773046,82.05992,train
260,60.473631179095584,60.692684,train
110,42.19750997747958,42.102604,train
3427,94.254909093602,94.1992,train
4697,179.04708701101467,179.39386,train
1196,2.9065837811274826,2.740763,train
2643,16.40524145944573,16.33321,train
3463,89.25950270069107,89.43102,train
2360,14.147402430467531,14.016357,train
1831,9.499438230882436,9.459892,train
95,37.419032689587326,37.20549,train
2307,38.10425093874939,38.068787,train
3898,38.91834885517143,38.774357,train
3455,89.59649952596679,89.784424,train
1160,49.00862249254413,48.965427,train
4076,74.77670776968583,74.876366,train
381,79.37555328176275,79.37017,train
871,129.4267602168825,129.80025,train
4480,18.448270263304188,18.114563,train
2816,33.2646262088608,33.052223,train
3916,36.41164086407028,36.424477,train
2014,16.125116344342604,16.025131,train
804,230.9901536612257,230.26035,train
2131,53.62497940433934,53.376648,train
2626,13.92854978889145,13.632227,train
4339,27.727713592149392,27.646355,train
2134,53.62497940433934,53.423615,train
1309,22.34386956684365,22.205252,train
2423,26.620833128631787,26.462742,train
149,52.25404806865342,52.02681,train
1676,113.1117727502116,112.98203,train
2231,11.384421137066337,11.212292,train
2190,5.227697523949966,5.1549864,train
1321,29.77075417333722,29.459118,train
1382,38.91834885517143,38.94472,train
1747,98.65596999066533,98.53947,train
3418,97.23410613085656,97.16,train
4738,136.76886894565047,137.1397,train
2416,26.620833128631787,26.44151,train
3696,65.47137652330578,65.76007,train
4189,71.5126952436544,71.47894,train
4851,97.47338258073955,97.55584,train
2983,26.320863792397155,26.43401,train
1338,34.113034957437215,33.837894,train
248,64.16317423719532,64.14572,train
1698,106.2025558056929,106.20918,train
1810,6.442036183009371,6.4068346,train
2567,4.491537072359547,4.255608,train
4822,100.48928695862324,100.54253,train
2716,50.04341124314785,49.826363,train
1073,13.53610473193936,13.473398,train
2165,3.328531319289431,3.3414307,train
1273,13.92854978889145,13.621696,train
1683,113.1117727502116,112.76349,train
3480,89.98590815117426,89.957596,train
701,117.68636585320668,117.82362,train
1228,5.527128574206158,5.3973417,train
116,42.19750997747958,41.920746,train
3080,58.5236929318425,58.442726,train
3361,137.09122808053337,137.37856,train
3907,37.38629228613615,37.315178,train
3629,31.91051408188231,31.665567,train
3423,94.254909093602,94.270164,train
1478,41.380738858681696,41.226086,train
504,18.731792724897712,18.709044,train
3470,89.42090092796712,89.51956,train
4720,154.98431615588598,155.0841,train
4283,26.05871153969042,25.883652,train
3864,64.87166628595628,65.041306,train
1894,25.27984779576332,25.246075,train
2002,14.865809293936342,14.703201,train
255,62.0294808818984,62.24491,train
1195,2.9065837811274826,2.746613,train
2130,53.62497940433934,53.326363,train
4213,72.80691569376961,72.75195,train
3407,101.0511292541869,101.15708,train
1546,64.95566127753861,65.08345,train
2575,5.527128574206158,5.3543744,train
1232,6.750079908713624,6.6779833,train
2148,65.47137652330578,65.69773,train
1869,18.731792724897712,18.709044,train
4741,129.4267602168825,129.80322,train
1101,21.824079935423136,21.833576,train
4688,193.8751524679473,194.33197,train
4624,53.00734926713273,52.526306,train
389,79.37555328176275,79.30169,train
3928,35.919888386123255,35.933235,train
1486,43.604537301970495,43.41498,train
1571,230.9901536612257,230.71011,train
596,62.12878854692645,62.56372,train
4735,136.76886894565047,137.41318,train
830,179.04708701101467,178.8955,train
1690,109.30466743726038,109.15329,train
4681,211.02994799979388,209.72462,train
1049,7.85908552453503,7.946685,train
2458,38.88107047950797,38.65435,train
4042,60.456358375515045,60.583767,train
1451,38.05130976592272,38.006607,train
226,70.37643466476314,70.29152,train
4570,35.87508543765299,35.779602,train
4126,80.93195157639853,80.96613,train
4389,40.76621946032643,40.557858,train
3632,35.43032585388161,35.25835,train
2089,35.43032585388161,35.226368,train
3523,12.885025212225244,12.867241,train
1823,7.85908552453503,7.954504,train
3616,28.753615695926324,28.436216,train
4820,101.86758015295236,101.883446,train
2211,7.85908552453503,7.9456525,train
4554,30.8733631927149,30.713676,train
318,60.42126498608887,60.296516,train
1702,106.2025558056929,106.01875,train
4434,58.5236929318425,58.435715,train
3658,43.65657505930208,43.310463,train
982,97.47338258073955,97.50738,train
1155,43.29863673312664,43.195194,train
2286,29.12596598702036,29.00978,train
3298,82.50515579830885,82.55882,train
1928,43.29863673312664,43.169106,train
3304,82.50515579830885,82.54042,train
1191,2.9065837811274826,2.650678,train
1243,8.180433892801254,8.069992,train
3975,39.53055859179817,39.380997,train
648,154.98431615588598,155.30284,train
433,5.227697523949966,5.143497,train
2099,39.33748405428104,39.04091,train
2192,5.227697523949966,5.150599,train
1016,4.196221297202333,4.165268,train
1838,11.384421137066337,11.1856575,train
2149,65.47137652330578,65.71987,train
664,145.24040847801632,145.32423,train
3847,55.1604052272772,55.039963,train
1621,154.98431615588598,155.59253,train
2905,67.18811819694348,67.2781,train
1901,29.12596598702036,29.121737,train
4073,74.77670776968583,74.98001,train
2156,2.606366123918593,2.5689647,train
3768,26.620833128631787,26.462742,train
4217,74.18155972707093,74.20645,train
2728,56.44692913934201,56.327713,train
1997,14.865809293936342,14.814363,train
3859,59.89579766367838,59.97604,train
689,123.0978685654898,123.392624,train
3584,21.22276810141124,21.113754,train
2524,64.87166628595628,65.05967,train
3129,164.15376691555798,163.95978,train
2793,26.657804872047155,26.583748,train
4336,27.727713592149392,27.703548,train
2295,33.39074910957999,33.166054,train
1046,7.85908552453503,7.9456525,train
2320,43.29863673312664,43.195194,train
3936,35.86295586622186,35.97679,train
4229,76.00671399435468,76.15629,train
1354,44.21359478458822,43.75555,train
4288,25.04050211213976,24.910942,train
2462,38.88107047950797,38.685913,train
2220,9.499438230882436,9.480255,train
4124,84.82941053361527,84.39785,train
4860,97.47338258073955,97.474335,train
2441,32.289249758728964,31.946016,train
4654,67.18811819694348,67.19512,train
2224,9.499438230882436,9.457199,train
719,109.30466743726038,109.2128,train
1861,15.977335233233198,15.991665,train
1339,34.113034957437215,33.833298,train
2480,46.48566476712182,46.361504,train
699,117.68636585320668,117.89729,train
662,145.24040847801632,145.58914,train
4112,89.57234360169679,89.25224,train
2572,4.491537072359547,4.331116,train
695,117.68636585320668,117.74286,train
3238,75.0199897728373,75.21099,train
2584,5.527128574206158,5.424685,train
4,34.05490017098822,34.13131,train
3918,36.41164086407028,36.366966,train
4731,136.76886894565047,136.97398,train
222,70.37643466476314,70.28573,train
4505,21.429473611547053,21.53477,train
3931,35.86295586622186,35.9728,train
2478,46.48566476712182,46.371918,train
4093,102.11244006090304,101.631714,train
3406,101.0511292541869,101.267876,train
828,179.04708701101467,179.10226,train
845,154.98431615588598,155.37953,train
1058,9.499438230882436,9.478822,train
1207,3.624115801788345,3.5517888,train
897,117.68636585320668,117.6754,train
2899,62.1233802776967,62.2184,train
2684,29.77075417333722,29.533878,train
4401,44.597910972306806,44.348267,train
434,5.227697523949966,5.103013,train
4520,24.789633367188944,24.660841,train
3547,14.865809293936342,14.703201,train
1202,3.624115801788345,3.501833,train
2701,38.91593697359398,38.599945,train
3294,80.17330974632897,80.20943,train
794,97.47338258073955,97.474335,train
2563,3.624115801788345,3.5916998,train
1340,38.91593697359398,38.544086,train
1990,13.792313484057486,13.737562,train
98,37.419032689587326,37.210648,train
2615,11.747596709247082,11.364181,train
3124,80.57929170551442,80.98541,train
355,68.89986520703063,69.0352,train
2555,3.624115801788345,3.4743214,train
4684,193.8751524679473,193.58768,train
3359,137.09122808053337,137.54308,train
605,230.9901536612257,230.67834,train
282,58.963765679663645,59.162117,train
372,75.63055386802561,75.73783,train
3457,89.59649952596679,89.716354,train
641,166.17853479893557,166.4961,train
3307,84.91829879601836,85.059944,train
609,230.9901536612257,230.26035,train
3702,14.147402430467531,14.075666,train
1641,136.76886894565047,137.2833,train
4139,77.79019270718537,77.656944,train
1890,25.27984779576332,25.19133,train
196,76.45351185490436,77.07933,train
3744,21.77517690158367,21.80934,train
3669,48.41170998900376,48.31917,train
4485,18.448270263304188,17.955383,train
3922,35.919888386123255,35.93696,train
1021,5.227697523949966,5.057291,train
3212,79.34796417307675,79.63348,train
3733,19.628813853406385,19.684656,train
1818,7.85908552453503,7.8829904,train
2511,59.89579766367838,59.98209,train
275,59.46021848278396,59.6743,train
4002,46.20624283129268,46.14493,train
2392,19.628813853406385,19.642788,train
1937,49.00862249254413,48.985756,train
3142,129.0712453641519,129.58977,train
120,45.15611201204367,45.047356,train
1494,46.20624283129268,46.09955,train
2107,43.65657505930208,43.30547,train
675,129.4267602168825,129.80322,train
4040,60.456358375515045,60.672565,train
2595,8.180433892801254,8.075302,train
4248,80.80332043496728,80.7298,train
4512,23.053352899871395,23.013542,train
2471,42.55205181960314,42.38355,train
587,55.271872386990935,55.346657,train
945,101.86758015295236,101.98182,train
1030,6.442036183009371,6.355406,train
1745,98.65596999066533,98.52123,train
3571,19.28254456595652,19.079103,train
1417,35.919888386123255,35.942905,train
1972,12.124975352206752,11.868318,train
4745,129.4267602168825,130.00035,train
3219,77.14726370763078,77.33281,train
4710,166.17853479893557,166.06161,train
860,136.76886894565047,136.97398,train
1475,41.380738858681696,41.2106,train
112,42.19750997747958,41.987137,train
3158,106.43650704604566,105.85071,train
4561,33.2646262088608,32.9267,train
2950,24.63527893831387,24.540348,train
4355,29.533535528411715,29.51153,train
1870,18.731792724897712,18.697067,train
1699,106.2025558056929,106.17403,train
1204,3.624115801788345,3.5280862,train
1687,109.30466743726038,109.202415,train
4399,44.597910972306806,44.41918,train
3715,15.826709276493416,16.01186,train
1908,33.39074910957999,33.202263,train
545,33.39074910957999,33.219257,train
2535,75.24982629334554,75.507706,train
4690,193.8751524679473,193.94458,train
1177,55.271872386990935,55.346657,train
763,100.48928695862324,100.56025,train
3243,75.0199897728373,75.224045,train
3910,36.41164086407028,36.548717,train
1250,9.839051198642553,9.559774,train
1559,69.76848318728358,69.938515,train
1356,44.21359478458822,43.768948,train
4638,62.1233802776967,62.170876,train
1121,29.12596598702036,29.00978,train
4009,46.20624283129268,45.910236,train
2493,50.68801501365044,50.599243,train
4557,33.2646262088608,33.052223,train
1086,15.977335233233198,15.991665,train
3511,12.124975352206752,11.933861,train
2877,53.00734926713273,52.674225,train
1126,29.12596598702036,29.121737,train
4655,67.18811819694348,67.220146,train
787,97.47338258073955,97.50738,train
3018,34.339930274970904,34.16301,train
885,123.0978685654898,123.49362,train
2494,50.68801501365044,50.58246,train
1348,38.91593697359398,38.646233,train
3354,137.09122808053337,137.90233,train
3707,14.147402430467531,14.001626,train
4370,34.339930274970904,34.176846,train
1173,55.271872386990935,55.239452,train
3126,164.15376691555798,164.79254,train
2891,57.39162304208823,57.16279,train
2044,21.22276810141124,21.201324,train
3548,14.865809293936342,14.702617,train
2881,53.00734926713273,52.62936,train
2196,6.442036183009371,6.3901563,train
230,66.92334219980225,66.58735,train
2348,62.12878854692645,62.54983,train
2241,13.53610473193936,13.479427,train
1725,100.48928695862324,100.49275,train
1512,52.561077422993925,52.39128,train
3278,78.16128831944249,78.37208,train
1779,3.328531319289431,3.3695004,train
1648,129.4267602168825,129.80884,train
4467,80.57929170551442,80.83424,train
575,49.00862249254413,49.045525,train
1977,12.885025212225244,12.904476,train
724,109.30466743726038,108.940575,train
2733,56.44692913934201,56.347164,train
1024,5.227697523949966,5.103013,train
406,2.606366123918593,2.5983768,train
2794,26.657804872047155,26.657768,train
2154,65.47137652330578,65.81568,train
4061,69.76848318728358,70.045975,train
3709,14.147402430467531,14.055137,train
1089,15.977335233233198,16.028889,train
4490,19.89991539202705,20.007614,train
3493,90.79293338634857,90.74936,train
25,32.0970063001027,31.927204,train
200,79.75972735839933,80.061424,train
3764,26.620833128631787,26.421831,train
3724,17.650012712740526,17.654766,train
2561,3.624115801788345,3.5089993,train
1093,18.731792724897712,18.657467,train
4048,60.456358375515045,60.464405,train
4635,57.39162304208823,57.119545,train
284,58.963765679663645,59.137405,train
1102,21.824079935423136,21.845924,train
3190,86.49473331626407,86.71951,train
2191,5.227697523949966,5.1562295,train
2081,31.91051408188231,31.583738,train
1370,56.44692913934201,56.303818,train
3003,29.533535528411715,29.466846,train
2824,33.2646262088608,32.999115,train
4291,25.04050211213976,24.874006,train
2260,18.731792724897712,18.697067,train
3515,12.124975352206752,11.837126,train
3786,32.289249758728964,31.946016,train
1805,6.442036183009371,6.355406,train
1061,11.384421137066337,11.154038,train
3319,201.78551544430667,203.09958,train
612,211.02994799979388,209.91107,train
905,113.1117727502116,112.97559,train
3920,35.919888386123255,36.01113,train
3698,65.47137652330578,65.720825,train
4574,35.87508543765299,35.82288,train
4592,41.84557272242807,41.63818,train
2200,6.442036183009371,6.4068346,train
2304,33.39074910957999,33.26141,train
2799,28.678520203607828,28.433218,train
625,193.8751524679473,193.72131,train
3342,163.4865892910184,163.56628,train
1032,6.442036183009371,6.431405,train
3780,32.289249758728964,32.048588,train
4353,29.533535528411715,29.44252,train
4397,44.597910972306806,44.438362,train
4409,48.84238573144443,48.782913,train
1520,56.318371719458256,56.34957,train
2240,13.53610473193936,13.462423,train
2644,16.40524145944573,16.339228,train
4677,211.02994799979388,209.70789,train
1405,36.41164086407028,36.443092,train
3151,116.54820805259138,116.62955,train
4563,33.2646262088608,32.935165,train
3644,39.33748405428104,39.04091,train
3125,164.15376691555798,166.2974,train
3044,40.76621946032643,40.732445,train
813,193.8751524679473,193.58768,train
2252,15.977335233233198,15.993122,train
1308,22.34386956684365,22.15698,train
2900,62.1233802776967,62.150784,train
3259,75.49486491080039,75.74906,train
1524,56.318371719458256,56.21109,train
3914,36.41164086407028,36.44119,train
754,101.86758015295236,101.883446,train
2350,62.12878854692645,62.585766,train
2233,11.384421137066337,11.204714,train
1170,55.271872386990935,55.223602,train
1012,4.196221297202333,4.135277,train
3184,91.71150004679322,91.868286,train
422,4.196221297202333,4.135277,train
4138,77.79019270718537,77.80629,train
1558,69.76848318728358,69.90281,train
3078,58.5236929318425,58.515038,train
3811,42.55205181960314,42.324783,train
103,39.62144937456086,39.289825,train
2501,55.1604052272772,55.033016,train
1305,22.34386956684365,22.138765,train
929,106.2025558056929,105.93998,train
938,103.745126530115,103.601616,train
3947,36.210240125305205,36.370026,train
4106,89.57234360169679,89.44418,train
4272,86.00802491357506,86.17493,train
4780,113.1117727502116,112.67497,train
3711,15.826709276493416,15.879285,train
3343,149.10252861042588,149.77524,train
443,6.442036183009371,6.413432,train
2138,59.31238391810723,59.428844,train
873,129.4267602168825,129.80884,train
4575,35.87508543765299,35.855083,train
4619,53.00734926713273,52.670612,train
2102,39.33748405428104,39.068825,train
981,97.47338258073955,97.52956,train
3600,25.935608876074404,25.764874,train
176,65.87057477117054,66.245766,train
8,34.05490017098822,33.59536,train
10,32.84912568877943,32.900295,train
895,117.68636585320668,117.89311,train
1301,22.34386956684365,22.105331,train
2778,24.789633367188944,24.676384,train
2954,24.63527893831387,24.531672,train
3999,43.604537301970495,43.356136,train
4296,24.63527893831387,24.532269,train
2581,5.527128574206158,5.387468,train
2504,55.1604052272772,55.01352,train
4237,78.23957030362628,78.2795,train
2053,23.43298254652068,23.214828,train
526,25.27984779576332,25.229012,train
963,99.4907361299304,99.472084,train
3970,39.53055859179817,39.45439,train
4380,37.34804120151974,37.252068,train
508,18.731792724897712,18.715076,train
2727,56.44692913934201,56.324974,train
4522,24.789633367188944,24.699083,train
1481,43.604537301970495,43.493507,train
3763,26.620833128631787,26.447443,train
4551,30.8733631927149,30.647854,train
4167,72.29320847026757,72.15179,train
1903,29.12596598702036,29.13091,train
4413,48.84238573144443,48.75341,train
3149,116.54820805259138,116.05321,train
3567,17.59043680885926,17.411062,train
4110,89.57234360169679,89.18619,train
2113,43.65657505930208,43.310463,train
4359,31.73671877096429,31.513393,train
1355,44.21359478458822,43.751118,train
1053,9.499438230882436,9.421971,train
3710,15.826709276493416,15.894344,train
3108,75.23466307522513,75.24924,train
1312,25.857534399290905,25.50447,train
4431,58.5236929318425,58.442726,train
4004,46.20624283129268,46.09955,train
832,166.17853479893557,165.6083,train
1187,62.12878854692645,62.598175,train
2978,26.320863792397155,26.327538,train
2124,48.41170998900376,48.31917,train
2041,21.22276810141124,21.13401,train
3594,23.43298254652068,23.189121,train
1277,13.92854978889145,13.701807,train
4204,71.91030133184738,71.766975,train
2943,25.04050211213976,24.837923,train
4469,80.57929170551442,80.8987,train
2612,9.839051198642553,9.667402,train
3269,76.57943065010718,76.8779,train
4102,95.27995050133204,94.98552,train
3543,14.865809293936342,14.7639065,train
1441,36.94310571922444,36.99798,train
976,98.65596999066533,98.572685,train
541,33.39074910957999,33.169758,train
3638,35.43032585388161,35.27798,train
39,31.756785891348496,31.551077,train
1942,49.00862249254413,49.09308,train
4298,24.63527893831387,24.527927,train
2159,2.606366123918593,2.5822108,train
2457,38.88107047950797,38.69545,train
2404,21.77517690158367,21.883226,train
571,49.00862249254413,48.94964,train
2267,21.824079935423136,21.845924,train
2463,38.88107047950797,38.721985,train
3161,106.43650704604566,106.67291,train
601,230.9901536612257,230.71011,train
1026,5.227697523949966,5.1562295,train
85,35.58213028597243,35.39009,train
3148,129.0712453641519,128.88464,train
2569,4.491537072359547,4.2792315,train
1705,103.745126530115,103.79083,train
1081,15.977335233233198,15.892077,train
3881,75.24982629334554,75.46388,train
4125,84.82941053361527,84.342575,train
3079,58.5236929318425,58.457504,train
3592,23.43298254652068,23.241001,train
1653,129.4267602168825,129.51242,train
1575,230.9901536612257,230.67834,train
4274,86.00802491357506,86.14761,train
152,56.40366820567802,56.667187,train
268,60.473631179095584,60.583824,train
4169,72.29320847026757,72.19297,train
1765,2.606366123918593,2.5535145,train
4052,64.95566127753861,65.157974,train
480,13.53610473193936,13.50955,train
4829,100.48928695862324,100.56025,train
2078,31.91051408188231,31.558191,train
3476,89.42090092796712,89.47635,train
4504,21.429473611547053,21.511545,train
2981,26.320863792397155,26.411755,train
3608,25.935608876074404,25.684433,train
249,64.16317423719532,64.11396,train
1011,4.196221297202333,4.125924,train
4251,80.80332043496728,80.786316,train
3720,17.650012712740526,17.599503,train
4299,24.63527893831387,24.519196,train
2564,3.624115801788345,3.5670104,train
826,179.04708701101467,179.39386,train
3890,38.91834885517143,39.121216,train
451,7.85908552453503,7.8961883,train
1178,55.271872386990935,55.398766,train
1215,4.491537072359547,4.3093863,train
3903,37.38629228613615,37.310165,train
3106,75.23466307522513,75.18609,train
3374,118.62582953904092,119.297966,train
3130,164.15376691555798,163.58209,train
2193,5.227697523949966,5.168756,train
3261,75.49486491080039,75.781624,train
2907,67.18811819694348,67.277275,train
3974,39.53055859179817,39.42137,train
3090,63.896198456162885,63.961975,train
935,103.745126530115,103.71362,train
1220,5.527128574206158,5.3543744,train
4027,52.561077422993925,52.226257,train
2429,29.34578260289036,29.09796,train
4679,211.02994799979388,209.94666,train
3719,15.826709276493416,16.02654,train
3962,38.05130976592272,37.971077,train
1827,9.499438230882436,9.363737,train
3627,31.91051408188231,31.611723,train
2767,23.053352899871395,22.980598,train
2718,50.04341124314785,49.83178,train
1307,22.34386956684365,22.151104,train
4549,30.8733631927149,30.669674,train
1158,43.29863673312664,43.25691,train
4694,179.04708701101467,178.3714,train
3011,31.73671877096429,31.525642,train
3949,36.210240125305205,36.28978,train
1883,21.824079935423136,21.897858,train
3512,12.124975352206752,11.900721,train
791,97.47338258073955,97.48532,train
4828,100.48928695862324,100.58716,train
461,9.499438230882436,9.408916,train
2903,62.1233802776967,62.13088,train
1892,25.27984779576332,25.24607,train
4416,53.49135176226452,53.242702,train
185,71.10218907830797,71.5913,train
1181,62.12878854692645,62.486336,train
4383,37.34804120151974,37.309277,train
3613,28.753615695926324,28.431156,train
2389,19.628813853406385,19.650703,train
946,101.86758015295236,101.95424,train
2466,42.55205181960314,42.324783,train
3062,48.84238573144443,48.75341,train
730,106.2025558056929,106.16015,train
2340,55.271872386990935,55.34658,train
4776,113.1117727502116,112.97559,train
1090,18.731792724897712,18.613697,train
3120,80.57929170551442,80.903824,train
2708,44.21359478458822,43.755623,train
1661,123.0978685654898,123.3448,train
3714,15.826709276493416,15.964184,train
2339,55.271872386990935,55.229046,train
4709,166.17853479893557,166.1012,train
4058,64.95566127753861,65.06968,train
3596,23.43298254652068,23.222559,train
127,45.15611201204367,44.844154,train
622,193.8751524679473,194.33197,train
916,109.30466743726038,109.08917,train
3908,37.38629228613615,37.2211,train
2491,50.68801501365044,50.629242,train
4184,71.63339382759735,71.51376,train
3883,75.24982629334554,75.42138,train
3316,84.91829879601836,85.18762,train
3006,31.73671877096429,31.570568,train
3635,35.43032585388161,35.250793,train
3000,29.533535528411715,29.38058,train
3459,89.59649952596679,89.646484,train
156,56.40366820567802,56.39167,train
2001,14.865809293936342,14.717053,train
939,103.745126530115,103.561386,train
806,211.02994799979388,209.70789,train
4219,74.18155972707093,74.15434,train
211,74.61339353212185,74.13818,train
884,123.0978685654898,123.392624,train
1040,7.85908552453503,7.844043,train
373,75.63055386802561,75.719215,train
193,76.45351185490436,76.953995,train
1952,55.271872386990935,55.346657,train
2209,7.85908552453503,7.87068,train
2355,14.147402430467531,14.014861,train
1463,39.53055859179817,39.386395,train
3055,48.84238573144443,48.75112,train
1442,36.94310571922444,36.948784,train
565,43.29863673312664,43.195194,train
1252,9.839051198642553,9.586616,train
3271,76.57943065010718,76.82403,train
3618,28.753615695926324,28.508347,train
2798,28.678520203607828,28.425438,train
2587,6.750079908713624,6.6779833,train
1482,43.604537301970495,43.470123,train
1487,43.604537301970495,43.408676,train
3723,17.650012712740526,17.637833,train
909,113.1117727502116,112.67497,train
191,76.45351185490436,76.91647,train
1094,18.731792724897712,18.709044,train
3680,59.31238391810723,59.415813,train
3662,48.41170998900376,48.279736,train
3893,38.91834885517143,38.977406,train
3731,19.628813853406385,19.670565,train
1381,38.91834885517143,39.01129,train
4432,58.5236929318425,58.49266,train
2343,55.271872386990935,55.398766,train
93,37.419032689587326,37.258137,train
2649,19.20192266480916,18.94526,train
1079,13.53610473193936,13.5314045,train
32,31.756785891348496,31.51455,train
4400,44.597910972306806,44.358875,train
3312,84.91829879601836,85.10257,train
3887,75.24982629334554,75.39847,train
2865,48.96526861625701,48.841896,train
2993,27.727713592149392,27.780409,train
1750,98.65596999066533,98.531296,train
2367,15.826709276493416,16.007492,train
1889,25.27984779576332,25.211542,train
261,60.473631179095584,60.643402,train
728,106.2025558056929,106.20918,train
4329,26.320863792397155,26.327538,train
287,58.963765679663645,59.093338,train
3690,65.47137652330578,65.641685,train
1313,25.857534399290905,25.51584,train
4455,69.52453059841163,69.622765,train
617,211.02994799979388,209.85951,train
138,48.50593326834902,48.396057,train
2885,57.39162304208823,57.295067,train
3449,90.5009001330304,90.42676,train
3181,91.71150004679322,92.01218,train
4404,44.597910972306806,44.381084,train
849,154.98431615588598,155.0841,train
879,129.4267602168825,129.35107,train
3941,36.210240125305205,36.32387,train
414,3.328531319289431,3.3695004,train
2971,25.32142942667775,25.35765,train
3460,89.25950270069107,89.41034,train
308,59.45505039190471,59.423996,train
651,154.98431615588598,155.59253,train
3045,44.597910972306806,44.43917,train
3950,36.94310571922444,37.04535,train
2878,53.00734926713273,52.670612,train
306,59.45505039190471,59.551258,train
3848,55.1604052272772,55.026466,train
4614,48.96526861625701,48.756325,train
1919,38.10425093874939,38.09211,train
455,7.85908552453503,7.9043326,train
3099,69.52453059841163,69.56716,train
3182,91.71150004679322,91.94122,train
1994,13.792313484057486,13.697592,train
3144,129.0712453641519,129.03287,train
3771,29.34578260289036,29.113985,train
278,59.46021848278396,59.58615,train
3004,29.533535528411715,29.51153,train
1233,6.750079908713624,6.666381,test
3474,89.42090092796712,89.53079,test
190,76.45351185490436,76.88606,test
1218,4.491537072359547,4.341915,test
14,32.84912568877943,32.575092,test
4271,86.00802491357506,86.12607,test
198,76.45351185490436,77.09689,test
2327,49.00862249254413,48.985367,test
4032,56.318371719458256,56.301666,test
925,106.2025558056929,106.160126,test
1483,43.604537301970495,43.411495,test
1920,38.10425093874939,38.072395,test
1925,43.29863673312664,43.1138,test
3769,26.620833128631787,26.532333,test
3939,35.86295586622186,35.924538,test
3909,37.38629228613615,37.13977,test
3232,75.72927173724563,76.03081,test
3170,98.2723333835592,98.38531,test
1854,13.53610473193936,13.530676,test
1310,25.857534399290905,25.482944,test
1550,69.76848318728358,70.07221,test
4711,166.17853479893557,165.92252,test
4845,98.65596999066533,98.50223,test
1014,4.196221297202333,4.1534176,test
2189,5.227697523949966,5.10233,test
2492,50.68801501365044,50.63169,test
2335,55.271872386990935,55.222446,test
4265,83.53755060546025,83.406494,test
3381,111.6113573414681,111.87212,test
2517,64.87166628595628,65.05183,test
4111,89.57234360169679,89.27753,test
1784,3.328531319289431,3.4253256,test
4159,73.5169788308657,73.36584,test
213,74.61339353212185,74.27722,test
3905,37.38629228613615,37.325096,test
3676,53.62497940433934,53.375793,test
21,32.0970063001027,31.930824,test
1615,166.17853479893557,165.92252,test
3081,58.5236929318425,58.49156,test
4394,40.76621946032643,40.686466,test
2126,53.62497940433934,53.329792,test
4587,41.84557272242807,41.624146,test
4808,103.745126530115,103.614426,test
4187,71.5126952436544,71.41541,test
527,25.27984779576332,25.245577,test
869,136.76886894565047,136.97827,test
598,62.12878854692645,62.64587,test
3233,75.72927173724563,76.03743,test
2313,38.10425093874939,38.109993,test
3990,43.604537301970495,43.52342,test
4005,46.20624283129268,46.057262,test
2973,25.32142942667775,25.377487,test
3324,201.78551544430667,202.75351,test
486,13.53610473193936,13.478651,test
2315,43.29863673312664,43.1138,test
1414,35.919888386123255,35.96756,test
2133,53.62497940433934,53.382915,test
2512,59.89579766367838,59.946564,test
4578,38.72775337298162,38.566116,test
951,100.48928695862324,100.542534,test
4562,33.2646262088608,32.92909,test
2677,29.77075417333722,29.436062,test
1868,18.731792724897712,18.657284,test
1589,193.8751524679473,193.65146,test
386,79.37555328176275,79.25857,test
2057,25.935608876074404,25.717257,test
327,61.857848402891456,61.777565,test
2337,55.271872386990935,55.184494,test
4581,38.72775337298162,38.55391,test
498,15.977335233233198,15.966766,test
3668,48.41170998900376,48.30024,test
3980,41.380738858681696,41.25923,test
2683,29.77075417333722,29.511879,test
3891,38.91834885517143,39.01042,test
3060,48.84238573144443,48.746933,test
1567,74.77670776968583,74.84905,test
1904,29.12596598702036,29.149658,test
4625,53.00734926713273,52.53407,test
177,65.87057477117054,66.27234,test
404,2.606366123918593,2.581986,test
1588,193.8751524679473,193.5877,test
189,71.10218907830797,71.71703,test
2812,30.8733631927149,30.677309,test
2961,24.74816706908628,24.685986,test
3456,89.59649952596679,89.79064,test
3810,42.55205181960314,42.358944,test
3308,84.91829879601836,85.05022,test
1537,60.456358375515045,60.452534,test
463,9.499438230882436,9.421562,test
2309,38.10425093874939,38.0914,test
2069,28.753615695926324,28.505302,test
2773,23.053352899871395,23.015507,test
3958,36.94310571922444,36.990097,test
1352,44.21359478458822,43.744293,test
2486,50.68801501365044,50.615974,test
2214,7.85908552453503,7.9463634,test
344,66.11063343545332,66.169815,test
3983,41.380738858681696,41.17345,test
4280,26.05871153969042,25.961685,test
1065,11.384421137066337,11.187231,test
529,25.27984779576332,25.245483,test
4220,74.18155972707093,74.22318,test
1412,35.919888386123255,35.936783,test
4020,52.561077422993925,52.414665,test
2785,26.657804872047155,26.69067,test
4634,57.39162304208823,57.144867,test
3114,75.23466307522513,75.18075,test
4294,25.04050211213976,24.837559,test
2322,43.29863673312664,43.20067,test
4171,72.29320847026757,72.355934,test
3186,91.71150004679322,91.88533,test
1580,211.02994799979388,210.1083,test
1710,103.745126530115,103.71365,test
236,66.92334219980225,66.80248,test
3084,58.5236929318425,58.49431,test
3378,118.62582953904092,119.09459,test
1400,36.41164086407028,36.548004,test
2724,50.04341124314785,49.87204,test
167,60.94990397147208,61.064888,test
2909,67.18811819694348,67.28892,test
3448,90.5009001330304,90.510216,test
368,72.09383557530046,71.99823,test
2650,19.20192266480916,18.944904,test
3270,76.57943065010718,76.89385,test
4304,24.63527893831387,24.513927,test
452,7.85908552453503,7.8637924,test
1978,12.885025212225244,12.867058,test
2308,38.10425093874939,38.051826,test
4439,63.896198456162885,63.985752,test
1769,2.606366123918593,2.581986,test
2508,59.89579766367838,60.031746,test
2597,8.180433892801254,8.076475,test
3570,19.28254456595652,19.11837,test
4045,60.456358375515045,60.532158,test
4483,18.448270263304188,17.939058,test
2915,72.52135855398946,72.73234,test
4059,64.95566127753861,65.06665,test
2968,25.32142942667775,25.267387,test
1200,3.624115801788345,3.4740028,test
133,48.50593326834902,48.369476,test
3621,31.91051408188231,31.63522,test
559,38.10425093874939,38.10212,test
3033,37.34804120151974,37.302864,test
1110,25.27984779576332,25.191433,test
1419,35.919888386123255,35.887665,test
4369,34.339930274970904,34.162834,test
1843,11.384421137066337,11.204627,test
4586,41.84557272242807,41.682392,test
747,101.86758015295236,101.96902,test
4428,58.5236929318425,58.527836,test
2301,33.39074910957999,33.245728,test
4765,117.68636585320668,117.89725,test
1652,129.4267602168825,129.82027,test
4519,24.789633367188944,24.675701,test
4146,75.33592393483191,75.36635,test
839,166.17853479893557,166.06161,test
158,56.40366820567802,56.348606,test
4536,28.678520203607828,28.58521,test
3866,64.87166628595628,65.00678,test
3986,41.380738858681696,41.2354,test
202,79.75972735839933,79.86621,test
380,79.37555328176275,79.360306,test
2009,16.125116344342604,16.045279,test
2775,24.789633367188944,24.788727,test
2243,13.53610473193936,13.524222,test
169,60.94990397147208,61.154312,test
2514,59.89579766367838,59.97558,test
4285,26.05871153969042,25.890162,test
2607,9.839051198642553,9.586479,test
2460,38.88107047950797,38.662613,test
2258,18.731792724897712,18.657284,test
654,154.98431615588598,155.08414,test
1966,12.124975352206752,11.933723,test
2464,38.88107047950797,38.78412,test
3164,106.43650704604566,106.30739,test
3555,16.125116344342604,16.041952,test
4748,129.4267602168825,129.82027,test
531,29.12596598702036,29.009556,test
4754,123.0978685654898,123.34447,test
949,101.86758015295236,101.88336,test
2948,24.63527893831387,24.518433,test
1918,38.10425093874939,38.051826,test
958,100.48928695862324,100.56031,test
4620,53.00734926713273,52.665997,test
1743,99.4907361299304,99.52627,test
3355,137.09122808053337,138.02934,test
1535,60.456358375515045,60.532158,test
3211,79.34796417307675,79.566734,test
2686,34.113034957437215,33.73012,test
2178,4.196221297202333,4.1462955,test
673,136.76886894565047,136.99644,test
977,98.65596999066533,98.510635,test
75,34.1042114250461,33.827522,test
1600,179.04708701101467,178.87144,test
862,136.76886894565047,137.1638,test
1288,16.40524145944573,16.33312,test
288,58.963765679663645,59.117455,test
1913,33.39074910957999,33.244564,test
3134,164.15376691555798,164.57901,test
438,5.227697523949966,5.1684813,test
1879,21.824079935423136,21.862734,test
1775,3.328531319289431,3.3414788,test
2857,45.250987390322535,45.06458,test
4301,24.63527893831387,24.539711,test
3572,19.28254456595652,19.003826,test
2737,18.448270263304188,18.19394,test
3009,31.73671877096429,31.50277,test
737,103.745126530115,103.78264,test
2860,45.250987390322535,44.975166,test
4211,72.80691569376961,72.82622,test
4356,31.73671877096429,31.62396,test
1134,33.39074910957999,33.24033,test
4693,193.8751524679473,193.90921,test
2731,56.44692913934201,56.32174,test
3782,32.289249758728964,31.94041,test
1614,166.17853479893557,166.06161,test
543,33.39074910957999,33.202038,test
2015,17.59043680885926,17.524231,test
2653,19.20192266480916,19.016193,test
4859,97.47338258073955,97.49153,test
201,79.75972735839933,79.59725,test
4728,145.24040847801632,145.58902,test
2386,19.628813853406385,19.670158,test
316,60.42126498608887,60.43209,test
2540,75.24982629334554,75.41219,test
2706,44.21359478458822,43.734768,test
1213,4.491537072359547,4.3076057,test
4090,102.11244006090304,101.28056,test
4232,76.00671399435468,76.08993,test
515,21.824079935423136,21.854954,test
3327,180.7969094795742,180.9962,test
3076,58.5236929318425,58.551105,test
4774,113.1117727502116,112.97024,test
2559,3.624115801788345,3.527904,test
4703,166.17853479893557,165.60806,test
1657,123.0978685654898,123.289246,test
2059,25.935608876074404,25.670746,test
4149,75.33592393483191,75.2549,test
1015,4.196221297202333,4.178787,test
1821,7.85908552453503,7.9453783,test
2704,38.91593697359398,38.655678,test
4576,38.72775337298162,38.63578,test
2087,35.43032585388161,35.25786,test
129,45.15611201204367,44.85346,test
3882,75.24982629334554,75.4655,test
1183,62.12878854692645,62.54891,test
2836,38.72775337298162,38.58319,test
1392,37.38629228613615,37.332874,test
876,129.4267602168825,129.98581,test
942,101.86758015295236,101.96902,test
1839,11.384421137066337,11.219382,test
2577,5.527128574206158,5.318108,test
3193,86.49473331626407,86.75841,test
1606,179.04708701101467,178.96594,test
831,179.04708701101467,178.96594,test
3025,37.34804120151974,37.36415,test
1128,29.12596598702036,29.130642,test
524,25.27984779576332,25.211044,test
2872,48.96526861625701,48.771404,test
1174,55.271872386990935,55.22807,test
2456,38.88107047950797,38.723183,test
3989,41.380738858681696,41.227177,test
227,70.37643466476314,70.2171,test
1122,29.12596598702036,29.027311,test
4836,99.4907361299304,99.462875,test
2195,6.442036183009371,6.354907,test
2110,43.65657505930208,43.300697,test
1013,4.196221297202333,4.1462955,test
71,34.1042114250461,33.782803,test
3196,86.49473331626407,86.40896,test
3611,28.753615695926324,28.55149,test
2469,42.55205181960314,42.35038,test
3750,24.10159309622668,24.04236,test
3499,90.79293338634857,90.73975,test
3096,69.52453059841163,69.60278,test
3953,36.94310571922444,36.966568,test
4218,74.18155972707093,74.161255,test
4611,48.96526861625701,48.823563,test
4155,75.33592393483191,75.01815,test
1138,33.39074910957999,33.244564,test
2788,26.657804872047155,26.560413,test
3528,12.885025212225244,12.82976,test
1721,101.86758015295236,101.95423,test
3695,65.47137652330578,65.712715,test
4115,89.57234360169679,89.06189,test
558,38.10425093874939,38.109993,test
3440,90.5009001330304,90.466446,test
2430,29.34578260289036,29.10669,test
1845,13.53610473193936,13.509094,test
4345,27.727713592149392,27.764565,test
1159,43.29863673312664,43.246685,test
1796,5.227697523949966,5.056927,test
698,117.68636585320668,117.82065,test
387,79.37555328176275,79.26532,test
2219,9.499438230882436,9.409867,test
3174,98.2723333835592,98.13719,test
2050,23.43298254652068,23.19566,test
4686,193.8751524679473,193.95908,test
4657,72.52135855398946,72.66645,test
401,2.606366123918593,2.5683722,test
3617,28.753615695926324,28.45387,test
661,145.24040847801632,145.63647,test
1168,49.00862249254413,49.091866,test
1900,29.12596598702036,29.071768,test
2479,46.48566476712182,46.35046,test
3321,201.78551544430667,202.58582,test
3061,48.84238573144443,48.708588,test
2048,23.43298254652068,23.206284,test
2437,32.289249758728964,31.94041,test
3283,78.16128831944249,78.28016,test
1921,38.10425093874939,38.11408,test
3901,37.38629228613615,37.38465,test
3504,91.48002635649718,91.751305,test
2401,21.77517690158367,21.779892,test
3317,201.78551544430667,202.1486,test
4354,29.533535528411715,29.467253,test
3873,70.03363402017787,70.28624,test
1697,106.2025558056929,106.19152,test
1249,8.180433892801254,8.118519,test
564,43.29863673312664,43.140495,test
2748,19.89991539202705,19.978731,test
1285,16.40524145944573,16.276264,test
4676,211.02994799979388,210.1083,test
2075,31.91051408188231,31.653522,test
1639,136.76886894565047,137.4133,test
2010,16.125116344342604,16.041952,test
3827,46.48566476712182,46.40533,test
3367,127.03771421016312,127.813805,test
4385,37.34804120151974,37.391884,test
4414,48.84238573144443,48.783302,test
388,79.37555328176275,79.280685,test
656,154.98431615588598,155.09474,test
846,154.98431615588598,155.59256,test
2421,26.620833128631787,26.464905,test
4033,56.318371719458256,56.253456,test
4391,40.76621946032643,40.577766,test
3915,36.41164086407028,36.44249,test
4502,21.429473611547053,21.486284,test
186,71.10218907830797,71.61082,test
3197,82.42432219773046,82.3658,test
2774,23.053352899871395,23.061827,test
1498,46.20624283129268,45.974087,test
2387,19.628813853406385,19.63717,test
283,58.963765679663645,59.13275,test
2346,62.12878854692645,62.48546,test
4707,166.17853479893557,166.49603,test
309,59.45505039190471,59.45215,test
4113,89.57234360169679,89.25535,test
2829,35.87508543765299,35.779198,test
1744,99.4907361299304,99.49022,test
3863,64.87166628595628,65.02415,test
1607,166.17853479893557,165.60806,test
195,76.45351185490436,76.99936,test
898,117.68636585320668,117.55258,test
1104,21.824079935423136,21.862734,test
1902,29.12596598702036,29.114334,test
4715,154.98431615588598,155.68918,test
1116,25.27984779576332,25.228193,test
337,63.757634180182144,63.69338,test
566,43.29863673312664,43.20263,test
1555,69.76848318728358,69.99681,test
736,103.745126530115,103.83783,test
1258,9.839051198642553,9.636568,test
4071,74.77670776968583,74.9937,test
2586,6.750079908713624,6.6454115,test
2296,33.39074910957999,33.169304,test
3623,31.91051408188231,31.557781,test
151,56.40366820567802,56.747726,test
2000,14.865809293936342,14.795684,test
937,103.745126530115,103.614426,test
829,179.04708701101467,178.89398,test
3339,163.4865892910184,163.69237,test
2114,43.65657505930208,43.34457,test
975,98.65596999066533,98.53114,test
550,38.10425093874939,38.03904,test
1581,211.02994799979388,209.70761,test
2990,27.727713592149392,27.68227,test
1841,11.384421137066337,11.211931,test
502,18.731792724897712,18.665848,test
1711,103.745126530115,103.68081,test
626,193.8751524679473,193.754,test
1668,117.68636585320668,117.82065,test
1452,38.05130976592272,37.970596,test
2544,75.24982629334554,75.41682,test
1435,36.210240125305205,36.364876,test
4807,103.745126530115,103.68081,test
914,109.30466743726038,109.21281,test
264,60.473631179095584,60.702194,test
3389,111.6113573414681,111.69156,test
395,82.96307013740815,82.99272,test
280,58.963765679663645,59.187134,test
2588,6.750079908713624,6.666381,test
1447,36.94310571922444,37.028675,test
3897,38.91834885517143,38.85706,test
1302,22.34386956684365,22.126331,test
3110,75.23466307522513,75.17585,test
3505,91.48002635649718,91.78965,test
4334,26.320863792397155,26.43356,test
3858,59.89579766367838,59.9452,test
2222,9.499438230882436,9.441881,test
990,2.606366123918593,2.552921,test
2590,6.750079908713624,6.6478305,test
740,103.745126530115,103.71365,test
3729,17.650012712740526,17.708004,test
87,35.58213028597243,35.385197,test
258,62.0294808818984,62.05075,test
2596,8.180433892801254,8.080783,test
1294,19.20192266480916,18.944756,test
4825,100.48928695862324,100.627075,test
4143,77.79019270718537,77.71953,test
3615,28.753615695926324,28.510769,test
2310,38.10425093874939,38.072395,test
731,106.2025558056929,106.088875,test
1763,97.47338258073955,97.49153,test
3906,37.38629228613615,37.353027,test
4310,24.74816706908628,24.661411,test
961,99.4907361299304,99.40486,test
3857,59.89579766367838,59.946564,test
1627,145.24040847801632,145.11206,test
1241,8.180433892801254,8.080783,test
4091,102.11244006090304,101.55927,test
2005,16.125116344342604,16.127077,test
192,76.45351185490436,76.89916,test
3141,129.0712453641519,129.97192,test
2181,4.196221297202333,4.164994,test
2826,35.87508543765299,35.821804,test
910,109.30466743726038,109.15702,test
4472,80.57929170551442,80.9328,test
1033,6.442036183009371,6.413158,test
1418,35.919888386123255,35.932693,test
2823,33.2646262088608,32.992165,test
2473,42.55205181960314,42.41973,test
2026,19.28254456595652,19.078423,test
1437,36.210240125305205,36.369232,test
547,33.39074910957999,33.31794,test
173,65.87057477117054,66.274155,test
301,59.45505039190471,59.603672,test
1970,12.124975352206752,11.836623,test
64,32.981160511501805,32.74021,test
3765,26.620833128631787,26.444027,test
4379,37.34804120151974,37.24836,test
2245,15.977335233233198,15.945087,test
887,123.0978685654898,123.16333,test
3803,38.88107047950797,38.65399,test
1423,35.86295586622186,35.955624,test
2884,53.00734926713273,52.53407,test
4630,57.39162304208823,57.16667,test
3805,38.88107047950797,38.662613,test
3838,50.68801501365044,50.59822,test
835,166.17853479893557,166.41412,test
3981,41.380738858681696,41.230015,test
517,21.824079935423136,21.902054,test
569,43.29863673312664,43.246685,test
239,66.92334219980225,66.7784,test
229,70.37643466476314,70.32338,test
1910,33.39074910957999,33.21917,test
819,193.8751524679473,193.94449,test
4484,18.448270263304188,17.961964,test
3852,59.89579766367838,60.03988,test
4224,74.18155972707093,74.03336,test
183,71.10218907830797,71.563965,test
4534,26.657804872047155,26.582884,test
4174,72.29320847026757,72.08815,test
1542,64.95566127753861,65.15777,test
4453,69.52453059841163,69.56749,test
4640,62.1233802776967,62.217476,test
2474,42.55205181960314,42.45833,test
3128,164.15376691555798,164.04146,test
4132,80.93195157639853,80.683334,test
3382,111.6113573414681,112.06996,test
3610,28.753615695926324,28.553703,test
2129,53.62497940433934,53.33056,test
4778,113.1117727502116,112.78966,test
4227,76.00671399435468,76.13779,test
1266,11.747596709247082,11.405,test
3223,77.14726370763078,77.40632,test
3039,40.76621946032643,40.56177,test
2206,7.85908552453503,7.8964167,test
4190,71.5126952436544,71.49612,test
2618,11.747596709247082,11.4069605,test
859,145.24040847801632,145.32405,test
3276,76.57943065010718,76.58406,test
2539,75.24982629334554,75.42656,test
1533,60.456358375515045,60.54641,test
2759,21.429473611547053,21.519066,test
247,64.16317423719532,64.174576,test
3692,65.47137652330578,65.691925,test
2518,64.87166628595628,65.02415,test
919,109.30466743726038,108.94053,test
1318,25.857534399290905,25.575384,test
2526,70.03363402017787,70.31666,test
3179,91.71150004679322,91.89731,test
1334,34.113034957437215,33.7903,test
362,72.09383557530046,72.209885,test
844,154.98431615588598,155.68918,test
4796,106.2025558056929,106.160126,test
3012,31.73671877096429,31.560883,test
1749,98.65596999066533,98.50223,test
4447,69.52453059841163,69.60278,test
1986,13.792313484057486,13.822502,test
1618,154.98431615588598,155.30273,test
2998,29.533535528411715,29.346153,test
2023,17.59043680885926,17.474976,test
1407,36.41164086407028,36.4118,test
328,61.857848402891456,61.68031,test
952,100.48928695862324,100.59969,test
997,2.606366123918593,2.6165133,test
2939,25.04050211213976,24.8735,test
3017,34.339930274970904,34.195553,test
3612,28.753615695926324,28.50777,test
2354,62.12878854692645,62.673378,test
2719,50.04341124314785,49.841534,test
2204,6.442036183009371,6.475235,test
485,13.53610473193936,13.46192,test
2212,7.85908552453503,7.9164934,test
330,63.757634180182144,64.008255,test
3056,48.84238573144443,48.764816,test
780,98.65596999066533,98.53114,test
1526,56.318371719458256,56.13465,test
2711,44.21359478458822,43.76874,test
516,21.824079935423136,21.87286,test
329,61.857848402891456,61.608234,test
4223,74.18155972707093,74.12336,test
4046,60.456358375515045,60.50151,test
4668,230.9901536612257,230.48138,test
851,154.98431615588598,155.09474,test
591,62.12878854692645,62.48546,test
2299,33.39074910957999,33.24033,test
1144,38.10425093874939,38.0914,test
1092,18.731792724897712,18.665848,test
2966,25.32142942667775,25.321903,test
2657,22.34386956684365,22.126331,test
125,45.15611201204367,44.806034,test
1323,29.77075417333722,29.454765,test
705,113.1117727502116,112.92011,test
1403,36.41164086407028,36.444393,test
4289,25.04050211213976,24.906845,test
2797,28.678520203607828,28.41775,test
1637,136.76886894565047,137.1638,test
1036,6.442036183009371,6.42776,test
4445,63.896198456162885,64.00892,test
3649,39.33748405428104,39.1577,test
3100,69.52453059841163,69.594124,test
4324,25.32142942667775,25.377487,test
3685,59.31238391810723,59.442467,test
2840,38.72775337298162,38.55391,test
4392,40.76621946032643,40.590004,test
4067,69.76848318728358,69.98943,test
4072,74.77670776968583,74.95729,test
2332,49.00862249254413,49.092583,test
2317,43.29863673312664,43.162777,test
2923,72.52135855398946,72.584045,test
1035,6.442036183009371,6.4066515,test
364,72.09383557530046,72.11833,test
811,211.02994799979388,209.71599,test
4300,24.63527893831387,24.529768,test
1751,98.65596999066533,98.57257,test
2034,19.28254456595652,19.046795,test
203,79.75972735839933,79.85243,test
2434,29.34578260289036,29.278725,test
3173,98.2723333835592,98.222694,test
1696,106.2025558056929,106.16901,test
2436,32.289249758728964,31.991768,test
2021,17.59043680885926,17.419426,test
2024,17.59043680885926,17.465248,test
2623,11.747596709247082,11.43536,test
1333,34.113034957437215,33.771614,test
139,48.50593326834902,48.391037,test
4088,110.28871787139632,109.89287,test
333,63.757634180182144,63.965347,test
549,33.39074910957999,33.261147,test
4548,30.8733631927149,30.708248,test
73,34.1042114250461,33.78113,test
2088,35.43032585388161,35.17157,test
3452,89.59649952596679,89.76306,test
4226,76.00671399435468,76.1478,test
3198,82.42432219773046,82.36305,test
251,62.0294808818984,62.15064,test
3728,17.650012712740526,17.690132,test
2927,26.05871153969042,26.059668,test
3995,43.604537301970495,43.429035,test
3964,38.05130976592272,37.993416,test
2188,5.227697523949966,5.1429987,test
4521,24.789633367188944,24.66341,test
2370,15.826709276493416,16.011496,test
3131,164.15376691555798,163.19054,test
1327,29.77075417333722,29.518747,test
979,98.65596999066533,98.524734,test
776,98.65596999066533,98.48732,test
1829,9.499438230882436,9.409867,test
4857,97.47338258073955,97.48525,test
4065,69.76848318728358,69.99681,test
1408,36.41164086407028,36.366467,test
291,58.96624064707562,59.132847,test
1547,64.95566127753861,65.05966,test
1502,49.19054255336955,49.23918,test
4325,25.32142942667775,25.41861,test
3210,79.34796417307675,79.55864,test
4739,136.76886894565047,136.99644,test
1231,6.750079908713624,6.6454115,test
3820,46.48566476712182,46.36868,test
3071,53.49135176226452,53.184975,test
2876,53.00734926713273,52.671307,test
2855,45.250987390322535,45.073757,test
2619,11.747596709247082,11.389812,test
1792,4.196221297202333,4.167698,test
2894,57.39162304208823,57.118233,test
1113,25.27984779576332,25.186878,test
1346,38.91593697359398,38.599762,test
1039,6.442036183009371,6.475235,test
2738,18.448270263304188,18.114067,test
1727,100.48928695862324,100.59969,test
4036,56.318371719458256,56.13465,test
2621,11.747596709247082,11.405,test
970,98.65596999066533,98.52104,test
2388,19.628813853406385,19.684208,test
3103,69.52453059841163,69.56785,test
3766,26.620833128631787,26.464905,test
3531,13.792313484057486,13.822502,test
1956,62.12878854692645,62.48546,test
685,123.0978685654898,123.31268,test
254,62.0294808818984,62.192528,test
1896,29.12596598702036,29.009556,test
237,66.92334219980225,66.7766,test
585,55.271872386990935,55.34565,test
4664,72.52135855398946,72.584045,test
2896,62.1233802776967,62.1569,test
2158,2.606366123918593,2.6004677,test
1433,36.210240125305205,36.310616,test
4200,71.91030133184738,71.92065,test
1654,129.4267602168825,129.35101,test
3237,75.0199897728373,75.29441,test
3424,94.254909093602,94.33301,test
4631,57.39162304208823,57.15563,test
556,38.10425093874939,38.11408,test
2753,19.89991539202705,19.933517,test
1069,11.384421137066337,11.233389,test
409,2.606366123918593,2.6264699,test
2250,15.977335233233198,16.031433,test
3401,101.0511292541869,101.15452,test
465,9.499438230882436,9.479753,test
2419,26.620833128631787,26.421558,test
4799,106.2025558056929,105.91043,test
4348,29.533535528411715,29.331284,test
4215,72.80691569376961,72.70015,test
3693,65.47137652330578,65.6971,test
43,31.800906504220887,31.597054,test
802,230.9901536612257,230.2478,test
3634,35.43032585388161,35.225876,test
4165,73.5169788308657,73.19512,test
2553,2.9065837811274826,2.7672029,test
1886,25.27984779576332,25.165081,test
3968,38.05130976592272,38.015354,test
2063,25.935608876074404,25.684385,test
2820,33.2646262088608,32.926476,test
2103,39.33748405428104,39.16616,test
2287,29.12596598702036,29.027311,test
3277,78.16128831944249,78.38075,test
3408,101.0511292541869,101.01649,test
2687,34.113034957437215,33.744366,test
1658,123.0978685654898,123.34447,test
1871,18.731792724897712,18.69703,test
4095,102.11244006090304,101.370094,test
1543,64.95566127753861,65.15242,test
697,117.68636585320668,117.816444,test
1855,15.977335233233198,15.945087,test
2705,44.21359478458822,43.731087,test
3758,24.10159309622668,24.024157,test
4313,24.74816706908628,24.706953,test
4361,31.73671877096429,31.515676,test
643,166.17853479893557,166.10104,test
4055,64.95566127753861,65.10162,test
1759,97.47338258073955,97.502106,test
157,56.40366820567802,56.35228,test
3472,89.42090092796712,89.53959,test
1260,11.747596709247082,11.364045,test
469,9.499438230882436,9.456787,test
181,71.10218907830797,71.59599,test
204,79.75972735839933,79.81442,test
4258,83.53755060546025,83.35908,test
1591,193.8751524679473,194.20358,test
1103,21.824079935423136,21.873222,test
2489,50.68801501365044,50.682762,test
66,32.981160511501805,32.76323,test
4253,80.80332043496728,80.78083,test
3672,53.62497940433934,53.329193,test
3386,111.6113573414681,112.19395,test
3647,39.33748405428104,39.06837,test
1595,193.8751524679473,193.72134,test
4328,26.320863792397155,26.3272,test
4246,80.80332043496728,80.73804,test
894,117.68636585320668,117.89725,test
217,74.61339353212185,74.073296,test
3952,36.94310571922444,36.947884,test
3520,12.885025212225244,12.91017,test
4017,49.19054255336955,49.086945,test
2911,67.18811819694348,67.24466,test
1718,101.86758015295236,102.02281,test
4267,86.00802491357506,86.04907,test
2629,13.92854978889145,13.65991,test
2642,16.40524145944573,16.304815,test
3842,55.1604052272772,55.173775,test
767,99.4907361299304,99.44645,test
3792,35.46372651810452,35.337162,test
3976,39.53055859179817,39.43312,test
2407,24.10159309622668,24.019524,test
3566,17.59043680885926,17.419426,test
4182,71.63339382759735,71.69658,test
1078,13.53610473193936,13.524222,test
1388,38.91834885517143,38.774075,test
2385,19.628813853406385,19.697435,test
1431,36.210240125305205,36.32293,test
3046,44.597910972306806,44.437565,test
70,34.1042114250461,33.893974,test
593,62.12878854692645,62.54891,test
1840,11.384421137066337,11.187231,test
864,136.76886894565047,137.4133,test
901,113.1117727502116,112.98181,test
2832,35.87508543765299,35.82681,test
293,58.96624064707562,59.128384,test
94,37.419032689587326,37.25,test
3437,92.03325910726882,92.08156,test
3633,35.43032585388161,35.17157,test
4615,48.96526861625701,48.74947,test
232,66.92334219980225,66.728806,test
3239,75.0199897728373,75.26845,test
3155,116.54820805259138,116.24749,test
2094,35.43032585388161,35.32922,test
3700,14.147402430467531,14.014633,test
3993,43.604537301970495,43.411495,val
172,65.87057477117054,66.355896,val
650,154.98431615588598,155.37918,val
42,31.800906504220887,31.561377,val
4844,98.65596999066533,98.49028,val
304,59.45505039190471,59.566433,val
4790,109.30466743726038,108.94053,val
4595,41.84557272242807,41.658913,val
271,59.46021848278396,59.67503,val
4117,84.82941053361527,84.58651,val
1793,4.196221297202333,4.182027,val
4135,80.93195157639853,80.58653,val
2173,3.328531319289431,3.4314208,val
1848,13.53610473193936,13.472987,val
1678,113.1117727502116,112.97024,val
2979,26.320863792397155,26.354258,val
671,136.76886894565047,137.28328,val
2025,19.28254456595652,19.11837,val
1274,13.92854978889145,13.65991,val
2203,6.442036183009371,6.48114,val
1584,211.02994799979388,209.71494,val
1673,117.68636585320668,117.55258,val
3398,105.8033985466063,105.74178,val
4123,84.82941053361527,84.515015,val
4450,69.52453059841163,69.56685,val
2545,2.9065837811274826,2.6710863,val
23,32.0970063001027,31.906971,val
1109,21.824079935423136,21.923466,val
3706,14.147402430467531,14.001334,val
1877,21.824079935423136,21.845512,val
969,99.4907361299304,99.49022,val
1296,19.20192266480916,18.980995,val
1425,35.86295586622186,35.968018,val
2821,33.2646262088608,32.92909,val
1700,106.2025558056929,106.160126,val
4442,63.896198456162885,63.950916,val
3501,91.48002635649718,91.68419,val
1529,56.318371719458256,56.07737,val
2375,17.650012712740526,17.599367,val
4516,24.789633367188944,24.788727,val
2870,48.96526861625701,48.823563,val
3703,14.147402430467531,14.049028,val
4775,113.1117727502116,113.08414,val
3414,97.23410613085656,97.29391,val
2485,50.68801501365044,50.610374,val
2136,59.31238391810723,59.435898,val
1716,101.86758015295236,101.978935,val
3458,89.59649952596679,89.6743,val
674,136.76886894565047,136.97827,val
1359,44.21359478458822,43.780533,val
669,136.76886894565047,137.4133,val
4109,89.57234360169679,89.20691,val
1603,179.04708701101467,179.10208,val
1337,34.113034957437215,33.795963,val
2427,29.34578260289036,29.084768,val
4506,23.053352899871395,23.053288,val
1794,4.196221297202333,4.1809916,val
67,32.981160511501805,32.793953,val
1528,56.318371719458256,56.0923,val
3606,25.935608876074404,25.69704,val
96,37.419032689587326,37.20984,val
3016,34.339930274970904,34.262917,val
2422,26.620833128631787,26.452076,val
2499,55.1604052272772,55.072567,val
4769,117.68636585320668,117.55258,val
4605,45.250987390322535,44.889626,val
2715,50.04341124314785,49.823048,val
361,72.09383557530046,72.21052,val
2734,56.44692913934201,56.36897,val
1987,13.792313484057486,13.786607,val
265,60.473631179095584,60.756344,val
4831,99.4907361299304,99.36069,val
1724,101.86758015295236,101.88336,val
3781,32.289249758728964,31.991768,val
2373,15.826709276493416,16.019316,val
3784,32.289249758728964,31.94875,val
947,101.86758015295236,101.937294,val
4282,26.05871153969042,25.901691,val
4234,76.00671399435468,76.00072,val
1708,103.745126530115,103.82593,val
544,33.39074910957999,33.24033,val
621,193.8751524679473,194.20358,val
3015,34.339930274970904,34.292156,val
2097,39.33748405428104,39.04715,val
1885,25.27984779576332,25.191433,val
3163,106.43650704604566,106.384155,val
4418,53.49135176226452,53.264565,val
2152,65.47137652330578,65.75676,val
2625,13.92854978889145,13.59037,val
4736,136.76886894565047,137.38844,val
2030,19.28254456595652,18.98705,val
4376,37.34804120151974,37.36415,val
18,32.84912568877943,32.336975,val
2666,25.857534399290905,25.488426,val
1553,69.76848318728358,70.040184,val
3641,39.33748405428104,39.063393,val
2721,50.04341124314785,49.86509,val
471,11.384421137066337,11.153856,val
795,230.9901536612257,231.15242,val
3712,15.826709276493416,16.007267,val
4824,100.48928695862324,100.65666,val
3808,38.88107047950797,38.721634,val
1100,21.824079935423136,21.833515,val
1443,36.94310571922444,36.966568,val
410,3.328531319289431,3.3414788,val
1927,43.29863673312664,43.162777,val
4479,18.448270263304188,18.114067,val
1072,13.53610473193936,13.458694,val
923,106.2025558056929,106.20916,val
4602,45.250987390322535,44.963905,val
3377,118.62582953904092,119.265656,val
2497,55.1604052272772,55.173775,val
1541,64.95566127753861,65.15899,val
2523,64.87166628595628,65.02664,val
2410,24.10159309622668,23.965061,val
3070,53.49135176226452,53.153946,val
2278,25.27984779576332,25.186878,val
4827,100.48928695862324,100.61789,val
2537,75.24982629334554,75.4655,val
3360,137.09122808053337,137.31018,val
3297,82.50515579830885,82.492935,val
1733,100.48928695862324,100.56031,val
3677,53.62497940433934,53.358433,val
2453,35.46372651810452,35.36558,val
1006,3.328531319289431,3.4221709,val
3300,82.50515579830885,82.542786,val
3221,77.14726370763078,77.416885,val
2770,23.053352899871395,23.000092,val
2848,41.84557272242807,41.63193,val
3249,74.9590487748871,75.237,val
1428,35.86295586622186,35.96525,val
677,129.4267602168825,129.69699,val
243,64.16317423719532,64.25879,val
385,79.37555328176275,79.26399,val
3550,16.125116344342604,16.127077,val
3052,44.597910972306806,44.36634,val
2846,41.84557272242807,41.624146,val
4256,83.53755060546025,83.33677,val
3325,180.7969094795742,180.81918,val
3435,92.03325910726882,92.14569,val
425,4.196221297202333,4.178787,val
2018,17.59043680885926,17.495216,val
341,66.11063343545332,66.29227,val
297,58.96624064707562,59.075542,val
3996,43.604537301970495,43.41454,val
2293,29.12596598702036,29.130642,val
481,13.53610473193936,13.44449,val
2227,11.384421137066337,11.154543,val
2989,27.727713592149392,27.656694,val
2534,70.03363402017787,70.22336,val
4759,123.0978685654898,122.97972,val
6,34.05490017098822,34.005108,val
3251,74.9590487748871,75.199684,val
2377,17.650012712740526,17.66069,val
4201,71.91030133184738,71.9678,val
1009,3.328531319289431,3.4253256,val
4550,30.8733631927149,30.666216,val
2806,30.8733631927149,30.770424,val
34,31.756785891348496,31.545092,val
1935,49.00862249254413,48.964767,val
3087,63.896198456162885,63.980476,val
1549,64.95566127753861,65.06665,val
3738,19.628813853406385,19.639248,val
1767,2.606366123918593,2.5595722,val
3465,89.25950270069107,89.438705,val
2420,26.620833128631787,26.444027,val
2153,65.47137652330578,65.72026,val
1583,211.02994799979388,209.94644,val
1817,7.85908552453503,7.8637924,val
413,3.328531319289431,3.3851047,val
1325,29.77075417333722,29.49474,val
647,154.98431615588598,154.88171,val
335,63.757634180182144,63.83281,val
2390,19.628813853406385,19.627068,val
553,38.10425093874939,38.051826,val
1010,4.196221297202333,4.140632,val
1741,99.4907361299304,99.475876,val
55,32.21218363587208,32.039146,val
1383,38.91834885517143,38.976997,val
4011,49.19054255336955,49.233334,val
4315,24.74816706908628,24.726858,val
1878,21.824079935423136,21.873222,val
1290,19.20192266480916,18.903528,val
3383,111.6113573414681,112.07524,val
1391,37.38629228613615,37.38465,val
2414,24.10159309622668,24.044228,val
4641,62.1233802776967,62.1501,val
4633,57.39162304208823,57.15097,val
4687,193.8751524679473,194.20358,val
4701,179.04708701101467,178.89548,val
1449,36.94310571922444,36.937202,val
511,21.824079935423136,21.833485,val
878,129.4267602168825,129.51239,val
3363,127.03771421016312,127.60948,val
2513,59.89579766367838,59.9452,val
109,39.62144937456086,39.30706,val
2735,18.448270263304188,18.37741,val
2225,11.384421137066337,11.132397,val
2257,18.731792724897712,18.665848,val
751,101.86758015295236,101.95423,val
2264,18.731792724897712,18.785646,val
1184,62.12878854692645,62.57287,val
707,113.1117727502116,113.06757,val
3447,90.5009001330304,90.54449,val
1731,100.48928695862324,100.61789,val
3992,43.604537301970495,43.469303,val
1235,6.750079908713624,6.6478305,val
4247,80.80332043496728,80.71596,val
512,21.824079935423136,21.845512,val
4047,60.456358375515045,60.452534,val
2052,23.43298254652068,23.213291,val
4322,25.32142942667775,25.357563,val
3957,36.94310571922444,37.028675,val
1041,7.85908552453503,7.8964167,val
1636,136.76886894565047,137.12021,val
1651,129.4267602168825,129.98581,val
582,55.271872386990935,55.184494,val
2406,24.10159309622668,24.047354,val
568,43.29863673312664,43.25632,val
3854,59.89579766367838,60.003445,val
423,4.196221297202333,4.1462955,val
68,32.981160511501805,32.835094,val
37,31.756785891348496,31.575241,val
867,136.76886894565047,137.13974,val
3994,43.604537301970495,43.416313,val
4766,117.68636585320668,117.89308,val
2669,25.857534399290905,25.531311,val
1760,97.47338258073955,97.48186,val
1445,36.94310571922444,37.024254,val
2013,16.125116344342604,15.986314,val
3274,76.57943065010718,76.668785,val
4134,80.93195157639853,80.6252,val
4063,69.76848318728358,70.040184,val
4269,86.00802491357506,86.07466,val
30,31.756785891348496,31.65622,val
1287,16.40524145944573,16.304815,val
3653,43.65657505930208,43.285797,val
2376,17.650012712740526,17.633566,val
4471,80.57929170551442,80.903656,val
2664,22.34386956684365,22.204567,val
4539,28.678520203607828,28.42535,val
1336,34.113034957437215,33.79721,val
1980,12.885025212225244,12.843922,val
2975,26.320863792397155,26.413616,val
1939,49.00862249254413,49.024944,val
2366,15.826709276493416,15.8793745,val
1278,13.92854978889145,13.700644,val
1706,103.745126530115,103.83783,val
2898,62.1233802776967,62.16669,val
4180,71.63339382759735,71.65008,val
4760,123.0978685654898,123.00882,val
3495,90.79293338634857,90.83322,val
142,52.25404806865342,52.144585,val
1401,36.41164086407028,36.453747,val
4833,99.4907361299304,99.44645,val
4639,62.1233802776967,62.16669,val
3716,15.826709276493416,15.998863,val
932,103.745126530115,103.78264,val
447,6.442036183009371,6.4613695,val
1150,43.29863673312664,43.1138,val
1624,154.98431615588598,155.08414,val
3234,75.72927173724563,75.97391,val
4077,74.77670776968583,74.84905,val
2347,62.12878854692645,62.508915,val
1723,101.86758015295236,101.8318,val
3826,46.48566476712182,46.371258,val
321,61.857848402891456,62.09143,val
2811,30.8733631927149,30.65626,val
4193,71.5126952436544,71.4828,val
4835,99.4907361299304,99.42985,val
4573,35.87508543765299,35.82681,val
1989,13.792313484057486,13.759447,val
814,193.8751524679473,193.65146,val
2449,35.46372651810452,35.313457,val
108,39.62144937456086,39.28256,val
2187,5.227697523949966,5.1056523,val
343,66.11063343545332,66.22024,val
4108,89.57234360169679,89.190414,val
4721,154.98431615588598,155.21521,val
4607,48.96526861625701,48.846737,val
89,35.58213028597243,35.363495,val
2235,13.53610473193936,13.509094,val
1544,64.95566127753861,65.12314,val
1385,38.91834885517143,39.063652,val
2926,26.05871153969042,26.116623,val
289,58.963765679663645,59.039753,val
4507,23.053352899871395,22.976238,val
3602,25.935608876074404,25.717257,val
2970,25.32142942667775,25.321655,val
3978,39.53055859179817,39.412746,val
2068,28.753615695926324,28.431074,val
815,193.8751524679473,193.95908,val
537,29.12596598702036,29.114334,val
2633,13.92854978889145,13.700644,val
3588,21.22276810141124,21.168297,val
4098,95.27995050133204,94.932884,val
2106,43.65657505930208,43.336647,val
3053,44.597910972306806,44.379974,val
462,9.499438230882436,9.3631,val
3153,116.54820805259138,116.612915,val
861,136.76886894565047,137.12021,val
3220,77.14726370763078,77.43123,val
3860,64.87166628595628,65.03482,val
437,5.227697523949966,5.1503773,val
2729,56.44692913934201,56.331345,val
2071,28.753615695926324,28.436447,val
179,65.87057477117054,66.36241,val
2249,15.977335233233198,15.968035,val
1764,97.47338258073955,97.47427,val
4024,52.561077422993925,52.33283,val
2324,43.29863673312664,43.246685,val
1129,29.12596598702036,29.149658,val
2710,44.21359478458822,43.75071,val
3877,70.03363402017787,70.20409,val
2383,17.650012712740526,17.690132,val
150,56.40366820567802,56.854324,val
1659,123.0978685654898,123.39255,val
323,61.857848402891456,62.018818,val
4398,44.597910972306806,44.435284,val
3302,82.50515579830885,82.52176,val
2143,59.31238391810723,59.47535,val
3812,42.55205181960314,42.353188,val
1034,6.442036183009371,6.475632,val
0,34.05490017098822,34.53752,val
2676,29.77075417333722,29.459436,val
1455,38.05130976592272,38.016357,val
145,52.25404806865342,52.09098,val
2841,38.72775337298162,38.572525,val
3075,58.5236929318425,58.603127,val
420,4.196221297202333,4.140632,val
86,35.58213028597243,35.364716,val
2995,29.533535528411715,29.471176,val
326,61.857848402891456,61.827965,val
1075,13.53610473193936,13.46192,val
2922,72.52135855398946,72.61623,val
3305,82.50515579830885,82.52282,val
4039,56.318371719458256,56.07737,val
4646,67.18811819694348,67.27762,val
2755,21.429473611547053,21.463041,val
3286,78.16128831944249,78.06964,val
3540,14.865809293936342,14.842403,val
2578,5.527128574206158,5.357238,val
3392,105.8033985466063,105.97543,val
490,15.977335233233198,15.945087,val
1157,43.29863673312664,43.20067,val
3157,116.54820805259138,115.96997,val
4196,71.91030133184738,72.00473,val
4761,117.68636585320668,117.74251,val
4341,27.727713592149392,27.68227,val
3282,78.16128831944249,78.29791,val
1929,43.29863673312664,43.140495,val
2568,4.491537072359547,4.3076057,val
1856,15.977335233233198,15.891756,val
1164,49.00862249254413,49.024944,val
4591,41.84557272242807,41.64437,val
3630,35.43032585388161,35.29998,val
4558,33.2646262088608,33.016827,val
874,129.4267602168825,130.0003,val
1056,9.499438230882436,9.459525,val
3526,12.885025212225244,12.8162155,val
1020,5.227697523949966,5.057741,val
797,230.9901536612257,230.48138,val
4725,145.24040847801632,145.65213,val
356,68.89986520703063,69.021255,val
3861,64.87166628595628,65.02769,val
2671,25.857534399290905,25.54881,val
2012,16.125116344342604,16.031141,val
2085,35.43032585388161,35.29998,val
1881,21.824079935423136,21.87286,val
118,42.19750997747958,41.958122,val
2902,62.1233802776967,62.104897,val
3735,19.628813853406385,19.627068,val
487,13.53610473193936,13.53907,val
1267,11.747596709247082,11.408781,val
1799,5.227697523949966,5.10233,val
888,123.0978685654898,122.97972,val
4062,69.76848318728358,70.0556,val
1008,3.328531319289431,3.4314208,val
1458,38.05130976592272,38.015354,val
4316,25.32142942667775,25.367432,val
1470,41.380738858681696,41.25923,val
5,34.05490017098822,34.098656,val
1268,11.747596709247082,11.43536,val
4261,83.53755060546025,83.34086,val
4214,72.80691569376961,72.7083,val
220,70.37643466476314,70.26314,val
4724,145.24040847801632,145.49994,val
3123,80.57929170551442,80.96759,val
4286,25.04050211213976,24.92331,val
988,97.47338258073955,97.49153,val
4494,19.89991539202705,19.933517,val
2079,31.91051408188231,31.560225,val
827,179.04708701101467,179.26723,val
3896,38.91834885517143,38.94416,val
1357,44.21359478458822,43.766415,val
1569,74.77670776968583,74.86771,val
1801,5.227697523949966,5.155869,val
4175,72.29320847026757,72.03884,val
212,74.61339353212185,74.19427,val
4669,230.9901536612257,230.76491,val
2801,28.678520203607828,28.43435,val
781,98.65596999066533,98.57257,val
1111,25.27984779576332,25.165081,val
4771,113.1117727502116,112.92011,val
726,106.2025558056929,106.16901,val
4543,28.678520203607828,28.425821,val
69,32.981160511501805,32.83914,val
3191,86.49473331626407,86.838776,val
2269,21.824079935423136,21.862734,val
162,60.94990397147208,61.34601,val
3263,75.49486491080039,75.707085,val
2236,13.53610473193936,13.44449,val
2285,29.12596598702036,29.002022,val
4388,40.76621946032643,40.573963,val
2380,17.650012712740526,17.670975,val
1353,44.21359478458822,43.75523,val
1461,39.53055859179817,39.393814,val
3199,82.42432219773046,82.42581,val
2120,48.41170998900376,48.285152,val
3446,90.5009001330304,90.61083,val
3252,74.9590487748871,75.17548,val
3874,70.03363402017787,70.33053,val
4411,48.84238573144443,48.746933,val
3147,129.0712453641519,128.58179,val
2910,67.18811819694348,67.25468,val
542,33.39074910957999,33.207638,val
101,39.62144937456086,39.38311,val
3113,75.23466307522513,75.147316,val
1693,109.30466743726038,108.95924,val
3774,29.34578260289036,29.097965,val
2576,5.527128574206158,5.334244,val
3036,40.76621946032643,40.593864,val
1279,13.92854978889145,13.693073,val
4838,99.4907361299304,99.46369,val
3014,31.73671877096429,31.651072,val
3972,39.53055859179817,39.356155,val
28,32.0970063001027,31.803625,val
2890,57.39162304208823,57.15563,val
1513,52.561077422993925,52.34364,val
1444,36.94310571922444,36.977337,val
295,58.96624064707562,59.133644,val
1203,3.624115801788345,3.5166593,val
1884,21.824079935423136,21.923466,val
2875,53.00734926713273,52.6513,val
2237,13.53610473193936,13.458694,val
3951,36.94310571922444,36.996994,val
2837,38.72775337298162,38.566116,val
3393,105.8033985466063,106.07827,val
3870,70.03363402017787,70.359955,val
3202,82.42432219773046,82.52832,val
2815,33.2646262088608,33.17986,val
732,106.2025558056929,106.01885,val
4396,44.597910972306806,44.43815,val
3940,36.210240125305205,36.327293,val
1692,109.30466743726038,109.02018,val
3678,53.62497940433934,53.382915,val
1922,38.10425093874939,38.12043,val
4407,48.84238573144443,48.764816,val
4195,71.5126952436544,71.3533,val
2707,44.21359478458822,43.744293,val
4734,136.76886894565047,137.17342,val
3391,105.8033985466063,106.09121,val
4451,69.52453059841163,69.594124,val
2084,31.91051408188231,31.665348,val
1965,12.124975352206752,11.912713,val
1981,12.885025212225244,12.8162155,val
1002,3.328531319289431,3.3673353,val
3790,35.46372651810452,35.377357,val
3522,12.885025212225244,12.904062,val
4230,76.00671399435468,76.15608,val
1120,29.12596598702036,29.002022,val
1083,15.977335233233198,15.981347,val
2331,49.00862249254413,49.06699,val
1732,100.48928695862324,100.58683,val
3654,43.65657505930208,43.284004,val
501,18.731792724897712,18.613762,val
1222,5.527128574206158,5.318108,val
510,21.824079935423136,21.833515,val
1047,7.85908552453503,7.9164934,val
3207,79.34796417307675,79.55696,val
774,99.4907361299304,99.49022,val
1536,60.456358375515045,60.50151,val
692,123.0978685654898,123.16333,val
4706,166.17853479893557,166.41412,val
3587,21.22276810141124,21.155573,val
3077,58.5236929318425,58.527836,val
3368,127.03771421016312,127.63104,val
1677,113.1117727502116,113.06757,val
2786,26.657804872047155,26.618862,val
2589,6.750079908713624,6.6514344,val
1573,230.9901536612257,230.76491,val
3491,90.79293338634857,90.669495,val
359,68.89986520703063,68.827484,val
3390,105.8033985466063,106.01694,val
2882,53.00734926713273,52.543312,val
2752,19.89991539202705,19.960066,val
459,7.85908552453503,7.9463634,val
3,34.05490017098822,34.094875,val
3833,50.68801501365044,50.63218,val
345,66.11063343545332,66.14858,val
803,230.9901536612257,230.09592,val
2638,16.40524145944573,16.272655,val
2452,35.46372651810452,35.363785,val
3350,149.10252861042588,149.29573,val
163,60.94990397147208,61.30005,val
342,66.11063343545332,66.25686,val
1517,52.561077422993925,52.22528,val
3675,53.62497940433934,53.325638,val
2934,26.05871153969042,25.890162,val
1656,123.0978685654898,123.32226,val
2656,22.34386956684365,22.105194,val
922,106.2025558056929,106.19152,val
2496,55.1604052272772,55.162964,val
1045,7.85908552453503,7.9041038,val
1720,101.86758015295236,101.98187,val
1777,3.328531319289431,3.3673353,val
4181,71.63339382759735,71.63869,val
475,11.384421137066337,11.187231,val
4560,33.2646262088608,32.937477,val
2446,35.46372651810452,35.38197,val
1782,3.328531319289431,3.4072027,val
628,179.04708701101467,178.37141,val
4546,30.8733631927149,30.865099,val
3341,163.4865892910184,163.52277,val
2197,6.442036183009371,6.430813,val
3743,21.77517690158367,21.824274,val
2451,35.46372651810452,35.29299,val
3426,94.254909093602,94.25251,val
1225,5.527128574206158,5.35747,val
2722,50.04341124314785,49.873978,val
2151,65.47137652330578,65.75978,val
3581,21.22276810141124,21.194813,val
3154,116.54820805259138,116.495514,val
2223,9.499438230882436,9.478276,val
4306,24.74816706908628,24.699991,val
1000,3.328531319289431,3.3414788,val
4476,18.448270263304188,18.37741,val
3783,32.289249758728964,31.9351,val
2699,38.91593697359398,38.594612,val
2913,67.18811819694348,67.19484,val
3604,25.935608876074404,25.670746,val
3894,38.91834885517143,39.018517,val
1617,154.98431615588598,154.88171,val
4086,110.28871787139632,109.80047,val
4813,101.86758015295236,101.96902,val
3637,35.43032585388161,35.258728,val
3794,35.46372651810452,35.313457,val
563,43.29863673312664,43.16822,val
4007,46.20624283129268,45.978813,val
130,48.50593326834902,48.51158,val
1734,100.48928695862324,100.545395,val
1790,4.196221297202333,4.178787,val
3256,74.9590487748871,74.89536,val
3828,46.48566476712182,46.383,val
2883,53.00734926713273,52.525585,val
1932,43.29863673312664,43.20067,val
2262,18.731792724897712,18.728079,val
2,34.05490017098822,34.06001,val
2880,53.00734926713273,52.607567,val
4242,78.23957030362628,78.28529,val
4028,52.561077422993925,52.181023,val
4702,179.04708701101467,178.96594,val
1674,117.68636585320668,117.47584,val
1912,33.39074910957999,33.31794,val
2318,43.29863673312664,43.16822,val
270,59.46021848278396,59.725986,val
881,123.0978685654898,123.32226,val
653,154.98431615588598,155.34691,val
2394,19.628813853406385,19.679773,val
3349,149.10252861042588,149.52457,val
4054,64.95566127753861,65.12314,val
688,123.0978685654898,123.34447,val
4850,98.65596999066533,98.524734,val
3732,19.628813853406385,19.63717,val
3670,53.62497940433934,53.354126,val
4795,106.2025558056929,106.173996,val
26,32.0970063001027,31.9081,val
2741,18.448270263304188,18.005157,val
4705,166.17853479893557,166.46664,val
3624,31.91051408188231,31.560225,val
1715,101.86758015295236,101.93152,val
2662,22.34386956684365,22.150696,val
2598,8.180433892801254,8.069806,val
3699,65.47137652330578,65.815025,val
3513,12.124975352206752,11.880093,val
4148,75.33592393483191,75.30653,val
4486,19.89991539202705,19.96112,val
2862,45.250987390322535,44.90617,val
3799,35.46372651810452,35.442417,val
1806,6.442036183009371,6.3897915,val
1289,16.40524145944573,16.339317,val
3410,97.23410613085656,97.32907,val
4152,75.33592393483191,75.30786,val
397,82.96307013740815,83.03801,val
1562,74.77670776968583,74.95729,val
1107,21.824079935423136,21.902054,val
2083,31.91051408188231,31.661484,val
1662,123.0978685654898,123.16333,val
2040,21.22276810141124,21.132332,val
4569,35.87508543765299,35.780354,val
2965,25.32142942667775,25.367432,val
615,211.02994799979388,209.72452,val
81,35.58213028597243,35.34724,val
4440,63.896198456162885,63.99666,val
4529,26.657804872047155,26.560413,val
2781,24.789633367188944,24.698587,val
428,4.196221297202333,4.182027,val
3785,32.289249758728964,31.93991,val
2142,59.31238391810723,59.515648,val
745,101.86758015295236,101.93152,val
4466,80.57929170551442,80.805305,val
2675,29.77075417333722,29.446247,val
3231,75.72927173724563,76.06028,val
1237,6.750079908713624,6.6626735,val
2051,23.43298254652068,23.22179,val
2022,17.59043680885926,17.411335,val
4287,25.04050211213976,24.901463,val
3332,180.7969094795742,180.52405,val
1973,12.124975352206752,11.888617,val
1959,62.12878854692645,62.57287,val
2379,17.650012712740526,17.654535,val
1781,3.328531319289431,3.4221709,val
3741,21.77517690158367,21.83958,val
694,123.0978685654898,123.00882,val
4532,26.657804872047155,26.61524,val
2326,49.00862249254413,48.949135,val
1695,106.2025558056929,106.08895,val
2378,17.650012712740526,17.637423,val
1663,123.0978685654898,122.97972,val
679,129.4267602168825,130.0003,val
4420,53.49135176226452,53.20068,val
1389,38.91834885517143,38.611103,val
1137,33.39074910957999,33.31794,val
572,49.00862249254413,48.985367,val
3507,91.48002635649718,91.81462,val
1887,25.27984779576332,25.202667,val
649,154.98431615588598,155.68918,val
684,129.4267602168825,129.35101,val
4460,75.23466307522513,75.16136,val
1996,14.865809293936342,14.822607,val
3329,180.7969094795742,181.01634,val
4025,52.561077422993925,52.308792,val
4781,109.30466743726038,109.15702,val
218,74.61339353212185,74.047104,val
3568,17.59043680885926,17.474976,val
1834,9.499438230882436,9.456787,val
2157,2.606366123918593,2.5595722,val
1205,3.624115801788345,3.492889,val
4318,25.32142942667775,25.298134,val
1867,18.731792724897712,18.665848,val
3047,44.597910972306806,44.435284,val
4755,123.0978685654898,123.39255,val
3601,25.935608876074404,25.72863,val
3534,13.792313484057486,13.759447,val
1495,46.20624283129268,46.057262,val
1578,230.9901536612257,230.09592,val
4648,67.18811819694348,67.27693,val
2709,44.21359478458822,43.755047,val
1826,9.499438230882436,9.408005,val
3563,17.59043680885926,17.495216,val
1516,52.561077422993925,52.283123,val
2080,31.91051408188231,31.607594,val
100,39.62144937456086,39.440998,val
4137,77.79019270718537,77.78978,val
51,32.21218363587208,31.940239,val
1726,100.48928695862324,100.542534,val
538,29.12596598702036,29.130642,val
1857,15.977335233233198,15.924811,val
1038,6.442036183009371,6.48114,val
4540,28.678520203607828,28.432863,val
752,101.86758015295236,101.937294,val
765,99.4907361299304,99.36069,val
78,34.1042114250461,33.952232,val
4482,18.448270263304188,18.005157,val
1778,3.328531319289431,3.3851047,val
1522,56.318371719458256,56.301666,val
4533,26.657804872047155,26.590206,val
3203,82.42432219773046,82.42521,val
3111,75.23466307522513,75.16256,val
4084,110.28871787139632,110.15257,val
3019,34.339930274970904,34.17662,val
773,99.4907361299304,99.52627,val
3133,164.15376691555798,163.62364,val
993,2.606366123918593,2.6004677,val
4517,24.789633367188944,24.734358,val
182,71.10218907830797,71.5888,val
76,34.1042114250461,33.85728,val
454,7.85908552453503,7.870453,val
4623,53.00734926713273,52.543312,val
1130,33.39074910957999,33.166416,val
1251,9.839051198642553,9.578209,val
4075,74.77670776968583,74.91371,val
957,100.48928695862324,100.58683,val
3560,17.59043680885926,17.524231,val
4350,29.533535528411715,29.3472,val
638,166.17853479893557,165.97858,val
2554,2.9065837811274826,2.7652073,val
281,58.963765679663645,59.128845,val
4461,75.23466307522513,75.17585,val
3050,44.597910972306806,44.34765,val
809,211.02994799979388,209.71494,val
1882,21.824079935423136,21.902054,val
4421,53.49135176226452,53.153946,val
2448,35.46372651810452,35.318832,val
912,109.30466743726038,109.20228,val
907,113.1117727502116,112.78966,val
207,79.75972735839933,79.623634,val
310,60.42126498608887,60.624302,val
658,145.24040847801632,145.49994,val
2543,75.24982629334554,75.410126,val
2140,59.31238391810723,59.442467,val
2409,24.10159309622668,23.993248,val
2740,18.448270263304188,18.07693,val
1933,43.29863673312664,43.25632,val
3824,46.48566476712182,46.35046,val
4610,48.96526861625701,48.801506,val
3209,79.34796417307675,79.48735,val
3619,28.753615695926324,28.524956,val
2150,65.47137652330578,65.712715,val
3028,37.34804120151974,37.24836,val
3519,12.124975352206752,11.943633,val
4608,48.96526861625701,48.867867,val
1347,38.91593697359398,38.635376,val
892,117.68636585320668,117.816444,val
1399,37.38629228613615,37.13977,val
2028,19.28254456595652,19.043455,val
3351,149.10252861042588,149.01584,val
4589,41.84557272242807,41.63193,val
3366,127.03771421016312,127.86623,val
2795,28.678520203607828,28.58521,val
