T,P,z_carbon dioxide,z_hydrogen,z_methane,z_oxygen,z_hydrogen sulfide,rho_l,rho_v,x_carbon dioxide,x_hydrogen,x_methane,x_oxygen,x_hydrogen sulfide,y_carbon dioxide,y_hydrogen,y_methane,y_oxygen,y_hydrogen sulfide,rhoL1_carbon dioxide,rhoL2_hydrogen,rhoL3_methane,rhoL4_oxygen,rhoL5_hydrogen sulfide,rhoV1_carbon dioxide,rhoV2_hydrogen,rhoV3_methane,rhoV4_oxygen,rhoV5_hydrogen sulfide,gamma0_carbon dioxide,rhoL0_carbon dioxide,rhoV0_carbon dioxide,Tc_carbon dioxide,Pc_carbon dioxide,Psat0_carbon dioxide,gamma_wsd,gamma_cDFT_minus_wsd_corrected,gamma_cDFT_minus_wsd_uncorrected
200.0,2.3691591651,0.9600000000000001,0.004354000000000001,0.019941000000000004,0.0026300000000000004,0.013075000000000002,0.02784176288335739,0.00014807791399804537,0.9515205271217834,4.50775425868963e-06,0.0006055913227763403,2.7487389154359588e-05,0.047841886412027156,0.9605576787696958,0.004640057815060327,0.02121265297625732,0.002801162294140052,0.010788448144846623,0.026492008894771928,1.2550382520688114e-07,1.6860730012957617e-05,7.652973711182493e-07,0.0013320024573761778,0.0001422373773470211,6.870900820844613e-07,3.1411254030886126e-06,4.1479026928623805e-07,1.5975308965649703e-06,19.912634119959,0.02777524771620771,0.00014972642075782548,309.1473760575555,82.3795680252517,2.3922586739869414,20.427786043612134,-0.04117870652562061,-0.0542114959714084
200.0,2.8023761589,0.9600000000000001,0.004354000000000001,0.019941000000000004,0.0026300000000000004,0.013075000000000002,0.027771370988115655,0.0001754550778131588,0.9810230069066267,3.3487707019624114e-05,0.0038383935919645376,0.00019243073966209188,0.014912681054726857,0.8435816791326861,0.028279539703685887,0.10911180263241575,0.01612843633437933,0.0028985421968330673,0.027244353872680677,9.299995351833061e-07,0.000106597452440853,5.3440654606734554e-06,0.0004141455979982634,0.00014801068915398061,4.961788839230521e-06,1.914421982120453e-05,2.8298160520531032e-06,5.085639466900701e-07,19.912634119959,0.02777524771620771,0.00014972642075782548,309.1473760575555,82.3795680252517,2.3922586739869414,19.803907198181967,-0.002354317674658546,-0.08317204457283012
200.0,3.2355931526,0.9600000000000001,0.004354000000000001,0.019941000000000004,0.0026300000000000004,0.013075000000000002,0.027747099958277066,0.00020273550572493022,0.9783779180911433,7.847639967271979e-05,0.007185741416717733,0.0004130142924155557,0.013944849800050731,0.7340008618890358,0.05693148151096163,0.1767964953780918,0.029892982489832277,0.002378178732078571,0.027147149890245963,2.1774925060846576e-06,0.0001993834853639984,1.1459948855851497e-05,0.0003869291413051676,0.00014880803593760833,1.1542032695794322e-05,3.584292690087273e-05,6.060368922702631e-06,4.821412679522224e-07,19.912634119959,0.02777524771620771,0.00014972642075782548,309.1473760575555,82.3795680252517,2.3922586739869414,19.544509427361273,0.008118389056328112,-0.14309020978038944
200.0,3.6688101464,0.9600000000000001,0.004354000000000001,0.019941000000000004,0.0026300000000000004,0.013075000000000002,0.02772749778760001,0.00022999951782826886,0.9755510560643843,0.00013905706570922899,0.010024839350501986,0.000658254964173677,0.013626792555230796,0.6499598358560915,0.08838698102677475,0.21763870379060427,0.041940523479984164,0.0020739558465452195,0.027049589748716067,3.855704481802796e-06,0.00027796371091208934,1.8251763062802352e-05,0.00037783686042724615,0.00014949044885464183,2.032896301845454e-05,5.005679693260841e-05,9.646300177861546e-06,4.770088447025196e-07,19.912634119959,0.02777524771620771,0.00014972642075782548,309.1473760575555,82.3795680252517,2.3922586739869414,19.327663308891537,0.014865171422080437,-0.19659012799634468
200.0,4.1020271402,0.9600000000000001,0.004354000000000001,0.019941000000000004,0.0026300000000000004,0.013075000000000002,0.02771221134895825,0.00025720616449391356,0.973095919662258,0.0002178174182010779,0.01230787259449991,0.0009128406715406142,0.013465549653500582,0.5836958787100464,0.12320495450183229,0.23927476006414494,0.05197163837863307,0.0018527683453432775,0.026966639788489392,6.036202328672697e-06,0.00034107836659483265,2.529683361765848e-05,0.00037316015792769966,0.0001501301781939156,3.168907379406341e-05,6.154294329630016e-05,1.3367425769832889e-05,4.765434398014791e-07,19.912634119959,0.02777524771620771,0.00014972642075782548,309.1473760575555,82.3795680252517,2.3922586739869414,19.150863063694324,0.017244335010168754,-0.24362076961393697
200.0,4.535244134,0.9600000000000001,0.004354000000000001,0.019941000000000004,0.0026300000000000004,0.013075000000000002,0.02770093664651566,0.0002843283378266829,0.9710951333919063,0.00031545875556682554,0.014061947238964265,0.0011583289234926586,0.013369131690069959,0.5301589482993281,0.1608127602984591,0.24770376161319388,0.0596446045963571,0.0016799251926619507,0.02690024476782887,8.738503002545303e-06,0.00038952910959319493,3.2086796125496816e-05,0.00037033746996555274,0.00015073921255389025,4.572362483698166e-05,7.042919881289632e-05,1.6958651285211945e-05,4.776503377027424e-07,19.912634119959,0.02777524771620771,0.00014972642075782548,309.1473760575555,82.3795680252517,2.3922586739869414,19.01151397078704,0.015093121609421445,-0.28492573323022796
200.0,4.9684611278,0.9600000000000001,0.004354000000000001,0.019941000000000004,0.0026300000000000004,0.013075000000000002,0.027693037381910725,0.00031135900279757786,0.969512664973443,0.0004305001136492719,0.015370212350498598,0.0013801142315542755,0.01330650833085479,0.48600924965178915,0.19985154567351188,0.2476911702959004,0.06490847768097212,0.0015395566978264488,0.026848750473345447,1.1921855740206103e-05,0.0004256478651902636,3.821955500573955e-05,0.0003684976326290682,0.00015132335532198015,6.222557796845925e-05,7.712087578509659e-05,2.0209838883856317e-05,4.793548381855751e-07,19.912634119959,0.02777524771620771,0.00014972642075782548,309.1473760575555,82.3795680252517,2.3922586739869414,18.903988792515413,0.00892677073121817,-0.32153702578767707
200.0,5.4016781216,0.9600000000000001,0.004354000000000001,0.019941000000000004,0.0026300000000000004,0.013075000000000002,0.02768774243896825,0.0003383063741885577,0.9682693657332191,0.0005600768585890126,0.016335639918867655,0.0015713630915803552,0.013263554397743897,0.448966420283042,0.2388123837110711,0.24274648809545232,0.06805206819525751,0.0014226397151769978,0.026809192809964518,1.5507263806639022e-05,0.0004522969906493358,4.350749655777775e-05,0.00036723787798997767,0.00015188820177837207,8.079175164461904e-05,8.212268423457836e-05,2.3022448447170034e-05,4.812880838181725e-07,19.912634119959,0.02777524771620771,0.00014972642075782548,309.1473760575555,82.3795680252517,2.3922586739869414,18.821332570680838,-0.0004085326323561844,-0.3545230454477739
200.0,5.8348951153,0.9600000000000001,0.004354000000000001,0.019941000000000004,0.0026300000000000004,0.013075000000000002,0.02768435112457909,0.0003651852221723492,0.9672827291536048,0.0007010211572768588,0.017051587233679867,0.0017319255795035379,0.013232736875934924,0.4174295453247837,0.27650450152375744,0.23520508099231638,0.0695374239043694,0.0013234482547730562,0.02677859471062953,1.940731586381134e-05,0.00047206212820858365,4.794723586461606e-05,0.0003663397340125482,0.00015243910125073385,0.00010097535782060804,8.589341975824445e-05,2.5394039597809967e-05,4.833037449529064e-07,19.912634119959,0.02777524771620771,0.00014972642075782548,309.1473760575555,82.3795680252517,2.3922586739869414,18.75710301448895,-0.012075102198966903,-0.38481110028899934
200.0,6.2681121091,0.9600000000000001,0.004354000000000001,0.019941000000000004,0.0026300000000000004,0.013075000000000002,0.027682318699221723,0.00039201056986432964,0.9664842769654706,0.0008505444538108323,0.017590242175086764,0.0018652224979122034,0.01320971390771961,0.3902459008982423,0.31219220140495807,0.22649508673504187,0.0698287206955621,0.0012380902661956246,0.026754525772745032,2.354504263824693e-05,0.0004869386898872429,5.163368363216404e-05,0.0003656755103190358,0.00015298051799833868,0.0001223826427799572,8.878846802247454e-05,2.737359659276441e-05,4.853444707948264e-07,19.912634119959,0.02777524771620771,0.00014972642075782548,309.1473760575555,82.3795680252517,2.3922586739869414,18.70620001002564,-0.025400058324468233,-0.41312139954955285
200.0,6.7013291029,0.9600000000000001,0.004354000000000001,0.019941000000000004,0.0026300000000000004,0.013075000000000002,0.027681253908261788,0.0004187949986501628,0.9658227423506823,0.00100645550609931,0.018003169612321346,0.001975760457499552,0.013191872073397679,0.36656555958983045,0.3455245471140039,0.21743819676110868,0.06930790766192435,0.0011637888731325942,0.026735184561382942,2.7859950411703123e-05,0.0004983503091921701,5.4691526885948576e-05,0.000365167560389029,0.0001535158230336192,0.00014470395224220735,9.106202931906233e-05,2.9025805095721214e-05,4.873889595526393e-07,19.912634119959,0.02777524771620771,0.00014972642075782548,309.1473760575555,82.3795680252517,2.3922586739869414,18.664899936351542,-0.0398936090267874,-0.43997969163416784
200.0,7.1345460967,0.9600000000000001,0.004354000000000001,0.019941000000000004,0.0026300000000000004,0.013075000000000002,0.027680884964871116,0.0004455481786574022,0.9652614278859408,0.0011671236593349817,0.01832601213384367,0.0020678504945689236,0.013177585826311573,0.34574806694053245,0.37640983638345715,0.2084847641946733,0.06825884218220457,0.0010984902991322879,0.026719290546337964,3.2307015753831054e-05,0.000507280233741759,5.723993166471422e-05,0.00036476723737284675,0.00015404742149967182,0.0001677087170293801,9.289000696475467e-05,3.0412602811544306e-05,4.894303520512159e-07,19.912634119959,0.02777524771620771,0.00014972642075782548,309.1473760575555,82.3795680252517,2.3922586739869414,18.63057865960701,-0.05521968626048235,-0.46576510133805726
200.0,7.5677630905,0.9600000000000001,0.004354000000000001,0.019941000000000004,0.0026300000000000004,0.013075000000000002,0.027681024439943438,0.00047227727113189597,0.9647744325920994,0.0013313615177424788,0.018583242924244767,0.0021451499551601973,0.013165813010753098,0.3273013013390644,0.4049082852173456,0.1998683774122476,0.06688140296743526,0.0010406330639071435,0.026705944647614464,3.6853450711029744e-05,0.0005144032015594254,5.937994833613299e-05,0.00036444319172238183,0.0001545769654343317,0.0001912289800011434,9.439329186981617e-05,3.1586566482933016e-05,4.914673436716896e-07,19.912634119959,0.02777524771620771,0.00014972642075782548,309.1473760575555,82.3795680252517,2.3922586739869414,18.601403820251047,-0.07113262363040818,-0.4907312663511014
200.0,8.0009800843,0.9600000000000001,0.004354000000000001,0.019941000000000004,0.0026300000000000004,0.013075000000000002,0.027681542209512,0.0004989875168556313,0.9643434366232219,0.0014983076322919223,0.01879178859234558,0.0022106014063973693,0.013155865745743314,0.3108406207999691,0.43115877359712274,0.19169931689911188,0.0653122846233908,0.0009890040804054847,0.026694513545351576,4.1475465966122836e-05,0.0005201856891112402,6.119285613959537e-05,0.00036417465294346664,0.00015510558951083948,0.0002151428458077476,9.56555661224086e-05,3.2590014724394004e-05,4.935006902416199e-07,19.912634119959,0.02777524771620771,0.00014972642075782548,309.1473760575555,82.3795680252517,2.3922586739869414,18.576089504542008,-0.08747327085046308,-0.5150694564393241
200.0,8.434197078,0.9600000000000001,0.004354000000000001,0.019941000000000004,0.0026300000000000004,0.013075000000000002,0.027682346690695376,0.0005256827522994796,0.9639553470427197,0.0016673333695724254,0.018963523240361786,0.0022665191283191897,0.01314727721902692,0.2960608114031328,0.4553342157359725,0.18401892278582285,0.063643406006544,0.0009426440685280113,0.026684546111186144,4.61557003854692e-05,0.000524954824816754,6.27425682912245e-05,0.0003639474860157846,0.00015563406218641602,0.00023936134374421105,9.673557380523678e-05,3.3456240835233286e-05,4.955317283825842e-07,19.912634119959,0.02777524771620771,0.00014972642075782548,309.1473760575555,82.3795680252517,2.3922586739869414,18.55372221010868,-0.10412679734161756,-0.538913828139961
200.0,8.8674140718,0.9600000000000001,0.004354000000000001,0.019941000000000004,0.0026300000000000004,0.013075000000000002,0.027683372344373194,0.0005523658059866785,0.9636006729461108,0.0018379750565265755,0.019106919969385232,0.0023147096915600517,0.013139722336417291,0.2827164610827171,0.4776161660516057,0.17683074903571133,0.061935840625480604,0.0009007832044852931,0.026675716220455763,5.0881347849495555e-05,0.000528943979866631,6.407897026058614e-05,0.0003637518259407172,0.00015616290589165645,0.00026381883851336245,9.767525921433877e-05,3.421124052655606e-05,4.97561840764782e-07,19.912634119959,0.02777524771620771,0.00014972642075782548,309.1473760575555,82.3795680252517,2.3922586739869414,18.5336429111051,-0.12101112431011529,-0.562361978814689
200.0,9.3006310656,0.9600000000000001,0.004354000000000001,0.019941000000000004,0.0026300000000000004,0.013075000000000002,0.027684571441085812,0.0005790387844589163,0.9632724264412651,0.002009886267380318,0.01922813389569284,0.002356584149314754,0.01313296924634704,0.27060791290386077,0.4981812830654335,0.1701183256906047,0.06022968247787473,0.0008627958622262838,0.02666778430704128,5.564283995774772e-05,0.0005323226465140721,6.524102223863474e-05,0.0003635806253340775,0.00015669247695281583,0.0002884662845863919,9.850510852207377e-05,3.4875322130335075e-05,4.9959226729969e-07,19.912634119959,0.02777524771620771,0.00014972642075782548,309.1473760575555,82.3795680252517,2.3922586739869414,18.515368274624674,-0.13806691928929737,-0.5854863928679528
200.0,9.7338480594,0.9600000000000001,0.004354000000000001,0.019941000000000004,0.0026300000000000004,0.013075000000000002,0.02768590861729946,0.0006057032742801625,0.9629653810467547,0.0021828046433657335,0.019331715336653853,0.0023932499995117833,0.013126848973714009,0.25957102438298746,0.5171947160948563,0.16385526460142574,0.05855082693749371,0.0008281679832368184,0.026660571541283404,6.0432929885640636e-05,0.0005352161042262451,6.625930078483521e-05,0.00036342874111933724,0.0001572230193770314,0.0003132665329790535,9.924767027712598e-05,3.5464427587851077e-05,5.016240591005397e-07,19.912634119959,0.02777524771620771,0.00014972642075782548,309.1473760575555,82.3795680252517,2.3922586739869414,18.49853797251666,-0.15525005589153906,-0.6083412466648532
200.0,10.1670650532,0.9600000000000001,0.004354000000000001,0.019941000000000004,0.0026300000000000004,0.013075000000000002,0.027687357238011915,0.0006323604839732251,0.9626755678678421,0.0023565287999795415,0.019421084742428214,0.0024255826637662914,0.013121235925983792,0.249469574549315,0.534807395944187,0.1580109826757596,0.0569155737764454,0.0007964730542929636,0.02665394235186293,6.524605472669708e-05,0.0005377185112133126,6.715797372202586e-05,0.0003632923464869493,0.0001577547008985994,0.00033819106373172633,9.991990147792824e-05,3.599115977888681e-05,5.036580860843313e-07,19.912634119959,0.02777524771620771,0.00014972642075782548,309.1473760575555,82.3795680252517,2.3922586739869414,18.48287913026522,-0.17252744841282208,-0.6309679232181971
200.0,10.6002820469,0.9600000000000001,0.004354000000000001,0.019941000000000004,0.0026300000000000004,0.013075000000000002,0.027688896931937615,0.0006590113441011192,0.9623999294224425,0.002530902141530655,0.019498853583896053,0.00245427976930271,0.013116035082828133,0.2401895484796791,0.5511554519089534,0.15255390454532436,0.05533374095865912,0.0007673541073839568,0.026647792453082044,7.007788854166249e-05,0.0005399017471754402,6.795629957436236e-05,0.00036316854356410603,0.00015828763718263425,0.00036321769517117913,0.00010053475368228804,3.64655630033091e-05,5.056950617086159e-07,19.912634119959,0.02777524771620771,0.00014972642075782548,309.1473760575555,82.3795680252517,2.3922586739869414,18.46818203219499,-0.1898738354729126,-0.6533984120580918
200.0,11.0334990407,0.9600000000000001,0.004354000000000001,0.019941000000000004,0.0026300000000000004,0.013075000000000002,0.02769051189525528,0.0006856565783660682,0.9621360785799123,0.0027058014001813168,0.019567044615840024,0.002479902013339068,0.01311117339072729,0.23163477631594298,0.5663607319255499,0.14745320839578083,0.05381077333714235,0.0007405100255838279,0.02664204052877133,7.492502585791915e-05,0.0005418214816899089,6.866975619943299e-05,0.0003630551027366885,0.00015882190815937904,0.0003883289615729746,0.0001011022623377499,3.6895710725577076e-05,5.077355703875771e-07,19.912634119959,0.02777524771620771,0.00014972642075782548,309.1473760575555,82.3795680252517,2.3922586739869414,18.454283278403665,-0.20726964899783695,-0.675657766093007
200.0,11.4667160345,0.9600000000000001,0.004354000000000001,0.019941000000000004,0.0026300000000000004,0.013075000000000002,0.027692189705727763,0.0007122967546499104,0.9618821283011637,0.002881128425015651,0.019627245516001552,0.0025029038951628227,0.013106593862656389,0.22372356475398242,0.5805318472457107,0.1426797276829194,0.05234917533215891,0.000715684985228705,0.026636622371464996,7.978475491209805e-05,0.0005435214062300096,6.931088948005383e-05,0.0003629502836406079,0.00015935756911297078,0.0004135109507640373,0.00010163030698287647,3.728814769769594e-05,5.097800923300757e-07,19.912634119959,0.02777524771620771,0.00014972642075782548,309.1473760575555,82.3795680252517,2.3922586739869414,18.441053932629835,-0.22469952326422415,-0.6977658398441271
200.0,11.8999330283,0.9600000000000001,0.004354000000000001,0.019941000000000004,0.0026300000000000004,0.013075000000000002,0.027693920480708897,0.0007389323220546204,0.9616365696665161,0.0030568042266314217,0.019680717748736844,0.002523656903078352,0.013102251455037173,0.216386066078306,0.5937654206299514,0.13820636489815438,0.050949488174101165,0.0006926602194870509,0.02663148669168618,8.465489317742545e-05,0.0005450362323367944,6.988995359444396e-05,0.0003628527099140519,0.00015989465826750715,0.0004387524610218284,0.0001021251501369214,3.7648223603982995e-05,5.118290243804296e-07,19.912634119959,0.02777524771620771,0.00014972642075782548,309.1473760575555,82.3795680252517,2.3922586739869414,18.428391058263884,-0.24215124453390757,-0.7197385457446366
200.0,12.3331500221,0.9600000000000001,0.004354000000000001,0.019941000000000004,0.0026300000000000004,0.013075000000000002,0.027695696270366416,0.0007655636381023974,0.9613981832796435,0.003232764604489304,0.01972847487302163,0.0025424671071758616,0.013098110135669506,0.2095622023079296,0.6061473651129539,0.13400822606818463,0.049610958986508594,0.0006712475244232463,0.026626592078995072,8.953366659952697e-05,0.0005463938479607627,7.04153967777398e-05,0.00036276128003331047,0.0001604332020076092,0.00046404438206205516,0.00010259182508440796,3.798034625146035e-05,5.138826968646883e-07,19.912634119959,0.02777524771620771,0.00014972642075782548,309.1473760575555,82.3795680252517,2.3922586739869414,18.41621158716023,-0.25961499413612543,-0.7415887685815399
200.0,12.7663670159,0.9600000000000001,0.004354000000000001,0.019941000000000004,0.0026300000000000004,0.013075000000000002,0.02769751061420288,0.000792190988931425,0.9611659740567353,0.003408956897691705,0.019771339680810306,0.0025595886001347433,0.013094140764627907,0.20320001204527494,0.6177541046696987,0.13006259899909534,0.048332000196387975,0.000651284089543012,0.02662190476844708,9.441961985717613e-05,0.0005476168906662541,7.089423242022475e-05,0.0003626751028121481,0.00016097321849302382,0.0004893792350947356,0.0001030344189240847,3.828817503261042e-05,5.159413869703815e-07,19.912634119959,0.02777524771620771,0.00014972642075782548,309.1473760575555,82.3795680252517,2.3922586739869414,18.404447817548533,-0.27708279504324906,-0.7633270396685887
200.0,13.1995840096,0.9600000000000001,0.004354000000000001,0.019941000000000004,0.0026300000000000004,0.013075000000000002,0.027699358212594293,0.0008188146044681382,0.960939122621561,0.003585337542504522,0.019809986452381856,0.002575233843851995,0.013090319539700617,0.1972543226461528,0.6286536956290086,0.12634884794900658,0.04711050542935736,0.0006326283464746004,0.02661739697799069,9.931154890289526e-05,0.000548723910931165,7.133232472205252e-05,0.0003625934500474898,0.00016151472017714012,0.0005147508271339,0.00010345628195837075,3.857476986943332e-05,5.180053292939322e-07,19.912634119959,0.02777524771620771,0.00014972642075782548,309.1473760575555,82.3795680252517,2.3922586739869414,18.393044065463013,-0.29454810425770006,-0.7849620425393375
200.0,13.6328010034,0.9600000000000001,0.004354000000000001,0.019941000000000004,0.0026300000000000004,0.013075000000000002,0.027701234680466192,0.0008454346699408313,0.960716948645897,0.00376187021611802,0.019844972601107666,0.0025895816967160482,0.013086626840161288,0.19168567522944346,0.6389068339908403,0.12284826757301869,0.04594406659835338,0.0006151566083442788,0.02661304565594138,0.00010420844969414134,0.0005497302432507051,7.173461030497109e-05,0.00036251572127499556,0.0001620577155699899,0.0005401539883179875,0.00010386018454839798,3.884270678031846e-05,5.200747241374666e-07,19.912634119959,0.02777524771620771,0.00014972642075782548,309.1473760575555,82.3795680252517,2.3922586739869414,18.38195414387223,-0.31200550895616885,-0.8065009968253065
200.0,14.0660179972,0.9600000000000001,0.004354000000000001,0.019941000000000004,0.0026300000000000004,0.013075000000000002,0.02770313636039181,0.0008720513339115301,0.9604988828867862,0.003938524412303351,0.01987676265433785,0.002602783690865363,0.013083046355707232,0.1864594433554364,0.6485677541527272,0.11954391971723939,0.044830122464492285,0.0005987603101047358,0.026608831526616642,0.00010910947885277174,0.0005506486662162649,7.210527150464704e-05,0.0003624414172014846,0.00016260220629850971,0.0005655843751408911,0.00010424843465043149,3.909416809457775e-05,5.221497271201163e-07,19.912634119959,0.02777524771620771,0.00014972642075782548,309.1473760575555,82.3795680252517,2.3922586739869414,18.371139448839923,-0.3294453648049078,-0.8279448205549649
200.0,14.499234991,0.9600000000000001,0.004354000000000001,0.019941000000000004,0.0026300000000000004,0.013075000000000002,0.027705060179286322,0.0008986647186281435,0.9602844456525099,0.00411527433134609,0.019905746616851166,0.0026149689763057676,0.013079564422987024,0.18154513346727177,0.6576849856912412,0.11642047659524435,0.04376606040554487,0.000583343840697661,0.02660473835603539,0.0001140139230042157,0.0005514899079334867,7.244787285551804e-05,0.0003623701194577079,0.00016314820628567455,0.0005910382926121739,0.00010462297484201962,3.9331014359811314e-05,5.24230528464024e-07,19.912634119959,0.02777524771620771,0.00014972642075782548,309.1473760575555,82.3795680252517,2.3922586739869414,18.3605674582886,-0.3468761200309345,-0.8493108564346379
200.0,14.9324519848,0.9600000000000001,0.004354000000000001,0.019941000000000004,0.0026300000000000004,0.013075000000000002,0.027707003537237273,0.0009252749197141411,0.9600732300074527,0.004292098022659357,0.019932254205418703,0.0026262482511300676,0.013076169513339193,0.17691575688303154,0.6663020832985497,0.11346405384618453,0.04274928342454699,0.0005688225476874862,0.026600752379823307,0.00011892117509599191,0.0005522630377746485,7.276546958372398e-05,0.0003623014749596032,0.0001636957127461135,0.0006165126066294305,0.00010498544331296938,3.955483978848478e-05,5.263172371431319e-07,19.912634119959,0.02777524771620771,0.00014972642075782548,309.1473760575555,82.3795680252517,2.3922586739869414,18.3502106232024,-0.3642877448224482,-0.8705966161998084
203.4379310345,2.8230719618,0.9600000000000001,0.004354000000000001,0.019941000000000004,0.0026300000000000004,0.013075000000000002,0.02760109585206408,0.00017443857904428186,0.953303557440203,5.639808724586019e-06,0.0006976663118673143,3.23143044576824e-05,0.04596082213474733,0.9604851822563752,0.00466905492510326,0.0213352513469827,0.0028182120239010947,0.010692299447637752,0.02631222286502072,1.55664901194606e-07,1.9256354746605775e-05,8.919102147292736e-07,0.0012685690571808295,0.00016754567038589017,8.144633066147186e-07,3.7216909285202625e-06,4.916049008948167e-07,1.8651495223618893e-06,19.10238906544747,0.02753264082117786,0.0001760557900791252,309.1473760575555,82.3795680252517,2.8449952867078783,19.59007813046221,-0.03679843163392249,-0.0512199019631403
203.4379310345,3.2470095949,0.9600000000000001,0.004354000000000001,0.019941000000000004,0.0026300000000000004,0.013075000000000002,0.027532075309071067,0.00020097804804994088,0.9808545490518146,3.4230610125200134e-05,0.003661856159520553,0.00018560878264818362,0.015263755395891322,0.8653760861009737,0.023954207407773872,0.09380480311001495,0.01372100290356589,0.003143900477671667,0.0270049613117395,9.424397358424607e-07,0.00010081849955490562,5.110194981894795e-06,0.0004202428630589197,0.00017392159661367129,4.814269847397827e-06,1.8852706226759827e-05,2.757620380846244e-06,6.318549812657283e-07,19.10238906544747,0.02753264082117786,0.0001760557900791252,309.1473760575555,82.3795680252517,2.8449952867078783,19.020230518399554,0.002134406587870785,-0.07198404287462523
203.4379310345,3.670947228,0.9600000000000001,0.004354000000000001,0.019941000000000004,0.0026300000000000004,0.013075000000000002,0.027508413129046234,0.00022738024897801055,0.9786074026444312,7.853125999076421e-05,0.006825926473005436,0.00039253428641196055,0.014095605336160617,0.7690191257840596,0.04823614589929667,0.15455023351069472,0.025594685946489268,0.002599808859459896,0.026919936723085906,2.1602703433704816e-06,0.000187770405407927,1.079799531793557e-05,0.0003877477348910949,0.0001748597602896315,1.096794686432172e-05,3.514167057527143e-05,5.819726063026718e-06,5.911451857592288e-07,19.10238906544747,0.02753264082117786,0.0001760557900791252,309.1473760575555,82.3795680252517,2.8449952867078783,18.78054772277843,0.01613552651699024,-0.12191332167981983
203.4379310345,4.0948848611,0.9600000000000001,0.004354000000000001,0.019941000000000004,0.0026300000000000004,0.013075000000000002,0.027489182405380275,0.0002537597025135925,0.9759635171024165,0.00013724742246136408,0.00955937591591818,0.0006223471333041495,0.01371751242589964,0.6921400000687309,0.07510904338318318,0.19413956843625255,0.03631743199164746,0.0022939561201858667,0.0268284391426248,3.772819430708723e-06,0.000262779428234274,1.710781386686328e-05,0.00037708320122362566,0.00017563724051519904,1.9059648504997077e-05,4.926479913250067e-05,9.215900738258087e-06,5.821136226376003e-07,19.10238906544747,0.02753264082117786,0.0001760557900791252,309.1473760575555,82.3795680252517,2.8449952867078783,18.578580078022053,0.026150029723375212,-0.1675606846492066
203.4379310345,4.5188224941,0.9600000000000001,0.004354000000000001,0.019941000000000004,0.0026300000000000004,0.013075000000000002,0.027473824389737708,0.00028008005930748453,0.9735860619979879,0.00021283651438670336,0.01181059810063514,0.0008629250463480502,0.013527578340642157,0.6296780169688045,0.10503934464414676,0.2176178896414969,0.045593421110658436,0.002071327634893394,0.026748132495629007,5.8474330199841715e-06,0.00032448229815461955,2.3707851184872604e-05,0.00037165431174922205,0.00017636025633724204,2.941942587755193e-05,6.095043143716007e-05,1.2769808088704332e-05,5.801375668261735e-07,19.10238906544747,0.02753264082117786,0.0001760557900791252,309.1473760575555,82.3795680252517,2.8449952867078783,18.41065720606509,0.031787002134464615,-0.20855650104938306
203.4379310345,4.9427601272,0.9600000000000001,0.004354000000000001,0.019941000000000004,0.0026300000000000004,0.013075000000000002,0.0274621270875112,0.000306314274269604,0.9715921611775437,0.0003063636567765773,0.013588213366076135,0.0010990206826908852,0.013414241116912648,0.5779894888141314,0.13774065714592057,0.2292920633876665,0.05308221358319398,0.001895577069087563,0.026681987407487368,8.413397677393027e-06,0.00037316124235140115,3.018144565986041e-05,0.0003683835943351733,0.00017704643080156005,4.2191929431071e-05,7.02354319923731e-05,1.6259839730360183e-05,5.806423142396599e-07,19.10238906544747,0.02753264082117786,0.0001760557900791252,309.1473760575555,82.3795680252517,2.8449952867078783,18.275132502862913,0.032892466787714625,-0.2452884507425246
203.4379310345,5.3666977603,0.9600000000000001,0.004354000000000001,0.019941000000000004,0.0026300000000000004,0.013075000000000002,0.02745362910404528,0.0003324524826949678,0.9699757846794634,0.00041702895612859666,0.014949533934866687,0.0013171528533289167,0.013340499576212268,0.5345208816246564,0.17227051209794778,0.2328329828397476,0.058624497122329325,0.0017511263153188376,0.026629355432495276,1.1448958287201662e-05,0.0004104189599261686,3.616062590862703e-05,0.00036624512742800485,0.00017770279414842003,5.727175944209623e-05,7.740590319834892e-05,1.9489859615062382e-05,5.821662910402386e-07,19.10238906544747,0.02753264082117786,0.0001760557900791252,309.1473760575555,82.3795680252517,2.8449952867078783,18.1681473933761,0.02986926544769375,-0.2783857808332826
203.4379310345,5.7906353934,0.9600000000000001,0.004354000000000001,0.019941000000000004,0.0026300000000000004,0.013075000000000002,0.02744770712902251,0.00035849993569704407,0.9686817146916897,0.0005425965976955375,0.015976391281374944,0.001509472259129308,0.01328982517011047,0.4974487445318331,0.20742096216579328,0.2311705560686224,0.06233036239762323,0.0016293748361280753,0.026588092006096842,1.4893032502751163e-05,0.0004385153088698481,4.143155248796522e-05,0.000364775229065104,0.00017833534292723745,7.43604015986559e-05,8.287462948565106e-05,2.2345430911521384e-05,5.841307739782967e-07,19.10238906544747,0.02753264082117786,0.0001760557900791252,309.1473760575555,82.3795680252517,2.8449952867078783,18.084384571823943,0.02346201978522089,-0.3085573851996628
203.4379310345,6.2145730265,0.9600000000000001,0.004354000000000001,0.019941000000000004,0.0026300000000000004,0.013075000000000002,0.027443741620870255,0.00038447003621645874,0.9676419295558824,0.0006802561867483929,0.01675033381223728,0.001674006862798043,0.013253473582334002,0.46544574102737485,0.24210359399087947,0.22642779637505817,0.06449794501238293,0.0015249235943047225,0.026555715096251972,1.866877502512136e-05,0.00045969183320636656,4.5941011814193097e-05,0.00036372490457260405,0.00017894994090959129,9.308157754980826e-05,8.705470307273155e-05,2.479752725479803e-05,5.862874295296691e-07,19.10238906544747,0.02753264082117786,0.0001760557900791252,309.1473760575555,82.3795680252517,2.8449952867078783,18.018466762603037,0.014472429840910905,-0.3364676831065587
203.4379310345,6.6385106595,0.9600000000000001,0.004354000000000001,0.019941000000000004,0.0026300000000000004,0.013075000000000002,0.02744121569361053,0.00041037801714590897,0.9667946105406412,0.0008273199913613519,0.01733907080216921,0.0018126120412285708,0.013226386624599731,0.4375277322565374,0.275538417517049,0.22001660998048125,0.06548313012292399,0.001434110123008467,0.026530019439265924,2.270266633058286e-05,0.0004758051818091099,4.9740277992188874e-05,0.00036294812821272655,0.00017955176320978396,0.00011307490942816816,9.02899801429547e-05,2.687283709635309e-05,5.885272686490903e-07,19.10238906544747,0.02753264082117786,0.0001760557900791252,309.1473760575555,82.3795680252517,2.8449952867078783,17.965833222776144,0.0035887992667404944,-0.3626680808663423
203.4379310345,7.0624482926,0.9600000000000001,0.004354000000000001,0.019941000000000004,0.0026300000000000004,0.013075000000000002,0.027439737892528262,0.00043623751787702107,0.9660905833941519,0.0009815483369206735,0.017793581200459242,0.0019287944022172833,0.013205492666250896,0.4129515043090449,0.3072633421246718,0.21281944002517408,0.06561139974660442,0.0013543137945048972,0.026509272388775245,2.69334290939503e-05,0.00048825120431002,5.292561284541799e-05,0.0003623552575036288,0.00018014493924335974,0.00013403979770306476,9.283982427255949e-05,2.862215416989572e-05,5.908024881414263e-07,19.10238906544747,0.02753264082117786,0.0001760557900791252,309.1473760575555,82.3795680252517,2.8449952867078783,17.922977257912628,-0.008666758577366096,-0.38758787037406606
203.4379310345,7.4863859257,0.9600000000000001,0.004354000000000001,0.019941000000000004,0.0026300000000000004,0.013075000000000002,0.027439025660281526,0.00046205949929367435,0.965493139940973,0.0011412035471085186,0.018150457712096137,0.002026335050263911,0.013188863749558449,0.391145592751473,0.337062331019878,0.2053646161437679,0.06514387564286404,0.0012835844420172108,0.02649219104166614,3.131351341271494e-05,0.0004980308749080606,5.5600659440519304e-05,0.0003618895708540911,0.00018073253673767307,0.00015574285190180355,9.489067170802702e-05,3.0100346561591148e-05,5.930923845796227e-07,19.10238906544747,0.02753264082117786,0.0001760557900791252,309.1473760575555,82.3795680252517,2.8449952867078783,17.8873332636169,-0.021904701133671267,-0.41153289809865257
203.4379310345,7.9103235588,0.9600000000000001,0.004354000000000001,0.019941000000000004,0.0026300000000000004,0.013075000000000002,0.02743887878031494,0.00048785233311379007,0.9649756058813318,0.0013049823955130168,0.01843550014132935,0.002108656622606175,0.013175254959219616,0.3716632093807677,0.36488280287319813,0.1979577031418707,0.06427585716430821,0.0012204274398552519,0.026477848675738828,3.580725376092668e-05,0.000505849453632415,5.785917345699915e-05,0.00036151422372577034,0.00018131676382896657,0.00017800892669478884,9.657412733560866e-05,3.135712688049648e-05,5.953883739294744e-07,19.10238906544747,0.02753264082117786,0.0001760557900791252,309.1473760575555,82.3795680252517,2.8449952867078783,17.857061593802477,-0.03585839440976457,-0.43473492702003824
203.4379310345,8.3342611919,0.9600000000000001,0.004354000000000001,0.019941000000000004,0.0026300000000000004,0.013075000000000002,0.027439155579772164,0.0005136222747879084,0.9645187280388022,0.0014719195805298377,0.018666884220414768,0.0021786276387684425,0.013163840521484789,0.354149690738123,0.3907701105647016,0.19076859406378802,0.0631479338734652,0.0011636707599221527,0.02646557943826065,4.03882303710712e-05,0.0005122035403135549,5.977970273055896e-05,0.00036120466809633027,0.000181899169772349,0.0002007082331073645,9.798299924113387e-05,3.2434185444245614e-05,5.976872228153901e-07,19.10238906544747,0.02753264082117786,0.0001760557900791252,309.1473760575555,82.3795680252517,2.8449952867078783,17.83084701241662,-0.05033709733285363,-0.45735949755588123
203.4379310345,8.7581988249,0.9600000000000001,0.004354000000000001,0.019941000000000004,0.0026300000000000004,0.013075000000000002,0.027439755014624846,0.000539373970967648,0.9641085509254417,0.0016413002866841116,0.01885752337587242,0.0022385670305644528,0.013154058381437272,0.3383196865856173,0.4148228097037534,0.18388592839160056,0.06185919674976388,0.001112378569264763,0.026454902444899082,4.503687777204555e-05,0.0005174458216165005,6.14257309025048e-05,0.00036094413943471137,0.0001824808328102145,0.00022374462611787045,9.918328340165016e-05,3.336524059178917e-05,5.999880461236461e-07,19.10238906544747,0.02753264082117786,0.0001760557900791252,309.1473760575555,82.3795680252517,2.8449952867078783,17.807743008893322,-0.06520516511530872,-0.4795273813751493
203.4379310345,9.182136458,0.9600000000000001,0.004354000000000001,0.019941000000000004,0.0026300000000000004,0.013075000000000002,0.02744060410221479,0.0005651108822648465,0.9637348581788578,0.0018125917902598713,0.01901671330330963,0.002290320193136904,0.013145516534435677,0.3239408521147015,0.4371645279784175,0.17735019214190076,0.06047863525212929,0.0010657925128508324,0.026445466702790153,4.973861371544587e-05,0.0005218301010814408,6.284776968717789e-05,0.000360720914940568,0.00018306250074016516,0.00024704643210077867,0.0001002225235511496,3.4177134925504636e-05,6.022909472484016e-07,19.10238906544747,0.02753264082117786,0.0001760557900791252,309.1473760575555,82.3795680252517,2.8449952867078783,17.787060567055022,-0.08036493124478028,-0.5013276058025085
203.4379310345,9.6060740911,0.9600000000000001,0.004354000000000001,0.019941000000000004,0.0026300000000000004,0.013075000000000002,0.02744164934837259,0.0005908356042990544,0.9633900757374912,0.0019853931488245566,0.019151247224570983,0.0023353485971346526,0.013137935291978584,0.31082197911742176,0.45792720218246913,0.17117365184598543,0.059053876448246084,0.0010232904058775718,0.026437012644090346,5.44824626087048e-05,0.0005255418109206707,6.408581730878298e-05,0.00036052661344408536,0.00018364469186126997,0.00027055969522645445,0.00010113548802849876,3.4891132777501174e-05,6.045964053300998e-07,19.10238906544747,0.02753264082117786,0.0001760557900791252,309.1473760575555,82.3795680252517,2.8449952867078783,17.768291194540478,-0.0957450339204442,-0.5228266232173588
203.4379310345,10.0300117242,0.9600000000000001,0.004354000000000001,0.019941000000000004,0.0026300000000000004,0.013075000000000002,0.0274428509408221,0.0006165501019720975,0.9630685113633237,0.0021593991374286594,0.019266167603227666,0.0023748110163724126,0.013131110879647615,0.2988042089753646,0.4772415606116349,0.1653523371474175,0.05761753692332946,0.0009843563422536348,0.026429345603143126,5.9260068650194516e-05,0.0005287185657362726,6.517158473493035e-05,0.0003603551185575768,0.00018422776551345297,0.00029424333286042647,0.00010194800032956491,3.552409826545987e-05,6.069050031933594e-07,19.10238906544747,0.02753264082117786,0.0001760557900791252,309.1473760575555,82.3795680252517,2.8449952867078783,17.751054174065054,-0.11129251960285202,-0.5440746937625924
203.4379310345,10.4539493573,0.9600000000000001,0.004354000000000001,0.019941000000000004,0.0026300000000000004,0.013075000000000002,0.0274441788017254,0.0006422558777574468,0.9627658280028306,0.0023343746088083763,0.019365275069305295,0.0024096303561299422,0.013124891962925708,0.28775442500609694,0.4952320412174521,0.15987325055104035,0.05619172466364957,0.0009485585617613018,0.026422317527900887,6.406499415434487e-05,0.0005314640715466098,6.613032633969538e-05,0.0003602018817838618,0.00018481197081088017,0.0003180656893257268,0.00010267953486259463,3.608946544655703e-05,6.092173116883462e-07,19.10238906544747,0.02753264082117786,0.0001760557900791252,309.1473760575555,82.3795680252517,2.8449952867078783,17.735060347842733,-0.12696749068067703,-0.5651103355735501
203.4379310345,10.8778869903,0.9600000000000001,0.004354000000000001,0.019941000000000004,0.0026300000000000004,0.013075000000000002,0.027445609879003748,0.0006679540921903027,0.962478676898983,0.002510136244625721,0.019451476390437716,0.0024405462903556068,0.013119164175597886,0.27756021315670143,0.5120143524654465,0.15471870656655945,0.054791195063154795,0.0009155327481378576,0.026415814283029186,6.889222011314507e-05,0.0005338576325826055,6.698228137674978e-05,0.0003600634619020614,0.00018539748020723142,0.00034200208198946296,0.00010334499318952405,3.6598002958431356e-05,6.115338456529157e-07,19.10238906544747,0.02753264082117786,0.0001760557900791252,309.1473760575555,82.3795680252517,2.8449952867078783,17.720087055681347,-0.14273944233033475,-0.5859634453977449
203.4379310345,11.3018246234,0.9600000000000001,0.004354000000000001,0.019941000000000004,0.0026300000000000004,0.013075000000000002,0.027447126264999736,0.0006936456504269894,0.9622044395012378,0.0026865394870818054,0.01952702540457805,0.0024681558990195755,0.013113839708082943,0.2681259697067368,0.5276945701448733,0.14986893479376812,0.05342555613191036,0.0008849692227115218,0.026409746743733774,7.373778851784194e-05,0.0005359607318593114,6.774378660209423e-05,0.00035993721428671983,0.0001859844126535967,0.0003660330433349312,0.00010395593475382335,3.705840463254259e-05,6.138550520956008e-07,19.10238906544747,0.02753264082117786,0.0001760557900791252,309.1473760575555,82.3795680252517,2.8449952867078783,17.705960599293785,-0.1585847277699024,-0.6066575109405647
203.4379310345,11.7257622565,0.9600000000000001,0.004354000000000001,0.019941000000000004,0.0026300000000000004,0.013075000000000002,0.027448713872176556,0.0007193312648490296,0.9619410438019239,0.002863469097220427,0.019593692147902266,0.0024929447908772434,0.013108850162076139,0.2593698602498833,0.5423690997526273,0.14530362639223282,0.05210081061539172,0.0008566029898649355,0.026404044473221866,7.859854393142321e-05,0.0005378216494672818,6.842812826392248e-05,0.00035982107729206324,0.00018657284963726457,0.00039014305054008684,0.00010452144135987567,3.747774199962947e-05,6.161813121730045e-07,19.10238906544747,0.02753264082117786,0.0001760557900791252,309.1473760575555,82.3795680252517,2.8449952867078783,17.69254381848867,-0.17448477777995564,-0.6272111941926184
203.4379310345,12.1496998896,0.9600000000000001,0.004354000000000001,0.019941000000000004,0.0026300000000000004,0.013075000000000002,0.0274503614880385,0.000745011500752882,0.9616868320192465,0.0030408322636454885,0.01965288325483034,0.0025153109062291345,0.013104141556048521,0.25122141894460326,0.5561251036080687,0.1410028339524234,0.050820437588298795,0.0008302059066060068,0.026398651177214877,8.347194486155906e-05,0.0005394787496273115,6.904619363079546e-05,0.00035971342270395924,0.0001871628463491874,0.00041431959804539924,0.0001050487329333044,3.786181047657666e-05,6.185129484144482e-07,19.10238906544747,0.02753264082117786,0.0001760557900791252,309.1473760575555,82.3795680252517,2.8449952867078783,17.679727173926338,-0.19042483497163687,-0.6476394805631998
203.4379310345,12.5736375227,0.9600000000000001,0.004354000000000001,0.019941000000000004,0.0026300000000000004,0.013075000000000002,0.0274520600914648,0.0007706868100235608,0.9614404640801213,0.003218553518486021,0.01970572886218233,0.0025355827651321805,0.013099670774078177,0.24361963518575505,0.5690411559515345,0.1369474744175314,0.04958615398730772,0.0008055804578711122,0.026393521394293296,8.835592459707371e-05,0.0005409628528707417,6.96069704352911e-05,0.00035961294926839933,0.00018775443950041321,0.00043855251325240774,0.00010554361219963048,3.821539483781526e-05,6.20850233294007e-07,19.10238906544747,0.02753264082117786,0.0001760557900791252,309.1473760575555,82.3795680252517,2.8449952867078783,17.667422263246095,-0.2063930397031264,-0.6679545210714188
203.4379310345,12.9975751557,0.9600000000000001,0.004354000000000001,0.019941000000000004,0.0026300000000000004,0.013075000000000002,0.027453802351610046,0.0007963575561946773,0.9612008463530723,0.003396570945686293,0.01975314617887481,0.00255403352175224,0.013095403000614368,0.23651141545524831,0.581187988407626,0.13311958841763732,0.048398452957955564,0.0007825547615328261,0.026388618055977545,9.324878741609271e-05,0.0005422989710172902,7.011793150557254e-05,0.000359518605693548,0.00018834765282408557,0.00046283344613799743,0.00010601079011391093,3.854247372120054e-05,6.231933974827898e-07,19.10238906544747,0.02753264082117786,0.0001760557900791252,309.1473760575555,82.3795680252517,2.8449952867078783,17.655557046696366,-0.2223797638129028,-0.6881662596052109
203.4379310345,13.4215127888,0.9600000000000001,0.004354000000000001,0.019941000000000004,0.0026300000000000004,0.013075000000000002,0.02745558225598147,0.0008220240333075448,0.9609670784021016,0.003574833323099713,0.019795886582471767,0.0025708918522875388,0.01309130984003941,0.22985033686303002,0.5926292478289175,0.1295024509585201,0.04725698582360748,0.0007609785259248163,0.026383910666359096,9.814913035378777e-05,0.0005435075923951335,7.058533272171309e-05,0.00035942953415174164,0.0001889425009652458,0.0004871554845563433,0.00010645412706013521,3.884637808867929e-05,6.255426371411476e-07,19.10238906544747,0.02753264082117786,0.0001760557900791252,309.1473760575555,82.3795680252517,2.8449952867078783,17.64407228872041,-0.23837711663549044,-0.7082829032563644
203.4379310345,13.8454504219,0.9600000000000001,0.004354000000000001,0.019941000000000004,0.0026300000000000004,0.013075000000000002,0.02745739483108828,0.0008476864802238808,0.9607384127552272,0.003753297945895989,0.019834570934428745,0.002586350445099603,0.01308736791934845,0.22359562959015822,0.6034222241400963,0.12608059262010696,0.046160833896830615,0.0007407197528078391,0.026379373928413333,0.00010305578361917879,0.0005446056454518377,7.10144453426607e-05,0.0003593450282612687,0.00018953899224072383,0.0005115128612701839,0.00010687681378267947,3.912991481020355e-05,6.278981200899802e-07,19.10238906544747,0.02753264082117786,0.0001760557900791252,309.1473760575555,82.3795680252517,2.8449952867078783,17.632918875117305,-0.25437857362648586,-0.7283112781653109
203.4379310345,14.269388055,0.9600000000000001,0.004354000000000001,0.019941000000000004,0.0026300000000000004,0.013075000000000002,0.027459235930254303,0.000873345091611915,0.9605142241803647,0.003931928952580414,0.019869716363794476,0.002600572666613548,0.013083557836646801,0.2177113404916786,0.6136185269697819,0.12283976824995337,0.04510870225946911,0.0007216620291171057,0.026374986696133806,0.00010796776476990328,0.0005456072295006672,7.140973840631199e-05,0.0003592645014436121,0.00019013713060665784,0.0005359007286511925,0.00010728150865584193,3.939546370729065e-05,6.302599909321192e-07,19.10238906544747,0.02753264082117786,0.0001760557900791252,309.1473760575555,82.3795680252517,2.8449952867078783,17.622055768167343,-0.2703786972985043,-0.7482571048844875
203.4379310345,14.6933256881,0.9600000000000001,0.004354000000000001,0.019941000000000004,0.0026300000000000004,0.013075000000000002,0.027461102070728424,0.0008990000256640763,0.9602939859824833,0.0041106960259365164,0.019901756799465903,0.002613697831592748,0.01307986336052158,0.21216563696978644,0.6232647076792306,0.11976689518993508,0.044099057891368205,0.0007037022696796529,0.026370731166971625,0.00011288424314998037,0.0005465241748569466,7.177502293541001e-05,0.000359187462814464,0.0001907369130808731,0.0005603149881991413,0.00010767044184945837,3.9645054176101604e-05,6.326283585018767e-07,19.10238906544747,0.02753264082117786,0.0001760557900791252,309.1473760575555,82.3795680252517,2.8449952867078783,17.611448437126736,-0.2863687766975822,-0.7681210650823047
203.4379310345,15.1172633211,0.9600000000000001,0.004354000000000001,0.019941000000000004,0.0026300000000000004,0.013075000000000002,0.027462990307428204,0.0009246514144136614,0.9600772515534628,0.004289573372011831,0.01993105886308768,0.0026258453973587244,0.013076270814078934,0.20693025125880593,0.6324027883604084,0.11684998294190002,0.043130228499481484,0.000686748939404098,0.02636659225379506,0.00011780451193856302,0.0005473664763737579,7.21135666964676e-05,0.00035911349862435604,0.00019133834951142926,0.0005847521327365951,0.00010804550200144006,3.988042678602996e-05,6.350033781670811e-07,19.10238906544747,0.02753264082117786,0.0001760557900791252,309.1473760575555,82.3795680252517,2.8449952867078783,17.601067609348217,-0.30235621333513407,-0.7879185187894286
206.875862069,3.3404979423,0.9600000000000001,0.004354000000000001,0.019941000000000004,0.0026300000000000004,0.013075000000000002,0.027357217242106675,0.00020422498821659571,0.9546519500005591,6.986738610526019e-06,0.0007968515943186694,3.766862158539153e-05,0.04450654304492612,0.9604070541975702,0.004684862649961564,0.02139811165158409,0.0028273091816993015,0.010682662319184853,0.026116620786766055,1.9113772598197483e-07,2.1799642175494895e-05,1.0305086639222648e-06,0.0012175751667752159,0.00019613911932663417,9.567660194847698e-07,4.37002909990216e-06,5.774071843172128e-07,2.1816665862573976e-06,18.298503664756197,0.02728635031442498,0.00020583581213873213,309.1473760575555,82.3795680252517,3.361347783309296,18.76341009102937,-0.03275242164766823,-0.04855525992799059
206.875862069,3.7556130612,0.9600000000000001,0.004354000000000001,0.019941000000000004,0.0026300000000000004,0.013075000000000002,0.027289203316217352,0.00023000211145869718,0.980598445106446,3.514101988058544e-05,0.0035098809877149866,0.0001800118885872674,0.01567652099737119,0.8834308544305677,0.020408189538759353,0.08101923852814066,0.011737167816634649,0.0034045496858977043,0.026759750340076407,9.58970436260532e-07,9.578185588948005e-05,4.912381026994206e-06,0.0004277997687882128,0.00020319096184679152,4.693926684963946e-06,1.863459593024818e-05,2.699573380371036e-06,7.830536163225162e-07,18.298503664756197,0.02728635031442498,0.00020583581213873213,309.1473760575555,82.3795680252517,3.361347783309296,18.240811530894973,0.005291020997152174,-0.06291067387448734
206.875862069,4.1707281801,0.9600000000000001,0.004354000000000001,0.019941000000000004,0.0026300000000000004,0.013075000000000002,0.027265975933734515,0.0002555958837799341,0.9787740104648828,7.88731494962445e-05,0.006499836948399109,0.0003746075461325918,0.014272671891089397,0.7993111199137064,0.04094529449827896,0.13498543559670279,0.021934159238908613,0.002823990752403342,0.026687228613900306,2.150553395982447e-06,0.0001772243978082485,1.021404033744659e-05,0.0003891583282925326,0.00020430063210947268,1.0465448733917285e-05,3.4501721708758626e-05,5.606280815638654e-06,7.218004121468933e-07,18.298503664756197,0.02728635031442498,0.00020583581213873213,309.1473760575555,82.3795680252517,3.361347783309296,18.01873836128141,0.02163657353866455,-0.10453071909391909
206.875862069,4.5858432989,0.9600000000000001,0.004354000000000001,0.019941000000000004,0.0026300000000000004,0.013075000000000002,0.027247095792766424,0.0002811596156910236,0.9763237104327364,0.00013600540495962467,0.009126033211165993,0.0005904443960451846,0.013823806555092825,0.72978760320905,0.063840147428109,0.17246388601487037,0.0313937413019304,0.0025146220460401337,0.026601985662909916,3.7057522972688832e-06,0.0002486579011126076,1.6087895019345262e-05,0.0003766585814272866,0.00020518680205432974,1.794927131654542e-05,4.8489879912521456e-05,8.826652239554167e-06,7.070101680728195e-07,18.298503664756197,0.02728635031442498,0.00020583581213873213,309.1473760575555,82.3795680252517,3.361347783309296,17.830908695945805,0.03394335325983633,-0.14348346648598564
206.875862069,5.0009584178,0.9600000000000001,0.004354000000000001,0.019941000000000004,0.0026300000000000004,0.013075000000000002,0.027231726825316875,0.00030666201273796343,0.974038815705528,0.00020880817972358936,0.011334407714598227,0.0008177508920268654,0.01360021750812332,0.6717588034823451,0.08946196602317324,0.19664924308256868,0.03983861233790111,0.0022913750740117915,0.026524758946548106,5.686207309124455e-06,0.0003086554946107031,2.2268768902834792e-05,0.00037035740794610607,0.000206002906750342,2.7434586564161607e-05,6.030485268709754e-05,1.2216989044228218e-05,7.026776921340559e-07,18.298503664756197,0.02728635031442498,0.00020583581213873213,309.1473760575555,82.3795680252517,3.361347783309296,17.672199403203038,0.042026786538226446,-0.17915267530820245
206.875862069,5.4160735367,0.9600000000000001,0.004354000000000001,0.019941000000000004,0.0026300000000000004,0.013075000000000002,0.02721969290299698,0.0003320766513228494,0.9720689749097096,0.00029856673279566264,0.013121284919454024,0.0010440220545838144,0.013467151383456954,0.62267156623604,0.11770355640347921,0.21055236708356914,0.046958160453877386,0.0021143498230342087,0.02645941897757337,8.126894777749093e-06,0.00035715734600026396,2.8417959709727378e-05,0.0003665717249358692,0.00020677468858961798,3.90866028592575e-05,6.991952498921098e-05,1.5593708675804656e-05,7.021262089582592e-07,18.298503664756197,0.02728635031442498,0.00020583581213873213,309.1473760575555,82.3795680252517,3.361347783309296,17.541415044680093,0.045739542646135334,-0.21170085459195676
206.875862069,5.8311886556,0.9600000000000001,0.004354000000000001,0.019941000000000004,0.0026300000000000004,0.013075000000000002,0.027210662871879527,0.00035739139915014385,0.9704333648412035,0.0004050236613118171,0.01452393120873956,0.0012572094223588057,0.013380470866386412,0.5806270851040021,0.14794474826435985,0.21691380875453178,0.05254674027584665,0.0019676176012597287,0.026406135130317653,1.102096230309017e-05,0.0003952057956953819,3.420950175115586e-05,0.00036409148181224644,0.00020751112632978895,5.2874180579115384e-05,7.752312960576884e-05,1.877975302796405e-05,7.032096075066643e-07,18.298503664756197,0.02728635031442498,0.00020583581213873213,309.1473760575555,82.3795680252517,3.361347783309296,17.435953957569556,0.04537211816581532,-0.24149233231138112
206.875862069,6.2463037744,0.9600000000000001,0.004354000000000001,0.019941000000000004,0.0026300000000000004,0.013075000000000002,0.02720414563373359,0.00038260852229790007,0.9690983662410184,0.0005265361879580585,0.015605208007202668,0.0014491052861121206,0.013320784277708787,0.5442083084969062,0.17926756254721085,0.21808495672084866,0.056596415240671355,0.0018427569943630787,0.026363493088633956,1.4323967138641945e-05,0.0004245263512726469,3.9421671242007304e-05,0.00036238055544633854,0.000208218736736241,6.858929720213472e-05,8.34411630263654e-05,2.1654270802591617e-05,7.050545305673773e-07,18.298503664756197,0.02728635031442498,0.00020583581213873213,309.1473760575555,82.3795680252517,3.361347783309296,17.351859371301916,0.041541992089641155,-0.26897763455444235
206.875862069,6.6614188933,0.9600000000000001,0.004354000000000001,0.019941000000000004,0.0026300000000000004,0.013075000000000002,0.027199608710431613,0.00040773956793132985,0.9680108013825574,0.0006607058261276143,0.0164341828506047,0.0016163726252387746,0.01327793731547139,0.512346170942504,0.2107400030744987,0.21590642839639262,0.059272794382263766,0.001734603204340823,0.026329515025076893,1.797093994337357e-05,0.0004470033430121334,4.3964702936747785e-05,0.0003611546994624606,0.00020890380637136785,8.592703779944321e-05,8.803359382794174e-05,2.4167863571506782e-05,7.072663610702274e-07,18.298503664756197,0.02728635031442498,0.00020583581213873213,309.1473760575555,82.3795680252517,3.361347783309296,17.28477162327606,0.034974309483772004,-0.29461255484438453
206.875862069,7.0765340122,0.9600000000000001,0.004354000000000001,0.019941000000000004,0.0026300000000000004,0.013075000000000002,0.0271965749139397,0.0004327994654702635,0.9671169008525801,0.0008050242867358927,0.01707258058326531,0.0017594389234097038,0.013246055354008907,0.4842245679880337,0.2416083173151059,0.2116991143052863,0.06082830581978506,0.0016396945717892005,0.026302267244574386,2.189390332175358e-05,0.0004643157168070474,4.785071248701342e-05,0.00036024733674949527,0.00020957213419279025,0.00010456795058714764,9.162326351185612e-05,2.6326458244264693e-05,7.096589342048586e-07,18.298503664756197,0.02728635031442498,0.00020583581213873213,309.1473760575555,82.3795680252517,3.361347783309296,17.230725224644726,0.026335992184343127,-0.3188020035818653
206.875862069,7.491649131,0.9600000000000001,0.004354000000000001,0.019941000000000004,0.0026300000000000004,0.013075000000000002,0.02719466207723305,0.00045780260879558685,0.9663708707753591,0.0009572645563652657,0.017569552373707387,0.0018807655263368957,0.013221546768231306,0.4592123115807514,0.271357263913115,0.20635064741769443,0.061524209815236264,0.0015555672732028914,0.02628012927201734,2.603248612886581e-05,0.0004777980396512202,5.114678293524124e-05,0.0003595554965003831,0.00021022859423271985,0.0001242280633350566,9.446786471447884e-05,2.8165943757502214e-05,7.121427558293211e-07,18.298503664756197,0.02728635031442498,0.00020583581213873213,309.1473760575555,82.3795680252517,3.361347783309296,17.186500053037594,0.01616010426404202,-0.34188157785610684
206.875862069,7.9067642499,0.9600000000000001,0.004354000000000001,0.019941000000000004,0.0026300000000000004,0.013075000000000002,0.027193582523532774,0.00048276115819831193,0.9657368624039658,0.0011156173231259944,0.01796187587476075,0.0019835065778118313,0.013202137820335594,0.43681430629478224,0.2996853794160463,0.2004315461348061,0.0615883792927573,0.0014803888616078007,0.02626184506379986,3.033763174110946e-05,0.0004884477538777589,5.3938649809696114e-05,0.0003590134243043491,0.00021087698042446127,0.00014467646086199106,9.676056535151738e-05,2.9732477318928448e-05,7.146742414136624e-07,18.298503664756197,0.02728635031442498,0.00020583581213873213,309.1473760575555,82.3795680252517,3.361347783309296,17.149641565713143,0.004861700075643682,-0.3640975477283952
206.875862069,8.3218793688,0.9600000000000001,0.004354000000000001,0.019941000000000004,0.0026300000000000004,0.013075000000000002,0.027193126057372525,0.0005076847329912009,0.9651879353896529,0.0012786796278797406,0.018276274088835216,0.002070761812154591,0.013186349081477517,0.41663678333499904,0.32645052668447366,0.19429760971417465,0.061202329415597355,0.0014127508507552687,0.02624647719610596,3.477129630792798e-05,0.0004969890251567872,5.6310486992712955e-05,0.00035857805280913653,0.00021152013410174182,0.00016573394847464392,9.864193010856933e-05,3.1071488267797065e-05,7.172320384487806e-07,18.298503664756197,0.02728635031442498,0.00020583581213873213,309.1473760575555,82.3795680252517,3.361347783309296,17.11833618937534,-0.007267177465660524,-0.3856461625174781
206.875862069,8.7369944877,0.9600000000000001,0.004354000000000001,0.019941000000000004,0.0026300000000000004,0.013075000000000002,0.027193140619180708,0.0005325807011067231,0.9647041751029971,0.0014453870317120351,0.01853198278098838,0.0021452615273490436,0.013173193556953419,0.3983623822742048,0.3516171062042769,0.18816540850811928,0.06050356019682804,0.001351542816570909,0.026233336289486528,3.9304612802485576e-05,0.0005039428137156525,5.833639837812092e-05,0.0003582205047979196,0.00021216011684614043,0.0001872644849433909,0.00010021326518728713,3.22230285090795e-05,7.1980562082509e-07,18.298503664756197,0.02728635031442498,0.00020583581213873213,309.1473760575555,82.3795680252517,3.361347783309296,17.091259022991643,-0.020012863843369644,-0.40667036776032717
206.875862069,9.1521096065,0.9600000000000001,0.004354000000000001,0.019941000000000004,0.0026300000000000004,0.013075000000000002,0.027193516025974203,0.0005574546325914594,0.9642708996814652,0.0016149375633238957,0.018742878843654887,0.002209287060584167,0.013161996850971974,0.38173223956098845,0.37521532175691097,0.18216322236243726,0.05959334435564434,0.0012958719640189307,0.026221916163868486,4.3915830509196085e-05,0.000509684776207822,6.007828308797298e-05,0.0003579209723007284,0.0002127984053527858,0.00020916551933268504,0.00010154773219372879,3.322058588267204e-05,7.22389829587746e-07,18.298503664756197,0.02728635031442498,0.00020583581213873213,309.1473760575555,82.3795680252517,3.361347783309296,17.06744175945163,-0.03322120031063136,-0.42727661370889436
206.875862069,9.5672247254,0.9600000000000001,0.004354000000000001,0.019941000000000004,0.0026300000000000004,0.013075000000000002,0.02719417178856416,0.0005823107279417037,0.9638772302224671,0.0017867260557715753,0.018919059957190284,0.0022646962462526394,0.013152287518318479,0.3665329175170253,0.3973130171837574,0.17636394650558804,0.05854510963168476,0.001245009161944488,0.026211842981755176,4.8588535299755886e-05,0.0005144881665539779,6.158653876951068e-05,0.00035766556618574094,0.00021343605001393546,0.0002313596322569884,0.00010269861807234066,3.40914454070532e-05,7.249821913859853e-07,18.298503664756197,0.02728635031442498,0.00020583581213873213,309.1473760575555,82.3795680252517,3.361347783309296,17.046171709463543,-0.046780008273117346,-0.4475445478595681
206.875862069,9.9823398443,0.9600000000000001,0.004354000000000001,0.019941000000000004,0.0026300000000000004,0.013075000000000002,0.027195048432071937,0.0006071521659861542,0.9635150314319584,0.0019602929313349356,0.01906796178927468,0.002312985033895081,0.01314372881353687,0.35258672812708847,0.4179973686662852,0.17080593714546402,0.057411614765584915,0.001198351295577301,0.026202837944821422,5.331026120870184e-05,0.0005185541443602221,6.290174001943427e-05,0.0003574443416621546,0.00021407379568033304,0.00025378800776224806,0.00010370519470116339,3.485758625768755e-05,7.275815847220723e-07,18.298503664756197,0.02728635031442498,0.00020583581213873213,309.1473760575555,82.3795680252517,3.361347783309296,17.026918770853054,-0.06060680257662554,-0.46753439027476773
206.875862069,10.3974549631,0.9600000000000001,0.004354000000000001,0.019941000000000004,0.0026300000000000004,0.013075000000000002,0.027196101437345056,0.0006319813686315897,0.963178151306285,0.0021352860476001228,0.0191951332085748,0.0023553541087454944,0.013136075328794404,0.33974446152216664,0.43736347143470716,0.16550613009096457,0.05623054281679384,0.0011553941353678882,0.02619469070516021,5.807145594828054e-05,0.0005220327898437509,6.405644926230993e-05,0.0003572500371304984,0.0002147121697777813,0.0002764055652667694,0.00010459679061180572,3.553665540825458e-05,7.301875669787102e-07,18.298503664756197,0.02728635031442498,0.00020583581213873213,309.1473760575555,82.3795680252517,3.361347783309296,17.0092838328639,-0.07463981040910994,-0.4872918346998567
206.875862069,10.812570082,0.9600000000000001,0.004354000000000001,0.019941000000000004,0.0026300000000000004,0.013075000000000002,0.027197297032546107,0.000656800196530239,0.9628618816784196,0.0023114328360136064,0.019304772077404372,0.0023927685338193637,0.013129144874343192,0.3278798429591273,0.45550747926566687,0.1604682962112976,0.05502866930486039,0.0011157122590478945,0.026187240597324243,6.286472541184249e-05,0.0005250376203347689,6.507683654441508e-05,0.00035707725293084204,0.00021535154529385872,0.0002991774019026838,0.00010539560848845288,3.614284081422984e-05,7.328000310138541e-07,18.298503664756197,0.02728635031442498,0.00020583581213873213,309.1473760575555,82.3795680252517,3.361347783309296,16.99296257637258,-0.08883257100458408,-0.5068523849029134
206.875862069,11.2276852009,0.9600000000000001,0.004354000000000001,0.019941000000000004,0.0026300000000000004,0.013075000000000002,0.027198609259667404,0.000681610091989254,0.9625625757635944,0.0024885200866324505,0.019400097129055962,0.002426007148651354,0.01312279987206581,0.31688525146364094,0.4725226537541447,0.15568825039225268,0.053824900522388065,0.0010789438675736145,0.026180363386173005,6.76842854711497e-05,0.0005276556614127885,6.598402049732803e-05,0.00035692190611313137,0.00021599218540017018,0.000322076209492369,0.00010611868267150936,3.668759539637738e-05,7.354190288280928e-07,18.298503664756197,0.02728635031442498,0.00020583581213873213,309.1473760575555,82.3795680252517,3.361347783309296,16.97772002503243,-0.10314940959709773,-0.5262436726454176
206.875862069,11.6428003198,0.9600000000000001,0.004354000000000001,0.019941000000000004,0.0026300000000000004,0.013075000000000002,0.027200017913181815,0.0007064121831217781,0.962277375626282,0.002666379265056096,0.01948360831024638,0.002455701997245263,0.013116934801170169,0.3066683731892515,0.48849723376264914,0.15115714779214093,0.05263246616124589,0.0010447790947124087,0.026173961854484458,7.252556377286237e-05,0.0005299544950521196,6.679513831450751e-05,0.0003567808615578665,0.0002166342749990233,0.0003450803973512225,0.00010677925076630753,3.718021532404882e-05,7.380446811757875e-07,18.298503664756197,0.02728635031442498,0.00020583581213873213,309.1473760575555,82.3795680252517,3.361347783309296,16.963372530322832,-0.11756263522852706,-0.5454875002010198
206.875862069,12.0579154386,0.9600000000000001,0.004354000000000001,0.019941000000000004,0.0026300000000000004,0.013075000000000002,0.027201507076308803,0.0007312073599832061,0.9620040163598209,0.0028448757912149215,0.0195572710389805,0.0024823692417081703,0.013111467568275526,0.2971495569506967,0.5035134232788728,0.14686357255093443,0.05146049634893708,0.0010129508705588803,0.026167959058449156,7.738490896595229e-05,0.0005319872465601173,6.752418449433611e-05,0.00035665167783924007,0.00021727794305809831,0.00036817272095185117,0.00010738772516267082,3.76282936787317e-05,7.406771318540491e-07,18.298503664756197,0.02728635031442498,0.00020583581213873213,309.1473760575555,82.3795680252517,3.361347783309296,16.949774896667822,-0.1320504888398517,-0.5646012510656533
206.875862069,12.4730305575,0.9600000000000001,0.004354000000000001,0.019941000000000004,0.0026300000000000004,0.013075000000000002,0.02720306406951388,0.000755996330565964,0.9617406839801892,0.003023901151186254,0.019622648182397256,0.0025064332163156314,0.013106333469911706,0.2882597040054023,0.5176470529452714,0.1427948589547138,0.05031515640513795,0.000983227689474632,0.02616229344457119,8.225937675559645e-05,0.0005337961557192826,6.818266336939187e-05,0.00035653242909842233,0.00021792327847811505,0.00039133927255491043,0.00010795238939344803,3.803807361413685e-05,7.43316525353673e-07,18.298503664756197,0.02728635031442498,0.00020583581213873213,309.1473760575555,82.3795680252517,3.361347783309296,16.936811079677575,-0.1465956745708752,-0.5835989231958578
206.875862069,12.8881456764,0.9600000000000001,0.004354000000000001,0.019941000000000004,0.0026300000000000004,0.013075000000000002,0.02720467868603518,0.0007807796622952278,0.9614859111920847,0.003203367041857948,0.019680995757163536,0.0025282451104906454,0.013101480898403193,0.27993856906148173,0.5309676362438216,0.1389379214683557,0.04920046540421989,0.0009554078221211234,0.02615691527513042,8.714657108718048e-05,0.0005354151657948556,6.878009587043751e-05,0.00035642157815228635,0.00021857034141523302,0.00041456873171614637,0.00010847990340406365,3.841472276307484e-05,7.459629967099497e-07,18.298503664756197,0.02728635031442498,0.00020583581213873213,309.1473760575555,82.3795680252517,3.361347783309296,16.92438738905458,-0.16118429556454572,-0.6024918933410639
206.875862069,13.3032607952,0.9600000000000001,0.004354000000000001,0.019941000000000004,0.0026300000000000004,0.013075000000000002,0.027206342629409595,0.0008055578130479065,0.9612385000966295,0.003383200983495877,0.019733333175779307,0.0025480975038254684,0.01309686824026998,0.27213338117754066,0.5435386466998672,0.1352797687308656,0.04811888875343693,0.0009293146382897478,0.02615178398220867,9.204452514114434e-05,0.0005368718236005472,6.932441374221902e-05,0.0003563178847170178,0.00021921917139871197,0.0004378518035425637,0.00010897567464846267,3.876254679051416e-05,7.486166676540955e-07,18.298503664756197,0.02728635031442498,0.00020583581213873213,309.1473760575555,82.3795680252517,3.361347783309296,16.91242746469999,-0.1758050738683039,-0.6212894886969664
206.875862069,13.7183759141,0.9600000000000001,0.004354000000000001,0.019941000000000004,0.0026300000000000004,0.013075000000000002,0.027208049094779103,0.0008303311545493737,0.960997464255791,0.0035633430006168088,0.0197804954240937,0.002566235715947095,0.013092461603551485,0.26479771591597817,0.5554179090143292,0.1318078134002685,0.047071768874627336,0.0009047927947969435,0.026146866187429788,9.695161130231961e-05,0.0005381886906177948,6.982226734826416e-05,0.00035622033808093914,0.00021986979317855125,0.00046118079364926696,0.00010944413387927337,3.908515619635059e-05,7.512776459317007e-07,18.298503664756197,0.02728635031442498,0.00020583581213873213,309.1473760575555,82.3795680252517,3.361347783309296,16.900868521635573,-0.19044869534046072,-0.6399993423721142
206.875862069,14.133491033,0.9600000000000001,0.004354000000000001,0.019941000000000004,0.0026300000000000004,0.013075000000000002,0.02720979245371348,0.00085509999017423,0.9607619848082466,0.0037437430872181657,0.019823172261521367,0.002582866712919587,0.013088233130094442,0.257890566585117,0.5666580389175213,0.12851004994493945,0.04605963944801776,0.0008817051044045004,0.02614213420405021,0.00010186647240323085,0.0005393844030102064,7.027926719414712e-05,0.0003561281070556865,0.00022052222095296015,0.00048454928351052097,0.00010988894244520753,3.938559723942856e-05,7.539460261128569e-07,18.298503664756197,0.02728635031442498,0.00020583581213873213,309.1473760575555,82.3795680252517,3.361347783309296,16.88965851277641,-0.2051076789195143,-0.6586280263708417
206.875862069,14.5486061519,0.9600000000000001,0.004354000000000001,0.019941000000000004,0.0026300000000000004,0.013075000000000002,0.027211568014408872,0.0008798645686171778,0.9605313768920949,0.003924359253001363,0.019861937992762136,0.0025981661355945697,0.013084159726547105,0.25137557452058285,0.5773068928219183,0.12537514719318804,0.0450824555182613,0.0008599299460496035,0.026137564892273042,0.00010678796872602138,0.0005404744765880185,7.07001745114655e-05,0.00035604050231032594,0.00022117646143644785,0.0005079518802124805,0.00011031314980044956,3.9666455276778086e-05,7.566218910219273e-07,18.298503664756197,0.02728635031442498,0.00020583581213873213,309.1473760575555,82.3795680252517,3.361347783309296,16.87875396290751,-0.2197755969267874,-0.6771808550679381
206.875862069,14.9637212707,0.9600000000000001,0.004354000000000001,0.019941000000000004,0.0026300000000000004,0.013075000000000002,0.02721337183737626,0.0009046250944800469,0.9603050637052105,0.004105156004033352,0.019897274312473217,0.002612283879219256,0.013080222099063626,0.24522038737007493,0.5874080048006093,0.12239248622580322,0.04413976249444486,0.0008393591090678327,0.02613313877592519,0.00011171513678819729,0.0005414719244156087,7.10890525499773e-05,0.0003559569476972847,0.0002218325160930877,0.000531384021841087,0.00011071931441566508,3.992993681686401e-05,7.593053133431761e-07,18.298503664756197,0.02728635031442498,0.00020583581213873213,309.1473760575555,82.3795680252517,3.361347783309296,16.868118298708183,-0.23444711746618196,-0.6956623773299739
206.875862069,15.3788363896,0.9600000000000001,0.004354000000000001,0.019941000000000004,0.0026300000000000004,0.013075000000000002,0.027215200592414016,0.0009293817361769218,0.9600825562816696,0.004286103151194178,0.01992958800587315,0.002625348550201741,0.013076404011061363,0.23939611930213833,0.5970010008964314,0.11955216329370978,0.043230820527656054,0.0008198959800644828,0.026128839354483256,0.00011664715701952738,0.0005423877353040062,7.144938741874369e-05,0.0003558769581884822,0.0002224903809910388,0.0005548418267124854,0.00011110959708561486,4.0177935038345896e-05,7.619963494368079e-07,18.298503664756197,0.02728635031442498,0.00020583581213873213,309.1473760575555,82.3795680252517,3.361347783309296,16.857720551421544,-0.24911616432106598,-0.7140748865411659
210.3137931034,3.929109296,0.9600000000000001,0.004354000000000001,0.019941000000000004,0.0026300000000000004,0.013075000000000002,0.027108891584596825,0.00023786916674257212,0.9561152368312623,8.625453059977888e-06,0.000908083944633316,4.3813031630104916e-05,0.04292424073941442,0.9603186792352997,0.004710464622825225,0.0215023294480491,0.0028421529806641572,0.010626373713161873,0.025919224297639806,2.3382647187096952e-07,2.461714920477759e-05,1.1877227244530258e-06,0.0011636285885559198,0.00022843020403702814,1.1204742948018006e-06,5.1147411888317095e-06,6.760605612655007e-07,2.527686660644987e-06,17.501184301211648,0.027036025480369284,0.00023937860180168918,309.1473760575555,82.3795680252517,3.9470361021978406,17.94122855271936,-0.02858204517987062,-0.04583156616617856
210.3137931034,4.3358021456,0.9600000000000001,0.004354000000000001,0.019941000000000004,0.0026300000000000004,0.013075000000000002,0.027042330680020113,0.00026295065925568007,0.9802502057953233,3.642606732106441e-05,0.003395334404453379,0.00017641494564603653,0.016141618787256163,0.8979599059125012,0.017581652880199066,0.07063157868661582,0.010146992625277651,0.0036798698954061465,0.0265082502142749,9.850457578688982e-07,9.181775573447743e-05,4.770671297057894e-06,0.00043650699295580636,0.00023611914924486063,4.62310721565287e-06,1.857262017991507e-05,2.6681584002792824e-06,9.676242149721766e-07,17.501184301211648,0.027036025480369284,0.00023937860180168918,309.1473760575555,82.3795680252517,3.9470361021978406,17.46508519431225,0.007530369076459209,-0.055714922089666885
210.3137931034,4.7424949953,0.9600000000000001,0.004354000000000001,0.019941000000000004,0.0026300000000000004,0.013075000000000002,0.02701937884013204,0.0002878003029783859,0.9788663462803737,7.973624299110784e-05,0.006218123669272954,0.0003598900711799743,0.014475903736182192,0.8250026950674265,0.0349383049413034,0.11813443359017645,0.018873671018069974,0.0030508953830236892,0.026448360644005294,2.1544237566655657e-06,0.00016800983909487786,9.724006174013812e-06,0.0003911299271011895,0.0002374360255983903,1.0055254747658357e-05,3.399912577943279e-05,5.43184823731492e-06,8.780486155895765e-07,17.501184301211648,0.027036025480369284,0.00023937860180168918,309.1473760575555,82.3795680252517,3.9470361021978406,17.25886339264468,0.025253652875200316,-0.0904216820506285
210.3137931034,5.1491878449,0.9600000000000001,0.004354000000000001,0.019941000000000004,0.0026300000000000004,0.013075000000000002,0.027000825623547164,0.0003126112045999102,0.9766197246672776,0.00013558972483988788,0.00873532734473135,0.0005631207352121078,0.013946237527938993,0.7627579998630675,0.05441786668420411,0.15292932150670985,0.027159612156029408,0.002735199789988953,0.026369538886257808,3.661034516746554e-06,0.00023586105039969445,1.52047247764658e-05,0.0003765599275964502,0.00023844669715541167,1.701163485590637e-05,4.7807419414859524e-05,8.490399072562719e-06,8.55054101169868e-07,17.501184301211648,0.027036025480369284,0.00023937860180168918,309.1473760575555,82.3795680252517,3.9470361021978406,17.084458133755422,0.039024442488099,-0.12368599786551826
210.3137931034,5.5558806945,0.9600000000000001,0.004354000000000001,0.019941000000000004,0.0026300000000000004,0.013075000000000002,0.026985499295503552,0.000337357860352627,0.9744412345179086,0.0002060293054632646,0.010890658553156244,0.0007780045515076435,0.013684073071964162,0.7095340636141473,0.07629558939942704,0.17690834529754604,0.03475064547623936,0.0025113562126402138,0.026295783247592634,5.5598036774320124e-06,0.00029388985871376755,2.099484127660807e-05,0.000369271544243108,0.00023936689354817347,2.573891679413328e-05,5.968142084810386e-05,1.1723403403736808e-05,8.472257584795795e-07,17.501184301211648,0.027036025480369284,0.00023937860180168918,309.1473760575555,82.3795680252517,3.9470361021978406,16.93517059973947,0.048824592655016374,-0.15469204662167257
210.3137931034,5.9625735442,0.9600000000000001,0.004354000000000001,0.019941000000000004,0.0026300000000000004,0.013075000000000002,0.02697321502065609,0.00036201500820231717,0.97251224230087,0.00029244665543554386,0.012672585801714941,0.0009943079750837148,0.013528417266895774,0.6636011025786603,0.10056696520633653,0.1921203666210814,0.04137743639454252,0.002334129199379403,0.02623178182180176,7.888226519134648e-06,0.00034182038169737055,2.6819682808686198e-05,0.0003649049078291363,0.00024023355859308044,3.640675073405406e-05,6.955045609816296e-05,1.4979252975761167e-05,8.449898012586026e-07,17.501184301211648,0.027036025480369284,0.00023937860180168918,309.1473760575555,82.3795680252517,3.9470361021978406,16.809917298020135,0.05452002710890724,-0.1834573381486564
210.3137931034,6.3692663938,0.9600000000000001,0.004354000000000001,0.019941000000000004,0.0026300000000000004,0.013075000000000002,0.02696373105182259,0.00038656888327557643,0.9708731338983629,0.00039499080454263787,0.0141034402597526,0.0012015142479842636,0.013426920789357564,0.6235851407297544,0.12684577962757584,0.20055515014788503,0.04682736183937539,0.002186567655409478,0.026178362067875598,1.0650425821630711e-05,0.00038028137006941603,3.2397307037580556e-05,0.0003620398810183628,0.0002410586114791443,4.9034631378851855e-05,7.752838042783348e-05,1.8102000972988685e-05,8.452590167581373e-07,17.501184301211648,0.027036025480369284,0.00023937860180168918,309.1473760575555,82.3795680252517,3.9470361021978406,16.706937537444848,0.05630568390177615,-0.21017607074647415
210.3137931034,6.7759592434,0.9600000000000001,0.004354000000000001,0.019941000000000004,0.0026300000000000004,0.013075000000000002,0.026956667554342555,0.00041101896236668886,0.9695091146749217,0.0005125436755501276,0.015229901653809268,0.0013915628108194201,0.013356877184899453,0.5884141335016702,0.15446585854144132,0.20403569450872314,0.05102417461849144,0.0020601388296739463,0.026134734895196837,1.3816469468885602e-05,0.0004105473957670683,3.7511896072245586e-05,0.0003600568978375174,0.0002418493665937508,6.348839689878295e-05,8.38625394427421e-05,2.0971903307309093e-05,8.467561241039102e-07,17.501184301211648,0.027036025480369284,0.00023937860180168918,309.1473760575555,82.3795680252517,3.9470361021978406,16.62334883666471,0.05466966898538672,-0.23512018705133286
210.3137931034,7.1826520931,0.9600000000000001,0.004354000000000001,0.019941000000000004,0.0026300000000000004,0.013075000000000002,0.026951578451027653,0.00043537460559621926,0.9683813850769175,0.000643138525553729,0.016108733303307792,0.001560222862788003,0.013306520231432846,0.5572500021882711,0.18267171682091785,0.20409259183622325,0.05403591151905663,0.0019497776355310815,0.026099406870415363,1.733359842633958e-05,0.00043415578937078177,4.2050468887517814e-05,0.000358631723927649,0.00024261249992121086,7.953062666449136e-05,8.885673167580586e-05,2.3525863665641482e-05,8.488836690696735e-07,17.501184301211648,0.027036025480369284,0.00023937860180168918,309.1473760575555,82.3795680252517,3.9470361021978406,16.555709797416604,0.05023713406253094,-0.25858782329755314
210.3137931034,7.5893449427,0.9600000000000001,0.004354000000000001,0.019941000000000004,0.0026300000000000004,0.013075000000000002,0.02694803495353856,0.00045964992537091424,0.9674451088818747,0.0007845103757463497,0.016794602700712157,0.0017067188792584723,0.013269059162408474,0.5294340709346634,0.21078491199075736,0.2019036143648069,0.056025242413227,0.001852160296545375,0.02607074460977868,2.1141013027026303e-05,0.0004525815406095843,4.599272001412147e-05,0.00035757507010915465,0.00024335433119393736,9.688726906586634e-05,9.280498127490133e-05,2.5751998494127168e-05,8.513453420820519e-07,17.501184301211648,0.027036025480369284,0.00023937860180168918,309.1473760575555,82.3795680252517,3.9470361021978406,16.500667217698478,0.04362015542089637,-0.28086694335564744
210.3137931034,7.9960377923,0.9600000000000001,0.004354000000000001,0.019941000000000004,0.0026300000000000004,0.013075000000000002,0.026945673419865306,0.0004838596701023262,0.9666590228790978,0.0009345080397746095,0.017333652691870285,0.0018324932212548288,0.013240323168002454,0.5044446082221458,0.23828742054904464,0.19831418567929146,0.05718883237421355,0.0017649531753046435,0.026047278338866272,2.5180948448005124e-05,0.0004670669446085058,4.9377763884049594e-05,0.0003567694240584705,0.00024408040171926466,0.00011529767269639501,9.595623645939343e-05,2.7671369566124204e-05,8.539896611489579e-07,17.501184301211648,0.027036025480369284,0.00023937860180168918,309.1473760575555,82.3795680252517,3.9470361021978406,16.45534143449869,0.03535048192755852,-0.3021975786829145
210.3137931034,8.4027306419,0.9600000000000001,0.004354000000000001,0.019941000000000004,0.0026300000000000004,0.013075000000000002,0.026944207612849977,0.0005080170030673993,0.9659890576438449,0.0010912945445859228,0.01776198514606941,0.001940011174651676,0.013217651490848034,0.48186428450235885,0.2648317078720753,0.19390239563539352,0.05771517705324631,0.0016864349369258905,0.02602780972089706,2.940406677609367e-05,0.00047858261539205163,5.227206386106372e-05,0.00035613914592370546,0.00024479524969810504,0.00013453901055039268,9.85057139182818e-05,2.9320291278094527e-05,8.567376225252496e-07,17.501184301211648,0.027036025480369284,0.00023937860180168918,309.1473760575555,82.3795680252517,3.9470361021978406,16.417439482329808,0.0258393360399225,-0.32278224838664116
210.3137931034,8.8094234916,0.9600000000000001,0.004354000000000001,0.019941000000000004,0.0026300000000000004,0.013075000000000002,0.026943421194831993,0.0005321327509366924,0.965408613823848,0.0012533919776887379,0.018106723441151815,0.002031971447281726,0.01319929931002968,0.4613555494057515,0.2902130082686884,0.18905121136170117,0.05776494378079224,0.0016152871830666267,0.02601141090737484,3.377066797709113e-05,0.0004878570761332911,5.47482625599839e-05,0.000355634280786785,0.00024550239766519166,0.00015443184644763023,0.00010060034116981613,3.0738618441776356e-05,8.595472122780248e-07,17.501184301211648,0.027036025480369284,0.00023937860180168918,309.1473760575555,82.3795680252517,3.9470361021978406,16.385210277479185,0.015398477115873277,-0.34277749598967233
210.3137931034,9.2161163412,0.9600000000000001,0.004354000000000001,0.019941000000000004,0.0026300000000000004,0.013075000000000002,0.026943153685027286,0.0005562154458414555,0.9648974789906282,0.0014196480907033575,0.01838787759968609,0.0021109003094107377,0.013184095009571727,0.4426423204437674,0.31433174522365376,0.1840090445247123,0.0574664192874622,0.001550470520404476,0.02599738106673988,3.8249796686476114e-05,0.000495427412109813,5.687431145022515e-05,0.0003552210980408923,0.0002462044956139265,0.00017483617181169737,0.0001023486727391731,3.196371002488781e-05,8.623956517708092e-07,17.501184301211648,0.027036025480369284,0.00023937860180168918,309.1473760575555,82.3795680252517,3.9470361021978406,16.35734282582458,0.004258204702754398,-0.3623034582625131
210.3137931034,9.6228091908,0.9600000000000001,0.004354000000000001,0.019941000000000004,0.0026300000000000004,0.013075000000000002,0.026943286631971087,0.0005802716729553853,0.9644404505207907,0.0015891772032655459,0.018620144307867438,0.0021789937706050097,0.013171234197471425,0.4254963871334266,0.33715981933549305,0.17893435804208851,0.05691828852123614,0.0014911469677557174,0.025985195497848994,4.281765689657778e-05,0.0005016878852155373,5.870925373069023e-05,0.0003548763382792923,0.0002469035003983857,0.000195644292419142,0.00010383053929028059,3.3028070501974995e-05,8.652703456019601e-07,17.501184301211648,0.027036025480369284,0.00023937860180168918,309.1473760575555,82.3795680252517,3.9470361021978406,16.332861572270385,-0.0074122765047448524,-0.38145164208204463
210.3137931034,10.0295020405,0.9600000000000001,0.004354000000000001,0.019941000000000004,0.0026300000000000004,0.013075000000000002,0.02694373232842687,0.0006043064741468729,0.9640260984003008,0.0017613010717508462,0.01881435790044391,0.0022380898941878023,0.013160152733316556,0.4097272710211484,0.3587148160599314,0.1739264124426913,0.0561948714953295,0.001436628980899305,0.02597446115291541,4.745602462702617e-05,0.0005069290232007841,6.0302495035953364e-05,0.00035458363264769655,0.0002476008425126104,0.0002167736857174212,0.00010510485706425758,3.395892465847918e-05,8.681641941044742e-07,17.501184301211648,0.027036025480369284,0.00023937860180168918,309.1473760575555,82.3795680252517,3.9470361021978406,16.311038973742747,-0.01948826204792553,-0.4002917644151154
210.3137931034,10.4361948901,0.9600000000000001,0.004354000000000001,0.019941000000000004,0.0026300000000000004,0.013075000000000002,0.026944425321532215,0.0006283237076824972,0.9636457838520913,0.0019354990089085757,0.018978572054494505,0.0022896982109400373,0.013150446873565612,0.3951745880425754,0.3790418240818026,0.1690457694688928,0.05535147389796211,0.0013863445087670915,0.02596488185941205,5.2150908505436734e-05,0.0005113667174316454,6.169460245351975e-05,0.0003543312337295654,0.0002482975623408144,0.00023816096427381505,0.0001062154646407354,3.477864330525852e-05,8.710731218738092e-07,17.501184301211648,0.027036025480369284,0.00023937860180168918,309.1473760575555,82.3795680252517,3.9470361021978406,16.291328651878167,-0.03187710978467351,-0.4188772018405622
210.3137931034,10.8428877397,0.9600000000000001,0.004354000000000001,0.019941000000000004,0.0026300000000000004,0.013075000000000002,0.026945316261316014,0.0006523263373706305,0.9632929230719118,0.002111368845013007,0.019118837902065918,0.002335048082539575,0.013141822098469657,0.3817022253784236,0.39820122263585117,0.1643277655667525,0.054428974273850544,0.0013398121451221247,0.025956232464460223,5.6891501273164986e-05,0.0005151631338200018,6.291860906940839e-05,0.0003541105526932166,0.00024899441464732596,0.0002597571450985518,0.00010719532944045927,3.55054534349012e-05,8.739947493922033e-07,17.501184301211648,0.027036025480369284,0.00023937860180168918,309.1473760575555,82.3795680252517,3.9470361021978406,16.27331634762563,-0.044509272651559684,-0.4372491342261071
210.3137931034,11.2495805894,0.9600000000000001,0.004354000000000001,0.019941000000000004,0.0026300000000000004,0.013075000000000002,0.02694636751249847,0.0006763166541278602,0.9629624485661202,0.0022885974450789935,0.019239755785914907,0.002375138499370272,0.013134059703515612,0.3691938452393876,0.4162607434489616,0.1597913259802855,0.053457462426045974,0.0012966229053194582,0.025948340039798082,6.166938784326359e-05,0.0005184415302579819,6.400135489711547e-05,0.00035391519970202835,0.00024969194613690165,0.0002815240732541773,0.00010806953494564091,3.615417212614922e-05,8.769276649912012e-07,17.501184301211648,0.027036025480369284,0.00023937860180168918,309.1473760575555,82.3795680252517,3.9470361021978406,16.25668457593057,-0.05733192582541591,-0.45543961500542096
210.3137931034,11.656273439,0.9600000000000001,0.004354000000000001,0.019941000000000004,0.0026300000000000004,0.013075000000000002,0.026947550035485605,0.0007002964419599684,0.9626504187396558,0.0024669387970585824,0.019344865438099934,0.002410782443197232,0.013126994581988368,0.3575493706902955,0.43329045153051926,0.1554447362951144,0.05245901496867265,0.001256426515398248,0.025941070325668045,6.647795666821682e-05,0.0005212967293229342,6.496468051272764e-05,0.00035374034331368,0.00025039055211943976,0.0003034317615420508,0.00010885739574887417,3.673686153128618e-05,8.798710183175545e-07,17.501184301211648,0.027036025480369284,0.00023937860180168918,309.1473760575555,82.3795680252517,3.9470361021978406,16.241187287079207,-0.07030446630211529,-0.47347383817914945
210.3137931034,12.0629662886,0.9600000000000001,0.004354000000000001,0.019941000000000004,0.0026300000000000004,0.013075000000000002,0.026948841162564612,0.0007242671011823741,0.9623537351273103,0.0026461978133879333,0.01943692294696019,0.0024426439324066306,0.013120500179935043,0.3466822077027043,0.44935966551444523,0.1512894349750967,0.05144977093199231,0.0012189208757614357,0.02593431795014666,7.131196455771721e-05,0.0005238025491866374,6.58264233511285e-05,0.00035358227532246986,0.0002510905176043434,0.0003254564223304285,0.00010957396050893257,3.726337644941125e-05,8.828242892584158e-07,17.501184301211648,0.027036025480369284,0.00023937860180168918,309.1473760575555,82.3795680252517,3.9470361021978406,16.22663166718634,-0.08339530908941484,-0.49137179439357936
210.3137931034,12.4696591383,0.9600000000000001,0.004354000000000001,0.019941000000000004,0.0026300000000000004,0.013075000000000002,0.02695022300135992,0.0007482297397337086,0.9620699367204404,0.0028262183453293755,0.019518098832400514,0.0024712679735343153,0.013114478128295368,0.336517026391363,0.4645351445115514,0.14732251602112323,0.05044146925433179,0.0011838438216305004,0.025927999337520095,7.616721465716111e-05,0.0005260171160957766,6.660122298286863e-05,0.00035343811010401746,0.0002517920470727711,0.00034757901027503884,0.00011023108781940016,3.774180741195454e-05,8.857871545439483e-07,17.501184301211648,0.027036025480369284,0.00023937860180168918,309.1473760575555,82.3795680252517,3.9470361021978406,16.21286498814309,-0.09657960413750288,-0.5091494991574343
210.3137931034,12.8763519879,0.9600000000000001,0.004354000000000001,0.019941000000000004,0.0026300000000000004,0.013075000000000002,0.0269516812782532,0.0007721852410345549,0.9617970493147179,0.003006874275155016,0.0195901210451937,0.002497104387173056,0.013108850977760222,0.32698797212152075,0.4788800911357932,0.14353838650615097,0.04944258365185027,0.0011509665846848626,0.025922047527494652,8.104031710775661e-05,0.0005279866986124611,6.730116156161599e-05,0.0003533055734767113,0.0002524952860680568,0.0003697841386003421,0.0001108382235819633,3.817883337457515e-05,8.887594096175991e-07,17.501184301211648,0.027036025480369284,0.00023937860180168918,309.1473760575555,82.3795680252517,3.9470361021978406,16.199765027412134,-0.10983758559837753,-0.5268199002139156
210.3137931034,13.2830448375,0.9600000000000001,0.004354000000000001,0.019941000000000004,0.0026300000000000004,0.013075000000000002,0.026953204492054638,0.0007961343146739536,0.9615334742138907,0.0031880628523199756,0.01965437928587468,0.0025205266213034192,0.013103557026611146,0.3180372108558043,0.4924536736113425,0.13992986671823351,0.0484591602744235,0.001120088540196296,0.025916408356442742,8.592850999210328e-05,0.0005297485040565831,6.793626945165863e-05,0.0003531828521115496,0.0002532003369055014,0.00039205926794923696,0.0001114029685421385,3.8580000354753424e-05,8.917409223233273e-07,17.501184301211648,0.027036025480369284,0.00023937860180168918,309.1473760575555,82.3795680252517,3.9470361021978406,16.187233022445426,-0.12315336873632532,-0.5443935558944624
210.3137931034,13.6897376871,0.9600000000000001,0.004354000000000001,0.019941000000000004,0.0026300000000000004,0.013075000000000002,0.026954783288173464,0.0008200775345219169,0.9612779052414333,0.003369699669909481,0.01971200193149598,0.002541846573862306,0.013098546583298926,0.30961373707007683,0.5053108726474866,0.13648892011452468,0.04749543722589137,0.0010910329420204753,0.02591103761549218,9.082952434863972e-05,0.0005313327402395309,6.851492355024466e-05,0.00035306848454286753,0.00025390727015054564,0.0004143940946078692,0.00011193149709707827,3.8949941061249464e-05,8.947316051743449e-07,17.501184301211648,0.027036025480369284,0.00023937860180168918,309.1473760575555,82.3795680252517,3.9470361021978406,16.1751884372916,-0.13651397684600752,-0.561879059705717
210.3137931034,14.0964305368,0.9600000000000001,0.004354000000000001,0.019941000000000004,0.0026300000000000004,0.013075000000000002,0.026956409990943342,0.0008440153676094871,0.9610292662656422,0.003551714846395445,0.019763913378054197,0.0025613262821583133,0.013093779227749803,0.3016723898752574,0.5175025267142994,0.13320713579227994,0.046554304190507954,0.0010636434276553388,0.025905898914752108,9.574148157035597e-05,0.0005327641520443189,6.904416138243812e-05,0.0003529612811941212,0.0002546161330381979,0.00043678008532360783,0.00011242886968392801,3.9292548165155455e-05,8.977313985979357e-07,17.501184301211648,0.027036025480369284,0.00023937860180168918,309.1473760575555,82.3795680252517,3.9470361021978406,16.163565035900778,-0.1499090311229203,-0.5792837790396526
210.3137931034,14.5031233864,0.9600000000000001,0.004354000000000001,0.019941000000000004,0.0026300000000000004,0.013075000000000002,0.026958078250503652,0.0008679481961782721,0.9607866637168944,0.0037340500987996655,0.019810877238132303,0.00257918716807843,0.013089221778095305,0.29417303567593395,0.5290754939298947,0.13007604457264274,0.045637644690436525,0.0010377811310921723,0.025900962062520377,0.00010066281475474228,0.0005340631787966923,6.952992949975323e-05,0.0003528602649320898,0.00025532695567921334,0.0004592101205985805,0.00011289926825282978,3.961111138688928e-05,9.007402607592979e-07,17.501184301211648,0.027036025480369284,0.00023937860180168918,309.1473760575555,82.3795680252517,3.9470361021978406,16.152307906398764,-0.16332973212492874,-0.5966136315948027
210.3137931034,14.909816236,0.9600000000000001,0.004354000000000001,0.019941000000000004,0.0026300000000000004,0.013075000000000002,0.02695978277349328,0.0008918763346520809,0.9605493501605318,0.003916656480170537,0.01985352921664239,0.0025956173800984633,0.013084846762556916,0.28707988506780113,0.5400728779987832,0.12708732272655585,0.04474659192639335,0.0010133222804664694,0.02589620182354807,0.00010559220790379248,0.000535246834967881,6.997728073055832e-05,0.00035276462634298126,0.0002560397556466111,0.00048167821887455523,0.00011334617557410672,3.99084263954841e-05,9.037581613237226e-07,17.501184301211648,0.027036025480369284,0.00023937860180168918,309.1473760575555,82.3795680252517,3.9470361021978406,16.141371184101057,-0.17676882791833748,-0.6138736619271192
210.3137931034,15.3165090857,0.9600000000000001,0.004354000000000001,0.019941000000000004,0.0026300000000000004,0.013075000000000002,0.026961519115681697,0.0009158000428031337,0.9603166960972016,0.004099492616147048,0.01989240237689886,0.0026107776519618494,0.013080631257790605,0.2803609187403313,0.5505342847083714,0.12423291962803035,0.043881720737133555,0.0009901561861332762,0.02589159695893299,0.0001105285485348446,0.0005363293869415906,7.039053157016398e-05,0.0003526736897021049,0.0002567545413827213,0.0005041793215005191,0.00011377251311290845,4.018688172934207e-05,9.067850776426419e-07,17.501184301211648,0.027036025480369284,0.00023937860180168918,309.1473760575555,82.3795680252517,3.9470361021978406,16.130716292871096,-0.19022023870895666,-0.6310681360776371
210.3137931034,15.7232019353,0.9600000000000001,0.004354000000000001,0.019941000000000004,0.0026300000000000004,0.013075000000000002,0.026963283520819965,0.0009397195354855158,0.9600881679416868,0.004282523319471974,0.019927946740355532,0.0026248060021557876,0.013076555996329897,0.27398739974691083,0.560496091199853,0.12150513339318197,0.0430431921268372,0.0009681835332170298,0.025887129477196315,0.00011547089044744588,0.0005373228779480063,7.077338842327647e-05,0.00035258688680492144,0.0002574713120190514,0.0005267091264637731,0.0001141807475113466,4.044852851124527e-05,9.098209800994328e-07,17.501184301211648,0.027036025480369284,0.00023937860180168918,309.1473760575555,82.3795680252517,3.9470361021978406,16.120310578030168,-0.20367677201678802,-0.6481986231745402
213.7517241379,4.5938886869,0.9600000000000001,0.004354000000000001,0.019941000000000004,0.0026300000000000004,0.013075000000000002,0.026856284860953483,0.00027564050550407817,0.9573941914483745,1.0579437593996278e-05,0.0010291615381191963,5.068685129142103e-05,0.041515380724620986,0.9602267782416148,0.004731999096335029,0.021586859005802806,0.002854472400350939,0.010599891255896297,0.02571205112975978,2.841243896930444e-07,2.7639455435666174e-05,1.3612605169871912e-06,0.0011149488908513585,0.0002646773945530711,1.3043306229586285e-06,5.9502127286047474e-06,7.868082153801722e-07,2.9217593840635133e-06,16.710657418380034,0.026781293913340286,0.00027701764690281897,309.1473760575555,82.3795680252517,4.607974115147516,17.1275357418249,-0.02456818848639486,-0.043264917500888345
213.7517241379,4.9924898281,0.9600000000000001,0.004354000000000001,0.019941000000000004,0.0026300000000000004,0.013075000000000002,0.026791194529519037,0.00030008873685248745,0.9798130809769906,3.803967720565619e-05,0.003308988016014916,0.00017432761272971245,0.016665563717059226,0.9097855469351539,0.015292409190896724,0.06209332280702219,0.00885367848677476,0.003975042580152242,0.026250362855021945,1.0191283918568461e-06,8.865174163290286e-05,4.670444984508386e-06,0.0004464903594878281,0.00027301639558641974,4.589079757527568e-06,1.863350680813304e-05,2.65688919359428e-06,1.192865506812739e-06,16.710657418380034,0.026781293913340286,0.00027701764690281897,309.1473760575555,82.3795680252517,4.607974115147516,16.69421772226606,0.009068454003589466,-0.04992555702515844
213.7517241379,5.3910909693,0.9600000000000001,0.004354000000000001,0.019941000000000004,0.0026300000000000004,0.013075000000000002,0.026768337871229557,0.00032425296637775736,0.9788906138042555,8.101400296332716e-05,0.0059714771234537405,0.0003476130919321106,0.014709281977395303,0.8468225866807382,0.029954306443462114,0.103635181716615,0.016304232564676124,0.0032836925945084216,0.026203274689287598,2.168610203623134e-06,0.00015984651723092768,9.305024693301518e-06,0.00039374302981410507,0.0002745847357269149,9.712772720080962e-06,3.360401509271034e-05,5.286695773609064e-06,1.06474706444203e-06,16.710657418380034,0.026781293913340286,0.00027701764690281897,309.1473760575555,82.3795680252517,4.607974115147516,16.502150253281226,0.02740668105836619,-0.0788891044950013
213.7517241379,5.7896921104,0.9600000000000001,0.004354000000000001,0.019941000000000004,0.0026300000000000004,0.013075000000000002,0.02675006287070039,0.00034836796429267884,0.9768573267582121,0.00013581459202697123,0.008380156455062316,0.0005393961455128793,0.014087306049185651,0.7915165988771018,0.046513366920739985,0.1354878045579595,0.023524893529487872,0.0029573361147107982,0.026130994906486488,3.633048875480004e-06,0.00022416971203922264,1.4428880804682977e-05,0.0003768363224945141,0.00027573902625468077,1.6203766946576614e-05,4.719961066034069e-05,8.195319269069702e-06,1.0302411620110209e-06,16.710657418380034,0.026781293913340286,0.00027701764690281897,309.1473760575555,82.3795680252517,4.607974115147516,16.340319378030475,0.04197065175926795,-0.10734908530137588
213.7517241379,6.1882932516,0.9600000000000001,0.004354000000000001,0.019941000000000004,0.0026300000000000004,0.013075000000000002,0.026734803692387416,0.000372415157223783,0.9747964565278188,0.00020422769696516472,0.010475713353485627,0.000742710059681173,0.013780892362049102,0.7431923767646301,0.06515925214245809,0.15863273995909155,0.03028384033313974,0.0027317908006805306,0.0260609919053061,5.459987386912064e-06,0.0002800661400431597,1.9856207645937504e-05,0.0003684294520053039,0.0002767761058403167,2.4266293131217647e-05,5.907723679270456e-05,1.1278161159006178e-05,1.017360300537924e-06,16.710657418380034,0.026781293913340286,0.00027701764690281897,309.1473760575555,82.3795680252517,4.607974115147516,16.200384135697856,0.05287209535265802,-0.13431744124758893
213.7517241379,6.5868943928,0.9600000000000001,0.004354000000000001,0.019941000000000004,0.0026300000000000004,0.013075000000000002,0.026722331421456337,0.0003963709300723079,0.9729222641024148,0.0002876714895662524,0.012241562545786499,0.000949159619116274,0.013599342243116238,0.7007277856285314,0.08594078610081818,0.17442245792001915,0.036354369359953766,0.002554600990677371,0.0259987511886584,7.687252884693417e-06,0.0003271230914649936,2.5363757913888338e-05,0.0003634061305343635,0.0002777481241170898,3.406442931792657e-05,6.913599187125598e-05,1.4409815195397087e-05,1.0125695706384288e-06,16.710657418380034,0.026781293913340286,0.00027701764690281897,309.1473760575555,82.3795680252517,4.607974115147516,16.08115342186235,0.059995774897469545,-0.1597136717518488
213.7517241379,6.985495534,0.9600000000000001,0.004354000000000001,0.019941000000000004,0.0026300000000000004,0.013075000000000002,0.02671245945649511,0.000420220456299937,0.97129370191691,0.0003865872257713773,0.01368913281373864,0.0011497078688834828,0.013480870174696628,0.6631549430568837,0.10863396767998466,0.1842658497755941,0.041538181319696166,0.0024070581678414123,0.025945643632804504,1.0326695594816838e-05,0.00036567040528157025,3.0711524834363426e-05,0.0003601071979798578,0.0002786712727689224,4.565021546815576e-05,7.743227947319579e-05,1.745519350803224e-05,1.0114950816308085e-06,16.710657418380034,0.026781293913340286,0.00027701764690281897,309.1473760575555,82.3795680252517,4.607974115147516,15.981395634383686,0.0634620628043745,-0.183623507845585
213.7517241379,7.3840966751,0.9600000000000001,0.004354000000000001,0.019941000000000004,0.0026300000000000004,0.013075000000000002,0.026704896783833365,0.000443960711336933,0.969912205428592,0.0005003019202065405,0.014851795753775826,0.0013367650085228514,0.013398931888902814,0.6296821390297982,0.13277600615319288,0.18953545329938365,0.045726223054895834,0.0022801784627294692,0.025901405335350732,1.33605111398693e-05,0.0003966156726591581,3.569817157684288e-05,0.00035781709310676304,0.00027955413035983073,5.89473301402485e-05,8.414629467036241e-05,2.0300646514202822e-05,1.0123096522885296e-06,16.710657418380034,0.026781293913340286,0.00027701764690281897,309.1473760575555,82.3795680252517,4.607974115147516,15.899041546436585,0.06364066426123394,-0.20619958373572622
213.7517241379,7.7826978163,0.9600000000000001,0.004354000000000001,0.019941000000000004,0.0026300000000000004,0.013075000000000002,0.026699277649563213,0.00046759867519257156,0.9687523506299173,0.0006272723798921093,0.015774857265930715,0.00150561233172921,0.013339907392530648,0.5996677172191547,0.15778252765355766,0.19146014785344917,0.04892078431270215,0.0021688229611361623,0.025864987983135176,1.674771943264172e-05,0.00042117729402531376,4.019876167744445e-05,0.0003561658912926366,0.00028040383012743037,7.377890089933885e-05,8.95265114884467e-05,2.2875293934001064e-05,1.0141387433544996e-06,16.710657418380034,0.026781293913340286,0.00027701764690281897,309.1473760575555,82.3795680252517,4.607974115147516,15.831437397465843,0.06104874583127895,-0.22762606423030896
213.7517241379,8.1812989575,0.9600000000000001,0.004354000000000001,0.019941000000000004,0.0026300000000000004,0.013075000000000002,0.02669522611398711,0.0004911471755708732,0.9677785658072613,0.00076552016407608,0.016505414596492195,0.0016545296968659138,0.013295969735304445,0.5725923659595769,0.18307646857374166,0.1910486367669598,0.05121281739560433,0.0020697113041173287,0.025835067642494994,2.0435733874827468e-05,0.00044061577475846246,4.416804437014212e-05,0.0003549389184886815,0.00028122712329448996,8.991749045348295e-05,9.383299834475798e-05,2.5153030616877948e-05,1.0165328612643346e-06,16.710657418380034,0.026781293913340286,0.00027701764690281897,309.1473760575555,82.3795680252517,4.607974115147516,15.775819928051096,0.0562281081309699,-0.2480960879609171
213.7517241379,8.5799000987,0.9600000000000001,0.004354000000000001,0.019941000000000004,0.0026300000000000004,0.013075000000000002,0.02669240449145498,0.0005146208695328605,0.9669549711051247,0.0009130264159674283,0.017085678830233028,0.0017840230844283795,0.013262300564246429,0.5480347907336535,0.20817388382114566,0.1890708159900239,0.05273992163593043,0.0019805878192464895,0.025810353213761152,2.4370870406386027e-05,0.00045605785034766934,4.761986579165544e-05,0.00035400269114811727,0.00028203014054161194,0.00010713062510607065,9.729978772807356e-05,2.7141064331377437e-05,1.0192518257268203e-06,16.710657418380034,0.026781293913340286,0.00027701764690281897,309.1473760575555,82.3795680252517,4.607974115147516,15.729678587128522,0.04967722516181894,-0.26777888095975655
213.7517241379,8.9785012398,0.9600000000000001,0.004354000000000001,0.019941000000000004,0.0026300000000000004,0.013075000000000002,0.026690534288332107,0.0005380336394840818,0.9662501027831514,0.0010679727590680763,0.017550270994417933,0.0018958470218773974,0.013235806441485247,0.525651363971062,0.23271527653777074,0.186083848960608,0.05364969611503803,0.001899814415521156,0.025789731499438123,2.8504763544911136e-05,0.0004684261097460323,5.060116994285099e-05,0.00035327074566018896,0.00028281811645712227,0.00012520864719916134,0.00010011937050548211,2.8865341257988917e-05,1.0221640643271714e-06,16.710657418380034,0.026781293913340286,0.00027701764690281897,309.1473760575555,82.3795680252517,4.607974115147516,15.69092107013387,0.04179924878049235,-0.28682720326984246
213.7517241379,9.377102381,0.9600000000000001,0.004354000000000001,0.019941000000000004,0.0026300000000000004,0.013075000000000002,0.026689397198863055,0.0005613974061827527,0.9656383148932481,0.0012288361379378338,0.017926164971571373,0.001992240457767023,0.013214443539475713,0.5051595776602524,0.2564596162725984,0.18247686978138217,0.05407778626816744,0.0018261500175995892,0.025772304536626697,3.2796895777739713e-05,0.000478438537178614,5.317169689298883e-05,0.0003526855323870171,0.00028359527660684055,0.0001439757633660608,0.00010244204138361589,3.0359128943054485e-05,1.0251958831809977e-06,16.710657418380034,0.026781293913340286,0.00027701764690281897,309.1473760575555,82.3795680252517,4.607974115147516,15.657891547764871,0.03291075484686701,-0.30536403892800656
213.7517241379,9.7757035222,0.9600000000000001,0.004354000000000001,0.019941000000000004,0.0026300000000000004,0.013075000000000002,0.026688826703439143,0.000584721868848708,0.96509949561731,0.0013943925324948244,0.018233815584120395,0.0020754662617114535,0.013196830004363303,0.4863250847282446,0.27926193631619267,0.17851559133803419,0.05413876502521918,0.0017586225923093184,0.02575737319010691,3.7214700656324e-05,0.0004866391442670572,5.539175938765165e-05,0.0003522079090211982,0.00028436491241030546,0.00016329056130111306,0.00010438197018580758,3.1656119862707226e-05,1.0283050887746641e-06,16.710657418380034,0.026781293913340286,0.00027701764690281897,309.1473760575555,82.3795680252517,4.607974115147516,15.629316116235398,0.023251914978018817,-0.3234871852911638
213.7517241379,10.1743046634,0.9600000000000001,0.004354000000000001,0.019941000000000004,0.0026300000000000004,0.013075000000000002,0.02668869728160381,0.0006080146940358359,0.9646181625284794,0.001563679424647256,0.018488558498617913,0.0021475876901872917,0.01318201185806809,0.4689517095146229,0.30104822416024807,0.17437881198374552,0.05392480363278359,0.0016964507086000503,0.02574440213205949,4.173256680988303e-05,0.0004934355409428369,5.731631774910738e-05,0.000351810724042491,0.0002851295301781156,0.00018304174390282497,0.0001060248800146296,3.278707298172945e-05,1.0314669585363366e-06,16.710657418380034,0.026781293913340286,0.00027701764690281897,309.1473760575555,82.3795680252517,4.607974115147516,15.604227165727616,0.013002790142436993,-0.3412731969008078
213.7517241379,10.5729058045,0.9600000000000001,0.004354000000000001,0.019941000000000004,0.0026300000000000004,0.013075000000000002,0.026688914516266662,0.0006312818574082733,0.9641824734357313,0.0017359470438259711,0.01870187323409691,0.002210388945397625,0.013169317340948285,0.45287379954323637,0.32179373241207626,0.17018550443804242,0.05350797043066106,0.0016389931759838734,0.025732983611608785,4.633054225743716e-05,0.0004991326960388679,5.899288161141803e-05,0.00035147478475015695,0.0002858910133471963,0.0002031425450994364,0.00010743502134561136,3.377861095961468e-05,1.0346666564145845e-06,16.710657418380034,0.026781293913340286,0.00027701764690281897,309.1473760575555,82.3795680252517,4.607974115147516,15.581891912198332,0.00229808126497133,-0.35878167676380457
213.7517241379,10.9715069457,0.9600000000000001,0.004354000000000001,0.019941000000000004,0.0026300000000000004,0.013075000000000002,0.026689407112826694,0.0006545279937827387,0.9637833630626431,0.0019106123808296026,0.018882390212232845,0.0022653699733248558,0.01315826437096964,0.43795035489533224,0.3415063214454419,0.1660139131351443,0.0529436952146703,0.001585715309411383,0.02572280654534814,5.099311166676834e-05,0.0005039597996375364,6.0461381479240425e-05,0.00035118627469501117,0.00028665076716608023,0.00022352544743980818,0.00010866075350436786,3.465313061230294e-05,1.0378950601796073e-06,16.710657418380034,0.026781293913340286,0.00027701764690281897,309.1473760575555,82.3795680252517,4.607974115147516,15.561753701255158,-0.008761033205749058,-0.3760590421692189
213.7517241379,11.3701080869,0.9600000000000001,0.004354000000000001,0.019941000000000004,0.0026300000000000004,0.013075000000000002,0.02669012084184345,0.0006777566999675267,0.9634138565248962,0.002087220783631199,0.019036648411682726,0.0023137735867266728,0.013148500693063274,0.42406048707736455,0.36021445876981073,0.1619146729469963,0.05227421576215359,0.001536165443675042,0.02571363225135591,5.570817493872388e-05,0.0005080904465314992,6.175489663040044e-05,0.00035093507238692114,0.0002874098363081766,0.00024413776285641563,0.00010973875441287759,3.542919996834768e-05,1.041146421709348e-06,16.710657418380034,0.026781293913340286,0.00027701764690281897,309.1473760575555,82.3795680252517,4.607974115147516,15.543386864456501,-0.020097982549847515,-0.3931415944191574
213.7517241379,11.7687092281,0.9600000000000001,0.004354000000000001,0.019941000000000004,0.0026300000000000004,0.013075000000000002,0.026691014074034295,0.0007009707778407159,0.963068547003176,0.0022654156874167414,0.019169649879608956,0.0023566229235524685,0.013139764506245861,0.4110998705042371,0.37795890109918734,0.15791971778760477,0.05153155259408212,0.001489958014888632,0.02570527614232153,6.046624199637832e-05,0.0005116573947309525,6.290065561973078e-05,0.0003507136393657046,0.0002881689959975726,0.00026493814489531953,0.00011069710741396366,3.61221125052135e-05,1.0444170286464933e-06,16.710657418380034,0.026781293913340286,0.00027701764690281897,309.1473760575555,82.3795680252517,4.607974115147516,15.5264630921577,-0.031654265112580404,-0.4100578997609112
213.7517241379,12.1673103692,0.9600000000000001,0.004354000000000001,0.019941000000000004,0.0026300000000000004,0.013075000000000002,0.026692054529762876,0.0007241724223735874,0.9627432064992713,0.0024449154329092607,0.01928526099723066,0.0023947589485683457,0.01313185812202055,0.3989779393561603,0.39478707824516773,0.15404831079702916,0.050739910594508116,0.001446761007134717,0.02569759416603731,6.52598160558728e-05,0.00051476323815879,6.39210364408239e-05,0.000350516273070082,0.0002889288208171729,0.00028589391477459414,0.00011155753839244387,3.674444396624419e-05,1.047704423132399e-06,16.710657418380034,0.026781293913340286,0.00027701764690281897,309.1473760575555,82.3795680252517,4.607974115147516,15.510726739959278,-0.04338471849343506,-0.4268306060298013
213.7517241379,12.5659115104,0.9600000000000001,0.004354000000000001,0.019941000000000004,0.0026300000000000004,0.013075000000000002,0.026693216919623362,0.0007473633644668611,0.9624344981032119,0.0026254957491211833,0.01938650224199599,0.002428873860575447,0.013124630045095597,0.387615649605431,0.4107493804228749,0.15031113197572496,0.049917551594315365,0.0014062864016539092,0.025690472828797876,7.008292755284078e-05,0.0005174881096583636,6.483445683074344e-05,0.00035033859678354294,0.0002896897360091228,0.00030697903890551843,0.0001123370333102002,3.7306549305475656e-05,1.0510069365440613e-06,16.710657418380034,0.026781293913340286,0.00027701764690281897,309.1473760575555,82.3795680252517,4.607974115147516,15.495976772200208,-0.05525410822593457,-0.44347781663920394
213.7517241379,12.9645126516,0.9600000000000001,0.004354000000000001,0.019941000000000004,0.0026300000000000004,0.013075000000000002,0.026694481227347758,0.0007705449786571545,0.9621397634770957,0.0028069765777831023,0.019475758116589397,0.002459539245169972,0.013117962583361767,0.3769436743444909,0.4258967555035459,0.14671305961595876,0.04907822778008969,0.0013682827559149092,0.025683821854224145,7.493078356123588e-05,0.0005198952594316614,6.56561242081149e-05,0.000350177205922601,0.00029045205550272515,0.00032817260637963113,0.00011304901139050479,3.781698197734018e-05,1.0543234069534063e-06,16.710657418380034,0.026781293913340286,0.00027701764690281897,309.1473760575555,82.3795680252517,4.607974115147516,15.482053537122296,-0.06723465465994138,-0.46001412159071187
213.7517241379,13.3631137928,0.9600000000000001,0.004354000000000001,0.019941000000000004,0.0026300000000000004,0.013075000000000002,0.026695831452817377,0.0007937183642070285,0.961856865358756,0.0029892121574946807,0.019554930214995155,0.0024872291236141555,0.013111763145140058,0.36690093515395705,0.44027919473003907,0.14325507195031922,0.04823226883031832,0.0013325293353662517,0.02567756875935261,7.979950393319059e-05,0.0005220351210911165,6.639864946854218e-05,0.0003500294189719217,0.0002912160100764278,0.00034945768223551435,0.00011370418137276755,3.8282837517993905e-05,1.0576530043247802e-06,16.710657418380034,0.026781293913340286,0.00027701764690281897,309.1473760575555,82.3795680252517,4.607974115147516,15.468829031466575,-0.07930423258666686,-0.4764513763778808
213.7517241379,13.7617149339,0.9600000000000001,0.004354000000000001,0.019941000000000004,0.0026300000000000004,0.013075000000000002,0.026697254684756148,0.0008168844063088535,0.9615840701513833,0.0031720835336547003,0.019625549741885497,0.0025123385394330757,0.013105958033643568,0.3574333969255646,0.4539448149153422,0.1399355534640876,0.04738740329093484,0.0012988314040706388,0.0256716548216359,8.468592197930079e-05,0.0005239482997874674,6.70725418415731e-05,0.0003498930995119082,0.0002919817682424966,0.0003708204406291017,0.00011431117151301201,3.871003080383352e-05,1.0609951204095383e-06,16.710657418380034,0.026781293913340286,0.00027701764690281897,309.1473760575555,82.3795680252517,4.607974115147516,15.456199682822092,-0.09144504830322653,-0.4927992912180468
213.7517241379,14.1603160751,0.9600000000000001,0.004354000000000001,0.019941000000000004,0.0026300000000000004,0.013075000000000002,0.02669874041064449,0.0008400438224637007,0.9613199597551759,0.003355492869039741,0.019688860980264965,0.002535198437141947,0.013100487958377387,0.3484930713747389,0.4669393375223032,0.13675119587161716,0.046549378833239334,0.0012670163981013715,0.02566603205707465,8.958743306026076e-05,0.0005256677882933617,6.768660496272445e-05,0.00034976652725349184,0.00029274945177975095,0.0003922495059509037,0.00011487699730647552,3.910351812838525e-05,1.064349298185266e-06,16.710657418380034,0.026781293913340286,0.00027701764690281897,309.1473760575555,82.3795680252517,4.607974115147516,15.444080954602502,-0.10364265893392854,-0.509065879702078
213.7517241379,14.5589172163,0.9600000000000001,0.004354000000000001,0.019941000000000004,0.0026300000000000004,0.013075000000000002,0.026700279998437694,0.0008631971978572099,0.961063364822546,0.0035393590935468454,0.01974588379801939,0.00255608754160908,0.01309530474427873,0.3400371874008274,0.4793058292450481,0.13369762124495319,0.04572243132610195,0.001236930783069346,0.02566066093700265,9.45018788127174e-05,0.0005272206262237321,6.82482530614807e-05,0.0003496483033371116,0.00029351914733164114,0.00041373544872095187,0.00011540741201881817,3.9467474599909916e-05,1.0677151858887837e-06,16.710657418380034,0.026781293913340286,0.00027701764690281897,309.1473760575555,82.3795680252517,4.607974115147516,15.43240327803802,-0.11588523930149108,-0.5252578034887279
213.7517241379,14.9575183575,0.9600000000000001,0.004354000000000001,0.019941000000000004,0.0026300000000000004,0.013075000000000002,0.02670186630368243,0.000886345012492858,0.9608133138063999,0.0037236145536179628,0.01979746090630532,0.002575241845556291,0.013090368888120497,0.3320274960111885,0.4910846126215864,0.130769813403187,0.04490964051419661,0.0012084374498415188,0.025655508648056564,9.942745797715298e-05,0.0005286291542725443,6.876376345969248e-05,0.00034953727991647755,0.0002942909151000092,0.0004352703971091303,0.00011590717189453649,3.9805435882605355e-05,1.0710925065766184e-06,16.710657418380034,0.026781293913340286,0.00027701764690281897,309.1473760575555,82.3795680252517,4.607974115147516,15.421108957354773,-0.12816302837006077,-0.5413806388015967
213.7517241379,15.3561194986,0.9600000000000001,0.004354000000000001,0.019941000000000004,0.0026300000000000004,0.013075000000000002,0.026703493368943235,0.0009094876621723024,0.9605689937344496,0.003908202412575804,0.019844293927548183,0.002592862203195555,0.013085647722230727,0.32442968460323895,0.5023132851164225,0.1279624161381325,0.04411320060319927,0.0011814135390068822,0.02565054775460035,0.00010436265720870593,0.0005299119713056434,6.923847864961605e-05,0.0003494325071789154,0.0002950647953890972,0.0004568477353586243,0.00011638023869938943,4.01204116875415e-05,1.0744810376500755e-06,16.710657418380034,0.026781293913340286,0.00027701764690281897,309.1473760575555,82.3795680252517,4.607974115147516,15.410149794358961,-0.14046790718034963,-0.5574390838711469
213.7517241379,15.7547206398,0.9600000000000001,0.004354000000000001,0.019941000000000004,0.0026300000000000004,0.013075000000000002,0.026705156191778868,0.0009326254748019695,0.9603297197586889,0.00409307461801246,0.019886971175948627,0.0026091204283004406,0.013081114019049673,0.31721288077611876,0.5130268053154324,0.12526993844501566,0.0433346268526953,0.0011557486107379986,0.025645755161763015,0.00010930619697862837,0.0005310846714351124,6.967696856092424e-05,0.0003493331930411897,0.0002958408135471283,0.0004784618678934427,0.00011682993582069622,4.041497694386113e-05,1.0778805968412426e-06,16.710657418380034,0.026781293913340286,0.00027701764690281897,309.1473760575555,82.3795680252517,4.607974115147516,15.39948524934493,-0.15279307249478435,-0.5734371200271227
213.7517241379,16.153321781,0.9600000000000001,0.004354000000000001,0.019941000000000004,0.0026300000000000004,0.013075000000000002,0.0267068505440783,0.0009557587223304042,0.9600949113231692,0.004278190301258218,0.01992598924478732,0.0026241642113187308,0.01307674491946644,0.31034922591317404,0.5232576231540178,0.12268689393461697,0.04257491392172024,0.001131343076471103,0.02564111130483799,0.00011425698897482856,0.0005321604167034467,7.008316139480845e-05,0.00034923867216722545,0.0002966189796350052,0.0005001080373553281,0.00011725906899363533,4.069134533315027e-05,1.08129101328537e-06,16.710657418380034,0.026781293913340286,0.00027701764690281897,309.1473760575555,82.3795680252517,4.607974115147516,15.389081010071846,-0.1651299978597951,-0.5893753535477924
217.1896551724,5.3415843973,0.9600000000000001,0.004354000000000001,0.019941000000000004,0.0026300000000000004,0.013075000000000002,0.026598814017490376,0.0003179323001090069,0.9585997847081432,1.2913846564755192e-05,0.0011617688337210979,5.8416151517122794e-05,0.04016711646005365,0.9601291421972199,0.00475437943267399,0.021673013061859776,0.0028671778043415255,0.010576287503904939,0.025497617390658218,3.4349300302633034e-07,3.090167313946419e-05,1.5538003498214874e-06,0.0010683976603398434,0.00030525606658044987,1.511570788620997e-06,6.890550893049629e-06,9.115684341557934e-07,3.3625434127306446e-06,15.927170675001971,0.02652175808504949,0.000319110625583163,309.1473760575555,82.3795680252517,5.350261276682839,16.321238582111658,-0.02064121761461024,-0.04079176546079921
217.1896551724,5.732367092,0.9600000000000001,0.004354000000000001,0.019941000000000004,0.0026300000000000004,0.013075000000000002,0.02653539686205977,0.00034180340957075053,0.9792928075995215,4.009014529360207e-05,0.0032536419628906,0.00017396715477262665,0.017239493137521652,0.9193037805730148,0.013453754980178164,0.055141288026078206,0.00781075200168039,0.00429042441904837,0.025985923293814047,1.0638079156233687e-06,8.633668073235321e-05,4.616287492855024e-06,0.000457456792104893,0.00031422116663113754,4.598539323754362e-06,1.884748025543633e-05,2.669741665485922e-06,1.4664816949363394e-06,15.927170675001971,0.02652175808504949,0.000319110625583163,309.1473760575555,82.3795680252517,5.350261276682839,15.928382802760815,0.010132827872741501,-0.04529421775776754
217.1896551724,6.1231497868,0.9600000000000001,0.004354000000000001,0.019941000000000004,0.0026300000000000004,0.013075000000000002,0.02651246486210618,0.000365336605519618,0.9788441769080651,8.280414639877059e-05,0.005761557828114059,0.00033784734276767845,0.01497361377465429,0.8652063643735651,0.02583979826068852,0.09126918170755882,0.014160431116726022,0.0035242245414614103,0.025951571845752322,2.1953420218341015e-06,0.00015275309946886678,8.957165803884017e-06,0.00039698740905927095,0.00031609155623420806,9.440224183871673e-06,3.3343973033592755e-05,5.173323836879059e-06,1.287528231066444e-06,15.927170675001971,0.02652175808504949,0.000319110625583163,309.1473760575555,82.3795680252517,5.350261276682839,15.749031912811564,0.028473455323446473,-0.06949602433604518
217.1896551724,6.5139324815,0.9600000000000001,0.004354000000000001,0.019941000000000004,0.0026300000000000004,0.013075000000000002,0.02649441082085411,0.0003888077170668822,0.9770333066290782,0.00013675963409864883,0.00806249475041332,0.0005192064651388064,0.014248232521270969,0.8163727416597106,0.03991436914655057,0.12010224169727296,0.020428510584960147,0.0031821369115056495,0.02588592181148832,3.6233659295192904e-06,0.00021361104815843012,1.3756069388231004e-05,0.00037749852588960696,0.0003174120219603437,1.5519014746035124e-05,4.6696678408931606e-05,7.942762563614992e-06,1.237239387956771e-06,15.927170675001971,0.02652175808504949,0.000319110625583163,309.1473760575555,82.3795680252517,5.350261276682839,15.598938050266295,0.043282839807211815,-0.09391201888443845
217.1896551724,6.9047151762,0.9600000000000001,0.004354000000000001,0.019941000000000004,0.0026300000000000004,0.013075000000000002,0.0264792297587975,0.00041220666347002304,0.9751000307507859,0.00020346250427735009,0.010092963152600115,0.0007117885577298668,0.013891755034606735,0.7728664603142411,0.05579129744607436,0.1419869762384129,0.026402249406780296,0.0029530165944915126,0.025819897752060568,5.387530398060272e-06,0.0002672538902647756,1.8847612759812242e-05,0.00036784297331428367,0.0003185807049140203,2.299754457090993e-05,5.852797773143362e-05,1.08831831360723e-05,1.2172531175869564e-06,15.927170675001971,0.02652175808504949,0.000319110625583163,309.1473760575555,82.3795680252517,5.350261276682839,15.468166711054055,0.054763717311486104,-0.11740848382294189
217.1896551724,7.295497871,0.9600000000000001,0.004354000000000001,0.019941000000000004,0.0026300000000000004,0.013075000000000002,0.026466620018349384,0.00043551200295328555,0.973293144901462,0.0002842990068776293,0.011833065228098275,0.0009086546019655045,0.013680836261596574,0.7340091765583762,0.07354117018542136,0.15778038030431923,0.031893824837001594,0.0027754481148816136,0.025759779832571262,7.524433786624312e-06,0.0003131812410444198,2.4049016078145515e-05,0.000362085494868932,0.0003196698066690302,3.20280623269813e-05,6.87152494530652e-05,1.389014353660381e-05,1.2087409676050122e-06,15.927170675001971,0.02652175808504949,0.000319110625583163,309.1473760575555,82.3795680252517,5.350261276682839,15.355282686224895,0.06282282260797523,-0.13983520621019352
217.1896551724,7.6862805657,0.9600000000000001,0.004354000000000001,0.019941000000000004,0.0026300000000000004,0.013075000000000002,0.026456421656021196,0.0004587084074960436,0.9716884352564523,0.0003799067550105224,0.013286450563739184,0.0011021161559011503,0.013543091268896763,0.6991401670801805,0.09304690689046316,0.16845571698415762,0.036728963252801346,0.0026282457923973756,0.025707398961424155,1.0050973300529125e-05,0.0003515119384261644,2.9158049734434027e-05,0.0003583017331359119,0.0003207014726578674,4.2681398482157e-05,7.727205367140716e-05,1.684788424267321e-05,1.2055984419387773e-06,15.927170675001971,0.02652175808504949,0.000319110625583163,309.1473760575555,82.3795680252517,5.350261276682839,15.259354854032154,0.0675268852309081,-0.16120856560960029
217.1896551724,8.0770632604,0.9600000000000001,0.004354000000000001,0.019941000000000004,0.0026300000000000004,0.013075000000000002,0.026448410397227992,0.00048179073969668455,0.970301266381237,0.0004899735179150381,0.01447590554973348,0.001285241053689771,0.013447613497424689,0.6676886675998454,0.11400058980812625,0.1750198981983651,0.0407892189547638,0.002501625438899403,0.025662926102200997,1.295902068559047e-05,0.00038286469085086134,3.39925828473528e-05,0.00035566800064319064,0.00032168621705002326,5.492442848951546e-05,8.432296621462876e-05,1.9651867971865675e-05,1.2052599706513865e-06,15.927170675001971,0.02652175808504949,0.000319110625583163,309.1473760575555,82.3795680252517,5.350261276682839,15.178902867744503,0.06914550240390582,-0.18160362560960586
217.1896551724,8.4678459552,0.9600000000000001,0.004354000000000001,0.019941000000000004,0.0026300000000000004,0.013075000000000002,0.026442291064972003,0.0005047635694735127,0.9691182708232927,0.000613348698739192,0.015436549938562354,0.0014531547933846571,0.013378675746021054,0.6391741566495004,0.13596860453022275,0.17842982072018568,0.04403723205334857,0.00239018604674268,0.025625707393491872,1.6218344816383542e-05,0.00040817774651444143,3.8424742009136355e-05,0.00035376283814017015,0.000322631828825624,6.863199815900766e-05,9.006487320723986e-05,2.2228390440981613e-05,1.2064788406596194e-06,15.927170675001971,0.02652175808504949,0.000319110625583163,309.1473760575555,82.3795680252517,5.350261276682839,15.111918786158279,0.06809124493039498,-0.20112559373553474
217.1896551724,8.8586286499,0.9600000000000001,0.004354000000000001,0.019941000000000004,0.0026300000000000004,0.013075000000000002,0.026437741212413268,0.0005276380688332479,0.9681130097122295,0.0007483619831743679,0.01620787919312724,0.001603462363572178,0.013327286747896834,0.6131958274308849,0.15848302897479036,0.17951949410392162,0.046511068584913384,0.0022905809054898454,0.025594721215142457,1.978500044437231e-05,0.0004284997157099556,4.2391923011965756e-05,0.0003523433581045213,0.00032354546220223764,8.362167935110206e-05,9.472131918691483e-05,2.454101040751444e-05,1.2085976854789744e-06,15.927170675001971,0.02652175808504949,0.000319110625583163,309.1473760575555,82.3795680252517,5.350261276682839,15.0561787232996,0.0648259773330846,-0.21989660289484902
217.1896551724,9.2494113446,0.9600000000000001,0.004354000000000001,0.019941000000000004,0.0026300000000000004,0.013075000000000002,0.0264344545039878,0.0005504283451175707,0.9672555305444402,0.0008931732433247697,0.016827523834617653,0.0017358631561861968,0.01328790922143119,0.5894204908964622,0.18111729425197798,0.17896320546188577,0.04829844431601401,0.0022005650736600163,0.025568872315907588,2.361054746484785e-05,0.0004448264132209707,4.5886595627352684e-05,0.0003512586317670427,0.0003244337453825259,9.969209254728835e-05,9.850642101932159e-05,2.658483277661673e-05,1.211253391818208e-06,15.927170675001971,0.02652175808504949,0.000319110625583163,309.1473760575555,82.3795680252517,5.350261276682839,15.009547357723113,0.05979984218748591,-0.23802904576293216
217.1896551724,9.6401940394,0.9600000000000001,0.004354000000000001,0.019941000000000004,0.0026300000000000004,0.013075000000000002,0.02643216601714242,0.0005731486423373843,0.96651768060231,0.0010460287904369974,0.01732789902897102,0.0018514205936550952,0.013256970984627,0.5675709880450801,0.20352667392392054,0.17727559412477506,0.04950820189471933,0.002118542011504907,0.02554715579218369,2.7648806647541392e-05,0.00045801390386204294,4.8937056499047854e-05,0.00035041045795010086,0.00032530254122812544,0.00011665103683893859,0.00010160526609216801,2.8375558700523503e-05,1.2142394776287486e-06,15.927170675001971,0.02652175808504949,0.000319110625583163,309.1473760575555,82.3795680252517,5.350261276682839,14.970160377839244,0.053393911200069866,-0.25563297467702917
217.1896551724,10.0309767341,0.9600000000000001,0.004354000000000001,0.019941000000000004,0.0026300000000000004,0.013075000000000002,0.02643065993893026,0.000595811775245778,0.9658753709901845,0.0012053948139808188,0.017735259387110472,0.0019518791391736688,0.013232095669550512,0.5474157658117205,0.22545746080361617,0.174833993669227,0.050249456970212776,0.0020433227452235285,0.02552872347402967,3.185938042047712e-05,0.0004687546097894376,5.1589453769391166e-05,0.0003497330209212813,0.0003261567592258082,0.00013433020996380795,0.00010416815214137125,2.9939218162558805e-05,1.217435752231707e-06,15.927170675001971,0.02652175808504949,0.000319110625583163,309.1473760575555,82.3795680252517,5.350261276682839,14.936485824593005,0.045918760258345515,-0.27280113383184457
217.1896551724,10.4217594289,0.9600000000000001,0.004354000000000001,0.019941000000000004,0.0026300000000000004,0.013075000000000002,0.02642976658657143,0.0006184285435751867,0.9653090250047329,0.0013699969805243742,0.018070123988519104,0.0020391886752246296,0.013211665350998755,0.5287601263901086,0.24673769264092152,0.1719079494891282,0.05062024317954405,0.001973988300297475,0.025512892214785934,3.620870041956686e-05,0.0004775891592069651,5.389528071216678e-05,0.0003491812314467904,0.0003270003548640665,0.00015258963190502715,0.0001063127828315583,3.1305003264947204e-05,1.2207707095874258e-06,15.927170675001971,0.02652175808504949,0.000319110625583163,309.1473760575555,82.3795680252517,5.350261276682839,14.907309676579594,0.03761699851725453,-0.2896103393020848
217.1896551724,10.8125421236,0.9600000000000001,0.004354000000000001,0.019941000000000004,0.0026300000000000004,0.013075000000000002,0.026429355020043108,0.0006410077155653098,0.9648031656932515,0.0015388073670825344,0.018348236574717985,0.0021152340735852274,0.013194556291362824,0.5114391363020886,0.2672608659179714,0.16868692786061232,0.05070326319791371,0.001909806721413906,0.02549912539056842,4.06696862120821e-05,0.00048493205842496136,5.590427228127596e-05,0.0003487236125563714,0.0003278364324116969,0.0001713162771220854,0.0001081296222736613,3.250118291420131e-05,1.224200843664802e-06,15.927170675001971,0.02652175808504949,0.000319110625583163,309.1473760575555,82.3795680252517,5.350261276682839,14.881688449626468,0.028674633980102726,-0.30612271702250915
217.1896551724,11.2033248183,0.9600000000000001,0.004354000000000001,0.019941000000000004,0.0026300000000000004,0.013075000000000002,0.026429324959089923,0.0006635562672693537,0.964345716071452,0.0017110095341114333,0.018581591119216506,0.002181709877396415,0.013179973397823692,0.4953120103591261,0.28696931725504793,0.16530276996491497,0.050565721621804054,0.001850180799107018,0.02548700630295867,4.5220826985132125e-05,0.0004910989099467124,5.766111931616609e-05,0.0003483377998832429,0.00032866738872758115,0.00019042028897859454,0.00010968768900720361,3.355320149114555e-05,1.2276990648288828e-06,15.927170675001971,0.02652175808504949,0.000319110625583163,309.1473760575555,82.3795680252517,5.350261276682839,14.858894991893036,0.01923324304228302,-0.32238787626818244
217.1896551724,11.5941075131,0.9600000000000001,0.004354000000000001,0.019941000000000004,0.0026300000000000004,0.013075000000000002,0.0264295996360823,0.0006860796955597108,0.9639272907217621,0.0018859591426270358,0.01877932556120533,0.0022400805054071386,0.013167344068998405,0.48025770073772134,0.30584010822936636,0.16184655417082078,0.050261023042581066,0.0017946138195104459,0.02547621237206968,4.984514506964159e-05,0.0004963300560183035,5.9204430910503566e-05,0.00034800763201417066,0.00032949505711234254,0.00020983068834395265,0.00011103963461290496,3.4483067387573625e-05,1.2312481029369764e-06,15.927170675001971,0.02652175808504949,0.000319110625583163,309.1473760575555,82.3795680252517,5.350261276682839,14.838369498601962,0.009400486444532064,-0.3384453212933245
217.1896551724,11.9848902078,0.9600000000000001,0.004354000000000001,0.019941000000000004,0.0026300000000000004,0.013075000000000002,0.026430120045149677,0.0007085823187357154,0.9635405855667497,0.002063147987544476,0.018948433307811027,0.0022915842413355823,0.013156248896559171,0.4661714300151934,0.3238740771256178,0.1583807526842419,0.04983105389657013,0.001742686278376678,0.02546649334490301,5.452924898170947e-05,0.000500809366992958,6.0566846592072686e-05,0.00034772123767992685,0.00033032083280851,0.00022949144454806016,0.000112225800980108,3.530940371507607e-05,1.234836683961061e-06,15.927170675001971,0.02652175808504949,0.000319110625583163,309.1473760575555,82.3795680252517,5.350261276682839,14.819679521199586,-0.0007412822748396053,-0.35432637940786194
217.1896551724,12.3756729025,0.9600000000000001,0.004354000000000001,0.019941000000000004,0.0026300000000000004,0.013075000000000002,0.026430840528176288,0.0007310675329616225,0.9631798892929309,0.0022421740353783105,0.019094304726864925,0.0023372562473938318,0.013146375697432187,0.4529619497551437,0.3410877730715029,0.15494781341213426,0.049308424268661034,0.001694039492558114,0.025457654053847947,5.9262544365501626e-05,0.0005046785232321696,6.177564714835011e-05,0.00034746975958232243,0.0003311457751329793,0.00024935819678275733,0.00011327731568900679,3.604778808431502e-05,1.2384572725640192e-06,15.927170675001971,0.02652175808504949,0.000319110625583163,309.1473760575555,82.3795680252517,5.350261276682839,14.802488935092628,-0.01112871817822736,-0.37005606971877647
217.1896551724,12.7664555973,0.9600000000000001,0.004354000000000001,0.019941000000000004,0.0026300000000000004,0.013075000000000002,0.026431725465830967,0.000753538018815144,0.9628407061740115,0.0024227175944884316,0.01922113023114686,0.002377957452966775,0.01313748854738649,0.44054935414990853,0.3575076989076361,0.1515761616297837,0.04871842161709031,0.0016483636955813119,0.025449541212918293,6.403660633875662e-05,0.000508047637412658,6.285351856624446e-05,0.00034724649059501817,0.00033197068751641333,0.00026939564314602116,0.00011421840053411126,3.671118290514311e-05,1.2421047134551508e-06,15.927170675001971,0.02652175808504949,0.000319110625583163,309.1473760575555,82.3795680252517,5.350261276682839,14.7865344700727,-0.02171265253597454,-0.3856544431482316
217.1896551724,13.157238292,0.9600000000000001,0.004354000000000001,0.019941000000000004,0.0026300000000000004,0.013075000000000002,0.026432746822597518,0.000775995902777006,0.9625194700253544,0.0026045228116186032,0.019332197542889278,0.0024144030204288217,0.013129406599708899,0.4288633197046389,0.3731662885917841,0.14828438681205922,0.04808061574806194,0.0016053891434559483,0.025442033463000936,6.884469207319439e-05,0.0005110030831756341,6.381930376670979e-05,0.0003470462805810463,0.000332796178942145,0.0002895755110017262,0.00011506807661195864,3.731036082349166e-05,1.245775397684503e-06,15.927170675001971,0.02652175808504949,0.000319110625583163,309.1473760575555,82.3795680252517,5.350261276682839,14.77160816886345,-0.03245456831739446,-0.4011376689534547
217.1896551724,13.5480209867,0.9600000000000001,0.004354000000000001,0.019941000000000004,0.0026300000000000004,0.013075000000000002,0.026433882330138502,0.0007984428816389297,0.962213328851077,0.0027873834694896226,0.019430110521611456,0.002447187780338435,0.013121989377483488,0.4178416744517522,0.388099142320092,0.14508416795200738,0.04741013597177129,0.0015648793043772807,0.02543503391134023,7.368136664146189e-05,0.0005136132551898633,6.468867382521901e-05,0.0003468651231417259,0.0003336227106180926,0.0003098749975556514,0.00011584142113978723,3.7854285584194544e-05,1.2494667412041197e-06,15.927170675001971,0.02652175808504949,0.000319110625583163,309.1473760575555,82.3795680252517,5.350261276682839,14.75754432427893,-0.04332401060417723,-0.4165188777267428
217.1896551724,13.9388036815,0.9600000000000001,0.004354000000000001,0.019941000000000004,0.0026300000000000004,0.013075000000000002,0.026435114140211654,0.0008208803177113132,0.961919982895937,0.002971132131880379,0.019516950688373908,0.002476807873878822,0.01311512640992988,0.40742922451282854,0.4023431549555858,0.141982325194034,0.04671866980452768,0.001526625533023963,0.025428464541604537,7.85422170319082e-05,0.0005159328191160467,6.54746988493616e-05,0.00034669986360980065,0.0003344506312629646,0.00033027557686891336,0.00011655049621466962,3.8350436512190615e-05,1.2531768525749137e-06,15.927170675001971,0.02652175808504949,0.000319110625583163,309.1473760575555,82.3795680252517,5.350261276682839,14.744209739182685,-0.05429667340683153,-0.43180880706949765
217.1896551724,14.3295863762,0.9600000000000001,0.004354000000000001,0.019941000000000004,0.0026300000000000004,0.013075000000000002,0.026436427820851253,0.0008433093115974974,0.9616375625407381,0.00315563184535128,0.01959439710056258,0.002503678687974756,0.013108729825373321,0.39757678369699867,0.41593527099613065,0.138982265681176,0.04601523679518934,0.001490442830505423,0.025422262011927554,8.342363350880877e-05,0.0005180058646421197,6.61883209212482e-05,0.0003465479898515219,0.0003352802037666631,0.0003507620870528654,0.00011720503879585302,3.8805077664746953e-05,1.2569043173689537e-06,15.927170675001971,0.02652175808504949,0.000319110625583163,309.1473760575555,82.3795680252517,5.350261276682839,14.7314964329819,-0.06535298174577697,-0.4470162995155107
217.1896551724,14.720369071,0.9600000000000001,0.004354000000000001,0.019941000000000004,0.0026300000000000004,0.013075000000000002,0.026437811603392695,0.0008657307579150794,0.9613645357899981,0.0033407697763684894,0.01966381594296064,0.0025281495058178784,0.01310272898485476,0.3882403649080864,0.42891167534569574,0.13608500770413218,0.04530678562507786,0.0014561664170078697,0.025416374479399047,8.832264195793847e-05,0.0005198682613037831,6.683874034002342e-05,0.000346407480391903,0.00033611162536510464,0.0003713220297756557,0.00011781297686057777,3.922347785789468e-05,1.2606480558467087e-06,15.927170675001971,0.02652175808504949,0.000319110625583163,309.1473760575555,82.3795680252517,5.350261276682839,14.719316146924701,-0.07647703424950514,-0.46214868835221345
217.1896551724,15.1111517657,0.9600000000000001,0.004354000000000001,0.019941000000000004,0.0026300000000000004,0.013075000000000002,0.026439255813380382,0.0008881453881310838,0.9610996377436527,0.0035264523096881447,0.019726328016638966,0.00255051538653688,0.013097066543483348,0.3793805017149489,0.4413072853244732,0.13328990966993864,0.04459865436524667,0.0014236489253925061,0.02541075918445165,9.323677472953096e-05,0.0005215494326905701,6.743372876061131e-05,0.00034627669274802183,0.0003369450429449886,0.00039194503020957924,0.00011838081855776476,3.9610089191346056e-05,1.2644072274051278e-06,15.927170675001971,0.02652175808504949,0.000319110625583163,309.1473760575555,82.3795680252517,5.350261276682839,14.70759617506899,-0.08765580587773592,-0.4772120953422885
217.1896551724,15.5019344604,0.9600000000000001,0.004354000000000001,0.019941000000000004,0.0026300000000000004,0.013075000000000002,0.026440752436988145,0.0009105538036425646,0.9608418164535255,0.0037126012505764726,0.01978286000315418,0.0025710267687748486,0.013091695523968924,0.37096167557319115,0.45315544961244525,0.13059519115628104,0.04389492558017299,0.00139275807790966,0.025405380599953672,9.81639705637451e-05,0.0005230737038389942,6.797988230204533e-05,0.0003461542803296881,0.00033778056469878825,0.00041262241828596855,0.00011891394804477953,3.9968691447633824e-05,1.2681811653945483e-06,15.927170675001971,0.02652175808504949,0.000319110625583163,309.1473760575555,82.3795680252517,5.350261276682839,14.696276176830631,-0.09887854363444504,-0.49221166363457236
217.1896551724,15.8927171552,0.9600000000000001,0.004354000000000001,0.019941000000000004,0.0026300000000000004,0.013075000000000002,0.026442294787965785,0.0009329565014801045,0.9605901910520213,0.00389915086384227,0.019834183735274413,0.0025898972320202605,0.01308657711684184,0.3629518294777402,0.464487788332731,0.12799830655865926,0.04319870088623628,0.0013633747446332185,0.025400209002225917,0.00010310249656446875,0.0005244613332068024,6.848282607961635e-05,0.0003460391298889793,0.00033861826903535595,0.00043334690198313606,0.00011941685228234466,4.030250884730849e-05,1.2719693319593384e-06,15.927170675001971,0.02652175808504949,0.000319110625583163,309.1473760575555,82.3795680252517,5.350261276682839,14.685305720742273,-0.11013630478615255,-0.5071517411564894
217.1896551724,16.2834998499,0.9600000000000001,0.004354000000000001,0.019941000000000004,0.0026300000000000004,0.013075000000000002,0.026443877249705018,0.0009553538943957596,0.9603440191290071,0.004086045549977285,0.019880946533856893,0.0026073097784262648,0.013081679008732442,0.3553219528484724,0.47533412843914974,0.12549621356297758,0.04251231384179196,0.0013353913076081295,0.025395219359335832,0.00010805088696030275,0.0005257293097492602,6.894737973265973e-05,0.0003459303139269635,0.00033945821141809457,0.0004541123107435559,0.00011989329635931258,4.061430458853071e-05,1.2757712862656723e-06,15.927170675001971,0.02652175808504949,0.000319110625583163,309.1473760575555,82.3795680252517,5.350261276682839,14.674642376698063,-0.12142160038661132,-0.5220360252832847
217.1896551724,16.6742825446,0.9600000000000001,0.004354000000000001,0.019941000000000004,0.0026300000000000004,0.013075000000000002,0.02644549507386847,0.0009777463253508856,0.9601026711239726,0.0042732380093724615,0.019923694837153852,0.0026234219307269594,0.013076974098773987,0.34804571984524624,0.48572250874900713,0.12308556550886217,0.04183749565243345,0.0013087102444510857,0.02539039045961698,0.00011300789472632693,0.0005268919736692108,6.937769174571832e-05,0.00034582705411023305,0.0003403004236327933,0.0004749133980695551,0.0001203464593800257,4.090645763605046e-05,1.2795866324611082e-06,15.927170675001971,0.02652175808504949,0.000319110625583163,309.1473760575555,82.3795680252517,5.350261276682839,14.664250229549365,-0.13272475075279289,-0.5368643108325877
220.6275862069,6.1791964175,0.9600000000000001,0.004354000000000001,0.019941000000000004,0.0026300000000000004,0.013075000000000002,0.02633591241236231,0.00036516918676061667,0.9597938514083142,1.5709064055628923e-05,0.0013077870717595947,6.71491522292233e-05,0.03881550330364153,0.9600203112406638,0.004781439598537417,0.021776878038404432,0.002882510482505008,0.010538860639889399,0.02527704680461325,4.1371253504923236e-07,3.444176577588047e-05,1.7684341916732084e-06,0.0010222416952464632,0.00035056983632942727,1.7460344097429179e-06,7.95224484346928e-06,1.0526040087253065e-06,3.848467169251884e-06,15.150994357304828,0.02625699136065045,0.00036604281645359426,309.1473760575555,82.3795680252517,6.180175499179288,15.521849560170903,-0.0167787969673725,-0.03839424333860464
220.6275862069,6.5623790606,0.9600000000000001,0.004354000000000001,0.019941000000000004,0.0026300000000000004,0.013075000000000002,0.026274490121254577,0.00038851291303859767,0.9787035053827824,4.2704997821047186e-05,0.0032319609591304,0.0001755612668081022,0.01784626739345802,0.9268715586118081,0.011990348420460756,0.04953675807794965,0.006977405903297004,0.004623928986484447,0.02571493558381714,1.1220520433773026e-06,8.491812629295216e-05,4.61278277042442e-06,0.00046890157633068037,0.00036010156924889893,4.6584051931809566e-06,1.92456701833525e-05,2.710812292942627e-06,1.7964561202226832e-06,15.150994357304828,0.02625699136065045,0.00036604281645359426,309.1473760575555,82.3795680252517,6.180175499179288,15.167710794378431,0.010905073621016115,-0.04160815766404724
220.6275862069,6.9455617038,0.9600000000000001,0.004354000000000001,0.019941000000000004,0.0026300000000000004,0.013075000000000002,0.026251338263491707,0.0004114656448798728,0.9787258360020239,8.522763808021366e-05,0.0055902577505997555,0.0003307062545562817,0.015267972354739793,0.8805792000771241,0.022458896125101716,0.08080596906259303,0.012381860931659775,0.003774073803521376,0.02569286298810784,2.2373395566421358e-06,0.00014675174719110045,8.681481754209347e-06,0.00040080470688191427,0.0003623280884275364,9.241064177405054e-06,3.324888017048289e-05,5.0947103930582916e-06,1.5529017113901573e-06,15.150994357304828,0.02625699136065045,0.00036604281645359426,309.1473760575555,82.3795680252517,6.180175499179288,14.999938642466473,0.028757724839092447,-0.0618791638075038
220.6275862069,7.328744347,0.9600000000000001,0.004354000000000001,0.019941000000000004,0.0026300000000000004,0.013075000000000002,0.02623344270485251,0.0004343405360439885,0.9771449307415248,0.00013853047847395205,0.007784371358873843,0.0005025403350350275,0.014429627086092472,0.8376857810292804,0.03442772090874239,0.1066680075320347,0.01780758054756412,0.0034109099823784097,0.02563387555494486,3.6341313699222247e-06,0.00020421086003631183,1.3183363086018778e-05,0.0003785387954153947,0.00036384089116868484,1.4953354754276001e-05,4.633023957020816e-05,7.734554080675502e-06,1.48149647014403e-06,15.150994357304828,0.02625699136065045,0.00036604281645359426,309.1473760575555,82.3795680252517,6.180175499179288,14.86078174178409,0.043370454043175855,-0.08290210530537934
220.6275862069,7.7119269902,0.9600000000000001,0.004354000000000001,0.019941000000000004,0.0026300000000000004,0.013075000000000002,0.026218339412362294,0.00045713789845492036,0.975347961652079,0.00020381988369380294,0.00974556317431083,0.0006851900118448121,0.014017465278071474,0.7987919616061662,0.04794561240412565,0.12702925109782326,0.023057403348167915,0.003175771543717008,0.025572003903749932,5.343818889672332e-06,0.0002555124830687002,1.7964544292507827e-05,0.0003675146623614813,0.00036515807863132625,2.191775649455616e-05,5.806988488916131e-05,1.0540412910408926e-05,1.4517655294677314e-06,15.150994357304828,0.02625699136065045,0.00036604281645359426,309.1473760575555,82.3795680252517,6.180175499179288,14.738901924218139,0.05499567694888796,-0.10343105317123502
220.6275862069,8.0951096334,0.9600000000000001,0.004354000000000001,0.019941000000000004,0.0026300000000000004,0.013075000000000002,0.026205631277012708,0.0004798390658077893,0.9736194593675175,0.0002824079507987494,0.011451616709295464,0.0008728464718313164,0.013773669500557122,0.7635423394327926,0.06308580624760214,0.14239845854845717,0.027976547325127814,0.0029968484460201196,0.02551431255630962,7.400678628328773e-06,0.0003000968450094746,2.2873492802252936e-05,0.0003609477042630357,0.00036637744285812515,3.027103433558061e-05,6.83283433223609e-05,1.3424240333016738e-05,1.4380049587058192e-06,15.150994357304828,0.02625699136065045,0.00036604281645359426,309.1473760575555,82.3795680252517,6.180175499179288,14.632546515534496,0.06356203576050135,-0.12326388277178779
220.6275862069,8.4782922765,0.9600000000000001,0.004354000000000001,0.019941000000000004,0.0026300000000000004,0.013075000000000002,0.026195161916678675,0.0005024287582409705,0.9720509440935535,0.00037505117807485515,0.012900722647199154,0.0010590007702198064,0.013614281310952579,0.7315049141191076,0.07979790262899007,0.15343002508095233,0.03241734289535556,0.0028498152755944933,0.025463031871791005,9.824526336711917e-06,0.0003379365185855454,2.7740696645795255e-05,0.0003566283033196152,0.00036752910564803097,4.009276112811736e-05,7.708765697830383e-05,1.6287405336385243e-05,1.4318291501330905e-06,15.150994357304828,0.02625699136065045,0.00036604281645359426,309.1473760575555,82.3795680252517,6.180175499179288,14.540924430462887,0.06910030401667022,-0.14237197759421072
220.6275862069,8.8614749197,0.9600000000000001,0.004354000000000001,0.019941000000000004,0.0026300000000000004,0.013075000000000002,0.026186753507759092,0.0005249001800046658,0.9706697926821243,0.0004817167481936033,0.014107483805352804,0.0012374591782259472,0.013503547586103367,0.7022790389638566,0.09788614170052824,0.16084527477781715,0.03626579495512916,0.0027237496026689444,0.025418690598394408,1.2614597745505145e-05,0.00036942920102547714,3.2405038476117006e-05,0.00035361407211758413,0.000368626393965632,5.13804533985695e-05,8.442771368377616e-05,1.9035922299959597e-05,1.4296966567285659e-06,15.150994357304828,0.02625699136065045,0.00036604281645359426,309.1473760575555,82.3795680252517,6.180175499179288,14.462961982003462,0.07180036432013637,-0.16078099979235105
220.6275862069,9.2446575629,0.9600000000000001,0.004354000000000001,0.019941000000000004,0.0026300000000000004,0.013075000000000002,0.026180169637780904,0.0005472556113367263,0.9694732596343625,0.0006016004185258517,0.015098315130900083,0.0014034397139764028,0.013423385102235052,0.6755126661488486,0.11704067741413406,0.1653695599957846,0.03946429770180016,0.0026127987394326153,0.02538097439652002,1.5750001011166787e-05,0.0003952764513716384,3.6742289788300935e-05,0.0003514264990897746,0.00036967809707899005,6.405116746953652e-05,9.049941965197853e-05,2.1597058364773213e-05,1.4298687714480239e-06,15.150994357304828,0.02625699136065045,0.00036604281645359426,309.1473760575555,82.3795680252517,6.180175499179288,14.397159009321737,0.07198106321081887,-0.17854347224134237
220.6275862069,9.6278402061,0.9600000000000001,0.004354000000000001,0.019941000000000004,0.0026300000000000004,0.013075000000000002,0.026175138694119762,0.0005695043277956906,0.968443544616898,0.0007333409847347061,0.015905480456100417,0.0015541260429133795,0.013363507899353614,0.6509025701947427,0.13689743366410742,0.16767145865736446,0.042015103060195964,0.0025134344235893447,0.025349144097772263,1.9195301985513295e-05,0.00041632815693503966,4.067946472140123e-05,0.0003497916727055459,0.0003706918306992443,7.796368093583265e-05,9.548962135318529e-05,2.3927783025563568e-05,1.4314117818647989e-06,15.150994357304828,0.02625699136065045,0.00036604281645359426,309.1473760575555,82.3795680252517,6.180175499179288,14.341762077027859,0.07002308649462563,-0.19573068215378697
220.6275862069,10.0110228492,0.9600000000000001,0.004354000000000001,0.019941000000000004,0.0026300000000000004,0.013075000000000002,0.026171388701885682,0.000591659467335763,0.967556845129523,0.000875309630695787,0.016561687707565255,0.0016885701351357883,0.013317587397080223,0.6281901621348097,0.1570981237233475,0.16832158007408213,0.04396678611483754,0.0024233479529230076,0.02532230628505495,2.290806857944345e-05,0.0004334423665539323,4.419222535703435e-05,0.0003485397563403205,0.0003716746567142481,9.294859220160357e-05,9.958905640774542e-05,2.60133652531702e-05,1.4337967589956383e-06,15.150994357304828,0.02625699136065045,0.00036604281645359426,309.1473760575555,82.3795680252517,6.180175499179288,14.294996765884976,0.06631911273517233,-0.21241169735810317
220.6275862069,10.3942054924,0.9600000000000001,0.004354000000000001,0.019941000000000004,0.0026300000000000004,0.013075000000000002,0.02616867313157754,0.0006137352360521981,0.9667888486336423,0.0010258590740957931,0.01709656296418929,0.0018072019931235502,0.013281527334949078,0.6071559263100321,0.17733101944494659,0.16777796105647358,0.04539415873106794,0.0023409344574797787,0.025299581367147984,2.6845370789075595e-05,0.00044739436788330395,4.729207824078563e-05,0.0003475599475163946,0.00037263298575437853,0.00010883429507842122,0.00010297124653335131,2.7859994724202932e-05,1.4367139618440762e-06,15.150994357304828,0.02625699136065045,0.00036604281645359426,309.1473760575555,82.3795680252517,6.180175499179288,14.255240513200558,0.06121712647743749,-0.228661632101117
220.6275862069,10.7773881356,0.9600000000000001,0.004354000000000001,0.019941000000000004,0.0026300000000000004,0.013075000000000002,0.026166783042011473,0.0006357450656256573,0.9661175701324022,0.001183481016315947,0.01753509792417813,0.001911264510891014,0.013252586416212627,0.5876134679832635,0.19734869290492696,0.16639220709639613,0.0463806085641795,0.002265023451233729,0.02528018885072987,3.096789098827862e-05,0.00045883710300239483,5.0011643792381336e-05,0.0003467775534985442,0.00037357236276553996,0.0001254634577219805,0.00010578302462009631,2.9486243035392218e-05,1.4399774826482399e-06,15.150994357304828,0.02625699136065045,0.00036604281645359426,309.1473760575555,82.3795680252517,6.180175499179288,14.221107287351973,0.05501194563701439,-0.24454712820419466
220.6275862069,11.1605707788,0.9600000000000001,0.004354000000000001,0.019941000000000004,0.0026300000000000004,0.013075000000000002,0.02616554877839443,0.000657700713884042,0.9655244096777984,0.001346876607573168,0.01789746846121134,0.002002359696896042,0.01322888555652092,0.569403972986072,0.21696865356976042,0.16442617519189276,0.04700647152988065,0.002194726722394028,0.02526347603815492,3.524176557393414e-05,0.0004682970840316012,5.239284032102448e-05,0.00034614105031294566,0.0003744973995213494,0.00014270043834329084,0.00010814321280493043,3.09161898823724e-05,1.443473332098936e-06,15.150994357304828,0.02625699136065045,0.00036604281645359426,309.1473760575555,82.3795680252517,6.180175499179288,14.19146358291732,0.047941079928312647,-0.2601261709379692
220.6275862069,11.543753422,0.9600000000000001,0.004354000000000001,0.019941000000000004,0.0026300000000000004,0.013075000000000002,0.02616483602701198,0.0006796120124046036,0.9649942118401073,0.0015149684262662408,0.01819955449820111,0.0020821539689031797,0.013209111266522144,0.5523913870751622,0.2360649804045812,0.1620711715261624,0.04734311349639373,0.002129347497700554,0.02524891531981207,3.963890045935658e-05,0.0004761883592101003,5.44792171793439e-05,0.0003456142303511084,0.00037541182220512134,0.00016043259639101075,0.00011014551503366693,3.217494863678369e-05,1.4471301380209807e-06,15.150994357304828,0.02625699136065045,0.00036604281645359426,309.1473760575555,82.3795680252517,6.180175499179288,14.165406179390681,0.04019123545528025,-0.27544741988577925
220.6275862069,11.9269360651,0.9600000000000001,0.004354000000000001,0.019941000000000004,0.0026300000000000004,0.013075000000000002,0.026164539836072278,0.0007014869651929103,0.9645148761094271,0.0016868818843141866,0.018453695838852036,0.002152217006441422,0.013192329160965197,0.536458413316498,0.25455697594239163,0.15946535216954574,0.04745093467850854,0.0020683238930561836,0.025236087898449423,4.4136488260887205e-05,0.0004828324598984053,5.631176760090882e-05,0.00034517122186265186,0.0003763185843095941,0.00017856840052251298,0.00011186286594683332,3.328621216319398e-05,1.4509022507759678e-06,15.150994357304828,0.02625699136065045,0.00036604281645359426,309.1473760575555,82.3795680252517,6.180175499179288,14.14222517143123,0.03190720353517662,-0.2905510140857288
220.6275862069,12.3101187083,0.9600000000000001,0.004354000000000001,0.019941000000000004,0.0026300000000000004,0.013075000000000002,0.02616457859397541,0.0007233319938747844,0.9640768324182123,0.0018619149813204135,0.01866943896144657,0.0022139501826664394,0.013177863456354265,0.5215032690731544,0.2723981631598738,0.1567078084880765,0.047379566842258296,0.0020111924366370314,0.025224664052437177,4.8716220864058216e-05,0.0004884780030121955,5.792707355752227e-05,0.00034479324410445765,0.0003772199994309029,0.00019703430648626035,0.00011335177156942823,3.427115655293432e-05,1.4547598352585497e-06,15.150994357304828,0.02625699136065045,0.00036604281645359426,309.1473760575555,82.3795680252517,6.180175499179288,14.121365627166071,0.023200808097490366,-0.3054696574548803
220.6275862069,12.6933013515,0.9600000000000001,0.004354000000000001,0.019941000000000004,0.0026300000000000004,0.013075000000000002,0.026164888804180622,0.000745152215525439,0.9636725320110985,0.002039506714919455,0.018854176631152086,0.0022685670418732093,0.013165217600956758,0.5074370845848253,0.2895669881072409,0.15386929548136058,0.047169068076922054,0.0019575637496511145,0.025214384643713582,5.3363466411247254e-05,0.0004933174350484752,5.9356804395441483e-05,0.00034446645461187514,0.00037811786781815216,0.000215771482731139,0.00011465604642927425,3.5148135581788726e-05,1.4586829650848137e-06,15.150994357304828,0.02625699136065045,0.00036604281645359426,309.1473760575555,82.3795680252517,6.180175499179288,14.102393758534038,0.014158495319916753,-0.3202298669585453
220.6275862069,13.0764839947,0.9600000000000001,0.004354000000000001,0.019941000000000004,0.0026300000000000004,0.013075000000000002,0.026165420867816543,0.0007669517002928998,0.9632960106453539,0.0022192087306415944,0.01901365899349741,0.0023171004596701404,0.013154021170837082,0.49418181799333377,0.3060595146523957,0.15100013427743328,0.04685142726773026,0.0019071058091069586,0.02520504553882437,5.806653043077023e-05,0.0004975003898020048,6.0627908720280394e-05,0.0003441805000391212,0.0003790135855638237,0.00023473286515347458,0.00011580980972853364,3.593278180413485e-05,1.4626580429330483e-06,15.150994357304828,0.02625699136065045,0.00036604281645359426,309.1473760575555,82.3795680252517,6.180175499179288,14.084969294277789,0.004847381462923295,-0.3348531336092204
220.6275862069,13.4596666379,0.9600000000000001,0.004354000000000001,0.019941000000000004,0.0026300000000000004,0.013075000000000002,0.02616613580657912,0.0007887336899985085,0.9629425356180425,0.002400661657470765,0.019152387472735843,0.002360421428131204,0.013143993823619604,0.4816685766859515,0.3218839234669766,0.14813593171011588,0.04645203606519048,0.0018595320717656025,0.025196485160913353,6.281603895502736e-05,0.0005011439716318308,6.176310764924051e-05,0.0003439275274296677,0.0003799082338458401,0.00025388069470730595,0.00011683980003908677,3.663828581364149e-05,1.466675592634255e-06,15.150994357304828,0.02625699136065045,0.00036604281645359426,309.1473760575555,82.3795680252517,6.180175499179288,14.06882381650113,-0.004680088882784261,-0.34935691207261677
220.6275862069,13.842849281,0.9600000000000001,0.004354000000000001,0.019941000000000004,0.0026300000000000004,0.013075000000000002,0.026167002765819028,0.0008105007753302546,0.9626083292615732,0.0025835760974539665,0.01927391282281371,0.002399261332514185,0.013134920485644928,0.46983625590473854,0.3370564779779129,0.1453016870975918,0.04599098621773786,0.0018145928020188863,0.02518857481418802,6.760444288778187e-05,0.0005043405301427212,6.278147792382133e-05,0.00034370150067668384,0.00038080264968905447,0.00027318453673118325,0.00011776713004939221,3.727572998767959e-05,1.4707288729450064e-06,15.150994357304828,0.02625699136065045,0.00036604281645359426,309.1473760575555,82.3795680252517,6.180175499179288,14.05374413140533,-0.014382625023143802,-0.3637554355450838
220.6275862069,14.2260319242,0.9600000000000001,0.004354000000000001,0.019941000000000004,0.0026300000000000004,0.013075000000000002,0.026167997129076546,0.0008322550359708701,0.962290355728814,0.002767717664454333,0.019381058850970058,0.002434233721587271,0.013126634034174245,0.4586304253225275,0.35159861789292335,0.1425147348140758,0.045484153400355276,0.0017720685701180996,0.025181211266049653,7.242562789753542e-05,0.0005071634923706481,6.369902103799702e-05,0.0003434977217207101,0.0003816974811241356,0.00029261972038178313,0.00011860860574906767,3.7854415724317256e-05,1.4748129915664872e-06,15.150994357304828,0.02625699136065045,0.00036604281645359426,309.1473760575555,82.3795680252517,6.180175499179288,14.0395596329164,-0.024227296013561883,-0.37806021239836163
220.6275862069,14.6092145674,0.9600000000000001,0.004354000000000001,0.019941000000000004,0.0026300000000000004,0.013075000000000002,0.026169099097866265,0.0008539981500133269,0.961986157708801,0.0029528953302660234,0.019476090056702124,0.002465853858935099,0.013119003045295662,0.4480024105399382,0.36553489228576663,0.1397868557594656,0.04494407615416972,0.0017317652606599976,0.02517431109185722,7.72746105233581e-05,0.0005096717307328057,6.452917399532854e-05,0.0003433124907575515,0.0003825932298026182,0.00031216612177736543,0.00011937771621476338,3.838215788971902e-05,1.4789243288609847e-06,15.150994357304828,0.02625699136065045,0.00036604281645359426,309.1473760575555,82.3795680252517,6.180175499179288,14.02613273247408,-0.034188180955952774,-0.3922811679181031
220.6275862069,14.9923972106,0.9600000000000001,0.004354000000000001,0.019941000000000004,0.0026300000000000004,0.013075000000000002,0.02617029262025874,0.0008757314789063581,0.9616937315672446,0.00313895238354871,0.01956083751444523,0.0024945555247162794,0.013111923010045235,0.4379085290882414,0.3788915061603763,0.13712579781991632,0.044380656771893866,0.001693510159572012,0.025167806366183352,8.214730239852839e-05,0.0005119128416503664,6.528324803930812e-05,0.0003431428619871876,0.0003834902838041536,0.0003318072190348838,0.00012008537772104957,3.886553818968609e-05,1.4830601565849405e-06,15.150994357304828,0.02625699136065045,0.00036604281645359426,309.1473760575555,82.3795680252517,6.180175499179288,14.013351604647479,-0.04424395691603955,-0.40642612030375425
220.6275862069,15.3755798537,0.9600000000000001,0.004354000000000001,0.019941000000000004,0.0026300000000000004,0.013075000000000002,0.02617156457931273,0.0008974561333099847,0.9614114316923672,0.003325759417010339,0.019636793831138383,0.0025207051038149218,0.013105309955669213,0.42830945001190457,0.3916953102783287,0.1345363758205215,0.043801715059108855,0.0016571488301364672,0.025161641371826297,8.704032735754355e-05,0.000513925617882288,6.597079640989542e-05,0.00034298646583670687,0.0003843889428678101,0.0003515293585980436,0.00012074049563342414,3.9310117829293565e-05,1.4872183814134385e-06,15.150994357304828,0.02625699136065045,0.00036604281645359426,309.1473760575555,82.3795680252517,6.180175499179288,14.001124668827071,-0.05437740134108715,-0.4205017190725453
220.6275862069,15.7587624969,0.9600000000000001,0.004354000000000001,0.019941000000000004,0.0026300000000000004,0.013075000000000002,0.026172904174888476,0.0009191730242212584,0.9611378969261846,0.003513208874873983,0.019705185207078608,0.002544613235819766,0.013099095756043094,0.4191696532458732,0.40397310897713795,0.1320212713239301,0.04321342387359544,0.0016225425794631012,0.025155770075102866,9.195087922844451e-05,0.0005157419241732983,6.659991838326362e-05,0.0003428413780006042,0.00038528943783578545,0.0003713211842825799,0.00012135039122435213,3.972061350884784e-05,1.4913973696928602e-06,15.150994357304828,0.02625699136065045,0.00036604281645359426,309.1473760575555,82.3795680252517,6.180175499179288,13.989376369864011,-0.06457439415204647,-0.43451354499009653
220.6275862069,16.1419451401,0.9600000000000001,0.004354000000000001,0.019941000000000004,0.0026300000000000004,0.013075000000000002,0.026174302449689657,0.0009408829027912894,0.9608719936855826,0.003701210797067855,0.01976702649717255,0.0025665443770556897,0.013093224643121397,0.41045697028032596,0.4157511950473206,0.12958161714607005,0.04262065115049613,0.0015895663757872266,0.02515015417816273,9.687661083251097e-05,0.0005173881300680239,6.717750877560595e-05,0.0003427060218507894,0.0003861919456682711,0.00039117319123507056,0.00012192112808878391,4.010104197333371e-05,1.4955958258301153e-06,15.150994357304828,0.02625699136065045,0.00036604281645359426,309.1473760575555,82.3795680252517,6.180175499179288,13.978043932058304,-0.07482327193388194,-0.44846630878420335
220.6275862069,16.5251277833,0.9600000000000001,0.004354000000000001,0.019941000000000004,0.0026300000000000004,0.013075000000000002,0.02617575192333106,0.000962586391474222,0.9606127717232924,0.003889689481161765,0.01982316359115,0.0025867246217685814,0.01308765058262724,0.4021421916110893,0.42705504609153333,0.1272174265888177,0.04202722859218813,0.0015581071163716517,0.02514476160701235,0.00010181554691768067,0.0005188862124975509,6.770946199338676e-05,0.00034257909491008985,0.0003870966010824536,0.00041107737577810664,0.00012245776359276679,4.0454838314216624e-05,1.4998127066784939e-06,15.150994357304828,0.02625699136065045,0.00036604281645359426,309.1473760575555,82.3795680252517,6.180175499179288,13.967074845215476,-0.08511433217679354,-0.46236400942441236
220.6275862069,16.9083104265,0.9600000000000001,0.004354000000000001,0.019941000000000004,0.0026300000000000004,0.013075000000000002,0.026177246307759732,0.0009842840084992965,0.9603594294993012,0.0040785808496580245,0.019874306278268656,0.002605348093941525,0.01308233527883041,0.39419872949018037,0.4379091352605073,0.12492790998920951,0.04143616308757234,0.0015280621725304517,0.025139565329982825,0.00010676601548761007,0.0005202546106420942,6.820083877255965e-05,0.00034245951287463825,0.0003880035056079246,0.00043102695901267276,0.00012296454401761845,4.0784952700666296e-05,1.5040471604144167e-06,15.150994357304828,0.02625699136065045,0.00036604281645359426,309.1473760575555,82.3795680252517,6.180175499179288,13.956424904102843,-0.09543945006346632,-0.47621006097308083
220.6275862069,17.2914930696,0.9600000000000001,0.004354000000000001,0.019941000000000004,0.0026300000000000004,0.013075000000000002,0.026178780284331713,0.0010059761872147673,0.9601112868958023,0.004267830361675642,0.019921053924671726,0.002622582175539877,0.013077246642310456,0.3866023267716944,0.448336822612705,0.12271170899333195,0.040849803465510974,0.0014993381567574874,0.025134542428152176,0.00011172659332910658,0.000521508893726305,6.865600255106311e-05,0.00034234636657306004,0.00038891273465414675,0.0004510161673999125,0.00012344505713972014,4.109392953870732e-05,1.5082984822805145e-06,15.150994357304828,0.02625699136065045,0.00036604281645359426,309.1473760575555,82.3795680252517,6.180175499179288,13.946056668709945,-0.10579177707424847,-0.4900073917910568
224.0655172414,7.111990035,0.9600000000000001,0.004354000000000001,0.019941000000000004,0.0026300000000000004,0.013075000000000002,0.026067582617079553,0.0004176880244147367,0.9607894584798942,1.8994402872714686e-05,0.00146417249662393,7.678452104867022e-05,0.03765059009956071,0.9599186380434187,0.004800767684628831,0.02184523040017294,0.0028931355698007615,0.01054222830197869,0.025045458586543765,4.951381661465833e-07,3.816743752139993e-05,2.001586846149095e-06,0.0009814598680020963,0.0004009465195232403,2.0052231698667264e-06,9.124491128732983e-06,1.2084280805140837e-06,4.4033625123826035e-06,14.382422783893782,0.025986533344082734,0.00041823121385142764,309.1473760575555,82.3795680252517,7.104167423979863,14.73213071693926,-0.013162902428449641,-0.03618021655987569
224.0655172414,7.4877353146,0.9600000000000001,0.004354000000000001,0.019941000000000004,0.0026300000000000004,0.013075000000000002,0.026008125819632428,0.0004405523171044335,0.9780508691777119,4.583695083285709e-05,0.0032346465360174543,0.00017862696535474575,0.01849002037008292,0.9330143181188495,0.01079461603861712,0.04491665826523994,0.006294752773603115,0.004979654803690232,0.025437270063574786,1.1921331844492526e-06,8.412709409078015e-05,4.64575258972535e-06,0.0004808907761926831,0.0004110416197388722,4.7555931080654534e-06,1.978813787533946e-05,2.7731679200104122e-06,2.1937984621459546e-06,14.382422783893782,0.025986533344082734,0.00041823121385142764,309.1473760575555,82.3795680252517,7.104167423979863,14.41329021412982,0.011424385759495337,-0.03860583713781551
224.0655172414,7.8634805943,0.9600000000000001,0.004354000000000001,0.019941000000000004,0.0026300000000000004,0.013075000000000002,0.02598460016904413,0.0004629722234836562,0.978541477259359,8.818037610816139e-05,0.005448124047873915,0.00032551480905395914,0.01559670350760496,0.8935462908155699,0.019642940182813876,0.07188429180445807,0.010889406009391967,0.004037071187766266,0.025427009035410234,2.2913318159265053e-06,0.00014156732505535792,8.458372162369874e-06,0.00040527410460024303,0.00041368711304445806,9.094135692193797e-06,3.328043041025792e-05,5.0414925125844865e-06,1.8690518241619529e-06,14.382422783893782,0.025986533344082734,0.00041823121385142764,309.1473760575555,82.3795680252517,7.104167423979863,14.256033567457669,0.02841856636211837,-0.055640464232663334
224.0655172414,8.2392258739,0.9600000000000001,0.004354000000000001,0.019941000000000004,0.0026300000000000004,0.013075000000000002,0.02596678199199426,0.0004852949586026163,0.9771986468070737,0.00014095356505131672,0.007537305116410019,0.0004885414789380977,0.014634553032526877,0.8560234604806393,0.029824491606361362,0.0949290665448194,0.015576451487839477,0.003646529880340615,0.025374704224511078,3.660110494681922e-06,0.00019571955876496186,1.2685850077632038e-05,0.0003800122481459039,0.0004154238698168202,1.4473675419453214e-05,4.606859741905314e-05,7.55917337996672e-06,1.769642567323102e-06,14.382422783893782,0.025986533344082734,0.00041823121385142764,309.1473760575555,82.3795680252517,7.104167423979863,14.126976996266665,0.042496685291906644,-0.07382549268895389
224.0655172414,8.6149711535,0.9600000000000001,0.004354000000000001,0.019941000000000004,0.0026300000000000004,0.013075000000000002,0.025951734679928444,0.0005075336194703151,0.9755456897981222,0.00020504471258503648,0.009427042482870712,0.0006619610132756254,0.01416026199314647,0.8214424121256234,0.04133333281109849,0.1136511287562727,0.020170986497504956,0.003402139809500324,0.025317102909788645,5.321265978529051e-06,0.0002446481053318746,1.717903658498562e-05,0.0003674833622444119,0.0004169096406125439,2.097805600638795e-05,5.7681768734557895e-05,1.0237453785365545e-05,1.7267003314597478e-06,14.382422783893782,0.025986533344082734,0.00041823121385142764,309.1473760575555,82.3795680252517,7.104167423979863,14.01358798327055,0.05392398945045329,-0.09183299020193303
224.0655172414,8.9907164331,0.9600000000000001,0.004354000000000001,0.019941000000000004,0.0026300000000000004,0.013075000000000002,0.02593894537498422,0.0005296730424236061,0.9739047726367237,0.0002816624532459599,0.01109318194534186,0.0008408268299177981,0.013879556134770705,0.7896844457738073,0.05423488941776284,0.12831537439945692,0.024545066720643997,0.003220223688329011,0.0252620626978604,7.306026988930999e-06,0.00028774544051498365,2.1810161211058913e-05,0.0003600210484088444,0.0004182745629476117,2.8726758883414282e-05,6.796519474788445e-05,1.300086016641391e-05,1.7056656782817935e-06,14.382422783893782,0.025986533344082734,0.00041823121385142764,309.1473760575555,82.3795680252517,7.104167423979863,13.913757851254404,0.06264794840543075,-0.10941986691954853
224.0655172414,9.3664617127,0.9600000000000001,0.004354000000000001,0.019941000000000004,0.0026300000000000004,0.013075000000000002,0.02592824251371001,0.0005516985160883161,0.9723829066776565,0.00037162432878316755,0.012530033878399153,0.001019632695788721,0.013695802419372455,0.7604864704697186,0.06851808091919516,0.13934656822719693,0.028576255840164475,0.0030726245437248715,0.025212179820524525,9.635565720684672e-06,0.00032488175710413563,2.6437283811317863e-05,0.0003551080865493453,0.00041955925726338476,3.7801323568339134e-05,7.687729491294384e-05,1.5765477942378815e-05,1.6951624012695508e-06,14.382422783893782,0.025986533344082734,0.00041823121385142764,309.1473760575555,82.3795680252517,7.104167423979863,13.826727439816676,0.06867630681040993,-0.1265270711248494
224.0655172414,9.7422069923,0.9600000000000001,0.004354000000000001,0.019941000000000004,0.0026300000000000004,0.013075000000000002,0.025919477181344356,0.0005736020356536711,0.9710181616845165,0.00047510713770385846,0.013745954832643752,0.0011929266729047423,0.013567849672231218,0.7335765331195813,0.08406533431205856,0.14724931552824036,0.032161888730544354,0.002946928309575553,0.02516828308445277,1.2314528614408991e-05,0.0003562879626204999,3.0920035677371514e-05,0.0003516715699793076,0.00042078099270515445,4.822004688930319e-05,8.446250713560839e-05,1.8448124846307104e-05,1.690364077297969e-06,14.382422783893782,0.025986533344082734,0.00041823121385142764,309.1473760575555,82.3795680252517,7.104167423979863,13.751690353738248,0.07213780048120988,-0.14314902717334377
224.0655172414,10.1179522719,0.9600000000000001,0.004354000000000001,0.019941000000000004,0.0026300000000000004,0.013075000000000002,0.025912459503171364,0.0005953837941664997,0.9698171267752702,0.0005916022141364175,0.014760120837847565,0.001356180332271324,0.013474969840474426,0.7087026422217065,0.10066330150358488,0.1525603777691827,0.03523704726688503,0.00283663123864095,0.025130347023046198,1.5329868415796432e-05,0.00038247103347264084,3.514196793897817e-05,0.00034916961029774905,0.000421950068061783,5.993329838253068e-05,9.08319765556905e-05,2.0979566896982296e-05,1.6888842695132664e-06,14.382422783893782,0.025986533344082734,0.00041823121385142764,309.1473760575555,82.3795680252517,7.104167423979863,13.687531739040622,0.07327161951643646,-0.15930419254583406
224.0655172414,10.4936975515,0.9600000000000001,0.004354000000000001,0.019941000000000004,0.0026300000000000004,0.013075000000000002,0.02590696368961205,0.0006170510425371845,0.9687699643969365,0.0007200436866355645,0.015598199599318059,0.0015063654689315405,0.013405426848178489,0.685639761223027,0.11803896800147172,0.15580150079154956,0.03778186884335446,0.0027379011405973723,0.025097888291218194,1.8654145644601964e-05,0.0004041019906428542,3.9025355506894844e-05,0.0003472939065995106,0.000423074729467615,7.283606826532149e-05,9.613747849228363e-05,2.3313341558795036e-05,1.6894247531693551e-06,14.382422783893782,0.025986533344082734,0.00041823121385142764,309.1473760575555,82.3795680252517,7.104167423979863,13.632892249480136,0.07238185544495934,-0.17502911891923567
224.0655172414,10.8694428312,0.9600000000000001,0.004354000000000001,0.019941000000000004,0.0026300000000000004,0.013075000000000002,0.02590275274223365,0.0006386155946019478,0.9678589762232561,0.0008590324198691467,0.016287929468012854,0.001642048032977614,0.013352013855884295,0.6641905863393017,0.13590348956103587,0.15744143535321697,0.039816203875387673,0.002648284871057741,0.025070211750462403,2.2251304369433148e-05,0.00042190220969287823,4.253356418909026e-05,0.0003458539135198486,0.0004241624662240895,8.679008779450053e-05,0.00010054455585307878,2.542724871267308e-05,1.691236017605882e-06,14.382422783893782,0.025986533344082734,0.00041823121385142764,309.1473760575555,82.3795680252517,7.104167423979863,13.58632803375619,0.06980055238676464,-0.1903612831362036
224.0655172414,11.2451881108,0.9600000000000001,0.004354000000000001,0.019941000000000004,0.0026300000000000004,0.013075000000000002,0.02589960184406523,0.0006600912139205769,0.9670640146917018,0.0010070613368153894,0.016855760412276655,0.0017631060564004416,0.013310057502805563,0.6441839570554654,0.15398802126367395,0.15787505034607274,0.041386858085502215,0.0025661132492856816,0.025046572938238323,2.6082487656070654e-05,0.00043655748345692213,4.566374486963145e-05,0.00034472518984427717,0.00042522017020090293,0.00010164613988516615,0.00010421193363071135,2.73191013940178e-05,1.6938688097786615e-06,14.382422783893782,0.025986533344082734,0.00041823121385142764,309.1473760575555,82.3795680252517,7.104167423979863,13.546457837470145,0.0658354462468882,-0.20534859572111408
224.0655172414,11.6209333904,0.9600000000000001,0.004354000000000001,0.019941000000000004,0.0026300000000000004,0.013075000000000002,0.025897312681674244,0.0006814916212164691,0.9663656365224366,0.0011626820641954844,0.0173249681264826,0.0018702980536802545,0.01327641523320513,0.6254720507099553,0.1720646509041754,0.1574191256894951,0.04255397826646938,0.002490194429904792,0.0250262730538467,3.0110340965844905e-05,0.00044867011677155984,4.843569350408431e-05,0.0003438234765860563,0.000426253961863917,0.00011726061789873229,0.00010727981517661313,2.900017963802661e-05,1.6970466391800378e-06,14.382422783893782,0.025986533344082734,0.00041823121385142764,309.1473760575555,82.3795680252517,7.104167423979863,13.512054449242761,0.060757783138933874,-0.2200363137045631
224.0655172414,11.99667867,0.9600000000000001,0.004354000000000001,0.019941000000000004,0.0026300000000000004,0.013075000000000002,0.025895718726508754,0.0007028293261444192,0.9657466205644304,0.0013245986618965313,0.017715001479600423,0.001964859863754361,0.013248919430318225,0.6079272235367602,0.18995347157973663,0.15631914967827368,0.04338051273693214,0.002419642468297163,0.025008702847212863,3.4301434373982444e-05,0.00045874269555541897,5.088145836878924e-05,0.00034309029099769734,0.00042726908086318884,0.00013350487042917936,0.0001098656826318497,3.048909653469741e-05,1.7005956855037142e-06,14.382422783893782,0.025986533344082734,0.00041823121385142764,309.1473760575555,82.3795680252517,7.104167423979863,13.482080661713452,0.054793414326674394,-0.23446615068426802
224.0655172414,12.3724239496,0.9600000000000001,0.004354000000000001,0.019941000000000004,0.0026300000000000004,0.013075000000000002,0.0258946844685341,0.000724115129077236,0.9651924460405462,0.0014917029397003374,0.018041597592101936,0.0020482082298153475,0.01322604519783601,0.5914389327455595,0.20752053290291828,0.1547610391750057,0.043925719602036166,0.0023537755744803953,0.024993353841632572,3.862717694432499e-05,0.00046718147695574427,5.3037705836923205e-05,0.0003424842671645342,0.0004282698791263535,0.00015026875746917346,0.00011206480985833643,3.180727811943889e-05,1.7044045039337167e-06,14.382422783893782,0.025986533344082734,0.00041823121385142764,309.1473760575555,82.3795680252517,7.104167423979863,13.455687489506579,0.04812455665243931,-0.24867486000701433
224.0655172414,12.7481692292,0.9600000000000001,0.004354000000000001,0.019941000000000004,0.0026300000000000004,0.013075000000000002,0.02589410165895488,0.0007453580485456306,0.9646912117959315,0.001663073422172518,0.018317256933808236,0.002121756375949361,0.013206701472138389,0.5759109934344806,0.22467134250729645,0.15288359315943129,0.044242017778469894,0.0022920531203217886,0.024979812307744223,4.3063792260041165e-05,0.0004743089131572266,5.494097529436844e-05,0.0003419756704990205,0.00042925989420229997,0.00016746059341536548,0.00011395301665195783,3.297614403508142e-05,1.7084002409259718e-06,14.382422783893782,0.025986533344082734,0.00041823121385142764,309.1473760575555,82.3795680252517,7.104167423979863,13.432193118677567,0.04089558209085631,-0.26269387574620495
224.0655172414,13.1239145088,0.9600000000000001,0.004354000000000001,0.019941000000000004,0.0026300000000000004,0.013075000000000002,0.025893884632707514,0.0007665654677007299,0.9642333133726035,0.0018379562869823356,0.018551819141502123,0.002186815861870626,0.013190095337041501,0.5612592523771954,0.24134310590295818,0.15078957305521895,0.04437403334180711,0.002234035322820344,0.02496774617548351,4.759182805508006e-05,0.0004803786645769109,5.662515764025284e-05,0.00034154280695176595,0.0004302419612998868,0.00018500529085284793,0.0001155900795934673,3.401560162243015e-05,1.712534332097728e-06,14.382422783893782,0.025986533344082734,0.00041823121385142764,309.1473760575555,82.3795680252517,7.104167423979863,13.411055376086228,0.0332198657073679,-0.2765495886562537
224.0655172414,13.4996597884,0.9600000000000001,0.004354000000000001,0.019941000000000004,0.0026300000000000004,0.013075000000000002,0.025893965808499515,0.0007877433656568788,0.9638110551205465,0.0020157400247082444,0.018753008167798502,0.0022445547331040134,0.013175641953842646,0.5474096668094824,0.25749740301467733,0.14855471204868073,0.04435886144782768,0.0021793566793319183,0.024956890507145273,5.219550327861925e-05,0.00048558975230348657,5.812042351430108e-05,0.0003411696222578332,0.0004312183333256123,0.00020284187089868766,0.00011702298885341624,3.4943398813618944e-05,1.7167737655437247e-06,14.382422783893782,0.025986533344082734,0.00041823121385142764,309.1473760575555,82.3795680252517,7.104167423979863,13.391844679668061,0.025186206347836304,-0.2902639213446019
224.0655172414,13.8754050681,0.9600000000000001,0.004354000000000001,0.019941000000000004,0.0026300000000000004,0.013075000000000002,0.025894291815805652,0.0008088965605840198,0.9634182818810063,0.0021959301057506322,0.01892689594616441,0.002295988277884848,0.013162903789193834,0.5342967360200978,0.2731139881634894,0.14623468225360506,0.04422688558806339,0.0021277079747444062,0.024947034131708883,5.6862054965419835e-05,0.0004900985667973702,5.945299047321933e-05,0.0003408440718607591,0.000432190792097925,0.00022092096567283127,0.00011828873151303812,3.577497563752743e-05,1.7210956626979406e-06,14.382422783893782,0.025986533344082734,0.00041823121385142764,309.1473760575555,82.3795680252517,7.104167423979863,13.37422045012505,0.016864257076143474,-0.3038549930211687
224.0655172414,14.2511503477,0.9600000000000001,0.004354000000000001,0.019941000000000004,0.0026300000000000004,0.013075000000000002,0.025894820348656544,0.0008300289309529185,0.9630500624207904,0.0023781264315384356,0.019078275485220248,0.0023419866275316606,0.013151549034919292,0.5218622239423695,0.28818584722903867,0.14387033261938,0.044002772448190244,0.00207882376102161,0.024938008353148838,6.158115671107945e-05,0.0004940285162519565,6.064532297888836e-05,0.0003405569995657824,0.0004331607438435975,0.00023920259069128006,0.00011941653837990478,3.6523574174135885e-05,1.7254838640002922e-06,14.382422783893782,0.025986533344082734,0.00041823121385142764,309.1473760575555,82.3795680252517,7.104167423979863,13.357911764888907,0.00830888294739296,-0.31733775663060015
224.0655172414,14.6268956273,0.9600000000000001,0.004354000000000001,0.019941000000000004,0.0026300000000000004,0.013075000000000002,0.025895517689309103,0.0008511436032920779,0.9627024308309772,0.0025620044190385713,0.01921095220434984,0.0023832897603091757,0.013141322785325333,0.5100541155159833,0.3027153964970993,0.14149156749802366,0.04370644707739525,0.002032473411498553,0.024929677827124443,6.634443075330141e-05,0.0004974775526362129,6.171652214683551e-05,0.0003403013566483129,0.0004341292977542278,0.00025765427334653113,0.00012042964259571212,3.7200462852548704e-05,1.7299267430582207e-06,14.382422783893782,0.025986533344082734,0.00041823121385142764,309.1473760575555,82.3795680252517,7.104167423979863,13.342702015420956,-0.00043645086454269233,-0.3307245693408305
224.0655172414,15.0026409069,0.9600000000000001,0.004354000000000001,0.019941000000000004,0.0026300000000000004,0.013075000000000002,0.025896356791834864,0.0008722431056251326,0.9623721809821456,0.0027472996431797667,0.019327967868865453,0.0024205247035965927,0.013132026802212603,0.49882575875950463,0.3167116251282535,0.13912019840850856,0.04335396313964729,0.001988454564085996,0.024921933365249917,7.114505177386385e-05,0.0005005239519932599,6.268277134778769e-05,0.0003400716514700358,0.0004350973289862035,0.00027624953148945065,0.00012134663391502215,3.7815195450083475e-05,1.7344157843728384e-06,14.382422783893782,0.025986533344082734,0.00041823121385142764,309.1473760575555,82.3795680252517,7.104167423979863,13.328416958799753,-0.009337076865733707,-0.34402567152361385
224.0655172414,15.3783861865,0.9600000000000001,0.004354000000000001,0.019941000000000004,0.0026300000000000004,0.013075000000000002,0.025897315810930042,0.0008933294902342743,0.9620567054930178,0.00293379559120224,0.019431771484544138,0.0024542223012489566,0.013123505129986753,0.4881351542135817,0.33018797896176627,0.13677203669015853,0.042958241936158575,0.0019465881983347336,0.024914686330175597,7.597743095007862e-05,0.0005032307229010644,6.355777000567172e-05,0.00033986355689762744,0.0004360655284790478,0.00029496665892739997,0.00012218249381472279,3.8375864370189164e-05,1.738944642914422e-06,14.382422783893782,0.025986533344082734,0.00041823121385142764,309.1473760575555,82.3795680252517,7.104167423979863,13.31491549585033,-0.018365145876341415,-0.3572495844442347
224.0655172414,15.7541314661,0.9600000000000001,0.004354000000000001,0.019941000000000004,0.0026300000000000004,0.013075000000000002,0.025898376975361653,0.0009144044307907563,0.9617538704173247,0.0031213139902580333,0.019524349475679166,0.0024848323737177063,0.013115633743020359,0.4779443617355276,0.3431608099764441,0.13445843096338383,0.04252968246889743,0.0019067148557468793,0.024907864293580998,8.083696637817286e-05,0.0005056489629198437,6.43531255351239e-05,0.0003396736269475148,0.00043703444204242647,0.00031378776511620525,0.0001229493850300912,3.888933008968376e-05,1.7435085123495043e-06,14.382422783893782,0.025986533344082734,0.00041823121385142764,309.1473760575555,82.3795680252517,7.104167423979863,13.302082576506884,-0.027498119524290487,-0.370403430872166
224.0655172414,16.1298767457,0.9600000000000001,0.004354000000000001,0.019941000000000004,0.0026300000000000004,0.013075000000000002,0.025899525724452938,0.0009354692987932911,0.9614619179141655,0.00330970719797279,0.01960732500277881,0.00251273688003797,0.013108313005044881,0.4682190014105162,0.355648249851155,0.13218740025800932,0.04207665680190532,0.0018686916784141773,0.024901407676099788,8.571984671430332e-05,0.0005078204182971791,6.507869346332501e-05,0.0003394990898783409,0.00043800450093119055,0.0003326980189053212,0.00012365725462866808,3.936142063404433e-05,1.7481036940669686e-06,14.382422783893782,0.025986533344082734,0.00041823121385142764,309.1473760575555,82.3795680252517,7.104167423979863,13.28982373923951,-0.03671762328496442,-0.3834931948048297
224.0655172414,16.5056220253,0.9600000000000001,0.004354000000000001,0.019941000000000004,0.0026300000000000004,0.013075000000000002,0.025900750044027688,0.0009565252236305014,0.961179390567697,0.0034988522192261062,0.01968203401894077,0.0025382610816020086,0.01310146211253425,0.4589278305511047,0.3676693981793713,0.1299644727128683,0.04160590851039573,0.0018323900462599494,0.024895267142564785,9.062289677116694e-05,0.0005097794434826346,6.574286582105699e-05,0.00033933769538804857,0.0004389760457481563,0.00035168505331561496,0.00012431429632569655,3.979710094225646e-05,1.7527272987771029e-06,14.382422783893782,0.025986533344082734,0.00041823121385142764,309.1473760575555,82.3795680252517,7.104167423979863,13.278060896328546,-0.04600856902998096,-0.3965239295382723
224.0655172414,16.881367305,0.9600000000000001,0.004354000000000001,0.019941000000000004,0.0026300000000000004,0.013075000000000002,0.025902039953338403,0.0009775731398234933,0.9609050723590905,0.003688645993507271,0.019749583810190572,0.0025616828832098716,0.01309501495400173,0.4500423827477156,0.37924374265133254,0.12779330935216301,0.04112287158746854,0.0017976936613203094,0.024889401575610693,9.554345589754697e-05,0.0005115545089133614,6.63528123886852e-05,0.00033918760052811667,0.0004399493451563306,0.000370738496262076,0.00012492730667182898,4.020061469631994e-05,1.7573770369376865e-06,14.382422783893782,0.025986533344082734,0.00041823121385142764,309.1473760575555,82.3795680252517,7.104167423979863,13.266729066646173,-0.055358480945610467,-0.4094999249419935
224.0655172414,17.2571125846,0.9600000000000001,0.004354000000000001,0.019941000000000004,0.0026300000000000004,0.013075000000000002,0.02590338710643359,0.000998613824286082,0.9606379424271774,0.0038790016712219925,0.01981089832118359,0.0025832405892454125,0.013088916991171613,0.44153665795597163,0.3903907495750406,0.12567617033996906,0.04063192515662771,0.0017644969723909435,0.02488377649181904,0.00010047928187616611,0.0005131693681398139,6.691468097227553e-05,0.0003390472836262943,0.0004409246105639086,0.00038984959939904147,0.00012550196108482558,4.0575602168765864e-05,1.7620510695405335e-06,14.382422783893782,0.025986533344082734,0.00041823121385142764,309.1473760575555,82.3795680252517,7.104167423979863,13.25577382956978,-0.064756973538584,-0.4224248410460021
224.0655172414,17.6328578642,0.9600000000000001,0.004354000000000001,0.019941000000000004,0.0026300000000000004,0.013075000000000002,0.025904784480543896,0.0010196479258040901,0.9603771386623947,0.004069845659034971,0.019866753474001065,0.002603139318854516,0.01308312288571477,0.43338685491901174,0.4011295791301253,0.12361426521065881,0.04013659687666186,0.0017327038635422392,0.024878362797090756,0.00010542847466637806,0.0005146439670720943,6.743376302775608e-05,0.00033891547868691266,0.00044190200768892847,0.0004090109433386999,0.00012604302912184496,4.092519775412319e-05,1.7667479004935774e-06,14.382422783893782,0.025986533344082734,0.00041823121385142764,309.1473760575555,82.3795680252517,7.104167423979863,13.245149329281102,-0.07419534730754229,-0.435301817536045
224.0655172414,18.0086031438,0.9600000000000001,0.004354000000000001,0.019941000000000004,0.0026300000000000004,0.013075000000000002,0.025906226130940742,0.0010406759884767642,0.9601219288832098,0.004261115264537593,0.01991780487195626,0.0026215563046215556,0.01307759467567483,0.42557113894568455,0.41147889178715724,0.12160801716689135,0.039639725549838495,0.0017022265504285097,0.024873135802923437,0.00011038941561311425,0.0005159951570448522,6.791463044251938e-05,0.0003387911249168188,0.00044288166568948265,0.00042821620244792337,0.00012655454347185397,4.125211056952582e-05,1.7714662979785818e-06,14.382422783893782,0.025986533344082734,0.00041823121385142764,309.1473760575555,82.3795680252517,7.104167423979863,13.234816700871217,-0.08366626844525094,-0.44813355866450877
227.5034482759,8.1495314867,0.9600000000000001,0.004354000000000001,0.019941000000000004,0.0026300000000000004,0.013075000000000002,0.025792558107752415,0.0004761200496257067,0.9618879769847785,2.2951573937429918e-05,0.0016385066503943103,8.779157032224592e-05,0.036362773220567655,0.9597911465265159,0.004833113100903406,0.02196567473931377,0.002911226447747895,0.01049883918551913,0.024809551539528317,5.91979804445537e-07,4.226127799023402e-05,2.2643691789073604e-06,0.0009378889412505147,0.0004569758083145187,2.301142049448783e-06,1.0458298146944205e-05,1.3860932807733978e-06,4.998707834021683e-06,13.621776560037816,0.025709884401735293,0.00047612949178155227,309.1473760575555,82.3795680252517,8.128856245356799,13.948504713072158,-0.009581454777094933,-0.03402362925084468
227.5034482759,8.5179544492,0.9600000000000001,0.004354000000000001,0.019941000000000004,0.0026300000000000004,0.013075000000000002,0.025735577543974937,0.0004985416581308429,0.9773767427065392,4.9851960311558085e-05,0.003276980021628014,0.0001841878868268268,0.019112237424694443,0.9377428397003027,0.009867007500359844,0.041285262855224894,0.005762740881600971,0.005342149062511603,0.02515335495160178,1.282968990317264e-06,8.433497345666442e-05,4.740181644092681e-06,0.0004918644682820837,0.00046750387020451416,4.91911428001886e-06,2.058242340021152e-05,2.8729663944917434e-06,2.6632838516066623e-06,13.621776560037816,0.025709884401735293,0.00047612949178155227,309.1473760575555,82.3795680252517,8.128856245356799,13.664106944192145,0.011903074063370767,-0.03624091139614727
227.5034482759,8.8863774117,0.9600000000000001,0.004354000000000001,0.019941000000000004,0.0026300000000000004,0.013075000000000002,0.025711635743222543,0.0005204727209755356,0.9782867787582586,9.209479560419764e-05,0.005350106795344588,0.0003233741859221277,0.015947645464870406,0.9042101117666594,0.01735635641047233,0.06445536263725249,0.009667127646410941,0.0043110415392047284,0.025153353307842886,2.3679078384216624e-06,0.00013755999710923973,8.31447927719087e-06,0.0004100400511548028,0.0004706166972047864,9.033510047179713e-06,3.354725797327568e-05,5.0314762301453275e-06,2.243779520148446e-06,13.621776560037816,0.025709884401735293,0.00047612949178155227,309.1473760575555,82.3795680252517,8.128856245356799,13.516901598154382,0.027732147615362024,-0.05065250547443689
227.5034482759,9.2548003743,0.9600000000000001,0.004354000000000001,0.019941000000000004,0.0026300000000000004,0.013075000000000002,0.025693835177381427,0.0005422838328327923,0.9771831865917202,0.00014451492943006865,0.007335026785341419,0.0004782887748684024,0.01485898291863998,0.8715187282686722,0.026029874285014146,0.08485285645283681,0.013709792713765715,0.0038887482797112616,0.02510758373439602,3.7131427774470925e-06,0.00018846496924424037,1.2289072948660423e-05,0.00038178425801506166,0.0004726105163510963,1.411557999543321e-05,4.601433222405508e-05,7.434598940163961e-06,2.10880532204375e-06,13.621776560037816,0.025709884401735293,0.00047612949178155227,309.1473760575555,82.3795680252517,8.128856245356799,13.397293635889207,0.04099738687738075,-0.06647122186831389
227.5034482759,9.6232233368,0.9600000000000001,0.004354000000000001,0.019941000000000004,0.0026300000000000004,0.013075000000000002,0.025678829463226735,0.0005640027774607932,0.9756802507999436,0.0002076792500430572,0.009150385869797899,0.0006431658883457055,0.014318518191869823,0.8409300183429919,0.03583961473539847,0.10188090280790948,0.017717277891693358,0.003632186222006808,0.02505432677093004,5.3329600449064895e-06,0.0002349711982732599,1.65157471633941e-05,0.0003676827868151348,0.00047428686599560317,2.0213642253889507e-05,5.7461112153874076e-05,9.99259393995976e-06,2.048563117466665e-06,13.621776560037816,0.025709884401735293,0.00047612949178155227,309.1473760575555,82.3795680252517,8.128856245356799,13.292056271815062,0.05193721955949826,-0.08234266998381656
227.5034482759,9.9916462994,0.9600000000000001,0.004354000000000001,0.019941000000000004,0.0026300000000000004,0.013075000000000002,0.02566597991334745,0.0005856187158614718,0.9741354871632206,0.0002826702860204562,0.010770329837898735,0.0008136980153717748,0.013997814697488346,0.8124981333854552,0.04683776624597472,0.11563568327457661,0.021582861685972798,0.0034455554080207607,0.025002141846410156,7.255009883101207e-06,0.00027643106927963563,2.0884356918062656e-05,0.0003592676308564956,0.00047581411351303303,2.7429072522787503e-05,6.771842034702142e-05,1.263932774515515e-05,2.017781733474667e-06,13.621776560037816,0.025709884401735293,0.00047612949178155227,309.1473760575555,82.3795680252517,8.128856245356799,13.198743797748781,0.06051268388381814,-0.0979937728571798
227.5034482759,10.3600692619,0.9600000000000001,0.004354000000000001,0.019941000000000004,0.0026300000000000004,0.013075000000000002,0.025655085548605516,0.0006071180757460979,0.9726705964262765,0.00037031865372020965,0.01218646057775672,0.0009852099083163795,0.013787414433930318,0.7860842626563582,0.059033736878334735,0.12637927614799294,0.025206275965782482,0.003296448351531473,0.024953947361929275,9.5005567414364e-06,0.00031264468865705727,2.5275644481190513e-05,0.0003537172967965608,0.0004772459649182184,3.584044873767604e-05,7.67271429491542e-05,1.5303185761070977e-05,2.0013333799781844e-06,13.621776560037816,0.025709884401735293,0.00047612949178155227,309.1473760575555,82.3795680252517,8.128856245356799,13.11656221881902,0.06671799156247715,-0.11334475937385413
227.5034482759,10.7284922244,0.9600000000000001,0.004354000000000001,0.019941000000000004,0.0026300000000000004,0.013075000000000002,0.02564601130712494,0.0006284921664071823,0.9713330832220505,0.00047094622030463296,0.013402508728914984,0.0011529523896096103,0.01364050943912031,0.7615129028044784,0.07236162492295407,0.13445583475483674,0.028498943769472016,0.0031706937482588095,0.024910819235297237,1.207789209098037e-05,0.0003437208904055944,2.9568630020504783e-05,0.00034982465931062394,0.0004786048940306087,4.5478714412571365e-05,8.450443887115346e-05,1.791136290999194e-05,1.9927561828568885e-06,13.621776560037816,0.025709884401735293,0.00047612949178155227,309.1473760575555,82.3795680252517,8.128856245356799,13.044867158464328,0.07063757210382704,-0.12837028867993894
227.5034482759,11.096915187,0.9600000000000001,0.004354000000000001,0.019941000000000004,0.0026300000000000004,0.013075000000000002,0.025638601690285225,0.0006497394385323127,0.97013758056845,0.0005842830766444718,0.014431836546306842,0.0013127537228000685,0.01353354608579861,0.7386089272391687,0.08667952807162992,0.1402536918491538,0.0313968802659975,0.003060972574050226,0.024872971012971482,1.4980201076462007e-05,0.00037001210887006267,3.365716981631006e-05,0.00034698119755090923,0.00047990334967933123,5.631910790150665e-05,9.112835499415317e-05,2.039979135569546e-05,1.9888346016262017e-06,13.621776560037816,0.025709884401735293,0.00047612949178155227,309.1473760575555,82.3795680252517,8.128856245356799,12.982823459850186,0.07244619500328575,-0.14306778543365084
227.5034482759,11.4653381495,0.9600000000000001,0.004354000000000001,0.019941000000000004,0.0026300000000000004,0.013075000000000002,0.02563267003932699,0.0006708651602596816,0.9690813565771556,0.000709530024524204,0.01529433542420864,0.001461550338632195,0.013453227635479383,0.717208936559876,0.10178930424157373,0.14417008672520112,0.03386862976302134,0.0029630427103276495,0.02484014265440561,1.8187149001624506e-05,0.00039203465339953026,3.746343757602568e-05,0.00034484214494419823,0.00048115048816491703,6.828689790274485e-05,9.671868833555425e-05,2.2721283733745132e-05,1.98780212272024e-06,13.621776560037816,0.025709884401735293,0.00047612949178155227,309.1473760575555,82.3795680252517,8.128856245356799,12.929388657762775,0.07238046682022592,-0.15745078025514303
227.5034482759,11.833761112,0.9600000000000001,0.004354000000000001,0.019941000000000004,0.0026300000000000004,0.013075000000000002,0.02562801294113738,0.0006918795892589952,0.9681525221895214,0.0008455205467665097,0.016012966501980114,0.0015975869468653767,0.01339140381486658,0.6971650835224147,0.11746634518799659,0.1465796441364376,0.03591469304134907,0.002874234111802067,0.024811825367667847,2.166901151452966e-05,0.0004103805127387457,4.094297894885803e-05,0.0003431950702673972,0.00048235429163320136,8.127256666042643e-05,0.00010141546397884812,2.4848643069811485e-05,1.988623916707807e-06,13.621776560037816,0.025709884401735293,0.00047612949178155227,309.1473760575555,82.3795680252517,8.128856245356799,12.883409123104867,0.07071289975591455,-0.1715352012126239
227.5034482759,12.2021840746,0.9600000000000001,0.004354000000000001,0.019941000000000004,0.0026300000000000004,0.013075000000000002,0.025624429244369726,0.0007127956799563772,0.9673352195857451,0.0009909117974796272,0.016610788624459846,0.0017202958355916015,0.013342784156723898,0.6783459952056653,0.1334881383368054,0.14781275077285244,0.0375603545842909,0.002792761100385916,0.024787412889861776,2.539154924192793e-05,0.0004256419778006529,4.408159891850089e-05,0.0003419012285468689,0.0004835220948983076,9.514976833189415e-05,0.00010536029019335788,2.677285848531226e-05,1.9906680475052993e-06,13.621776560037816,0.025709884401735293,0.00047612949178155227,309.1473760575555,82.3795680252517,8.128856245356799,12.843733846802882,0.06770739938943748,-0.18534872746728404
227.5034482759,12.5706070371,0.9600000000000001,0.004354000000000001,0.019941000000000004,0.0026300000000000004,0.013075000000000002,0.025621734478708802,0.0007336270810707789,0.9666128749032772,0.001144346737402379,0.017108984988147127,0.0018299959122394546,0.013303797458933975,0.6606360943547506,0.14965454636026487,0.14814591649919426,0.03884607118644863,0.002717371599341695,0.024766298424473136,2.9320148257300463e-05,0.0004383618705665206,4.6887669360521803e-05,0.00034086636605132716,0.00048466052955147535,0.00010979062801525268,0.00010868385629385923,2.8498529815581998e-05,1.9935373946096816e-06,13.621776560037816,0.025709884401735293,0.00047612949178155227,309.1473760575555,82.3795680252517,8.128856245356799,12.809300073700138,0.0636059235098081,-0.1989198375538681
227.5034482759,12.9390299996,0.9600000000000001,0.004354000000000001,0.019941000000000004,0.0026300000000000004,0.013075000000000002,0.02561976838232873,0.0007543867781904832,0.9659700127196812,0.0013045614996807324,0.017525900226266704,0.0019275590586175563,0.013271966495753861,0.6439341561124535,0.16579810376366136,0.14780179090605458,0.03981879663141856,0.0026471525864117658,0.02474792799015337,3.3422563462323776e-05,0.0004490095044887556,4.93836166250414e-05,0.000340024707599241,0.00048577541339648147,0.0001250758973283599,0.00011149971685240198,3.0038773702197913e-05,1.996976911041777e-06,13.621776560037816,0.025709884401735293,0.00047612949178155227,309.1473760575555,82.3795680252517,8.128856245356799,12.779179077213318,0.05861677742776017,-0.21227690413908462
227.5034482759,13.3074529622,0.9600000000000001,0.004354000000000001,0.019941000000000004,0.0026300000000000004,0.013075000000000002,0.025618396749477412,0.0007750863696160409,0.9653930692038097,0.0014704398109413796,0.01787682057466866,0.0020141328386063854,0.013245537571973755,0.6281515469566152,0.18178635842785182,0.1469548993611072,0.04052578013282594,0.0025814151215996567,0.024731822666058903,3.767031047292282e-05,0.0004579754821010826,5.1598854165569536e-05,0.0003393294366789334,0.00048687170209930295,0.00014090012859956406,0.00011390273944309123,3.141097979900994e-05,2.0008196750726287e-06,13.621776560037816,0.025709884401735293,0.00047612949178155227,309.1473760575555,82.3795680252517,8.128856245356799,12.75258900708913,0.05291276280865276,-0.2254464461180632
227.5034482759,13.6758759247,0.9600000000000001,0.004354000000000001,0.019941000000000004,0.0026300000000000004,0.013075000000000002,0.025617509805938972,0.000795735808413464,0.9648705938251523,0.001641028968832826,0.01817418156043224,0.0020909473660782702,0.013223248279504442,0.6132104599550329,0.19751935310237656,0.1457396553583168,0.04101090830164887,0.0025196232826248588,0.024717581898778,4.2039075700904836e-05,0.00046557727433928816,5.3564864654212356e-05,0.0003387466924665707,0.0004879535210799102,0.00015717322211822405,0.00011597026247444984,3.263384827118301e-05,2.004954469696878e-06,13.621776560037816,0.025709884401735293,0.00047612949178155227,309.1473760575555,82.3795680252517,8.128856245356799,12.728887268898067,0.04663394290835221,-0.23845221379875703
227.5034482759,14.0442988872,0.9600000000000001,0.004354000000000001,0.019941000000000004,0.0026300000000000004,0.013075000000000002,0.025617018990684658,0.0008163434248127755,0.9643931307875678,0.0018155331108387978,0.01842796145123771,0.0021591984085804587,0.013204176241775292,0.5990423083548301,0.21292487870507484,0.14425846932664546,0.041312994857013265,0.0024613487564362608,0.024704877145870958,4.6508546178574274e-05,0.00047206943845596124,5.53122266372617e-05,0.00033825163354190483,0.0004890242496101327,0.00017381982470994562,0.00011776445290836249,3.372559171084679e-05,2.009305873487843e-06,13.621776560037816,0.025709884401735293,0.00047612949178155227,309.1473760575555,82.3795680252517,8.128856245356799,12.707553180118891,0.03989235099725086,-0.2513148876638045
227.5034482759,14.4127218498,0.9600000000000001,0.004354000000000001,0.019941000000000004,0.0026300000000000004,0.013075000000000002,0.025616853343794106,0.0008369160870077868,0.9639529655610671,0.0019932956886767298,0.018646114239087047,0.0022199864290578766,0.013187638082111139,0.5855863383756663,0.22795320205737116,0.1425888985558729,0.04146531997447089,0.002406241036618689,0.024693441749093267,5.106196332764886e-05,0.00047765477389432394,5.68690667783888e-05,0.00033782579070047524,0.0004900866269185805,0.00019077770188675043,0.00011933494303013141,3.470299333956e-05,2.0138218327644736e-06,13.621776560037816,0.025709884401735293,0.00047612949178155227,309.1473760575555,82.3795680252517,8.128856245356799,12.688167888162763,0.03277703900140949,-0.2640521560151594
227.5034482759,14.7811448123,0.9600000000000001,0.004354000000000001,0.019941000000000004,0.0026300000000000004,0.013075000000000002,0.02561695612250266,0.0008574594112905578,0.9635438393451992,0.0021737785541869606,0.018834969720173057,0.002274291658409711,0.0131731207220311,0.5727884646010689,0.2425721615220753,0.14078950387748929,0.04149586260970639,0.0023540073896599657,0.02468306025461372,5.568558984264464e-05,0.0004824945928903394,5.826042962325538e-05,0.00033745525553270124,0.000491142859650855,0.00020799578281419678,0.00012072128511068167,3.558101792431271e-05,2.0184657905114567e-06,13.621776560037816,0.025709884401735293,0.00047612949178155227,309.1473760575555,82.3795680252517,8.128856245356799,12.67039525778179,0.02535868695029997,-0.27667898702497595
227.5034482759,15.1495677748,0.9600000000000001,0.004354000000000001,0.019941000000000004,0.0026300000000000004,0.013075000000000002,0.02561728189489595,0.0008779779734062682,0.9631606808977173,0.0023565415939902886,0.018999573393857577,0.002322970116936815,0.01316023399749792,0.5606003050616252,0.256762991552586,0.1389044485315172,0.041427855778785175,0.002304399075486607,0.02467355867263675,6.0368190310296665e-05,0.0004867174275132145,5.95081803189898e-05,0.00033712942411669763,0.0004921947197289414,0.0002254322509690702,0.00012195504621881676,3.637274485922496e-05,2.023211630215009e-06,13.621776560037816,0.025709884401735293,0.00047612949178155227,309.1473760575555,82.3795680252517,8.128856245356799,12.653965284141828,0.017693489742590884,-0.2892079770853968
227.5034482759,15.5179907374,0.9600000000000001,0.004354000000000001,0.019941000000000004,0.0026300000000000004,0.013075000000000002,0.025617794159676698,0.0008984754990695699,0.9627993748456085,0.0025412246543994083,0.01914396234737314,0.0023667605856420118,0.013148677566976921,0.5489783848415544,0.2705169440719646,0.13696702237735503,0.04128044705696223,0.002257201652163698,0.024664796201860205,6.51005701098996e-05,0.0004904260868156063,6.063118550821293e-05,0.0003368401153827734,0.000493243628298922,0.0002430528463318333,0.000123061513786567,3.7089470271319096e-05,2.028040380928436e-06,13.621776560037816,0.025709884401735293,0.00047612949178155227,309.1473760575555,82.3795680252517,8.128856245356799,12.638660401474954,0.00982630129308859,-0.30164970073380815
227.5034482759,15.8864136999,0.9600000000000001,0.004354000000000001,0.019941000000000004,0.0026300000000000004,0.013075000000000002,0.02561846344855923,0.000918955026187453,0.962456570211875,0.0027275322790493786,0.019271383524041424,0.0024062964592978537,0.013138217525736219,0.5378834776381631,0.2838326384621192,0.13500230652462322,0.041069349376112965,0.002212227998981601,0.0246566584647986,6.987518599559195e-05,0.0004937032344138218,6.164561788891955e-05,0.0003365809454622936,0.0004942907252787765,0.00026082942971081063,0.00012406104812770168,3.774088503142755e-05,2.032938038736754e-06,13.621776560037816,0.025709884401735293,0.00047612949178155227,309.1473760575555,82.3795680252517,8.128856245356799,12.624304498819308,0.0017931062784661833,-0.31401304073179936
227.5034482759,16.2548366624,0.9600000000000001,0.004354000000000001,0.019941000000000004,0.0026300000000000004,0.013075000000000002,0.025619265835797673,0.0009394190386154311,0.9621295260448041,0.002915221183138215,0.019384464026018147,0.0024421190583463347,0.01312866968769324,0.5272800586148085,0.2967140238737491,0.13302917500860212,0.04080742931960677,0.0021693131832334956,0.024649052096211856,7.468582646096654e-05,0.0004966157369670157,6.256529735844263e-05,0.00033634687879939193,0.0004953369257450115,0.00027873880305119347,0.00012497013969438493,3.833527601979215e-05,2.037894105048991e-06,13.621776560037816,0.025709884401735293,0.00047612949178155227,309.1473760575555,82.3795680252517,8.128856245356799,12.610754246732755,-0.006377051770055431,-0.32630547134503196
227.5034482759,16.623259625,0.9600000000000001,0.004354000000000001,0.019941000000000004,0.0026300000000000004,0.013075000000000002,0.025620181776168118,0.0009598695744386399,0.9618159886357703,0.0031040901393739853,0.019485343112439286,0.0024746906149777518,0.013119887497438632,0.5171358467105308,0.30916883265421735,0.13106179543079818,0.04050521460265589,0.0021283106017979643,0.024641900464073285,7.952735362037254e-05,0.0004992180325117,6.340202339550727e-05,0.00033613390256725316,0.0004963829651090029,0.0002967617558294947,0.00012580222980532435,3.887972310319709e-05,2.0429005916210578e-06,13.621776560037816,0.025709884401735293,0.00047612949178155227,309.1473760575555,82.3795680252517,8.128856245356799,12.597892304488544,-0.014660582201974748,-0.3385333013315055
227.5034482759,16.9916825875,0.9600000000000001,0.004354000000000001,0.019941000000000004,0.0026300000000000004,0.013075000000000002,0.025621195201413576,0.000980308312725772,0.9615140945158949,0.003293971882983871,0.019575774303929337,0.002504406105012801,0.013111753192179151,0.507421418963304,0.32120741702372324,0.12911075495952515,0.04017132003218115,0.0020890890212664943,0.024635140304502166,8.43954966018976e-05,0.0005015547346597896,6.416587768014484e-05,0.0003359387879695796,0.0004974294350648335,0.00031488230101752953,0.0001265683463491227,3.9380278960714506e-05,2.0479513335716914e-06,13.621776560037816,0.025709884401735293,0.00047612949178155227,309.1473760575555,82.3795680252517,8.128856245356799,12.585622017069225,-0.023038197840364205,-0.35070187565140465
227.5034482759,17.36010555,0.9600000000000001,0.004354000000000001,0.019941000000000004,0.0026300000000000004,0.013075000000000002,0.025622292817319894,0.0010007366426923409,0.9612222940013649,0.0034847266589438522,0.01965720444400463,0.0025316036265033777,0.013104171269183226,0.4981098831088473,0.33284187989013003,0.1271839075046722,0.039812799232646794,0.0020515302637037804,0.024628719079438924,8.928668684378021e-05,0.0005036626482342085,6.48654894156585e-05,0.0003357589133873231,0.0004984768121142222,0.00033308706542865607,0.00012727759660071888,3.984212704026316e-05,2.053041508480654e-06,13.621776560037816,0.025709884401735293,0.00047612949178155227,309.1473760575555,82.3795680252517,8.128856245356799,12.5738632750428,-0.03149402684331015,-0.3628157418760143
227.5034482759,17.7285285126,0.9600000000000001,0.004354000000000001,0.019941000000000004,0.0026300000000000004,0.013075000000000002,0.02562346355548063,0.0010211557187521096,0.960939290907801,0.0036762370831294948,0.019730835101216045,0.002556573301755151,0.013097063606098436,0.4891765976676481,0.3440854291509348,0.12528701354543775,0.03943543227082899,0.002015527365150524,0.024622592899605437,9.419792692087502e-05,0.0005055723341352073,6.55082628244379e-05,0.00033559213199467496,0.0004995254801880187,0.00035136480371675093,0.00012793755036729677,4.0269717184818515e-05,2.058167295224829e-06,13.621776560037816,0.025709884401735293,0.00047612949178155227,309.1473760575555,82.3795680252517,8.128856245356799,12.562549275265537,-0.040014922648380136,-0.3748787850423483
227.5034482759,18.0969514751,0.9600000000000001,0.004354000000000001,0.019941000000000004,0.0026300000000000004,0.013075000000000002,0.025624698144042807,0.0010415665043508895,0.9606639949054664,0.0038684040448592047,0.019797670460304267,0.0025795648107167527,0.013090365778653341,0.48059893105801726,0.3549519007547793,0.12342422551184212,0.03904395958858323,0.0019809830867779554,0.024616724887302852,9.912668594871135e-05,0.0005073093295005299,6.610056961761171e-05,0.0003354366716730997,0.0005005757486168732,0.0003697060104818593,0.00012855453911858527,4.066688050469802e-05,2.0633256288735497e-06,13.621776560037816,0.025709884401735293,0.00047612949178155227,309.1473760575555,82.3795680252517,8.128856245356799,12.551623977319117,-0.0485899292501486,-0.38689434054524163
227.5034482759,18.4653744377,0.9600000000000001,0.004354000000000001,0.019941000000000004,0.0026300000000000004,0.013075000000000002,0.025625988770013132,0.0010619698069505433,0.9603954837322438,0.004061143431708719,0.019858554865497004,0.0026007937159187576,0.013084024254631722,0.4723560530142131,0.3654554087786485,0.12159845774349892,0.038642271769968366,0.001947808693671191,0.024611083880893808,0.00010407081597438022,0.0005088951039719159,6.66479105572548e-05,0.00033529105861577194,0.0005016278664314245,0.00038810260990969326,0.00012913389069534736,4.1036925891683735e-05,2.068514022394585e-06,13.621776560037816,0.025709884401735293,0.00047612949178155227,309.1473760575555,82.3795680252517,8.128856245356799,12.541040097268981,-0.057209860557073,-0.3988652842276643
227.5034482759,18.8337974002,0.9600000000000001,0.004354000000000001,0.019941000000000004,0.0026300000000000004,0.013075000000000002,0.02562732881218878,0.0010823663060278276,0.9601329730963352,0.004254383502402522,0.01991420241583918,0.002620446749906405,0.013077994235516715,0.46442875298307046,0.37561009088174774,0.11981166982440508,0.0382335633705454,0.0019159229402312538,0.024605643404964184,0.00010902848490922076,0.0005103478133431948,6.715505049468286e-05,0.0003351540584774963,0.0005026820337793964,0.0004065477065744539,0.00012968011448686708,4.138272075165808e-05,2.0737304354520764e-06,13.621776560037816,0.025709884401735293,0.00047612949178155227,309.1473760575555,82.3795680252517,8.128856245356799,12.530757517229636,-0.06586696994045482,-0.41079410676262285
230.9413793103,9.295590155,0.9600000000000001,0.004354000000000001,0.019941000000000004,0.0026300000000000004,0.013075000000000002,0.025511212497237076,0.0005407668316533903,0.9627557018204471,2.7561150302128727e-05,0.0018228868208846037,9.981322698053737e-05,0.035294036981385564,0.9596819016646394,0.004853412884919996,0.022032424260560367,0.0029220665054097102,0.01051019468447064,0.024561065292068043,7.031183620258958e-07,4.650405304600007e-05,2.546356443535446e-06,0.000900393677317471,0.0005189641413582875,2.624564708483927e-06,1.191440426102652e-05,1.5801566460109032e-06,5.683564679581492e-06,12.86940506750446,0.025426499171821867,0.0005402340017061078,309.1473760575555,82.3795680252517,9.261027238052561,13.175770674261948,-0.0063345727372148275,-0.032080979256805975
230.9413793103,9.6567535062,0.9600000000000001,0.004354000000000001,0.019941000000000004,0.0026300000000000004,0.013075000000000002,0.02545654544934945,0.0005627861837018415,0.976671072788651,5.453980394566389e-05,0.0033394315832383993,0.0001911380840384912,0.019743817740126308,0.9416203095204131,0.009094111727337522,0.03824406260695369,0.005318820791925272,0.005722695353370423,0.02486267155350918,1.3883949979414012e-06,8.501039187370131e-05,4.865715323427426e-06,0.0005026093936451973,0.0005299309004911401,5.118040433186446e-06,2.1523230043821767e-05,2.9933588552816303e-06,3.220653878411602e-06,12.86940506750446,0.025426499171821867,0.0005402340017061078,309.1473760575555,82.3795680252517,9.261027238052561,12.922122041370347,0.012224705338496733,-0.034269202529767284
230.9413793103,10.0179168575,0.9600000000000001,0.004354000000000001,0.019941000000000004,0.0026300000000000004,0.013075000000000002,0.02543209599848972,0.0005842709929622967,0.9779726073498521,9.666118280252868e-05,0.005276912344142818,0.00032293901973904705,0.01633088010346338,0.9132288232262689,0.01543312405410935,0.058102220719219895,0.00863380094190672,0.004602031058495144,0.024871893234014734,2.4582964803614728e-06,0.00013420294131185557,8.213016151661611e-06,0.0004153285105311064,0.0005335731113482019,9.017126715604776e-06,3.394744219293314e-05,5.044479449366652e-06,2.688833256190287e-06,12.86940506750446,0.025426499171821867,0.0005402340017061078,309.1473760575555,82.3795680252517,9.261027238052561,12.78430774212101,0.02668973810958164,-0.046553462153340774
230.9413793103,10.3790802087,0.9600000000000001,0.004354000000000001,0.019941000000000004,0.0026300000000000004,0.013075000000000002,0.025414223750681513,0.0006056089419187762,0.9771125296436177,0.00014879010241229839,0.007159677040018796,0.0004702238239099076,0.015108779390041328,0.8848367532639035,0.02282451462828845,0.07608031728750013,0.0121163701041855,0.004142044716122538,0.024832556457957324,3.781384954592968e-06,0.0001819576342776548,1.1950373473747456e-05,0.0003839779000181957,0.0005358650499149979,1.3822730153847397e-05,4.607492045332773e-05,7.337782078692072e-06,2.508459317911228e-06,12.86940506750446,0.025426499171821867,0.0005402340017061078,309.1473760575555,82.3795680252517,9.261027238052561,12.673406817077378,0.03895271703402692,-0.0604026528045587
230.9413793103,10.74024356,0.9600000000000001,0.004354000000000001,0.019941000000000004,0.0026300000000000004,0.013075000000000002,0.02539921672112493,0.0006268448376591942,0.975765440954242,0.00021116707701773852,0.008900098201676622,0.0006270989323861467,0.014496194834677418,0.8578819305498122,0.031188523777515662,0.09145663853534448,0.015603464612761927,0.0038694425245659613,0.024783677903780825,5.36347835354002e-06,0.00022605552306367876,1.592782168926181e-05,0.0003681919942376235,0.0005377588594862532,1.955036512414672e-05,5.7329121735543615e-05,9.780951242107732e-06,2.4255400711431326e-06,12.86940506750446,0.025426499171821867,0.0005402340017061078,309.1473760575555,82.3795680252517,9.261027238052561,12.575845075193534,0.0492006391975206,-0.07447188852470177
230.9413793103,11.1014069113,0.9600000000000001,0.004354000000000001,0.019941000000000004,0.0026300000000000004,0.013075000000000002,0.025386298999228604,0.0006479731940676076,0.9743237179887178,0.0002847326721364453,0.010470488454594452,0.0007897193954909324,0.01413134148906039,0.832547639188624,0.04056231742968686,0.10420955761221112,0.01900480630272188,0.0036756794667560403,0.024734473226901678,7.228308749705127e-06,0.0002658069505763058,2.0048052699422874e-05,0.0003587424603014914,0.0005394685529784988,2.628329438369839e-05,6.752499989835682e-05,1.2314605042610898e-05,2.381741764442632e-06,12.86940506750446,0.025426499171821867,0.0005402340017061078,309.1473760575555,82.3795680252517,9.261027238052561,12.488859682452645,0.05740199746106711,-0.08846517256532316
230.9413793103,11.4625702625,0.9600000000000001,0.004354000000000001,0.019941000000000004,0.0026300000000000004,0.013075000000000002,0.02537522809572146,0.000668982149729693,0.9729238709975121,0.0003702979841031029,0.011860399047572117,0.0009540883848678509,0.013891343585944838,0.8087871981323266,0.05096439589033589,0.11448622650577608,0.022238621213837146,0.003523558257724343,0.02468816514633415,9.396395810002076e-06,0.00030096033113842003,2.42102103895002e-05,0.0003524960120493876,0.000541064198480419,3.4094271122392036e-05,7.658924192227465e-05,1.4877240626657128e-05,2.3571975779502427e-06,12.86940506750446,0.025426499171821867,0.0005402340017061078,309.1473760575555,82.3795680252517,9.261027238052561,12.41158084424175,0.06354283445640796,-0.10228763480776948
230.9413793103,11.8237336138,0.9600000000000001,0.004354000000000001,0.019941000000000004,0.0026300000000000004,0.013075000000000002,0.02536587047247212,0.0006898627973777988,0.9716222456284892,0.000468281586294817,0.013070081100220121,0.0011160914349560326,0.013723300250039799,0.7864970661147339,0.062362027586101494,0.12251365469224959,0.025230415278205173,0.003396836328709732,0.024646044030784745,1.1878370062598102e-05,0.0003315339842528895,2.8310630774530263e-05,0.0003481034565973538,0.0005425750661593419,4.3021242800699434e-05,8.4517612542973e-05,1.7405524862826175e-05,2.3433510119582278e-06,12.86940506750446,0.025426499171821867,0.0005402340017061078,309.1473760575555,82.3795680252517,9.261027238052561,12.343452566377763,0.06767541455812776,-0.11590136222961078
230.9413793103,12.184896965,0.9600000000000001,0.004354000000000001,0.019941000000000004,0.0026300000000000004,0.013075000000000002,0.025358094196131085,0.0007106121825536918,0.9704406156589966,0.0005786035373589231,0.01410826043078641,0.0012719547824850041,0.013600565590373044,0.7655604558195869,0.0746646398389176,0.12856632059435488,0.027921391015094842,0.0032871927320457556,0.024608524543632278,1.4672283002562224e-05,0.0003577585969474307,3.225434918747416e-05,0.0003448844233613388,0.0005440165863867558,5.3057602675518564e-05,9.136079368045218e-05,1.9841280609171586e-05,2.3359192017936674e-06,12.86940506750446,0.025426499171821867,0.0005402340017061078,309.1473760575555,82.3795680252517,9.261027238052561,12.283836484988955,0.06992411463123993,-0.12929063751706593
230.9413793103,12.5460603163,0.9600000000000001,0.004354000000000001,0.019941000000000004,0.0026300000000000004,0.013075000000000002,0.02535174456530445,0.0007312336903835166,0.9693825943716684,0.0007006996758941129,0.014989885048824739,0.001418697568274175,0.013508123335338462,0.7458617385928189,0.08773300465617247,0.13293993245659208,0.03027546632766052,0.0031898579667561347,0.024575539918562674,1.7763959200259167e-05,0.00038001973682108103,3.5966458366305456e-05,0.0003424544923541291,0.0005453992316270927,6.415332876316724e-05,9.721015740956927e-05,2.2138440970857096e-05,2.3325316128303494e-06,12.86940506750446,0.025426499171821867,0.0005402340017061078,309.1473760575555,82.3795680252517,9.261027238052561,12.231937346665282,0.07047053229971034,-0.14245209000618608
230.9413793103,12.9072236675,0.9600000000000001,0.004354000000000001,0.019941000000000004,0.0026300000000000004,0.013075000000000002,0.02534664882562382,0.0007517358756659412,0.9684417100193717,0.0008336293369909798,0.01573349817766058,0.0015543769548332891,0.013436785511143448,0.7272922276655258,0.10139803644528861,0.13592678651991197,0.03228108279459694,0.0031018665746768447,0.024546751931947632,2.1129710055447982e-05,0.000398791453107755,3.939824681680192e-05,0.0003405774836961832,0.0005467316596291772,7.622454171800606e-05,0.00010218104189100349,2.426684804204108e-05,2.3317843857136116e-06,12.86940506750446,0.025426499171821867,0.0005402340017061078,309.1473760575555,82.3795680252517,9.261027238052561,12.18684701729905,0.06952487278443442,-0.15539501669088018
230.9413793103,13.2683870188,0.9600000000000001,0.004354000000000001,0.019941000000000004,0.0026300000000000004,0.013075000000000002,0.025342629813231085,0.0007721305659899889,0.96760635618501,0.0009762279424828596,0.016358746886656825,0.0016780821422956466,0.013380586843554644,0.7097525588261273,0.11548195584409737,0.13779633748970588,0.03394788760664183,0.0030212602334274714,0.02452168968972613,2.474018335967536e-05,0.0004145736665568904,4.2527014528392345e-05,0.00033909925905999556,0.0005480216449592606,8.916714792753381e-05,0.00010639676405727413,2.6212201671880888e-05,2.3328073740393995e-06,12.86940506750446,0.025426499171821867,0.0005402340017061078,309.1473760575555,82.3795680252517,9.261027238052561,12.147624209275637,0.06731456037051053,-0.16812534308579785
230.9413793103,13.62955037,0.9600000000000001,0.004354000000000001,0.019941000000000004,0.0026300000000000004,0.013075000000000002,0.02533951893827604,0.0007924309856698731,0.9668630140789887,0.001127254458360929,0.016884493477821953,0.001789748282824133,0.013335489702004278,0.6931534845688989,0.12981575689852365,0.13878355306027734,0.03530052059529193,0.002946684877007997,0.024499843655973186,2.8564085695892856e-05,0.0004278449422444676,4.5351360507369135e-05,0.0003379148938551225,0.0005492762989974398,0.00010287002819457772,0.00010997638774632271,2.7973226329986838e-05,2.3350444015459556e-06,12.86940506750446,0.025426499171821867,0.0005402340017061078,309.1473760575555,82.3795680252517,9.261027238052561,12.113366945309354,0.06404680990003797,-0.18066157196521537
230.9413793103,13.9907137213,0.9600000000000001,0.004354000000000001,0.019941000000000004,0.0026300000000000004,0.013075000000000002,0.02533716468197786,0.0008126502931200206,0.9661982267267135,0.0012855033011196953,0.017327690207850837,0.0018898997973646942,0.013298679966951329,0.6774155833024086,0.14425035875281253,0.13908485449661473,0.036372035146617174,0.002877168301546951,0.02448072358600972,3.257100883969589e-05,0.0004390345403546118,4.7884702398265843e-05,0.0003369508443755657,0.0005505019723347721,0.00011722509632314123,0.00011302734777522938,2.9557745023270136e-05,2.3381316636077613e-06,12.86940506750446,0.025426499171821867,0.0005402340017061078,309.1473760575555,82.3795680252517,9.261027238052561,12.083260128335539,0.05990841604794994,-0.1930216423962925
230.9413793103,14.3518770725,0.9600000000000001,0.004354000000000001,0.019941000000000004,0.0026300000000000004,0.013075000000000002,0.025335436352873303,0.0008328006717057614,0.9655996582497741,0.0014498724730476946,0.017702908239694757,0.0019794072102445695,0.013268153827238865,0.6624684813678534,0.1586615371484315,0.138859478696191,0.03719851331148051,0.0028119894760435305,0.024463888683943363,3.673315176068288e-05,0.00044851090496754285,5.014914539156979e-05,0.0003361544668101426,0.000551704196267044,0.0001321334347110824,0.00011564226713089973,3.0978946872256675e-05,2.3418267244785843e-06,12.86940506750446,0.025426499171821867,0.0005402340017061078,309.1473760575555,82.3795680252517,9.261027238052561,12.056597343171173,0.05505889011004328,-0.20522373193988308
230.9413793103,14.7130404238,0.9600000000000001,0.004354000000000001,0.019941000000000004,0.0026300000000000004,0.013075000000000002,0.025334224340860596,0.0008528928874470522,0.9650565370063586,0.0016193946770920436,0.01802230966618089,0.0020592985212367298,0.013242460129131722,0.6482498410934786,0.17295034229733414,0.138233818921,0.037815399902918885,0.0027505977852685273,0.024448958810133124,4.102610804584533e-05,0.00045658123622348707,5.217073072181379e-05,0.0003354874557363248,0.0005528876787573098,0.00014750811682692937,0.00011789864096236466,3.2252485613165466e-05,2.345965287283141e-06,12.86940506750446,0.025426499171821867,0.0005402340017061078,309.1473760575555,82.3795680252517,9.261027238052561,12.03278357861081,0.04963069467538439,-0.21728511702639786
230.9413793103,15.074203775,0.9600000000000001,0.004354000000000001,0.019941000000000004,0.0026300000000000004,0.013075000000000002,0.025333438356573902,0.0008729361696814635,0.9645597313614614,0.0017932431382545857,0.01829586083375177,0.002130632051534494,0.013220532614997628,0.634704319153294,0.18704089113240832,0.13730683205216884,0.038255396303400295,0.0026925613587286006,0.024435614495679065,4.5429014501321674e-05,0.00046349706261230526,5.397623573808969e-05,0.0003349215480431172,0.0005540563572419575,0.00016327475907893213,0.00011986010004271627,3.339451911873667e-05,2.3504341991208615e-06,12.86940506750446,0.025426499171821867,0.0005402340017061078,309.1473760575555,82.3795680252517,9.261027238052561,12.011326791077177,0.04373192126579539,-0.22922154325273603
230.9413793103,15.4353671263,0.9600000000000001,0.004354000000000001,0.019941000000000004,0.0026300000000000004,0.013075000000000002,0.025333004805709197,0.0008929382792436852,0.9641016355193119,0.0019707229775019265,0.018531643370907482,0.00219442071529135,0.013201577416987397,0.6217825998228254,0.20087701006661224,0.1361553571192088,0.03854749987329683,0.0026375331180568088,0.024423591365802827,4.992433465977784e-05,0.0004694622105728882,5.559127052622358e-05,0.0003344356241474837,0.0005552134847494586,0.00017937077170849717,0.00012157833029583573,3.442053820600784e-05,2.3551542838858785e-06,12.86940506750446,0.025426499171821867,0.0005402340017061078,309.1473760575555,82.3795680252517,9.261027238052561,11.99182449257124,0.0374499024492998,-0.24104696874731601
230.9413793103,15.7965304776,0.9600000000000001,0.004354000000000001,0.019941000000000004,0.0026300000000000004,0.013075000000000002,0.02533286400983983,0.0009129056662535371,0.9636759765402192,0.0021512559399977193,0.01873617840483897,0.002251593062993529,0.013184996051950549,0.6094405462402368,0.21441865792105116,0.13483879536308682,0.0387167725037174,0.0025852279719077195,0.02441267246324297,5.449747417832238e-05,0.0004746410595938834,5.703930087031379e-05,0.00033401371195433834,0.000556361727907363,0.00019574400776660648,0.00012309510031776312,3.534476099769276e-05,2.3600692641116973e-06,12.86940506750446,0.025426499171821867,0.0005402340017061078,309.1473760575555,82.3795680252517,9.261027238052561,11.97394924438748,0.03085487797607911,-0.252773547684777
230.9413793103,16.1576938288,0.9600000000000001,0.004354000000000001,0.019941000000000004,0.0026300000000000004,0.013075000000000002,0.02533296763919269,0.0009328436570609311,0.963277604405969,0.002334363261350966,0.018914722470493243,0.0023029779528405243,0.013170331909346165,0.5976384773628902,0.22763861679448003,0.13340298081838486,0.038784517832842286,0.002535407191402589,0.02440268037997547,5.913634895792433e-05,0.00047916605224931615,5.834126595308323e-05,0.00033364359205689326,0.000557503262823525,0.00021235123977885462,0.00012444412448945138,3.6179891452533496e-05,2.3651385165665752e-06,12.86940506750446,0.025426499171821867,0.0005402340017061078,309.1473760575555,82.3795680252517,9.261027238052561,11.957435093752924,0.02400329522011191,-0.2644117470567675
230.9413793103,16.5188571801,0.9600000000000001,0.004354000000000001,0.019941000000000004,0.0026300000000000004,0.013075000000000002,0.02533327650291613,0.0009527566376539144,0.9629022953957337,0.0025196492240281945,0.019071519690079017,0.002349303093529503,0.013157232596629582,0.5863405611396227,0.24051965103272194,0.1318832665187015,0.03876865381028686,0.002487867498666942,0.024393470094552748,6.383097048266433e-05,0.0004831440816395811,5.951554485753913e-05,0.0003333158113835984,0.0005586398615514964,0.00022915669400762898,0.0001256526575711731,3.693709225065753e-05,2.37033227295837e-06,12.86940506750446,0.025426499171821867,0.0005402340017061078,309.1473760575555,82.3795680252517,9.261027238052561,11.942065801097355,0.016940657552867222,-0.27597046500190814
230.9413793103,16.8800205313,0.9600000000000001,0.004354000000000001,0.019941000000000004,0.0026300000000000004,0.013075000000000002,0.025333758722141577,0.0009726482184557667,0.9625465808464324,0.0027067865449493123,0.019210008506502712,0.0023912009595355144,0.013145423142580118,0.5755143080478434,0.2530521734529788,0.1303069326513015,0.03868415254698365,0.002442433300892618,0.02438492283798586,6.85730772420851e-05,0.000486661720554027,6.0578108165026146e-05,0.0003330229781945808,0.0005597729664185382,0.0002461307456853995,0.000126742805895724,3.762607205729476e-05,2.3756283988102426e-06,12.86940506750446,0.025426499171821867,0.0005402340017061078,309.1473760575555,82.3795680252517,9.261027238052561,11.92766504401357,0.009703563503249413,-0.2874574597755082
230.9413793103,17.2411838826,0.9600000000000001,0.004354000000000001,0.019941000000000004,0.0026300000000000004,0.013075000000000002,0.025334388254717916,0.0009925213754409694,0.9622076038744755,0.002895503938940405,0.019332987397765594,0.002429218066964339,0.013134686721854168,0.5651301482440247,0.26523238043594116,0.12869504273654267,0.03854347752635479,0.002398951057136679,0.02437694101819778,7.335582098218125e-05,0.0004897894088585622,6.15427536638499e-05,0.0003327592530155416,0.0005609037520383184,0.0002632488070417628,0.00012773258082930767,3.825522532873575e-05,2.3810102028448642e-06,12.86940506750446,0.025426499171821867,0.0005402340017061078,309.1473760575555,82.3795680252517,9.261027238052561,11.914088465379262,0.0023218682508510113,-0.29887919113244266
230.9413793103,17.6023472338,0.9600000000000001,0.004354000000000001,0.019941000000000004,0.0026300000000000004,0.013075000000000002,0.025335143719885277,0.0010123785676260798,0.9618830022201618,0.0030855757994419303,0.019442746046977828,0.0024638252896472704,0.013124850643771122,0.5551610772129558,0.27706078785859906,0.12706386552617263,0.03835698428781768,0.0023572851144549375,0.024369444102962528,7.817350633746122e-05,0.0004925847654094146,6.242136781390156e-05,0.0003325199773619702,0.0005620331761506037,0.00028049040355764167,0.00012863673417841948,3.8831788811756915e-05,2.386464927658169e-06,12.86940506750446,0.025426499171821867,0.0005402340017061078,309.1473760575555,82.3795680252517,9.261027238052561,11.901217310064286,-0.005180115712789757,-0.31024122187491976
230.9413793103,17.9635105851,0.9600000000000001,0.004354000000000001,0.019941000000000004,0.0026300000000000004,0.013075000000000002,0.025336007468497297,0.0010322218332862352,0.9615708136959991,0.0032768137635098534,0.019541168512053047,0.002495427966183391,0.013115776062254638,0.5455823570815269,0.2885410950371009,0.12542596185231908,0.03813327145674262,0.0023173145723104785,0.024362365317290854,8.302137798516039e-05,0.0004950951913645402,6.322418158831942e-05,0.00033230140026842156,0.0005631620208353191,0.0002978384180976141,0.0001294674162848902,3.936199537228053e-05,2.39198269613123e-06,12.86940506750446,0.025426499171821867,0.0005402340017061078,309.1473760575555,82.3795680252517,9.261027238052561,11.888953371693102,-0.012782439652049504,-0.3215483108612798
230.9413793103,18.3246739363,0.9600000000000001,0.004354000000000001,0.019941000000000004,0.0026300000000000004,0.013075000000000002,0.02533696484957994,0.0010520528679935884,0.9612694004020538,0.003469059874966421,0.019629814189636333,0.0025243751914233743,0.013107350341920166,0.5363712631734786,0.29967931006652293,0.12379101576289027,0.037879480118697725,0.002278930878410457,0.02435564900896362,8.78954481131124e-05,0.0004973599121266013,6.396000549224567e-05,0.0003321004748843609,0.0005642909257310019,0.0003152784776338253,0.0001302346931651882,3.985121569698205e-05,2.397555766590869e-06,12.86940506750446,0.025426499171821867,0.0005402340017061078,309.1473760575555,82.3795680252517,9.261027238052561,11.877214992962502,-0.020468640001482186,-0.3328045408732123
230.9413793103,18.6858372876,0.9600000000000001,0.004354000000000001,0.019941000000000004,0.0026300000000000004,0.013075000000000002,0.02533800363177924,0.001071873087612588,0.9609773881584712,0.003662181066092199,0.01970998138300378,0.0025509680539250006,0.0130994813385078,0.527506867441443,0.31048308013650333,0.1221664715059388,0.03760154496289297,0.0022420359532220754,0.024349248551217072,9.279235715287732e-05,0.000499411579864851,6.463643781490448e-05,0.000331914705729535,0.0005654204147413038,0.00033279845775738043,0.0001309469530158059,4.030408409837964e-05,2.403177999718578e-06,12.86940506750446,0.025426499171821867,0.0005402340017061078,309.1473760575555,82.3795680252517,9.261027238052561,11.865933901067066,-0.028225050897646042,-0.3440134272466615
230.9413793103,19.0470006388,0.9600000000000001,0.004354000000000001,0.019941000000000004,0.0026300000000000004,0.013075000000000002,0.025339113546131265,0.0010916836790468524,0.9606936181109795,0.0038560647095034982,0.019782757326583775,0.0025754667806264474,0.01309209307230673,0.5189698521304075,0.32096118098468746,0.12055802333215958,0.03730440284994488,0.002206540702800685,0.024343124672357778,9.770926151533881e-05,0.0005012775341538665,6.526004518858269e-05,0.00033174203291569875,0.0005665509174881242,0.0003503880828885862,0.00013161122644986823,4.072460774787371e-05,2.408844472400079e-06,12.86940506750446,0.025426499171821867,0.0005402340017061078,309.1473760575555,82.3795680252517,9.261027238052561,11.855052699921579,-0.03604026269587024,-0.3551780071134534
230.9413793103,19.4081639901,0.9600000000000001,0.004354000000000001,0.019941000000000004,0.0026300000000000004,0.013075000000000002,0.025340285923573718,0.0011114856411298028,0.9604171080033724,0.004050615030284032,0.019849057691035447,0.0025980968504771993,0.013085122424830934,0.5107423484105476,0.33112312914674047,0.11896999362554517,0.036992164995727855,0.0021723638214390132,0.02433724412269724,0.00010264374303372258,0.0005029807972043482,6.583651704822858e-05,0.0003315807435901821,0.0005676827865752386,0.00036803860349257135,0.00013223343964009762,4.1116260227056027e-05,2.4145511948393304e-06,12.86940506750446,0.025426499171821867,0.0005402340017061078,309.1473760575555,82.3795680252517,9.261027238052561,11.8445228770973,-0.04390469712216749,-0.3663009157185524
230.9413793103,19.7693273413,0.9600000000000001,0.004354000000000001,0.019941000000000004,0.0026300000000000004,0.013075000000000002,0.025341513406418242,0.0011312798176225363,0.9601470211007154,0.004245750206586095,0.019909657915694434,0.0026190541828806217,0.013078516594123466,0.5028077957711953,0.34097888865474774,0.11740562609151611,0.03666825866861075,0.002139430813930074,0.024331578607356318,0.00010759373578050454,0.0005045408629877716,6.637079668760505e-05,0.0003314294036060433,0.0005688163114992272,0.00038574253497047813,0.00013281861527267004,4.148206097916196e-05,2.4202949009988484e-06,12.86940506750446,0.025426499171821867,0.0005402340017061078,309.1473760575555,82.3795680252517,9.261027238052561,11.834303213836664,-0.05181026970191738,-0.3773844485887743
234.3793103448,10.5611642948,0.9600000000000001,0.004354000000000001,0.019941000000000004,0.0026300000000000004,0.013075000000000002,0.025222024657965143,0.0006124209001821311,0.963705961707233,3.30993651909795e-05,0.002027813849828286,0.00011352172852180937,0.03411960334922602,0.959542933417306,0.0048869087139401055,0.02215028315660738,0.002940364276490921,0.01047951043565566,0.024306615529207844,8.348330050098782e-07,5.114557092213226e-05,2.863247835991901e-06,0.0008605654769941688,0.0005876441470468293,2.9928450336991e-06,1.3565296350058588e-05,1.8007405370719503e-06,6.417871214472276e-06,12.125689341598369,0.02513577881147343,0.0006110910448850654,309.1473760575555,82.3795680252517,10.507631140303836,12.410157807454471,-0.003209043514400989,-0.03025292947643443
234.3793103448,10.9150831344,0.9600000000000001,0.004354000000000001,0.019941000000000004,0.0026300000000000004,0.013075000000000002,0.025170070901790662,0.000634064660917286,0.9759955115194459,6.0406475699149875e-05,0.0034410616775850896,0.00020079086339700911,0.02030222946387286,0.9445549228480021,0.008499843236180669,0.035873145719947035,0.004975615673969447,0.006096472521900646,0.024565876224773898,1.520435276274897e-06,8.661176640225142e-05,5.053920268134483e-06,0.0005110085550701032,0.0005989088968733717,5.389450219398983e-06,2.2745893976954607e-05,3.154862065170171e-06,3.865557782390485e-06,12.125689341598369,0.02513577881147343,0.0006110910448850654,309.1473760575555,82.3795680252517,10.507631140303836,12.18597083453499,0.012575840273731487,-0.03270743052305214
234.3793103448,11.2690019741,0.9600000000000001,0.004354000000000001,0.019941000000000004,0.0026300000000000004,0.013075000000000002,0.025145191816701568,0.0006551409370540817,0.977600478727703,0.00010249997524262205,0.005248448299667445,0.00032572249352643713,0.016722850503860687,0.9205760214311672,0.01387709584611525,0.05285140274056104,0.007791438415244387,0.004904041566912018,0.02458195155770737,2.577381538682893e-06,0.0001319732392351791,8.190354578736597e-06,0.00042049928364160143,0.0006031070373099333,9.09145357621325e-06,3.4625117516073825e-05,5.104490264362377e-06,3.2128383874989066e-06,12.125689341598369,0.02513577881147343,0.0006110910448850654,309.1473760575555,82.3795680252517,10.507631140303836,12.05755232105641,0.02551957843692776,-0.04331794431609026
234.3793103448,11.6229208137,0.9600000000000001,0.004354000000000001,0.019941000000000004,0.0026300000000000004,0.013075000000000002,0.025127202561202606,0.0006760409009050174,0.9769749437679585,0.0001544846780290597,0.007029869696844644,0.0004658972888860213,0.015374804568281764,0.8960035409679784,0.020186400621211707,0.06861666177524632,0.010788784640825269,0.0044046119947382684,0.024548647309277017,3.881767797438349e-06,0.00017664095985147534,1.1706695550554184e-05,0.00038632582872611906,0.0006057350410500778,1.3646832461993566e-05,4.638766984363239e-05,7.293659688253729e-06,2.9776978610599048e-06,12.125689341598369,0.02513577881147343,0.0006110910448850654,309.1473760575555,82.3795680252517,10.507631140303836,11.954866992147457,0.03662587015194596,-0.055536939633656246
234.3793103448,11.9768396534,0.9600000000000001,0.004354000000000001,0.019941000000000004,0.0026300000000000004,0.013075000000000002,0.025112170216676315,0.0006968268805164868,0.9757859608374946,0.0002163010188510088,0.008693476268036793,0.0006153167102625459,0.01468894516535507,0.8723460213401756,0.027329210817257664,0.08239460769144323,0.013816839236640321,0.004113320914483335,0.024504103143594212,5.431788003427045e-06,0.00021831205581757592,1.5451937965278355e-05,0.0003688712912958211,0.0006078741567814432,1.9043728720767083e-05,5.7414777449008115e-05,9.627944983865872e-06,2.8662725814026447e-06,12.125689341598369,0.02513577881147343,0.0006110910448850654,309.1473760575555,82.3795680252517,10.507631140303836,11.864625902460624,0.04600994126250413,-0.06808853440512408
234.3793103448,12.330758493,0.9600000000000001,0.004354000000000001,0.019941000000000004,0.0026300000000000004,0.013075000000000002,0.02509918803429817,0.0007174996997433307,0.974453114016055,0.0002887370785949095,0.010209857453805822,0.0007704618392843996,0.014277829612259919,0.8498787836381306,0.03532806532866536,0.09408455498664649,0.016798199593654726,0.003910396452902782,0.02445798193929636,7.247066228127563e-06,0.00025625913203645306,1.9337966577450364e-05,0.0003583619301597822,0.0006097877720785858,2.5347876265830167e-05,6.750563995340374e-05,1.2052703164675806e-05,2.8057082808351313e-06,12.125689341598369,0.02513577881147343,0.0006110910448850654,309.1473760575555,82.3795680252517,10.507631140303836,11.783833407094368,0.053641127181421666,-0.08066505974925953
234.3793103448,12.6846773327,0.9600000000000001,0.004354000000000001,0.019941000000000004,0.0026300000000000004,0.013075000000000002,0.025087965208756814,0.000738049830948049,0.9731262241744615,0.00037255690680346794,0.01156703876401036,0.0009278784907185574,0.014006301664006123,0.8286229527795742,0.04420325370069551,0.10375385326995107,0.01966610230387859,0.0037538379459005357,0.024413756855817773,9.346694716167458e-06,0.0002901934660798333,2.327858329310095e-05,0.0003513896088499383,0.0006115650302186379,3.2624203921152044e-05,7.657551386609607e-05,1.451456348078463e-05,2.7705194613782622e-06,12.125689341598369,0.02513577881147343,0.0006110910448850654,309.1473760575555,82.3795680252517,10.507631140303836,11.711532269007261,0.059500904383366304,-0.09316131159964058
234.3793103448,13.0385961723,0.9600000000000001,0.004354000000000001,0.019941000000000004,0.0026300000000000004,0.013075000000000002,0.025078360061348195,0.0007584686871491574,0.9718695255995192,0.0004682319038879711,0.012762732381937291,0.0010840094643215002,0.013815500650334015,0.8085284848508808,0.05394175951922112,0.11154559389361444,0.022358971211360493,0.0036251905249233603,0.0243728938956364,1.1742488277913121e-05,0.0003200683980408515,2.7185179656163764e-05,0.0003464700997368666,0.000613243538427545,4.091313552505921e-05,8.460384015776282e-05,1.69585795406864e-05,2.749593498104186e-06,12.125689341598369,0.02513577881147343,0.0006110910448850654,309.1473760575555,82.3795680252517,10.507631140303836,11.647204920315074,0.06361933661326091,-0.10553148566434878
234.3793103448,13.3925150119,0.9600000000000001,0.004354000000000001,0.019941000000000004,0.0026300000000000004,0.013075000000000002,0.025070254524026253,0.0007787523555847514,0.970710955136073,0.0005758227396031763,0.013802085541691657,0.0012354904785801721,0.013675646104052001,0.7895226213469059,0.06448811010097145,0.11764900375247261,0.024825250068575482,0.003515014731074635,0.024335970714521978,1.4436022642573721e-05,0.0003460217974925926,3.097406076001592e-05,0.00034285192860909167,0.0006148426011613506,5.0220267648340316e-05,9.16194388044373e-05,1.9332721968883668e-05,2.7373260017394735e-06,12.125689341598369,0.02513577881147343,0.0006110910448850654,309.1473760575555,82.3795680252517,10.507631140303836,11.590344238348687,0.06608278733589579,-0.11775216747716222
234.3793103448,13.7464338516,0.9600000000000001,0.004354000000000001,0.019941000000000004,0.0026300000000000004,0.013075000000000002,0.02506351838654226,0.0007989025933917842,0.9696596236242988,0.0006949610231519127,0.014695960843583327,0.0013795113891155255,0.013569943119850384,0.7715264938765107,0.07574724800132895,0.12227945106326216,0.027028877433280512,0.003417929625617656,0.02430308180539526,1.7418168381698184e-05,0.00036833248481105585,3.457540906554143e-05,0.00034011051888870275,0.0006163745168284149,6.0514672870552344e-05,9.76893705729639e-05,2.1593440277916472e-05,2.7305928419365554e-06,12.125689341598369,0.02513577881147343,0.0006110910448850654,309.1473760575555,82.3795680252517,10.507631140303836,11.5403403178255,0.06702594349500046,-0.12981161468662528
234.3793103448,14.1003526912,0.9600000000000001,0.004354000000000001,0.019941000000000004,0.0026300000000000004,0.013075000000000002,0.025058005476188885,0.0008189262520845829,0.9687139329583265,0.0008249133618069629,0.01545897045575419,0.0015140626293779669,0.013488120594734332,0.7544621245623632,0.08759551371355616,0.12565983380084192,0.028951914269485457,0.0033306136537531576,0.02427403903693022,2.067068353754026e-05,0.0003873709663365307,3.7939389658246035e-05,0.000337985399726349,0.0006178488400076279,7.173426574486623e-05,0.00010290613673209505,2.370948264338388e-05,2.727526956609812e-06,12.125689341598369,0.02513577881147343,0.0006110910448850654,309.1473760575555,82.3795680252517,10.507631140303836,11.496485031456873,0.06661209170957783,-0.14170942846819834
234.3793103448,14.4542715309,0.9600000000000001,0.004354000000000001,0.019941000000000004,0.0026300000000000004,0.013075000000000002,0.025053561712535363,0.0008388338292202564,0.9678663242966908,0.0009646961236087535,0.01610747238294865,0.001637999298781685,0.01342350789797,0.7382557336118765,0.09989528119952483,0.12800452968174159,0.030593564614376942,0.003250890892480261,0.024248498685251908,2.4169073866675548e-05,0.00040354955337916303,4.1037716517116595e-05,0.00033630668352049723,0.0006192738839694599,8.37955412496317e-05,0.00010737452979047326,2.5662916954975145e-05,2.7269572557164738e-06,12.125689341598369,0.02513577881147343,0.0006110910448850654,309.1473760575555,82.3795680252517,10.507631140303836,11.458021129936295,0.06502588108776486,-0.1534432103311918
234.3793103448,14.8081903705,0.9600000000000001,0.004354000000000001,0.019941000000000004,0.0026300000000000004,0.013075000000000002,0.02505003556775529,0.0008586378074862122,0.9671063868539421,0.0011132017234418983,0.01665788507910647,0.0017509463439439525,0.013371579999565614,0.7228393796946502,0.1125087832041644,0.12950801164403103,0.03196655521951935,0.003177270237635086,0.024226049388494555,2.788574276630604e-05,0.00041728061371519717,4.38612681930271e-05,0.0003349585545862039,0.0006206572201457081,9.66042949333653e-05,0.00011120047516992964,2.7447692886575027e-05,2.7281243506341865e-06,12.125689341598369,0.02513577881147343,0.0006110910448850654,309.1473760575555,82.3795680252517,10.507631140303836,11.42419800071718,0.06244183178584173,-0.16502230262791429
234.3793103448,15.1621092102,0.9600000000000001,0.004354000000000001,0.019941000000000004,0.0026300000000000004,0.013075000000000002,0.025047286385161113,0.0008783511935232124,0.9664228765681124,0.0012693065269948557,0.017125530424639053,0.0018531163900339354,0.013329170090219798,0.7081514685004963,0.1253084528941132,0.13033886776481338,0.03309251850570577,0.0031086923348714714,0.02420627055857272,3.179268409219439e-05,0.00042894806504372416,4.64155369262159e-05,0.0003338595405262591,0.0006220056875526264,0.00011006482915809156,0.00011448330006368799,2.9066853126175657e-05,2.7305236226308188e-06,12.125689341598369,0.02513577881147343,0.0006110910448850654,309.1473760575555,82.3795680252517,10.507631140303836,11.394315081678812,0.05902263168805,-0.17645690716159024
234.3793103448,15.5160280498,0.9600000000000001,0.004354000000000001,0.019941000000000004,0.0026300000000000004,0.013075000000000002,0.025045189221295207,0.0008979864863458768,0.9658049260373113,0.001431946207617418,0.017524006609439792,0.0019451101240889187,0.01329401102154251,0.6941366716755183,0.13818291389014584,0.13063834622324938,0.03399768681893454,0.003044381392151968,0.024188767123463482,3.58633637244943e-05,0.00043889206144864747,4.871565111406397e-05,0.0003329510215445162,0.0006233253508417201,0.0001240863893172469,0.00011731146950705185,3.052946333042256e-05,2.733813349435315e-06,12.125689341598369,0.02513577881147343,0.0006110910448850654,309.1473760575555,82.3795680252517,10.507631140303836,11.367747329762047,0.0549113435659514,-0.18775872116941628
234.3793103448,15.8699468895,0.9600000000000001,0.004354000000000001,0.019941000000000004,0.0026300000000000004,0.013075000000000002,0.025043636556115387,0.0009175550747505218,0.9652426719769506,0.0016001585218875525,0.017864974431665504,0.002027743900057776,0.013264451169438574,0.6807454857355337,0.15103925280861355,0.13052192404687668,0.03470958372974565,0.0029837536792304943,0.024173186665444452,4.007378845432267e-05,0.00044740392675092494,5.0782081261926905e-05,0.0003321900942037594,0.0006246214750501479,0.00013858683290107036,0.00011976105377541386,3.184795469370626e-05,2.7377583301834806e-06,12.125689341598369,0.02513577881147343,0.0006110910448850654,309.1473760575555,82.3795680252517,10.507631140303836,11.343954800031828,0.05022979583838705,-0.19893979913198656
234.3793103448,16.2238657291,0.9600000000000001,0.004354000000000001,0.019941000000000004,0.0026300000000000004,0.013075000000000002,0.025042537854692036,0.0009370669736308839,0.9647275002012639,0.0017731006118196096,0.018158207692055305,0.002101921627584648,0.013239269867276414,0.6679336346917334,0.16380273007739482,0.1300824378241001,0.03525483855379186,0.002926358852979845,0.02415922494325257,4.440293919167018e-05,0.00045472760350165505,5.263745192638444e-05,0.00033154491681975317,0.000625898549646859,0.00015349412854610093,0.0001218959563343571,3.303614486944715e-05,2.742194234119768e-06,12.125689341598369,0.02513577881147343,0.0006110910448850654,309.1473760575555,82.3795680252517,10.507631140303836,11.322481274594569,0.045079534929653775,-0.2100117840732434
234.3793103448,16.5777845687,0.9600000000000001,0.004354000000000001,0.019941000000000004,0.0026300000000000004,0.013075000000000002,0.025041817946391088,0.0009565307846760333,0.9642520652387915,0.0019500495758047684,0.018411781683134187,0.0021685501019611288,0.01321755340030842,0.6556614397781758,0.17641505030320667,0.12939371878096986,0.0356579498777333,0.00287184125991436,0.024146624672141438,4.883278646374018e-05,0.0004610644849777444,5.4304436860938416e-05,0.0003309915659472259,0.0006271603514728363,0.00016874642649518815,0.0001237690753577111,3.41079267764869e-05,2.7470045738108906e-06,12.125689341598369,0.02513577881147343,0.0006110910448850654,309.1473760575555,82.3795680252517,10.507631140303836,11.302946768805986,0.039544069930730785,-0.22098546095914706
234.3793103448,16.9317034084,0.9600000000000001,0.004354000000000001,0.019941000000000004,0.0026300000000000004,0.013075000000000002,0.025041414928862984,0.0009759537843318283,0.963810193792949,0.0021303936922579068,0.018632313780987658,0.0022284890280975136,0.013198609705707905,0.6438932237652805,0.1888320238885201,0.12851410789817125,0.03594073059481576,0.0028199138532124073,0.02413517097543708,5.334807240966268e-05,0.00046657950047448386,5.580451841700844e-05,0.0003305118621247498,0.0006284100284393462,0.0001842913283170394,0.00012542382994324913,3.5076492035661165e-05,2.752105596532397e-06,12.125689341598369,0.02513577881147343,0.0006110910448850654,309.1473760575555,82.3795680252517,10.507631140303836,11.285037471035713,0.03369155610624475,-0.23187054844439103
234.3793103448,17.285622248,0.9600000000000001,0.004354000000000001,0.019941000000000004,0.0026300000000000004,0.013075000000000002,0.025041278027766626,0.0009953420709365613,0.9633967401351873,0.002313619456793149,0.018825206170783003,0.00228252554157801,0.013181908695658785,0.6325967798431686,0.20102113778635275,0.12748955484305385,0.036122187238911564,0.002770340288513225,0.02412468562076926,5.793598806800764e-05,0.0004714072216526051,5.715735669213354e-05,0.0003300918405846262,0.0006296501889168994,0.0002000847955862922,0.00012689571754026554,3.595393265313646e-05,2.757436239967744e-06,12.125689341598369,0.02513577881147343,0.0006110910448850654,309.1473760575555,82.3795680252517,10.507631140303836,11.26849530768363,0.027577430239935197,-0.24267564775351858
234.3793103448,17.6395410877,0.9600000000000001,0.004354000000000001,0.019941000000000004,0.0026300000000000004,0.013075000000000002,0.025041365633687248,0.0010147007292126355,0.9630074317677625,0.0024992975872149604,0.018994866157424222,0.0023313645329270474,0.013167039954671346,0.6217429130295893,0.21295930970996182,0.12635620812022139,0.036218646712108775,0.002722922428118772,0.024115021206854666,6.258582470884216e-05,0.00047565738861101185,5.838055169443669e-05,0.00032972066181829394,0.0006308829872339125,0.00021608996685531774,0.00012821373652013217,3.6751087229871595e-05,2.7629513734015577e-06,12.125689341598369,0.02513577881147343,0.0006110910448850654,309.1473760575555,82.3795680252517,10.507631140303836,11.25310828145132,0.021246766651048077,-0.25340828460957177
234.3793103448,17.9934599273,0.9600000000000001,0.004354000000000001,0.019941000000000004,0.0026300000000000004,0.013075000000000002,0.025041643604672387,0.0010340339893202754,0.9626387245697205,0.0026870696963189784,0.01914489494246195,0.0023756283750750434,0.013153682416423354,0.6113050508001362,0.2246309414555825,0.12514251128367684,0.0362440049813853,0.00267749147921923,0.024106055860731328,6.728864167613512e-05,0.00047941963599802706,5.9489639105776215e-05,0.0003293898271611195,0.0006321102003704985,0.0002322760285180852,0.00012940161017621795,3.7477533059845776e-05,2.7686171956281057e-06,12.125689341598369,0.02513577881147343,0.0006110910448850654,309.1473760575555,82.3795680252517,10.507631140303836,11.238702060666116,0.014736278057172925,-0.26407499731325856
234.3793103448,18.347378767,0.9600000000000001,0.004354000000000001,0.019941000000000004,0.0026300000000000004,0.013075000000000002,0.02504208384874813,0.0010533453698424178,0.9622876754245262,0.0028766364066718417,0.01927824401383435,0.0024158617500307645,0.01314158240493689,0.6012589149159855,0.23602629618858137,0.12387086656847925,0.03621002071813449,0.0026339016088195518,0.02409768865459791,7.203697009823778e-05,0.00048276740305106653,6.04982125112538e-05,0.0003290926084896627,0.0006333332941032295,0.00024861720625129726,0.00013047880375827555,3.814165766534499e-05,2.77440806427057e-06,12.125689341598369,0.02513577881147343,0.0006110910448850654,309.1473760575555,82.3795680252517,10.507631140303836,11.225132918986573,0.008075957823272972,-0.27468144828135976
234.3793103448,18.7012976066,0.9600000000000001,0.004354000000000001,0.019941000000000004,0.0026300000000000004,0.013075000000000002,0.025042663164879162,0.0010726378010623534,0.9619518342840441,0.0030677471480171177,0.019397342124525874,0.002452538866274418,0.013130537577138649,0.591582245168982,0.24714017900425062,0.12255894021949398,0.0361266103379881,0.0025920252692855053,0.024089835766812975,7.682455850281138e-05,0.000485761105118423,6.141810472688487e-05,0.0003288236297180717,0.0006345534786055869,0.0002650918981612758,0.00013146135213757044,3.875076787277604e-05,2.7803042851444586e-06,12.125689341598369,0.02513577881147343,0.0006110910448850654,309.1473760575555,82.3795680252517,10.507631140303836,11.212281937454668,0.0012904127159565348,-0.2852325313629134
234.3793103448,19.0552164462,0.9600000000000001,0.004354000000000001,0.019941000000000004,0.0026300000000000004,0.013075000000000002,0.025043362307076437,0.0010919137311738863,0.961629154691223,0.0032601915980802598,0.019504197183749305,0.002486071457295154,0.013120385069652183,0.5822545738329536,0.2579708745388259,0.12122068010926526,0.0360021217478904,0.0025517497710648277,0.02408242732597995,8.164615938121047e-05,0.0004884506765812938,6.225958822632404e-05,0.00032857855690765595,0.0006357717642070015,0.0002816819401518799,0.00013236252511354395,3.931121108791552e-05,2.786290613545506e-06,12.125689341598369,0.02513577881147343,0.0006110910448850654,309.1473760575555,82.3795680252517,10.507631140303836,11.200050296400791,-0.00560261273367324,-0.29573501408350467
234.3793103448,19.4091352859,0.9600000000000001,0.004354000000000001,0.019941000000000004,0.0026300000000000004,0.013075000000000002,0.025044165233149868,0.00111117519946667,0.9613179204721367,0.003453792608044681,0.019600477579384698,0.0025168166801705504,0.013110992660263387,0.573256990344677,0.26851934490456164,0.11986710979808778,0.03584358054530835,0.0025129744073653145,0.024075404841892217,8.649735275690261e-05,0.0004908775991467597,6.303157279973897e-05,0.0003283538665542514,0.0006369889505919094,0.0002983720366349858,0.00013319335963938342,3.9828497762032654e-05,2.79235483835879e-06,12.125689341598369,0.02513577881147343,0.0006110910448850654,309.1473760575555,82.3795680252517,10.507631140303836,11.188355537208915,-0.012578717514417193,-0.3061849595827777
234.3793103448,19.7630541255,0.9600000000000001,0.004354000000000001,0.019941000000000004,0.0026300000000000004,0.013075000000000002,0.02504505850545729,0.001130423932148122,0.9610166863287645,0.003648400386421058,0.019687576730515063,0.0025450844191355266,0.01310225213516387,0.5645720481713832,0.27878850562343305,0.11850694070653121,0.03565689656541473,0.002475608933237832,0.024068719133824603,9.137440112924837e-05,0.0004930765110464293,6.374178817857705e-05,0.0003281466712784318,0.0006382057546748138,0.00031514919876453996,0.00013396308190032134,4.030740922367498e-05,2.7984875847717273e-06,12.125689341598369,0.02513577881147343,0.0006110910448850654,309.1473760575555,82.3795680252517,10.507631140303836,11.177128443824152,-0.019631522549710567,-0.3165931538545532
234.3793103448,20.1169729652,0.9600000000000001,0.004354000000000001,0.019941000000000004,0.0026300000000000004,0.013075000000000002,0.025046030810116353,0.0011496613745526887,0.9607242295083825,0.0038438877643618002,0.01976666462180199,0.0025711438675050597,0.013094074237948691,0.5561835447371102,0.288782778995376,0.11714705641721375,0.03544704835207953,0.002439571498220624,0.024062328652292242,9.627413137683491e-05,0.0004950764911308895,6.439694852277344e-05,0.00032795458679361374,0.0006394227385460529,0.0003320024066469693,0.00013467944590541534,4.075210233228737e-05,2.8046811219638846e-06,12.125689341598369,0.02513577881147343,0.0006110910448850654,309.1473760575555,82.3795680252517,10.507631140303836,11.16631069947865,-0.026746791486308652,-0.3269598331627126
234.3793103448,20.4708918048,0.9600000000000001,0.004354000000000001,0.019941000000000004,0.0026300000000000004,0.013075000000000002,0.025047072573617938,0.0011688887507280532,0.9604395108518968,0.0040401463233493,0.019838728735269807,0.0025952292732034734,0.013086384816280607,0.5480764341148945,0.29850765990202965,0.11579288596237941,0.03521823236929887,0.0024047876513977034,0.024056198130877574,0.00010119383816896561,0.0004969020784006225,6.500289595110513e-05,0.0003277756302196722,0.0006406403783760452,0.000348922245665638,0.0001353490018157616,4.116619563700004e-05,2.8109292336085107e-06,12.125689341598369,0.02513577881147343,0.0006110910448850654,309.1473760575555,82.3795680252517,10.507631140303836,11.155852894898283,-0.033914682920960004,-0.337287417805733
234.3793103448,20.8248106445,0.9600000000000001,0.004354000000000001,0.019941000000000004,0.0026300000000000004,0.013075000000000002,0.025048175654754493,0.001188107099125973,0.9601616431879385,0.00423708324188965,0.019904606808714708,0.002617544919148008,0.01307912184230923,0.540236710765942,0.30796941106009,0.11444869855801372,0.03497399032083129,0.0023711892951229782,0.024050297495529192,0.00010613120530666856,0.0004985740876835082,6.556472491902945e-05,0.0003276081413160978,0.0006418590712694807,0.0003659006435941379,0.0001359773112425046,4.155284618494272e-05,2.8172268349071223e-06,12.125689341598369,0.02513577881147343,0.0006110910448850654,309.1473760575555,82.3795680252517,10.507631140303836,11.145712970425041,-0.04112687913776725,-0.3475780297651774
237.8172413793,11.9505432917,0.9600000000000001,0.004354000000000001,0.019941000000000004,0.0026300000000000004,0.013075000000000002,0.024925096747773077,0.0006915040007811397,0.9644975046358254,3.957273538892411e-05,0.0022457138820783607,0.00012857840763198642,0.033088630339075324,0.9594179489828009,0.004912357796453403,0.02223106084897015,0.002953725065380485,0.010484907306395067,0.02404019361603366,9.86354258142957e-07,5.5974635778620204e-05,3.2048292499018655e-06,0.0008247373124527519,0.0006634413501428422,3.396915069515952e-06,1.537286751867182e-05,2.0425126999181388e-06,7.250355350191592e-06,11.391045026130987,0.02483706165903644,0.0006893057348657021,309.1473760575555,82.3795680252517,11.875785554657057,11.655389386844586,-0.00042687174007305373,-0.02862948583867997
237.8172413793,12.2971838559,0.9600000000000001,0.004354000000000001,0.019941000000000004,0.0026300000000000004,0.013075000000000002,0.02487573116558149,0.0007128033544528834,0.975331037748116,6.728117230006046e-05,0.003564555644657511,0.000212165663978047,0.020824959770948476,0.9469452300865662,0.008004250485234416,0.03388596031982055,0.00468884764385539,0.006475711464523412,0.024262072692469747,1.6736683546414722e-06,8.867092794125627e-05,5.277776019684994e-06,0.0005180361007961638,0.0006749857364888619,5.7054565957562116e-06,2.415402618482539e-05,3.342226329058621e-06,4.615908854381283e-06,11.391045026130987,0.02483706165903644,0.0006893057348657021,309.1473760575555,82.3795680252517,11.875785554657057,11.457549135152151,0.012815232412318522,-0.031397569006992754
237.8172413793,12.6438244201,0.9600000000000001,0.004354000000000001,0.019941000000000004,0.0026300000000000004,0.013075000000000002,0.024850444191318356,0.0007335079657431762,0.9771803294895235,0.00010935455436035803,0.0052474473125406415,0.00033055007153484243,0.017132318572040627,0.9267489750677345,0.012569139973168554,0.048379085954765866,0.007080384199471583,0.005222414804859577,0.024283365242833487,2.7175092501985667e-06,0.0001304013965871747,8.214316105112893e-06,0.0004257457265423826,0.0006797777554565074,9.219564292860107e-06,3.548644492319458e-05,5.1935182108345275e-06,3.830682859779595e-06,11.391045026130987,0.02483706165903644,0.0006893057348657021,309.1473760575555,82.3795680252517,11.875785554657057,11.338251431404077,0.024165608074417477,-0.04068786269514746
237.8172413793,12.9904649843,0.9600000000000001,0.004354000000000001,0.019941000000000004,0.0026300000000000004,0.013075000000000002,0.024832270460678804,0.000754004064827171,0.9767831062758559,0.00016124098462045534,0.006929414297237398,0.0004639623123441701,0.01566227612994208,0.9055481619304621,0.01795716923563063,0.06215635310981116,0.0096575866387396,0.004680729085356558,0.02425574227646402,4.003979739441299e-06,0.0001720730899630936,1.1521237623692369e-05,0.00038892987688855546,0.0006827869949923417,1.353977859645492e-05,4.6866142899630586e-05,7.281859582030235e-06,3.5292887567136114e-06,11.391045026130987,0.02483706165903644,0.0006893057348657021,309.1473760575555,82.3795680252517,11.875785554657057,11.243227448353462,0.03402745146286712,-0.05155739320742292
237.8172413793,13.3371055485,0.9600000000000001,0.004354000000000001,0.019941000000000004,0.0026300000000000004,0.013075000000000002,0.024817166044201658,0.0007743719536166334,0.975754510231296,0.00022260674206324064,0.008516032404101136,0.000606335647106474,0.014900514975433191,0.8848522493769047,0.02406041458955916,0.07443717939046082,0.01228271670800655,0.004367439935068989,0.02421546169878874,5.5244684803422125e-06,0.00021134379021037973,1.5047532432759826e-05,0.0003697885542894389,0.0006852047650120662,1.8631710250543076e-05,5.764206402630295e-05,9.511391332898696e-06,3.382022994822676e-06,11.391045026130987,0.02483706165903644,0.0006893057348657021,309.1473760575555,82.3795680252517,11.875785554657057,11.159865858975873,0.04244039449882209,-0.06283203888599864
237.8172413793,13.6837461127,0.9600000000000001,0.004354000000000001,0.019941000000000004,0.0026300000000000004,0.013075000000000002,0.024804099272638776,0.0007946198627093275,0.9745352581888829,0.0002940806736346545,0.009976136166077612,0.0007543745196181031,0.014440150451786891,0.8650021937422219,0.030888336341080857,0.0850681681299845,0.014888489232324227,0.004152812554388653,0.024172469288803712,7.294406222998455e-06,0.00024744907182075107,1.8711580473356618e-05,0.00035817492531796174,0.0006873479244347114,2.45444855826692e-05,6.759685608038226e-05,1.1830689269738777e-05,3.2999073418258827e-06,11.391045026130987,0.02483706165903644,0.0006893057348657021,309.1473760575555,82.3795680252517,11.875785554657057,11.085010806638447,0.049369712582729264,-0.0742003107861251
237.8172413793,14.0303866769,0.9600000000000001,0.004354000000000001,0.019941000000000004,0.0026300000000000004,0.013075000000000002,0.024792725495698685,0.0008147412630576625,0.9732875366129332,0.0003763614334019499,0.011296472569957847,0.0009050545201919758,0.014134574863515043,0.8460696611393175,0.03845917110573727,0.09406112986941143,0.01742007198666515,0.0039899658988686,0.024130450723629238,9.331025705502225e-06,0.0002800703434966548,2.243876827776094e-05,0.00035043463458953115,0.000689327864351416,3.1334273642839144e-05,7.663548375443508e-05,1.4192851452970969e-05,3.250789856001205e-06,11.391045026130987,0.02483706165903644,0.0006893057348657021,309.1473760575555,82.3795680252517,11.875785554657057,11.017616640483642,0.05479315628992509,-0.08555042351104092
237.8172413793,14.3770272411,0.9600000000000001,0.004354000000000001,0.019941000000000004,0.0026300000000000004,0.013075000000000002,0.02478288718540255,0.0008347283947297751,0.9720829526658237,0.00046994184195643885,0.012472828507910443,0.0010552959737803694,0.013918981010529153,0.8280446254623869,0.0467709789574836,0.1014993238306621,0.01982701014417036,0.003858061605297097,0.024091022150770115,1.16465156529067e-05,0.00030911270179441734,2.6153281065408423e-05,0.0003449525361197044,0.0006911923609768361,3.9041064185120375e-05,8.472436764732618e-05,1.655016834993429e-05,3.220433570558225e-06,11.391045026130987,0.02483706165903644,0.0006893057348657021,309.1473760575555,82.3795680252517,11.875785554657057,10.957172574442506,0.05872544446619621,-0.09683127725828733
237.8172413793,14.7236678053,0.9600000000000001,0.004354000000000001,0.019941000000000004,0.0026300000000000004,0.013075000000000002,0.024774472066562494,0.0008545768041632424,0.9709549684853039,0.0005749842530593665,0.013507569866960736,0.001202126158375688,0.013760351236300357,0.8108875220178978,0.0557917018168185,0.10750900262356972,0.022065364607031967,0.0037464089346821963,0.02405489674462923,1.4244931316132575e-05,0.00033464291235616003,2.9782040931162563e-05,0.00034090543732981187,0.000692965667101906,4.767829423744532e-05,9.187469988082785e-05,1.8856548768574097e-05,3.201594174489329e-06,11.391045026130987,0.02483706165903644,0.0006893057348657021,309.1473760575555,82.3795680252517,11.875785554657057,10.903255275161102,0.061224602115657945,-0.10801494106691933
237.8172413793,15.0703083695,0.9600000000000001,0.004354000000000001,0.019941000000000004,0.0026300000000000004,0.013075000000000002,0.024767367551677175,0.0008742868927771005,0.9699175348648927,0.0006912806668289294,0.01440821587321269,0.0013429514363833541,0.013640017158682318,0.794547585209038,0.06545847471376255,0.11224342260448729,0.024101595079279475,0.0036489223934325467,0.02402230408081546,1.7121202356720584e-05,0.000356853578295768,3.326137182895934e-05,0.00033782731838026835,0.0006946625394359583,5.722948646342386e-05,9.813295318354415e-05,2.1071708672835108e-05,3.190205021338922e-06,11.391045026130987,0.02483706165903644,0.0006893057348657021,309.1473760575555,82.3795680252517,11.875785554657057,10.855390217851937,0.062388116611826305,-0.11908493349449323
237.8172413793,15.4169489337,0.9600000000000001,0.004354000000000001,0.019941000000000004,0.0026300000000000004,0.013075000000000002,0.024761449526138138,0.0008938638767799539,0.9689734202683413,0.0008182831075292305,0.01518596047916056,0.0014757803464477924,0.013546555798521098,0.778970705932795,0.07568336092647622,0.1158689095348042,0.025915164723447494,0.0035618588824771133,0.023993186438143972,2.0261875865176506e-05,0.0003760263939106627,3.6542460560233665e-05,0.0003354323576580941,0.0006962937751031057,6.765062240547651e-05,0.00010357103267504584,2.316462960709188e-05,3.183816989234107e-06,11.391045026130987,0.02483706165903644,0.0006893057348657021,309.1473760575555,82.3795680252517,11.875785554657057,10.813027599881671,0.0623394847751193,-0.13003521074226398
237.8172413793,15.7635894979,0.9600000000000001,0.004354000000000001,0.019941000000000004,0.0026300000000000004,0.013075000000000002,0.02475658504745667,0.000913316792874551,0.9681188414081465,0.000955184276214618,0.015854105392958305,0.0015993240036554393,0.013472544919025052,0.7641033068882438,0.08636283935455422,0.11855225477982527,0.027498821695539934,0.00348277728183672,0.023967316433365998,2.3647100770100535e-05,0.00039249350851211376,3.9593800714934785e-05,0.00033353420409352395,0.0006978683816720097,7.887663146284151e-05,0.00010827576512355668,2.5115135638799657e-05,3.1808789773434593e-06,11.391045026130987,0.02483706165903644,0.0006893057348657021,309.1473760575555,82.3795680252517,11.875785554657057,10.775566091663533,0.061225282029305106,-0.14085802478299314
237.8172413793,16.1102300621,0.9600000000000001,0.004354000000000001,0.019941000000000004,0.0026300000000000004,0.013075000000000002,0.02475263973510083,0.0009326571196951162,0.9673464427430067,0.0011010198349183534,0.016426628523498975,0.0017129678797323617,0.013412941018843591,0.749894485307459,0.09738801602356734,0.12045070976312666,0.028856775646190904,0.0034100132596562097,0.02394437799624899,2.7253147314934192e-05,0.0004066024179045014,4.240047680481468e-05,0.0003320056968275917,0.0006993944307421063,9.082962651736213e-05,0.00011233921203291012,2.6913477257864584e-05,3.180373144873115e-06,11.391045026130987,0.02483706165903644,0.0006893057348657021,309.1473760575555,82.3795680252517,11.875785554657057,10.742391664835719,0.059188299449628445,-0.15155680166804864
237.8172413793,16.4568706263,0.9600000000000001,0.004354000000000001,0.019941000000000004,0.0026300000000000004,0.013075000000000002,0.024749485059950657,0.0009518974051951611,0.9666472892438748,0.0012547661869043564,0.016917086901713212,0.0018166551455951214,0.013364202521912612,0.7362970318013936,0.10865332829684601,0.1217055405282668,0.03000170768777585,0.0033423916857177735,0.02392402264338308,3.1054816996520625e-05,0.0004186891895318381,4.4961279384988945e-05,0.0003307571306542311,0.0007008792340246456,0.0001034268212715857,0.00011585118822673169,2.8558547699417547e-05,3.181613972780629e-06,11.391045026130987,0.02483706165903644,0.0006893057348657021,309.1473760575555,82.3795680252517,11.875785554657057,10.712913500076262,0.056366426544325776,-0.16213627623812243
237.8172413793,16.8035111905,0.9600000000000001,0.004354000000000001,0.019941000000000004,0.0026300000000000004,0.013075000000000002,0.02474700352409543,0.0009710501818821966,0.9660121507135473,0.0014154171062865303,0.017337916829349185,0.0019107334670797791,0.013323781883737233,0.7232678303563466,0.12006252715634343,0.12243901711764794,0.030951566607868294,0.0032790587617936187,0.02390590609802716,3.502733211733772e-05,0.00042906148887637775,4.728492784343037e-05,0.0003297236772311241,0.000702329358217072,0.00011658673883240345,0.00011889442984156942,3.0055524384109427e-05,3.1841306070421038e-06,11.391045026130987,0.02483706165903644,0.0006893057348657021,309.1473760575555,82.3795680252517,11.875785554657057,10.68658915811724,0.0528844892792133,-0.17260340646541472
237.8172413793,17.1501517547,0.9600000000000001,0.004354000000000001,0.019941000000000004,0.0026300000000000004,0.013075000000000002,0.02474509134729696,0.0009901272411726818,0.9654322572564935,0.0015820341714916767,0.01770008900736032,0.00199580671191442,0.013289812852739988,0.7107678400155858,0.13153189276571425,0.12275407763191422,0.031726811062886225,0.003219378523899491,0.02388970939543903,3.9147580088106805e-05,0.0004379903193424179,4.9386419397870705e-05,0.00032885763302953217,0.000703750600548898,0.0001302333101103377,0.00012154215622838443,3.141357990890246e-05,3.1875943761591834e-06,11.391045026130987,0.02483706165903644,0.0006893057348657021,309.1473760575555,82.3795680252517,11.875785554657057,10.662937850082214,0.04885159689227514,-0.18296625102682462
237.8172413793,17.4967923189,0.9600000000000001,0.004354000000000001,0.019941000000000004,0.0026300000000000004,0.013075000000000002,0.024743659123700693,0.0010091392349476788,0.9648996816810308,0.0017537736503696459,0.01801302273868697,0.0020726137906251834,0.01326090813928728,0.6987618437903411,0.1429912384016346,0.12273568295042164,0.03234836848044598,0.003162866377156438,0.023875148812082733,4.339477738487476e-05,0.0004457080944335399,5.12840491303107e-05,0.00032812339066923247,0.0007051479924532143,0.00014429806892484669,0.00012385739319336936,3.264400782016286e-05,3.191772556085384e-06,11.391045026130987,0.02483706165903644,0.0006893057348657021,309.1473760575555,82.3795680252517,11.875785554657057,10.641544117714826,0.044360745052426154,-0.19323321380319136
237.8172413793,17.8434328831,0.9600000000000001,0.004354000000000001,0.019941000000000004,0.0026300000000000004,0.013075000000000002,0.02474263114656852,0.0010280955217302134,0.9644074798493546,0.0019298958708405974,0.01828465986753484,0.0021419408878589796,0.013236023524411028,0.6872180889989169,0.15438344526554165,0.12245301186269737,0.032836308784557636,0.0031091450882864205,0.023861978548904293,4.775070168349454e-05,0.00045241059474287896,5.2997253326048216e-05,0.00032749404791180593,0.0007065258397517817,0.0001587209287067849,0.00012589339311841588,3.3758862011554176e-05,3.196498141676758e-06,11.391045026130987,0.02483706165903644,0.0006893057348657021,309.1473760575555,82.3795680252517,11.875785554657057,10.622055197495909,0.03948987394148773,-0.20341251365378277
237.8172413793,18.1900734473,0.9600000000000001,0.004354000000000001,0.019941000000000004,0.0026300000000000004,0.013075000000000002,0.02474194402272535,0.0010470041709190676,0.963949688653042,0.0021097633479600256,0.01852161988303581,0.0022045640168510848,0.013214364099111026,0.6761078977540749,0.1656631858757714,0.12196190359215468,0.03320909780665483,0.00305791497134411,0.023849989237377096,5.219964665642458e-05,0.0004582608823562689,5.4545199499444085e-05,0.00032694905683611653,0.0007078877889398388,0.0001734500465796734,0.00012769462175421517,3.477006391602687e-05,3.201649729313144e-06,11.391045026130987,0.02483706165903644,0.0006893057348657021,309.1473760575555,82.3795680252517,11.875785554657057,10.60417496522285,0.034303616500002576,-0.21351186487259
237.8172413793,18.5367140115,0.9600000000000001,0.004354000000000001,0.019941000000000004,0.0026300000000000004,0.013075000000000002,0.024741545018724522,0.0010658720554816723,0.9635212500671014,0.0022928327020626566,0.01872938373569575,0.002261215183271995,0.013195318311868237,0.6654052918282767,0.1767953111985527,0.12130720035413958,0.03348326329907079,0.003008933319960236,0.02383900438503292,5.672822351848701e-05,0.00046339389086968324,5.594595725394748e-05,0.0003264725620494881,0.0007092369061293873,0.0001884411817467233,0.0001292979549861938,3.568887467681462e-05,3.207137942553309e-06,11.391045026130987,0.02483706165903644,0.0006893057348657021,309.1473760575555,82.3795680252517,11.875785554657057,10.587656527632122,0.0288552503968873,-0.2235383147058485
237.8172413793,18.8833545757,0.9600000000000001,0.004354000000000001,0.019941000000000004,0.0026300000000000004,0.013075000000000002,0.02474139040721107,0.001084704985008136,0.9631179041693257,0.002478643841986868,0.018912475913484588,0.0023125651711807934,0.013178410904022036,0.6550866529213979,0.18775319768217738,0.12052482321551544,0.03367332618263872,0.0029619999982706444,0.023828876075228187,6.132509497502668e-05,0.00046792095014249797,5.721607774230291e-05,0.00032605220912305656,0.0007105757580361349,0.00020365682947707581,0.0001307338765590939,3.65256247721132e-05,3.212896163718258e-06,11.391045026130987,0.02483706165903644,0.0006893057348657021,309.1473760575555,82.3795680252517,11.875785554657057,10.572294727583344,0.023188578559654616,-0.23349818682623535
237.8172413793,19.2299951399,0.9600000000000001,0.004354000000000001,0.019941000000000004,0.0026300000000000004,0.013075000000000002,0.024741443952875985,0.0011035078494510127,0.9627360757153066,0.0026668085482618002,0.019074629650304046,0.002359217152530867,0.013163268933596666,0.645130425409652,0.1985172140109633,0.1196435272072507,0.033791886168568264,0.002916947203565847,0.02381948065872203,6.59806942298699e-05,0.000471933880414864,5.837043895200612e-05,0.0003256782805572155,0.0007119064883592221,0.00021906530391224458,0.00013202757140920695,3.728961163477018e-05,3.218874135569093e-06,11.391045026130987,0.02483706165903644,0.0006893057348657021,309.1473760575555,82.3795680252517,11.875785554657057,10.557919231113912,0.017339607935923596,-0.24339708997151988
237.8172413793,19.5766357041,0.9600000000000001,0.004354000000000001,0.019941000000000004,0.0026300000000000004,0.013075000000000002,0.02474167559466096,0.0011222847571740215,0.9623727669815565,0.002856999626903124,0.019218929541816608,0.002401706849034241,0.013149597000689428,0.6355168611262764,0.2090733777279147,0.11868634270770587,0.03384978634418858,0.0028736320939144024,0.023810714801793916,7.068695794290449e-05,0.0004755085200002725,5.942225173228056e-05,0.0003253430631915846,0.0007132308861690994,0.00023463986495492523,0.00013319987330559038,3.798909924768019e-05,3.2250334967262e-06,11.391045026130987,0.02483706165903644,0.0006893057348657021,309.1473760575555,82.3795680252517,11.875785554657057,10.544388478201494,0.011337983689195141,-0.2532399621670134
237.8172413793,19.9232762683,0.9600000000000001,0.004354000000000001,0.019941000000000004,0.0026300000000000004,0.013075000000000002,0.024742060333849174,0.0011410391624299843,0.9620254624792168,0.0030489411805240878,0.01934793099215779,0.002440506331791908,0.013137159016309392,0.6262278101451377,0.21941221240110284,0.11767173730750408,0.033856308682795884,0.0028319314634593327,0.02380249203535994,7.54370866428843e-05,0.0004787076759431183,6.038315490633632e-05,0.0003250403809968976,0.0007145504559783712,0.0002503579270650642,0.0001342680605790356,3.863137410238842e-05,3.2313447051247567e-06,11.391045026130987,0.02483706165903644,0.0006893057348657021,309.1473760575555,82.3795680252517,11.875785554657057,10.531584547241136,0.0052057476598115215,-0.26303356533860445
237.8172413793,20.2699168325,0.9600000000000001,0.004354000000000001,0.019941000000000004,0.0026300000000000004,0.013075000000000002,0.024742577312788793,0.0011597739618774412,0.9616920470412476,0.0032424001843757754,0.01946375851283629,0.0024760296038745825,0.013125764657665791,0.6172465053581117,0.22952783510068567,0.11661454602201128,0.03381937597885696,0.0027917375403344767,0.023794739825012186,8.022533724091825e-05,0.0004815835498013029,6.126335390262067e-05,0.0003247652468317666,0.0007158664249741824,0.00026620040667587426,0.00013524651405248724,3.92228316672217e-05,3.237784507675699e-06,11.391045026130987,0.02483706165903644,0.0006893057348657021,309.1473760575555,82.3795680252517,11.875785554657057,10.519408931787487,-0.001032032182932241,-0.27277689912861725
237.8172413793,20.6165573967,0.9600000000000001,0.004354000000000001,0.019941000000000004,0.0026300000000000004,0.013075000000000002,0.024743209062684887,0.0011784916037829237,0.9613707371317677,0.003437179330829289,0.019568185516445097,0.0025086387808420153,0.013115259240115727,0.6085574526875777,0.23941715247072476,0.11552670256757838,0.033745736939886375,0.0027529553342326885,0.023787397135598805,8.504684676864844e-05,0.0004841797052108035,6.207177381713293e-05,0.00032451360128949315,0.000717179848411834,0.0002821511039883652,0.00013614724898861825,3.976906764712335e-05,3.2443347469826358e-06,11.391045026130987,0.02483706165903644,0.0006893057348657021,309.1473760575555,82.3795680252517,11.875785554657057,10.50777899315181,-0.007360739605909217,-0.2824755307397684
237.8172413793,20.9631979609,0.9600000000000001,0.004354000000000001,0.019941000000000004,0.0026300000000000004,0.013075000000000002,0.024743940890665457,0.0011971941508944189,0.9610600236611072,0.0036331110532582226,0.01966269896240852,0.0025386502723985633,0.013105516050827543,0.6001462604196367,0.24907927626055906,0.11441782422653621,0.03364113898975656,0.002715500103511487,0.023780412417851983,8.989748515104478e-05,0.00048653266087678545,6.28162122823018e-05,0.0003242821145033441,0.0007184915926555477,0.0002981962526481564,0.00013698034992207488,4.027497482796274e-05,3.2509808406771413e-06,11.391045026130987,0.02483706165903644,0.0006893057348657021,309.1473760575555,82.3795680252517,11.875785554657057,10.496625155384343,-0.013763960756890015,-0.29213004401587384
237.8172413793,21.3098385251,0.9600000000000001,0.004354000000000001,0.019941000000000004,0.0026300000000000004,0.013075000000000002,0.02474476038442598,0.0012158833591682753,0.960758625006621,0.003830052557559258,0.01974855135249802,0.0025663405622924243,0.013096430521029361,0.5919995625194014,0.2585149970041189,0.11329566911212108,0.03351047549408368,0.002679295870274761,0.023773741963059414,9.477373279656173e-05,0.0004886731711570951,6.350348227875908e-05,0.00032406803513415465,0.0007198024167022392,0.0003143240829527447,0.0001377543187392632,4.074482951107264e-05,3.257711262955364e-06,11.391045026130987,0.02483706165903644,0.0006893057348657021,309.1473760575555,82.3795680252517,11.875785554657057,10.4858885476827,-0.020234762304392362,-0.30174788098289085
237.8172413793,21.6564790893,0.9600000000000001,0.004354000000000001,0.019941000000000004,0.0026300000000000004,0.013075000000000002,0.024745657010520776,0.0012345607121824987,0.9604654483757558,0.00402788172405518,0.01982680269439264,0.002591951463426256,0.013087915742370199,0.5841048748449575,0.2677264308363698,0.11216650280458029,0.033357917772044735,0.0026442737420476863,0.023767348555962502,9.967257962241458e-05,0.0004906272590907095,6.413954190186351e-05,0.00032386907394328835,0.00072111293027786,0.0003305245331234272,0.0001384763575854429,4.118237472158078e-05,3.2645164741878724e-06,11.391045026130987,0.02483706165903644,0.0006893057348657021,309.1473760575555,82.3795680252517,11.875785554657057,10.475519186052168,-0.026760705940050755,-0.31132881673699764
237.8172413793,22.0031196535,0.9600000000000001,0.004354000000000001,0.019941000000000004,0.0026300000000000004,0.013075000000000002,0.02474662178983444,0.0012532274770360747,0.9601795582412154,0.004226493722681759,0.01989835426771013,0.002615694764299704,0.01307989900409299,0.5764505411359736,0.27671667929639204,0.11103538493004732,0.033187023585391405,0.002610371052195502,0.02376120037812567,0.00010459144165231489,0.0004924170473031606,6.472960904977491e-05,0.0003236833137035214,0.0007224236573039162,0.000346788945848418,0.0001391525953176126,4.1590889838256776e-05,3.2713887278709726e-06,11.391045026130987,0.02483706165903644,0.0006893057348657021,309.1473760575555,82.3795680252517,11.875785554657057,10.465474414067838,-0.03333334564003465,-0.32087482693177627
241.2551724138,13.4735851095,0.9600000000000001,0.004354000000000001,0.019941000000000004,0.0026300000000000004,0.013075000000000002,0.024619220831882428,0.0007788459632942937,0.9652707677409098,4.7259249668571424e-05,0.0024832264840588944,0.00014548142822377584,0.03205326509713896,0.9592795509594028,0.004942678422992273,0.022327262646882007,0.0029696030918777002,0.010480904878845263,0.023764214193574152,1.1634859039396263e-06,6.113510118662489e-05,3.5816394083787905e-06,0.0007891264118093334,0.0007471310059354936,3.849585137609338e-06,1.738949838393552e-05,2.3128633806952007e-06,8.163010456560102e-06,10.6659287958875,0.024529611887529446,0.000775552867879948,309.1473760575555,82.3795680252517,13.372778548047021,10.910035807581748,0.002084197470709981,-0.027189034293014558
241.2551724138,13.812863352,0.9600000000000001,0.004354000000000001,0.019941000000000004,0.0026300000000000004,0.013075000000000002,0.024572547249050492,0.0007998228298429455,0.9747180992043656,7.556414856301718e-05,0.003719627868659051,0.00022602971799090608,0.021260679060421464,0.9487954815980075,0.007611065505778855,0.032289922237001126,0.004460082056698241,0.00684344860251431,0.023951306547203958,1.8568036108990104e-06,9.140073155150951e-05,5.554125925021098e-06,0.0005224290407591049,0.0007588682870339187,6.0875039509520725e-06,2.5826216979006895e-05,3.567275451920132e-06,5.473546427147746e-06,10.6659287958875,0.024529611887529446,0.000775552867879948,309.1473760575555,82.3795680252517,13.372778548047021,10.73644207056474,0.013005191315695441,-0.030342734518857384
241.2551724138,14.1521415945,0.9600000000000001,0.004354000000000001,0.019941000000000004,0.0026300000000000004,0.013075000000000002,0.024546988267939645,0.0008201876673102982,0.9767215472441868,0.00011770727668493236,0.00528469977176215,0.00033832495525310593,0.01753772075211293,0.9318102175958137,0.011495693787469624,0.044649115119435555,0.006493387754083403,0.005551585743197634,0.02397557236124691,2.8893591398361604e-06,0.00012972346329702882,8.304858707349197e-06,0.00043049822554851777,0.0007642592487458118,9.428626271658197e-06,3.662065357727881e-05,5.325796554962922e-06,4.553342160586375e-06,10.6659287958875,0.024529611887529446,0.000775552867879948,309.1473760575555,82.3795680252517,13.372778548047021,10.62630997575739,0.022733712580743415,-0.03862130790803242
241.2551724138,14.491419837,0.9600000000000001,0.004354000000000001,0.019941000000000004,0.0026300000000000004,0.013075000000000002,0.024528603528731385,0.0008403112612849329,0.9765342420497222,0.00016959020325375853,0.006868727759192311,0.0004653383969571641,0.015962101590874567,0.913577322247015,0.016102437394143954,0.05664361266947528,0.008707653135845171,0.004968974553520482,0.023953021255467843,4.159810857968414e-06,0.00016848029995201975,1.14141010456577e-05,0.00039152806140789476,0.0007676893119387008,1.3531059476434773e-05,4.759826560602197e-05,7.317138989413757e-06,4.175485274361533e-06,10.6659287958875,0.024529611887529446,0.000775552867879948,309.1473760575555,82.3795680252517,13.372778548047021,10.538570840672701,0.031294888739012094,-0.04838078423885328
241.2551724138,14.8306980795,0.9600000000000001,0.004354000000000001,0.019941000000000004,0.0026300000000000004,0.013075000000000002,0.02451339550212283,0.0008602902100076659,0.9756640916710986,0.00023065761340462814,0.008377618896277864,0.0006010571043125281,0.015126574714906475,0.8955347852414323,0.021323522271465018,0.06752983322688924,0.010980068567633106,0.004631790692580376,0.023916839756353066,5.654201302963398e-06,0.00020536388537051702,1.4733950517373699e-05,0.0003708037085789133,0.0007704198084645217,1.8344417453021782e-05,5.8095254408543194e-05,9.446045493947657e-06,3.984684187631524e-06,10.6659287958875,0.024529611887529446,0.000775552867879948,309.1473760575555,82.3795680252517,13.372778548047021,10.461733788067018,0.0386602527269293,-0.0585808698469652
241.2551724138,15.169976322,0.9600000000000001,0.004354000000000001,0.019941000000000004,0.0026300000000000004,0.013075000000000002,0.02450023056892604,0.0008801409410075606,0.9745614344593063,0.00030137923661526596,0.009778759004020018,0.0007423439090425815,0.014616083391015638,0.8780638880140254,0.02715779653758317,0.07712317656385584,0.01325170085591007,0.0044034380286255845,0.023876979847836308,7.383860785760933e-06,0.000239581850276452,1.8187596932981107e-05,0.0003580974130945335,0.0007728199766614216,2.390268860028032e-05,6.787926519440432e-05,1.1663364461271386e-05,3.875646090183e-06,10.6659287958875,0.024529611887529446,0.000775552867879948,309.1473760575555,82.3795680252517,13.372778548047021,10.39259480016558,0.04478580864270221,-0.06891842511106816
241.2551724138,15.5092545645,0.9600000000000001,0.004354000000000001,0.019941000000000004,0.0026300000000000004,0.013075000000000002,0.024488710161189378,0.0008998605836012959,0.9733982662805432,0.00038237430513667623,0.011057848760113021,0.0008865111714070841,0.014274999482800097,0.8612728919770505,0.03361951173064148,0.08539781461176094,0.015477155468708955,0.00423262621183804,0.02383726801434846,9.36385353157825e-06,0.0002707924532926751,2.170951513124456e-05,0.0003495763248854198,0.0007750255272144446,3.0252873446325657e-05,7.684612729481448e-05,1.392728215256043e-05,3.8087734931507208e-06,10.6659287958875,0.024529611887529446,0.000775552867879948,309.1473760575555,82.3795680252517,13.372778548047021,10.330037973424211,0.049646783937943084,-0.07927807124132435
241.2551724138,15.848532807,0.9600000000000001,0.004354000000000001,0.019941000000000004,0.0026300000000000004,0.013075000000000002,0.02447865583251636,0.000919442740661796,0.9722525987610808,0.0004741306302092394,0.0122092314159884,0.001030881506395402,0.014033157686326138,0.8451815176080513,0.04071205934765512,0.09239501178416207,0.017615258407693332,0.00409615285243834,0.02379943674734212,1.1606080516546056e-05,0.0002988655738115264,2.5234593599159057e-05,0.0003435128372470091,0.0007770960109062427,3.743240742459372e-05,8.495192285830892e-05,1.61962214678353e-05,3.7661780048155406e-06,10.6659287958875,0.024529611887529446,0.000775552867879948,309.1473760575555,82.3795680252517,13.372778548047021,10.273543086866995,0.053247305498286934,-0.08960568727821894
241.2551724138,16.1878110495,0.9600000000000001,0.004354000000000001,0.019941000000000004,0.0026300000000000004,0.013075000000000002,0.024469954574205918,0.0009388828840301046,0.9711626896564579,0.0005768769967468944,0.013233152286205736,0.0011728437155942488,0.013854437344995077,0.8297751563833125,0.048418223548046105,0.09819529591048817,0.019629303492418627,0.003982020665734711,0.023764306900057163,1.411615390530084e-05,0.00032381463531700355,2.8699432443234153e-05,0.00033901745248321154,0.0007790616919216954,4.545904136440385e-05,9.219388262262867e-05,1.8429617074464205e-05,3.7386510469124823e-06,10.6659287958875,0.024529611887529446,0.000775552867879948,309.1473760575555,82.3795680252517,13.372778548047021,10.222736907791969,0.05562486199931094,-0.09987087973795816
241.2551724138,16.527089292,0.9600000000000001,0.004354000000000001,0.019941000000000004,0.0026300000000000004,0.013075000000000002,0.024462505173620672,0.0009581804157086002,0.9701466562408977,0.0006905301044800939,0.014134459461408061,0.0013100444332679554,0.013718309759946187,0.8150244533364354,0.056697702021536255,0.1029049211993289,0.021489541046367723,0.0038833823963317807,0.023732217597463755,1.689209625338512e-05,0.00034576428770102634,3.204696872649032e-05,0.0003355842234760146,0.0007809404695105803,5.4326627692717954e-05,9.860148017323371e-05,2.0590857373195654e-05,3.7209809588726457e-06,10.6659287958875,0.024529611887529446,0.000775552867879948,309.1473760575555,82.3795680252517,13.372778548047021,10.177240300029142,0.056848383313163,-0.11005472222785784
241.2551724138,16.8663675345,0.9600000000000001,0.004354000000000001,0.019941000000000004,0.0026300000000000004,0.013075000000000002,0.024456200843222236,0.0009773390985342956,0.9692110823244092,0.0008147005283641251,0.01492145781392242,0.0014405749071653006,0.013612184426138757,0.800893774177552,0.06548954967314605,0.10664529646111878,0.023175352951405527,0.003796026736777567,0.023703220888802553,1.992447974875232e-05,0.0003649221691709545,3.523098925934082e-05,0.0003329023162406313,0.0007827447992764184,6.400549744096953e-05,0.00010422861790623253,2.2650178561740804e-05,3.710005348934271e-06,10.6659287958875,0.024529611887529446,0.000775552867879948,309.1473760575555,82.3795680252517,13.372778548047021,10.136624815356635,0.05700921324573471,-0.12014786717099035
241.2551724138,17.205645777,0.9600000000000001,0.004354000000000001,0.019941000000000004,0.0026300000000000004,0.013075000000000002,0.024450927122022206,0.0009963664925019627,0.9683556021188782,0.0009487448055204205,0.015604701239111812,0.001563082485284625,0.013527869351204973,0.7873454304714109,0.07471791409896379,0.10954337517975817,0.02467606940408348,0.0037172108457836192,0.023677192255610623,2.319769009717693e-05,0.00038154941275845254,3.821881593340371e-05,0.0003307689476225506,0.0007844846049462476,7.44464259978475e-05,0.0001091453485046822,2.4586408720881655e-05,3.7037043323036785e-06,10.6659287958875,0.024529611887529446,0.000775552867879948,309.1473760575555,82.3795680252517,13.372778548047021,10.100416979282718,0.05622021055330606,-0.13014049077845868
241.2551724138,17.5449240195,0.9600000000000001,0.004354000000000001,0.019941000000000004,0.0026300000000000004,0.013075000000000002,0.02444656604837606,0.001015272894196251,0.9675757604512067,0.001091843770966991,0.016195822385068934,0.0016767855354985297,0.013459787857258813,0.7743421027739263,0.08429911835557487,0.1117234428589881,0.025990267820589674,0.003645068190920975,0.023653904734678117,2.669183086145253e-05,0.0003959322416443552,4.099164834252643e-05,0.00032904559284960765,0.000786168547781295,8.558660987105679e-05,0.0001134297831810143,2.6387214431145766e-05,3.700738931739031e-06,10.6659287958875,0.024529611887529446,0.000775552867879948,309.1473760575555,82.3795680252517,13.372778548047021,10.068121898750434,0.0545961086193163,-0.14003130493624028
241.2551724138,17.884202262,0.9600000000000001,0.004354000000000001,0.019941000000000004,0.0026300000000000004,0.013075000000000002,0.02444300185018826,0.001034070123903012,0.9668649376152804,0.0012430862550076274,0.016706554760792598,0.0017814092219033773,0.013404012147015965,0.7618481626728362,0.0941484466333486,0.11330110067396121,0.02712400580778101,0.003578284212072895,0.023633081459012453,3.0384759631095032e-05,0.0004083583489283249,4.3542988906926674e-05,0.00032763429370945713,0.0007878044239703817,9.735609587542291e-05,0.0001171612832122707,2.8048124046398123e-05,3.70019679853841e-06,10.6659287958875,0.024529611887529446,0.000775552867879948,309.1473760575555,82.3795680252517,13.372778548047021,10.039250259718337,0.05225007784038205,-0.14982196705241435
241.2551724138,18.2234805045,0.9600000000000001,0.004354000000000001,0.019941000000000004,0.0026300000000000004,0.013075000000000002,0.024440125814040318,0.001052770459791109,0.9662156464597778,0.001401541765358163,0.017148030642208736,0.0018770764197014603,0.013357704712953883,0.7498303850343293,0.10418545186785363,0.11437965546994032,0.028088600323219817,0.003515907304656727,0.023614431962971267,3.4253857078985676e-05,0.0004191000263586001,4.5875983860072036e-05,0.00032646398377139224,0.0007893992792179352,0.00010968336606646473,0.0001204155224798377,2.957084867716482e-05,3.7014433497063813e-06,10.6659287958875,0.024529611887529446,0.000775552867879948,309.1473760575555,82.3795680252517,13.372778548047021,10.013340451204224,0.049288038945011436,-0.15951611925279785
241.2551724138,18.562758747,0.9600000000000001,0.004354000000000001,0.019941000000000004,0.0026300000000000004,0.013075000000000002,0.02443783943905511,0.0010713858401860728,0.965620360639128,0.0015663141908841465,0.017530361358041112,0.001964187810931375,0.013318776001015314,0.7382582293236435,0.11433740268403124,0.11504864793409061,0.028898487597422657,0.003457232460811924,0.023597675332381503,3.827733470794029e-05,0.0004284041561764248,4.8000506351690084e-05,0.00032548210943755275,0.0007909594132981942,0.00012249947423932414,0.00012326149232913736,3.096143041467148e-05,3.7040299047455475e-06,10.6659287958875,0.024529611887529446,0.000775552867879948,309.1473760575555,82.3795680252517,13.372778548047021,9.989972813661915,0.04580500417531219,-0.16911893187175409
241.2551724138,18.9020369894,0.9600000000000001,0.004354000000000001,0.019941000000000004,0.0026300000000000004,0.013075000000000002,0.024436055880941845,0.0010899273554358148,0.9650719964938149,0.0017365755224200492,0.01786245002070366,0.0020433140701037475,0.013285663892957508,0.7271038516318774,0.12454100726945846,0.11538394538828446,0.029569469209260534,0.0034017265011190593,0.023582553235454974,4.24350565073321e-05,0.00043648782687644546,4.99305367993699e-05,0.00032464922530372103,0.0007924903781363271,0.00013574065069651343,0.00012576011845680336,3.2228573376890086e-05,3.7076347692806234e-06,10.6659287958875,0.024529611887529446,0.000775552867879948,309.1473760575555,82.3795680252517,13.372778548047021,9.96877633468073,0.04188383421130659,-0.17863638216659083
241.2551724138,19.2413152319,0.9600000000000001,0.004354000000000001,0.019941000000000004,0.0026300000000000004,0.013075000000000002,0.024434700083493695,0.0011084049844606431,0.9645641533191347,0.0019115827939258367,0.01815196725096527,0.0021151107580392233,0.013257185877935018,0.7163419612399842,0.13474282453199013,0.11544879310583926,0.03011744270899743,0.0033489784131892383,0.023568835797642084,4.6708952254344754e-05,0.00044353787570273594,5.168209701605942e-05,0.0003239353608784702,0.0007939970004167112,0.0001493496183315637,0.00012796401772847778,3.3382323617860604e-05,3.712024366030047e-06,10.6659287958875,0.024529611887529446,0.000775552867879948,309.1473760575555,82.3795680252517,13.372778548047021,9.949429599539346,0.0375953718359483,-0.18807471269300535
241.2551724138,19.5805934744,0.9600000000000001,0.004354000000000001,0.019941000000000004,0.0026300000000000004,0.013075000000000002,0.02443370807309763,0.0011268275085186744,0.9640911974255096,0.002090682914525956,0.018405425196419505,0.002180257535375779,0.013232436928169092,0.705949601104669,0.14489882064494053,0.11529533048299918,0.030557582234367178,0.0032986655330239727,0.023556322873738038,5.108313600694013e-05,0.0004497127862105498,5.327177614354311e-05,0.00032331750099856034,0.0007954834301525262,0.0001632759770546326,0.00012991794999199515,3.443312425550647e-05,3.7170270640138283e-06,10.6659287958875,0.024529611887529446,0.000775552867879948,309.1473760575555,82.3795680252517,13.372778548047021,9.931658068203642,0.03299937607492254,-0.19744006272751768
241.2551724138,19.9198717169,0.9600000000000001,0.004354000000000001,0.019941000000000004,0.0026300000000000004,0.013075000000000002,0.02443302581657538,0.001145202538011339,0.9636482537320021,0.0022733098176295255,0.018628300586870945,0.0022394184828125633,0.013210717380684928,0.695905903120795,0.15497345658505834,0.11496623438629819,0.03090387583667878,0.0032505300711697343,0.02354484266153179,5.554383746321647e-05,0.00045514574915794413,5.471576960467543e-05,0.0003227777988177559,0.0007969532064710074,0.00017747599580559886,0.00013165962340479516,3.539119704255183e-05,3.722515287385758e-06,10.6659287958875,0.024529611887529446,0.000775552867879948,309.1473760575555,82.3795680252517,13.372778548047021,9.915229408453733,0.02814582734249349,-0.2067382418532997
241.2551724138,20.2591499594,0.9600000000000001,0.004354000000000001,0.019941000000000004,0.0026300000000000004,0.013075000000000002,0.024432607923157126,0.0011635366021998555,0.9632311485664771,0.0024589773808472277,0.01882517422690905,0.002293218648301056,0.013191481177465533,0.6861918476087231,0.1649385820502204,0.11449629110928734,0.031168916664257074,0.003204362567512275,0.023534248992297047,6.007923023815213e-05,0.0004599481009711914,5.602931211601206e-05,0.0003223022875347225,0.0007984093308238947,0.00019191207733037553,0.0001332206255217857,3.626617538978013e-05,3.7283931340196376e-06,10.6659287958875,0.024529611887529446,0.000775552867879948,309.1473760575555,82.3795680252517,13.372778548047021,9.89994809987538,0.02307632613758237,-0.21597460811588043
241.2551724138,20.5984282019,0.9600000000000001,0.004354000000000001,0.019941000000000004,0.0026300000000000004,0.013075000000000002,0.024432416362163617,0.0011818352673398091,0.9628363313470787,0.0026472704937166133,0.018999867849839442,0.002342232058528073,0.013174298250837144,0.6767900419235382,0.17477230899630813,0.11391379942835389,0.03136385957672174,0.003159990075077909,0.023524418136089954,6.467921492575475e-05,0.00046421268213336366,5.722638887076546e-05,0.00032187994014377697,0.0007998543401296254,0.00020655207852624755,0.00013462734560110203,3.706691536766317e-05,3.734587715170844e-06,10.6659287958875,0.024529611887529446,0.000775552867879948,309.1473760575555,82.3795680252517,13.372778548047021,9.885650055685911,0.017825424530016676,-0.2251540202214528
241.2551724138,20.9377064444,0.9600000000000001,0.004354000000000001,0.019941000000000004,0.0026300000000000004,0.013075000000000002,0.024432419287087843,0.0012001032617230247,0.9624607913796025,0.002837835751549259,0.01915556866893596,0.0023869772936346207,0.013158826906277671,0.6676845240775467,0.18445796067547957,0.1132417711452076,0.031498476482810914,0.003117267618955124,0.02351524560236883,6.933519294973955e-05,0.0004680168854020466,5.831963006683925e-05,0.000321501976300389,0.0008012903751474492,0.00022136860025742045,0.00013590181891465593,3.780142436632736e-05,3.741043037171611e-06,10.6659287958875,0.024529611887529446,0.000775552867879948,309.1473760575555,82.3795680252517,13.372778548047021,9.872197662415068,0.012421818520799377,-0.23428083367657848
241.2551724138,21.2769846869,0.9600000000000001,0.004354000000000001,0.019941000000000004,0.0026300000000000004,0.013075000000000002,0.024432590004319008,0.0012183445990076789,0.9621019784892753,0.0030303726025268343,0.019294937814681067,0.0024279177301788223,0.013144793363338186,0.6588606001816747,0.19398313373848244,0.11249893040934308,0.031581263658678665,0.0030760720118212376,0.023506643182772607,7.40398513578593e-05,0.0004714253047849335,5.9320318465675985e-05,0.0003211613469379354,0.0008027192537303011,0.00023633830328886435,0.00013706246425836387,3.847686200838864e-05,3.7477157217610895e-06,10.6659287958875,0.024529611887529446,0.000775552867879948,309.1473760575555,82.3795680252517,13.372778548047021,9.859475400986453,0.006887020151060241,-0.2433612770573994
241.2551724138,21.6162629294,0.9600000000000001,0.004354000000000001,0.019941000000000004,0.0026300000000000004,0.013075000000000002,0.024432906092503873,0.0012365626731492075,0.9617577314249348,0.00322462535759904,0.019420202289963925,0.002465464467649694,0.01313197645985249,0.6503046664220491,0.20333892548473842,0.11170053632520019,0.03161957477450936,0.0030362969935029674,0.023498536335644995,7.878696854572407e-05,0.00047449197884811726,6.0238461812490025e-05,0.0003208523476525473,0.0008041424766722527,0.00025144132525269563,0.0001381247137904897,3.909958590700854e-05,3.754571526760931e-06,10.6659287958875,0.024529611887529446,0.000775552867879948,309.1473760575555,82.3795680252517,13.372778548047021,9.84738614438834,0.0012455333836314253,-0.25239417647994955
241.2551724138,21.9555411719,0.9600000000000001,0.004354000000000001,0.019941000000000004,0.0026300000000000004,0.013075000000000002,0.024433348666510726,0.0012547603738923814,0.9614262157190934,0.0034203761871925654,0.019533231369477485,0.0024999805725522974,0.013120196151684261,0.6420041307640081,0.21251922488045846,0.11085904162178563,0.03161975259863249,0.002997850135115318,0.023490861945788564,8.35712439523065e-05,0.0004772622526340682,6.10828969886734e-05,0.0003205703271471138,0.0008055613431579001,0.00026666070207032315,0.0001391015325147028,3.9675212593044706e-05,3.7615835564106227e-06,10.6659287958875,0.024529611887529446,0.000775552867879948,309.1473760575555,82.3795680252517,13.372778548047021,9.835847960432403,-0.004488160525379925,-0.2613847226972137
241.2551724138,22.2948194144,0.9600000000000001,0.004354000000000001,0.019941000000000004,0.0026300000000000004,0.013075000000000002,0.024433901765597652,0.0012729401519411439,0.9611058705104778,0.0036174391287922287,0.0196355997167428,0.002531785881668082,0.01310930476231908,0.6339472681664703,0.22152018893763178,0.1099846314335931,0.031587261526856064,0.0029606499354487507,0.02348356642639223,8.838815231593848e-05,0.0004797743145874907,6.186140752420496e-05,0.00032031146477778585,0.0008069769318624998,0.0002819819429642999,0.00014000385344826872,4.0208693487400804e-05,3.7687301786746706e-06,10.6659287958875,0.024529611887529446,0.000775552867879948,309.1473760575555,82.3795680252517,13.372778548047021,9.824791546798021,-0.010297781761803293,-0.27033327950957364
241.2551724138,22.6340976569,0.9600000000000001,0.004354000000000001,0.019941000000000004,0.0026300000000000004,0.013075000000000002,0.024434551851207978,0.0012911041060234849,0.9607953639437177,0.0038156550061231604,0.019728638934438464,0.002561161812620745,0.01309918030310011,0.6261231679502485,0.23033975472925483,0.10908564928973188,0.031526803919484044,0.0029246241112809244,0.02347660413868301,9.323382009343765e-05,0.00048206045099729715,6.258084110981541e-05,0.00032007260032442187,0.0008083901930169979,0.0002973926031113833,0.00014084092970621069,4.070438599024315e-05,3.7759941986500866e-06,10.6659287958875,0.024529611887529446,0.000775552867879948,309.1473760575555,82.3795680252517,13.372778548047021,9.814158029300545,-0.016176435874777795,-0.2792470832073235
241.2551724138,22.9733758994,0.9600000000000001,0.004354000000000001,0.019941000000000004,0.0026300000000000004,0.013075000000000002,0.0244352873940675,0.0013092540188340085,0.9604935558345972,0.004014887171434119,0.019813479728677592,0.0025883559518557727,0.01308972131343539,0.6185216077288731,0.2389773098261595,0.10816894541310419,0.03144242933651043,0.002889707695352671,0.023469936076968203,9.810492188874745e-05,0.00048414807144676756,6.324722156174095e-05,0.0003198511022020445,0.0008098019006546992,0.00031288200330003934,0.00014162062649514316,4.116612697073061e-05,3.7833614133960452e-06,10.6659287958875,0.024529611887529446,0.000775552867879948,309.1473760575555,82.3795680252517,13.372778548047021,9.803897254471192,-0.022111743599662503,-0.2881257998385838
241.2551724138,23.3126541419,0.9600000000000001,0.004354000000000001,0.019941000000000004,0.0026300000000000004,0.013075000000000002,0.024436098537008618,0.0013273914205100604,0.9601994667519776,0.004215017941706627,0.019891086196484123,0.0026135862460866088,0.013080842863745062,0.6111330180241011,0.247433364078966,0.10724015045430776,0.03133762537559988,0.0028558420670251917,0.023463528784734455,0.0001029985937588024,0.000486060542305418,6.386585104434283e-05,0.0003196447651656003,0.000811212724915612,0.00032844092462636163,0.0001423496556472562,4.1597295062729636e-05,3.7908202581009564e-06,10.6659287958875,0.024529611887529446,0.000775552867879948,309.1473760575555,82.3795680252517,13.372778548047021,9.793966297628785,-0.02809526355082248,-0.29697129496875085
244.6931034483,15.1374711339,0.9600000000000001,0.004354000000000001,0.019941000000000004,0.0026300000000000004,0.013075000000000002,0.024303736974723635,0.0008751816922558476,0.965977809506013,5.63342851744574e-05,0.0027394125316519595,0.00016430154482710983,0.03106214213233347,0.9591390001094978,0.004973004286797292,0.02241859064784736,0.0029851411428851527,0.010484263812972348,0.02347687060565383,1.3691336495390858e-06,6.657796163453101e-05,3.993141530018842e-06,0.0007549261322557138,0.000839420893224412,4.352282307314839e-06,1.9620340101174174e-05,2.612540877052783e-06,9.175635745893886e-06,9.950841422696037,0.0242126055849758,0.0008705903601038185,309.1473760575555,82.3795680252517,15.006074663060904,10.175296797392601,0.0042523906728586525,-0.025956399421227516
244.6931034483,15.469252308,0.9600000000000001,0.004354000000000001,0.019941000000000004,0.0026300000000000004,0.013075000000000002,0.02425971991020775,0.0008958567625922426,0.9741560691357518,8.5390389743261e-05,0.003901977354858789,0.00024225164707400066,0.021614311472572173,0.9502613717968933,0.0072905780528375,0.030975000808017787,0.004272644806883533,0.007200404535367978,0.023632753386062313,2.0715469381949885e-06,9.466087772484753e-05,5.876957105801754e-06,0.0005243571423765909,0.0008512980761544283,6.531313651841058e-06,2.7749163945162914e-05,3.82767774440124e-06,6.450531096409257e-06,9.950841422696037,0.0242126055849758,0.0008705903601038185,309.1473760575555,82.3795680252517,15.006074663060904,10.023585549852259,0.013083217791509227,-0.029492814435799986
244.6931034483,15.801033482,0.9600000000000001,0.004354000000000001,0.019941000000000004,0.0026300000000000004,0.013075000000000002,0.024234027220120493,0.0009159108516804736,0.9762344869235136,0.0001276884190989987,0.005356137959610085,0.00034887595169735375,0.017932810746080028,0.9359917811991547,0.010604041262952222,0.04150968650641918,0.006003418915025831,0.005891072116448124,0.023658093129324792,3.094404624139288e-06,0.00012980079310791144,8.454669309879114e-06,0.0004345842237537727,0.0008572850294840412,9.712356464405454e-06,3.801917232108385e-05,5.4985965314559735e-06,5.3956968794870915e-06,9.950841422696037,0.0242126055849758,0.0008705903601038185,309.1473760575555,82.3795680252517,15.006074663060904,9.922568004779041,0.021212506182703095,-0.03700242973477863
244.6931034483,16.1328146561,0.9600000000000001,0.004354000000000001,0.019941000000000004,0.0026300000000000004,0.013075000000000002,0.02421541695650213,0.0009356916226560172,0.9762348797102177,0.0001796379338058349,0.006844195952483506,0.0004697930094120784,0.01627149339408081,0.9203609712180801,0.01454610865996654,0.05191811358858656,0.007904354267061634,0.005270452266305287,0.023639934659663624,4.350007468312821e-06,0.00016573505872139236,1.137623360616341e-05,0.0003940209970426369,0.0008611740505883134,1.3610672015374836e-05,4.857934394894398e-05,7.396038070194914e-06,4.931518033190277e-06,9.950841422696037,0.0242126055849758,0.0008705903601038185,309.1473760575555,82.3795680252517,15.006074663060904,9.841777849485771,0.028459375342517745,-0.0458480681087039
244.6931034483,16.4645958301,0.9600000000000001,0.004354000000000001,0.019941000000000004,0.0026300000000000004,0.013075000000000002,0.024200073070851473,0.0009553092786013699,0.9755188966610137,0.00024052113094713142,0.008275147060176433,0.0005991777991705451,0.015366257348692347,0.9046848412624795,0.019015978977971703,0.061522468146252,0.00986861076340368,0.004908100849893148,0.023607628581192936,5.820628944004416e-06,0.00020025916352831144,1.450014652235916e-05,0.0003718645506638632,0.0008642538230680542,1.8166141159344964e-05,5.877298466257176e-05,9.427575429184885e-06,4.688754282214194e-06,9.950841422696037,0.0242126055849758,0.0008705903601038185,309.1473760575555,82.3795680252517,15.006074663060904,9.771118700166634,0.034738489967105934,-0.055143008150514206
244.6931034483,16.7963770041,0.9600000000000001,0.004354000000000001,0.019941000000000004,0.0026300000000000004,0.013075000000000002,0.024186789785652273,0.0009747889536172082,0.9745343180517843,0.00031065452535159686,0.009615383910741493,0.0007340168069612069,0.014805626705161442,0.8893633673664819,0.024004616415957362,0.07012338542826979,0.011844458346710315,0.004664172442580639,0.0235708566896225,7.513735700640658e-06,0.00023256526935744754,1.7753510209106417e-05,0.0003581005807625793,0.0008669415862606496,2.3399434918093534e-05,6.83555015057193e-05,1.1545847157952357e-05,4.546583774793399e-06,9.950841422696037,0.0242126055849758,0.0008705903601038185,309.1473760575555,82.3795680252517,15.006074663060904,9.707448181802482,0.03999842182705571,-0.06459852125151677
244.6931034483,17.1281581782,0.9600000000000001,0.004354000000000001,0.019941000000000004,0.0026300000000000004,0.013075000000000002,0.024175117999148815,0.0009941320665326362,0.973459834694282,0.0003905690573689592,0.010849745949558868,0.0008718864483150259,0.014427963850475118,0.8745303071143657,0.029521710683995492,0.07767028934755615,0.013793987428792254,0.0044837054252903725,0.023533506371166166,9.442053048710912e-06,0.00026229388859137255,2.1077957769874517e-05,0.00034879772857268946,0.0008693986214570253,2.9348479249859044e-05,7.72145252572738e-05,1.3713045228310449e-05,4.45739534016751e-06,9.950841422696037,0.0242126055849758,0.0008705903601038185,309.1473760575555,82.3795680252517,15.006074663060904,9.649606680943457,0.044210308309095225,-0.07410067827826339
244.6931034483,17.4599393522,0.9600000000000001,0.004354000000000001,0.019941000000000004,0.0026300000000000004,0.013075000000000002,0.02416485540117939,0.0010133341116254889,0.97237876432883,0.0004807278879437496,0.011971470758529746,0.0010104441845917697,0.014158592840104739,0.8602273383448904,0.035572517266245246,0.08417529055094293,0.015683596474565343,0.004341257363356084,0.02349739223518367,1.1616719899475078e-05,0.0002892888598193187,2.441723761162273e-05,0.00034214034866530485,0.0008716977056976783,3.604684518227299e-05,8.529769327125717e-05,1.5892723300646322e-05,4.39914417363405e-06,9.950841422696037,0.0242126055849758,0.0008705903601038185,309.1473760575555,82.3795680252517,15.006074663060904,9.597059141472224,0.04737125305396539,-0.08359366024746251
244.6931034483,17.7917205263,0.9600000000000001,0.004354000000000001,0.019941000000000004,0.0026300000000000004,0.013075000000000002,0.024155883281618155,0.001032390948457233,0.9713334789198355,0.0005813978862403717,0.012979182680895918,0.0011474024976057676,0.013958538015422475,0.8464585920474835,0.04214879881426614,0.08968609291545639,0.017483004010455185,0.004223512212338726,0.023463418144315653,1.4044179480201929e-05,0.00031352362193052164,2.7716520809202077e-05,0.00033718081508257524,0.0008738761886736756,4.351403838419332e-05,9.259111052841156e-05,1.804929509223544e-05,4.360315778717084e-06,9.950841422696037,0.0242126055849758,0.0008705903601038185,309.1473760575555,82.3795680252517,15.006074663060904,9.54946039688228,0.04950392439210205,-0.09304599926570667
244.6931034483,18.1235017003,0.9600000000000001,0.004354000000000001,0.019941000000000004,0.0026300000000000004,0.013075000000000002,0.024148106494047968,0.0010513013580192017,0.9703456684085584,0.0006925890085769324,0.013875615369341452,0.0012806517671088125,0.01380547544641436,0.8332109956165222,0.049225596102695716,0.09427395251255793,0.019166632748962936,0.004122823019261239,0.023432010536768026,1.6724713135722866e-05,0.00033506983760930615,3.092531525393432e-05,0.00033337609128097836,0.000875955851208181,5.1750936032068726e-05,9.911033430228989e-05,2.014990703764004e-05,4.334329439022166e-06,9.950841422696037,0.0242126055849758,0.0008705903601038185,309.1473760575555,82.3795680252517,15.006074663060904,9.506496675396916,0.05065590611375903,-0.1024375482731088
244.6931034483,18.4552828743,0.9600000000000001,0.004354000000000001,0.019941000000000004,0.0026300000000000004,0.013075000000000002,0.024141431064682427,0.0010700678885409375,0.9694252185546054,0.0008140433367496711,0.014666675845804947,0.001408406745176688,0.013685655517663322,0.8204631583089353,0.05676173671734473,0.09802539987544544,0.02071523204227065,0.004034473056003883,0.023403312086100702,1.965217109780625e-05,0.000354074543879543,3.4000954349716766e-05,0.0003303913092546598,0.0008779512794372714,6.0738911759045684e-05,0.00010489383266809898,2.2166704612108126e-05,4.317160064413379e-06,9.950841422696037,0.0242126055849758,0.0008705903601038185,309.1473760575555,82.3795680252517,15.006074663060904,9.46783015622982,0.05089505855909948,-0.11175534028002687
244.6931034483,18.7870640484,0.9600000000000001,0.004354000000000001,0.019941000000000004,0.0026300000000000004,0.013075000000000002,0.024135757991860036,0.0010886967009086244,0.968574802639326,0.0009452644189390162,0.015360510344859869,0.0015293128349942204,0.013590109761880813,0.8081898641116686,0.06470298219056023,0.10103496638388057,0.02211680046858807,0.003955386845302561,0.02337728703351637,2.2814673253828293e-05,0.00037073756031500034,3.6911124479265884e-05,0.00032800760029556993,0.0008798736387661631,7.04419232498124e-05,0.00010999643457854455,2.4078487704806152e-05,4.30621660929827e-06,9.950841422696037,0.0242126055849758,0.0008705903601038185,309.1473760575555,82.3795680252517,15.006074663060904,9.433089241836331,0.05030060467245434,-0.12099443023575596
244.6931034483,19.1188452224,0.9600000000000001,0.004354000000000001,0.019941000000000004,0.0026300000000000004,0.013075000000000002,0.024130984312199323,0.001107196805519437,0.9677926469175833,0.001085573923369528,0.015966574725801236,0.001642485405448835,0.01351271902779705,0.7963645554423175,0.07298669434761075,0.10339875876709322,0.02336652141507424,0.003883470027904259,0.02335378918023006,2.6195967314562752e-05,0.0003852891642278678,3.9634789551902184e-05,0.0003260752108749279,0.0008817322918146405,8.081063482709816e-05,0.00011448277540160048,2.587133786687171e-05,4.299765609226074e-06,9.950841422696037,0.0242126055849758,0.0008705903601038185,309.1473760575555,82.3795680252517,15.006074663060904,9.401879616038192,0.04896738983751625,-0.13014576387288912
244.6931034483,19.4506263964,0.9600000000000001,0.004354000000000001,0.019941000000000004,0.0026300000000000004,0.013075000000000002,0.024127006938772524,0.0011255790866965584,0.967074376329642,0.0012341793647113802,0.016494799481585606,0.0017474836928604938,0.01344916113120056,0.7849609099701738,0.08154675023143038,0.10520926602029256,0.024465826105394647,0.0038172476727088064,0.023332610188014385,2.9777054096081337e-05,0.00039797014154587733,4.216155118303697e-05,0.00032448800393314564,0.0008835355841367276,9.178731664856576e-05,0.00011842134955913615,2.7538222202986923e-05,4.2966141491421415e-06,9.950841422696037,0.0242126055849758,0.0008705903601038185,309.1473760575555,82.3795680252517,15.006074663060904,9.37380248444003,0.04698436393013772,-0.13921056761677342
244.6931034483,19.7824075705,0.9600000000000001,0.004354000000000001,0.019941000000000004,0.0026300000000000004,0.013075000000000002,0.024123726730713866,0.001143855304081381,0.9664142831738319,0.0013902391635189787,0.016954936208847023,0.0018442400778751011,0.013396301375926897,0.7739536964969975,0.09031789232451763,0.10655178959447939,0.02542096899690027,0.003755652587104997,0.023313514075944248,3.353774967106807e-05,0.00040901624783891134,4.44899436644894e-05,0.0003231687135951466,0.000885291040851482,0.00010331060018885055,0.00012187982968700855,2.9077910221992718e-05,4.2959231320470115e-06,9.950841422696037,0.0242126055849758,0.0008705903601038185,309.1473760575555,82.3795680252517,15.006074663060904,9.348472182546262,0.044438894777862004,-0.14819036611665837
244.6931034483,20.1141887445,0.9600000000000001,0.004354000000000001,0.019941000000000004,0.0026300000000000004,0.013075000000000002,0.02412105166154811,0.0011620372804709278,0.9658061833889182,0.001552915622537111,0.01735611169655852,0.0019329691494507902,0.013351820142535166,0.7633192655957669,0.09923893483328501,0.10750243163581469,0.026241472529455134,0.003697895405678239,0.023296260844566704,3.74579579572428e-05,0.00041864766687628745,4.662524871408122e-05,0.0003220599434337894,0.0008870054435239709,0.00011531934195050215,0.00012492183330209395,3.0493569373680603e-05,4.297092320680279e-06,9.950841422696037,0.0242126055849758,0.0008705903601038185,309.1473760575555,82.3795680252517,15.006074663060904,9.325529440973247,0.04141141010022409,-0.15708837336178938
244.6931034483,20.4459699186,0.9600000000000001,0.004354000000000001,0.019941000000000004,0.0026300000000000004,0.013075000000000002,0.024118898717728904,0.001180136319231371,0.9652439609920007,0.0017214124363527318,0.017706575494895155,0.0020140772315763336,0.013313973845175077,0.7530357535391677,0.10825475406425572,0.10812738900595777,0.026938722326372486,0.003643381064246284,0.023280621333065535,4.151857220383049e-05,0.0004270631009991968,4.857732475807341e-05,0.00032111838670226934,0.0008886848424313352,0.00012775536700068804,0.0001276050588695896,3.179136461104118e-05,4.299686318716885e-06,9.950841422696037,0.0242126055849758,0.0008705903601038185,309.1473760575555,82.3795680252517,15.006074663060904,9.304649331076382,0.03797370390918964,-0.16590885651107357
244.6931034483,20.7777510926,0.9600000000000001,0.004354000000000001,0.019941000000000004,0.0026300000000000004,0.013075000000000002,0.024117194643679004,0.0011981628468337785,0.9647218838158346,0.001894997399292028,0.018013599013553608,0.0020880846651686884,0.013281435106151141,0.7430831074559328,0.11731722055079637,0.10848316854389717,0.027524850241631822,0.0035916532077419675,0.023266385449003165,4.570202112799134e-05,0.00043443747364305644,5.035874430235456e-05,0.00032031095560243857,0.0008903345714634909,0.00014056513495776842,0.00012998050205610443,3.2979252924186996e-05,4.303385432227788e-06,9.950841422696037,0.0242126055849758,0.0008705903601038185,309.1473760575555,82.3795680252517,15.006074663060904,9.28554451525514,0.03418843544385908,-0.17465662406259597
244.6931034483,21.1095322666,0.9600000000000001,0.004354000000000001,0.019941000000000004,0.0026300000000000004,0.013075000000000002,0.024115875832835327,0.0012161262375511084,0.9642347604175348,0.002073013188626825,0.01828347833859512,0.002155565683301703,0.013253182371941492,0.7334430049453817,0.1263853469456547,0.10861735705928034,0.028011934878036705,0.0035423561716466526,0.023253365755932988,4.999252865675455e-05,0.00044092209340589424,5.1983354368024704e-05,0.000319612100471663,0.0008919592820624061,0.00015370053646261052,0.00013209241777324793,3.4066048969753446e-05,4.307952283090592e-06,9.950841422696037,0.0242126055849758,0.0008705903601038185,309.1473760575555,82.3795680252517,15.006074663060904,9.267965051560006,0.030109421246123702,-0.18333664834983487
244.6931034483,21.4413134407,0.9600000000000001,0.004354000000000001,0.019941000000000004,0.0026300000000000004,0.013075000000000002,0.024114887682742545,0.0012340347678072583,0.9637779938930227,0.002254879682271257,0.018521598937661074,0.0022171057085008496,0.013228421778544048,0.7240987194507379,0.1354249294405417,0.10856965788034163,0.028411484791707402,0.003495208436671346,0.023241398073829172,5.437617027606955e-05,0.0004466462780865004,5.346525514126532e-05,0.00031900190540953507,0.0008935629951269244,0.00016711907135747323,0.00013397873255328085,3.5060760037994095e-05,4.3132087315856946e-06,9.950841422696037,0.0242126055849758,0.0008705903601038185,309.1473760575555,82.3795680252517,15.006074663060904,9.25169603269557,0.025782378509290993,-0.1919538098069271
244.6931034483,21.7730946147,0.9600000000000001,0.004354000000000001,0.019941000000000004,0.0026300000000000004,0.013075000000000002,0.02411418367379293,0.0012518956528959505,0.9633475738415009,0.0024400909188763606,0.018732531032615678,0.0022732733848509945,0.013206530822156073,0.7150349647887208,0.14440790997990133,0.10837299796731374,0.028734143471738006,0.0034499837923262044,0.02323034033731675,5.884080059853872e-05,0.00045171969399552034,5.481813194304184e-05,0.0003184647099390791,0.0008951491640876085,0.00018078363474762822,0.00013567168504658174,3.597214930195737e-05,4.319019712174661e-06,9.950841422696037,0.0242126055849758,0.0008705903601038185,309.1473760575555,82.3795680252517,15.006074663060904,9.23655409435006,0.02124587195616634,-0.20051273776181588
244.6931034483,22.1048757888,0.9600000000000001,0.004354000000000001,0.019941000000000004,0.0026300000000000004,0.013075000000000002,0.02411372435337537,0.0012697151296744752,0.962940034881161,0.002628209092995593,0.018920134945749824,0.0023246038967614305,0.013187017183332173,0.7062377387948161,0.15331162146735025,0.10805458879170142,0.028989553152807594,0.0034064977933245077,0.02322007056995398,6.337590961153042e-05,0.0004562349188104759,5.605485759728739e-05,0.0003179880974020965,0.000896720742094868,0.00019466208533202068,0.00013719854621957727,3.6808474240622186e-05,4.325281787386841e-06,9.950841422696037,0.0242126055849758,0.0008705903601038185,309.1473760575555,82.3795680252517,15.006074663060904,9.222383516724712,0.016532301752258505,-0.20901772380066497
244.6931034483,22.4366569628,0.9600000000000001,0.004354000000000001,0.019941000000000004,0.0026300000000000004,0.013075000000000002,0.02411347633799282,0.00128749856005498,0.9625524000096796,0.0028188572407410227,0.019087664124400505,0.0023715903287129265,0.013169488296466154,0.6976941767847439,0.1621180196259617,0.10763688171109353,0.029186323968300572,0.0033645979099004167,0.023210484521711608,6.797244737478838e-05,0.000460269937211286,5.7187287274831764e-05,0.00031756214442031,0.0008982802479691024,0.0002087267168273907,0.00013858233021184113,3.757735008248514e-05,4.331914964160782e-06,9.950841422696037,0.0242126055849758,0.0008705903601038185,309.1473760575555,82.3795680252517,15.006074663060904,9.209052369267965,0.011668840375198997,-0.21747268519186136
244.6931034483,22.7684381368,0.9600000000000001,0.004354000000000001,0.019941000000000004,0.0026300000000000004,0.013075000000000002,0.024113411394601672,0.0013052505433741367,0.9621821198521026,0.003011711661621608,0.01923785941820123,0.0024146804129516032,0.013153628655122963,0.6893924274667003,0.17081295436877014,0.10713839468337485,0.02933206712701668,0.0033241563541379707,0.023201493292523682,7.262264229860121e-05,0.00046389041850259863,5.822618218398866e-05,0.0003171788590928011,0.0008998298405489256,0.00022295370150517883,0.00013984244787670775,3.828569655582517e-05,4.338856887499175e-06,9.950841422696037,0.0242126055849758,0.0008705903601038185,309.1473760575555,82.3795680252517,15.006074663060904,9.196448935220097,0.00667611101471266,-0.22588332272478162
244.6931034483,23.1002193109,0.9600000000000001,0.004354000000000001,0.019941000000000004,0.0026300000000000004,0.013075000000000002,0.024113505626592997,0.001322975004659742,0.9618270138054885,0.003206494687120155,0.01937303207361811,0.0024542767006672976,0.013139182733106033,0.6813215059904146,0.17938554683380506,0.10657441562848285,0.029433467096594848,0.003285064450702713,0.023193021109207786,7.731982767951241e-05,0.0004671517179113569,5.9181215030756975e-05,0.0003168317567635859,0.0009013713225624513,0.00023732259465834363,0.0001409952880127014,3.893974126926993e-05,4.346058156975974e-06,9.950841422696037,0.0242126055849758,0.0008705903601038185,309.1473760575555,82.3795680252517,15.006074663060904,9.184478584296134,0.001577461563059046,-0.23424859332073922
244.6931034483,23.4320004849,0.9600000000000001,0.004354000000000001,0.019941000000000004,0.0026300000000000004,0.013075000000000002,0.024113738773990326,0.0013406753127240866,0.9614852164702734,0.0034029680814493253,0.01949513467874712,0.002490738702411922,0.013125942067118186,0.6734712390819312,0.18782758965504043,0.10595757777967127,0.02949636449325647,0.0032472289901006573,0.023185003345017715,8.205828337229607e-05,0.00047010058500706784,6.006102242422872e-05,0.00031651553816901853,0.0009029062640668462,0.0002518158124989827,0.0001420547087252475,3.9545047691220264e-05,4.353479741789918e-06,9.950841422696037,0.0242126055849758,0.0008705903601038185,309.1473760575555,82.3795680252517,15.006074663060904,9.1730609797372,-0.00361297618303702,-0.24257329271675232
244.6931034483,23.7637816589,0.9600000000000001,0.004354000000000001,0.019941000000000004,0.0026300000000000004,0.013075000000000002,0.02411409361775695,0.0013583543493192849,0.9611551301079886,0.0036009272202991846,0.019605821171978084,0.0025243861271450545,0.01311373537258897,0.6658321487185966,0.19613309045140145,0.10529834195856441,0.029525849937927957,0.0032105689335095323,0.023177384788611397,8.683309610102384e-05,0.00047277660719408077,6.087328339734274e-05,0.0003162258424531012,0.0009044359951285106,0.00026641823646009384,0.00014303246077552531,4.0106566680532975e-05,4.361090274622051e-06,9.950841422696037,0.0242126055849758,0.0008705903601038185,309.1473760575555,82.3795680252517,15.006074663060904,9.162127787975097,-0.008881598979634475,-0.25085991826035503
244.6931034483,24.095562833,0.9600000000000001,0.004354000000000001,0.019941000000000004,0.0026300000000000004,0.013075000000000002,0.024114555481110383,0.001376014582027697,0.9608353836294277,0.0038001960380818884,0.019706496819593435,0.0025555025571063882,0.013102420955790547,0.6583953784570601,0.20429786825333476,0.10460538709792247,0.02952635309855938,0.0031750130931231784,0.02317011816674581,9.164003819942157e-05,0.0004752134108944112,6.162480819546146e-05,0.0003159590570752745,0.0009059616414965588,0.00028111684579376194,0.00014393853800539322,4.062869241771638e-05,4.368864314266355e-06,9.950841422696037,0.0242126055849758,0.0008705903601038185,309.1473760575555,82.3795680252517,15.006074663060904,9.151620723899592,-0.014214994357921285,-0.2591087920371429
244.6931034483,24.427344007,0.9600000000000001,0.004354000000000001,0.019941000000000004,0.0026300000000000004,0.013075000000000002,0.02411511181415733,0.001393658142473779,0.9605247976236942,0.004000622701718582,0.019798359634545185,0.0025843391994574286,0.013091880840584528,0.6511526578338594,0.21231919349265835,0.10388592613402198,0.029501723979006873,0.00314049856045343,0.023163162894966227,9.64754637781998e-05,0.0004774396563239562,6.232162876062573e-05,0.0003157121703283199,0.0009074842035836008,0.00029590037281450906,0.00014478146684510928,4.111531784035686e-05,4.376781390203104e-06,9.950841422696037,0.0242126055849758,0.0008705903601038185,309.1473760575555,82.3795680252517,15.006074663060904,9.141489880245434,-0.019607645865168166,-0.2673261496263031
244.6931034483,24.7591251811,0.9600000000000001,0.004354000000000001,0.019941000000000004,0.0026300000000000004,0.013075000000000002,0.02411575184849759,0.0014112868549318166,0.9602223547184393,0.004202075942667803,0.019882434646664345,0.0026111185095818177,0.013082016182646731,0.6440962033861553,0.220195547438632,0.1031459690630464,0.02945531115461731,0.0031069689575489367,0.023156484025769912,0.00010133622068191832,0.00047947986008292816,6.296908602409399e-05,0.0003154826559387383,0.0009090045051503708,0.0003107590816146566,0.00014556855027788123,4.156989344043792e-05,4.384824448470024e-06,9.950841422696037,0.0242126055849758,0.0008705903601038185,309.1473760575555,82.3795680252517,15.006074663060904,9.131692431902735,-0.02504908354563362,-0.27551161253001233
248.1310344828,16.9497512483,0.9600000000000001,0.004354000000000001,0.019941000000000004,0.0026300000000000004,0.013075000000000002,0.02397781064100053,0.0009813576715131506,0.9665995491023484,6.700822311116384e-05,0.003013766000228886,0.00018514143585399295,0.03013453523845765,0.9590051629747753,0.005000234777609957,0.022492665099608018,0.0029985457571918414,0.010503391390814704,0.0231769409540526,1.606710485149402e-06,7.226351046977379e-05,4.439286290709989e-06,0.0007225601797022953,0.0009411270737060151,4.907018758374385e-06,2.2073349448276434e-05,2.9426458822034224e-06,1.0307583718281191e-05,9.24633466112728,0.02388511350074104,0.0009752760087590615,309.1473760575555,82.3795680252517,16.78332359533377,9.452049816587174,0.006033092681015262,-0.024937652668674204
248.1310344828,17.2738480504,0.9600000000000001,0.004354000000000001,0.019941000000000004,0.0026300000000000004,0.013075000000000002,0.023936340433577154,0.0010017502590508767,0.9736413962869777,9.694239133135424e-05,0.004108803563014063,0.00026079427247447995,0.021892063486202575,0.9514485613185959,0.0070226393634416386,0.029865794659918767,0.004115193823003797,0.007547810835039934,0.0233054119217485,2.320446081352354e-06,9.834972085899938e-05,6.242460489076231e-06,0.0005240158843992287,0.0009531138427744874,7.034930801548545e-06,2.9918067537333914e-05,4.122396478238621e-06,7.561021459268268e-06,9.24633466112728,0.02388511350074104,0.0009752760087590615,309.1473760575555,82.3795680252517,16.78332359533377,9.319876058858728,0.01299613356468221,-0.02881823331290434
248.1310344828,17.5979448524,0.9600000000000001,0.004354000000000001,0.019941000000000004,0.0026300000000000004,0.013075000000000002,0.02391064743382603,0.0010215198581460774,0.9757281295537272,0.00013947898105298614,0.005458919718085943,0.0003621297581609705,0.018311341988972857,0.9394704230204318,0.009855120358585639,0.03884413663530235,0.005590200483500797,0.006240119502179532,0.023330291297025702,3.335032740387253e-06,0.00013052630474871398,8.658756972683652e-06,0.0004378360423385447,0.0009596876932562669,1.0067201150714922e-05,3.9680056945500906e-05,5.710500804913868e-06,6.374405988681007e-06,9.24633466112728,0.02388511350074104,0.0009752760087590615,309.1473760575555,82.3795680252517,16.78332359533377,9.227824068548959,0.019590046569392783,-0.03574247244434581
248.1310344828,17.9220416545,0.9600000000000001,0.004354000000000001,0.019941000000000004,0.0026300000000000004,0.013075000000000002,0.023891810933690326,0.0010409858470828565,0.9758909440526257,0.00019154857703133565,0.006853327523763798,0.0004772085812535847,0.016586971265325687,0.9261135299602503,0.013230174062990086,0.04784966419183952,0.007220696542105546,0.005585935242814732,0.023315801927205896,4.576442387050089e-06,0.00016373840546442077,1.1401377199245244e-05,0.0003962927814337155,0.0009640710774805655,1.3772423954015372e-05,4.9810823211372285e-05,7.516642906411994e-06,5.814879530491476e-06,9.24633466112728,0.02388511350074104,0.0009752760087590615,309.1473760575555,82.3795680252517,16.78332359533377,9.153684775833282,0.025542064155249733,-0.04383458491057901
248.1310344828,18.2461384566,0.9600000000000001,0.004354000000000001,0.019941000000000004,0.0026300000000000004,0.013075000000000002,0.023876301462454695,0.0010602685558504838,0.9753224891842681,0.0002523316511704459,0.00820648403275253,0.0006005210433275975,0.01561817408848148,0.9125410280529287,0.017058265003048988,0.05628679586937165,0.008915988112869972,0.0051979229617806835,0.023287093774875294,6.024746571864526e-06,0.00019594048671282033,1.4338221465037536e-05,0.00037290423282968237,0.0009675385579679945,1.8086342000097597e-05,5.9679119769869656e-05,9.453341840412724e-06,5.511194272109274e-06,9.24633466112728,0.02388511350074104,0.0009752760087590615,309.1473760575555,82.3795680252517,16.78332359533377,9.088876415391443,0.030730271777930085,-0.05236167809468739
248.1310344828,18.5702352587,0.9600000000000001,0.004354000000000001,0.019941000000000004,0.0026300000000000004,0.013075000000000002,0.02386287579152344,0.001079401939604679,0.9744559847622865,0.00032200309142307247,0.009484388555486535,0.0007291674935550492,0.01500845609724888,0.8991531011178117,0.021325137713808204,0.0639540776060676,0.010630822165596906,0.004936861396715685,0.023253322128689097,7.683919775115345e-06,0.0002263247860581216,1.7400033329920607e-05,0.0003581449236711827,0.000970547601348128,2.3018395010621467e-05,6.903215541361753e-05,1.1474930065137714e-05,5.328857767174376e-06,9.24633466112728,0.02388511350074104,0.0009752760087590615,309.1473760575555,82.3795680252517,16.78332359533377,9.030417615272754,0.03509454240401233,-0.06105898764720763
248.1310344828,18.8943320607,0.9600000000000001,0.004354000000000001,0.019941000000000004,0.0026300000000000004,0.013075000000000002,0.02385104106697949,0.0010983922646063844,0.9734731871790356,0.0004010009564612011,0.010671207455112491,0.0008609340327647518,0.014593670376625878,0.8860997981842366,0.026036132313101715,0.07078565396007935,0.01233329664888102,0.004745118893701379,0.023218348965010592,9.564290280454163e-06,0.00025451940724614575,2.053417297143236e-05,0.0003480742314708659,0.0009732851639948438,2.8597886332979254e-05,7.775041475485545e-05,1.3546797636226757e-05,5.2120018874791996e-06,9.24633466112728,0.02388511350074104,0.0009752760087590615,309.1473760575555,82.3795680252517,16.78332359533377,8.977136544621388,0.03860412565761706,-0.06981510560195225
248.1310344828,19.2184288628,0.9600000000000001,0.004354000000000001,0.019941000000000004,0.0026300000000000004,0.013075000000000002,0.023840570188375144,0.0011172374330211013,0.9724614253304178,0.000489749371174442,0.011759320671735414,0.0009937550179172504,0.014295749608755168,0.8734386840435049,0.031196404520161064,0.076773738680375,0.01399591642775962,0.004595256328199537,0.02318403486607716,1.1675904258196876e-05,0.0002803489098421189,2.3691686254706206e-05,0.00034081882194296405,0.0009758383932620941,3.4853790905592625e-05,8.577449472669499e-05,1.563676174252802e-05,5.1339923841916215e-06,9.24633466112728,0.02388511350074104,0.0009752760087590615,309.1473760575555,82.3795680252517,16.78332359533377,8.928485587872755,0.041250664017862704,-0.07857453279978799
248.1310344828,19.5425256649,0.9600000000000001,0.004354000000000001,0.019941000000000004,0.0026300000000000004,0.013075000000000002,0.023831335220997143,0.001135934151521973,0.9714664921831073,0.0005885307292065931,0.012746107803422432,0.0011256267733771865,0.01407324251088648,0.8611878978883339,0.036802801965096735,0.08194273610705702,0.015593884552427011,0.004472679487085263,0.02315134363118183,1.4025473095580213e-05,0.00030375676782632755,2.6825188970081114e-05,0.00033538415992332327,0.0009782527440887763,4.180555962385336e-05,9.308155241315875e-05,1.771362601799278e-05,5.080669378191932e-06,9.24633466112728,0.02388511350074104,0.0009752760087590615,309.1473760575555,82.3795680252517,16.78332359533377,8.884134474137033,0.04304645403979812,-0.08730541000771908
248.1310344828,19.8666224669,0.9600000000000001,0.004354000000000001,0.019941000000000004,0.0026300000000000004,0.013075000000000002,0.0238232427493432,0.001154480973415471,0.9705131069554533,0.0006974211956979541,0.013632638602068084,0.0012546740990507198,0.013902159147729796,0.8493467322407924,0.04284047171854308,0.08633819407830394,0.017105673634707184,0.004368928327653431,0.023120769338419046,1.661483444364955e-05,0.0003247736587311347,2.989040563299877e-05,0.0003311945121163691,0.0009805546422045994,4.9458509491201574e-05,9.967580234245419e-05,1.974817474872411e-05,5.043844628491759e-06,9.24633466112728,0.02388511350074104,0.0009752760087590615,309.1473760575555,82.3795680252517,16.78332359533377,8.843813157910915,0.044022751500584434,-0.09598774960105239
248.1310344828,20.190719269,0.9600000000000001,0.004354000000000001,0.019941000000000004,0.0026300000000000004,0.013075000000000002,0.023816207530762436,0.0011728795221313051,0.9696139853500858,0.0008162685164912864,0.014422857267815259,0.0013792576643699274,0.013767631201237727,0.8379047747427384,0.049282310856521856,0.09002004166213476,0.01851411690331774,0.004278755835287093,0.02309252789982729,1.9440420389584055e-05,0.0003434977618768535,3.2848686773028876e-05,0.0003278927618956778,0.0009827613517918018,5.780221320692379e-05,0.00010558266344692479,2.1714828586246432e-05,5.01846509940806e-06,9.24633466112728,0.02388511350074104,0.0009752760087590615,309.1473760575555,82.3795680252517,16.78332359533377,8.80724995044725,0.04422748579756686,-0.1046081791583795
248.1310344828,20.5148160711,0.9600000000000001,0.004354000000000001,0.019941000000000004,0.0026300000000000004,0.013075000000000002,0.023810142885163685,0.0011911346923540202,0.9687744608978739,0.000944704214219287,0.015122845977191744,0.001498066155439122,0.013659922755276032,0.8268465358107766,0.0560904598926441,0.09305704742459112,0.019807227682766108,0.00419872918922215,0.023066658337475798,2.2493542324777506e-05,0.00036007712354725824,3.5669169212433325e-05,0.00032524471260342113,0.0009848855940569566,6.681129268822014e-05,0.00011084347755546381,2.359307605229764e-05,5.0012520010819705e-06,9.24633466112728,0.02388511350074104,0.0009752760087590615,309.1473760575555,82.3795680252517,16.78332359533377,8.77415236734548,0.04371846782003175,-0.11316060402240069
248.1310344828,20.8389128731,0.9600000000000001,0.004354000000000001,0.019941000000000004,0.0026300000000000004,0.013075000000000002,0.023804958995355015,0.0012092542018470938,0.9679951868924228,0.0010821815378398224,0.01574009459672368,0.0016101655018655545,0.013572371471148068,0.8161540157385327,0.06321915891958688,0.09552189393711158,0.020978426264678933,0.0041265051400897965,0.02304308573167514,2.5761287133807202e-05,0.00037469230645801623,3.8329923747644754e-05,0.00032308974634040596,0.0009869376728862,7.644803356074961e-05,0.00011551025161184461,2.5368250108702434e-05,4.989993679597217e-06,9.24633466112728,0.02388511350074104,0.0009752760087590615,309.1473760575555,82.3795680252517,16.78332359533377,8.744208596182604,0.04256819636909981,-0.12163559503839672
248.1310344828,21.1630096752,0.9600000000000001,0.004354000000000001,0.019941000000000004,0.0026300000000000004,0.013075000000000002,0.023800564805968493,0.00122724785219407,0.9672739034742961,0.0012280274771941017,0.016282813466966584,0.0017149983668198465,0.013500257214723225,0.8058083523400785,0.07061812565609649,0.09748695740361152,0.022026134404329187,0.004060430195884304,0.023021665224762098,2.9227747554468214e-05,0.0003875401571440347,4.081792977162589e-05,0.00032131374673626385,0.0009889265696894037,8.666594303741537e-05,0.00011964065909051703,2.7031526139850908e-05,4.983154236882959e-06,9.24633466112728,0.02388511350074104,0.0009752760087590615,309.1473760575555,82.3795680252517,16.78332359533377,8.717098000573493,0.040845845492489374,-0.13003296854494018
248.1310344828,21.4871064773,0.9600000000000001,0.004354000000000001,0.019941000000000004,0.0026300000000000004,0.013075000000000002,0.02379687101372384,0.0012451266601502563,0.966606658135139,0.001381497855295205,0.01675935615734408,0.0018123438695072656,0.013440143982714215,0.7957907828150245,0.07823586890834919,0.09902110889576861,0.02295293337543468,0.0039993060054230554,0.023002213964648556,3.2875326268196115e-05,0.00039882023674937545,4.3128113295177545e-05,0.0003198333727625268,0.0009908603195848294,9.74135661578061e-05,0.0001232938226037632,2.8579309274406336e-05,4.979642529451272e-06,9.24633466112728,0.02388511350074104,0.0009752760087590615,309.1473760575555,82.3795680252517,16.78332359533377,8.692503791454433,0.03862139450986568,-0.1383530600441354
248.1310344828,21.8112032793,0.9600000000000001,0.004354000000000001,0.019941000000000004,0.0026300000000000004,0.013075000000000002,0.023793792882435386,0.001262902080495557,0.965988657043716,0.0015418263954268313,0.017177785435133965,0.0019022534328720989,0.013389477692851212,0.786083257031903,0.08602240585426942,0.1001875851250886,0.023764506741191613,0.003942245247547622,0.022984534032480086,3.668589791345795e-05,0.0004087246688224928,4.526182419166043e-05,0.0003185864590276906,0.000992746180748314,0.00010863787532259003,0.00012652710969430011,3.0012245005401577e-05,4.978669724951614e-06,9.24633466112728,0.02388511350074104,0.0009752760087590615,309.1473760575555,82.3795680252517,16.78332359533377,8.670124102626612,0.035960968082921596,-0.14659786667164454
248.1310344828,22.1353000814,0.9600000000000001,0.004354000000000001,0.019941000000000004,0.0026300000000000004,0.013075000000000002,0.023791252277803262,0.001280585390035171,0.9654148398374746,0.0017082630499544774,0.0175455892845067,0.001984979263493051,0.013346328564571294,0.776668773345142,0.09393120173015448,0.1010428604418045,0.024468585515170622,0.003888578967728539,0.02296842800730839,4.064171717831661e-05,0.0004174315410304205,4.7225142423971294e-05,0.0003175258698621675,0.0009945906840423263,0.0001202869246040822,0.00012939401084913755,3.1334113125553706e-05,4.979657414071213e-06,9.24633466112728,0.02388511350074104,0.0009752760087590615,309.1473760575555,82.3795680252517,16.78332359533377,8.649679825727532,0.03292479696709805,-0.15477072991488683
248.1310344828,22.4593968835,0.9600000000000001,0.004354000000000001,0.019941000000000004,0.0026300000000000004,0.013075000000000002,0.023789178804310654,0.0012981872608623837,0.9648802458079344,0.0018801003342548363,0.01786952721029519,0.00206090733996187,0.013309219307553752,0.7675315298264692,0.10192033226438213,0.10163631096003028,0.025074032119538986,0.0038377948295794033,0.022953708692272166,4.4726043021632526e-05,0.0004251013779542068,4.902729320946917e-05,0.00031661539785317983,0.000996399654330939,0.00013231167696848228,0.00013194296412935919,3.2550789076039744e-05,4.982176357563504e-06,9.24633466112728,0.02388511350074104,0.0009752760087590615,309.1473760575555,82.3795680252517,16.78332359533377,8.630919001521987,0.029567137640979624,-0.16287509025182167
248.1310344828,22.7834936856,0.9600000000000001,0.004354000000000001,0.019941000000000004,0.0026300000000000004,0.013075000000000002,0.023787510167421973,0.001315717505950032,0.964380227402026,0.002056688841114813,0.01815557573542559,0.002130501418786444,0.013277006602647254,0.7586569548868795,0.10995299791694868,0.10201042819498403,0.02559012424485215,0.003789494756335643,0.02294020446458641,4.892350671924193e-05,0.00043187594240183584,5.067932416108947e-05,0.00031582692955340024,0.0009981782365554108,0.00014466708419101678,0.0001342169061655992,3.366937444838832e-05,4.9859045896166565e-06,9.24633466112728,0.02388511350074104,0.0009752760087590615,309.1473760575555,82.3795680252517,16.78332359533377,8.613618318058533,0.0259349501349746,-0.1709152871052506
248.1310344828,23.1075904876,0.9600000000000001,0.004354000000000001,0.019941000000000004,0.0026300000000000004,0.013075000000000002,0.023786191973422563,0.0013331849607656433,0.9639105574603897,0.0022374442448997458,0.01840894102139345,0.0021942601433106185,0.01324879713000652,0.7500316647999041,0.11799756431481745,0.10220136221810748,0.026026043458285134,0.0037433652088857215,0.02292776156496159,5.322027833901484e-05,0.00043787860516227825,5.219309300841608e-05,0.000315138431951265,0.0009999309356092502,0.00015731257815149136,0.00013625331907894293,3.4697529726818796e-05,4.990598199139785e-06,9.24633466112728,0.02388511350074104,0.0009752760087590615,309.1473760575555,82.3795680252517,16.78332359533377,8.59758252811755,0.02206894747719801,-0.17889554514320416
248.1310344828,23.4316872897,0.9600000000000001,0.004354000000000001,0.019941000000000004,0.0026300000000000004,0.013075000000000002,0.02378517717812394,0.0013505974610404626,0.9634674667739244,0.0024218482991201448,0.018634111535774028,0.0022526865475296235,0.013223886843651889,0.741643381756194,0.12602729605314675,0.10223962434911203,0.0263905418799969,0.003699155961550435,0.02291624440257603,5.760409089311075e-05,0.00044321564443530845,5.3580548659768414e-05,0.0003145324915597223,0.0010016616683973783,0.0001702121460711747,0.00013808457706364138,3.564299885860581e-05,4.9960706496627085e-06,9.24633466112728,0.02388511350074104,0.0009752760087590615,309.1473760575555,82.3795680252517,16.78332359533377,8.58264256775527,0.018003971212223746,-0.18681997843940223
248.1310344828,23.7557840918,0.9600000000000001,0.004354000000000001,0.019941000000000004,0.0026300000000000004,0.013075000000000002,0.023784425354532554,0.0013679618818802008,0.9630476390123678,0.002609446012053117,0.01883493069799483,0.0023062679092123854,0.013201716368371846,0.7334808347378569,0.134019918929632,0.10215083324978341,0.026691748348865216,0.003656664733862526,0.022905534682948474,6.206417389036002e-05,0.00044797800324425174,5.485325693421584e-05,0.00031399523751525076,0.0010033738230110592,0.00018333414050841133,0.0001397384460880043,3.65132943019864e-05,5.002177970739545e-06,9.24633466112728,0.02388511350074104,0.0009752760087590615,309.1473760575555,82.3795680252517,16.78332359533377,8.568652998496741,0.013769660720193144,-0.1946924817758564
248.1310344828,24.0798808938,0.9600000000000001,0.004354000000000001,0.019941000000000004,0.0026300000000000004,0.013075000000000002,0.023783901899451003,0.0013852842114839854,0.9626481818539302,0.0027998406770924234,0.019014676074047037,0.0023554635536742613,0.013181837841256107,0.725533657007209,0.1419571077055708,0.10195643372959148,0.026937075623489234,0.003615725934139649,0.022895529920898744,6.659113599805867e-05,0.00045224319039497286,5.6022114088320876e-05,0.00031351553807090624,0.0010050703199523238,0.00019665094001245883,0.00014123863790481634,3.731550556476977e-05,5.00880804961684e-06,9.24633466112728,0.02388511350074104,0.0009752760087590615,309.1473760575555,82.3795680252517,16.78332359533377,8.555489210844835,0.009391143335241381,-0.20251667006525054
248.1310344828,24.4039776959,0.9600000000000001,0.004354000000000001,0.019941000000000004,0.0026300000000000004,0.013075000000000002,0.02378357725479792,0.0014025696408061408,0.9622665866901148,0.002992687931379479,0.019176136966791574,0.002400698391698398,0.013163890020015804,0.7177922880129456,0.1498239627766049,0.10167435088609054,0.027133195992415874,0.0035762023319430326,0.022886141704255045,7.117682461546521e-05,0.0004560771349982736,5.709719566442796e-05,0.0003130843952647092,0.001006753671571735,0.00021013854165573533,0.00014260535780150153,3.805619695700535e-05,5.015872820163422e-06,9.24633466112728,0.02388511350074104,0.0009752760087590615,309.1473760575555,82.3795680252517,16.78332359533377,8.543044665917556,0.004889686359314638,-0.21029585468876633
248.1310344828,24.728074498,0.9600000000000001,0.004354000000000001,0.019941000000000004,0.0026300000000000004,0.013075000000000002,0.023783426186301197,0.0014198226619332054,0.9619006846031672,0.00318768959959338,0.019321685981242412,0.002442360372116174,0.013147579443880805,0.7102478914853256,0.1576085069280591,0.10131956315543336,0.027286059520239794,0.0035379789109421887,0.022877293930812018,7.581418029676918e-05,0.0004595358923297695,5.808769763057215e-05,0.00031269448523207004,0.0010084260519211414,0.0002237761298499149,0.0001438558118652569,3.8741365661694745e-05,5.023302635197481e-06,9.24633466112728,0.02388511350074104,0.0009752760087590615,309.1473760575555,82.3795680252517,16.78332359533377,8.531228320616624,0.0002811900379384724,-0.21803513773729932
248.1310344828,25.0521713,0.9600000000000001,0.004354000000000001,0.019941000000000004,0.0026300000000000004,0.013075000000000002,0.023783427137943087,0.0014370471390360924,0.9615486029526884,0.003384587780535181,0.019453342724206252,0.002480800488140462,0.013132666054429705,0.7028922439305197,0.16530125896024117,0.10090459863748392,0.027400940565671373,0.003500957906083763,0.02286892113791623,8.049709687033098e-05,0.0004626671592705947,5.900193765346232e-05,0.0003123398062324674,0.0010100892881910125,0.0002375457012678788,0.00014500466478758147,3.9376443246796055e-05,5.031041542823461e-06,9.24633466112728,0.02388511350074104,0.0009752760087590615,309.1473760575555,82.3795680252517,16.78332359533377,8.519962372901206,-0.004414940198213202,-0.22573306977374408
248.1310344828,25.3762681021,0.9600000000000001,0.004354000000000001,0.019941000000000004,0.0026300000000000004,0.013075000000000002,0.023783561671001045,0.0014542464150294543,0.9612087252366182,0.0035831593976400687,0.019572828893146484,0.0025163342954099793,0.013118952177185282,0.6957177035853335,0.1728948051306351,0.10043994437962565,0.027482491304548454,0.0034650555998573585,0.022860966995369405,8.522029251079953e-05,0.0004655115830561005,5.9847391899738205e-05,0.0003120154081649996,0.0010117449763114958,0.0002514316505384422,0.0001460644290398284,3.996631445571774e-05,5.039044683970299e-06,9.24633466112728,0.02388511350074104,0.0009752760087590615,309.1473760575555,82.3795680252517,16.78332359533377,8.509180203922536,-0.009185671091266556,-0.23339198710090514
248.1310344828,25.7003649042,0.9600000000000001,0.004354000000000001,0.019941000000000004,0.0026300000000000004,0.013075000000000002,0.02378381398098822,0.0014714233873481595,0.9608796549216828,0.0037832113372666593,0.01968161544155305,0.0025492443131497344,0.013106273986347752,0.6887171501130405,0.1803834534739185,0.09993439342926201,0.02753480338745685,0.0034301995963221957,0.022853382970773453,8.997919469631591e-05,0.00046810388050724306,6.063075253604536e-05,0.00031171718247515986,0.001013394521944101,0.00026542043213215226,0.00014704580369226836,4.051535367033734e-05,5.047275909300695e-06,9.24633466112728,0.02388511350074104,0.0009752760087590615,309.1473760575555,82.3795680252517,16.78332359533377,8.498824648854296,-0.014024302939771971,-0.2410183713872982
248.1310344828,26.0244617062,0.9600000000000001,0.004354000000000001,0.019941000000000004,0.0026300000000000004,0.013075000000000002,0.02378417048726783,0.0014885805474103698,0.960560183677244,0.003984576187301343,0.019780962443247046,0.002579782830798469,0.013094494861409183,0.6818838918395094,0.18776297320508,0.09939533658942916,0.027561471994826177,0.0033963263711553403,0.022846127171860874,9.476983935828278e-05,0.00047047378315242974,6.13579946678372e-05,0.00031144169822840855,0.0010150390969847702,0.0002795003094370166,0.00014795796455033041,4.102747106949393e-05,5.055705368758691e-06,9.24633466112728,0.02388511350074104,0.0009752760087590615,309.1473760575555,82.3795680252517,16.78332359533377,8.488846586510137,-0.018919331976659848,-0.24861205269908915
248.1310344828,26.3485585083,0.9600000000000001,0.004354000000000001,0.019941000000000004,0.0026300000000000004,0.013075000000000002,0.023784619488177127,0.0015057200572010931,0.9602492640022567,0.004187108541022557,0.019871952450588003,0.0026081748083216253,0.013083500197811094,0.6752116521471934,0.19503032085911606,0.09882899562833058,0.027565651451402395,0.0033633799139576154,0.02283916335809582,9.9588783403918e-05,0.00047264682752438464,6.203444537457917e-05,0.000311186073778427,0.0010166797274939166,0.0002936610658799358,0.00014880880095061652,4.150615428019101e-05,5.0643085964332686e-06,9.24633466112728,0.02388511350074104,0.0009752760087590615,309.1473760575555,82.3795680252517,16.78332359533377,8.479203656702863,-0.023862746459652584,-0.2561747898077211
251.5689655172,18.9212482555,0.9600000000000001,0.004354000000000001,0.019941000000000004,0.0026300000000000004,0.013075000000000002,0.023639986706931394,0.0010985413017955586,0.9672151151401387,7.975707409609471e-05,0.0033140480933720323,0.0002086796268079602,0.02918240006558518,0.9588501983512678,0.005035143885832944,0.022590673129854452,0.0030158619167027618,0.01050812271634203,0.022864952464655995,1.8854561714154213e-06,7.834405287344618e-05,4.933183603747583e-06,0.0006898715496267875,0.0010533365451237313,5.53131351907087e-06,2.4816787468508255e-05,3.3130488760103005e-06,1.1543606808237856e-05,8.553020011356132,0.023546079416899564,0.0010905886163128096,309.1473760575555,82.3795680252517,18.712371850837098,8.739756288124866,0.007444711262049708,-0.024153961610139163
251.5689655172,19.2374128962,0.9600000000000001,0.004354000000000001,0.019941000000000004,0.0026300000000000004,0.013075000000000002,0.02360108409644165,0.0011186615192960527,0.9732018950610508,0.00011080102011148055,0.004349318205439128,0.0002825008917314716,0.02205548482166704,0.9523489959557607,0.006813096395290926,0.028976977025648495,0.003990465682248884,0.00787046494105104,0.022968619768152242,2.615024193622575e-06,0.00010264862472875355,6.667327303074219e-06,0.0005205333520639562,0.0010653561747159417,7.621548764666607e-06,3.241542914411876e-05,4.463980402803295e-06,8.804386268522475e-06,8.553020011356132,0.023546079416899564,0.0010905886163128096,309.1473760575555,82.3795680252517,18.712371850837098,8.625315182972699,0.012751029497051647,-0.028350492713700604
251.5689655172,19.5535775368,0.9600000000000001,0.004354000000000001,0.019941000000000004,0.0026300000000000004,0.013075000000000002,0.02357560083478331,0.0011381657566710147,0.9752186107959023,0.000153754899310589,0.005603084235248645,0.00037905090823184967,0.018645499161306627,0.9422816671871319,0.00924415335155769,0.036633979850114545,0.0052506771227443455,0.006589522488451512,0.022991364694776095,3.624864132538746e-06,0.00013209607737388915,8.936352908536167e-06,0.000439578845592252,0.0010724727267312673,1.0521378794158556e-05,4.169554139597633e-05,5.976140900443505e-06,7.499968849169083e-06,8.553020011356132,0.023546079416899564,0.0010905886163128096,309.1473760575555,82.3795680252517,18.712371850837098,8.542193001016013,0.017898790627606687,-0.03483875815136095
251.5689655172,19.8697421775,0.9600000000000001,0.004354000000000001,0.019941000000000004,0.0026300000000000004,0.013075000000000002,0.023556592965554783,0.001157340729962571,0.9755064880077635,0.0002060669511496532,0.006906425315514991,0.0004886075574829119,0.01689241216808911,0.9309001585548198,0.012138109076558006,0.044401990550147534,0.0066485876078424076,0.00591115421063237,0.022979609273256735,4.854235291885242e-06,0.0001626918500045899,1.1509929351518867e-05,0.00039792767765006,0.0010773686690241082,1.4047928019028952e-05,5.138823215509893e-05,7.694681235280436e-06,6.841219529054593e-06,8.553020011356132,0.023546079416899564,0.0010905886163128096,309.1473760575555,82.3795680252517,18.712371850837098,8.474538790878551,0.022597810175904343,-0.04231138642000509
251.5689655172,20.1859068181,0.9600000000000001,0.004354000000000001,0.019941000000000004,0.0026300000000000004,0.013075000000000002,0.023540917086123027,0.001176311739696473,0.9750722818928095,0.00026688679090002064,0.008181729685569496,0.0006061176093111271,0.01587298402140986,0.9191924384272707,0.015419685018446355,0.05177872376466891,0.008109575412758136,0.005499577376855832,0.022954095741015406,6.2827598159588394e-06,0.0001926054201490629,1.4268564385232354e-05,0.00037366460075736514,0.001081256856362226,1.8138356509620275e-05,6.09079206308808e-05,9.539388761981267e-06,6.469217431764651e-06,8.553020011356132,0.023546079416899564,0.0010905886163128096,309.1473760575555,82.3795680252517,18.712371850837098,8.415341855812189,0.026710889803045035,-0.05018405623115463
251.5689655172,20.5020714588,0.9600000000000001,0.004354000000000001,0.019941000000000004,0.0026300000000000004,0.013075000000000002,0.023527340095654856,0.001195120736176906,0.9743204198446348,0.00033626927952365253,0.00939555543882278,0.0007288165068819193,0.015218938930136717,0.9075401924566888,0.019072100631386268,0.05857198974331199,0.009594580734052982,0.0052211364345598485,0.02292316787982595,7.9115217030738e-06,0.00022105242819676324,1.7147113824738094e-05,0.0003580611521043282,0.0010846201029189688,2.279346294702239e-05,7.000059950137321e-05,1.1466682390190158e-05,6.239888419351232e-06,8.553020011356132,0.023546079416899564,0.0010905886163128096,309.1473760575555,82.3795680252517,18.712371850837098,8.361887214571194,0.0301718966061717,-0.05822347780900827
251.5689655172,20.8182360994,0.9600000000000001,0.004354000000000001,0.019941000000000004,0.0026300000000000004,0.013075000000000002,0.02351533928186644,0.0012137790931103856,0.973430451374314,0.00041456007994306943,0.01053172109291609,0.0008546656110345733,0.014768601841792232,0.8961006058072786,0.02309706509397699,0.06470846203056949,0.011076684983451652,0.0050171820847232755,0.022890547331367386,9.748520932578951e-06,0.0002476569947219111,2.0097751816021684e-05,0.00034728868302854194,0.0010876681806524257,2.8034734723278934e-05,7.854177836003245e-05,1.3444648653883372e-05,6.0897507207650915e-06,8.553020011356132,0.023546079416899564,0.0010905886163128096,309.1473760575555,82.3795680252517,18.712371850837098,8.313032790477974,0.03294806646430537,-0.06632510856447205
251.5689655172,21.13440074,0.9600000000000001,0.004354000000000001,0.019941000000000004,0.0026300000000000004,0.013075000000000002,0.02350466537255385,0.0012322875549306649,0.9724916509744846,0.0005021337062268639,0.0115820018502964,0.000981829268978888,0.014442384200013163,0.8849416823310289,0.027498627118302334,0.07016753449062413,0.012533328435478166,0.004858827624566348,0.022858090833757692,1.1802484737142695e-05,0.0002722310778355164,2.307756842032793e-05,0.0003394634078031682,0.0010905026219759327,3.388621597556286e-05,8.64665795129643e-05,1.5444664652898365e-05,5.9874728133064356e-06,8.553020011356132,0.023546079416899564,0.0010905886163128096,309.1473760575555,82.3795680252517,18.712371850837098,8.268229313540381,0.03502754493261406,-0.07443508329745185
251.5689655172,21.4505653807,0.9600000000000001,0.004354000000000001,0.019941000000000004,0.0026300000000000004,0.013075000000000002,0.02349517969656145,0.0012506441229168876,0.9715522146535736,0.000599269092050421,0.01254285463225892,0.0011085501051424354,0.014197111516974701,0.8740916383872946,0.03227615954009764,0.07495751125558499,0.013944303937609417,0.004730386879413281,0.02282679386787795,1.4079935004319866e-05,0.00029469662349277146,2.6045583922963607e-05,0.0003335636862634427,0.0010931775704398634,4.0365989239150946e-05,9.374517092027382e-05,1.743936176773803e-05,5.916030549861376e-06,8.553020011356132,0.023546079416899564,0.0010905886163128096,309.1473760575555,82.3795680252517,18.712371850837098,8.227156136088293,0.036416109222669135,-0.08252134833039015
251.5689655172,21.7667300213,0.9600000000000001,0.004354000000000001,0.019941000000000004,0.0026300000000000004,0.013075000000000002,0.023486787446283144,0.0012688475410251117,0.9706392216387653,0.000706084112242441,0.01341407190824394,0.0012331719510224853,0.014007450389725994,0.8635589870858862,0.03742114675056443,0.07910543681302969,0.015291782645771855,0.00462264670474782,0.022797197085655394,1.658364746343574e-05,0.00031505345569808314,2.89632474983834e-05,0.0003289900099678504,0.001095724697294063,4.748173003679353e-05,0.00010037273898193006,1.9402940807978094e-05,5.865433904347107e-06,8.553020011356132,0.023546079416899564,0.0010905886163128096,309.1473760575555,82.3795680252517,18.712371850837098,8.189572490283277,0.03713189615615242,-0.09056588210448169
251.5689655172,22.082894662,0.9600000000000001,0.004354000000000001,0.019941000000000004,0.0026300000000000004,0.013075000000000002,0.023479408638216303,0.0012868988531030145,0.9697676917919702,0.0008225066656391535,0.014198029862065998,0.0013542124560840581,0.013857559224240498,0.8533416848547015,0.04291614313594767,0.08265136513921825,0.016560962689598193,0.004529844180534208,0.02276957191972347,1.931197011019843e-05,0.0003333613449890454,3.179610763936015e-05,0.00032536729575422636,0.0010981644355445095,5.522873538125586e-05,0.00010636394700505845,2.131228389152573e-05,5.829451280664837e-06,8.553020011356132,0.023546079416899564,0.0010905886163128096,309.1473760575555,82.3795680252517,18.712371850837098,8.155254039618992,0.03720929322375355,-0.09855403499482307
251.5689655172,22.3990593026,0.9600000000000001,0.004354000000000001,0.019941000000000004,0.0026300000000000004,0.013075000000000002,0.023472965893125274,0.0013048019143156663,0.9689451983650533,0.0009482746938835144,0.014899086616594963,0.0014704368833394416,0.01373700344112872,0.8434317952815797,0.0487352723314295,0.08564404731814583,0.017740697968966854,0.004448187099878153,0.0227440175935304,2.2258819546841543e-05,0.0003497257519900528,3.451551481062014e-05,0.000322448213247359,0.0011005114210781044,6.358987663274454e-05,0.00011174851689045818,2.3148096671204007e-05,5.804003043155266e-06,8.553020011356132,0.023546079416899564,0.0010905886163128096,309.1473760575555,82.3795680252517,18.712371850837098,8.12396825299895,0.03668834676069466,-0.1064802610352249
251.5689655172,22.7152239432,0.9600000000000001,0.004354000000000001,0.019941000000000004,0.0026300000000000004,0.013075000000000002,0.023467380423352814,0.0013225632320011422,0.9681745131038602,0.0010829591383420176,0.015523008393376803,0.001580907362895973,0.013638612001525099,0.8338180791368118,0.05484584139800056,0.08813719226225389,0.018823811476148186,0.00437507572678546,0.02272051961520267,2.5414214082418498e-05,0.0003642843432822722,3.7099754499159275e-05,0.00032006249628629486,0.001102777133644166,7.253709326116167e-05,0.00011656700985787256,2.4895680944474735e-05,5.7863142934671235e-06,8.553020011356132,0.023546079416899564,0.0010905886163128096,309.1473760575555,82.3795680252517,18.712371850837098,8.095469153950118,0.03562339504398793,-0.11433516728456183
251.5689655172,23.0313885839,0.9600000000000001,0.004354000000000001,0.019941000000000004,0.0026300000000000004,0.013075000000000002,0.02346257211863326,0.0013401914687481175,0.9674552988217378,0.0012260016303550856,0.01607641723538504,0.0016849969626629416,0.013557285349859081,0.824487655949364,0.061210525994801326,0.09018616142581452,0.019806987775610626,0.004308668854409405,0.022698989720158914,2.876515166976815e-05,0.00037719409879446026,3.9534362756157264e-05,0.00031808878525395887,0.0011049713225914706,8.203382473581761e-05,0.00012086672414201719,2.6545156038471614e-05,5.77444124034021e-06,8.553020011356132,0.023546079416899564,0.0010905886163128096,309.1473760575555,82.3795680252517,18.712371850837098,8.069501617965686,0.034066801490272525,-0.12211772174667423
251.5689655172,23.3475532245,0.9600000000000001,0.004354000000000001,0.019941000000000004,0.0026300000000000004,0.013075000000000002,0.023458461331325092,0.0013576967361485315,0.9667852703477372,0.0013767587489727812,0.01656630274793767,0.0017823714890407355,0.01348929666631159,0.8154270096623423,0.06778974368575821,0.09184529389119779,0.020690325122594916,0.004247627638106755,0.02267929488014707,3.22966418753415e-05,0.0003886199724155205,4.1811692653718415e-05,0.00031643814423344295,0.0011071025895859191,9.203791374649944e-05,0.0001246980557466819,2.8091186888799083e-05,5.766990180631837e-06,8.553020011356132,0.023546079416899564,0.0010905886163128096,309.1473760575555,82.3795680252517,18.712371850837098,8.045809395514274,0.03207298167523476,-0.1298276524831934
251.5689655172,23.6637178652,0.9600000000000001,0.004354000000000001,0.019941000000000004,0.0026300000000000004,0.013075000000000002,0.02345497108144344,0.0013750898979164492,0.966161017451481,0.001534544904379192,0.016999626441061608,0.001872947918506164,0.013431863284572078,0.8066226652674718,0.07454378786700502,0.09316592436931151,0.021476664764003554,0.004190957732208025,0.022661278724342458,3.599270635539034e-05,0.00039872574657044127,4.392993926561176e-05,0.00031504396490954,0.001109178678439742,0.00010250440964834539,0.0001281115214302882,2.953234475791945e-05,5.762943640154086e-06,8.553020011356132,0.023546079416899564,0.0010905886163128096,309.1473760575555,82.3795680252517,18.712371850837098,8.024143445239742,0.029694637307267513,-0.1374662879078965
251.5689655172,23.9798825058,0.9600000000000001,0.004354000000000001,0.019941000000000004,0.0026300000000000004,0.013075000000000002,0.023452028950305508,0.0013923819637322542,0.9655785826816867,0.0016986688303693566,0.017383035082811037,0.0019568413352066562,0.013382872069926189,0.7980616057399191,0.08143452212801695,0.09419511702205917,0.022170847465925392,0.004137907644079371,0.022644776874845878,3.9837230586803745e-05,0.00040766744200626076,4.589189964442098e-05,0.00031385550322214395,0.0011112065857794646,0.00011338795983620595,0.00013115558201316424,3.087028813221347e-05,5.76154797120594e-06,8.553020011356132,0.023546079416899564,0.0010905886163128096,309.1473760575555,82.3795680252517,18.712371850837098,8.00426872850964,0.026981065014783923,-0.145036095627896
251.5689655172,24.2960471465,0.9600000000000001,0.004354000000000001,0.019941000000000004,0.0026300000000000004,0.013075000000000002,0.02344956837985044,0.0014095836256417071,0.9650338535113255,0.0018684612448511366,0.017722678324280254,0.0020343104279189994,0.013340696491624025,0.7897315104614815,0.08842655566266987,0.0949750231763901,0.022779009788202822,0.004087900911255735,0.022629627336784402,4.38146097262372e-05,0.000415589157239303,4.7703701485329385e-05,0.0003128335746151684,0.0011131926057997969,0.00012464462493399443,0.00013387523751438112,3.2108919205782865e-05,5.762238187751898e-06,8.553020011356132,0.023546079416899564,0.0010905886163128096,309.1473760575555,82.3795680252517,18.712371850837098,7.985968787371111,0.023977136431923007,-0.15254030128022755
251.5689655172,24.6122117871,0.9600000000000001,0.004354000000000001,0.019941000000000004,0.0026300000000000004,0.013075000000000002,0.02344752934918669,0.0014267049437175913,0.9645228139953699,0.0020432934793261325,0.018024113620668834,0.002105708325616418,0.013304070579018683,0.7816208695987917,0.09548793126318315,0.0955427217982114,0.02330798787411493,0.004040489465698837,0.02261567698911657,4.791018382550128e-05,0.00042262093311370806,4.9373657765717724e-05,0.00031194758536519173,0.0011151423587694388,0.00013623310359854894,0.00013631127352574268,3.325362152810944e-05,5.764586295751379e-06,8.553020011356132,0.023546079416899564,0.0010905886163128096,309.1473760575555,82.3795680252517,18.712371850837098,7.9690481460930505,0.020723182735155277,-0.15998224392376326
251.5689655172,24.9283764277,0.9600000000000001,0.004354000000000001,0.019941000000000004,0.0026300000000000004,0.013075000000000002,0.023445858530551526,0.0014437551626798205,0.9640416934432842,0.0022225882480463276,0.018292276539429147,0.0021714421658897325,0.013271999603350673,0.7737190159619473,0.10259041602604564,0.09593039230586584,0.023764854925317967,0.003995320780823332,0.022602785162024564,5.2110489635360564e-05,0.00042887812794518244,5.0911325828725065e-05,0.00031117342511769586,0.0011170608237586117,0.000148115442779074,0.00013849999914949433,3.4310631988764776e-05,5.768265003875657e-06,8.553020011356132,0.023546079416899564,0.0010905886163128096,309.1473760575555,82.3795680252517,18.712371850837098,7.953332937902091,0.01725404826605459,-0.16736605233755597
251.5689655172,25.2445410684,0.9600000000000001,0.004354000000000001,0.019941000000000004,0.0026300000000000004,0.013075000000000002,0.02344450907046852,0.0014607426305427397,0.9635870428976996,0.0024058243087499496,0.018531495226046187,0.0022319422101156217,0.01324369535738863,0.7660161054348132,0.10970950275361023,0.09616568792752103,0.024156589602065244,0.003952114281990143,0.022590825167401057,5.6403369828441846e-05,0.0004344618079163839,5.2326789389817246e-05,0.00031049193593281956,0.0011189523808909536,0.00016025734764784456,0.00014047331995119925,3.5286560240262175e-05,5.7730218124798115e-06,8.553020011356132,0.023546079416899564,0.0010905886163128096,309.1473760575555,82.3795680252517,18.712371850837098,7.938670267029325,0.013600437075529825,-0.17469536701834087
251.5689655172,25.560705709,0.9600000000000001,0.004354000000000001,0.019941000000000004,0.0026300000000000004,0.013075000000000002,0.023443440136003843,0.0014776747894893352,0.9631557635604695,0.002592536804853234,0.01874553144508066,0.002287639749811234,0.01321852843978538,0.7585030682125486,0.1168242223337003,0.0962722083585848,0.02448985694338817,0.003910644151778148,0.02257968448467694,6.0777981384963465e-05,0.00043945974425032604,5.363014552744247e-05,0.00030988778016417286,0.0011208208616479928,0.0001726282081442059,0.00014225901521994523,3.618804420344505e-05,5.7786602737464745e-06,8.553020011356132,0.023546079416899564,0.0010905886163128096,309.1473760575555,82.3795680252517,18.712371850837098,7.924926779905283,0.009788695629570299,-0.18197383596866423
251.5689655172,25.8768703497,0.9600000000000001,0.004354000000000001,0.019941000000000004,0.0026300000000000004,0.013075000000000002,0.02344261633858532,0.001494558213280147,0.9627451051132735,0.002782314826609401,0.01893763513818388,0.002338952320761149,0.013195992601172027,0.7511715459570454,0.123916847853938,0.09627000172781267,0.024770877817155732,0.003870726644048352,0.022569264131021467,6.522473901336172e-05,0.00044394771490455687,5.4831161889847364e-05,0.00030934859175608633,0.0011226696035924477,0.0001852009427238894,0.00014388112177479636,3.70215188917891e-05,5.785026297224765e-06,8.553020011356132,0.023546079416899564,0.0010905886163128096,309.1473760575555,82.3795680252517,18.712371850837098,7.911986821473614,0.005841637303053204,-0.18920468082845776
251.5689655172,26.1930349903,0.9600000000000001,0.004354000000000001,0.019941000000000004,0.0026300000000000004,0.013075000000000002,0.02344200711577968,0.0015113986714212044,0.9623526466008568,0.002974797377731847,0.019110603629321266,0.0023862745735019728,0.013175677818588128,0.7440138244925525,0.13097254930742916,0.09617605212931167,0.025005363441351337,0.0038322106293554974,0.02255947758950669,6.973522129679268e-05,0.00044799090626539405,5.5939065532237366e-05,0.00030886433317856335,0.001124501505857053,0.0001979517370158966,0.00014536035741077814,3.779307308366277e-05,5.791998053814117e-06,8.553020011356132,0.023546079416899564,0.0010905886163128096,309.1473760575555,82.3795680252517,18.712371850837098,7.899750443924183,0.0017781505270759723,-0.1963915234760929
251.5689655172,26.509199631,0.9600000000000001,0.004354000000000001,0.019941000000000004,0.0026300000000000004,0.013075000000000002,0.02344158612310209,0.001528201206042368,0.9619762683950062,0.003169668589873067,0.019266839947096912,0.0024299732847021757,0.013157249783321633,0.737022767816109,0.1379790382214494,0.09600472850222307,0.025198494973985415,0.0037949704862331748,0.022550249543961908,7.430205923120106e-05,0.000451645287939896,5.6962428030183326e-05,0.00030842680393890036,0.0011263190826572619,0.00021085973261858497,0.00014671454188286737,3.850837040969706e-05,5.799478473956729e-06,8.553020011356132,0.023546079416899564,0.0010905886163128096,309.1473760575555,82.3795680252517,18.712371850837098,7.888131440740669,-0.002385032668381193,-0.20353705279847745
251.5689655172,26.8253642716,0.9600000000000001,0.004354000000000001,0.019941000000000004,0.0026300000000000004,0.013075000000000002,0.02344133066610807,0.0015449702122008347,0.9616141206876625,0.0033666527436862887,0.019408407154901663,0.002470385257171728,0.013140434156577745,0.7301917565064053,0.14492622636818506,0.09576818390565042,0.025354932506852845,0.003758900712906281,0.02254151457623825,7.891882020271028e-05,0.0004549588898205077,5.790911768604091e-05,0.00030802926216055984,0.0011281245129970013,0.00022390670270552108,0.0001479589914108013,3.917261545545028e-05,5.807389632060686e-06,8.553020011356132,0.023546079416899564,0.0010905886163128096,309.1473760575555,82.3795680252517,18.712371850837098,7.877055506771227,-0.006633824357708207,-0.21064392289666234
251.5689655172,27.1415289122,0.9600000000000001,0.004354000000000001,0.019941000000000004,0.0026300000000000004,0.013075000000000002,0.023441221187760496,0.00156170951590931,0.9612645918139358,0.0035655094387902824,0.019537077203840614,0.002507817140737896,0.013125004402695402,0.723514631981641,0.1518059117487726,0.09547670254694511,0.02547884191066012,0.003723911811981191,0.022533215916672775,8.357989540173081e-05,0.0004579729480975812,5.878629629449412e-05,0.00030766613129391325,0.0011299196856653512,0.00023707673694934708,0.00014910687491520683,3.9790549866226855e-05,5.815668513178107e-06,8.553020011356132,0.023546079416899564,0.0010905886163128096,309.1473760575555,82.3795680252517,18.712371850837098,7.866458574635905,-0.010956192855533509,-0.21771453800188123
251.5689655172,27.4576935529,0.9600000000000001,0.004354000000000001,0.019941000000000004,0.0026300000000000004,0.013075000000000002,0.02344124081612506,0.0015784224467057966,0.960926278260383,0.0037660291047400163,0.01965437384524438,0.002542546462324405,0.013110772327308123,0.7169856469693164,0.15861149779918635,0.09513899669140798,0.02557393141612761,0.003689927123961686,0.022525304295244436,8.828039516474659e-05,0.0004607229103965234,5.9600443909533215e-05,0.0003073327714098181,0.001131706239142247,0.0002503559484318628,0.00015016952793478686,4.0366467397730375e-05,5.824263799169688e-06,8.553020011356132,0.023546079416899564,0.0010905886163128096,309.1473760575555,82.3795680252517,18.712371850837098,7.8562853450356664,-0.015341847237777095,-0.2247510672040569
251.5689655172,27.7738581935,0.9600000000000001,0.004354000000000001,0.019941000000000004,0.0026300000000000004,0.013075000000000002,0.02344137497149648,0.001595111903263748,0.960597957287237,0.003968028942892331,0.0197616097338787,0.0025748233615247146,0.013097580674467302,0.7105994220424483,0.16533774712071048,0.09476245799635132,0.0256434924671266,0.003656880373363413,0.022517736913623684,9.301605434808993e-05,0.00046323930381222543,6.0357399902869884e-05,0.0003070252998096138,0.001133485596552249,0.00026373220849105675,0.00015115672473251093,4.09042400755679e-05,5.833133412363559e-06,8.553020011356132,0.023546079416899564,0.0010905886163128096,309.1473760575555,82.3795680252517,18.712371850837098,7.846488008790525,-0.019781971665951303,-0.23175546637173738
251.5689655172,28.0900228342,0.9600000000000001,0.004354000000000001,0.019941000000000004,0.0026300000000000004,0.013075000000000002,0.02344161102878031,0.0016117804115802045,0.9602785625173563,0.004171349326530471,0.019859918167940117,0.0026048726876698866,0.013085297300503273,0.7043509077180415,0.17198056842828494,0.09435336876875881,0.02569044133160698,0.003624713753307592,0.022510476541808162,9.778314837769199e-05,0.0004655484767562595,6.106241232385101e-05,0.0003067404495143467,0.0011352589959386756,0.0002771949113651386,0.0001520769115480889,4.140735010313459e-05,5.842242625166538e-06,8.553020011356132,0.023546079416899564,0.0010905886163128096,309.1473760575555,82.3795680252517,18.712371850837098,7.837025147609504,-0.024268997693360994,-0.23872949808809363
255.0068965517,21.0565845744,0.9600000000000001,0.004354000000000001,0.019941000000000004,0.0026300000000000004,0.013075000000000002,0.023289677435774602,0.001227636008577222,0.9677036647442353,9.465109364212544e-05,0.003630721331940546,0.00023445044377790714,0.028336512386404188,0.9587242925220912,0.005059337450585344,0.02264194106563877,0.0030266969726791795,0.010547731989005429,0.02253750620531021,2.2043934398683977e-06,8.455832868008125e-05,5.460275210261666e-06,0.0006599482331341852,0.0011769644637978412,6.21102483388185e-06,2.7796062156261474e-05,3.7156821907126294e-06,1.2948775598524909e-05,7.871577191654548,0.023194292697332957,0.0012176549266733326,309.1473760575555,82.3795680252517,20.801277774682642,8.04096362271828,0.008383948245727524,-0.023583428548914043
255.0068965517,21.3645151533,0.9600000000000001,0.004354000000000001,0.019941000000000004,0.0026300000000000004,0.013075000000000002,0.023253103072012362,0.0012475018503582019,0.9727878108738516,0.0001268594881967802,0.004608306289417595,0.00030645682381927905,0.022170566524714778,0.9531340031075173,0.006623624872031488,0.02817338851502804,0.0038775505295302326,0.008191432975892836,0.022620335233446937,2.9498767547024657e-06,0.00010715742113523017,7.126072111391229e-06,0.0005155344685640996,0.0011890364325159478,8.262984283937888e-06,3.514635430335799e-05,4.8372514604463905e-06,1.0218827794511504e-05,7.871577191654548,0.023194292697332957,0.0012176549266733326,309.1473760575555,82.3795680252517,20.801277774682642,7.942026070938884,0.012231768482565464,-0.028011822656504926
255.0068965517,21.6724457322,0.9600000000000001,0.004354000000000001,0.019941000000000004,0.0026300000000000004,0.013075000000000002,0.023227909497157816,0.0012667620989172117,0.9747034924743111,0.00017029130634969693,0.005771646920742478,0.0003984803519652932,0.01895608894663131,0.9446817346838575,0.008712635194104729,0.034702792832919015,0.004954822492785452,0.006948014796333204,0.02264032450975694,3.955511052043536e-06,0.00013406329232455586,9.255865551845424e-06,0.00044031031847242575,0.001196687017036876,1.1036836045584075e-05,4.3960182687317665e-05,6.276581340723111e-06,8.801481806710893e-06,7.871577191654548,0.023194292697332957,0.0012176549266733326,309.1473760575555,82.3795680252517,20.801277774682642,7.867417023252456,0.01604936318681993,-0.03415164930891823
255.0068965517,21.9803763111,0.9600000000000001,0.004354000000000001,0.019941000000000004,0.0026300000000000004,0.013075000000000002,0.023208748192585726,0.0012856705738196238,0.975090877174891,0.00022286488310545438,0.006986916899183039,0.0005026945094070979,0.017196646533413493,0.9350166290730387,0.011193210191604916,0.04138684833444119,0.006151813976120177,0.006251498424794999,0.02263063863323958,5.172414952964543e-06,0.00016215759495566103,1.1666910286624752e-05,0.000399112639150896,0.001202123366031224,1.4390780969924355e-05,5.320985304672674e-05,7.90920620471001e-06,8.037367567038661e-06,7.871577191654548,0.023194292697332957,0.0012176549266733326,309.1473760575555,82.3795680252517,20.801277774682642,7.8059621372644665,0.019569955649763493,-0.0411012676389646
255.0068965517,22.2883068899,0.9600000000000001,0.004354000000000001,0.019941000000000004,0.0026300000000000004,0.013075000000000002,0.023192884881130253,0.0013043539134756379,0.9747803370625286,0.0002837432889167814,0.008185292941958956,0.0006145616152993874,0.016136065091296278,0.9249573126354717,0.01400416784234696,0.04781259490620136,0.00740840098765994,0.005817523628320054,0.022607968141880572,6.580825435640192e-06,0.00018984055692118203,1.4253456796000149e-05,0.00037424190009685906,0.0012064716905339865,1.8266391130134937e-05,6.236454527932908e-05,9.663176820851024e-06,7.588109711336254e-06,7.871577191654548,0.023194292697332957,0.0012176549266733326,309.1473760575555,82.3795680252517,20.801277774682642,7.752078710663248,0.022655694949132332,-0.048406571581630864
255.0068965517,22.5962374688,0.9600000000000001,0.004354000000000001,0.019941000000000004,0.0026300000000000004,0.013075000000000002,0.023179129014181694,0.0013228612289141867,0.9741400088458426,0.00035288167223174584,0.009334561901369259,0.0007314717266988074,0.015441075853857497,0.9148563535827152,0.017128042295991432,0.05380330493145552,0.008691275492647636,0.00552102369719012,0.022579716942913882,8.179489807399815e-06,0.0002163670146027032,1.6954877523377907e-05,0.0003579106893343287,0.0012102280001803824,2.2658023080569393e-05,7.117430608126997e-05,1.1497351379035606e-05,7.303548192929269e-06,7.871577191654548,0.023194292697332957,0.0012176549266733326,309.1473760575555,82.3795680252517,20.801277774682642,7.703365483303486,0.025238614007028204,-0.05586713239287189
255.0068965517,22.9041680477,0.9600000000000001,0.004354000000000001,0.019941000000000004,0.0026300000000000004,0.013075000000000002,0.02316693986689306,0.0013412092055701747,0.9733434746395354,0.00043053663922923565,0.010418438478601032,0.000851538057249507,0.014956012185384693,0.9048715796307845,0.020563746209201365,0.05928335937227155,0.009977696176534538,0.005303618611208027,0.022549389746806866,9.974216431517934e-06,0.00024136333774067492,1.972753096667027e-05,0.00034648503494732704,0.0012136220924596334,2.7580285716789654e-05,7.95113873272155e-05,1.3382177962350458e-05,7.113262104185512e-06,7.871577191654548,0.023194292697332957,0.0012176549266733326,309.1473760575555,82.3795680252517,20.801277774682642,7.65873937699565,0.027284965584053467,-0.0633871253961118
255.0068965517,23.2120986266,0.9600000000000001,0.004354000000000001,0.019941000000000004,0.0026300000000000004,0.013075000000000002,0.023156048852820448,0.0013594018324996806,0.9724803416459383,0.0005170273260422384,0.011428259725756526,0.0009731172924122754,0.01460125400985067,0.8950773994711257,0.02431388981861227,0.06422418165557867,0.011249085694895676,0.0051354433597877,0.022518802299560867,1.19723100200772e-05,0.00026463334051233855,2.253355156262301e-05,0.0003381073511645426,0.001216769857070097,3.305234637461685e-05,8.730647023338601e-05,1.5292027707587125e-05,6.981131113993716e-06,7.871577191654548,0.023194292697332957,0.0012176549266733326,309.1473760575555,82.3795680252517,20.801277774682642,7.617659652772571,0.028780261798127427,-0.07091565795581989
255.0068965517,23.5200292055,0.9600000000000001,0.004354000000000001,0.019941000000000004,0.0026300000000000004,0.013075000000000002,0.023146305800249914,0.001377438819251729,0.9716004122282005,0.000612616454267824,0.012359774525161703,0.0010946635284222867,0.014332533263947811,0.8855091852753885,0.02837889696369017,0.0686230339762438,0.012489000041930117,0.0049998837427474435,0.022488960257082805,1.417980778874787e-05,0.00028608312078153144,2.533741677724281e-05,0.00033174519781959007,0.0012197347266022917,3.909019432533187e-05,9.452403089370854e-05,1.7202833471391017e-05,6.887033959005955e-06,7.871577191654548,0.023194292697332957,0.0012176549266733326,309.1473760575555,82.3795680252517,20.801277774682642,7.5798135975927305,0.02972481043446873,-0.07842214978651185
255.0068965517,23.8279597843,0.9600000000000001,0.004354000000000001,0.019941000000000004,0.0026300000000000004,0.013075000000000002,0.023137612194845305,0.0013953194856009602,0.9707326134964952,0.000717445595227948,0.013211775491794153,0.001214718673680857,0.014123446742801894,0.8761823192874268,0.03275412417223664,0.07249371620991556,0.013682815641467318,0.004887024688953529,0.022460434755970562,1.659997795328422e-05,0.0003056889377344947,2.8105689597464512e-05,0.0003267828335895013,0.0012225542630407886,4.57024676913152e-05,0.00010115189481132136,1.909189928242495e-05,6.8189607751098305e-06,7.871577191654548,0.023194292697332957,0.0012176549266733326,309.1473760575555,82.3795680252517,20.801277774682642,7.544980471691355,0.030129231833886827,-0.08588846290539465
255.0068965517,24.1358903632,0.9600000000000001,0.004354000000000001,0.019941000000000004,0.0026300000000000004,0.013075000000000002,0.023129890468372497,0.0014130446241437335,0.9698938623570901,0.0008315024473162301,0.013985378439546886,0.0013319558330465524,0.013957300923000295,0.8671011456051957,0.03742864521358774,0.07586156976400242,0.014818042617898323,0.0047905967993157935,0.022433538802266246,1.9232560530608076e-05,0.00032348027146545776,3.0807992527076604e-05,0.00032283084158311117,0.0012252526123862945,5.2888345908043236e-05,0.00010719578333412842,2.093855546155396e-05,6.769327053713358e-06,7.871577191654548,0.023194292697332957,0.0012176549266733326,309.1473760575555,82.3795680252517,20.801277774682642,7.51296967962665,0.03001550476722059,-0.0933016443769965
255.0068965517,24.4438209421,0.9600000000000001,0.004354000000000001,0.019941000000000004,0.0026300000000000004,0.013075000000000002,0.02312306982575788,0.0014306172825787548,0.9690936278710551,0.0009546124381313463,0.014683508626793023,0.001445234276062783,0.013823016787957679,0.8582635885032558,0.04238519027247524,0.07876002287729125,0.015884755409705218,0.004706442937272434,0.02240841962495943,2.2073570063448093e-05,0.00033952779526445325,3.341825307997837e-05,0.00031963058239056877,0.0012278467227208184,6.0636985729192e-05,0.00011267544990455097,2.2725005618660654e-05,6.733118605532662e-06,7.871577191654548,0.023194292697332957,0.0012176549266733326,309.1473760575555,82.3795680252517,20.801277774682642,7.483593488328939,0.02941381814729027,-0.100653047118759
255.0068965517,24.751751521,0.9600000000000001,0.004354000000000001,0.019941000000000004,0.0026300000000000004,0.013075000000000002,0.0231170803757498,0.0014480428949744384,0.9683365262907023,0.0010864499251598205,0.015310441505652599,0.0015536429547422979,0.013712939323742913,0.8496637765730292,0.047600925943060486,0.08122771808949907,0.01687588219258676,0.00463169720182474,0.022385113309036527,2.5115550244146927e-05,0.00035393270687438693,3.591568905999511e-05,0.00031700312053474505,0.0012303495947837235,6.892818260605315e-05,0.00011762122005448579,2.4437001305400907e-05,6.706896224775302e-06,7.871577191654548,0.023194292697332957,0.0012176549266733326,309.1473760575555,82.3795680252517,20.801277774682642,7.456657393909849,0.028357744196557455,-0.10793985550421947
255.0068965517,25.0596820998,0.9600000000000001,0.004354000000000001,0.019941000000000004,0.0026300000000000004,0.013075000000000002,0.023111851562447012,0.0014653289654191109,0.9676239466409705,0.0012265638412975151,0.01587136736117829,0.0016565217007560662,0.013621600455797567,0.8412935976891858,0.05304881809608561,0.08330600923092646,0.017787255431182612,0.004564319552619481,0.022363581023035258,2.8348161431932983e-05,0.00036681668654461896,3.828528365784647e-05,0.00031482040777735393,0.0012327718771156164,7.773396973744373e-05,0.00012207070831954836,2.6064180598620277e-05,6.688229647882123e-06,7.871577191654548,0.023194292697332957,0.0012176549266733326,309.1473760575555,82.3795680252517,20.801277774682642,7.431959762613215,0.026891186391396538,-0.11515515436300205
255.0068965517,25.3676126787,0.9600000000000001,0.004354000000000001,0.019941000000000004,0.0026300000000000004,0.013075000000000002,0.02310731279418593,0.0014824845971032736,0.9669551567318518,0.0013744110761800404,0.0163719871247772,0.0017534573602947423,0.01354498770689619,0.8331438044246957,0.058699190169924066,0.0850367861577185,0.0186173988206931,0.004502820426968663,0.022343735264553983,3.1758946645085904e-05,0.0003783126275546115,4.0517687695598186e-05,0.0003129882677366535,0.0012351228572316335,8.702064528934831e-05,0.00012606572566598254,2.760000698980617e-05,6.675361926503029e-06,7.871577191654548,0.023194292697332957,0.0012176549266733326,309.1473760575555,82.3795680252517,20.801277774682642,7.409295919130509,0.025053526624128075,-0.12230004701182651
255.0068965517,25.6755432576,0.9600000000000001,0.004354000000000001,0.019941000000000004,0.0026300000000000004,0.013075000000000002,0.023103394875090413,0.001499519880472468,0.9663280857838166,0.0015293921472323197,0.016818170062282266,0.0018442601553298019,0.013480091851339015,0.8252046696256815,0.06452131784284998,0.08646078300199257,0.019367140672373457,0.0044460888571024515,0.022325459344753756,3.53341506963707e-05,0.0003885568240253311,4.2608670620979995e-05,0.0003114358849939738,0.0012374108075624245,9.675099881963652e-05,0.00012964966299270391,2.904141246613092e-05,6.66699863157224e-06,7.871577191654548,0.023194292697332957,0.0012176549266733326,309.1473760575555,82.3795680252517,20.801277774682642,7.388463712187417,0.022885404850751634,-0.12937556850187004
255.0068965517,25.9834738365,0.9600000000000001,0.004354000000000001,0.019941000000000004,0.0026300000000000004,0.013075000000000002,0.023100031561744432,0.0015164453399338128,0.9657398885168643,0.001690883919746908,0.017215683936874313,0.0019289270203071151,0.013424616606207373,0.8174664563864162,0.07048479171442817,0.08761634853735027,0.02003912142000118,0.004393281941804162,0.022308621905175116,3.9059471913399715e-05,0.0003976828422988133,4.4558275049396e-05,0.00031010906730770876,0.0012396431983393884,0.00010688633393155002,0.00013286540344148155,3.038823229372864e-05,6.662171927664294e-06,7.871577191654548,0.023194292697332957,0.0012176549266733326,309.1473760575555,82.3795680252517,20.801277774682642,7.369268804031392,0.02042568231050801,-0.13638388503977605
255.0068965517,26.2914044154,0.9600000000000001,0.004354000000000001,0.019941000000000004,0.0026300000000000004,0.013075000000000002,0.023097160828182348,0.0015332714661605018,0.9651873446546378,0.001858266614037037,0.017570003758464667,0.002007599848198804,0.013376785124661601,0.8099197120763587,0.07656057389924514,0.08853867805814597,0.020637285076484286,0.004343750889765868,0.022293087328814437,4.2920682846055296e-05,0.0004058172025610267,4.636985657248224e-05,0.00030896575738834623,0.00124182678440761,0.00011738814339258505,0.00013575382871812612,3.1642560346793305e-05,6.660149295387297e-06,7.871577191654548,0.023194292697332957,0.0012176549266733326,309.1473760575555,82.3795680252517,20.801277774682642,7.351528792418044,0.017710550584284057,-0.14332786511316975
255.0068965517,26.5993349942,0.9600000000000001,0.004354000000000001,0.019941000000000004,0.0026300000000000004,0.013075000000000002,0.02309472570041509,0.0015500083651113427,0.9646671325299844,0.002030943922100391,0.017886192118135413,0.0020805246858080235,0.01333520674397181,0.8025554423316069,0.08272172028091555,0.08925943395815927,0.02116641336234927,0.00429699006696905,0.02227872281798596,4.690409279383373e-05,0.00041307670079326377,4.804914693167859e-05,0.0003079729419103544,0.0012439676490796246,0.00012821935841181973,0.00013835286930025033,3.2808117771045874e-05,6.660370548602376e-06,7.871577191654548,0.023194292697332957,0.0012176549266733326,309.1473760575555,82.3795680252517,20.801277774682642,7.335075887144544,0.014772998776307666,-0.15021076893633012
255.0068965517,26.9072655731,0.9600000000000001,0.004354000000000001,0.019941000000000004,0.0026300000000000004,0.013075000000000002,0.02309267466332318,0.0015666655227462097,0.9641760070769629,0.0022083564286078557,0.018168838182915172,0.0021480157288186995,0.013298782582695352,0.7953652003005613,0.0889437990813367,0.08980666363842023,0.021631735984107354,0.004252600995574354,0.022265402849610295,5.09968565464995e-05,0.000419567069168624,4.9603428397311256e-05,0.0003071044596004526,0.0012460712373030228,0.0001393451834827962,0.00014069700363517865,3.388969496344954e-05,6.662403361762548e-06,7.871577191654548,0.023194292697332957,0.0012176549266733326,309.1473760575555,82.3795680252517,20.801277774682642,7.319758229721493,0.011642551675552504,-0.1570360633732637
255.0068965517,27.215196152,0.9600000000000001,0.004354000000000001,0.019941000000000004,0.0026300000000000004,0.013075000000000002,0.023090961715093294,0.0015832516692538916,0.9637109073028061,0.002389989314035386,0.018422040412180447,0.0022104259034824085,0.01326663706749574,0.7883411183542435,0.09520506427694131,0.09020492276439819,0.022038628213719453,0.004210266390697421,0.022253011664946917,5.5187151749873184e-05,0.00042538262987156016,5.10408599113628e-05,0.0003063394086135817,0.0012481423915758356,0.00015073357693789138,0.0001428170945416518,3.4892694907437234e-05,6.66591129107525e-06,7.871577191654548,0.023194292697332957,0.0012176549266733326,309.1473760575555,82.3795680252517,20.801277774682642,7.305440121823773,0.008345263020767213,-0.1638072823773049
255.0068965517,27.5231267309,0.9600000000000001,0.004354000000000001,0.019941000000000004,0.0026300000000000004,0.013075000000000002,0.023089546167173694,0.0015997747206457137,0.9632690137273363,0.0025753756238433637,0.0186494190154786,0.0022681243127538877,0.013238067320587809,0.7814759028061731,0.10148644956576686,0.0904755246140269,0.022392391886511924,0.004169731127521157,0.0222414443638652,5.94642543645451e-05,0.00043060662134886016,5.2369961032219997e-05,0.0003056609665628656,0.0012501853941031024,0.00016235545650339998,0.00014474045711467928,3.582278247483396e-05,6.670630449697896e-06,7.871577191654548,0.023194292697332957,0.0012176549266733326,309.1473760575555,82.3795680252517,20.801277774682642,7.292001475115267,0.004903901648909859,-0.1705279031767768
255.0068965517,27.8310573097,0.9600000000000001,0.004354000000000001,0.019941000000000004,0.0026300000000000004,0.013075000000000002,0.023088392282516162,0.0016162417755695888,0.9628477718741758,0.002764096373779116,0.018854146641930063,0.002321479922304273,0.013212505187810772,0.7747628065787265,0.10777144301997524,0.09063685437479295,0.022698107921393918,0.004130788105111407,0.022230607065377602,6.381854138449265e-05,0.0004353119338209661,5.3599239122146196e-05,0.00030505550281095497,0.001252204014150079,0.00017418470842230156,0.00014649107044675762,3.668563024894385e-05,6.676352301506998e-06,7.871577191654548,0.023194292697332957,0.0012176549266733326,309.1473760575555,82.3795680252517,20.801277774682642,7.279336768631377,0.0013382389115301763,-0.17720125245890106
255.0068965517,28.1389878886,0.9600000000000001,0.004354000000000001,0.019941000000000004,0.0026300000000000004,0.013075000000000002,0.02308746882731986,0.0016326591483441536,0.9624448938883629,0.0029557785796204585,0.019038988670487585,0.002370850448099017,0.013189488413430166,0.7681955901981519,0.11404589116333798,0.09070470533510794,0.022960545668821275,0.004093267634581001,0.022220416485660748,6.82414458174471e-05,0.0004395620574335781,5.4736935814723374e-05,0.00030451190259336543,0.001254201558054649,0.00018619806753888542,0.00014808986696322475,3.748674493717479e-05,6.682910850219705e-06,7.871577191654548,0.023194292697332957,0.0012176549266733326,309.1473760575555,82.3795680252517,20.801277774682642,7.267353742198034,-0.0023341997846619833,-0.1838300205267176
255.0068965517,28.4469184675,0.9600000000000001,0.004354000000000001,0.019941000000000004,0.0026300000000000004,0.013075000000000002,0.023086748591154265,0.001649032423382211,0.9620583469566866,0.003150092059988975,0.019206347115413327,0.0024165753176493276,0.013168638550261647,0.7617684779821493,0.12029776863554352,0.09069260919461306,0.023184114786678905,0.004057029401015001,0.022210799186210484,7.272538342795671e-05,0.0004434121072079884,5.5790866810158786e-05,0.0003040210474976728,0.001256180919303082,0.00019837492094054287,0.00014955505312304855,3.823135699064846e-05,6.690173024888646e-06,7.871577191654548,0.023194292697332957,0.0012176549266733326,309.1473760575555,82.3795680252517,20.801277774682642,7.255971991312246,-0.0060995304217899005,-0.19041795266942163
255.0068965517,28.7548490464,0.9600000000000001,0.004354000000000001,0.019941000000000004,0.0026300000000000004,0.013075000000000002,0.023086207912079864,0.001665366520286109,0.9616863345096838,0.0033467456276987597,0.019358304297955205,0.0024589716673597607,0.01314964389730243,0.7554761137138866,0.12651693832494215,0.09061214431926098,0.023372847315135517,0.004021956326774772,0.022201690664696544,7.72636653898978e-05,0.0004469098378479031,5.6768331162581125e-05,0.00030357541298293604,0.001258144626654968,0.0002106970733354612,0.0001509024314806304,3.8924357402385765e-05,6.698031412663604e-06,7.871577191654548,0.023194292697332957,0.0012176549266733326,309.1473760575555,82.3795680252517,20.801277774682642,7.245121573425577,-0.009945070516796939,-0.19696770792049634
255.0068965517,29.0627796253,0.9600000000000001,0.004354000000000001,0.019941000000000004,0.0026300000000000004,0.013075000000000002,0.02308582622896747,0.0016816657623103678,0.9613272741561982,0.003545483088670757,0.019496664018289145,0.002498332506712805,0.013132246230129072,0.7493135182967271,0.1326949178503696,0.09047321389390885,0.023530400106355605,0.003987949852638703,0.022193034400336962,8.185040648279596e-05,0.00045009659757078586,5.767607011215253e-05,0.0003031687544647729,0.0012600948889559293,0.00022314850018155343,0.00015214570621156916,3.957026823232246e-05,6.706398728993183e-06,7.871577191654548,0.023194292697332957,0.0012176549266733326,309.1473760575555,82.3795680252517,20.801277774682642,7.2347416922501,-0.013859047294876525,-0.20348085182898945
255.0068965517,29.3707102041,0.9600000000000001,0.004354000000000001,0.019941000000000004,0.0026300000000000004,0.013075000000000002,0.023085585672804776,0.0016979339435700233,0.9609797748448754,0.003746079315408981,0.019622989058089513,0.0025349263645979133,0.013116230417028227,0.7432760506987458,0.13882466161741203,0.09028429122893512,0.023660070170242877,0.003954926284664195,0.022184780922014015,8.64804349729959e-05,0.00045300819505703614,5.852025976417668e-05,0.00030279586099655304,0.0012620336359240741,0.00023571510516482645,0.00015329676264877028,4.0173236249303964e-05,6.715203583048618e-06,7.871577191654548,0.023194292697332957,0.0012176549266733326,309.1473760575555,82.3795680252517,20.801277774682642,7.224779495516601,-0.017832520053713274,-0.20996004036466065
255.0068965517,29.678640783,0.9600000000000001,0.004354000000000001,0.019941000000000004,0.0026300000000000004,0.013075000000000002,0.023085470701735906,0.0017141743922582746,0.9606426147392572,0.003948336552280001,0.019738634559724834,0.002568997902406255,0.013101416246331566,0.7373593727177269,0.14490036308256524,0.09005263269486365,0.023764817557253144,0.00392281394759109,0.022176886937402093,9.11492077982529e-05,0.00045567566982079947,5.93065258088206e-05,0.0003024523609059342,0.001263962554604352,0.0002483844918250596,0.0001543659169209755,4.073704169333318e-05,6.724387214554239e-06,7.871577191654548,0.023194292697332957,0.0012176549266733326,309.1473760575555,82.3795680252517,20.801277774682642,7.215189000649942,-0.021857430134414102,-0.21640730444012668
255.0068965517,29.9865713619,0.9600000000000001,0.004354000000000001,0.019941000000000004,0.0026300000000000004,0.013075000000000002,0.023085467780151168,0.0017303900284829634,0.9603147206216007,0.004152081033842036,0.01984477726633328,0.002600769119614045,0.013087651958609956,0.7315594176596839,0.15091727882195224,0.08978446053145654,0.023847292034203132,0.0038915509527040794,0.022169314541714835,9.585273292733707e-05,0.00045812596618621327,6.0039971714462156e-05,0.00030213456760832245,0.0012658831215611205,0.0002611457543992893,0.0001553621352163546,4.1265116342306305e-05,6.7339009638925155e-06,7.871577191654548,0.023194292697332957,0.0012176549266733326,309.1473760575555,82.3795680252517,20.801277774682642,7.205930149578292,-0.025926811938623118,-0.2228244677594864
258.4448275862,23.3710918305,0.9600000000000001,0.004354000000000001,0.019941000000000004,0.0026300000000000004,0.013075000000000002,0.02292454170363456,0.0013704171389357677,0.9682208791401712,0.00011267809381879783,0.003982502746093243,0.0002639973349225896,0.027419942684994113,0.9585569148916285,0.005098517511845099,0.022742339047373383,0.0030453258008205156,0.010556902748332427,0.02219601992217857,2.5830936608350785e-06,9.129705028765371e-05,6.052017914081285e-06,0.000628589619593417,0.0013136228248128818,6.987095781396669e-06,3.116649121000862e-05,4.173366671087727e-06,1.4467360460392868e-05,7.2027666708542375,0.022828352966014768,0.0013577844286710725,309.1473760575555,82.3795680252517,23.05833044699453,7.354015794842646,0.008907633430340844,-0.02329018775933367
258.4448275862,23.6704061698,0.9600000000000001,0.004354000000000001,0.019941000000000004,0.0026300000000000004,0.013075000000000002,0.022890355391888266,0.0013900274350244512,0.9724581639446325,0.0001463577027875041,0.004909036078108643,0.00033464862315335113,0.022151793651318,0.9536888911541025,0.006485525049784801,0.027555955213326835,0.0037927887097360773,0.008476839873049723,0.022259912976435783,3.3501798311463244e-06,0.00011236958045950821,7.660225915386295e-06,0.0005070624292464433,0.0013256537231822502,9.015057749739194e-06,3.8303533744829356e-05,5.2720803617841375e-06,1.17830399858483e-05,7.2027666708542375,0.022828352966014768,0.0013577844286710725,309.1473760575555,82.3795680252517,23.05833044699453,7.269204804365848,0.011484430374771648,-0.02790922523868744
258.4448275862,23.9697205091,0.9600000000000001,0.004354000000000001,0.019941000000000004,0.0026300000000000004,0.013075000000000002,0.0228656876771152,0.001409051162600828,0.974208478491779,0.00019054058204204745,0.005989512025517667,0.0004226842238909755,0.01918878467677022,0.9465672510159021,0.00829015018661329,0.033130789182868,0.004716804633322774,0.0072950049812937545,0.02227594680159062,4.356841438789202e-06,0.00013695431131381262,9.664965449534882e-06,0.0004387647573224418,0.0013337616855238267,1.1681245758582927e-05,4.6682977016003085e-05,6.6462190523444265e-06,1.0279035250070796e-05,7.2027666708542375,0.022828352966014768,0.0013577844286710725,309.1473760575555,82.3795680252517,23.05833044699453,7.202987033878137,0.014097852381873999,-0.033777684977020606
258.4448275862,24.2690348484,0.9600000000000001,0.004354000000000001,0.019941000000000004,0.0026300000000000004,0.013075000000000002,0.022846494707303176,0.001427708290974292,0.9746494009728872,0.00024357476272222962,0.0071200443595990535,0.0005219119813045696,0.01746506792348679,0.9383760343522737,0.0104213944479331,0.03886599938066832,0.005741746547385893,0.006594825271739175,0.02226732238080328,5.564829527366046e-06,0.0001626680557773436,1.1923859318552965e-05,0.0003990155818766315,0.0013397272442963182,1.4878711256827542e-05,5.5489309552781855e-05,8.197539150375855e-06,9.415486717988808e-06,7.2027666708542375,0.022828352966014768,0.0013577844286710725,309.1473760575555,82.3795680252517,23.05833044699453,7.1476523617069665,0.01652532986261246,-0.04028569021941841
258.4448275862,24.5683491877,0.9600000000000001,0.004354000000000001,0.019941000000000004,0.0026300000000000004,0.013075000000000002,0.022830488528162867,0.001446121190456418,0.974439969060089,0.00030469295203225676,0.008241864855052192,0.0006283909046099444,0.01638508222821642,0.9297669299154143,0.012832064133363146,0.04443556583282057,0.00682078377599363,0.006144656342408354,0.02224694053500974,6.956288945984516e-06,0.00018816580102393778,1.4346471338899222e-05,0.00037407943184430026,0.001344555659536288,1.8556719860552217e-05,6.425921336076303e-05,9.86367995398573e-06,8.88591774482915e-06,7.2027666708542375,0.022828352966014768,0.0013577844286710725,309.1473760575555,82.3795680252517,23.05833044699453,7.098935436920854,0.018641436030951475,-0.047094052243886964
258.4448275862,24.867663527,0.9600000000000001,0.004354000000000001,0.019941000000000004,0.0026300000000000004,0.013075000000000002,0.022816569039136897,0.0014643437643334595,0.9739014365133323,0.000373783568981686,0.0093250933960601,0.000739714727787909,0.01565997179383795,0.9210505916950114,0.015505874467453482,0.04968492469784853,0.007926250701118813,0.005832358438567733,0.022221089363521046,8.528458607365629e-06,0.0002127666372676048,1.687775215583918e-05,0.00035730682758504005,0.0013487346905842331,2.2705930586952908e-05,7.275580966267198e-05,1.1606755788727045e-05,8.540577710874291e-06,7.2027666708542375,0.022828352966014768,0.0013577844286710725,309.1473760575555,82.3795680252517,23.05833044699453,7.054809199686202,0.020380696053803327,-0.05403840728645459
258.4448275862,25.1669778663,0.9600000000000001,0.004354000000000001,0.019941000000000004,0.0026300000000000004,0.013075000000000002,0.02280419956515046,0.0014823974866499552,0.9731953525704317,0.00045102441881525256,0.010353847579962163,0.0008541460252574192,0.015145629405533434,0.9123775084731163,0.01843997614595783,0.054541370278340856,0.009039119454274219,0.005602025648310814,0.022192941035893084,1.028525085541902e-05,0.00023611120648060727,1.9478116417750232e-05,0.0003453839555035955,0.0013525061254364959,2.7335374292653015e-05,8.085199021905705e-05,1.3399567960544818e-05,8.304428741204537e-06,7.2027666708542375,0.022828352966014768,0.0013577844286710725,309.1473760575555,82.3795680252517,23.05833044699453,7.014290886418479,0.02171078121415171,-0.06103368184259228
258.4448275862,25.4662922056,0.9600000000000001,0.004354000000000001,0.019941000000000004,0.0026300000000000004,0.013075000000000002,0.022793100651331003,0.0015002896997382011,0.9724087288791341,0.0005366768445218604,0.011319312869487787,0.0009702091069270839,0.014765072299929082,0.9038238580363903,0.02163558376187176,0.05897264658742023,0.010144117662443155,0.0054237939518745355,0.022164210031574944,1.2232529334425483e-05,0.00025800223753814146,2.2114073827026986e-05,0.00033654177905646294,0.0013559976245896385,3.245964346575928e-05,8.847605424140774e-05,1.5219115241895824e-05,8.137262199499719e-06,7.2027666708542375,0.022828352966014768,0.0013577844286710725,309.1473760575555,82.3795680252517,23.05833044699453,6.976867026581529,0.022615532501568225,-0.06803383797735929
258.4448275862,25.7656065449,0.9600000000000001,0.004354000000000001,0.019941000000000004,0.0026300000000000004,0.013075000000000002,0.022783112932133642,0.001518022135136143,0.9715914746998322,0.0006309764041938839,0.012216783526395669,0.0010865416677007785,0.014474223701877544,0.8954291532441837,0.025093275398372448,0.06296910566744203,0.01122790613616439,0.0052805595538375225,0.022135878291984542,1.437560667426086e-05,0.0002783363587493024,2.475480152069566e-05,0.00032976787320484157,0.0013592812750708842,3.809214749779659e-05,9.558849623290375e-05,1.7044210045928467e-05,8.016006288629994e-06,7.2027666708542375,0.022828352966014768,0.0013577844286710725,309.1473760575555,82.3795680252517,23.05833044699453,6.942237595231485,0.023091124463366697,-0.07501109385306126
258.4448275862,26.0649208842,0.9600000000000001,0.004354000000000001,0.019941000000000004,0.0026300000000000004,0.013075000000000002,0.022774133639486167,0.0015355950650256956,0.9707734809646147,0.0007340711771074026,0.013044329559807378,0.0012018644442608356,0.01424625385420972,0.8872134332809392,0.028810551383079155,0.06653550040179379,0.012278607005766383,0.005161907928421614,0.022108524989157316,1.6717835088338906e-05,0.000297073304632553,2.7371421470143043e-05,0.00032444608913781707,0.0013624005697707145,4.424134052452558e-05,0.00010217158606600974,1.885496832344479e-05,7.926600341001243e-06,7.2027666708542375,0.022828352966014768,0.0013577844286710725,309.1473760575555,82.3795680252517,23.05833044699453,6.910198008202092,0.023143993471267166,-0.08194689451620896
258.4448275862,26.3642352235,0.9600000000000001,0.004354000000000001,0.019941000000000004,0.0026300000000000004,0.013075000000000002,0.022766085787928457,0.0015530094025622099,0.9699729524962739,0.0008459879126319048,0.01380210363674592,0.0013150019501627626,0.014063954004185633,0.8791856724923548,0.0327806507671892,0.06968662762841488,0.01328588982913206,0.0050611592829088595,0.022082487448500426,1.925983339452847e-05,0.00031421987544803695,2.9937447208698673e-05,0.00032018118337677004,0.0013653836159786066,5.090865886355295e-05,0.00010822398793977977,2.063311182604772e-05,7.860027954222471e-06,7.2027666708542375,0.022828352966014768,0.0013577844286710725,309.1473760575555,82.3795680252517,23.05833044699453,6.880582337274371,0.022787716179784034,-0.08882941774642905
258.4448275862,26.6635495628,0.9600000000000001,0.004354000000000001,0.019941000000000004,0.0026300000000000004,0.013075000000000002,0.022758902953788795,0.0015702677090143082,0.9692007901606268,0.0009666185323021786,0.014491886206013393,0.0014249200636247954,0.013915785037432918,0.8713482177747718,0.03699221899484192,0.07244449599887881,0.014241229276883075,0.00497383795462452,0.022057946726001122,2.1999177369999043e-05,0.0003298194317800093,3.2429617444943275e-05,0.00031670800119272194,0.0013682499696788914,5.8087686972385995e-05,0.00011375725276285565,2.2362542470158678e-05,7.810257130016658e-06,7.2027666708542375,0.022828352966014768,0.0013577844286710725,309.1473760575555,82.3795680252517,23.05833044699453,6.853236013940623,0.02204245778367575,-0.09565070069857828
258.4448275862,26.9628639021,0.9600000000000001,0.004354000000000001,0.019941000000000004,0.0026300000000000004,0.013075000000000002,0.02275252210033753,0.0015873745493303053,0.9684630923809171,0.0010957230492816949,0.015116710229993391,0.0015307609856925967,0.01379371335411518,0.863699331335862,0.04142960250135407,0.0748361033228414,0.01513812910162744,0.004896833738315292,0.022034977912758043,2.4930462894630992e-05,0.00034394328359232306,3.482867315730527e-05,0.00031384176793522656,0.00137101433683615,6.576429659952061e-05,0.00011879292578573152,2.4029880860399836e-05,7.773109248503671e-06,7.2027666708542375,0.022828352966014768,0.0013577844286710725,309.1473760575555,82.3795680252517,23.05833044699453,6.828003956290612,0.020930951936236397,-0.10240807705402322
258.4448275862,27.2621782414,0.9600000000000001,0.004354000000000001,0.019941000000000004,0.0026300000000000004,0.013075000000000002,0.022746880730117585,0.0016043363852672533,0.96776270663475,0.0012329453947849595,0.01568051652731314,0.0016318652828723281,0.013691966160279564,0.8562347036488448,0.046073618076061244,0.07689153941153977,0.015972220644728127,0.004827918218826228,0.02201358286287643,2.8045661841921213e-05,0.0003566828392334296,3.711984495711644e-05,0.00031144952120868525,0.0013736884893923655,7.391758188033208e-05,0.00012335989439714426,2.562481473385412e-05,7.745604863557586e-06,7.2027666708542375,0.022828352966014768,0.0013577844286710725,309.1473760575555,82.3795680252517,23.05833044699453,6.8047271424955,0.01948518061817417,-0.10909527744693115
258.4448275862,27.5614925807,0.9600000000000001,0.004354000000000001,0.019941000000000004,0.0026300000000000004,0.013075000000000002,0.022741916442461742,0.0016211612894110104,0.9671002721394832,0.0013778372717431371,0.016187828825032568,0.0017277763155563325,0.013606285448184614,0.848948526567174,0.050902533585197696,0.07864229775843667,0.016741187227079013,0.004765454862112676,0.02199371358047814,3.1334660105291874e-05,0.0003681422505237643,3.9292944599646524e-05,0.0003094330067548976,0.0013762824879732173,8.252121698126636e-05,0.00012749184883631182,2.7140164671322552e-05,7.725570948892554e-06,7.2027666708542375,0.022828352966014768,0.0013577844286710725,309.1473760575555,82.3795680252517,23.05833044699453,6.78324368674037,0.017733130227745697,-0.11571363876384488
258.4448275862,27.86080692,0.9600000000000001,0.004354000000000001,0.019941000000000004,0.0026300000000000004,0.013075000000000002,0.02273756758127368,0.001637858463645605,0.9664749544920676,0.0015298861850281246,0.016643468311254152,0.0018182291051388286,0.013533461906511309,0.8418341466366347,0.055893175966449014,0.08011990109818626,0.01744455980027786,0.004708216498452188,0.021975289593371788,3.478589052373395e-05,0.0003784319855139282,4.134210715633288e-05,0.0003077180047078938,0.0013788051820546874,9.154511131668164e-05,0.00013122505812011316,2.8571719913456978e-05,7.711392240665791e-06,7.2027666708542375,0.022828352966014768,0.0013577844286710725,309.1473760575555,82.3795680252517,23.05833044699453,6.763391962227873,0.01570620124504174,-0.12226293614149508
258.4448275862,28.1601212593,0.9600000000000001,0.004354000000000001,0.019941000000000004,0.0026300000000000004,0.013075000000000002,0.022733774323399562,0.0016544377650155602,0.9658849812244523,0.0016885431274256126,0.017052314655832942,0.0019031270264565285,0.013471033965832501,0.834884546814138,0.061021953871092535,0.08135481971536336,0.018083412343198876,0.004655267256207203,0.02195821118551772,3.838695839422119e-05,0.000387663473077305,4.326526032822519e-05,0.0003062474460820863,0.0013812645236772113,0.00010095702497937294,0.00013459648610312957,2.991788030093674e-05,7.701849954909565e-06,7.2027666708542375,0.022828352966014768,0.0013577844286710725,309.1473760575555,82.3795680252517,23.05833044699453,6.745014250440518,0.013433631283671588,-0.12874548393864238
258.4448275862,28.4594355986,0.9600000000000001,0.004354000000000001,0.019941000000000004,0.0026300000000000004,0.013075000000000002,0.02273047974688488,0.0016709092673430092,0.9653280317684575,0.001853247212268229,0.01741912265658073,0.0019825118220165713,0.013417086540676878,0.8280926677170672,0.06626572336502387,0.08237570894534572,0.018660016703007716,0.004605883269555492,0.021942369275213168,4.212519822443384e-05,0.00039594501475391183,4.506344481830752e-05,0.0003049768138750575,0.0013836677127072427,0.00011072401127780656,0.0001376423354807286,3.1179194837830935e-05,7.69601303940039e-06,7.2027666708542375,0.022828352966014768,0.0013577844286710725,309.1473760575555,82.3795680252517,23.05833044699453,6.72796001359227,0.010943618620479434,-0.13516387293649057
258.4448275862,28.7587499379,0.9600000000000001,0.004354000000000001,0.019941000000000004,0.0026300000000000004,0.013075000000000002,0.022727630669997775,0.0016872829022386417,0.9648015167408491,0.00202344559069252,0.017748393699261452,0.0020565317111440563,0.013370112258052827,0.8214516177944013,0.07160244678862272,0.08320893639948948,0.019177501124228606,0.00455949789325759,0.021927652542339693,4.5988124066095085e-05,0.00040337893698252984,4.674009319202066e-05,0.00030387097341743463,0.001386021269720765,0.00012081358422489525,0.00014039701570032117,3.2357869754573256e-05,7.69316283808664e-06,7.2027666708542375,0.022828352966014768,0.0013577844286710725,309.1473760575555,82.3795680252517,23.05833044699453,6.712088364283992,0.00826207314476779,-0.14152141133197205
258.4448275862,29.0580642772,0.9600000000000001,0.004354000000000001,0.019941000000000004,0.0026300000000000004,0.013075000000000002,0.022725178187861104,0.0017035681924924319,0.9643027716623557,0.002198608153945521,0.01804429590362124,0.00212541119789293,0.013328913082184568,0.8149548022225439,0.07701164050043159,0.08387835070616056,0.01963954369441009,0.004515662876453897,0.02191395231307537,4.996376206369632e-05,0.00041005983968428483,4.830034819459216e-05,0.00030290192484315725,0.0013883310793852863,0.00013119458120819722,0.00014289249030174025,3.345730195286233e-05,7.69273964434574e-06,7.2027666708542375,0.022828352966014768,0.0013577844286710725,309.1473760575555,82.3795680252517,23.05833044699453,6.697269621885674,0.005413316467718587,-0.14782091334583036
258.4448275862,29.3573786165,0.9600000000000001,0.004354000000000001,0.019941000000000004,0.0026300000000000004,0.013075000000000002,0.022723077917555037,0.0017197740740480558,0.9638291852933905,0.002378237324936176,0.018310623734995448,0.002189424758869502,0.013292528887808514,0.8085959934530264,0.08247463456604677,0.0844052345009695,0.020050117226423365,0.004474020253534141,0.021901165676635304,5.404087204096239e-05,0.00041607372984933417,4.975046939041584e-05,0.0003020471696390241,0.0013906024259196462,0.00014183773829327487,0.00014515793400871383,3.448167178762721e-05,7.694304038793925e-06,7.2027666708542375,0.022828352966014768,0.0013577844286710725,309.1473760575555,82.3795680252517,23.05833044699453,6.683386033401002,0.002418510002193841,-0.15406600332955733
258.4448275862,29.6566929558,0.9600000000000001,0.004354000000000001,0.019941000000000004,0.0026300000000000004,0.013075000000000002,0.02272129000375151,0.0017359087934850546,0.9633782792891242,0.0025618736938695253,0.01855078710488284,0.002248875355816743,0.013260184556306582,0.8023693612611841,0.08797468087307474,0.08480838599313985,0.020413290237463903,0.004434281635137483,0.02188919726704331,5.8209075151391604e-05,0.00042149781360789694,5.109734914180208e-05,0.00030128849880710893,0.0013928400298362758,0.00015271602213161187,0.00014721962300676619,3.543561002717621e-05,7.697508483224443e-06,7.2027666708542375,0.022828352966014768,0.0013577844286710725,309.1473760575555,82.3795680252517,23.05833044699453,6.6703318250506465,-0.0007033695365796788,-0.16026005695223766
258.4448275862,29.956007295,0.9600000000000001,0.004354000000000001,0.019941000000000004,0.0026300000000000004,0.013075000000000002,0.02271977894968486,0.0017519798644521037,0.9629477527940901,0.0027490984172991303,0.018767820801924753,0.002304077833830437,0.01323125015285556,0.7962694759277675,0.09349694907863125,0.08510428143818871,0.020733080821664165,0.004396212733748356,0.021877960083577508,6.245890835196475e-05,0.00042640073998702766,5.2348139067496255e-05,0.00030061107870086234,0.001395048088503278,0.0001638047721734656,0.00014910098745837155,3.6323940127613695e-05,7.702076189375057e-06,7.2027666708542375,0.022828352966014768,0.0013577844286710725,309.1473760575555,82.3795680252517,23.05833044699453,6.658012772331222,-0.003936194053026476,-0.16640691115522532
258.4448275862,30.2553216343,0.9600000000000001,0.004354000000000001,0.019941000000000004,0.0026300000000000004,0.013075000000000002,0.022718513334797946,0.0017679940667555045,0.9625355027252163,0.0029395332753582148,0.01896440670033057,0.0023553467393842478,0.013205210559710636,0.7902912946299823,0.09902844631022646,0.08530728137356548,0.021013356018982913,0.004359621667242831,0.02186737565387927,6.678182591430789e-05,0.00043084312650799156,5.3509976306773895e-05,0.0003000027521896007,0.001397230319914335,0.0001750817055164964,0.00015082276731950614,3.715148876418286e-05,7.707785240984065e-06,7.2027666708542375,0.022828352966014768,0.0013577844286710725,309.1473760575555,82.3795680252517,23.05833044699453,6.646345459981846,-0.007264965617674868,-0.172509274813617
258.4448275862,30.5546359736,0.9600000000000001,0.004354000000000001,0.019941000000000004,0.0026300000000000004,0.013075000000000002,0.022717465469550488,0.001783957474040158,0.9621396279160032,0.0031328391566929578,0.01914290300014262,0.002402987848834232,0.01318164207832704,0.7844301382319191,0.10455789005603842,0.08542985387709345,0.021257767801002046,0.00432435003394702,0.021857373774067955,7.117016536382793e-05,0.00043487823789269445,5.458979347964108e-05,0.00029945349874636824,0.0013993900079611863,0.00018652682943533886,0.00015240322633019944,3.792295375000781e-05,7.714456563425596e-06,7.2027666708542375,0.022828352966014768,0.0013577844286710725,309.1473760575555,82.3795680252517,23.05833044699453,6.635256370462811,-0.010676796843944736,-0.1785698855346114
258.4448275862,30.8539503129,0.9600000000000001,0.004354000000000001,0.019941000000000004,0.0026300000000000004,0.013075000000000002,0.02271661102513033,0.0017998754989349427,0.961758423108037,0.0033287135808246194,0.019305376419200094,0.002447292644807151,0.013160194247131253,0.7786816633716787,0.1100755565712344,0.08548279700302204,0.021469717006626317,0.00429026604743853,0.021847891997887996,7.561709162966161e-05,0.00043855272680869194,5.559419507674649e-05,0.0002989550137272386,0.001401530047372591,0.00019812229730419202,0.00015385839190616872,3.864281760929356e-05,7.721944742697069e-06,7.2027666708542375,0.022828352966014768,0.0013577844286710725,309.1473760575555,82.3795680252517,23.05833044699453,6.624680903509405,-0.014160751110222414,-0.18459154777670772
258.4448275862,31.1532646522,0.9600000000000001,0.004354000000000001,0.019941000000000004,0.0026300000000000004,0.013075000000000002,0.02271592866409398,0.0018157529474027861,0.9613903670230245,0.003526887709776569,0.019453634623577708,0.0024885350327706105,0.01314057561085054,0.7730418330621927,0.11557312061429273,0.08547544946259746,0.0216523376426098,0.004257259218307469,0.021838874995642153,8.011652962155434e-05,0.00044190737636654,5.6529384282515965e-05,0.00029850037818121404,0.0014036529868483288,0.00020985223439593973,0.00015520229929228923,3.931529589272904e-05,7.730130973499467e-06,7.2027666708542375,0.022828352966014768,0.0013577844286710725,309.1473760575555,82.3795680252517,23.05833044699453,6.614562397050283,-0.017707260280805492,-0.19057675243563654
258.4448275862,31.4525789915,0.9600000000000001,0.004354000000000001,0.019941000000000004,0.0026300000000000004,0.013075000000000002,0.02271539968843774,0.0018315940765385528,0.9610341074032663,0.0037271231659745507,0.019589257222826787,0.002526969695113634,0.013122542512818811,0.7675068877907902,0.12104349702156728,0.08541588361588746,0.02180849536402029,0.004225236207734597,0.0218302738638862,8.46630924031474e-05,0.00044497780741612635,5.7401126625075864e-05,0.00029808379810719544,0.001405761069380151,0.00022170255214821457,0.0001564472264731659,3.994431092695805e-05,7.738917610062906e-06,7.2027666708542375,0.022828352966014768,0.0013577844286710725,309.1473760575555,82.3795680252517,23.05833044699453,6.604851193862388,-0.02130800703271163,-0.19652775394903443
258.4448275862,31.7518933308,0.9600000000000001,0.004354000000000001,0.019941000000000004,0.0026300000000000004,0.013075000000000002,0.022715007714469285,0.0018474026519908952,0.9606884449183415,0.003929208866292294,0.01971362439920399,0.0025628315980179383,0.01310589021814442,0.7620733182517792,0.1264806905904324,0.0853110782402292,0.02194079534245059,0.004194117575108687,0.02182204543752163,8.925200970959057e-05,0.0004477951303080685,5.8214739519863114e-05,0.00029770039741013803,0.0014078562691498383,0.0002336607632224047,0.00015760391218520219,4.0533483502432705e-05,7.748223931017412e-06,7.2027666708542375,0.022828352966014768,0.0013577844286710725,309.1473760575555,82.3795680252517,23.05833044699453,6.595503779127792,-0.02495577373254232,-0.20244660049694296
258.4448275862,32.0512076701,0.9600000000000001,0.004354000000000001,0.019941000000000004,0.0026300000000000004,0.013075000000000002,0.022714738378859636,0.0018631820026845638,0.9603523171309978,0.004132958002022971,0.01982794274363443,0.002596336277366693,0.013090445845978103,0.7567378403027113,0.1318796578224536,0.08516707070860692,0.022051595953956307,0.004163835212271831,0.021814151635162256,9.387905974676622e-05,0.0004503865320126644,5.897509928392677e-05,0.0002973460526540225,0.0014099403248023974,0.0002457158049749941,0.0001586817533656401,4.108613671188314e-05,7.757982829649136e-06,7.2027666708542375,0.022828352966014768,0.0013577844286710725,309.1473760575555,82.3795680252517,23.05833044699453,6.586482000607364,-0.02864429634550003,-0.20833515264513114
261.8827586207,25.86776316,0.9600000000000001,0.004354000000000001,0.019941000000000004,0.0026300000000000004,0.013075000000000002,0.022543818546531293,0.001528065490978365,0.968620117740666,0.00013386674595495659,0.004354129324611058,0.00029648056069272224,0.026595405628075126,0.9584218606445015,0.005126606427663724,0.02279458678175051,0.0030572121303655423,0.010599734015718806,0.021836396174865352,3.0178676302231432e-06,9.815870142216253e-05,6.683803962830588e-06,0.0005995619986507227,0.0014645313710501384,7.83379036794081e-06,3.483162144230454e-05,4.671620355012036e-06,1.6197087762969436e-05,6.5474422913031844,0.022446623956292003,0.001512514999818342,309.1473760575555,82.3795680252517,25.492073077915087,6.682114967916993,0.00892282115372467,-0.02320129885915989
261.8827586207,26.1580183079,0.9600000000000001,0.004354000000000001,0.019941000000000004,0.0026300000000000004,0.013075000000000002,0.02251178218170258,0.0015474323643782334,0.9721413045012217,0.00016906936705319553,0.0052299822603950955,0.00036568551676109256,0.022093958354568923,0.9541942606246154,0.00635515371099599,0.026975527050549657,0.003712751837108671,0.008762306776730197,0.021884633296767705,3.8060527646998606e-06,0.0001177362214601829,8.232232700329063e-06,0.0004973743780096636,0.001476551080794489,9.834170532993628e-06,4.174280360418105e-05,5.7452323536467e-06,1.3559077092923025e-05,6.5474422913031844,0.022446623956292003,0.001512514999818342,309.1473760575555,82.3795680252517,25.492073077915087,6.609603190371377,0.010400041819449868,-0.0279235083939815
261.8827586207,26.4482734559,0.9600000000000001,0.004354000000000001,0.019941000000000004,0.0026300000000000004,0.013075000000000002,0.02248768878357149,0.0015662334909305141,0.9737183366911889,0.0002140785261883811,0.006232390405089796,0.00044991228506406167,0.01938528209246867,0.948200248380088,0.007914930615465426,0.031732384911712964,0.004505190420307159,0.007647245672426642,0.021896674918368338,4.814131272169973e-06,0.00014015205580737638,1.0117487446426118e-05,0.00043593019067717696,0.0014851029851215257,1.2396629408333217e-05,4.970032399582297e-05,7.056180119304391e-06,1.1977372285528045e-05,6.5474422913031844,0.022446623956292003,0.001512514999818342,309.1473760575555,82.3795680252517,25.492073077915087,6.551227598240534,0.011947505076051357,-0.03354599841940953
261.8827586207,26.7385286038,0.9600000000000001,0.004354000000000001,0.019941000000000004,0.0026300000000000004,0.013075000000000002,0.022468507886765327,0.0015846573503796844,0.9741890804221233,0.00026760693702790913,0.007281512715785292,0.0005443054068942056,0.017717494518169345,0.9412821091912461,0.009744670633954677,0.036641088633741145,0.005381397729291379,0.006950733811766705,0.021888575036665137,6.012728575164689e-06,0.00016360472588220385,1.222973032761147e-05,0.00039808566531520935,0.001491609613110801,1.5441963947125337e-05,5.806357042937141e-05,8.527671467038126e-06,1.101453142534871e-05,6.5474422913031844,0.022446623956292003,0.001512514999818342,309.1473760575555,82.3795680252517,25.492073077915087,6.501729129952642,0.01338983892234058,-0.039660779756093056
261.8827586207,27.0287837518,0.9600000000000001,0.004354000000000001,0.019941000000000004,0.0026300000000000004,0.013075000000000002,0.02245236398895837,0.0016028193499446027,0.9740659057494161,0.00032897676980417367,0.00832820287738085,0.0006455080362582636,0.01663140656714054,0.9339476390435254,0.01180900218182605,0.04144980204535293,0.006305604107952223,0.00648795262134343,0.021870082265120307,7.386306179555076e-06,0.00018698784237684528,1.449318138786827e-05,0.000373414393893792,0.0014969493476940398,1.8927697200568823e-05,6.643654476966505e-05,1.0106744277315998e-05,1.0399016003013057e-05,6.5474422913031844,0.022446623956292003,0.001512514999818342,309.1473760575555,82.3795680252517,25.492073077915087,6.457923948099287,0.014619735956459046,-0.04602043014242785
261.8827586207,27.3190388997,0.9600000000000001,0.004354000000000001,0.019941000000000004,0.0026300000000000004,0.013075000000000002,0.02243826729775662,0.0016207764542963588,0.973621924211962,0.00039803308328347696,0.00934540638568096,0.0007513410794204643,0.015883295239653143,0.926462774442408,0.014093604531626279,0.046027388929396375,0.007255264902731677,0.00616096719383785,0.02184638898242414,8.931172716064877e-06,0.00020969472648807097,1.6858791971821365e-05,0.0003563936241565225,0.0015015890505983333,2.2842582381024335e-05,7.460010822950653e-05,1.1759162524030264e-05,9.985550563464698e-06,6.5474422913031844,0.022446623956292003,0.001512514999818342,309.1473760575555,82.3795680252517,25.492073077915087,6.41815064516476,0.015579379355647127,-0.05249209841261404
261.8827586207,27.6092940477,0.9600000000000001,0.004354000000000001,0.019941000000000004,0.0026300000000000004,0.013075000000000002,0.02242569938855964,0.0016385544588219875,0.973003734772442,0.00047488504322373837,0.010317952135085264,0.000860214403353013,0.015343213645896112,0.9189663890820046,0.016594644447767662,0.05030676866908899,0.008214602796958464,0.005917595004180374,0.021820289259952597,1.0649629223458708e-05,0.00023138729288696923,1.929090961930386e-05,0.00034408229687731234,0.0015057764743378601,2.719122865245524e-05,8.243038011166202e-05,1.3460074040407862e-05,9.69630167960247e-06,6.5474422913031844,0.022446623956292003,0.001512514999818342,309.1473760575555,82.3795680252517,25.492073077915087,6.381543976012683,0.01623622496858612,-0.05900502633706761
261.8827586207,27.8995491956,0.9600000000000001,0.004354000000000001,0.019941000000000004,0.0026300000000000004,0.013075000000000002,0.022414376410285642,0.001656164122639703,0.9722939403507975,0.0005597374218790308,0.011237060446979493,0.0009708012614247715,0.014938460518919276,0.9115333829034911,0.019312188041434048,0.05425469386138601,0.00917108834555392,0.0057286468481349,0.02179336236046259,1.254616526491945e-05,0.000251871702603731,2.175990489315494e-05,0.0003348362770612476,0.0015096488853531607,3.1984152963894586e-05,8.985467745802804e-05,1.5188827483465513e-05,9.487579381154036e-06,6.5474422913031844,0.022446623956292003,0.001512514999818342,309.1473760575555,82.3795680252517,25.492073077915087,6.3476290987334965,0.016574839244859696,-0.06551726357607013
261.8827586207,28.1898043436,0.9600000000000001,0.004354000000000001,0.019941000000000004,0.0026300000000000004,0.013075000000000002,0.022404131950313048,0.0016736094539884163,0.9715415307920553,0.0006527930702233024,0.012097734082240812,0.0010818989323882649,0.014626043123092364,0.9042052734144665,0.022246585689371868,0.05785736354860682,0.010113918498369998,0.005576858849184791,0.021766544651074332,1.4625262081532838e-05,0.00027103923067832246,2.4239006438129502e-05,0.00032768380004073006,0.001513286493932632,3.723209612869617e-05,9.683063061779317e-05,1.6926749615740354e-05,9.333483693554624e-06,6.5474422913031844,0.022446623956292003,0.001512514999818342,309.1473760575555,82.3795680252517,25.492073077915087,6.316122634123456,0.01658971369483009,-0.07200303848066714
261.8827586207,28.4800594915,0.9600000000000001,0.004354000000000001,0.019941000000000004,0.0026300000000000004,0.013075000000000002,0.022394858859088526,0.0016908919916538436,0.9707767308041709,0.0007541957526351419,0.012897506264353365,0.0011923866215198065,0.014379180557320919,0.8970051377785626,0.025396482799990752,0.06111340427522749,0.011033499943601236,0.005451475202617817,0.021740407870046784,1.6890107432388045e-05,0.0002888378324244037,2.6703330094401474e-05,0.00032201971909055186,0.0015167388039421241,4.2942709382678944e-05,0.00010333616587168594,1.8656456694548463e-05,9.217855762805982e-06,6.5474422913031844,0.022446623956292003,0.001512514999818342,309.1473760575555,82.3795680252517,25.492073077915087,6.286834318883668,0.01628272493392391,-0.07844575896275519
261.8827586207,28.7703146394,0.9600000000000001,0.004354000000000001,0.019941000000000004,0.0026300000000000004,0.013075000000000002,0.02238647944885864,0.0017080130864160947,0.9700185890703972,0.0008639967647380678,0.013635779360106088,0.0013012294865636397,0.014180405318194932,0.8899452670616012,0.028757760138524983,0.06403009727125218,0.011921394506862661,0.005345481021759174,0.0217153012092353,1.934184581768911e-05,0.00030525709441418575,2.9129947159205798e-05,0.0003174493522322566,0.001520038162335281,4.9118630652615795e-05,0.0001093642440637942,2.0361897826050373e-05,9.130151538353547e-06,6.5474422913031844,0.022446623956292003,0.001512514999818342,309.1473760575555,82.3795680252517,25.492073077915087,6.259616971618002,0.015661845764772586,-0.08483433789089556
261.8827586207,29.0605697874,0.9600000000000001,0.004354000000000001,0.019941000000000004,0.0026300000000000004,0.013075000000000002,0.02237892990208012,0.00172497509441359,0.9692790883445513,0.0009821385346302123,0.014313411867618623,0.0014075015427282146,0.014017859710471755,0.8830313249797622,0.0323230956379037,0.06662101704751086,0.0127704451576051,0.005254117177218148,0.02169142877361484,2.197920942062121e-05,0.0003203188408450389,3.149837836178434e-05,0.00031370469983784056,0.0015232070431771226,5.5756534949732426e-05,0.00011491959517145943,2.202869984144343e-05,9.063221273831939e-06,6.5474422913031844,0.022446623956292003,0.001512514999818342,309.1473760575555,82.3795680252517,25.492073077915087,6.234340771281748,0.014740294469097748,-0.09116109976525077
261.8827586207,29.3508249353,0.9600000000000001,0.004354000000000001,0.019941000000000004,0.0026300000000000004,0.013075000000000002,0.022372152251064134,0.0017417819247477842,0.9685655220542637,0.0011084517723500202,0.01493240285385994,0.001510411460020828,0.013883211859505355,0.8762647669008535,0.03608198291278805,0.06890427939789562,0.013574926272604886,0.005174044515857978,0.021668895324529404,2.4798451813976534e-05,0.00033406999012077914,3.379115514533803e-05,0.00031059732945463303,0.0015262621322812372,6.284694564655263e-05,0.00012001622839302572,2.3644561211407003e-05,9.012057215561825e-06,6.5474422913031844,0.022446623956292003,0.001512514999818342,309.1473760575555,82.3795680252517,25.492073077915087,6.210880611040639,0.013531827466398028,-0.09742441327293161
261.8827586207,29.6410800833,0.9600000000000001,0.004354000000000001,0.019941000000000004,0.0026300000000000004,0.013075000000000002,0.022366090556248715,0.0017584391184822063,0.9678819660471398,0.0012426637155399348,0.015495616545924934,0.0016093222659110552,0.013770431425484342,0.8696442891233578,0.04002111656423553,0.07090110052694595,0.014330641906854425,0.005102851878606296,0.021647735700370374,2.7793529192730675e-05,0.000346576362891063,3.599424753355403e-05,0.0003079907162609959,0.0015292165371591623,7.037469693188795e-05,0.00012467526871002115,2.5199561321973258e-05,8.973054359161726e-06,6.5474422913031844,0.022446623956292003,0.001512514999818342,309.1473760575555,82.3795680252517,25.492073077915087,6.189110841543503,0.012060212756265898,-0.10361754243576993
261.8827586207,29.9313352312,0.9600000000000001,0.004354000000000001,0.019941000000000004,0.0026300000000000004,0.013075000000000002,0.022360689559724655,0.0017749537408913738,0.967230259119717,0.00138441388035298,0.016006523655775557,0.0017037596036049195,0.0136750437405495,0.8631668551981199,0.044124962280074835,0.07263450810967453,0.015034917851545244,0.005038756560585706,0.02162793555694803,3.095644900074678e-05,0.0003579169063971862,3.809723958060914e-05,0.0003057834077980832,0.0015320812386473456,7.831976686570959e-05,0.00012892289188707164,2.6686283684594728e-05,8.94355980665255e-06,6.5474422913031844,0.022446623956292003,0.001512514999818342,309.1473760575555,82.3795680252517,25.492073077915087,6.168904222523467,0.010345154081553787,-0.10974121661053005
261.8827586207,30.2215903792,0.9600000000000001,0.004354000000000001,0.019941000000000004,0.0026300000000000004,0.013075000000000002,0.022355894590632502,0.0017913340375629034,0.9666106886525904,0.0015332748706055046,0.01646896990633006,0.001793408778330059,0.013593657792143835,0.8568283293944103,0.048376482257541605,0.07412826610523948,0.015686508707279036,0.004980413535529756,0.021609446665696003,3.427773138572235e-05,0.00036817855524221363,4.009325760626181e-05,0.00030389838070229774,0.0015348657507923665,8.665843928549216e-05,0.00013278848621983596,2.8099776977875796e-05,8.921584287333453e-06,6.5474422913031844,0.022446623956292003,0.001512514999818342,309.1473760575555,82.3795680252517,25.492073077915087,6.150133092606653,0.008407882829440716,-0.115796732730157
261.8827586207,30.5118455271,0.9600000000000001,0.004354000000000001,0.019941000000000004,0.0026300000000000004,0.013075000000000002,0.022351652135674954,0.0018075890598227373,0.9660224919718456,0.0016887745386496473,0.01688697314778673,0.0018781015744024222,0.013523658767315556,0.8506239513601327,0.05275785525786469,0.07540597879892916,0.016285423561352985,0.004926791021720515,0.021592198695792545,3.774690102348187e-05,0.0003774517494238129,4.1978673066506396e-05,0.00030227611636860803,0.0015375785485017641,9.536452198382769e-05,0.0001363030223221696,2.9437353464081097e-05,8.90561355089489e-06,6.5474422913031844,0.022446623956292003,0.001512514999818342,309.1473760575555,82.3795680252517,25.492073077915087,6.132671510196465,0.006270555877458506,-0.12178542039394546
261.8827586207,30.8021006751,0.9600000000000001,0.004354000000000001,0.019941000000000004,0.0026300000000000004,0.013075000000000002,0.0223479106087943,0.0018237282817292683,0.9654642273578666,0.001850417171940622,0.017264557934184514,0.0019577962747529916,0.013463001261255136,0.8445486651575214,0.057251136311876775,0.07649040559566948,0.01683270649136241,0.004877086443570108,0.02157610824898226,4.135295754750697e-05,0.00038582679741350586,4.375265613841034e-05,0.00030086994871261465,0.0015402272859444735,0.00010441051645310715,0.00013949771596576512,3.069828288634547e-05,8.89448047957722e-06,6.5474422913031844,0.022446623956292003,0.001512514999818342,309.1473760575555,82.3795680252517,25.492073077915087,6.116397550301174,0.003954287999272665,-0.12770968403455463
261.8827586207,31.092355823,0.9600000000000001,0.004354000000000001,0.019941000000000004,0.0026300000000000004,0.013075000000000002,0.022344621077324725,0.0018397612588791613,0.9649340479941707,0.002017701923472611,0.017605629598998244,0.002032554252640896,0.013410066230717546,0.8385973477289016,0.06183880422593909,0.0774029786941664,0.017330201214738,0.004830668136254797,0.021561085667038814,4.508478492698475e-05,0.0003933911222173482,4.5416654594365766e-05,0.0002996428485472118,0.0015428189121504498,0.0001137686363102957,0.0001424030015233765,3.1883432803455556e-05,8.887276091583577e-06,6.5474422913031844,0.022446623956292003,0.001512514999818342,309.1473760575555,82.3795680252517,25.492073077915087,6.10119529809187,0.001479019443851648,-0.13357242773719147
261.8827586207,31.3826109709,0.9600000000000001,0.004354000000000001,0.019941000000000004,0.0026300000000000004,0.013075000000000002,0.022341737821019846,0.0018556973517979687,0.9644299007967316,0.002190137581867732,0.01791388611392284,0.002102516095147636,0.013363559412330079,0.8327649624849208,0.0665041763993572,0.07816350275506243,0.017780324465957936,0.004787033894701647,0.02154703999035276,4.893147964605126e-05,0.00040022734691287214,4.69738633622629e-05,0.00029856514074590065,0.0015453597355534023,0.00012341162402779211,0.00014504780506982258,3.299490102558677e-05,8.883286121364963e-06,6.5474422913031844,0.022446623956292003,0.001512514999818342,309.1473760575555,82.3795680252517,25.492073077915087,6.086956326002553,-0.0011367797570018823,-0.13937685126471866
261.8827586207,31.6728661189,0.9600000000000001,0.004354000000000001,0.019941000000000004,0.0026300000000000004,0.013075000000000002,0.022339218683589845,0.0018715455206663029,0.9639496666623919,0.0023672534783822164,0.0181927629920931,0.0021678793941879377,0.013322437472944962,0.827046657185509,0.07123169220863552,0.07879000527085801,0.018185864476159407,0.0047457808588381376,0.02153388240354471,5.288259313306906e-05,0.0004064121109390881,4.842873186641261e-05,0.0002976128441065696,0.0015478554666375787,0.0001333133544825526,0.0001474590814379487,3.403567319980058e-05,8.881944908422396e-06,6.5474422913031844,0.022446623956292003,0.001512514999818342,309.1473760575555,82.3795680252517,25.492073077915087,6.073580608124215,-0.0038762630755337923,-0.14512628648556358
261.8827586207,31.9631212668,0.9600000000000001,0.004354000000000001,0.019941000000000004,0.0026300000000000004,0.013075000000000002,0.022337025226089418,0.0018873141874176569,0.9634912555539091,0.0025486068117456847,0.018445404949847435,0.002228879465045243,0.013285853219452593,0.8214378211003095,0.07600708012330447,0.07929870260893666,0.018549812934492642,0.0047065832329566655,0.021521528480424233,5.692829464534668e-05,0.00041201547567017675,4.9786536836628286e-05,0.0002967664385130339,0.0015503112538440612,0.0001434492406609031,0.00014966156647765972,3.500932512521152e-05,8.882801309821178e-06,6.5474422913031844,0.022446623956292003,0.001512514999818342,309.1473760575555,82.3795680252517,25.492073077915087,6.06097692424531,-0.0067242495846544514,-0.15082407192352143
261.8827586207,32.2533764148,0.9600000000000001,0.004354000000000001,0.019941000000000004,0.0026300000000000004,0.013075000000000002,0.022335122716196903,0.0019030111553145785,0.9630526675269344,0.0027337869402391736,0.018674657767486467,0.0022857735156318654,0.013253114249708157,0.8159341132096174,0.08081743048638938,0.0797040482512416,0.018875232502287367,0.004669175550464181,0.021509899511374855,6.10594667901784e-05,0.0004171007729197899,5.1053031973070534e-05,0.00029600993313900955,0.00155273171943961,0.0001537964717594595,0.00015167769294584417,3.5919778011009166e-05,8.885493158655425e-06,6.5474422913031844,0.022446623956292003,0.001512514999818342,309.1473760575555,82.3795680252517,25.492073077915087,6.049062852399664,-0.009667188120887182,-0.1564734633134206
261.8827586207,32.5436315627,0.9600000000000001,0.004354000000000001,0.019941000000000004,0.0026300000000000004,0.013075000000000002,0.022333479995510868,0.0019186435739124948,0.9626320287818749,0.0029224172855588605,0.018883074361302654,0.002338828264465021,0.013223651306798563,0.8105314705654519,0.08565119726659334,0.08001883446598827,0.019165157754740276,0.004633339947225967,0.021498923157838044,6.526774798556399e-05,0.00042172476350189696,5.223417425736495e-05,0.0002953301519279969,0.0015551209974542489,0.00016433411923346075,0.00015352762254013607,3.677110676915165e-05,8.88972791549716e-06,6.5474422913031844,0.022446623956292003,0.001512514999818342,309.1473760575555,82.3795680252517,25.492073077915087,6.037764460397221,-0.012693069373835186,-0.16207757330767691
261.8827586207,32.8338867107,0.9600000000000001,0.004354000000000001,0.019941000000000004,0.0026300000000000004,0.013075000000000002,0.022332069265296798,0.001934217937514225,0.9622276099728747,0.0031141554746864746,0.01907293008225718,0.002388310688321666,0.013196993781859965,0.8052261036771287,0.09049815016723727,0.08025432463301338,0.019422525138399715,0.004598896384220908,0.02148853363489523,6.954553576360157e-05,0.00042593799568913025,5.333591971864812e-05,0.00029471617923018786,0.0015574827734869913,0.00017504314536532627,0.0001552293542682642,3.756739651451368e-05,8.89526787912939e-06,6.5474422913031844,0.022446623956292003,0.001512514999818342,309.1473760575555,82.3795680252517,25.492073077915087,6.027015798221993,-0.015791306770088553,-0.16763933361668482
261.8827586207,33.1241418586,0.9600000000000001,0.004354000000000001,0.019941000000000004,0.0026300000000000004,0.013075000000000002,0.022330865824744917,0.001949740106705377,0.9618378323579142,0.003308692264914085,0.019246243375044818,0.002434481428666155,0.013172750573460812,0.800014483941566,0.09534929492853018,0.08042039938581956,0.019650126672138134,0.004565695071946094,0.021478671579548077,7.388596302316779e-05,0.0004297852784385116,5.436407813637722e-05,0.00029415892559878505,0.001559820325286076,0.0001859063444682349,0.00015679887807979685,3.831264007450878e-05,8.901918796760391e-06,6.5474422913031844,0.022446623956292003,0.001512514999818342,309.1473760575555,82.3795680252517,25.492073077915087,6.01675827534405,-0.01895260414410771,-0.17316147589976527
261.8827586207,33.4143970066,0.9600000000000001,0.004354000000000001,0.019941000000000004,0.0026300000000000004,0.013075000000000002,0.022329847787977145,0.0019652153445447722,0.9614612659686761,0.0035057496923186454,0.01940479897480574,0.002477590347568503,0.013150595016631057,0.79489332666287,0.10019677568946297,0.08052570491172395,0.019850582177953366,0.004533610557989609,0.021469283723116347,7.828285701222306e-05,0.00043330620746370713,5.532421534216606e-05,0.0002936507850427023,0.0015621365628341124,0.00019690824105884325,0.00015825035092280424,3.901066869426094e-05,8.909521034751367e-06,6.5474422913031844,0.022446623956292003,0.001512514999818342,309.1473760575555,82.3795680252517,25.492073077915087,6.006939986867972,-0.022168819154696706,-0.17864652432580197
261.8827586207,33.7046521545,0.9600000000000001,0.004354000000000001,0.019941000000000004,0.0026300000000000004,0.013075000000000002,0.022328995798575228,0.001980648361020146,0.9610966228342303,0.0037050787788897245,0.019550171695528695,0.002517873752968724,0.013130252938382632,0.7898595720794157,0.10503376956174824,0.08057779588880813,0.020026325386951895,0.00450253708307598,0.021460322453290367,8.27306884872189e-05,0.0004365357016508846,5.622159245138148e-05,0.00029318536269537585,0.0015644340668751686,0.00020803496353424434,0.00015959627936178367,3.966510855492241e-05,8.917942694026869e-06,6.5474422913031844,0.022446623956292003,0.001512514999818342,309.1473760575555,82.3795680252517,25.492073077915087,5.997515033839869,-0.02543283205685043,-0.1840967981891648
261.8827586207,33.9949073025,0.9600000000000001,0.004354000000000001,0.019941000000000004,0.0026300000000000004,0.013075000000000002,0.02232829275410895,0.001996043361140533,0.9607427473963384,0.003906457041076409,0.01968374955003788,0.0025555528757965377,0.013111493136750937,0.784910365975177,0.10985438044513497,0.08058326863486394,0.02017960003259137,0.004472384912232861,0.021451745325252385,8.722451644450427e-05,0.00043950452245180606,5.706113275939012e-05,0.00029275725720086514,0.0015667151250951384,0.00021927410677971806,0.00016084769837762433,4.027935667552529e-05,8.927074212527487e-06,6.5474422913031844,0.022446623956292003,0.001512514999818342,309.1473760575555,82.3795680252517,25.492073077915087,5.988442867647264,-0.02873850353081675,-0.18951450088452226
261.8827586207,34.2851624504,0.9600000000000001,0.004354000000000001,0.019941000000000004,0.0026300000000000004,0.013075000000000002,0.022327723548258904,0.002011404093489157,0.9603986055777641,0.004109685966564256,0.01980675544827078,0.002590833255081197,0.013094119752319668,0.7800430408599008,0.1146535366471464,0.08054788223638962,0.020312462835918844,0.004443077420644371,0.02144351456147366,9.175993213160588e-05,0.00044223976003696086,5.784740867908871e-05,0.0002923618859375899,0.0015689817654833344,0.00023061459294507935,0.00016201434005215664,4.085657089701353e-05,8.936824111573333e-06,6.5474422913031844,0.022446623956292003,0.001512514999818342,309.1473760575555,82.3795680252517,25.492073077915087,5.979687676618153,-0.032080235945247004,-0.19490140508206366
265.3206896552,28.5616613447,0.9600000000000001,0.004354000000000001,0.019941000000000004,0.0026300000000000004,0.013075000000000002,0.02214483260539529,0.001702846265923478,0.9689984283481161,0.00015946644076171698,0.004762144964409043,0.0003334503783515034,0.025746509868361606,0.9582649741617975,0.005162766133700452,0.022867700603955553,0.0030728076524173006,0.010631751448129313,0.021458307990660154,3.5313576368464064e-06,0.00010545690307946437,7.384202810799768e-06,0.0005701521512080257,0.0016317779330166748,8.791397032608006e-06,3.894017858370178e-05,5.232519036819888e-06,1.810423825367353e-05,5.906573175260858,0.022047172162006166,0.0016836737870571583,309.1473760575555,82.3795680252517,28.111331715813055,6.024632189894547,0.008448435288482159,-0.023378632298971525
265.3206896552,28.8423158724,0.9600000000000001,0.004354000000000001,0.019941000000000004,0.0026300000000000004,0.013075000000000002,0.02211490380452778,0.0017219651713860477,0.9718742003503591,0.00019643374300403024,0.005590345775108142,0.0004013995148408091,0.02193762061668804,0.9545713583671792,0.006254754291488542,0.026501825713296102,0.003648870578202281,0.009023191049833961,0.021492904450850548,4.34411333049746e-06,0.00012362995905056484,8.876911657888613e-06,0.0004851483696382814,0.001643738632710952,1.0770469045520685e-05,4.563522085643909e-05,6.2832280505595975e-06,1.553762072257639e-05,5.906573175260858,0.022047172162006166,0.0016836737870571583,309.1473760575555,82.3795680252517,28.111331715813055,5.963130628674794,0.008990219309021441,-0.02814047198343861
265.3206896552,29.1229704,0.9600000000000001,0.004354000000000001,0.019941000000000004,0.0026300000000000004,0.013075000000000002,0.022091533702582607,0.0017405443652321253,0.9732512517092222,0.0002425091178736276,0.00652024524910588,0.0004821704934290902,0.019503823430369195,0.9495144543105168,0.0076073700545757905,0.030560671274519117,0.004329549968452859,0.007987954391935469,0.021500612828214992,5.357398350688822e-06,0.00014404221766972669,1.0651885705979631e-05,0.0004308693726412214,0.0016526720331566263,1.3240965082727497e-05,5.319220418457552e-05,7.535773801581549e-06,1.3903389006614487e-05,5.906573175260858,0.022047172162006166,0.0016836737870571583,309.1473760575555,82.3795680252517,28.111331715813055,5.91222649935052,0.009612701681749769,-0.0335335262430867
265.3206896552,29.4036249277,0.9600000000000001,0.004354000000000001,0.019941000000000004,0.0026300000000000004,0.013075000000000002,0.02207248422379201,0.001758742732321984,0.9737165436705014,0.00029671388022818916,0.007491494340066355,0.0005720041092933105,0.017923243999910604,0.943683894322939,0.009180223769085193,0.03474993837793022,0.005078027669531694,0.007307915860513877,0.021492343048612427,6.549212440316817e-06,0.00016535589063374176,1.2625551678320795e-05,0.0003956105204272016,0.0016596971907497761,1.6145651834968114e-05,6.111620157082157e-05,8.930944258318808e-06,1.285274390809934e-05,5.906573175260858,0.022047172162006166,0.0016836737870571583,309.1473760575555,82.3795680252517,28.111331715813055,5.868398031958814,0.010184995782967832,-0.039289676564504994
265.3206896552,29.6842794553,0.9600000000000001,0.004354000000000001,0.019941000000000004,0.0026300000000000004,0.013075000000000002,0.022056264648038428,0.0017766654247313844,0.9736562017029073,0.00035847998008836624,0.008464250839039848,0.0006681175579206998,0.01685294992004379,0.9374628777080465,0.010947892303855341,0.038881325061218705,0.00586773663288558,0.0068401682939937865,0.021475218860963208,7.906729311852552e-06,0.00018668975655324418,1.4736177673500098e-05,0.0003717131235366239,0.0016655578817930722,1.9450741729942605e-05,6.907910590400915e-05,1.0425004797077562e-05,1.215269050728262e-05,5.906573175260858,0.022047172162006166,0.0016836737870571583,309.1473760575555,82.3795680252517,28.111331715813055,5.829348895735928,0.010621489227799152,-0.045234094151411774
265.3206896552,29.964933983,0.9600000000000001,0.004354000000000001,0.019941000000000004,0.0026300000000000004,0.013075000000000002,0.022042018290628494,0.0017943698095921712,0.9732936986820909,0.00042763681204198943,0.00941488427176257,0.0007685902365319892,0.01609518999757261,0.9310700345375297,0.012898616072407774,0.04284810597210389,0.006680830506725811,0.006502412911232676,0.021453357508504106,9.42597843277559e-06,0.00020752305132234108,1.6941280051636587e-05,0.00035477047231763625,0.0016706839605900835,2.3144887265848857e-05,7.688534775454923e-05,1.1987880564271162e-05,1.1667733417418252e-05,5.906573175260858,0.022047172162006166,0.0016836737870571583,309.1473760575555,82.3795680252517,28.111331715813055,5.793773745052508,0.010873048551469644,-0.051264679976731564
265.3206896552,30.2455885107,0.9600000000000001,0.004354000000000001,0.019941000000000004,0.0026300000000000004,0.013075000000000002,0.02202926376357593,0.0018118848191726392,0.9727571033815142,0.0005042403934208368,0.010329387319653313,0.0008719900004039741,0.015537278905007616,0.9246280640460254,0.015028323643048893,0.04659135611738358,0.007504477791115644,0.006247778402426507,0.021429122808283473,1.110804462691691e-05,0.00022754879778077942,1.9209297718099826e-05,0.00034227481516665694,0.0016753195526259801,2.7229591466453542e-05,8.44181708537536e-05,1.3597249385540656e-05,1.1320254840911272e-05,5.906573175260858,0.022047172162006166,0.0016836737870571583,309.1473760575555,82.3795680252517,28.111331715813055,5.760942910001487,0.010910551084735154,-0.05732356678774586
265.3206896552,30.5262430383,0.9600000000000001,0.004354000000000001,0.019941000000000004,0.0026300000000000004,0.013075000000000002,0.022017723163220003,0.0018292242918977984,0.9721221354454921,0.0005884434452063517,0.011199295296203756,0.0009771306682039857,0.015112995144893877,0.9182072372564337,0.0173362845487587,0.050079253470508386,0.008328498927064559,0.006048725797234547,0.021403916059077103,1.2956184873764871e-05,0.00024658298345496625,2.1514192546807536e-05,0.00033275374326736137,0.0016796069833858339,3.171195282784188e-05,9.160618696836107e-05,1.5234692552431242e-05,1.106447616333031e-05,5.906573175260858,0.022047172162006166,0.0016836737870571583,309.1473760575555,82.3795680252517,28.111331715813055,5.730434421346838,0.01071931079601196,-0.06337473709823804
265.3206896552,30.806897566,0.9600000000000001,0.004354000000000001,0.019941000000000004,0.0026300000000000004,0.013075000000000002,0.0220072278150595,0.0018463945633267747,0.9714353624207286,0.0006804128731497115,0.0120195304005259,0.0010829525123293735,0.014781741793266405,0.9118487769582788,0.019822483341422024,0.05329616929582266,0.00914419919144254,0.005888371213033965,0.021378599328397863,1.4974001107704883e-05,0.0002645165437544068,2.3832782651723552e-05,0.00032530515914779994,0.0016836326243519347,3.660012547323718e-05,9.840575723395034e-05,1.6883799673056595e-05,1.08722565945958e-05,5.906573175260858,0.022047172162006166,0.0016836737870571583,309.1473760575555,82.3795680252517,28.111331715813055,5.701988670575972,0.010292671535354181,-0.0693955789357883
265.3206896552,31.0875520936,0.9600000000000001,0.004354000000000001,0.019941000000000004,0.0026300000000000004,0.013075000000000002,0.021997667811195866,0.0018633986628390307,0.9707264080625193,0.0007802789316283543,0.01278728910713711,0.001188476907889358,0.014517546990825943,0.9055771473456234,0.02248608056212544,0.05623696707351505,0.009943892813191474,0.0057559122055444506,0.021353717060114664,1.716431673803535e-05,0.00028129053798452554,2.6143720221027325e-05,0.00031935217613761525,0.0016874512454614185,4.190053245195526e-05,0.00010479188924691053,1.8529436571515638e-05,1.0725559107230386e-05,5.906573175260858,0.022047172162006166,0.0016836737870571583,309.1473760575555,82.3795680252517,28.111331715813055,5.675431059818993,0.009630068545225079,-0.07537112875295637
265.3206896552,31.3682066213,0.9600000000000001,0.004354000000000001,0.019941000000000004,0.0026300000000000004,0.013075000000000002,0.021988964633475203,0.001880238672280505,0.9700145348356757,0.000888103938092138,0.013501432704145784,0.0012927996426398446,0.014303128879446627,0.8994066904735382,0.02532453096441305,0.058903837593230285,0.010720779699899385,0.005644161268919197,0.02132961530045857,1.9528486085558076e-05,0.0002968825262327071,2.8427325620176924e-05,0.00031451099507818966,0.0016910992415361684,4.761616247665453e-05,0.0001107532733885218,2.015762458875061e-05,1.0612370290409681e-05,5.906573175260858,0.022047172162006166,0.0016836737870571583,309.1473760575555,82.3795680252517,28.111331715813055,5.650630307953114,0.008735593507579686,-0.08129132359190905
265.3206896552,31.6488611489,0.9600000000000001,0.004354000000000001,0.019941000000000004,0.0026300000000000004,0.013075000000000002,0.021981056040785617,0.001896917043888362,0.9693123434232144,0.0010038649192529669,0.0141621125910867,0.0013951024601546417,0.014126576606291302,0.8933453660094133,0.028333144397698722,0.06130433977478762,0.011468982820272353,0.005548166997827957,0.02130650894181091,2.2066011047478194e-05,0.00031129819052059236,3.066582535929706e-05,0.0003105170720473402,0.001694602050861943,5.3745624514944764e-05,0.00011628924698311787,2.175570898783744e-05,1.0524412540518776e-05,5.906573175260858,0.022047172162006166,0.0016836737870571583,309.1473760575555,82.3795680252517,28.111331715813055,5.627475719966571,0.007617027372069707,-0.08714948382883403
265.3206896552,31.9295156766,0.9600000000000001,0.004354000000000001,0.019941000000000004,0.0026300000000000004,0.013075000000000002,0.021973887759457696,0.0019134372951538975,0.9686279599296517,0.0011274472335879228,0.014770499637017683,0.0014946703099802843,0.013979422889762456,0.8873969768738714,0.0315049704527508,0.06345000566159877,0.012183633583415317,0.00546441342836363,0.02128452207216665,2.47743989655721e-05,0.0003245653011749372,3.284371762890061e-05,0.000307182269521634,0.0016979784711572863,6.0282785447014954e-05,0.00012140760721062903,2.3312618888996393e-05,1.045581244997074e-05,5.906573175260858,0.022047172162006166,0.0016836737870571583,309.1473760575555,82.3795680252517,28.111331715813055,5.605865029138771,0.006283144584415368,-0.09294332788323967
265.3206896552,32.2101702042,0.9600000000000001,0.004354000000000001,0.019941000000000004,0.0026300000000000004,0.013075000000000002,0.021967409061866436,0.0019298042387608095,0.9679664014774918,0.0012586474284085297,0.015328561215446014,0.0015909069999701145,0.013855482878683387,0.8815625186933854,0.03483095501633506,0.06535524154476063,0.012860947812002303,0.005390336933516632,0.0212637138993989,2.764922292451642e-05,0.00033672877454956316,3.494810484773024e-05,0.0003043690601457247,0.0017012430853071505,6.721692463061048e-05,0.00012612282215831563,2.4819111602083603e-05,1.040229506264934e-05,5.906573175260858,0.022047172162006166,0.0016836737870571583,309.1473760575555,82.3795680252517,28.111331715813055,5.585698396483851,0.004749966084032664,-0.09866743886553397
265.3206896552,32.4908247319,0.9600000000000001,0.004354000000000001,0.019941000000000004,0.0026300000000000004,0.013075000000000002,0.021961570754173685,0.0019460240355907298,0.967330484890262,0.0013971825652740262,0.015838855822638474,0.001683344061700307,0.013750132660125218,0.8758411402473933,0.038300237872167964,0.06703635340099502,0.013498242079207004,0.005324026400236927,0.021244096886586628,3.068432376376342e-05,0.0003478461528140307,3.69688797146494e-05,0.0003019745112946144,0.0017044079102806187,7.453318346808121e-05,0.00013045435497669068,2.6267903524359017e-05,1.036068334098065e-05,5.906573175260858,0.022047172162006166,0.0016836737870571583,309.1473760575555,82.3795680252517,28.111331715813055,5.566876086855812,0.0030303127640740612,-0.10432259570516234
265.3206896552,32.7714792595,0.9600000000000001,0.004354000000000001,0.019941000000000004,0.0026300000000000004,0.013075000000000002,0.021956324453967255,0.0019621039830028195,0.9667214583028193,0.0015427047253278707,0.01630434952854912,0.0017716423211678247,0.01365984512213573,0.8702307399751773,0.04190059854286929,0.06851073101419491,0.014093901164583108,0.0052640293031753285,0.021225649995109078,3.387212548596717e-05,0.00035798358825971257,3.889875361994042e-05,0.0002999199914925541,0.0017074832010367863,8.221333129116596e-05,0.00013442517820138665,2.7653699611076595e-05,1.032857286240387e-05,5.906573175260858,0.022047172162006166,0.0016836737870571583,309.1473760575555,82.3795680252517,28.111331715813055,5.549298249352543,0.001139275004449658,-0.10990935288975656
265.3206896552,33.0521337872,0.9600000000000001,0.004354000000000001,0.019941000000000004,0.0026300000000000004,0.013075000000000002,0.02195162266247359,0.0019780522499445214,0.9661394626807017,0.0016948177233256524,0.01672824997504003,0.0018555856314510866,0.013581883989481416,0.8647284179055216,0.045618930785018046,0.06979614102302875,0.014647286516011108,0.005209223770420394,0.02120832892409175,3.7203999144117285e-05,0.00036721223125561194,4.073311559952204e-05,0.0002981443923825875,0.0017104779926289833,9.023662867936834e-05,0.00013806041378804714,2.897309804857782e-05,1.0304116799544544e-05,5.906573175260858,0.022047172162006166,0.0016836737870571583,309.1473760575555,82.3795680252517,28.111331715813055,5.532865830291126,-0.0009078088494902659,-0.115429216874535
265.3206896552,33.3327883148,0.9600000000000001,0.004354000000000001,0.019941000000000004,0.0026300000000000004,0.013075000000000002,0.021947419187863085,0.001993877568694143,0.9655838760364607,0.0018530942604826964,0.017113864850105895,0.0019350686777487066,0.013514096175202083,0.8593307962986094,0.049441711060474514,0.07091015519572504,0.015158606004393966,0.00515873144079708,0.021192074088413827,4.067063652943689e-05,0.0003756051657897097,4.246976342785481e-05,0.00029659953370225734,0.001713400398827873,9.858071864133723e-05,0.00014138616783737658,3.0224404484833476e-05,1.0285878902722515e-05,5.906573175260858,0.022047172162006166,0.0016836737870571583,309.1473760575555,82.3795680252517,28.111331715813055,5.517481939459349,-0.003095832001193344,-0.12088441301491937
265.3206896552,33.6134428425,0.9600000000000001,0.004354000000000001,0.019941000000000004,0.0026300000000000004,0.013075000000000002,0.021943669675006154,0.0020095889349549013,0.9650535725863836,0.002017091881420329,0.017464487316453357,0.002010080948583869,0.013454767267158899,0.8540342507826096,0.05335541739424547,0.07186971329591167,0.015628761888656997,0.005111856638576234,0.021176816815520177,4.4262397950024385e-05,0.00038323494071558717,4.410855235574745e-05,0.00029524696846462017,0.0017162577804452316,0.00010722245641537598,0.00014442858059784524,3.140738695848997e-05,1.0272730537958556e-05,5.906573175260858,0.022047172162006166,0.0016836737870571583,309.1473760575555,82.3795680252517,28.111331715813055,5.5030532508259,-0.005410272844327935,-0.12627766397183837
265.3206896552,33.8940973701,0.9600000000000001,0.004354000000000001,0.019941000000000004,0.0026300000000000004,0.013075000000000002,0.021940332093869853,0.002025195344073165,0.9645471168663869,0.0021863666982687956,0.0177833089112626,0.0020806890241187636,0.013402518499962771,0.8488350746405288,0.0573468746663406,0.07269081397583263,0.01605919380066311,0.005068042916634791,0.021162484064233225,4.796961143899512e-05,0.0003901717032409766,4.5651008173235655e-05,0.00029405570678341764,0.0017190568410479963,0.00011613862357142032,0.0001472130980207448,3.252300451467157e-05,1.0263776918331762e-05,5.906573175260858,0.022047172162006166,0.0016836737870571583,309.1473760575555,82.3795680252517,28.111331715813055,5.48949119676592,-0.007837449281196562,-0.13161200592956224
265.3206896552,34.1747518978,0.9600000000000001,0.004354000000000001,0.019941000000000004,0.0026300000000000004,0.013075000000000002,0.021937367112739473,0.002040705577546422,0.9640629068494507,0.0023604843772369348,0.018073358150274933,0.002147018970238024,0.013356231652799344,0.8437295924231082,0.061403517145808204,0.07338831915390796,0.01645172992470236,0.005026841352473317,0.02114900190733116,5.178281234733285e-05,0.0003964818927026032,4.70999433481274e-05,0.0002930005570102503,0.0017218036851988062,0.00012530649992041815,0.00014976395222413688,3.357313701762749e-05,1.0258303185433298e-05,5.906573175260858,0.022047172162006166,0.0016836737870571583,309.1473760575555,82.3795680252517,28.111331715813055,5.47671284585604,-0.010364679359345708,-0.1368906387596569
265.3206896552,34.4554064254,0.9600000000000001,0.004354000000000001,0.019941000000000004,0.0026300000000000004,0.013075000000000002,0.021934738331944818,0.0020561280435405106,0.9635992769062622,0.002539028312976412,0.01833746147338988,0.002209240104997713,0.013314993202373802,0.8387142352270494,0.06551357033450676,0.073975852446174,0.016808455000878245,0.004987886991391723,0.021136297995790098,5.5692921662536894e-05,0.00040222741909092625,4.845910361556313e-05,0.0002920608917856933,0.0017245038595669684,0.00013470428919724303,0.00015210382475939322,3.45603356958945e-05,1.0255734321011427e-05,5.906573175260858,0.022047172162006166,0.0016836737870571583,309.1473760575555,82.3795680252517,28.111331715813055,5.464641442343922,-0.012980360837284266,-0.14211680622575962
265.3206896552,34.7360609531,0.9600000000000001,0.004354000000000001,0.019941000000000004,0.0026300000000000004,0.013075000000000002,0.021932412383793558,0.0020714706681872197,0.9631545694607136,0.002721605209452245,0.01857822238341353,0.0022675508784989777,0.013278052067921771,0.8337855874001109,0.06966616135386818,0.07446577066167896,0.017131599516927644,0.0049508810674143275,0.02112430320674751,5.969136779958747e-05,0.0004074652346708495,4.973286096847294e-05,0.0002912197136071431,0.0017271623878565812,0.00014431140980973597,0.0001542536597096244,3.548760589844596e-05,1.0255604912832213e-05,5.906573175260858,0.022047172162006166,0.0016836737870571583,309.1473760575555,82.3795680252517,28.111331715813055,5.453206637894988,-0.01567399080787002,-0.14729370719611534
265.3206896552,35.0167154807,0.9600000000000001,0.004354000000000001,0.019941000000000004,0.0026300000000000004,0.013075000000000002,0.021930358919870774,0.0020867408305723354,0.962727182683097,0.002907848449879581,0.018798014530137384,0.002322167170534031,0.013244787166352016,0.8289404124212186,0.07385137064183943,0.07486918842580145,0.01742345110361442,0.004915577407526042,0.021112952658156315,6.377016019044906e-05,0.0004122472056268588,5.092595952175206e-05,0.0002904629363753979,0.001729783804710828,0.00015410867051205739,0.0001562325924399336,3.6358226827392826e-05,1.0257536082123501e-05,5.906573175260858,0.022047172162006166,0.0016836737870571583,309.1473760575555,82.3795680252517,28.111331715813055,5.442344471721507,-0.018436139317113742,-0.1524244310878098
265.3206896552,35.2973700084,0.9600000000000001,0.004354000000000001,0.019941000000000004,0.0026300000000000004,0.013075000000000002,0.021928550512454507,0.0021019453327779116,0.9623156002598785,0.0030974196983372376,0.018998984852772526,0.0023733129963007405,0.01321468219271111,0.8241756640459368,0.0780602385090871,0.07519603863847407,0.017686286885768898,0.004881771920733164,0.021102186249221725,6.792192431325972e-05,0.0004166201990293804,5.204331392124555e-05,0.00028977882596889867,0.0017323721904304928,0.00016407835400970622,0.00015805796245952809,3.717560817371312e-05,1.0261217704471335e-05,5.906573175260858,0.022047172162006166,0.0016836737870571583,309.1473760575555,82.3795680252517,28.111331715813055,5.4319971624087025,-0.021258394608229203,-0.15751191607585824
265.3206896552,35.578024536,0.9600000000000001,0.004354000000000001,0.019941000000000004,0.0026300000000000004,0.013075000000000002,0.021926962496400974,0.0021170903964164945,0.9619184081031109,0.0032900091661125395,0.01918306349767942,0.0024212134156670877,0.013187305817430085,0.8194884873971977,0.08228473914909545,0.07545515479597123,0.017922324260003713,0.004849294397731943,0.02109194885907464,7.213990759816509e-05,0.0004206263138796951,5.3089855761115134e-05,0.00028915756008735986,0.0017349312066424869,0.00017420423102418634,0.00015974538357867068,3.794318057231622e-05,1.0266394598834607e-05,5.906573175260858,0.022047172162006166,0.0016836737870571583,309.1473760575555,82.3795680252517,28.111331715813055,5.422112770987286,-0.02413328905979828,-0.16255892286450901
265.3206896552,35.8586790637,0.9600000000000001,0.004354000000000001,0.019941000000000004,0.0026300000000000004,0.013075000000000002,0.02192557277436456,0.0021321816779924134,0.9615343018182341,0.0034853349263130606,0.019351977906548346,0.002466089342833749,0.013162296006070748,0.8148762135113459,0.08651773283646838,0.07565436454880985,0.018133687039351892,0.004818002064023895,0.021082190309563507,7.641796456991154e-05,0.0004243031999179209,5.407042135438624e-05,0.0002885908789588322,0.0017374641322807256,0.00018447152477536047,0.00016130884995113113,3.8664315259754596e-05,1.027285572544138e-05,5.906573175260858,0.022047172162006166,0.0016836737870571583,309.1473760575555,82.3795680252517,28.111331715813055,5.412644785668024,-0.027054218034621158,-0.16756802320399622
265.3206896552,36.1393335913,0.9600000000000001,0.004354000000000001,0.019941000000000004,0.0026300000000000004,0.013075000000000002,0.02192436160357007,0.0021472242967587,0.961162087851297,0.0036831415940011547,0.01950726911601378,0.0025081539228203184,0.01313934751586769,0.810336349893507,0.09075290489720417,0.0758005868538171,0.018322383877444965,0.004787774478026787,0.02107286517369422,8.075052814403077e-05,0.0004276844219976407,5.498967356132543e-05,0.00028807180617285334,0.0017399738990380976,0.0001948668423967084,0.0001627608618010842,3.934226783618971e-05,1.028042568662032e-05,5.906573175260858,0.022047172162006166,0.0016836737870571583,309.1473760575555,82.3795680252517,28.111331715813055,5.4035516677741775,-0.030015354604833178,-0.17254159621796283
265.3206896552,36.419988119,0.9600000000000001,0.004354000000000001,0.019941000000000004,0.0026300000000000004,0.013075000000000002,0.021923311377706957,0.002162222870102645,0.9608006804946727,0.003883198620020886,0.01965030886659841,0.002547610153259753,0.013118201865448254,0.8058665689016152,0.09498469794362646,0.07589992753623431,0.018490296148384884,0.004758509470139083,0.021063932490397445,8.513257248819984e-05,0.0004307998399505528,5.5852050658921306e-05,0.00028759442421183836,0.0017424631255302215,0.0002053780862035008,0.00016411255915797933,3.9980141207008644e-05,1.0288958003934745e-05,5.906573175260858,0.022047172162006166,0.0016836737870571583,309.1473760575555,82.3795680252517,28.111331715813055,5.394796387977191,-0.03301156745078693,-0.17748183267150086
265.3206896552,36.7006426466,0.9600000000000001,0.004354000000000001,0.019941000000000004,0.0026300000000000004,0.013075000000000002,0.02192240641340287,0.0021771815527457496,0.9604490963354836,0.004085298384490888,0.019782316568841524,0.002584649465146198,0.013098639246037831,0.8014646951950588,0.09920824206467671,0.07595776998569921,0.018639172861259747,0.004730119893305448,0.021055355429251996,8.955957150482743e-05,0.0004336759836207373,5.666173601111931e-05,0.00028715369301419026,0.0017449341495556772,0.00021599435450354903,0.0001653738556005691,4.058086331197393e-05,1.0298329773980315e-05,5.906573175260858,0.022047172162006166,0.0016836737870571583,309.1473760575555,82.3795680252517,28.111331715813055,5.3863459729577645,-0.03603834199456202,-0.18239074231212715
268.7586206897,31.45987329,0.9600000000000001,0.004354000000000001,0.019941000000000004,0.0026300000000000004,0.013075000000000002,0.021725619663567754,0.0018968520883826002,0.9692988180107238,0.0001900987997321499,0.005200775690562949,0.00037484047418716337,0.024935467024793868,0.9581223795241567,0.005194776337809303,0.0229173510749436,0.003085362573724543,0.010680130489365903,0.021058617460446762,4.130014221481424e-06,0.00011299007460869958,8.143641576701698e-06,0.000541738472714107,0.0018174164365265027,9.853722345054093e-06,4.347082524670399e-05,5.8524764413869135e-06,2.0258627822952393e-05,5.281262712099954,0.021627683670083036,0.0018734599928032646,309.1473760575555,82.3795680252517,30.925250326860546,5.383622329677825,0.007460136300735165,-0.02376030368664228
268.7586206897,31.7302965683,0.9600000000000001,0.004354000000000001,0.019941000000000004,0.0026300000000000004,0.013075000000000002,0.021697646661505508,0.001915722409492372,0.971619937532684,0.00022895011261493206,0.005981634280446714,0.00044146452244524427,0.021728013551809023,0.9549004077868775,0.006164342975190824,0.02606728704098721,0.003590473190848782,0.009277489006095705,0.02108186609385823,4.96767864663069e-06,0.00012978738707548155,9.578741221607178e-06,0.00047144676070355547,0.0018293241100307254,1.1809169977369941e-05,4.993768593908931e-05,6.878349952390594e-06,1.7773093592796657e-05,5.281262712099954,0.021627683670083036,0.0018734599928032646,309.1473760575555,82.3795680252517,30.925250326860546,5.331788650052617,0.0072202807819019554,-0.028484548395600662
268.7586206897,32.0007198467,0.9600000000000001,0.004354000000000001,0.019941000000000004,0.0026300000000000004,0.013075000000000002,0.02167505679098648,0.0019340812868526356,0.9727965386962258,0.0002762280882438551,0.006842873891366323,0.0005189308794439429,0.019565428444720114,0.9506368960704683,0.00733766637393582,0.02952477253009981,0.004174648912289147,0.008326016113206769,0.02108542022231577,5.987259499951184e-06,0.0001483196802089237,1.124785628254402e-05,0.00042408177267929076,0.0018386090312815667,1.4191643222997104e-05,5.7103310049046785e-05,8.074110340438149e-06,1.6103191958586726e-05,5.281262712099954,0.021627683670083036,0.0018734599928032646,309.1473760575555,82.3795680252517,30.925250326860546,5.287817196774204,0.007060562493224509,-0.033638822246392586
268.7586206897,32.271143125,0.9600000000000001,0.004354000000000001,0.019941000000000004,0.0026300000000000004,0.013075000000000002,0.021656216088661612,0.001952060945542511,0.97323474228147,0.00033120551259083723,0.007739481269852556,0.00060435791876922,0.018090213017317128,0.945739391641679,0.00868861381195718,0.033088296432886834,0.004812655905208701,0.0076710422082682484,0.021076581883840408,7.172658150423106e-06,0.00016760787879407612,1.308810568376003e-05,0.0003917655621929389,0.001846140931084855,1.6960703693222853e-05,6.459037122117197e-05,9.394597636892447e-06,1.4974341906368629e-05,5.281262712099954,0.021627683670083036,0.0018734599928032646,309.1473760575555,82.3795680252517,30.925250326860546,5.249386130489652,0.006887599873194539,-0.03904956643388946
268.7586206897,32.5415664033,0.9600000000000001,0.004354000000000001,0.019941000000000004,0.0026300000000000004,0.013075000000000002,0.021639966553286094,0.0019697547973457565,0.9732187559235242,0.00039342505385158366,0.008639916614562709,0.000695486237264259,0.017052416170797228,0.9404901656782626,0.010199494195158641,0.03662050189727376,0.005485188735040418,0.007204649494264604,0.021060421327215768,8.51370500657305e-06,0.00018696750656231785,1.5050298912669361e-05,0.00036901371558876697,0.001852535015701263,2.0090502621413927e-05,7.213340929336437e-05,1.0804476825192764e-05,1.4191392904522382e-05,5.281262712099954,0.021627683670083036,0.0018734599928032646,309.1473760575555,82.3795680252517,30.925250326860546,5.214883266173241,0.00663674926534874,-0.04459639098400725
268.7586206897,32.8119896816,0.9600000000000001,0.004354000000000001,0.019941000000000004,0.0026300000000000004,0.013075000000000002,0.02162558922778024,0.001987218531249206,0.9729258518583928,0.00046271936189359734,0.0095241468107124,0.0007906635766913498,0.01629661839231001,0.9350632226563449,0.011861126022888068,0.04003737364319217,0.006178479694074601,0.006859797983500266,0.02104009482137777,1.0006578848051525e-05,0.00020596528667353963,1.709856572689465e-05,0.00035242397515398467,0.0018581749639522908,2.357064943416536e-05,7.956301084630001e-05,1.2277989343011972e-05,1.3631917673437664e-05,5.281262712099954,0.021627683670083036,0.0018734599928032646,309.1473760575555,82.3795680252517,30.925250326860546,5.183318158679644,0.006268510461381105,-0.05020348379192896
268.7586206897,33.0824129599,0.9600000000000001,0.004354000000000001,0.019941000000000004,0.0026300000000000004,0.013075000000000002,0.021612651762183806,0.00200448301457989,0.9724643113691994,0.0005391055271045988,0.010379618833430873,0.0008886229534991111,0.015728341316766013,0.9295631336939157,0.013669671728986638,0.04328913947182949,0.006882305545238961,0.0065957495600293126,0.021017532512774387,1.1651500020380236e-05,0.000224331087271146,1.920549844185954e-05,0.0003399311636760313,0.0018632935124691095,2.740062479563663e-05,8.677234478706208e-05,1.3795464566580484e-05,1.3221067961501538e-05,5.281262712099954,0.021627683670083036,0.0018734599928032646,309.1473760575555,82.3795680252517,30.925250326860546,5.154098086078286,0.005757898275480677,-0.05582546406537059
268.7586206897,33.3528362383,0.9600000000000001,0.004354000000000001,0.019941000000000004,0.0026300000000000004,0.013075000000000002,0.021600890723320745,0.0020215646811178093,0.9719014038383821,0.0006226908470378551,0.011198403197057137,0.0009883138672026782,0.015289188250320213,0.9240533378261525,0.015623940202781022,0.04634689110874732,0.007588502174410512,0.006387328687908568,0.020993936018154916,1.345067694127674e-05,0.00024189548373531689,2.134845984578758e-05,0.0003302600846434464,0.0018680335912183734,3.158480569383874e-05,9.36932381450566e-05,1.534064797837399e-05,1.2912398082166519e-05,5.281262712099954,0.021627683670083036,0.0018734599928032646,309.1473760575555,82.3795680252517,30.925250326860546,5.1268614087905755,0.005091744862276926,-0.06143244977266171
268.7586206897,33.6232595166,0.9600000000000001,0.004354000000000001,0.019941000000000004,0.0026300000000000004,0.013075000000000002,0.021590139897731567,0.0020384721118341027,0.971280120589859,0.0007136063962404854,0.011975512997434865,0.0010888070331953915,0.014941952983270373,0.9185730268745911,0.017723581183771958,0.0491947666913531,0.008290130945256366,0.006218494305027532,0.020970073683420642,1.5406861926748146e-05,0.00025855300096172144,2.350749616832256e-05,0.0003225988552541349,0.0018724854979668916,3.612902596494679e-05,0.00010028215994850853,1.689920073535799e-05,1.2676227218397813e-05,5.281262712099954,0.021627683670083036,0.0018734599928032646,309.1473760575555,82.3795680252517,30.925250326860546,5.1013775174998655,0.004263225664407955,-0.06700510830945472
268.7586206897,33.8936827949,0.9600000000000001,0.004354000000000001,0.019941000000000004,0.0026300000000000004,0.013075000000000002,0.02158028872041863,0.0020552099492498433,0.9706286964533655,0.0008119637265587633,0.01270796718402266,0.0011892517070013068,0.014662120929051807,0.9131467342050417,0.019967953009484805,0.05182555052014741,0.008981085762179802,0.006078676503146391,0.020946447509787202,1.7522411649645157e-05,0.00027424160088081434,2.56643951983389e-05,0.00031641280290263063,0.001876708253263204,4.1038335691246524e-05,0.00010651238705435735,1.845801681349804e-05,1.2492956427537708e-05,5.281262712099954,0.021627683670083036,0.0018734599928032646,309.1473760575555,82.3795680252517,30.925250326860546,5.077489262425621,0.0032702577504633012,-0.07253042513649177
268.7586206897,34.1641060732,0.9600000000000001,0.004354000000000001,0.019941000000000004,0.0026300000000000004,0.013075000000000002,0.021571258307975644,0.002071781226620545,0.9699660534611906,0.0009178268015804749,0.013394251486342235,0.0012888631830789148,0.014433005067807885,0.9077898221239342,0.022355430014506718,0.05423811728308456,0.009655949844666606,0.005960680733807878,0.020923388289179057,1.9798679018875533e-05,0.00028893085865387507,2.7802400645834975e-05,0.0003113380804780054,0.001880741911193571,4.631556021708448e-05,0.00011236951315433792,2.0005015613369846e-05,1.2349226442181937e-05,5.281262712099954,0.021627683670083036,0.0018734599928032646,309.1473760575555,82.3795680252517,30.925250326860546,5.055079986709383,0.0021143215771113333,-0.07799953704617124
268.7586206897,34.4345293516,0.9600000000000001,0.004354000000000001,0.019941000000000004,0.0026300000000000004,0.013075000000000002,0.021562987503525328,0.0020881887472393246,0.96930499514326,0.0010311950413238935,0.01403398402701565,0.0013869262670594543,0.014242899521341066,0.9025117082707491,0.024883014565057582,0.056435834470735476,0.010309980945720157,0.005859461747737646,0.020901111497378794,2.22356457897644e-05,0.0003026146221992125,2.9906273764914046e-05,0.00030711946439264425,0.0018846147934627184,5.196043101214546e-05,0.000117848674482851,2.152918619510468e-05,1.2235662086505018e-05,5.281262712099954,0.021627683670083036,0.0018734599928032646,309.1473760575555,82.3795680252517,30.925250326860546,5.034054519381323,0.0007995884767026951,-0.08340657541859553
268.7586206897,34.7049526299,0.9600000000000001,0.004354000000000001,0.019941000000000004,0.0026300000000000004,0.013075000000000002,0.02155542474192147,0.0021044358694458083,0.9686541511614102,0.0011519951315221292,0.014627681939857187,0.0014828054786094674,0.014083366288601164,0.8973178345000306,0.027546176257866012,0.058425453967589754,0.010939149621872708,0.005771385652641005,0.0208797516563096,2.483174436058518e-05,0.00031530589720335544,3.196250190107522e-05,0.00030357294214685624,0.0018883478372153017,5.796916138312974e-05,0.0001229526210180508,2.302073884550348e-05,1.2145510983822637e-05,5.281262712099954,0.021627683670083036,0.0018734599928032646,309.1473760575555,82.3795680252517,30.925250326860546,5.014328304839857,-0.000667526759214887,-0.08874776520051952
268.7586206897,34.9753759082,0.9600000000000001,0.004354000000000001,0.019941000000000004,0.0026300000000000004,0.013075000000000002,0.021548523417442726,0.0021205269175375015,0.9680192143353594,0.0012800799737609295,0.01517657587338137,0.001575955939513379,0.013948173877984853,0.8922109321509364,0.030338861422459375,0.060216251025147695,0.011540182636866382,0.005693772764590048,0.020859384708640002,2.758383329078686e-05,0.00032703280060415474,3.3959523467462e-05,0.0003005625514403195,0.001891957297747286,6.433437229376519e-05,0.00012769018117202085,2.4471267914774065e-05,1.2073798409655112e-05,5.281262712099954,0.021627683670083036,0.0018734599928032646,309.1473760575555,82.3795680252517,30.925250326860546,4.995821433814486,-0.002281168439712822,-0.09402322581632472
268.7586206897,35.2457991865,0.9600000000000001,0.004354000000000001,0.019941000000000004,0.0026300000000000004,0.013075000000000002,0.021542239344127363,0.002136467242581304,0.9674037626443414,0.0014152337668492969,0.01568245162857657,0.0016659317430510639,0.013832620217181566,0.8871918104816392,0.03325366347272415,0.06181932751994991,0.01211059354850061,0.0056246049771861185,0.02084004339729378,3.0487304533358493e-05,0.00033783512648549643,3.588790033978531e-05,0.00029798561547494034,0.0018954562409804225,7.104536270529758e-05,0.00013207496820477792,2.587388640458803e-05,1.2016784286217904e-05,5.281262712099954,0.021627683670083036,0.0018734599928032646,309.1473760575555,82.3795680252517,30.925250326860546,4.978455710960232,-0.004028590570695378,-0.09922872637171842
268.7586206897,35.5162224649,0.9600000000000001,0.004354000000000001,0.019941000000000004,0.0026300000000000004,0.013075000000000002,0.021536529651491058,0.002152263261278497,0.9668098379185106,0.0015571807363096348,0.016147501187724816,0.0017523888089198219,0.01373309134853519,0.8822599957115731,0.03628203472785136,0.06324696667107124,0.012648666901409417,0.005562335988094735,0.020821728741685266,3.353626910026313e-05,0.0003477611381269226,3.774037354424284e-05,0.00029576312903436343,0.0018988557756657429,7.808849038918504e-05,0.00013612412275345218,2.7223261076052812e-05,1.1971611394063524e-05,5.281262712099954,0.021627683670083036,0.0018734599928032646,309.1473760575555,82.3795680252517,30.925250326860546,4.962153571298155,-0.005901537515915045,-0.10436634730930106
268.7586206897,35.7866457432,0.9600000000000001,0.004354000000000001,0.019941000000000004,0.0026300000000000004,0.013075000000000002,0.021531352374278865,0.0021679222352145875,0.9662383622129102,0.0017055972261283436,0.01657419324871149,0.0018350832404923254,0.013646764071757678,0.8774141046815848,0.039414598724345856,0.06451211344766526,0.01315342105940814,0.005505762086996093,0.020804418654352265,3.6723814884361954e-05,0.0003568647951574009,3.9511823887173784e-05,0.0002938332859976632,0.0019021655470301073,8.544778496656989e-05,0.00013985724518387953,2.8515593983830723e-05,1.1936064050200301e-05,5.281262712099954,0.021627683670083036,0.0018734599928032646,309.1473760575555,82.3795680252517,30.925250326860546,4.946838098029549,-0.00788980210378476,-0.10943744372310515
268.7586206897,36.0570690215,0.9600000000000001,0.004354000000000001,0.019941000000000004,0.0026300000000000004,0.013075000000000002,0.021526666542271446,0.0021834520608022315,0.9656894516646749,0.0018601246887814582,0.016965156509720802,0.0019138646538832424,0.013571402482939528,0.8726521556787475,0.04264145638062764,0.06562791839447589,0.013624535574304129,0.0054539339718448826,0.020788074809374415,4.00422839024449e-05,0.00036520326702220543,4.1199126211184316e-05,0.000292147055761194,0.0019053941476802711,9.310557580988989e-05,0.00014329541366457906,2.9748520277187666e-05,1.1908403370304008e-05,5.281262712099954,0.021627683670083036,0.0018734599928032646,309.1473760575555,82.3795680252517,30.925250326860546,4.932433618929424,-0.009983149590215845,-0.11444403945109727
268.7586206897,36.3274922998,0.9600000000000001,0.004354000000000001,0.019941000000000004,0.0026300000000000004,0.013075000000000002,0.02152243247314332,0.0021988610273924753,0.965162655146915,0.002020382647867815,0.017323081159702637,0.0019886660619210994,0.013505214983593547,0.867971791257939,0.04595248347307331,0.0666073712079685,0.014062259534546435,0.005406094526472771,0.020772648070999194,4.3483549108645554e-05,0.0003728348444864813,4.2800931029328716e-05,0.0002906650775196755,0.0019085493446731189,0.00010104312502083772,0.0001464603526862656,3.092095444759241e-05,1.1887250564660754e-05,5.281262712099954,0.021627683670083036,0.0018734599928032646,309.1473760575555,82.3795680252517,30.925250326860546,4.918866530528682,-0.012171566458163419,-0.11938863451817916
268.7586206897,36.5979155781,0.9600000000000001,0.004354000000000001,0.019941000000000004,0.0026300000000000004,0.013075000000000002,0.021518612127101388,0.0022141575856175328,0.9646571368761836,0.0021859805938414796,0.01765063921964245,0.0020594916242822267,0.013446751686050142,0.8633704425123885,0.04933759430082351,0.06746301933869052,0.014467309779428068,0.005361634068669397,0.02075808276407875,4.7039268516245556e-05,0.0003798172591628894,4.431740144194326e-05,0.00028935543390155963,0.001911638214486771,0.00010924120867728873,0.0001493737560174239,3.203290369159937e-05,1.1871502744449741e-05,5.281262712099954,0.021627683670083036,0.0018734599928032646,309.1473760575555,82.3795680252517,30.925250326860546,4.906066127118104,-0.014445467972411308,-0.12427405765150557
268.7586206897,36.8683388565,0.9600000000000001,0.004354000000000001,0.019941000000000004,0.0026300000000000004,0.013075000000000002,0.021515169432961573,0.002229350144143393,0.9641718153678218,0.002356528190490418,0.01795042357364163,0.0021264035793555312,0.013394829288690539,0.8588454486957403,0.0527869594718719,0.0682067662173209,0.014840768089508955,0.005320057525557938,0.02074431997012483,5.070110329195169e-05,0.00038620640458032724,4.5749933292690206e-05,0.0002881920216717731,0.0019146672248467457,0.00011768061570750906,0.00015205676409813906,3.308526847954546e-05,1.1860271011453732e-05,5.281262712099954,0.021627683670083036,0.0018734599928032646,309.1473760575555,82.3795680252517,30.925250326860546,4.893965305495437,-0.016795825531533914,-0.12910332225003618
268.7586206897,37.1387621348,0.9600000000000001,0.004354000000000001,0.019941000000000004,0.0026300000000000004,0.013075000000000002,0.021512070539239935,0.002244446904063717,0.9637054677484412,0.0025316434991221053,0.018224904300306925,0.0021895094311275135,0.013348475021002126,0.8543941424159693,0.05629117343242188,0.06884973983145236,0.015183984393204866,0.0052809599269516595,0.020731300001255684,5.4460893533322945e-05,0.0003920554268790998,4.7100881328746175e-05,0.00028715333624308,0.0019176422877956968,0.00012634254993651304,0.0001545295854102956,3.407964676268046e-05,1.1852834158531204e-05,5.281262712099954,0.021627683670083036,0.0018734599928032646,309.1473760575555,82.3795680252517,30.925250326860546,4.8825010852715165,-0.01921425953360334,-0.13387952459904628
268.7586206897,37.4091854131,0.9600000000000001,0.004354000000000001,0.019941000000000004,0.0026300000000000004,0.013075000000000002,0.021509283973707355,0.0022594557333767075,0.9632568064909676,0.002710959189846036,0.01847640006676183,0.002248950149856191,0.013306884102568407,0.8500139083337366,0.05984137318541741,0.06940222005046762,0.015498490609917146,0.005244007820461195,0.020718964190420696,5.831079105553001e-05,0.00039741413584780573,4.837330741596852e-05,0.0002862215489673558,0.0019205687986346043,0.00013520893373692653,0.00015681124400210094,3.501815346726236e-05,1.1848603535813339e-05,5.281262712099954,0.021627683670083036,0.0018734599928032646,309.1473760575555,82.3795680252517,30.925250326860546,4.871614931357085,-0.021693071451252877,-0.13860574795168912
268.7586206897,37.6796086914,0.9600000000000001,0.004354000000000001,0.019941000000000004,0.0026300000000000004,0.013075000000000002,0.021506780713480476,0.0022743840793728533,0.962824534368388,0.002894126890116552,0.018707061931420656,0.0023048898363871536,0.013269386973687541,0.8457022217023088,0.06342931341225728,0.06987361238879876,0.015785927511037242,0.0052089249855979056,0.020707256126219865,6.224335238272389e-05,0.0004023286787525626,4.957076027990841e-05,0.0002853817958454123,0.0019234516689299822,0.00014426262059038896,0.00015891943158535365,3.5903262209237035e-05,1.1847096057891346e-05,5.281262712099954,0.021627683670083036,0.0018734599928032646,309.1473760575555,82.3795680252517,30.925250326860546,4.861252893872601,-0.02422526232825284,-0.14328500803099598
268.7586206897,37.9500319698,0.9600000000000001,0.004354000000000001,0.019941000000000004,0.0026300000000000004,0.013075000000000002,0.02150453417784389,0.0022892389141331263,0.9624073824531769,0.0030808199245238805,0.018918866852117446,0.0023575070420700592,0.013235423728111765,0.8414566718421572,0.06704740515131906,0.07027245647902979,0.016047985202128256,0.005175481325365688,0.02069612244897362,6.625159736270623e-05,0.0004068414188274375,5.0697090760703246e-05,0.00028462162191942545,0.0019262953577380143,0.00015348752896404943,0.00016087044196352152,3.673767221814457e-05,1.1847913249396421e-05,5.281262712099954,0.021627683670083036,0.0018734599928032646,309.1473760575555,82.3795680252517,30.925250326860546,4.8513655954228385,-0.0268045109872439,-0.14792020142691253
268.7586206897,38.2204552481,0.9600000000000001,0.004354000000000001,0.019941000000000004,0.0026300000000000004,0.013075000000000002,0.02150252016020038,0.0023040267071757167,0.9620041351626889,0.003270734741661131,0.0191136184008024,0.002406987746739947,0.013204523948107628,0.8372749746128298,0.07068872572394257,0.07060645892551931,0.016286356593369446,0.005143484144338881,0.02068551331053185,7.032903972123625e-05,0.0004109909649976306,5.1756302549631e-05,0.000283930542400033,0.0019291039027578302,0.00016286871196418277,0.00016267916706350175,3.752420055371053e-05,1.1850724836491621e-05,5.281262712099954,0.021627683670083036,0.0018734599928032646,309.1473760575555,82.3795680252517,30.925250326860546,4.841908100721412,-0.02942514251239814,-0.15251407651410354
268.7586206897,38.4908785264,0.9600000000000001,0.004354000000000001,0.019941000000000004,0.0026300000000000004,0.013075000000000002,0.021500716715983005,0.002318753419189615,0.961613645614344,0.0034635913225021784,0.019292952532905007,0.002453519874806399,0.013176290655442428,0.8331549770701927,0.07434700720686861,0.07088254199197325,0.01650270248674661,0.005112771244218779,0.020675382584577684,7.446969584505627e-05,0.00041481230702489734,5.275243578524648e-05,0.0002832996927501217,0.0019318809517963546,0.00017239237716744154,0.00016435913660473945,3.8265697817012663e-05,1.1855255804066637e-05,5.281262712099954,0.021627683670083036,0.0018734599928032646,309.1473760575555,82.3795680252517,30.925250326860546,4.832839702534803,-0.03208209125704631,-0.1570692216792553
268.7586206897,38.7613018047,0.9600000000000001,0.004354000000000001,0.019941000000000004,0.0026300000000000004,0.013075000000000002,0.021499104021705774,0.0023334245113020226,0.9612348439001633,0.003659132837357581,0.019458346659074026,0.002497289162800052,0.01315038744060498,0.8290946567577214,0.07801660984198926,0.07110690141684214,0.016698626563512224,0.005083205419935152,0.020665687898297723,7.866807749959004e-05,0.0004183370189138435,5.368947948331684e-05,0.00028272154751129964,0.0019346297942680042,0.00018204586969398435,0.00016592258668879598,3.896498452837848e-05,1.1861276122859975e-05,5.281262712099954,0.021627683670083036,0.0018734599928032646,309.1473760575555,82.3795680252517,30.925250326860546,4.8241236536615,-0.03477083853519325,-0.16158804326851417
268.7586206897,39.031725083,0.9600000000000001,0.004354000000000001,0.019941000000000004,0.0026300000000000004,0.013075000000000002,0.021497664217731326,0.002348044965126122,0.9608667403231972,0.003857124778233788,0.01961113065836545,0.0025384761660350685,0.013126528074168631,0.8250921174744636,0.08169248565003863,0.0712850683431689,0.016875658486596504,0.0050546700457323596,0.020656390541454135,8.291917332836139e-05,0.00042159350182359673,5.457130824213589e-05,0.0002821896928831007,0.0019373533922011652,0.00019181762961921118,0.00016738054581184924,3.9624804942640834e-05,1.1868592551255691e-05,5.281262712099954,0.021627683670083036,0.0018734599928032646,309.1473760575555,82.3795680252517,30.925250326860546,4.81572686911476,-0.03748737940953717,-0.16607278160922334
268.7586206897,39.3021483614,0.9600000000000001,0.004354000000000001,0.019941000000000004,0.0026300000000000004,0.013075000000000002,0.021496381244539613,0.00236261930977207,0.9605084251609006,0.004057353749725032,0.01975249882078649,0.0025772541935391285,0.013104468075048854,0.8211455828773799,0.0853701363780398,0.07142197179191503,0.01703524343605447,0.005027065516610651,0.020647455295851064,8.721842304805165e-05,0.00042460724518394554,5.540163870840559e-05,0.0002816986417481483,0.0019400544102401393,0.00020169713268463184,0.00016874292969757453,4.0247795088690195e-05,1.187704206103363e-05,5.281262712099954,0.021627683670083036,0.0018734599928032646,309.1473760575555,82.3795680252517,30.925250326860546,4.807619617018531,-0.040228156159313855,-0.17052549814867124
272.1965517241,34.5748700669,0.9600000000000001,0.004354000000000001,0.019941000000000004,0.0026300000000000004,0.013075000000000002,0.021283083252517286,0.002113028479043447,0.9695401519757546,0.00022718162193964181,0.005677847179906694,0.0004217302092316132,0.024133089013167495,0.9579810932072552,0.005227325883808175,0.022959398049383913,0.003097318643573582,0.010734864215979146,0.02063480377115825,4.835125373183304e-06,0.00012084209422502467,8.975719153177958e-06,0.000513626542607654,0.0020242413323321054,1.1045488461727631e-05,4.851386194004278e-05,6.544722502543199e-06,2.2683073807028343e-05,4.672783192746107,0.021185348844684017,0.002084559977070207,309.1473760575555,82.3795680252517,33.94333363531664,4.759995880625566,0.005961158901122587,-0.024345933599899894
272.1965517241,34.8343110388,0.9600000000000001,0.004354000000000001,0.019941000000000004,0.0026300000000000004,0.013075000000000002,0.021256963205683734,0.0021316407014852837,0.9713791026819515,0.0002680791102181311,0.006411733917086043,0.0004869765377453934,0.02145410775299874,0.9551728935903482,0.00608728033568755,0.025680222929265084,0.003539087700481949,0.00952051544421724,0.020648569844480325,5.6985477821192475e-06,0.00013629399196013245,1.0351642344885083e-05,0.00045604917911626835,0.002036085416932658,1.2975894524902583e-05,5.474100841923709e-05,7.5440633884732814e-06,2.0294318220012714e-05,4.672783192746107,0.021185348844684017,0.002084559977070207,309.1473760575555,82.3795680252517,33.94333363531664,4.7166967031800136,0.005087058359520391,-0.028960526228273054
272.1965517241,35.0937520106,0.9600000000000001,0.004354000000000001,0.019941000000000004,0.0026300000000000004,0.013075000000000002,0.021235222081118433,0.002149772530924324,0.9723557398126577,0.0003167320966620427,0.007207679065943214,0.0005612751827846999,0.019558573841952264,0.9515803787934833,0.007105131617429322,0.028617917820488233,0.004039699427599587,0.008656872340999456,0.020648190076772,6.725876412836747e-06,0.00015305666565473242,1.1918803155053443e-05,0.0004153306591238101,0.0020456813592967934,1.5274416779751468e-05,6.15220136227353e-05,8.684434862644306e-06,1.8610306362399177e-05,4.672783192746107,0.021185348844684017,0.002084559977070207,309.1473760575555,82.3795680252517,33.94333363531664,4.679147215217519,0.004287372330844974,-0.033855152910834185
272.1965517241,35.3531929824,0.9600000000000001,0.004354000000000001,0.019941000000000004,0.0026300000000000004,0.013075000000000002,0.021216683873336688,0.0021675323716314233,0.972746692012011,0.0003726148245642571,0.008032657941055848,0.0006424428519026218,0.0182055923704663,0.9474807598067437,0.008264341386312811,0.03163684974665568,0.00458209120228274,0.008035957858004934,0.020638459053252844,7.905650939298653e-06,0.0001704263641980295,1.3630506895502786e-05,0.0003862622980510138,0.0020536952183790543,1.7913227485046333e-05,6.857389596231559e-05,9.931831010715387e-06,1.7418198794291607e-05,4.672783192746107,0.021185348844684017,0.002084559977070207,309.1473760575555,82.3795680252517,33.94333363531664,4.645846104673437,0.0034982724178531655,-0.03891980867477507
272.1965517241,35.6126339543,0.9600000000000001,0.004354000000000001,0.019941000000000004,0.0026300000000000004,0.013075000000000002,0.021200471699951002,0.0021850009716971605,0.9727556789721125,0.0004353754071539867,0.008862360320521255,0.0007286857031323843,0.017217899597079696,0.9430764064290692,0.009553034101702192,0.03463958215028673,0.0051525682208791,0.007578409098062574,0.020622879243014893,9.23016399822274e-06,0.00018788621916997957,1.544848062741701e-05,0.00036502759314048586,0.0020606228644321823,2.0873388794875402e-05,7.568752065756012e-05,1.1258366569356744e-05,1.6558831243185327e-05,4.672783192746107,0.021185348844684017,0.002084559977070207,309.1473760575555,82.3795680252517,33.94333363531664,4.615695443482905,0.0026732326103120485,-0.044074386431708135
272.1965517241,35.8720749261,0.9600000000000001,0.004354000000000001,0.019941000000000004,0.0026300000000000004,0.013075000000000002,0.021186002373200456,0.0022022303608707533,0.9725185574293151,0.0005048643504798169,0.009680360228166512,0.0008186203215662688,0.016477597670472143,0.9385009629912908,0.010964403015509633,0.037562349379370696,0.005740815200821468,0.0072314694130073305,0.020603780465678956,1.0696057327409706e-05,0.00020508813476737104,1.734329207545309e-05,0.0003490944233512651,0.00206679531440586,2.4146141209578155e-05,8.272094622888485e-05,1.2642597531397366e-05,1.5925361495032948e-05,4.672783192746107,0.021185348844684017,0.002084559977070207,309.1473760575555,82.3795680252517,33.94333363531664,4.587972401559414,0.0017816358145728017,-0.04926541472539814
272.1965517241,36.131515898,0.9600000000000001,0.004354000000000001,0.019941000000000004,0.0026300000000000004,0.013075000000000002,0.021172901703515566,0.002219251869468897,0.9721235240459141,0.0005810747403472835,0.01047580006554232,0.0009111524292612908,0.015908448718935122,0.9338400633427979,0.012495154785611855,0.04036484951730425,0.006338900432219214,0.006961031922066836,0.02058267581829929,1.2303038359768863e-05,0.00022180308505340948,1.9291740821668732e-05,0.00033682802098143144,0.0020724263063584573,2.7729895617272343e-05,8.957976775210815e-05,1.4067616634579689e-05,1.5448283106479495e-05,4.672783192746107,0.021185348844684017,0.002084559977070207,309.1473760575555,82.3795680252517,33.94333363531664,4.562215283695414,0.0008059760799294935,-0.05445611894630442
272.1965517241,36.3909568698,0.9600000000000001,0.004354000000000001,0.019941000000000004,0.0026300000000000004,0.013075000000000002,0.021160929254681857,0.0022360837814443778,0.9716281884977076,0.0006640762086565305,0.011241495351222484,0.0010053655621771874,0.015460874380236196,0.9291486580379228,0.014143925638304198,0.04302210097054466,0.006940400765735758,0.006744914587492567,0.02056055535865468,1.405246967109819e-05,0.00023788048784405396,2.1274469536324917e-05,0.00032716646897570136,0.0020776542447894075,3.162700272576733e-05,9.620102222389733e-05,1.551931758898587e-05,1.5082194116319724e-05,4.672783192746107,0.021185348844684017,0.002084559977070207,309.1473760575555,82.3795680252517,33.94333363531664,4.538127105817587,-0.0002678927987247448,-0.05962573184141551
272.1965517241,36.6503978417,0.9600000000000001,0.004354000000000001,0.019941000000000004,0.0026300000000000004,0.013075000000000002,0.02114992671301554,0.0022527366104464117,0.9710708777169084,0.0007539666837997906,0.011972728732734852,0.0011004532580552809,0.015101973608501728,0.9244623911976872,0.015910136644072974,0.04551921650349292,0.007539857659891389,0.006568397994855405,0.020538077896856285,1.594634010642093e-05,0.0002532223352521575,2.3274505758968367e-05,0.0003194056350417064,0.0020825702736318626,3.58413472953082e-05,0.000102542805496255,1.6985313387992143e-05,1.4796870634993572e-05,4.672783192746107,0.021185348844684017,0.002084559977070207,309.1473760575555,82.3795680252517,33.94333363531664,4.515510639450108,-0.0014453333346784447,-0.06475739558568705
272.1965517241,36.9098388135,0.9600000000000001,0.004354000000000001,0.019941000000000004,0.0026300000000000004,0.013075000000000002,0.021139785888777102,0.002269216583408835,0.970477622541861,0.0008508363006919928,0.01266649846744542,0.0011956818682251778,0.014809360821776441,0.9198046613000348,0.017793198716362462,0.04784819476734583,0.008132479487102265,0.006421465729154642,0.020515689150384382,1.79864972230279e-05,0.00026776706556231943,2.5276458685373256e-05,0.0003130667169219981,0.0020872359909187856,4.037662159905849e-05,0.00010857791705223699,1.8454357316364634e-05,1.457169652238922e-05,4.672783192746107,0.021185348844684017,0.002084559977070207,309.1473760575555,82.3795680252517,33.94333363531664,4.494228552094977,-0.0027291648628828824,-0.06984023054331256
272.1965517241,37.1692797853,0.9600000000000001,0.004354000000000001,0.019941000000000004,0.0026300000000000004,0.013075000000000002,0.021130428846695873,0.0022855278104229214,0.9698664065885436,0.0009547436943663301,0.013321069046395649,0.0012903765278453867,0.01456740414284923,0.9151908998071028,0.019792003189260807,0.050005963034724474,0.008714010611749473,0.006297123357162547,0.02049369309521983,2.017414370063929e-05,0.0002814799016467861,2.726620940708342e-05,0.0003078154967215383,0.0020916942533551106,4.523517371303473e-05,0.00011429001920284337,1.9916113593473875e-05,1.4392250558458752e-05,4.672783192746107,0.021185348844684017,0.002084559977070207,309.1473760575555,82.3795680252517,33.94333363531664,4.474178841890484,-0.004119561174952935,-0.07486673982246561
272.1965517241,37.4287207572,0.9600000000000001,0.004354000000000001,0.019941000000000004,0.0026300000000000004,0.013075000000000002,0.021121795713823673,0.0023016736489799993,0.9692497844367302,0.0010657005233753421,0.013935683284722503,0.001383919634069975,0.014364912121102132,0.9106312141146139,0.021904609303269193,0.05199311938920299,0.009280692802883312,0.006190364390030325,0.020472295942540245,2.2509508746848947e-05,0.00029434665547245595,2.9230867795175626e-05,0.0003034127392689487,0.00209597586946627,5.041726202453684e-05,0.00011967119282639958,2.136112606867485e-05,1.4248198594116946e-05,4.672783192746107,0.021185348844684017,0.002084559977070207,309.1473760575555,82.3795680252517,33.94333363531664,4.455279896248832,-0.0056146466019662,-0.07983183070392741
272.1965517241,37.688161729,0.9600000000000001,0.004354000000000001,0.019941000000000004,0.0026300000000000004,0.013075000000000002,0.021113837180665933,0.0023176575376342838,0.968636534115281,0.0011836627388996518,0.014510363071968574,0.0014757557141961,0.014193684359654752,0.906132059044291,0.024128082764111474,0.05381306320108117,0.009829272556121475,0.006097522434394754,0.020451634068554606,2.499166234594834e-05,0.000306369443333892,3.1158865867973826e-05,0.00029968314056351506,0.002100103796736075,5.59206328869068e-05,0.00012472025155117587,2.278088762915674e-05,1.4131968830969149e-05,4.672783192746107,0.021185348844684017,0.002084559977070207,309.1473760575555,82.3795680252517,33.94333363531664,4.437461428446079,-0.007211126190158623,-0.0847323926511594
272.1965517241,37.9476027009,0.9600000000000001,0.004354000000000001,0.019941000000000004,0.0026300000000000004,0.013075000000000002,0.02110650995512932,0.0023334834929367738,0.9680327344322098,0.0013085273627639576,0.015045756144491731,0.0015653982455998382,0.014047583814934523,0.9016973392342971,0.026458447686957078,0.055471334568096754,0.010357021907817324,0.0060158566028317515,0.020431792546184494,2.7618445808736585e-05,0.0003175634018461628,3.3040093654494955e-05,0.000296495467635429,0.0021040958567282424,6.17403509262455e-05,0.00012944144354582683,2.416793965787626e-05,1.403790207858259e-05,4.672783192746107,0.021185348844684017,0.002084559977070207,309.1473760575555,82.3795680252517,33.94333363531664,4.420659099027834,-0.008906559370725375,-0.08956880534041645
272.1965517241,38.2070436727,0.9600000000000001,0.004354000000000001,0.019941000000000004,0.0026300000000000004,0.013075000000000002,0.021099774023723775,0.002349156256710877,0.9674424901779466,0.0014401343063432449,0.015543010970720483,0.0016524360965391829,0.013921928448450624,0.8973291029941959,0.028890757511219903,0.05697509892341756,0.010861761849269767,0.005943278721896864,0.02041281792370328,3.0386508427654656e-05,0.0003279540191304617,3.486602822562096e-05,0.0002937495442367595,0.0021079662766275743,6.7868903768599e-05,0.0001338434101126675,2.551597580711558e-05,1.3961690394920645e-05,4.672783192746107,0.021185348844684017,0.002084559977070207,309.1473760575555,82.3795680252517,33.94333363531664,4.404811502200911,-0.010691391442965603,-0.09433638776302988
272.1965517241,38.4664846445,0.9600000000000001,0.004354000000000001,0.019941000000000004,0.0026300000000000004,0.013075000000000002,0.021093591260438305,0.0023646814594330597,0.9668684466978115,0.0015782710042551826,0.016003659480659016,0.001736536587596759,0.013813086229677486,0.8930281178644227,0.03141918712630566,0.0583326650722433,0.011341857131683916,0.005878172805344322,0.020394727817258516,3.32914034619603e-05,0.00033757465175625963,3.662979298756235e-05,0.0002913675949740057,0.0021117270330664015,7.429636926803287e-05,0.00013793817157565214,2.681987927483158e-05,1.3900006248141333e-05,4.672783192746107,0.021185348844684017,0.002084559977070207,309.1473760575555,82.3795680252517,33.94333363531664,4.389858666791722,-0.012561464776712938,-0.09903738714290178
272.1965517241,38.7259256164,0.9600000000000001,0.004354000000000001,0.019941000000000004,0.0026300000000000004,0.013075000000000002,0.021087924675686872,0.002380065487340179,0.9663121596144518,0.001722680447228488,0.016429517163697904,0.0018174461362984533,0.01371819663832334,0.8887942045673116,0.0340372167177307,0.05955310485467702,0.011796204236075466,0.005819269624205,0.02037751803514987,3.632775551143293e-05,0.000346464420405966,3.832616722437992e-05,0.0002892882973952235,0.0021153884116386253,8.1010804794989e-05,0.00014174028952856763,2.8075738583899235e-05,1.3850242794097374e-05,4.672783192746107,0.021185348844684017,0.002084559977070207,309.1473760575555,82.3795680252517,33.94333363531664,4.375741513758479,-0.014510611263371942,-0.10367315465010041
272.1965517241,38.9853665882,0.9600000000000001,0.004354000000000001,0.019941000000000004,0.0026300000000000004,0.013075000000000002,0.0210827382100726,0.0023953153616342177,0.9657743746082403,0.0018730703657922616,0.016822590425247735,0.0018949872012698173,0.013634977399449766,0.8846265205440472,0.03673781842230406,0.06064590675863157,0.01222419432294736,0.005765559952069667,0.020361168309862118,3.948945217104317e-05,0.00035466626995077187,3.995151907580971e-05,0.0002874626590128559,0.002118959493968184,8.799866081987346e-05,0.00014526607207918663,2.9280800445357607e-05,1.3810334321615517e-05,4.672783192746107,0.021185348844684017,0.002084559977070207,309.1473760575555,82.3795680252517,33.94333363531664,4.362401894986613,-0.016532326412129095,-0.1082454406850557
272.1965517241,39.2448075601,0.9600000000000001,0.004354000000000001,0.019941000000000004,0.0026300000000000004,0.013075000000000002,0.02107799678918263,0.0024104385640836157,0.9652552415009231,0.002029123068424016,0.01718499595633561,0.0019690525049309753,0.013561586969386107,0.8805237661476699,0.03951365206534437,0.06162068719111315,0.012625661982991424,0.0057162326128812994,0.02034564688109816,4.276984952109781e-05,0.00036222528958975846,4.150368237666711e-05,0.00028585108659694137,0.0021224484425144867,9.524523074608828e-05,0.00014853288075079244,3.0433382540886946e-05,1.3778627531361535e-05,4.672783192746107,0.021185348844684017,0.002084559977070207,309.1473760575555,82.3795680252517,33.94333363531664,4.349782938464607,-0.018620155019129392,-0.11275645858720029
272.1965517241,39.5042485319,0.9600000000000001,0.004354000000000001,0.019941000000000004,0.0026300000000000004,0.013075000000000002,0.02107366651237294,0.0024254428520050593,0.9647544803444332,0.002190505048978284,0.01751889244445253,0.0020395972152502384,0.013496524946885722,0.8764843404464527,0.042357250552271936,0.062486955679051374,0.01300082381218788,0.005670629510036061,0.020330914185096242,4.616197289583751e-05,0.00036918729704052265,4.298179153374805e-05,0.0002844212658065916,0.0021258626784302175,0.00010273509058259531,0.0001515585399953121,3.1532755185448256e-05,1.3753787811485915e-05,4.672783192746107,0.021185348844684017,0.002084559977070207,309.1473760575555,82.3795680252517,33.94333363531664,4.337829517621614,-0.02076782933264365,-0.11720875371259698
272.1965517241,39.7636895038,0.9600000000000001,0.004354000000000001,0.019941000000000004,0.0026300000000000004,0.013075000000000002,0.021069714883190805,0.002440336081775147,0.9642715106277222,0.0023568757638892947,0.017826425041386207,0.0021066299326630684,0.013438558634339215,0.8725064586986097,0.04526118414748212,0.06325393249644076,0.013350212260568253,0.0056282123968992275,0.0203169257989098,4.965870036024997e-05,0.00037559769300858024,4.43860920456063e-05,0.00028314659886656925,0.002129208992744074,0.0001104525007789699,0.0001543608537852339,3.2579004678821655e-05,1.3734729788047369e-05,4.672783192746107,0.021185348844684017,0.002084559977070207,309.1473760575555,82.3795680252517,33.94333363531664,4.326488725099391,-0.02296936584957532,-0.12160508317805174
272.1965517241,40.0231304756,0.9600000000000001,0.004354000000000001,0.019941000000000004,0.0026300000000000004,0.013075000000000002,0.021066111024743133,0.0024551260530340097,0.9638055513043273,0.00252789519942309,0.01810968228084619,0.0021702032684337686,0.0133866679469697,0.8685882400467912,0.0482181974133752,0.06393041502930008,0.01367460959583159,0.005588537914701778,0.020303634750040725,5.3252920929962e-05,0.00038150057755112927,4.5717742999086196e-05,0.00028200503322223393,0.0021324936174978355,0.00011838175269991455,0.00015695722751971164,3.3572890283795005e-05,1.3720565032752692e-05,4.672783192746107,0.021185348844684017,0.002084559977070207,309.1473760575555,82.3795680252517,33.94333363531664,4.3157102800538665,-0.025219129745916113,-0.12594831270831097
272.1965517241,40.2825714474,0.9600000000000001,0.004354000000000001,0.019941000000000004,0.0026300000000000004,0.013075000000000002,0.021062825849421322,0.0024698203799704355,0.9633556973844302,0.0027032300484711924,0.018370664489624284,0.0022304046542453624,0.013340003423229002,0.8647277718636449,0.05122131650845786,0.06452468734001329,0.013974985730716113,0.005551238557167779,0.02029099328505608,5.6937663741871483e-05,0.0003869381068831047,4.6978624806108845e-05,0.00028097816893415674,0.0021357222740752556,0.00012650745140150533,0.00015936438780358517,3.4515704567518685e-05,1.3710562122570656e-05,4.672783192746107,0.021185348844684017,0.002084559977070207,309.1473760575555,82.3795680252517,33.94333363531664,4.305446834048493,-0.027511879171317588,-0.13024133840249164
272.1965517241,40.5420124193,0.9600000000000001,0.004354000000000001,0.019941000000000004,0.0026300000000000004,0.013075000000000002,0.021059832170575676,0.002484426391616894,0.9629209776450037,0.0028825584758199515,0.01861126228239382,0.0022873478416952204,0.013297853755087295,0.8609231558062916,0.054263927547957565,0.06504446626278187,0.014252442424052627,0.005516007958916276,0.02027895418273043,6.07061977226386e-05,0.00039195006014977905,4.817116166182984e-05,0.000280050568310998,0.002138900209439254,0.00013481473371293278,0.00016159818861188996,3.5409144103316606e-05,1.3704115749500431e-05,4.672783192746107,0.021185348844684017,0.002084559977070207,309.1473760575555,82.3795680252517,33.94333363531664,4.295654165559489,-0.02984278814013308,-0.13448702637057153
272.1965517241,40.8014533911,0.9600000000000001,0.004354000000000001,0.019941000000000004,0.0026300000000000004,0.013075000000000002,0.021057104755508056,0.0024989510600104824,0.9625003972097249,0.0030655735632301533,0.018833243498408876,0.0023411653729589503,0.013259620355677055,0.8571725396620749,0.05733982873553059,0.06549687699762693,0.014508165213418165,0.005482589391349413,0.020267471691263292,6.455210365665344e-05,0.0003965735812319867,4.92981645083647e-05,0.0002792092148477587,0.0021420322266004193,0.0001432894257994737,0.00016367349020059602,3.625519483887853e-05,1.3700722571114842e-05,4.672783192746107,0.021185348844684017,0.002084559977070207,309.1473760575555,82.3795680252517,33.94333363531664,4.286291268948354,-0.03220749450128668,-0.13868821024952638
272.1965517241,41.060894363,0.9600000000000001,0.004354000000000001,0.019941000000000004,0.0026300000000000004,0.013075000000000002,0.021054620325983778,0.0025134009532036803,0.9620929681381103,0.003251985593587675,0.019038246899933678,0.0023920021531891843,0.013224797215179199,0.8534741383051306,0.060443260082681645,0.06588845143569567,0.014743383501354547,0.005450766675137503,0.02025650216244672,6.846932197855747e-05,0.0004008430601504413,5.036269715433396e-05,0.00027844308425372565,0.002145122712750805,0.00015191814750655002,0.00016560409664359191,3.705603414575193e-05,1.3699962156981457e-05,4.672783192746107,0.021185348844684017,0.002084559977070207,309.1473760575555,82.3795680252517,33.94333363531664,4.277320352516947,-0.03460189930277924,-0.14284746638904267
272.1965517241,41.3203353348,0.9600000000000001,0.004354000000000001,0.019941000000000004,0.0026300000000000004,0.013075000000000002,0.021052357515732784,0.0025277822091953057,0.9616977306486931,0.0034415233646719104,0.019227781054269852,0.0024400101408602274,0.01319295479150483,0.8498262464505104,0.06356891493228782,0.0662251431378913,0.014959338540174096,0.00542035693913633,0.02024600444768518,7.245218027182067e-05,0.00040479012098872233,5.136796582740302e-05,0.00027774280095965953,0.0021481756666848254,0.00016068837222368696,0.0001674027386253742,3.7813949823181754e-05,1.3701481838237137e-05,4.672783192746107,0.021185348844684017,0.002084559977070207,309.1473760575555,82.3795680252517,33.94333363531664,4.268706763931897,-0.03702243111121373,-0.1469673741698534
272.1965517241,41.5797763067,0.9600000000000001,0.004354000000000001,0.019941000000000004,0.0026300000000000004,0.013075000000000002,0.021050296795306195,0.0025421005266303767,0.9613137671484461,0.0036339347272313052,0.01940322700788999,0.0024853440944742045,0.01316372702195837,0.8462272453620752,0.0667119374007783,0.06651235380086232,0.015157258628577275,0.005391204807706739,0.02023594011188866,7.649540454298904e-05,0.00040844368730278525,5.2317230827143526e-05,0.00027710036074461583,0.0021511947260839043,0.00016958845119905124,0.00016908108962459804,3.8531275141979114e-05,1.370498458084352e-05,4.672783192746107,0.021185348844684017,0.002084559977070207,309.1473760575555,82.3795680252517,33.94333363531664,4.260418861632813,-0.03946584151721755,-0.15105032231131954
272.1965517241,41.8392172785,0.9600000000000001,0.004354000000000001,0.019941000000000004,0.0026300000000000004,0.013075000000000002,0.021048420374105613,0.0025563611683253424,0.9609402108377478,0.0038289865293871044,0.019565843586618625,0.0025281582680401864,0.013136800778206113,0.8426756052088937,0.06986790945926089,0.06675496702190575,0.015338340605052748,0.005363177704886977,0.020226273512094595,8.059411807732746e-05,0.0004118301007851471,5.321373799798062e-05,0.00027650890515056004,0.0021541831946510727,0.0001786076106537254,0.0001706498054876387,3.921033830930468e-05,1.37102192236013e-05,4.672783192746107,0.021185348844684017,0.002084559977070207,309.1473760575555,82.3795680252517,33.94333363531664,4.252427849200515,-0.04192922191178994,-0.15509854674365542
272.1965517241,42.0986582503,0.9600000000000001,0.004354000000000001,0.019941000000000004,0.0026300000000000004,0.013075000000000002,0.021046712088102767,0.0025705689741344923,0.9605762503079645,0.004026464126910566,0.01971677438509472,0.002568603926113372,0.013111907253916798,0.839169884384026,0.07303283082538853,0.06695738610618322,0.015503736644570467,0.005336162039831915,0.020216971778901065,8.474383121216076e-05,0.00041497327378916805,5.4060667301278525e-05,0.00027596253689909304,0.002157144068825606,0.0001877359290129569,0.00017211857931369851,3.985342440168484e-05,1.3716972580546146e-05,4.672783192746107,0.021185348844684017,0.002084559977070207,309.1473760575555,82.3795680252517,33.94333363531664,4.244707587070947,-0.044409926387118936,-0.15911408126413829
275.6344827586,37.9194359924,0.9600000000000001,0.004354000000000001,0.019941000000000004,0.0026300000000000004,0.013075000000000002,0.02081349419426348,0.0023550095121918488,0.969724338226514,0.0002725601354349196,0.0062009918548858655,0.00047534877863657574,0.023326761004528643,0.9578348678112495,0.005262736062174964,0.02300022451643752,0.003109734929641287,0.010792436680496847,0.020183351883713545,5.672928796462367e-06,0.00012906430797034207,9.893669044402604e-06,0.00048551140473872864,0.0022557102248045146,1.2393793486577112e-05,5.416574751875853e-05,7.32345533970048e-06,2.5416291042298296e-05,4.082613197588104,0.020716698188777458,0.0023203114845860057,309.1473760575555,82.3795680252517,37.17549956966936,4.155105825526985,0.003955688511652511,-0.025119772044669197
275.6344827586,38.1669997355,0.9600000000000001,0.004354000000000001,0.019941000000000004,0.0026300000000000004,0.013075000000000002,0.020789145548363346,0.0023733449799972434,0.9711442210386148,0.00031568018767295274,0.006887796210198748,0.0005391237231933419,0.021113178840320133,0.9553917536442313,0.006023885449517033,0.02533862972997653,0.00349459815805619,0.009751133018218911,0.020189258559623707,6.562721368267671e-06,0.00014319139792128723,1.1207921550041936e-05,0.0004389249479000405,0.0022674742224422996,1.4296758291689687e-05,6.01373096696487e-05,8.293886995530271e-06,2.3142802598075223e-05,4.082613197588104,0.020716698188777458,0.0023203114845860057,309.1473760575555,82.3795680252517,37.17549956966936,4.1193420429036625,0.002589982997202256,-0.029553307850500588
275.6344827586,38.4145634785,0.9600000000000001,0.004354000000000001,0.019941000000000004,0.0026300000000000004,0.013075000000000002,0.020768318595449992,0.0023912339711979536,0.9719255387189992,0.0003658905906174392,0.007621056938760282,0.0006103349448818329,0.01947717880674118,0.9523687727180153,0.006906016311005987,0.027824609102844663,0.003922396379924879,0.008978205488209049,0.02018525923917054,7.598932357020343e-06,0.00015827653853823836,1.2675630585242315e-05,0.00040450825479894733,0.0022773365624314213,1.6513900808524686e-05,6.653515052202598e-05,9.379367472180244e-06,2.1468989963801386e-05,4.082613197588104,0.020716698188777458,0.0023203114845860057,309.1473760575555,82.3795680252517,37.17549956966936,4.0877071615158505,0.0012918510154404927,-0.034156077982890665
275.6344827586,38.6621272215,0.9600000000000001,0.004354000000000001,0.019941000000000004,0.0026300000000000004,0.013075000000000002,0.02075018162254211,0.0024087638177338025,0.9722530971333865,0.00042282371312302126,0.008377028633824725,0.0006873510604064715,0.018259699459259336,0.9489507894612024,0.007898931863837097,0.03036879249185509,0.0043817805419215355,0.008399705641183948,0.020174428348596847,8.773668841620333e-06,0.00017382486560909885,1.4262659341881198e-05,0.0003788920801526652,0.002285798326464072,1.9026661272355426e-05,7.31512485426465e-05,1.0554674426630609e-05,2.0232907028098404e-05,4.082613197588104,0.020716698188777458,0.0023203114845860057,309.1473760575555,82.3795680252517,37.17549956966936,4.05925331971258,1.8468829476425697e-05,-0.03886135388313061
275.6344827586,38.9096909645,0.9600000000000001,0.004354000000000001,0.019941000000000004,0.0026300000000000004,0.013075000000000002,0.020734088637882744,0.0024260023561408313,0.9722687541132414,0.0004862221611664967,0.00913751149308607,0.0007687809567116591,0.017338731275794342,0.9452786685328248,0.00899496346550872,0.032904152887745064,0.004863284832051108,0.007958930281870509,0.02015910652762777,1.0081373387329052e-05,0.00018945797322731886,1.5939972499575834e-05,0.00035950279114074963,0.002293248277070301,2.182180256072485e-05,7.982555243248766e-05,1.1798340461139956e-05,1.9308383616178464e-05,4.082613197588104,0.020716698188777458,0.0023203114845860057,309.1473760575555,82.3795680252517,37.17549956966936,4.0332575181267885,-0.0012613845058382367,-0.04361725620827972
275.6344827586,39.1572547076,0.9600000000000001,0.004354000000000001,0.019941000000000004,0.0026300000000000004,0.013075000000000002,0.02071958330942944,0.0024429963262929894,0.9720728368489231,0.0005559636189537544,0.009889518464944267,0.0008535000593070066,0.016628181007872028,0.9414512223439265,0.010189325470168101,0.03538415544399228,0.005359424974286922,0.007615871767625979,0.020140944125924674,1.1519334519924198e-05,0.0002049067017245535,1.768416558341449e-05,0.00034452898167687686,0.002299961877570257,2.489248469102426e-05,8.644336175865322e-05,1.3093055523225848e-05,1.8605546749828763e-05,4.082613197588104,0.020716698188777458,0.0023203114845860057,309.1473760575555,82.3795680252517,37.17549956966936,4.009213922705679,-0.0025697450925719068,-0.048387475329299434
275.6344827586,39.4048184506,0.9600000000000001,0.004354000000000001,0.019941000000000004,0.0026300000000000004,0.013075000000000002,0.020706354670219657,0.002459776039427374,0.9717343058753929,0.0006320292015861835,0.010624013999793482,0.0009405890273091253,0.01606906189591823,0.937535652636978,0.011479401858317565,0.037777590600894105,0.005864236036833961,0.007343118866976234,0.0201210751826756,1.3087020809979272e-05,0.0002199846019011028,1.947616999837967e-05,0.0003327316948345952,0.0023061277344653443,2.8236757638047618e-05,9.292441218737609e-05,1.4424707292950722e-05,1.8062427843655226e-05,4.082613197588104,0.020716698188777458,0.0023203114845860057,309.1473760575555,82.3795680252517,37.17549956966936,3.986779285391181,-0.0039196550709701405,-0.05314532316175624
275.6344827586,39.6523821936,0.9600000000000001,0.004354000000000001,0.019941000000000004,0.0026300000000000004,0.013075000000000002,0.020694192098023197,0.0024763606352442994,0.9713004949103222,0.0007144605312896282,0.011334742348263052,0.0010292662582566247,0.015621035951868421,0.9335774594799688,0.012863882075909066,0.040063940927227426,0.00637279644286743,0.007121921074027425,0.02010027902657921,1.4785183480963279e-05,0.00023456333553655416,2.1299833668376147e-05,0.00032326471875809175,0.002311874470607575,3.185561118920593e-05,9.9212766204939e-05,1.57813422475418e-05,1.7636444995038317e-05,4.082613197588104,0.020716698188777458,0.0023203114845860057,309.1473760575555,82.3795680252517,37.17549956966936,3.9657208904870003,-0.005322769759108503,-0.057875639114475685
275.6344827586,39.8999459367,0.9600000000000001,0.004354000000000001,0.019941000000000004,0.0026300000000000004,0.013075000000000002,0.020682950669691443,0.002492762040162343,0.9708042268720113,0.0008033266451993171,0.012017417911354807,0.0011188431855785523,0.015256185385855933,0.9296075927832519,0.014342082606105878,0.042230122239489076,0.0068809004870341,0.006939301884118837,0.02007909593432175,1.6615165374306195e-05,0.0002485556618376178,2.3140978414441628e-05,0.00031554292974332577,0.0023172905195367834,3.5751399097373344e-05,0.00010526964567001393,1.7152447536213185e-05,1.7298028321958463e-05,4.082613197588104,0.020716698188777458,0.0023203114845860057,309.1473760575555,82.3795680252517,37.17549956966936,3.9458774876914706,-0.006783677156766643,-0.06256515339860691
275.6344827586,40.1475096797,0.9600000000000001,0.004354000000000001,0.019941000000000004,0.0026300000000000004,0.013075000000000002,0.020672528135524174,0.0025089878579943456,0.9702685921015392,0.0008986959762965647,0.012669166603747816,0.0012086954115984867,0.014954849906817952,0.9256472922798059,0.015913427819993255,0.044268304540021036,0.007384854475075458,0.006786120885104437,0.020057904769234497,1.85783178552731e-05,0.00026190370306962,2.498678990354869e-05,0.0003091545554612352,0.0023224378171153763,3.99265971794325e-05,0.00011106863858490875,1.852851021101953e-05,1.7026294903608873e-05,4.082613197588104,0.020716698188777458,0.0023203114845860057,309.1473760575555,82.3795680252517,37.17549956966936,3.927133606613987,-0.008305329299125752,-0.06720518389532737
275.6344827586,40.3950734227,0.9600000000000001,0.004354000000000001,0.019941000000000004,0.0026300000000000004,0.013075000000000002,0.020662849498306404,0.0025250432701638746,0.9697100502808274,0.0010006174249300905,0.013288174269836889,0.0012982498601286439,0.014702908164276869,0.9217112098082935,0.017577099586095497,0.04617450458515796,0.007881373599371801,0.006655812421081358,0.02003697282594787,2.0675607256713367e-05,0.0002745715450449072,2.6825541471035508e-05,0.0003038039785858734,0.0023273606873610345,4.438293701887066e-05,0.00011659262205590409,1.9900809366741e-05,1.6806214361324608e-05,4.082613197588104,0.020716698188777458,0.0023203114845860057,309.1473760575555,82.3795680252517,37.17549956966936,3.9094025240563544,-0.009888775798124971,-0.07178964684469236
275.6344827586,40.6426371657,0.9600000000000001,0.004354000000000001,0.019941000000000004,0.0026300000000000004,0.013075000000000002,0.02065385701400615,0.0025409323035252697,0.9691404467251333,0.001109107145372596,0.01387345145458132,0.0013869808560076809,0.014490013818905053,0.9178094439368575,0.01933180557328838,0.0479476450546038,0.008367538925527971,0.0065435665097223214,0.02001648821315095,2.2907340393738132e-05,0.00028654028263367824,2.8646504281146497e-05,0.0002992746735466382,0.002332091664579726,4.9120809266638284e-05,0.00012183172019720643,2.1261349956879148e-05,1.6626759524819547e-05,4.082613197588104,0.020716698188777458,0.0023203114845860057,309.1473760575555,82.3795680252517,37.17549956966936,3.892615312846931,-0.011533599843523312,-0.07631435085369942
275.6344827586,40.8902009088,0.9600000000000001,0.004354000000000001,0.019941000000000004,0.0026300000000000004,0.013075000000000002,0.020645503707148346,0.0025566586542803194,0.968568339343068,0.0012241402793716136,0.014424668715218783,0.001474411471602059,0.014308440190739534,0.913948881098836,0.02117564260396958,0.049588895318150465,0.008840788647759121,0.0064457923312848065,0.01999658124053383,2.527299267583626e-05,0.0002978045514344362,3.0439967502822355e-05,0.0002954049550014234,0.002336655316431154,5.413888992338587e-05,0.0001267818783713502,2.260287880695656e-05,1.6479690747473017e-05,4.082613197588104,0.020716698188777458,0.0023203114845860057,309.1473760575555,82.3795680252517,37.17549956966936,3.8767138186835,-0.013238339389411546,-0.08077663796752832
275.6344827586,41.1377646518,0.9600000000000001,0.004354000000000001,0.019941000000000004,0.0026300000000000004,0.013075000000000002,0.020637749218782756,0.002572226228579242,0.9679998914612437,0.0013456467397131243,0.014942031623693303,0.001560117112450305,0.014152313062899697,0.9101341101554206,0.023106030951645866,0.051101173559491814,0.009298923256723839,0.006359762076718004,0.019977339003786072,2.7771119951272096e-05,0.0003083699014689037,3.219730571868089e-05,0.0002920718878578272,0.0023410708296664018,5.9433938852187276e-05,0.0001314437789409049,2.391893429849056e-05,1.635874682125764e-05,4.082613197588104,0.020716698188777458,0.0023203114845860057,309.1473760575555,82.3795680252517,37.17549956966936,3.8616462180230853,-0.015003007521511513,-0.0851773364920243
275.6344827586,41.3853283948,0.9600000000000001,0.004354000000000001,0.019941000000000004,0.0026300000000000004,0.013075000000000002,0.020630557101919553,0.0025876393345254747,0.9674394848612039,0.001473511057850854,0.015426182863649683,0.001643729934292946,0.014017091283002582,0.9063680033210688,0.025119735297704532,0.0524887720810277,0.009740120374647799,0.0062833689255511384,0.019958815535080703,3.039935401930193e-05,0.0003182507464331777,3.39110642695651e-05,0.0002891804021168036,0.0023453534969489136,6.500081512920823e-05,0.00013582201125780983,2.5203918604451646e-05,1.6259092585091196e-05,4.082613197588104,0.020716698188777458,0.0023203114845860057,309.1473760575555,82.3795680252517,37.17549956966936,3.8473642953795837,-0.016820729371580967,-0.08951198091645551
275.6344827586,41.6328921379,0.9600000000000001,0.004354000000000001,0.019941000000000004,0.0026300000000000004,0.013075000000000002,0.020623893334759072,0.0026029029551625114,0.9668901621331059,0.0016075740293669686,0.015878110029684617,0.0017249411673063773,0.013899212640536264,0.902652219637139,0.027212886380911003,0.053756999849497375,0.0101629308875618,0.006214963244890773,0.01994103957026108,3.315443530939321e-05,0.00032746844760978374,3.557500264326153e-05,0.0002866558789355549,0.0023495161299775095,7.08325023793749e-05,0.0001399242537689274,2.6453122840346977e-05,1.6176946196352585e-05,4.082613197588104,0.020716698188777458,0.0023203114845860057,309.1473760575555,82.3795680252517,37.17549956966936,3.833821879046234,-0.018689976037659317,-0.09378266892084497
275.6344827586,41.8804558809,0.9600000000000001,0.004354000000000001,0.019941000000000004,0.0026300000000000004,0.013075000000000002,0.020617725348335877,0.00261802268058582,0.9663539450741376,0.0017476376407299856,0.016299070479807318,0.0018035026741998245,0.013795844131125248,0.8989874902087494,0.02938108271932802,0.05491191301815497,0.010566278264046818,0.006153235789720933,0.019924020228819422,3.603231288498453e-05,0.00033604975858583634,3.718412280164126e-05,0.00028443892524399175,0.0023535696389294287,7.692034093936886e-05,0.00014376063371588548,2.7662756144655536e-05,1.6109310856481802e-05,4.082613197588104,0.020716698188777458,0.0023203114845860057,309.1473760575555,82.3795680252517,37.17549956966936,3.820974030742829,-0.020607178920765357,-0.09799039196309112
275.6344827586,42.1280196239,0.9600000000000001,0.004354000000000001,0.019941000000000004,0.0026300000000000004,0.013075000000000002,0.02061202160203192,0.002633004671063892,0.9658320773869514,0.001893471012895795,0.01669051994181074,0.0018792259344193566,0.013704705723922687,0.8953738684271204,0.03161949383848312,0.05596006113001145,0.010949440968372151,0.006097135636012941,0.019907751643035206,3.9028265420629383e-05,0.0003440253575897475,3.873464555535039e-05,0.0002824816904309849,0.0023575235779171545,8.325427497340201e-05,0.0001473431023483411,2.8829929215262218e-05,1.605378660973219e-05,4.082613197588104,0.020716698188777458,0.0023203114845860057,309.1473760575555,82.3795680252517,37.17549956966936,3.8087767452922425,-0.022568631147547702,-0.10213667388469538
275.6344827586,42.375583367,0.9600000000000001,0.004354000000000001,0.019941000000000004,0.0026300000000000004,0.013075000000000002,0.020606751433508243,0.0026478555515043545,0.9653252112333442,0.002044817320167293,0.017054049351063614,0.001951979149643151,0.013623942945781665,0.8918109133791248,0.03392297874634174,0.05690827120191372,0.0113120260210988,0.006045810651521021,0.019892216680384364,4.2137042243619843e-05,0.00035142855591215044,4.02239491400872e-05,0.00028074520582802086,0.0023613864778830847,8.98231475970652e-05,0.00015068488182850263,2.9952610898728174e-05,1.6008433296974093e-05,4.082613197588104,0.020716698188777458,0.0023203114845860057,309.1473760575555,82.3795680252517,37.17549956966936,3.797186955203145,-0.02457109759009546,-0.10622395648044547
275.6344827586,42.62314711,0.9600000000000001,0.004354000000000001,0.019941000000000004,0.0026300000000000004,0.013075000000000002,0.02060188508137997,0.0026625822809774424,0.9648335533222596,0.002201400984159513,0.01739132955343544,0.0020216827061573135,0.013552033433988109,0.8882978308823736,0.03628620564370971,0.05776346504075424,0.011653934685775724,0.005998563747386675,0.019877389988204687,4.535301009369105e-05,0.00035829417287228414,4.165047478326624e-05,0.0002791974354260422,0.0023651660647381048,9.661500819084515e-05,0.00015379997850537217,3.102955999801486e-05,1.5971669545105407e-05,4.082613197588104,0.020716698188777458,0.0023203114845860057,309.1473760575555,82.3795680252517,37.17549956966936,3.7861627053871834,-0.026609794435166645,-0.1102533869308826
275.6344827586,42.870710853,0.9600000000000001,0.004354000000000001,0.019941000000000004,0.0026300000000000004,0.013075000000000002,0.020597393796831533,0.002677192015016314,0.9643569803031533,0.0023629346498258786,0.01770406426046397,0.002088303458218633,0.013487717328338132,0.8848335824416133,0.03870376499409597,0.05853250929086141,0.011975323048626826,0.005954820224802647,0.01986324048402736,4.8670295498641845e-05,0.0003646575833771874,4.3013608696214306e-05,0.00027781182523212904,0.002368869401530966,0.00010361741059326166,0.00015670276649236236,3.2060239243024556e-05,1.59421971566993e-05,4.082613197588104,0.020716698188777458,0.0023203114845860057,309.1473760575555,82.3795680252517,37.17549956966936,3.77566340173521,-0.028681684884978687,-0.11422795262030716
275.6344827586,43.118274596,0.9600000000000001,0.004354000000000001,0.019941000000000004,0.0026300000000000004,0.013075000000000002,0.02059324998732027,0.0026916919734697635,0.9638951300960418,0.002529125577115188,0.01799395136144937,0.002151848329070455,0.013429944636323191,0.8814169692806232,0.041170270393198996,0.05922209696023436,0.012276560324996782,0.005914103040946552,0.019849733375628384,5.2082915258858713e-05,0.0003705539386460089,4.431355057534529e-05,0.00027656620721167453,0.0023725029814926986,0.00011081768636295358,0.0001594076430399109,3.304471888861119e-05,1.5918943685588954e-05,4.082613197588104,0.020716698188777458,0.0023203114845860057,309.1473760575555,82.3795680252517,37.17549956966936,3.765650069198323,-0.030783339713858826,-0.1181502108918231
275.6344827586,43.3658383391,0.9600000000000001,0.004354000000000001,0.019941000000000004,0.0026300000000000004,0.013075000000000002,0.02058942735608812,0.002706089322239776,0.9634474739103003,0.0026996812119110015,0.01826265233059221,0.0022123576881902486,0.013377834859006272,0.8780466966675179,0.04368044393444389,0.05983865817730614,0.012558187407585769,0.0058760138131462815,0.019836831775482733,5.558489019723751e-05,0.00037601755349022173,4.555117790667618e-05,0.000275441959011253,0.002376072790279878,0.00011820318292169181,0.000161928753950764,3.3983576850353864e-05,1.5901018237088583e-05,4.082613197588104,0.020716698188777458,0.0023203114845860057,309.1473760575555,82.3795680252517,37.17549956966936,3.7560855796868453,-0.032911536231365446,-0.122022785462788
275.6344827586,43.6134020821,0.9600000000000001,0.004354000000000001,0.019941000000000004,0.0026300000000000004,0.013075000000000002,0.02058590101661334,0.0027203910735479632,0.9630133725639907,0.0028743138173517964,0.018511769132382984,0.0022698988821692853,0.01333064560410522,0.8747214225338893,0.04622918472172808,0.060388297064263755,0.012820877636415057,0.00584021804370398,0.019824497965277296,5.917033973468811e-05,0.0003810814470016343,4.6727913706058177e-05,0.00027442335089366177,0.0023795843497023688,0.00012576146145438895,0.00016427978428038578,3.4877801077154235e-05,1.5887677033666057e-05,4.082613197588104,0.020716698188777458,0.0023203114845860057,309.1473760575555,82.3795680252517,37.17549956966936,3.746934828611818,-0.03506328085649102,-0.12584831213806646
275.6344827586,43.8609658251,0.9600000000000001,0.004354000000000001,0.019941000000000004,0.0026300000000000004,0.013075000000000002,0.020582647572198697,0.0027346040064923924,0.962592119989682,0.0030527441426391913,0.018742827786055932,0.0023245601975326914,0.013287747884090078,0.8714397935644876,0.0488116207166342,0.06087675105880609,0.013065401164991724,0.005806433495080458,0.019812694361523223,6.283355681603634e-05,0.00038577701882680244,4.784560330617597e-05,0.000273497031726455,0.0023830427508983515,0.00013348045357509497,0.00016647380734765113,3.572869837221674e-05,1.5878296299078646e-05,4.082613197588104,0.020716698188777458,0.0023203114845860057,309.1473760575555,82.3795680252517,37.17549956966936,3.7381648520988993,-0.03723581402951526,-0.12962938941773983
275.6344827586,44.1085295682,0.9600000000000001,0.004354000000000001,0.019941000000000004,0.0026300000000000004,0.013075000000000002,0.020579645158386478,0.0027487346075547913,0.9621829763141129,0.0032347041762607813,0.018957267615080854,0.0023764454351296828,0.013248606459415915,0.8682004713487926,0.05142314517406771,0.061309368804866815,0.013292593722148235,0.0057744209501246375,0.019801384229984623,6.656906413979771e-05,0.00039013384069093546,4.890640379323622e-05,0.00027265161977788657,0.0023864526818918085,0.00014134857876927406,0.00016852318380127754,3.6537812388234415e-05,1.587235070419701e-05,4.082613197588104,0.020716698188777458,0.0023203114845860057,309.1473760575555,82.3795680252517,37.17549956966936,3.7297448857043727,-0.039426604082416716,-0.13336853719035657
275.6344827586,44.3560933112,0.9600000000000001,0.004354000000000001,0.019941000000000004,0.0026300000000000004,0.013075000000000002,0.020576873450572106,0.002762789029411971,0.9617851925198644,0.0034199390756379203,0.019156435172152132,0.0024256691895188417,0.013212764042826623,0.8650021507268995,0.05405943956299899,0.06169110282169779,0.013503330086221217,0.005743976802182587,0.01979053219311538,7.037165356806803e-05,0.0003941795423014629,4.991268794568101e-05,0.0002718773736415129,0.002389818452446038,0.00014935482656081307,0.00017043950208811255,3.7306852222740584e-05,1.5869396094266907e-05,4.082613197588104,0.020716698188777458,0.0023203114845860057,309.1473760575555,82.3795680252517,37.17549956966936,3.7216463707233265,-0.04163334274403896,-0.13706817272785443
275.6344827586,44.6036570542,0.9600000000000001,0.004354000000000001,0.019941000000000004,0.0026300000000000004,0.013075000000000002,0.020574313641719858,0.002776773065621078,0.9613980283831759,0.0036082083893462756,0.0193415818712704,0.0024723528586620453,0.013179828497545218,0.8618435720782395,0.056716485166058914,0.06202651346717115,0.013698502222148246,0.0057149270663821635,0.01978010457048655,7.423641108709511e-05,0.0003979397717465201,5.086696314711561e-05,0.0002711659252525727,0.0023931440177255136,0.00015748880838580982,0.00017223355195002392,3.8037632009811736e-05,1.5869055549918876e-05,4.082613197588104,0.020716698188777458,0.0023203114845860057,309.1473760575555,82.3795680252517,37.17549956966936,3.7138429168284217,-0.043853941227877336,-0.140730599657525
275.6344827586,44.8512207973,0.9600000000000001,0.004354000000000001,0.019941000000000004,0.0026300000000000004,0.013075000000000002,0.02057194839616236,0.002790692138492533,0.961020765110391,0.003799286695151194,0.01951386444934445,0.0025166213600262225,0.01314946238508719,0.8587235289882604,0.05939056557856884,0.062319781145333854,0.013879001780886673,0.0056871225069501765,0.01977006958749143,7.81587298348766e-05,0.0004014382124616212,5.177180475113939e-05,0.0002705100616232917,0.0023964330014861032,0.00016574078446073728,0.00017391532331485836,3.8732021160044306e-05,1.5871008070789802e-05,4.082613197588104,0.020716698188777458,0.0023203114845860057,309.1473760575555,82.3795680252517,37.17549956966936,3.7063102305922038,-0.04608651381949436,-0.1443579938805324
275.6344827586,45.0987845403,0.9600000000000001,0.004354000000000001,0.019941000000000004,0.0026300000000000004,0.013075000000000002,0.02056976178553091,0.002804551297455952,0.9606527138531623,0.003992963773646678,0.019674347498690594,0.0025586004975494646,0.013121374376951028,0.8556408724450658,0.062078262194559614,0.06257472419962082,0.014045706511352674,0.005660434649401085,0.019760397482583337,8.213431364216675e-05,0.0004046966413338214,5.262980273893335e-05,0.0002699035452326517,0.002399688718972152,0.00017410167078156294,0.00017549402394199492,3.9391904420099654e-05,1.587497934014244e-05,4.082613197588104,0.020716698188777458,0.0023203114845860057,309.1473760575555,82.3795680252517,37.17549956966936,3.6990260190948723,-0.04832937090595113,-0.14795240584172253
279.0724137931,41.5029868703,0.9600000000000001,0.004354000000000001,0.019941000000000004,0.0026300000000000004,0.013075000000000002,0.02031260518993711,0.0026270886643776337,0.9698211201587794,0.00032799114373794513,0.0067679261519160115,0.0005361782519578836,0.022546784293608676,0.9577137739370347,0.005291201279294655,0.02300751627044103,0.0031174138361190714,0.01087009467711035,0.01969959351864784,6.6623546085447926e-06,0.00013747421187852027,1.0891177143451113e-05,0.00045798392765874807,0.0025159989992283075,1.3900454901775422e-05,6.04427851895596e-05,8.189722551042407e-06,2.8556702506948256e-05,3.5124923785721895,0.02021736137701146,0.0025849452272869175,309.1473760575555,82.3795680252517,40.632143797999696,3.5712126918097833,0.0014931879863331332,-0.02597226747877146
279.0724137931,41.7376207428,0.9600000000000001,0.004354000000000001,0.019941000000000004,0.0026300000000000004,0.013075000000000002,0.020289901245252637,0.0026451271310660393,0.9708886362010373,0.00037339076389657867,0.007406121715353842,0.0005982008690991952,0.02073365045061315,0.9556050182783641,0.005960693851336712,0.02500045463938822,0.003450095361574642,0.009983737869336142,0.01969923454865706,7.576061725351025e-06,0.00015026947821485053,1.213743655884697e-05,0.00042068372009652867,0.0025276967604309594,1.5766793026149256e-05,6.612938085563162e-05,9.125940845666183e-06,2.6408255907632482e-05,3.5124923785721895,0.02021736137701146,0.0025849452272869175,309.1473760575555,82.3795680252517,40.632143797999696,3.542027416465955,-0.00022651174515253558,-0.030151303439120536
279.0724137931,41.9722546154,0.9600000000000001,0.004354000000000001,0.019941000000000004,0.0026300000000000004,0.013075000000000002,0.02027000105563513,0.002662754504417777,0.9714910732933226,0.00042522257198906375,0.008078025900744093,0.0006662303942748132,0.019339447839669514,0.9530749282377494,0.0067216696625628965,0.0270901970205087,0.0038134617269455764,0.009299743352233523,0.019692125081195756,8.619261983098208e-06,0.0001637415935355307,1.3504490795246673e-05,0.0003920106281255016,0.0025378045582127168,1.789815617119767e-05,7.213454414192458e-05,1.0154312390849128e-05,2.476293350108909e-05,3.5124923785721895,0.02021736137701146,0.0025849452272869175,309.1473760575555,82.3795680252517,40.632143797999696,3.5157517534914353,-0.001885754762618319,-0.034421703865622266
279.0724137931,42.2068884879,0.9600000000000001,0.004354000000000001,0.019941000000000004,0.0026300000000000004,0.013075000000000002,0.020252327526726316,0.0026800398422437313,0.9717493023609224,0.0004832395055179349,0.008766932085159848,0.000739066860446449,0.018261459187953383,0.9502441640946268,0.007568020973599608,0.029219199643175854,0.004200104577346854,0.008768510711250807,0.019680185145281203,9.786724739602486e-06,0.00017755077999322293,1.4967824121910816e-05,0.0003698370525903775,0.00254669221963319,2.0282597736183144e-05,7.83086192021851e-05,1.1256447608879837e-05,2.349995806329308e-05,3.5124923785721895,0.02021736137701146,0.0025849452272869175,309.1473760575555,82.3795680252517,40.632143797999696,3.4918029798495422,-0.0035108319894416873,-0.038743229398428
279.0724137931,42.4415223604,0.9600000000000001,0.004354000000000001,0.019941000000000004,0.0026300000000000004,0.013075000000000002,0.020236416732164534,0.0026970386987261808,0.9717594315170122,0.0005472624929983156,0.009459586764865854,0.0008156553986290289,0.017418063826494707,0.947208082282399,0.008494971686567005,0.031342688548808034,0.0046036453091746,0.008350612173051268,0.01966492881958956,1.1074631870197191e-05,0.00019142813988789353,1.6505942556496813e-05,0.00035247919826038727,0.002554656853661843,2.2911267383254424e-05,8.453244393825719e-05,1.2416209554053149e-05,2.2521924188773196e-05,3.5124923785721895,0.02021736137701146,0.0025849452272869175,309.1473760575555,82.3795680252517,40.632143797999696,3.469720396176051,-0.005122421011271694,-0.043084329082486494
279.0724137931,42.6761562329,0.9600000000000001,0.004354000000000001,0.019941000000000004,0.0026300000000000004,0.013075000000000002,0.020221923114620236,0.002713791654742047,0.9715930386517927,0.0006171984409923172,0.01014606558057657,0.0008951076171985956,0.016748589709439685,0.9440372150004632,0.009499308461742136,0.03342792408591586,0.005018822718167167,0.008016729733711559,0.0196474797263168,1.2480939420210114e-05,0.00020517295808631414,1.8100797414300924e-05,0.000338688693382609,0.002561920315834181,2.577914402929632e-05,9.071642141970914e-05,1.3620039209191856e-05,2.1755734249668862e-05,3.5124923785721895,0.02021736137701146,0.0025849452272869175,309.1473760575555,82.3795680252517,40.632143797999696,3.4491639489447654,-0.006735615991057209,-0.04742158327800805
279.0724137931,42.9107901055,0.9600000000000001,0.004354000000000001,0.019941000000000004,0.0026300000000000004,0.013075000000000002,0.020208597722523307,0.002730326826192051,0.9713019898799492,0.0006930250784109609,0.010819126557393657,0.000976673785403665,0.01620918469884257,0.9407822251591421,0.010579080051252165,0.03545172968644333,0.005441297060791838,0.007745668042370499,0.0196286511805703,1.4005065021227281e-05,0.0002186393763074369,1.973720763535672e-05,0.0003275648929889896,0.0025686429469566558,2.8884346060366964e-05,9.679480859780533e-05,1.4856519334359914e-05,2.114820524286264e-05,3.5124923785721895,0.02021736137701146,0.0025849452272869175,309.1473760575555,82.3795680252517,40.632143797999696,3.4298896293015853,-0.008359245930441794,-0.051736266765300964
279.0724137931,43.145423978,0.9600000000000001,0.004354000000000001,0.019941000000000004,0.0026300000000000004,0.013075000000000002,0.02019626322762957,0.002746663271054834,0.9709236371034828,0.0007747641697484083,0.011473526825167484,0.0010597044616255506,0.015768367439975964,0.9374792159610563,0.01173315370072548,0.037398018474657777,0.005867409514984104,0.007522202348576445,0.019609029348869426,1.5647341111574735e-05,0.0002317223679103515,2.1402070250483097e-05,0.00031846209948773797,0.002574939729857516,3.222702232342378e-05,0.00010271976375457264,1.6115798211044493e-05,2.0660956908277333e-05,3.5124923785721895,0.02021736137701146,0.0025849452272869175,309.1473760575555,82.3795680252517,40.632143797999696,3.4117234601235817,-0.010003138297544734,-0.05601871367185707
279.0724137931,43.3800578505,0.9600000000000001,0.004354000000000001,0.019941000000000004,0.0026300000000000004,0.013075000000000002,0.02018479201674003,0.002762813710748412,0.9704849833104132,0.0008624613220203895,0.01210552419490869,0.0011436244156173175,0.015403406757040473,0.9341538986140431,0.012960848479618196,0.03925590933938585,0.006294003357393254,0.007335340209559745,0.01958903754349011,1.740860240746421e-05,0.0002443474881278462,2.308382097450141e-05,0.00031091456174010997,0.00258089319903996,3.580840988242187e-05,0.00010845676455075187,1.7389158771302623e-05,2.0266178503975793e-05,3.5124923785721895,0.02021736137701146,0.0025849452272869175,309.1473760575555,82.3795680252517,40.632143797999696,3.3945395360786703,-0.011670727304532225,-0.060258801082814006
279.0724137931,43.6146917231,0.9600000000000001,0.004354000000000001,0.019941000000000004,0.0026300000000000004,0.013075000000000002,0.020174090886629515,0.0027787867931073356,0.970005725574575,0.0009561651101949934,0.012712486793076386,0.0012279117630073718,0.015097710759146222,0.9308246877508797,0.014261616708269302,0.04101834499982476,0.0067182954274724056,0.007177055113554014,0.019568983668292482,1.928976183569792e-05,0.0002564628639586004,2.47720035076722e-05,0.00030458258903506017,0.0025865633490204038,3.962999215729765e-05,0.00011398123536063336,1.866871060605372e-05,1.9943505962947363e-05,3.5124923785721895,0.02021736137701146,0.0025849452272869175,309.1473760575555,82.3795680252517,40.632143797999696,3.378244800555823,-0.013364788838727382,-0.06445002201895855
279.0724137931,43.8493255956,0.9600000000000001,0.004354000000000001,0.019941000000000004,0.0026300000000000004,0.013075000000000002,0.020164089835359653,0.0027945886448497207,0.969500365616964,0.0010559130107406628,0.013292637315502707,0.0013120878498375803,0.01483899620695524,0.9275048237045006,0.015634820388902657,0.042681147718462535,0.0071378041612460705,0.007041404026888191,0.01954909246771449,2.1291524806899808e-05,0.00026803393297865054,2.6457057276008854e-05,0.0002992148525836066,0.0025919944483679394,4.369289152309226e-05,0.00011927625076316897,1.9947226458179354e-05,1.9677827737340836e-05,3.5124923785721895,0.02021736137701146,0.0025849452272869175,309.1473760575555,82.3795680252517,40.632143797999696,3.3627680681973766,-0.015086295650779569,-0.06858724870475141
279.0724137931,44.0839594681,0.9600000000000001,0.004354000000000001,0.019941000000000004,0.0026300000000000004,0.013075000000000002,0.020154734384779955,0.0028102239765393586,0.9689796623348127,0.001161720839806058,0.013844872240996516,0.0013957127689680517,0.01461803181541678,0.9242038379067848,0.017079572299315195,0.0442423566953675,0.0075503126068912985,0.006923920491641203,0.01952952771861192,2.3414174955554604e-05,0.00027903972260849796,2.8130220135996834e-05,0.0002946225484679879,0.002597219784495342,4.7997423584573024e-05,0.00012433093156392837,2.1218069518253315e-05,1.9457767377262293e-05,3.5124923785721895,0.02021736137701146,0.0025849452272869175,309.1473760575555,82.3795680252517,40.632143797999696,3.3480525678696567,-0.016836195320506064,-0.07266774367194051
279.0724137931,44.3185933406,0.9600000000000001,0.004354000000000001,0.019941000000000004,0.0026300000000000004,0.013075000000000002,0.020145980326073478,0.0028256968437089212,0.9684516331636944,0.0012735755913265312,0.014368631927512115,0.0014783847368368774,0.014427774580630093,0.9209285642969733,0.018594632773619904,0.0457017514004593,0.007953854080958908,0.006821197447988439,0.019510407548469517,2.5657428806631694e-05,0.00028947017612425033,2.978350982268305e-05,0.0002906616628503969,0.002602264937415346,5.2542795138344225e-05,0.00012913929468424764,2.247518037188691e-05,1.927463609909628e-05,3.5124923785721895,0.02021736137701146,0.0025849452272869175,309.1473760575555,82.3795680252517,40.632143797999696,3.3340508897765058,-0.01861373790024423,-0.07668894569662532
279.0724137931,44.5532272132,0.9600000000000001,0.004354000000000001,0.019941000000000004,0.0026300000000000004,0.013075000000000002,0.020137790181580035,0.00284101119201319,0.9679222535051517,0.0013914310531200852,0.014863801433878856,0.0015597414183332514,0.014262772589516174,0.9176838577327145,0.02017834706883481,0.04706048774468406,0.008346708557122402,0.006730598896644199,0.019491815253168867,2.802034659986722e-05,0.00029932411457612084,3.140974541991507e-05,0.00028722072181526764,0.002607150110548482,5.732690985888624e-05,0.00013369937238424698,2.3713092427257008e-05,1.9121706794317798e-05,3.5124923785721895,0.02021736137701146,0.0025849452272869175,309.1473760575555,82.3795680252517,40.632143797999696,3.320721601038045,-0.020420742574973616,-0.0806523355005857
279.0724137931,44.7878610857,0.9600000000000001,0.004354000000000001,0.019941000000000004,0.0026300000000000004,0.013075000000000002,0.02013013071380169,0.002856171046944434,0.9673959490586012,0.0015152067184600034,0.015330635884109576,0.001639462680960592,0.01411874565786877,0.9144730513833438,0.021828646571785175,0.04832083449387379,0.008727411065094275,0.006650056485903139,0.019473806906551882,3.0501309301030387e-05,0.0003086077042728245,3.300259806813647e-05,0.0002842121956078184,0.002611891452572036,6.234634833231569e-05,0.00013801256844559622,2.492697879890475e-05,1.899369879558159e-05,3.5124923785721895,0.02021736137701146,0.0025849452272869175,309.1473760575555,82.3795680252517,40.632143797999696,3.308027016247422,-0.02225209537753292,-0.08455364787661557
279.0724137931,45.0224949582,0.9600000000000001,0.004354000000000001,0.019941000000000004,0.0026300000000000004,0.013075000000000002,0.020122971520834188,0.0028711808870004536,0.966875960837926,0.0016447873403598581,0.015769687900125718,0.0017172718070203312,0.013992292114568117,0.9112983839998511,0.023543032300005786,0.04948590941605321,0.009094745657337646,0.006577928626752311,0.019456417424120777,3.309800880789003e-05,0.00031733298050667333,3.455661166620159e-05,0.000281566495732647,0.0026165025024947725,6.759630436181095e-05,0.00014208299729120776,2.6112659903478226e-05,1.8886422949184375e-05,3.5124923785721895,0.02021736137701146,0.0025849452272869175,309.1473760575555,82.3795680252517,40.632143797999696,3.295931798993346,-0.024107921810983424,-0.08839477509058025
279.0724137931,45.2571288308,0.9600000000000001,0.004354000000000001,0.019941000000000004,0.0026300000000000004,0.013075000000000002,0.020116283954541306,0.00288604560896193,0.9663646088374888,0.0017800257057438238,0.016181752861982597,0.00179293720913015,0.013880675385654696,0.9081612298955362,0.02531862879365159,0.05055949567340249,0.00944774900655549,0.006512896630854344,0.01943966487499416,3.5807502543125547e-05,0.0003255167354538534,3.6067234011524905e-05,0.000279227607538642,0.002620994729769478,7.307071745485527e-05,0.00014591701047955295,2.7266634534943912e-05,1.879651672310013e-05,3.5124923785721895,0.02021736137701146,0.0025849452272869175,309.1473760575555,82.3795680252517,40.632143797999696,3.284402100446709,-0.02598645250031506,-0.09217644702057015
279.0724137931,45.4917627033,0.9600000000000001,0.004354000000000001,0.019941000000000004,0.0026300000000000004,0.013075000000000002,0.020110040569231564,0.002900770564713897,0.9658634958217686,0.0019207460162999456,0.016567815217317088,0.0018662723575931818,0.013781670587021252,0.9050623122710585,0.02715223361098552,0.05154586131073208,0.009785702332512516,0.006453890474711453,0.019423554085315587,3.8626280310981816e-05,0.00033317943616377867,3.753081282443432e-05,0.0002771499546167828,0.0026253781146677838,7.876240002498212e-05,0.0001495227172229965,2.838607728120443e-05,1.8721255516930384e-05,3.5124923785721895,0.02021736137701146,0.0025849452272869175,309.1473760575555,82.3795680252517,40.632143797999696,3.273405105899669,-0.027885886131664872,-0.09589991661114805
279.0724137931,45.7263965758,0.9600000000000001,0.004354000000000001,0.019941000000000004,0.0026300000000000004,0.013075000000000002,0.020104214821271713,0.0029153615189409635,0.9653736647894425,0.0020667483204010653,0.01692900089527713,0.0019371346026004542,0.013693451392278816,0.9020018600761649,0.029040382227457046,0.05244960490393666,0.010108118907921546,0.006400033884519903,0.0194080795397253,4.155035221484551e-05,0.0003403442707081526,3.894457018839834e-05,0.00027529608843501556,0.0026296615128792227,8.466321284126534e-05,0.0001529095598205942,2.9468820893034032e-05,1.865841250684758e-05,3.5124923785721895,0.02021736137701146,0.0025849452272869175,309.1473760575555,82.3795680252517,40.632143797999696,3.2629088391262164,-0.029804290057346083,-0.09956671033496267
279.0724137931,45.9610304484,0.9600000000000001,0.004354000000000001,0.019941000000000004,0.0026300000000000004,0.013075000000000002,0.0200987809505152,0.002929824574082144,0.9648957232334662,0.002217813453189703,0.017266534738651296,0.0020054228478979456,0.013614505726794915,0.8989797303236015,0.03097941833950264,0.05327552152116761,0.01041472647196629,0.006350603343761921,0.019393227781358376,4.457534678476554e-05,0.0003470362994866136,4.030655453305917e-05,0.0002736349683523858,0.0026338529055038263,9.076426114184587e-05,0.00015608793214975898,3.0513321549910664e-05,1.860615373680191e-05,3.5124923785721895,0.02021736137701146,0.0025849452272869175,309.1473760575555,82.3795680252517,40.632143797999696,3.252882134115786,-0.03173985290463932,-0.10317875074394278
279.0724137931,46.1956643209,0.9600000000000001,0.004354000000000001,0.019941000000000004,0.0026300000000000004,0.013075000000000002,0.020093713974320773,0.002944166077491159,0.9644299423861512,0.002373708126968471,0.01758170308084795,0.002071074276832382,0.013543572129200083,0.895995504301981,0.03296556458027677,0.054028488357476194,0.010705445666252842,0.006304997094013002,0.019378979410577982,4.769661216182515e-05,0.00035328171288799304,4.1615574138243127e-05,0.00027214066455472904,0.0026379595693504765,9.705609696259494e-05,0.00015906884264020745,3.1518609975006356e-05,1.8562958562873417e-05,3.5124923785721895,0.02021736137701146,0.0025849452272869175,309.1473760575555,82.3795680252517,40.632143797999696,3.2432947046482403,-0.03369082421472003,-0.10673818457168727
279.0724137931,46.4302981934,0.9600000000000001,0.004354000000000001,0.019941000000000004,0.0026300000000000004,0.013075000000000002,0.020088989743991387,0.0029583925224233227,0.9639763370302339,0.0025341898759682056,0.01787582159843337,0.0021340603935860844,0.013479591101778406,0.8930485635478836,0.03499498967155825,0.054713369510800074,0.010980365874533379,0.006262711395224694,0.019365310748050753,5.090931442765209e-05,0.00035910719675634765,4.2871117359809076e-05,0.00027079136739682395,0.0026419881925609486,0.00010352891576661934,0.00016186362323733516,3.248423229669177e-05,1.852755856172807e-05,3.5124923785721895,0.02021736137701146,0.0025849452272869175,309.1473760575555,82.3795680252517,40.632143797999696,3.234117261660708,-0.03565560777653998,-0.11024738207342821
279.0724137931,46.6649320659,0.9600000000000001,0.004354000000000001,0.019941000000000004,0.0026300000000000004,0.013075000000000002,0.020084585028393092,0.002972510451415689,0.9635347298102822,0.002699011631250384,0.018150208442342507,0.0021943826578987267,0.01342166745822617,0.8901381497918482,0.03706386913270974,0.05533493907595506,0.011239719875455663,0.006223322124031394,0.019352195208684378,5.4208528600470273e-05,0.00036453940474328624,4.4073265077398206e-05,0.0002695686212875601,0.002645944953460093,0.00011017273836688304,0.00016448368473172682,3.3410184800776604e-05,1.8498890056209804e-05,3.5124923785721895,0.02021736137701146,0.0025849452272869175,309.1473760575555,82.3795680252517,40.632143797999696,3.2253216437764793,-0.0376325211271884,-0.11370861914780406
279.0724137931,46.8995659385,0.9600000000000001,0.004354000000000001,0.019941000000000004,0.0026300000000000004,0.013075000000000002,0.02008047760113921,0.002986526367903912,0.9631048029373348,0.0028679257756013764,0.01840616247837063,0.0022520679731483713,0.013369040835544884,0.887263412015539,0.03916843774566883,0.055897821314296034,0.011483858579133204,0.006186470345362872,0.019339604422932744,5.758931929869324e-05,0.00036960453336985045,4.522260049104885e-05,0.00026845672504687446,0.0026498355752608,0.00011697757211704283,0.0001669403172635264,3.4296846451860865e-05,1.8476056810681838e-05,3.5124923785721895,0.02021736137701146,0.0025849452272869175,309.1473760575555,82.3795680252517,40.632143797999696,3.216880938461744,-0.039619879832258675,-0.11712409974037463
279.0724137931,47.134199811,0.9600000000000001,0.004354000000000001,0.019941000000000004,0.0026300000000000004,0.013075000000000002,0.02007664631676419,0.003000446659617006,0.9626861395194305,0.0030406875944924763,0.01864494629918471,0.0023071642467789796,0.013321062340113416,0.884423443074862,0.0413050329070233,0.056406446261880155,0.011713226877936665,0.0061518508782978315,0.019327509137182713,6.104680939439794e-05,0.0003743279924437929,4.632012057726523e-05,0.0002674422571660242,0.002653665365460941,0.00012393354801124858,0.00016924453326732446,3.5144912459241195e-05,1.8458300418250672e-05,3.5124923785721895,0.02021736137701146,0.0025849452272869175,309.1473760575555,82.3795680252517,40.632143797999696,3.2087695806352374,-0.0416161411890017,-0.12049605178877698
279.0724137931,47.3688336835,0.9600000000000001,0.004354000000000001,0.019941000000000004,0.0026300000000000004,0.013075000000000002,0.020073071167939903,0.0030142775354063244,0.9622782563102948,0.003217058096548665,0.01886777354303051,0.002359736191650748,0.013277175858475317,0.8816173078435857,0.0434701287758811,0.05686501886944627,0.01192834136533951,0.006119203145747347,0.019315879922277665,6.457623612341863e-05,0.00037873416110982506,4.736715251256894e-05,0.0002665136959164286,0.0026574392458583226,0.00013103103263035842,0.00017140694892862863,3.595533141220089e-05,1.8444976576813938e-05,3.5124923785721895,0.02021736137701146,0.0025849452272869175,309.1473760575555,82.3795680252517,40.632143797999696,3.200963422422057,-0.043619964507917164,-0.12382675227673934
279.0724137931,47.6034675561,0.9600000000000001,0.004354000000000001,0.019941000000000004,0.0026300000000000004,0.013075000000000002,0.020069733320589603,0.00302802497580832,0.9618806293642753,0.0033968062195689377,0.019075799973234758,0.002409861484432883,0.013236902958488148,0.8788440644932155,0.045660361682858336,0.0572774996348905,0.012129770402026514,0.006088303787009023,0.019304687717581894,6.817299496846871e-05,0.0003828462183397319,4.836527733212815e-05,0.0002656611123673807,0.002661161777126354,0.00013826071558013624,0.00017343769944630036,3.672924772815681e-05,1.8435535927371697e-05,3.5124923785721895,0.02021736137701146,0.0025849452272869175,309.1473760575555,82.3795680252517,40.632143797999696,3.193439772587733,-0.04563012366346619,-0.1271184153685061
279.0724137931,47.8381014286,0.9600000000000001,0.004354000000000001,0.019941000000000004,0.0026300000000000004,0.013075000000000002,0.020066615126926,0.003041694696637126,0.9614927138544408,0.0035797104683417927,0.01927011774105878,0.0024576273496703517,0.013199830586488296,0.8761027802490491,0.047872547640683494,0.05764759469526539,0.012318116768486806,0.006058960646515115,0.019293904236260654,7.183267223404278e-05,0.0003866860361603752,4.9316262151242134e-05,0.0002648759201196865,0.0026648371803925743,0.00014561367427317514,0.00017534638305847526,3.7467950447263175e-05,1.842950846563808e-05,3.5124923785721895,0.02021736137701146,0.0025849452272869175,309.1473760575555,82.3795680252517,40.632143797999696,3.186177407338039,-0.04764550249078381,-0.13037317246159885
279.0724137931,48.0727353011,0.9600000000000001,0.004354000000000001,0.019941000000000004,0.0026300000000000004,0.013075000000000002,0.020063700118393674,0.0030552921243207055,0.9611139591234268,0.003765560048884502,0.01945175226269802,0.002503127598622129,0.013165600966368533,0.8733925427374091,0.050103693005844475,0.057978753458001644,0.012494002950426108,0.006031007848318713,0.01928350225545451,7.555106759862247e-05,0.0003902741241760587,5.022200149682928e-05,0.0002641506696676522,0.002668469357266041,0.00015308141864013903,0.0001771420288181643,3.8172828815676545e-05,1.8426490780684528e-05,3.5124923785721895,0.02021736137701146,0.0025849452272869175,309.1473760575555,82.3795680252517,40.632143797999696,3.179156555993802,-0.04966508570413364,-0.13359305516295672
279.0724137931,48.3073691737,0.9600000000000001,0.004354000000000001,0.019941000000000004,0.0026300000000000004,0.013075000000000002,0.02006097298155474,0.0030688223813694717,0.9607438198777937,0.003954155571785676,0.019621661177940914,0.0025464601214565804,0.013133903251023092,0.8707124678587227,0.05235099941011388,0.058274172035051704,0.012658058960522144,0.00600430173558958,0.01927345581276411,7.932420809045658e-05,0.00039362961474389424,5.108446769514706e-05,0.0002634788782611282,0.002672061909102295,0.0001606559186768175,0.00017883308339694166,3.884533464274475e-05,1.8426135550672865e-05,3.5124923785721895,0.02021736137701146,0.0025849452272869175,309.1473760575555,82.3795680252517,40.632143797999696,3.1723588659296023,-0.05168795907375756,-0.13677999338411073
282.5103448276,45.3458731803,0.9600000000000001,0.004354000000000001,0.019941000000000004,0.0026300000000000004,0.013075000000000002,0.01977375871459079,0.002935713697079128,0.9698598394095804,0.0003978233648003865,0.0074040795990727975,0.0006075217200770937,0.021730735906469355,0.9575695553101353,0.005329195243630917,0.02303134359992542,0.0031285397217554064,0.010941366124552895,0.019177774451456818,7.866463226589474e-06,0.00014640648349568963,1.201298790667762e-05,0.00042969832850501947,0.0028111500594299337,1.564499147113622e-05,6.761343086843677e-05,9.18449691301347e-06,3.212071839660751e-05,2.9645008683573573,0.01968170014390464,0.0028839535135878084,309.1473760575555,82.3795680252517,44.32421974510171,3.009544063679353,-0.0014218363065543471,-0.026945005613074446
282.5103448276,45.5662746252,0.9600000000000001,0.004354000000000001,0.019941000000000004,0.0026300000000000004,0.013075000000000002,0.01975267540139119,0.002953407237255603,0.9706206442703624,0.0004456882406767031,0.007992590134059526,0.0006675895530200168,0.020273487801881398,0.9557579452588452,0.005915042061715019,0.02471338550042724,0.003413818036720575,0.010199809142291918,0.019172354524161654,8.80353514830403e-06,0.0001578750385344395,1.3186679742164225e-05,0.000400455623804627,0.002822742432592018,1.7469528033740442e-05,7.298869159404948e-05,1.008239489632426e-05,3.0124190139470817e-05,2.9645008683573573,0.01968170014390464,0.0028839535135878084,309.1473760575555,82.3795680252517,44.32421974510171,2.986171835608267,-0.0033583508372188042,-0.030799916454091303
282.5103448276,45.7866760701,0.9600000000000001,0.004354000000000001,0.019941000000000004,0.0026300000000000004,0.013075000000000002,0.01973378055693603,0.0029707287232963774,0.9710526888940795,0.0004993179088734434,0.008604161481588584,0.000732374674952237,0.01911145704050624,0.9536497165554569,0.006568694008113211,0.026454540609605743,0.0037202739415791637,0.009606774885244864,0.01916254067185844,9.853430041856714e-06,0.00016979263455411072,1.44525211209648e-05,0.00037714129936066023,0.0028330346049347446,1.9513807964446725e-05,7.858926365056624e-05,1.105192465678025e-05,2.8539122089839177e-05,2.9645008683573573,0.01968170014390464,0.0028839535135878084,309.1473760575555,82.3795680252517,44.32421974510171,2.96478744980933,-0.005240728971377617,-0.034691620332195416
282.5103448276,46.007077515,0.9600000000000001,0.004354000000000001,0.019941000000000004,0.0026300000000000004,0.013075000000000002,0.019716685628569892,0.0029877312279602587,0.971232431648587,0.0005585556950542905,0.009227431773156663,0.0008010152337670916,0.018180565649435043,0.9513210026364372,0.007286637575437039,0.028219085574357688,0.00404320726097001,0.00913006695279831,0.019149484527086685,1.1012867045432796e-05,0.00018193437143040718,1.5793365547881166e-05,0.00035846049745948735,0.002842291467391347,2.1770514630961865e-05,8.431104319499131e-05,1.2080016594715764e-05,2.7278186148243472e-05,2.9645008683573573,0.01968170014390464,0.0028839535135878084,309.1473760575555,82.3795680252517,44.32421974510171,2.9450467981461736,-0.007084767392412594,-0.03859761237683523
282.5103448276,46.2274789599,0.9600000000000001,0.004354000000000001,0.019941000000000004,0.0026300000000000004,0.013075000000000002,0.019701069749310875,0.003004458593203343,0.971222403928811,0.0006232861393260865,0.009853133403935687,0.0008727358476850785,0.01742844068024205,0.948833755786299,0.008066044435753757,0.029978384389426856,0.004378470363141661,0.008743345025378766,0.019134120321894887,1.2279403704641926e-05,0.00019411726844020187,1.7193829807967683e-05,0.0003433589254631757,0.002850731731093548,2.4234096518160386e-05,9.006881458916647e-05,1.3154932907627124e-05,2.6269018094840935e-05,2.9645008683573573,0.01968170014390464,0.0028839535135878084,309.1473760575555,82.3795680252517,44.32421974510171,2.926669918252196,-0.008903209633782438,-0.04249973348380598
282.5103448276,46.4478804048,0.9600000000000001,0.004354000000000001,0.019941000000000004,0.0026300000000000004,0.013075000000000002,0.019686682751815437,0.003020944430150586,0.9710712818834604,0.0006934460238156123,0.010474037793618152,0.0009468611065714697,0.01681437319253421,0.9462359179069217,0.008904888141473007,0.03171055354875119,0.004722518476818127,0.008426121926035816,0.019117172255838425,1.3651651876365811e-05,0.00020619905917348548,1.864055421510543e-05,0.00033101923071205113,0.0028585261258093422,2.6901172232096883e-05,9.579582012009182e-05,1.426646588882695e-05,2.5454846100227625e-05,2.9645008683573573,0.01968170014390464,0.0028839535135878084,309.1473760575555,82.3795680252517,44.32421974510171,2.909440356823616,-0.010704766373804464,-0.04638294819300581
282.5103448276,46.6682818497,0.9600000000000001,0.004354000000000001,0.019941000000000004,0.0026300000000000004,0.013075000000000002,0.019673335598253697,0.0030372135136129182,0.9708160729084482,0.0007690148608259181,0.011084619772891406,0.0010228017766139238,0.016307490681220546,0.9435636944300606,0.00980181009798227,0.033399320121217616,0.005072328314041209,0.008162847036698204,0.01909919040650663,1.5129087437072646e-05,0.0002180714447711313,2.0121922601815833e-05,0.0003208227369370466,0.0028658044036775103,2.977019008745931e-05,0.000101440866417646,1.5405744100887388e-05,2.479230932941495e-05,2.9645008683573573,0.01968170014390464,0.0028839535135878084,309.1473760575555,82.3795680252517,44.32421974510171,2.893195082495947,-0.01249794363756429,-0.050237942839860494
282.5103448276,46.8886832946,0.9600000000000001,0.004354000000000001,0.019941000000000004,0.0026300000000000004,0.013075000000000002,0.0196608863631009,0.0030532835951704684,0.9704846643100722,0.0008500043601218691,0.01168072791589582,0.0011000395734375983,0.01588456384047248,0.9408441127647442,0.010755935566582862,0.03503283660020689,0.0054252968773142625,0.007941818191151775,0.019080588702132452,1.671183913249636e-05,0.0002296534641927281,2.1627753048270606e-05,0.00031230460459495105,0.0028726638951173077,3.284092161615803e-05,0.00010696518528369926,1.6564969954433208e-05,2.424862319887012e-05,2.9645008683573573,0.01968170014390464,0.0028839535135878084,309.1473760575555,82.3795680252517,44.32421974510171,2.877811661981498,-0.014286746859241362,-0.05405562150643828
282.5103448276,47.1090847395,0.9600000000000001,0.004354000000000001,0.019941000000000004,0.0026300000000000004,0.013075000000000002,0.019649228722702566,0.003069167380942573,0.9700980780431252,0.0009364418834017326,0.012259262554313366,0.0011781088096024235,0.01552810870955708,0.9380973291636096,0.011766663100088127,0.03660264254285893,0.0057791433020942095,0.007754221891349007,0.01906167901892353,1.840036075247901e-05,0.0002408850539013662,2.3148929460108867e-05,0.00030511535966507686,0.0028791777228182984,3.611385856933109e-05,0.00011233963654884354,1.7737158112580296e-05,2.3799004893519198e-05,2.9645008683573573,0.01968170014390464,0.0028839535135878084,309.1473760575555,82.3795680252517,44.32421974510171,2.8631978873510815,-0.016075566852276513,-0.05783082079747759
282.5103448276,47.3294861844,0.9600000000000001,0.004354000000000001,0.019941000000000004,0.0026300000000000004,0.013075000000000002,0.019638281940005685,0.0030848739853977097,0.9696722250152032,0.0010283593342619534,0.012817951702725894,0.0012565858806199322,0.015224878067188986,0.935338380736474,0.012833505364775417,0.038102891894260284,0.0061318432728832,0.0075933787316070965,0.019042696544241195,2.0195210541872787e-05,0.00025172254943150703,2.4677187805444554e-05,0.0002989904479856661,0.002885401038277967,3.958974684125763e-05,0.00011754261997302482,1.8915963795053332e-05,2.342461651040699e-05,2.9645008683573573,0.01968170014390464,0.0028839535135878084,309.1473760575555,82.3795680252517,44.32421974510171,2.8492830884565086,-0.017866397504063602,-0.06155870672029051
282.5103448276,47.5498876293,0.9600000000000001,0.004354000000000001,0.019941000000000004,0.0026300000000000004,0.013075000000000002,0.019627983643500595,0.003100410154343602,0.9692192189302826,0.0011257825425635341,0.013355173496972109,0.0013350814644060849,0.014964743565775575,0.9325785192263293,0.013955952574479924,0.03952976518685432,0.006481582655296532,0.0074541803570398815,0.019023818976130008,2.209684133157556e-05,0.0002621351269546812,2.6204957146103456e-05,0.0002937277419382237,0.0028913759107320317,4.3269177075455294e-05,0.00012255848538414134,2.0095564680698735e-05,2.3111016471275068e-05,2.9645008683573573,0.01968170014390464,0.0028839535135878084,309.1473760575555,82.3795680252517,44.32421974510171,2.836011877557244,-0.01966055448491666,-0.06523584520933667
282.5103448276,47.7702890742,0.9600000000000001,0.004354000000000001,0.019941000000000004,0.0026300000000000004,0.013075000000000002,0.01961828439843508,0.003115781140227708,0.9687483320002969,0.0012287236489633175,0.013869829678124513,0.0014132368396694661,0.014739877832945874,0.9298261729742172,0.015133374630586777,0.040881042413813365,0.006826731574649027,0.0073326784067335145,0.01900518028769143,2.4105449992445274e-05,0.000272102263183302,2.7725282242981187e-05,0.0002891711153249211,0.0028971348534431725,4.7152283261982736e-05,0.0001273763809458087,2.1270601489688445e-05,2.2847021087055245e-05,2.9645008683573573,0.01968170014390464,0.0028839535135878084,309.1473760575555,82.3795680252517,44.32421974510171,2.8233395240331,-0.02145901005664763,-0.0688600763065943
282.5103448276,47.9906905191,0.9600000000000001,0.004354000000000001,0.019941000000000004,0.0026300000000000004,0.013075000000000002,0.019609143802862786,0.0031309913470339247,0.9682666882337573,0.0013371754866720413,0.014361250475573477,0.0014907225494124755,0.014544163254584705,0.9270876468193612,0.01636495179339189,0.04215578321361106,0.007165831129007271,0.007225787044628708,0.018986880729097454,2.622086640781509e-05,0.0002816118257644519,2.9231792841599456e-05,0.0002851985887514643,0.0029027034001334632,5.123852245973731e-05,0.0001319893924692542,2.2436155259228105e-05,2.262387671224232e-05,2.9645008683573573,0.01968170014390464,0.0028839535135878084,309.1473760575555,82.3795680252517,44.32421974510171,2.811228656360212,-0.02326368460702577,-0.07243146373891651
282.5103448276,48.211091964,0.9600000000000001,0.004354000000000001,0.019941000000000004,0.0026300000000000004,0.013075000000000002,0.01960052773650026,0.003146044840655261,0.9677797690652362,0.0014511076424095803,0.014829120065171902,0.001567238403022597,0.014372764824159731,0.924367644964805,0.017649624876170517,0.043354075530610825,0.007497586457094919,0.007131068171318767,0.01896899420638698,2.8442475593696478e-05,0.0002906585791452944,3.0718699788152785e-05,0.00028171377558613807,0.0029081020603101784,5.5526511281177006e-05,0.00013639386564445668,2.3587743190710226e-05,2.2434660228738355e-05,2.9645008683573573,0.01968170014390464,0.0028839535135878084,309.1473760575555,82.3795680252517,44.32421974510171,2.7996469305602805,-0.025071515598745542,-0.0759461017660894
282.5103448276,48.4314934089,0.9600000000000001,0.004354000000000001,0.019941000000000004,0.0026300000000000004,0.013075000000000002,0.019592406226050293,0.0031609454722826384,0.9672917791631545,0.001570465343389246,0.015273423317370284,0.0016425151636642711,0.014221817012421709,0.9216695965788825,0.018986095122090228,0.04447686336627347,0.007820871980907623,0.007046572951846197,0.018951573476483453,3.076919497161567e-05,0.00029924311409634726,3.218082431895788e-05,0.00027863961617991906,0.0029133473382465845,6.0014011412498596e-05,0.00014058893987895567,2.47213498773521e-05,2.2273832867247545e-05,2.9645008683573573,0.01968170014390464,0.0028839535135878084,309.1473760575555,82.3795680252517,44.32421974510171,2.7885653895619007,-0.026884287227222803,-0.07940576638259822
282.5103448276,48.6518948538,0.9600000000000001,0.004354000000000001,0.019941000000000004,0.0026300000000000004,0.013075000000000002,0.01958475231151361,0.003175697355532474,0.9668059295084002,0.0016951675969725318,0.01569438870007932,0.0017163145708878889,0.014088199623660168,0.9189960051940834,0.020372789190952083,0.04552575333454163,0.008134722395862983,0.006970729884559975,0.018934654662724704,3.3199437513210765e-05,0.0003073707153716716,3.361359575948107e-05,0.0002759139001445437,0.0029184531834397583,6.46978127585271e-05,0.00014457601447312758,2.5833416400532868e-05,2.21369284605283e-05,2.9645008683573573,0.01968170014390464,0.0028839535135878084,309.1473760575555,82.3795680252517,44.32421974510171,2.777957377886304,-0.028701220270916927,-0.08281031661702265
282.5103448276,48.8722962987,0.9600000000000001,0.004354000000000001,0.019941000000000004,0.0026300000000000004,0.013075000000000002,0.019577540957828144,0.003190304815706195,0.9663246419027414,0.0018251087717324475,0.016092450886861218,0.001788430911211118,0.013969367527453707,0.9163486158962748,0.021807889731495857,0.046502898390935375,0.008438337627561476,0.006902258353732546,0.018918260255409533,3.5731141731083406e-05,0.00031505061634936335,3.5013079414481574e-05,0.0002734858649236794,0.002923431402159592,6.957381563078091e-05,0.00014835842068089698,2.6920869169764163e-05,2.2020308065161257e-05,2.9645008683573573,0.01968170014390464,0.0028839535135878084,309.1473760575555,82.3795680252517,44.32421974510171,2.767797783020168,-0.030522059082558783,-0.0861606700366595
282.5103448276,49.0926977436,0.9600000000000001,0.004354000000000001,0.019941000000000004,0.0026300000000000004,0.013075000000000002,0.019570748483644883,0.0032047724863003635,0.9658497112338943,0.0019601601252384627,0.016468211448700767,0.0018586911759207508,0.013863226016245738,0.913728588411948,0.023289353505858812,0.04741087363826948,0.008731078606013165,0.006840105837910462,0.018902401771559586,3.836180079871181e-05,0.0003222952242380039,3.637597751271516e-05,0.0002713137095358676,0.00292829224008868,7.463707933929923e-05,0.00015194106338738922,2.798112049227672e-05,2.1920982992717945e-05,2.9645008683573573,0.01968170014390464,0.0028839535135878084,309.1473760575555,82.3795680252517,44.32421974510171,2.758062577341817,-0.03234547059670323,-0.0894570860987125
282.5103448276,49.3130991885,0.9600000000000001,0.004354000000000001,0.019941000000000004,0.0026300000000000004,0.013075000000000002,0.019564352184094424,0.003219105317048306,0.9653824318490613,0.002100172319065432,0.016822404527075056,0.0019269547316753054,0.013768036573123128,0.9111366239731504,0.024814942667103036,0.04825257133847309,0.00901246173354513,0.006783400287728343,0.018887081889032566,4.108851089748244e-05,0.0003291194467510008,3.769962101330285e-05,0.00026936271640007337,0.0029330447507894116,7.988191388192026e-05,0.00015533010895693141,2.901206348614952e-05,2.1836479933893316e-05,2.9645008683573573,0.01968170014390464,0.0028839535135878084,309.1473760575555,82.3795680252517,44.32421974510171,2.74872854814181,-0.03417128869413677,-0.09270131498894729
282.5103448276,49.5335006334,0.9600000000000001,0.004354000000000001,0.019941000000000004,0.0026300000000000004,0.013075000000000002,0.01955833011841462,0.0032333085478835058,0.9649236982105935,0.002244978468001079,0.017155865784615622,0.0019931122995698884,0.01368234523721999,0.9085730656232647,0.026382261539644257,0.04903110836951967,0.009282150593815883,0.0067314138737555275,0.018872296228684273,4.390802998589782e-05,0.0003355400864827266,3.8981948318060375e-05,0.0002676038249436666,0.0029376970594564233,8.530199174863004e-05,0.00015853270180337046,3.0012056857726853e-05,2.176473801735537e-05,2.9645008683573573,0.01968170014390464,0.0028839535135878084,309.1473760575555,82.3795680252517,44.32421974510171,2.7397731631557916,-0.03599885128083491,-0.09589485172744094
282.5103448276,49.7539020783,0.9600000000000001,0.004354000000000001,0.019941000000000004,0.0026300000000000004,0.013075000000000002,0.01955266101080035,0.0032473876602881367,0.9644740860991265,0.0023943974941756188,0.017469504519142146,0.0020570842947509097,0.013604927592804834,0.9060379783366347,0.027988796141166228,0.049749745232909016,0.009539945184999803,0.0066835351042903585,0.01885803485919769,4.6816842528725674e-05,0.00034157529988943115,4.0221471885905846e-05,0.00026601253729859693,0.0029422565506027976,9.089047121514342e-05,0.0001615567087718273,3.0979900273593585e-05,2.1704029424775094e-05,2.9645008683573573,0.01968170014390464,0.0028839535135878084,309.1473760575555,82.3795680252517,44.32421974510171,2.7311745267264746,-0.037827522077040765,-0.09903938591136141
282.5103448276,49.9743035232,0.9600000000000001,0.004354000000000001,0.019941000000000004,0.0026300000000000004,0.013075000000000002,0.01954732422523793,0.00326134831538958,0.9640339187398664,0.002548237581132208,0.017764278952384728,0.0021188186336825936,0.01353474609293395,0.9035312134567214,0.02963195405771953,0.050411816129061565,0.009785769196390466,0.006639247160106967,0.018844283573734844,4.981122620132732e-05,0.0003472441203098343,4.1417234807069296e-05,0.00026456807018485225,0.0029467300009089815,9.664012344784503e-05,0.0001644104916082442,3.1914801883439295e-05,2.165289754106991e-05,2.9645008683573573,0.01968170014390464,0.0028839535135878084,309.1473760575555,82.3795680252517,44.32421974510171,2.722911392647442,-0.03965667044750765,-0.10213671944693781
282.5103448276,50.1947049681,0.9600000000000001,0.004354000000000001,0.019941000000000004,0.0026300000000000004,0.013075000000000002,0.019542299784923285,0.00327519628625396,0.963603320961286,0.0027062995557443365,0.018041174720258922,0.002178288146467714,0.01347091661624288,0.9010524607021164,0.0313091027322952,0.05102066971020996,0.010019655965565175,0.006598110889813174,0.0188310249719731,5.288731722616053e-05,0.00035256604485547937,4.256875997621694e-05,0.00026325269089232274,0.002951123673011564,0.00010254345699475696,0.00016710270795706957,3.28163400079614e-05,2.1610108282607918e-05,2.9645008683573573,0.01968170014390464,0.0028839535135878084,309.1473760575555,82.3795680252517,44.32421974510171,2.7149632084626085,-0.04148570939957885,-0.1051887517162835
282.5103448276,50.415106413,0.9600000000000001,0.004354000000000001,0.019941000000000004,0.0026300000000000004,0.013075000000000002,0.019537568414772895,0.00328893739005819,0.9631822636528177,0.0028683800636155436,0.018301186544511888,0.0022354877409494875,0.013412681998105264,0.8986012901471903,0.033017604709449595,0.051579620036116804,0.010241733774909096,0.006559751332334282,0.01881823937201275,5.604117173245931e-05,0.00035756068418492214,4.367599467918672e-05,0.0002620511921635744,0.0029554433819196225,0.00010859283465907016,0.00016964214090177914,3.368442115132034e-05,2.1574611426398248e-05,2.9645008683573573,0.01968170014390464,0.0028839535135878084,309.1473760575555,82.3795680252517,44.32421974510171,2.7073101730374654,-0.043314468137148676,-0.10819780797208578
282.5103448276,50.6355078579,0.9600000000000001,0.004354000000000001,0.019941000000000004,0.0026300000000000004,0.013075000000000002,0.01953311159186802,0.0033025774241998646,0.9627706002277998,0.0030342744426328583,0.01854530299181102,0.002290431458679791,0.013359390879076453,0.8961771860109901,0.03475484885551002,0.052091907101238205,0.010452211097704632,0.006523846934557236,0.018805905571619368,5.926882128830076e-05,0.0003622474728440484,4.47392532759174e-05,0.0002609504728403841,0.0029596945426028586,0.0001147805792116859,0.0001720375563760659,3.4519236404250606e-05,2.154550960500422e-05,2.9645008683573573,0.01968170014390464,0.0028839535135878084,309.1473760575555,82.3795680252517,44.32421974510171,2.6999332948789654,-0.0451414832081114,-0.11116489437952914
282.5103448276,50.8559093028,0.9600000000000001,0.004354000000000001,0.019941000000000004,0.0026300000000000004,0.013075000000000002,0.019528911593733773,0.0033161221090298155,0.9623680964244893,0.003203779235468943,0.01877449414874595,0.0023431495451337672,0.013310480646161884,0.8937795737018001,0.03651827700181567,0.052560666137979065,0.010651362309674428,0.006490120848730835,0.01879400147570371,6.256632145531297e-05,0.00036664543644793164,4.5759160317814844e-05,0.00025993919980899985,0.0029638822049517827,0.00012109906574939597,0.00017429758704548713,3.532121804639825e-05,2.1522033236751674e-05,2.9645008683573573,0.01968170014390464,0.0028839535135878084,309.1473760575555,82.3795680252517,44.32421974510171,2.6928144431676984,-0.04696711428594558,-0.11409278505671816
282.5103448276,51.0763107477,0.9600000000000001,0.004354000000000001,0.019941000000000004,0.0026300000000000004,0.013075000000000002,0.01952495153825317,0.0033295770387588835,0.9619744545217276,0.003376694313684471,0.018989701976471658,0.0023936856330548035,0.013265463555061476,0.8914078412884849,0.03830540582258983,0.05298890477256139,0.010839514265810219,0.006458333850553636,0.01878250460557426,6.592979283418434e-05,0.00037077301081647957,4.6736595983207895e-05,0.00025900753304503894,0.0029680110805237626,0.00012754079968723593,0.00017643064063970143,3.6090997810741064e-05,2.1503520097442633e-05,2.9645008683573573,0.01968170014390464,0.0028839535135878084,309.1473760575555,82.3795680252517,44.32421974510171,2.685936386896987,-0.04879031268873968,-0.11698276846029065
282.5103448276,51.2967121926,0.9600000000000001,0.004354000000000001,0.019941000000000004,0.0026300000000000004,0.013075000000000002,0.01952121541193766,0.0033429476411566215,0.9615893328642638,0.0035528246116677885,0.019191833062873143,0.002442094112285261,0.013223915348910044,0.8890613563662686,0.04011384404459076,0.05337948703439153,0.011017034022259752,0.006428278532489319,0.018771392504664718,6.935545456520066e-05,0.0003746479073702939,4.767264522214526e-05,0.00025814690011530174,0.002972085564108124,0.00013409848032658927,0.00017844483026776962,3.682936789725548e-05,2.1489398556882918e-05,2.9645008683573573,0.01968170014390464,0.0028839535135878084,309.1473760575555,82.3795680252517,44.32421974510171,2.679282820068496,-0.05061107792284503,-0.11983708760158862
282.5103448276,51.5171136375,0.9600000000000001,0.004354000000000001,0.019941000000000004,0.0026300000000000004,0.013075000000000002,0.019517688085373682,0.0033562391459870384,0.9612123614565635,0.0037319814878596412,0.01938175346533924,0.002488437734933721,0.013185465855303934,0.8867394791296148,0.04194130529061421,0.05373512319848892,0.011184317871292563,0.006399774509989443,0.01876064305471467,7.283965062043327e-05,0.0003782870186841018,4.8568551530310164e-05,0.0002573498098241671,0.00297610975214697,0.0001407650506501527,0.00018034792399320476,3.753724546079452e-05,2.1479173735916586e-05,2.9645008683573573,0.01968170014390464,0.0028839535135878084,309.1473760575555,82.3795680252517,44.32421974510171,2.6728383726814635,-0.05242936061720771,-0.12265783164494115
282.5103448276,51.7375150824,0.9600000000000001,0.004354000000000001,0.019941000000000004,0.0026300000000000004,0.013075000000000002,0.01951435531609515,0.00336945656168774,0.9608431542757443,0.003913983743771091,0.01956028533164583,0.002532785483111228,0.01314979116572753,0.8844415723392437,0.04378561699142054,0.054058364467888365,0.011341781761921622,0.0063726644395257865,0.018750234715574503,7.63788694773694e-05,0.00038170635804594076,4.942567585688022e-05,0.0002566096971404561,0.0029800874593478867,0.00014753373447928814,0.00018214731087043382,3.821564097893714e-05,2.1472416011194284e-05,2.9645008683573573,0.01968170014390464,0.0028839535135878084,309.1473760575555,82.3795680252517,44.32421974510171,2.6665886084218706,-0.05424468150759898,-0.1254465477520652
285.9482758621,49.4557043901,0.9600000000000001,0.004354000000000001,0.019941000000000004,0.0026300000000000004,0.013075000000000002,0.01918972081825344,0.0032882921607767994,0.9697877802298178,0.0004851678018546362,0.008100574980724171,0.0006897019575309874,0.020936775030072508,0.9574665471996103,0.005355402109210602,0.02300575597311685,0.0031322235270780452,0.01104007119098422,0.018609956755563928,9.310234667596172e-06,0.0001554477723474256,1.323518801282254e-05,0.0004017708676616712,0.003148429741362508,1.761012677352476e-05,7.564964701914416e-05,1.0299666069891393e-05,3.630297955173119e-05,2.441163750288898,0.019102223074262632,0.0032246785134456613,309.1473760575555,82.3795680252517,48.26333880684942,2.473600064075029,-0.00464194770901738,-0.02780049423100328
285.9482758621,49.6603275035,0.9600000000000001,0.004354000000000001,0.019941000000000004,0.0026300000000000004,0.013075000000000002,0.019170150368976256,0.003305591786454836,0.9702985394269096,0.0005353957941907336,0.00863641612040672,0.0007472942659737226,0.01978235439251912,0.955934835620718,0.005861325762667869,0.02440328244656208,0.003373164440059823,0.0104273917299921,0.018600768903611894,1.0263617881553827e-05,0.00016556139567724736,1.4325743448589997e-05,0.0003792307083569695,0.003159930341013899,1.9375150298811032e-05,8.066729001789309e-05,1.1150304667423277e-05,3.4468700456808966e-05,2.441163750288898,0.019102223074262632,0.0032246785134456613,309.1473760575555,82.3795680252517,48.26333880684942,2.455258387003723,-0.0066617657141319064,-0.031259724116780685
285.9482758621,49.8649506168,0.9600000000000001,0.004354000000000001,0.019941000000000004,0.0026300000000000004,0.013075000000000002,0.019152258688460162,0.0033225598620928694,0.9705833260678263,0.0005907125678437452,0.009187094590139524,0.000808484453593475,0.018830382320597062,0.9542003079316618,0.006416291961078803,0.02583417002136346,0.003628195576621654,0.009921034509274356,0.01858886293955709,1.1313479909867983e-05,0.00017595361218570506,1.5484303400820597e-05,0.0003606443534066817,0.003170387643530396,2.1318514133349573e-05,8.583557638346512e-05,1.2054896994706e-05,3.29632310509532e-05,2.441163750288898,0.019102223074262632,0.0032246785134456613,309.1473760575555,82.3795680252517,48.26333880684942,2.438231651391323,-0.008633767307829388,-0.03472177383064956
285.9482758621,50.0695737302,0.9600000000000001,0.004354000000000001,0.019941000000000004,0.0026300000000000004,0.013075000000000002,0.01913579268433483,0.00333923588709694,0.9706887320685398,0.0006510264250210689,0.009745171436464185,0.000872671699730284,0.018042398370244832,0.9523092242650228,0.007018370211087231,0.027277120917954898,0.003894436021357735,0.009500848584577363,0.018574898337883415,1.2457906701226828e-05,0.0001864815802814801,1.669926472752481e-05,0.00034525559474118576,0.0031799851372792125,2.343599367779461e-05,9.108474106591763e-05,1.3004440522520774e-05,3.17255745514949e-05,2.441163750288898,0.019102223074262632,0.0032246785134456613,309.1473760575555,82.3795680252517,48.26333880684942,2.4223257044728213,-0.010565657543328832,-0.03817364070288587
285.9482758621,50.2741968435,0.9600000000000001,0.004354000000000001,0.019941000000000004,0.0026300000000000004,0.013075000000000002,0.01912053862751817,0.00335565331955324,0.9706538477782917,0.0007162678781189745,0.010304414411024969,0.0009393035727052838,0.017386166359859043,0.9503002442834954,0.0076659595547652415,0.02871459317491897,0.004169288215562929,0.009149914771257407,0.018559424390393965,1.3695427631224328e-05,0.0001970259537799578,1.7959990244877198e-05,0.0003324328654681418,0.003188878169302166,2.572430262750886e-05,9.635621990703766e-05,1.3990685840727946e-05,3.070394187579914e-05,2.441163750288898,0.019102223074262632,0.0032246785134456613,309.1473760575555,82.3795680252517,48.26333880684942,2.4073786615280337,-0.01246552784535293,-0.04160626541063017
285.9482758621,50.4788199569,0.9600000000000001,0.004354000000000001,0.019941000000000004,0.0026300000000000004,0.013075000000000002,0.01910632287481523,0.0033718389266922753,0.9705103129017159,0.0007863976594651774,0.010859787376686574,0.001007885449117465,0.016835616613014765,0.9482045015760309,0.008357843480079133,0.030132649876430745,0.004450464319887989,0.00885454074757131,0.018542883391638138,1.5025167589740677e-05,0.00020749060397081635,1.9256984811666443e-05,0.0003216667268048633,0.003197192848878908,2.8181301989332053e-05,0.00010160244181773837,1.5006248835653383e-05,2.985608517064386e-05,2.441163750288898,0.019102223074262632,0.0032246785134456613,309.1473760575555,82.3795680252517,48.26333880684942,2.3932600200804153,-0.014339665361383425,-0.045012279769748975
285.9482758621,50.6834430702,0.9600000000000001,0.004354000000000001,0.019941000000000004,0.0026300000000000004,0.013075000000000002,0.019093007972040527,0.0033878134569222318,0.9702832452706796,0.0008614017674510749,0.011407289880502774,0.0010779747554041893,0.01637008832596226,0.946046569958394,0.009093138649183144,0.03152046971149883,0.00473595732215211,0.008603864358771854,0.018525625737090438,1.6446750813073173e-05,0.0002177994766278167,2.0581780598590624e-05,0.000312554226910605,0.0032050293005801665,3.08058574813623e-05,0.00010678547145712535,1.6044539947396298e-05,2.9148287456180854e-05,2.441163750288898,0.019102223074262632,0.0032246785134456613,309.1473760575555,82.3795680252517,48.26333880684942,2.3798667938495797,-0.016191309046544422,-0.04838426588393041
285.9482758621,50.8880661836,0.9600000000000001,0.004354000000000001,0.019941000000000004,0.0026300000000000004,0.013075000000000002,0.019080486103934306,0.0034035926639912543,0.9699924052306926,0.0009412851375516719,0.011943788066460348,0.0011491735153070328,0.015973348049988328,0.9438456397064944,0.009871212742499105,0.032869803419731614,0.005023998643331397,0.008389345487943579,0.018507926608926046,1.796017798689457e-05,0.00022789328223043307,2.1926789289825176e-05,0.00030477924550110846,0.003212466095245157,3.3597587275066946e-05,0.00011187542178623316,1.7099644926344757e-05,2.8553914758452897e-05,2.441163750288898,0.019102223074262632,0.0032246785134456613,309.1473760575555,82.3795680252517,48.26333880684942,2.367118180564144,-0.018024196632836276,-0.05171778127234816
285.9482758621,51.0926892969,0.9600000000000001,0.004354000000000001,0.019941000000000004,0.0026300000000000004,0.013075000000000002,0.019068673013232604,0.0034191884981210857,0.9696533022553389,0.0010260627567548859,0.012466847627441737,0.0012211195243405396,0.015632667836123812,0.9416166502205963,0.010691586120090926,0.03417446682150192,0.0053130137393756285,0.008204283098435097,0.018490001756908257,1.956565519961494e-05,0.00023772624091348117,2.3285128919723883e-05,0.00029809423129152347,0.0032195648200735684,3.655654828848594e-05,0.00011684894388550004,1.8166195468032448e-05,2.8051990405498505e-05,2.441163750288898,0.019102223074262632,0.0032246785134456613,309.1473760575555,82.3795680252517,48.26333880684942,2.3549507327195247,-0.019842184895347614,-0.05501046757286332
285.9482758621,51.2973124103,0.9600000000000001,0.004354000000000001,0.019941000000000004,0.0026300000000000004,0.013075000000000002,0.019057502181170572,0.0034346099743879747,0.9692781176598946,0.0011157537331169243,0.012974610633753374,0.0012934812145950349,0.015338036758640166,0.9393712017974682,0.011553857904193934,0.03542994352329208,0.005601591580174611,0.008043405194871145,0.01847201984146435,2.1263479202524995e-05,0.00024726367045259384,2.4650521068448036e-05,0.0002923046689826594,0.0032263736993464035,3.9682995600405826e-05,0.00012168803741710161,1.9239282313715414e-05,2.7625959710348488e-05,2.441163750288898,0.019102223074262632,0.0032246785134456613,309.1473760575555,82.3795680252517,48.26333880684942,2.343314016390506,-0.021646512787713235,-0.058258933592776785
285.9482758621,51.5019355236,0.9600000000000001,0.004354000000000001,0.019941000000000004,0.0026300000000000004,0.013075000000000002,0.019046920623987374,0.0034498640614361396,0.9688764482546304,0.0012103739690984146,0.013465683639701947,0.0013659524224464326,0.01508154171412285,0.9371183174844439,0.012457630046984754,0.03663305169610902,0.005888458172056681,0.007902542600405684,0.018454112804356756,2.305389691475805e-05,0.0002564798074331284,2.601718736648047e-05,0.0002872569279162524,0.003232930804803085,4.297713018975971e-05,0.0001263790485071387,2.0314380225048287e-05,2.7262697711107664e-05,2.441163750288898,0.019102223074262632,0.0032246785134456613,309.1473760575555,82.3795680252517,48.26333880684942,2.3321674007705484,-0.0234382400132791,-0.061460851973466735
285.9482758621,51.706558637,0.9600000000000001,0.004354000000000001,0.019941000000000004,0.0026300000000000004,0.013075000000000002,0.01903688537366598,0.0034649563120295033,0.9684558782023756,0.0013099311965462292,0.013939057213307519,0.0014382499027380392,0.014856883485032602,0.9348650169736896,0.013402453144019486,0.037781693356488844,0.006172460966132126,0.007778375559669893,0.018436383542791646,2.4937010036039686e-05,0.00026535623438670716,2.7379798537110296e-05,0.00028282878791447677,0.003239266441458555,4.6438914618049975e-05,0.00013091191687472916,2.1387307585355237e-05,2.6951731492814214e-05,2.441163750288898,0.019102223074262632,0.0032246785134456613,309.1473760575555,82.3795680252517,48.26333880684942,2.3214774646380847,-0.02521854614483532,-0.06461501204979214
285.9482758621,51.9111817503,0.9600000000000001,0.004354000000000001,0.019941000000000004,0.0026300000000000004,0.013075000000000002,0.019027360892821796,0.0034798914281065027,0.9680224184138628,0.0014144206304505672,0.014394040101517187,0.0015101117554498378,0.0146590090987195,0.9326167709349373,0.014387779226998063,0.038874651385272525,0.006452557581239611,0.0076682408715524,0.01841891190750271,2.691269178983547e-05,0.0002738805957173168,2.8733441359436717e-05,0.0002789222564524943,0.003245405106884854,5.0067909601519363e-05,0.00013527956612623845,2.2454199816319353e-05,2.6684645677571136e-05,2.441163750288898,0.019102223074262632,0.0032246785134456613,309.1473760575555,82.3795680252517,48.26333880684942,2.3112160639225627,-0.026989094294217253,-0.06772148407637202
285.9482758621,52.1158048637,0.9600000000000001,0.004354000000000001,0.019941000000000004,0.0026300000000000004,0.013075000000000002,0.01901831681625724,0.003494673395151443,0.9675808337320039,0.0015238234114418828,0.014830216039183329,0.0015812980873073086,0.014483828730063548,0.9303777902342784,0.015412953084061574,0.039911457064038196,0.006727816828292922,0.0075699827893289055,0.018401758841253568,2.8980556410831635e-05,0.0002820457470867281,3.0073628005351994e-05,0.0002754580435007573,0.003251366510971523,5.3863237083587363e-05,0.00013947750716342342,2.351152247728744e-05,2.6454617455622037e-05,2.441163750288898,0.019102223074262632,0.0032246785134456613,309.1473760575555,82.3795680252517,48.26333880684942,2.3013588350890744,-0.028748678393203164,-0.070778138449068
285.9482758621,52.320427977,0.9600000000000001,0.004354000000000001,0.019941000000000004,0.0026300000000000004,0.013075000000000002,0.01900972684308752,0.003509306104879146,0.9671349069220295,0.0016381028078159058,0.015247391606390824,0.0016515897130549072,0.014328008950708947,0.9281513511332035,0.01647716530228635,0.04089223135871109,0.00699740745423944,0.007481844751559639,0.018384970401002655,3.1139886917475065e-05,0.000289848749507075,3.1396269302027085e-05,0.0002723715363582901,0.0032571672027835786,5.782341678641633e-05,0.00014350335714925528,2.455604469748931e-05,2.6256083462406237e-05,2.441163750288898,0.019102223074262632,0.0032246785134456613,309.1473760575555,82.3795680252517,48.26333880684942,2.2918842005594855,-0.030498994413166614,-0.0737862644145344
285.9482758621,52.5250510904,0.9600000000000001,0.004354000000000001,0.019941000000000004,0.0026300000000000004,0.013075000000000002,0.019001567388744093,0.0035237933352609573,0.9666876286949797,0.0017572045615250286,0.015645569041194365,0.0017207896034989942,0.014188808098801934,0.9259399506990501,0.017579462221808877,0.04181760184178182,0.007260602615992627,0.007402382621366347,0.018368580120512883,3.3389640891626344e-05,0.00029729033447150303,3.2697699612736364e-05,0.00026960959325534294,0.0032628210271251723,6.19463918146819e-05,0.0001473565866666671,2.5584863108213092e-05,2.608446654622227e-05,2.441163750288898,0.019102223074262632,0.0032246785134456613,309.1473760575555,82.3795680252517,48.26333880684942,2.2827725370969745,-0.032239062560579956,-0.07674491799869099
285.9482758621,52.7296742037,0.9600000000000001,0.004354000000000001,0.019941000000000004,0.0026300000000000004,0.013075000000000002,0.018993816853139195,0.0035381389355322933,0.9662413515312928,0.0018810564784600453,0.016024914764656464,0.001788723110069589,0.01406395411552103,0.9237454711530733,0.018718741641129615,0.04268860913881359,0.007516777666874481,0.007330400400108992,0.01835261126691506,3.572844224228107e-05,0.00030437429612705105,3.3974679153639316e-05,0.0002671281687011597,0.003268339818008311,6.622950862465035e-05,0.00015103823009775605,2.659540373290819e-05,2.5935975068667127e-05,2.441163750288898,0.019102223074262632,0.0032246785134456613,309.1473760575555,82.3795680252517,48.26333880684942,2.2740056351965716,-0.03396902176704453,-0.07965463183631671
285.9482758621,52.9342973171,0.9600000000000001,0.004354000000000001,0.019941000000000004,0.0026300000000000004,0.013075000000000002,0.018986455058640304,0.003552346908432067,0.9657979095268211,0.0020095690297278986,0.016385733126892812,0.00185523825641497,0.013951550060143135,0.9215693009881352,0.019893759728196323,0.043506630073249404,0.007765408759982584,0.007264900450436625,0.01833707860495974,3.815459207016415e-05,0.00031110698561662403,3.522439777849302e-05,0.0002648904782152781,0.003273733857271103,7.066953586754856e-05,0.0001545506428370051,2.7585425801235424e-05,2.5807446655175277e-05,2.441163750288898,0.019102223074262632,0.0032246785134456613,309.1473760575555,82.3795680252517,48.26333880684942,2.2655663134423056,-0.035690112768711035,-0.08251733144165296
285.9482758621,53.1389204305,0.9600000000000001,0.004354000000000001,0.019941000000000004,0.0026300000000000004,0.013075000000000002,0.018979462864065263,0.00356642145244774,0.9653587138696401,0.0021426365282150913,0.0167284427888479,0.0019202057396830148,0.013850001073613777,0.9194124312252808,0.021103143391564966,0.04427330993897245,0.008006070463424622,0.007205044980757225,0.018321989860390638,4.0666090418448045e-05,0.0003174968586845791,3.644447352767875e-05,0.0002628655810439167,0.003279012218368974,7.526270330575806e-05,0.00015789728233721908,2.8553021450565793e-05,2.5696226985223483e-05,2.441163750288898,0.019102223074262632,0.0032246785134456613,309.1473760575555,82.3795680252517,48.26333880684942,2.2574381601972076,-0.037401787442778556,-0.08533338728495954
285.9482758621,53.3435435438,0.9600000000000001,0.004354000000000001,0.019941000000000004,0.0026300000000000004,0.013075000000000002,0.018972821910926193,0.003580366973454644,0.9649248298626506,0.00228013875019642,0.017053555283438646,0.0019835185820159746,0.013757957521698288,0.9172755327467516,0.022345406713758932,0.044990502354157004,0.00823843215761893,0.007150126027713539,0.018307346954414827,4.32606664396785e-05,0.00032355406734081585,3.7632944813601936e-05,0.0002610272779172691,0.003284183023004483,8.000475620635414e-05,0.00016108250874795715,2.9496610410185502e-05,2.5600075085663997e-05,2.441163750288898,0.019102223074262632,0.0032246785134456613,309.1473760575555,82.3795680252517,48.26333880684942,2.2496053698626612,-0.03910404323510752,-0.08810389956122
285.9482758621,53.5481666572,0.9600000000000001,0.004354000000000001,0.019941000000000004,0.0026300000000000004,0.013075000000000002,0.018966514467350717,0.003594188073720537,0.9644970397755345,0.0024219428729030305,0.01736165552721606,0.0020450914195200755,0.01367427040482626,0.9151590190250474,0.023618970114341106,0.045660215796396855,0.008462253179541659,0.007099541884672966,0.018293147058619615,4.593581453801229e-05,0.00032929009073410294,3.878825599538233e-05,0.00025935324746360303,0.0032892536317376112,8.489102069852659e-05,0.00016411140305891566,3.0414929454712323e-05,2.5517088770770997e-05,2.441163750288898,0.019102223074262632,0.0032246785134456613,309.1473760575555,82.3795680252517,48.26333880684942,2.242052647945353,-0.040796897161010204,-0.09083012886791408
285.9482758621,53.7527897705,0.9600000000000001,0.004354000000000001,0.019941000000000004,0.0026300000000000004,0.013075000000000002,0.018960523342351873,0.0036078895250441726,0.9640758946331445,0.002567905605444143,0.01765338418849154,0.002104859452175819,0.01359795612074399,0.9130630974037534,0.024922181018038975,0.046284566305483284,0.008677376824249987,0.007052778448474114,0.0182793835039905,4.868883417297989e-05,0.0003347174029773993,3.990923677534959e-05,0.00025782436443564294,0.003294230784827389,8.991647583623753e-05,0.0001669896019447656,3.1307016949072595e-05,2.5445645486707048e-05,2.441163750288898,0.019102223074262632,0.0032246785134456613,309.1473760575555,82.3795680252517,48.26333880684942,2.234765164673377,-0.042480358715569544,-0.09351343130724787
285.9482758621,53.9574128839,0.9600000000000001,0.004354000000000001,0.019941000000000004,0.0026300000000000004,0.013075000000000002,0.018954831848952084,0.0036214762316704027,0.9636617572083253,0.0027178754019065656,0.01792942188439871,0.0021627771036294837,0.013528168401739973,0.9109878112564841,0.02625333494971937,0.046865736039303926,0.008883723411847167,0.007009394342645351,0.018266046567149495,5.1516871229542014e-05,0.0003398491769676992,4.099507632606048e-05,0.00025642415727928806,0.0032991207058068,9.507582852249058e-05,0.00016972314914607818,3.217219318473841e-05,2.5384355010295124e-05,2.441163750288898,0.019102223074262632,0.0032246785134456613,309.1473760575555,82.3795680252517,48.26333880684942,2.227728541342833,-0.044154833832538376,-0.09615562960096291
285.9482758621,54.1620359972,0.9600000000000001,0.004354000000000001,0.019941000000000004,0.0026300000000000004,0.013075000000000002,0.018949423799433172,0.003634953187604541,0.9632548378942413,0.002871694660818306,0.018190475198850274,0.0022188164551707155,0.013464175790919443,0.9089330747624967,0.027610696153462136,0.047405937441238395,0.009081282682876434,0.0069690089599263256,0.01825312415011228,5.441695915041558e-05,0.00034469902365609224,4.2045293342185904e-05,0.00025513837317220085,0.0033039291774271343,0.00010036358799500764,0.00017231836341341096,3.301003743565961e-05,2.5332021333328805e-05,2.441163750288898,0.019102223074262632,0.0032246785134456613,309.1473760575555,82.3795680252517,48.26333880684942,2.220928857200922,-0.04582051596268322,-0.09875837588581682
285.9482758621,54.3666591106,0.9600000000000001,0.004354000000000001,0.019941000000000004,0.0026300000000000004,0.013075000000000002,0.018944283519949135,0.003648325432006324,0.9628552247155556,0.0030292018329184174,0.018437264503166687,0.002272965524688446,0.013405343423670854,0.9068987016234762,0.028992517023057374,0.04790738277249498,0.009270105803558505,0.006931292777412834,0.01824060236567582,5.738605836195609e-05,0.00034928076608028383,4.305970333076787e-05,0.00025395462650030625,0.003308661597386443,0.00010577413719309649,0.0001747817229497551,3.3820362760511915e-05,2.528761171651699e-05,2.441163750288898,0.019102223074262632,0.0032246785134456613,309.1473760575555,82.3795680252517,48.26333880684942,2.214352667669654,-0.04747669635317919,-0.10132243793635176
285.9482758621,54.5712822239,0.9600000000000001,0.004354000000000001,0.019941000000000004,0.0026300000000000004,0.013075000000000002,0.018939395874990876,0.003661598005428394,0.9624629084473793,0.0031902333777978488,0.018670513535248248,0.002325226460744354,0.013351118178830253,0.9048844287533319,0.030397055822366476,0.048372258717904314,0.009450297252550224,0.00689595945384715,0.018228466038080017,6.042109287572279e-05,0.000353608247033442,4.403838443904125e-05,0.0002528621125626534,0.003313323019466412,0.00011130179897007265,0.00017711976603954467,3.460318957064333e-05,2.5250231381721804e-05,2.441163750288898,0.019102223074262632,0.0032246785134456613,309.1473760575555,82.3795680252517,48.26333880684942,2.2079870271921256,-0.049124238798987196,-0.10385015377069262
285.9482758621,54.7759053373,0.9600000000000001,0.004354000000000001,0.019941000000000004,0.0026300000000000004,0.013075000000000002,0.018934746294881625,0.003674775908933359,0.9620778036067803,0.003354625528410664,0.018890940662235112,0.002375613716126381,0.01330101648644765,0.9028899357607387,0.03182259235651641,0.04880270571612303,0.00962200683173432,0.006862759334887534,0.018216699127231336,6.351898329478914e-05,0.0003576951687110849,4.498164300949396e-05,0.00025185137263492404,0.003317918184351951,0.00011694089575153336,0.00017933900725637325,3.535871890084947e-05,2.521910267265223e-05,2.441163750288898,0.019102223074262632,0.0032246785134456613,309.1473760575555,82.3795680252517,48.26333880684942,2.2018195119853963,-0.0507629519637689,-0.10634278741852299
285.9482758621,54.9805284506,0.9600000000000001,0.004354000000000001,0.019941000000000004,0.0026300000000000004,0.013075000000000002,0.01893032080164656,0.003687864067391014,0.9616997659385345,0.003522215838643988,0.019099251721154138,0.0024241522558932503,0.013254614245774171,0.900914860897735,0.03326744141132451,0.0492008016098508,0.009785422001761824,0.006831474079327889,0.018205285084084866,6.667667575817126e-05,0.000361554962152848,4.588997987609443e-05,0.00025091409977457963,0.003322451543283331,0.00012268580179485946,0.00018144586834380273,3.608730618455488e-05,2.5193547784466432e-05,2.441163750288898,0.019102223074262632,0.0032246785134456613,309.1473760575555,82.3795680252517,48.26333880684942,2.1958382396169394,-0.05239294805934591,-0.10880187430654775
285.9482758621,55.185151564,0.9600000000000001,0.004354000000000001,0.019941000000000004,0.0026300000000000004,0.013075000000000002,0.018926106030305305,0.0037008672977541486,0.9613286069115123,0.003692844503745465,0.01929613430847205,0.002470875844133598,0.013211538432136582,0.8989588140294315,0.03472996391576699,0.04956854917313428,0.009940760697153567,0.006801912184513621,0.018194207144372972,6.989116663131684e-05,0.00036520068389715396,4.67640582137926e-05,0.00025004297719007047,0.0033269272768693763,0.00012853098770804368,0.0001834466226319711,3.6789436178895367e-05,2.5172974365861943e-05,2.441163750288898,0.019102223074262632,0.0032246785134456613,309.1473760575555,82.3795680252517,48.26333880684942,2.1900318835613297,-0.05401441321089839,-0.11122898124553249
285.9482758621,55.3897746773,0.9600000000000001,0.004354000000000001,0.019941000000000004,0.0026300000000000004,0.013075000000000002,0.018922089243957288,0.0037137902826260513,0.9609641056649573,0.003866355454506877,0.01948225337232234,0.0025158254422471445,0.013171460065966433,0.8970213870994683,0.03620857588305946,0.04990786705001182,0.010088264728820585,0.006773905238639847,0.018183448567631922,7.315952295904018e-05,0.0003686449369844712,4.760467354041878e-05,0.0002492315428414364,0.003331349310717747,0.0001344710572622342,0.0001853473516769268,3.7465699518453024e-05,2.5156863450690366e-05,2.441163750288898,0.019102223074262632,0.0032246785134456613,309.1473760575555,82.3795680252517,48.26333880684942,2.18438968186001,-0.05562750838111885,-0.1136255995422033
289.3862068966,53.8598306765,0.9600000000000001,0.004354000000000001,0.019941000000000004,0.0026300000000000004,0.013075000000000002,0.018548267147754146,0.0036969415861179433,0.9696197101125887,0.0005992030232655066,0.008899030139082196,0.0007886651317923673,0.020093391593271268,0.957342073432502,0.005391450663608203,0.02299189703404249,0.0031387609510669986,0.01113581791878028,0.017984765414896228,1.1114177751270558e-05,0.0001650615883756123,1.462837155460356e-05,0.0003726975951764328,0.0035392377234129946,1.9931878167796347e-05,8.499970028889347e-05,1.1603815888882694e-05,4.116846835937618e-05,1.9456213632659913,0.01846859826278976,0.003617305287831908,309.1473760575555,82.3795680252517,52.461897447096256,1.9655908864564637,-0.008126910088493311,-0.028556904904178282
289.3862068966,54.0466753228,0.9600000000000001,0.004354000000000001,0.019941000000000004,0.0026300000000000004,0.013075000000000002,0.01853022248563424,0.0037137462885580832,0.9699195482235158,0.0006517718333858555,0.009379157862323854,0.0008432702245680733,0.01920625185620659,0.9560663289834462,0.005822146261051939,0.02412937747064933,0.0033385410518362436,0.010643606233016209,0.017972825021747595,1.2077477082509633e-05,0.00017379788191674664,1.5625984876757145e-05,0.00035589612001063367,0.0035505877808776247,2.1621974068423958e-05,8.961038602684098e-05,1.2398494440455649e-05,3.9527653144737625e-05,1.9456213632659913,0.01846859826278976,0.003617305287831908,309.1473760575555,82.3795680252517,52.461897447096256,1.9516515873725164,-0.010097939955413748,-0.03155390595499208
289.3862068966,54.2335199692,0.9600000000000001,0.004354000000000001,0.019941000000000004,0.0026300000000000004,0.013075000000000002,0.018513422944581765,0.003730264112360479,0.9700717980193235,0.000708724389243207,0.009867675866066256,0.0009004831401471592,0.01845131858521975,0.954659198702809,0.006286990780116512,0.02528261055437358,0.003547115878504873,0.010224084084195964,0.017959349483342633,1.3120914369199886e-05,0.00018268445678852678,1.6671025228009453e-05,0.00034159706485339524,0.0035611309484559,2.3452136081809837e-05,9.431081481776603e-05,1.323167906397074e-05,3.813853394103216e-05,1.9456213632659913,0.01846859826278976,0.003617305287831908,309.1473760575555,82.3795680252517,52.461897447096256,1.9385365940986847,-0.012025995939943357,-0.034532660755953515
289.3862068966,54.4203646155,0.9600000000000001,0.004354000000000001,0.019941000000000004,0.0026300000000000004,0.013075000000000002,0.018497712683213548,0.0037465229741039992,0.97010316091658,0.0007700130836846778,0.010360002779127719,0.0009599038715598238,0.017806919349047743,0.9531471044100521,0.006784990492583641,0.02643971601020142,0.0037628132341824693,0.0098653758529805,0.017944689543712176,1.424348078431444e-05,0.00019163635480559841,1.7756026019617942e-05,0.00032938727789184115,0.0035709875243729637,2.542012275954182e-05,9.905700346100496e-05,1.4097466229127193e-05,3.696085728136228e-05,1.9456213632659913,0.01846859826278976,0.003617305287831908,309.1473760575555,82.3795680252517,52.461897447096256,1.9261441309346239,-0.013915974936546949,-0.037487885381645825
289.3862068966,54.6072092618,0.9600000000000001,0.004354000000000001,0.019941000000000004,0.0026300000000000004,0.013075000000000002,0.018482957249337132,0.0037625469585908853,0.9700365339205701,0.0008356026222007218,0.010852220903285291,0.001021159500297275,0.017254483053646665,0.951552627300978,0.007315302595970623,0.02759068314924667,0.0039841004715198925,0.00955728648228455,0.017929143786749067,1.5444407543569946e-05,0.00020058113501578484,1.8874047388749e-05,0.0003189138726399633,0.003580261443790461,2.7524169533641275e-05,0.00010381124096864284,1.4990365111837684e-05,3.5959739186301516e-05,1.9456213632659913,0.01846859826278976,0.003617305287831908,309.1473760575555,82.3795680252517,52.461897447096256,1.9143873243660654,-0.015771841254385244,-0.040414946065272295
289.3862068966,54.7940539082,0.9600000000000001,0.004354000000000001,0.019941000000000004,0.0026300000000000004,0.013075000000000002,0.01846904383084184,0.0037783560772633724,0.9698910864792861,0.0009054723665467405,0.01134105707090175,0.0010839074468702793,0.016778476636395,0.9498945960427712,0.00787724942934141,0.028727284245886348,0.004209592882678612,0.009291277399322522,0.01791296098732875,1.6723208825367838e-05,0.0002094584801305632,2.0018734144823062e-05,0.00030988242041233503,0.0035890400197178406,2.976305325347155e-05,0.00010854190901371702,1.5905340851073373e-05,3.510575442727007e-05,1.9456213632659913,0.01846859826278976,0.003617305287831908,309.1473760575555,82.3795680252517,52.461897447096256,1.9031937417649811,-0.017597283390499596,-0.04331045525840893
289.3862068966,54.9808985545,0.9600000000000001,0.004354000000000001,0.019941000000000004,0.0026300000000000004,0.013075000000000002,0.018455879380071875,0.003793966561079001,0.9696826373260237,0.0009796147729875119,0.0118238183710456,0.0011478341324595482,0.016366095397483564,0.9481884729234579,0.008470300253074669,0.02984287976347325,0.004438044821562045,0.009060302238432209,0.017896345791439075,1.807965208919401e-05,0.0002182189656678955,2.1184288297002864e-05,0.0003020506825787061,0.003597395359872161,3.2136035922464295e-05,0.00011322288790891872,1.6837793649576222e-05,3.4374483725881026e-05,1.9456213632659913,0.01846859826278976,0.003617305287831908,309.1473760575555,82.3795680252517,52.461897447096256,1.892503801511884,-0.019395166057613045,-0.04617155700103526
289.3862068966,55.1677432009,0.9600000000000001,0.004354000000000001,0.019941000000000004,0.0026300000000000004,0.013075000000000002,0.01844338781550944,0.00380939138888824,0.9694241373673297,0.0010580320666961664,0.012298314532303215,0.0012126518874198018,0.0160068641462512,0.9464468434079745,0.009094038030135329,0.03093219302806212,0.004668334137807084,0.00885859139602108,0.017879465323181357,1.9513695727322345e-05,0.00022682258439638377,2.2365409044892898e-05,0.0002952208031594843,0.0036053864553187943,3.4642750162219694e-05,0.00011783282976052868,1.778351186501531e-05,3.374584178168215e-05,1.9456213632659913,0.01846859826278976,0.003617305287831908,309.1473760575555,82.3795680252517,52.461897447096256,1.882268764651383,-0.021167989722711056,-0.04899618950648077
289.3862068966,55.3545878472,0.9600000000000001,0.004354000000000001,0.019941000000000004,0.0026300000000000004,0.013075000000000002,0.018431506932377998,0.003824640813589827,0.9691261493728802,0.001140732867578468,0.012762785696525093,0.0012780960110322132,0.0156922360519841,0.9446798932744994,0.009748125539138038,0.031991099635071504,0.004899447118098206,0.00868143443319291,0.017862455340515036,2.1025425756763967e-05,0.000235237373041957,2.3557235487584902e-05,0.00028923155757665687,0.003613061275595332,3.728307879298467e-05,0.0001223544653359131,1.8738625411903454e-05,3.320336845369367e-05,1.9456213632659913,0.01846859826278976,0.003617305287831908,309.1473760575555,82.3795680252517,52.461897447096256,1.8724486936002696,-0.022916474801131237,-0.05178148666389415
289.3862068966,55.5414324935,0.9600000000000001,0.004354000000000001,0.019941000000000004,0.0026300000000000004,0.013075000000000002,0.01842018620991376,0.003839723164802215,0.9687972888511424,0.0012277260276162569,0.01321582270624936,0.001343920117544697,0.015415242297447335,0.9428958805773194,0.010432254821055016,0.033016418747455804,0.005130459433449896,0.008524986420719855,0.01784542646029765,2.2614942043449176e-05,0.00024343791516631962,2.475525881642251e-05,0.0002839516335899187,0.0036204591546493163,4.005697049752453e-05,0.00012677390788341618,1.9699543932695613e-05,3.273358783926235e-05,1.9456213632659913,0.01846859826278976,0.003617305287831908,309.1473760575555,82.3795680252517,52.461897447096256,1.8630108397114225,-0.02464403045995267,-0.054528049074773044
289.3862068966,55.7282771399,0.9600000000000001,0.004354000000000001,0.019941000000000004,0.0026300000000000004,0.013075000000000002,0.01840938367255043,0.0038546450107546856,0.968444577292469,0.0013190202882227098,0.013656329721423258,0.0014098963703250654,0.015170176327560039,0.941101453530542,0.011146134541540328,0.034005781361031176,0.005360531599672838,0.008386098967213661,0.01782846778897798,2.4282350557769915e-05,0.00025140461340053446,2.5955323219850374e-05,0.0002792735963942948,0.003627612022465486,4.296439189974889e-05,0.0001310802154601135,2.066294638567174e-05,3.232543454366516e-05,1.9456213632659913,0.01846859826278976,0.003617305287831908,309.1473760575555,82.3795680252517,52.461897447096256,1.8539278660133764,-0.02634766137303468,-0.05723075329853233
289.3862068966,55.9151217862,0.9600000000000001,0.004354000000000001,0.019941000000000004,0.0026300000000000004,0.013075000000000002,0.01839906456648253,0.0038694118827893695,0.9680737530243251,0.001414618564693331,0.014083462640025676,0.001475811935425883,0.014952353835530004,0.9393019990978239,0.011889444720257922,0.034957475385858514,0.005588894770481646,0.008262186025578001,0.01781165148701162,2.602765830873744e-05,0.0002591225384334769,2.715355908788637e-05,0.00027510932364080925,0.0036345463168369293,4.6005158680333336e-05,0.00013526487065035784,2.1625735836561046e-05,3.196980078518779e-05,1.9456213632659913,0.01846859826278976,0.003617305287831908,309.1473760575555,82.3795680252517,52.461897447096256,1.8451768087574387,-0.028036647834619677,-0.05989728079030909
289.3862068966,56.1019664326,0.9600000000000001,0.004354000000000001,0.019941000000000004,0.0026300000000000004,0.013075000000000002,0.018389199177064715,0.0038840282061331907,0.9676895022716145,0.0015145181363096815,0.014496605663885331,0.0015414700590236634,0.014757903869166797,0.9375018274325573,0.012661839794423469,0.03587036954466854,0.005814853010228958,0.008151110218121836,0.017795034998827338,2.785077566587558e-05,0.0002665809689445518,2.834639994086785e-05,0.0002713860336860822,0.0036412835410494634,4.917894290308043e-05,0.00013932152707591357,2.2585053106247764e-05,3.165914199848568e-05,1.9456213632659913,0.01846859826278976,0.003617305287831908,309.1473760575555,82.3795680252517,52.461897447096256,1.8367379491604499,-0.0297027099271423,-0.06251822253974093
289.3862068966,56.2888110789,0.9600000000000001,0.004354000000000001,0.019941000000000004,0.0026300000000000004,0.013075000000000002,0.018379762270472794,0.0038984980891629663,0.9672956665071042,0.0016187055019014818,0.014895323126743876,0.0016066872959554124,0.014583617568294972,0.9357044421136221,0.013462901256674984,0.03674378757681442,0.006037769942988966,0.008051099109899552,0.01777866439565911,2.9751422310855584e-05,0.0002737724980114279,2.9530530542649245e-05,0.0002680434239487521,0.0036478419796012553,5.248509482373712e-05,0.00014324558565682096,2.3538234585548073e-05,3.138719449560506e-05,1.9456213632659913,0.01846859826278976,0.003617305287831908,309.1473760575555,82.3795680252517,52.461897447096256,1.8285941818851092,-0.03135102197227946,-0.06509797666286565
289.3862068966,56.4756557253,0.9600000000000001,0.004354000000000001,0.019941000000000004,0.0026300000000000004,0.013075000000000002,0.0183707316416853,0.003912825211051749,0.9668953882306691,0.0017271570849769367,0.015279344709120625,0.0016712949524753978,0.014426815022757895,0.9339126488164082,0.014292145806430723,0.03757745999352485,0.0062570728231105275,0.00796067256052558,0.017762575702768745,3.172913931114676e-05,0.00028069274131205913,3.070291106602872e-05,0.0002650311472273193,0.0036542369572089605,5.5922668431429664e-05,0.00014703403282995253,2.4482832289653612e-05,3.1148720291752364e-05,1.9456213632659913,0.01846859826278976,0.003617305287831908,309.1473760575555,82.3795680252517,52.461897447096256,1.8207303058022364,-0.03298123989841262,-0.06763574019337582
289.3862068966,56.6625003716,0.9600000000000001,0.004354000000000001,0.019941000000000004,0.0026300000000000004,0.013075000000000002,0.018362087459383895,0.003927013063099237,0.9664912366509681,0.0018398378508217637,0.01564854066177294,0.0017351388077075302,0.01428524602872967,0.9321286915257604,0.015149013736489378,0.03837145705489945,0.006472249739622361,0.007878587943228434,0.017746796616113173,3.378326352787412e-05,0.0002873398722431999,3.186077054129676e-05,0.00026230693695835066,0.00366048154811126,5.9490374836263565e-05,0.00015068521310474152,2.5416609275137644e-05,3.0939317771834206e-05,1.9456213632659913,0.01846859826278976,0.003617305287831908,309.1473760575555,82.3795680252517,52.461897447096256,1.8131325837490395,-0.03459382072607409,-0.07013177075162225
289.3862068966,56.8493450179,0.9600000000000001,0.004354000000000001,0.019941000000000004,0.0026300000000000004,0.013075000000000002,0.01835381167655492,0.003941065069704786,0.9660853068570892,0.0019567009053456314,0.016002902742619646,0.0017980792855027518,0.014157010209442754,0.9303543528175882,0.01603286596680732,0.03912613636273142,0.006682848700142992,0.0078037961527299745,0.017731347785541786,3.591291992405823e-05,0.00029371426321626523,3.3001608585631933e-05,0.00025983509928717764,0.003666587042337199,6.318656802904298e-05,0.00015419864933166705,2.633754157825558e-05,3.07552684286207e-05,1.9456213632659913,0.01846859826278976,0.003617305287831908,309.1473760575555,82.3795680252517,52.461897447096256,1.8057883883708414,-0.03618921399098318,-0.07258653514432778
289.3862068966,57.0361896643,0.9600000000000001,0.004354000000000001,0.019941000000000004,0.0026300000000000004,0.013075000000000002,0.01834588758535669,0.003954984674029922,0.965679299965563,0.002077687513767712,0.01634252738772595,0.0018599916044270057,0.014040493528516301,0.9285910348908171,0.016942984538797785,0.039842097214551085,0.006888476744841666,0.007735406610992541,0.01771624388067416,3.811702156508167e-05,0.0002998181703158332,3.412319688452507e-05,0.0002575853159170881,0.003672563311434766,6.700924418327117e-05,0.0001575748838647598,2.7243819953260315e-05,3.059341459386524e-05,1.9456213632659913,0.01846859826278976,0.003617305287831908,309.1473760575555,82.3795680252517,52.461897447096256,1.7986859374491455,-0.03776753486858264,-0.07500034622239826
289.3862068966,57.2230343106,0.9600000000000001,0.004354000000000001,0.019941000000000004,0.0026300000000000004,0.013075000000000002,0.018338299487079233,0.00396877539466509,0.965274588413815,0.0022027274831341584,0.016667600609186473,0.001920765835413091,0.01393431765845118,0.9268398255183015,0.01787857602760255,0.04052014029146976,0.0070887988295892,0.0076726593330368855,0.017701494489599682,4.039427627413447e-05,0.0003056554517022858,3.52235791343552e-05,0.0002555316903687744,0.0036784190943127196,7.095605262999811e-05,0.0001608153357771627,2.81338503726043e-05,3.0451061572604248e-05,1.9456213632659913,0.01846859826278976,0.003617305287831908,309.1473760575555,82.3795680252517,52.461897447096256,1.7918140999370071,-0.03933047692890357,-0.07737524451813815
289.3862068966,57.409878957,0.9600000000000001,0.004354000000000001,0.019941000000000004,0.0026300000000000004,0.013075000000000002,0.018331032453182836,0.003982440858824521,0.9648722696161937,0.0023317398489073222,0.016978384282671025,0.0019803068201161515,0.01383729943211173,0.9251015521348007,0.018838777323942624,0.041161231699040256,0.007283536309073257,0.007614902533143314,0.017687104887510626,4.2743198842699766e-05,0.0003112313132882519,3.630106858680848e-05,0.00025365198495444854,0.0036841622197836136,7.502431654516598e-05,0.00016392217091780098,2.9006252593985286e-05,3.0325898983956282e-05,1.9456213632659913,0.01846859826278976,0.003617305287831908,309.1473760575555,82.3795680252517,52.461897447096256,1.7851622573831676,-0.040876785345941746,-0.07971044446234865
289.3862068966,57.5967236033,0.9600000000000001,0.004354000000000001,0.019941000000000004,0.0026300000000000004,0.013075000000000002,0.018324072157649772,0.0039959848168780385,0.9644732104419748,0.0024646338040221626,0.017275203614026832,0.0020385339242689022,0.013748418215707249,0.9233768265281501,0.019822663244154708,0.0417664707107014,0.007472464930992852,0.007561574586000914,0.01767307670225888,4.516212766708495e-05,0.0003165520775615198,3.735424272412032e-05,0.0002519270074381662,0.0036897997790635143,7.921106135372857e-05,0.0001668981828145441,2.9859856408901037e-05,3.021593723735049e-05,1.9456213632659913,0.01846859826278976,0.003617305287831908,309.1473760575555,82.3795680252517,52.461897447096256,1.7787202082521387,-0.04240755491280268,-0.0820076088009547
289.3862068966,57.7835682497,0.9600000000000001,0.004354000000000001,0.019941000000000004,0.0026300000000000004,0.013075000000000002,0.018317404764404008,0.004009411142447237,0.9640780843880983,0.002601309808957,0.017558435662956947,0.002095380618481536,0.013666789521506278,0.9216660820195197,0.020829255447071936,0.04233706079412632,0.007655412319008188,0.007512189420273775,0.01765940849622804,4.764924468827983e-05,0.00032162497306812885,3.8381934924213504e-05,0.00025034011549534586,0.0036953382588647515,8.351304887837003e-05,0.00016974668328643616,3.0693695451859274e-05,3.0119455965819925e-05,1.9456213632659913,0.01846859826278976,0.003617305287831908,309.1473760575555,82.3795680252517,52.461897447096256,1.7724781049494158,-0.04392316598140056,-0.08426776381128542
289.3862068966,57.970412896,0.9600000000000001,0.004354000000000001,0.019941000000000004,0.0026300000000000004,0.013075000000000002,0.0183110168564827,0.004022723821733114,0.9636874028717194,0.0027416608235485943,0.01782849885923788,0.002150793893531518,0.013591643551962638,0.9199696045776455,0.021857532169840734,0.04287428365160481,0.007832254974053217,0.007466324626855702,0.01764609627836409,5.020259755475655e-05,0.0003264579431372874,3.938322323927568e-05,0.0002488768141872923,0.0037007836436048877,8.792681534391619e-05,0.00017247140218505327,3.1506998662011546e-05,3.0034961937245032e-05,1.9456213632659913,0.01846859826278976,0.003617305287831908,309.1473760575555,82.3795680252517,52.461897447096256,1.766426415267127,-0.04542402955106373,-0.08649202617305041
289.3862068966,58.1572575423,0.9600000000000001,0.004354000000000001,0.019941000000000004,0.0026300000000000004,0.013075000000000002,0.018304895396050173,0.004035926935210318,0.9633015417287649,0.0028855736059041725,0.01808584348099016,0.0022047335283009147,0.013522307656039867,0.9182875589738833,0.022906438344563868,0.04337947609715448,0.008002914861739147,0.0074236117226592,0.017633133956198904,5.2820123013679185e-05,0.00033105947306886086,4.035741661171287e-05,0.0002475244271570182,0.0037061414935312285,9.244871150455976e-05,0.0001750763960158179,3.229917965068798e-05,2.9961154508023332e-05,1.9456213632659913,0.01846859826278976,0.003617305287831908,309.1473760575555,82.3795680252517,52.461897447096256,1.7605559015395769,-0.046910550848997534,-0.08868155057044125
289.3862068966,58.3441021887,0.9600000000000001,0.004354000000000001,0.019941000000000004,0.0026300000000000004,0.013075000000000002,0.018299027706456,0.004049024634369878,0.9629207637532493,0.003032930029414463,0.018330943079057027,0.002257171235774657,0.013458191902504527,0.9166200108395505,0.023974895712787887,0.04385400963678136,0.008167355677194532,0.007383728133685719,0.017620513735042483,5.5499670639997676e-05,0.0003354384352891324,4.130403898165597e-05,0.00024627182650273214,0.0037114170042457243,9.707494334752692e-05,0.00017756596533522175,3.306982433462134e-05,2.9896897106783397e-05,1.9456213632659913,0.01846859826278976,0.003617305287831908,309.1473760575555,82.3795680252517,52.461897447096256,1.7548576121362143,-0.04838310626438114,-0.09083749268268315
289.3862068966,58.530946835,0.9600000000000001,0.004354000000000001,0.019941000000000004,0.0026300000000000004,0.013075000000000002,0.018293401469290003,0.004062021115705469,0.9625452379248812,0.003183608376077192,0.018564286834427346,0.0023080897166757,0.013398777147938454,0.9149669452998159,0.025061812619604374,0.044299272633623404,0.00832557889098753,0.007346390555968634,0.017608226469713117,5.823902614457447e-05,0.00033960395205323427,4.22228118142884e-05,0.0002451092095647866,0.0037166150519803835,0.00010180161205868677,0.0001799445808481717,3.381867725566307e-05,2.9841193562563836e-05,1.9456213632659913,0.01846859826278976,0.003617305287831908,309.1473760575555,82.3795680252517,52.461897447096256,1.749322881049341,-0.04984154833010668,-0.09296050209115259
289.3862068966,58.7177914814,0.9600000000000001,0.004354000000000001,0.019941000000000004,0.0026300000000000004,0.013075000000000002,0.018288004730882292,0.004074920593717822,0.9621750558343102,0.003337484572300432,0.018786372830571305,0.0023574816516871116,0.013343605111130917,0.9133282827183954,0.026166093237150776,0.044716654935922556,0.008477619682159765,0.007311349426371565,0.017596261973034797,6.103593364747696e-05,0.0003435652752016066,4.3113635599022096e-05,0.00024402791339938733,0.003721740228074123,0.00010662475218920634,0.00018221681808056455,3.4545627028540366e-05,2.9793168345388476e-05,1.9456213632659913,0.01846859826278976,0.003617305287831908,309.1473760575555,82.3795680252517,52.461897447096256,1.743943332283031,-0.05128687333513038,-0.09505237954100898
289.3862068966,58.9046361277,0.9600000000000001,0.004354000000000001,0.019941000000000004,0.0026300000000000004,0.013075000000000002,0.018282825914024452,0.0040877272743398505,0.9618102457152785,0.0034944333407984866,0.018997702212215296,0.0024053486621217726,0.013292270069585901,0.9117038919900792,0.027286646029290696,0.04510753482997439,0.008623542858390676,0.00727838429226494,0.01758460928473752,6.388811643798161e-05,0.00034733168231240947,4.397657085210399e-05,0.00024302025968443673,0.00372679686540964,0.00011154036719918876,0.00018438730040272109,3.52506913436822e-05,2.9752049984618145e-05,1.9456213632659913,0.01846859826278976,0.003617305287831908,309.1473760575555,82.3795680252517,52.461897447096256,1.7387108865643535,-0.05271988833391772,-0.09711473518556035
289.3862068966,59.091480774,0.9600000000000001,0.004354000000000001,0.019941000000000004,0.0026300000000000004,0.013075000000000002,0.01827785383170984,0.004100445329779063,0.9614507844170442,0.0036543292502551634,0.019198774191833544,0.0024517002664936126,0.013244411874373519,0.9100936017352748,0.028422391334176997,0.045473268164405785,0.008763438853026577,0.007247299913115865,0.017573256903957505,6.679329588910568e-05,0.0003509123884263367,4.481181911013431e-05,0.00024207942432676133,0.0037317890588972136,0.00011654446180737897,0.00018646065007452863,3.5934001917697214e-05,2.9717157082244155e-05,1.9456213632659913,0.01846859826278976,0.003617305287831908,309.1473760575555,82.3795680252517,52.461897447096256,1.7336177685631848,-0.054140411569761904,-0.09914818169740491
289.3862068966,59.2783254204,0.9600000000000001,0.004354000000000001,0.019941000000000004,0.0026300000000000004,0.013075000000000002,0.018273077700645988,0.0041130788755274345,0.9610966075959568,0.0038170476509133224,0.019390081853930072,0.0024965528566406395,0.013199710042559104,0.9084972096979872,0.029572267992256554,0.04581517947424954,0.008897419873963874,0.0072179229615428955,0.017562192988428187,6.974920831220738e-05,0.00035431647233875,4.561970433316411e-05,0.00024119932723367965,0.003736720681684409,0.00012163307078038654,0.0001884414468740339,3.659578973029878e-05,2.96878864583065e-05,1.9456213632659913,0.01846859826278976,0.003617305287831908,309.1473760575555,82.3795680252517,52.461897447096256,1.7286565133597462,-0.055548409139588806,-0.10115346493945565
292.824137931,58.5715723247,0.9600000000000001,0.004354000000000001,0.019941000000000004,0.0026300000000000004,0.013075000000000002,0.017833555094061867,0.00417777428304567,0.9693010874929537,0.0007493484406695916,0.009805164046904838,0.0009074262992965789,0.01923697372017523,0.9572571585003268,0.0054169926765319535,0.022930004404817104,0.003137977872062181,0.011257866546261862,0.017286084346539672,1.3363546701330511e-05,0.00017486093323679203,1.6182636902306213e-05,0.0003430636306817652,0.003999204339044038,2.2630972695461925e-05,9.579638271256883e-05,1.3109763254667753e-05,4.703282533893298e-05,1.4818867713360615,0.017765860749169395,0.00407666460559643,309.1473760575555,82.3795680252517,56.93324087190829,1.4902988686090781,-0.01159631939411665,-0.028876093513463763
292.824137931,58.7381270764,0.9600000000000001,0.004354000000000001,0.019941000000000004,0.0026300000000000004,0.013075000000000002,0.017817013009845603,0.0041939504430156364,0.9694358467852248,0.0008037707638545986,0.010224735888862364,0.0009581530178211745,0.018577493544237024,0.9562261510304644,0.0057739074284908695,0.023827001345525095,0.0032986520197420097,0.010874288175777616,0.017272451094383037,1.4320794156530922e-05,0.000182174252354096,1.7071424783942694e-05,0.0003309954441679938,0.004010365089737353,2.4215481617650557e-05,9.992926284879913e-05,1.3834383099551426e-05,4.560622571228223e-05,1.4818867713360615,0.017765860749169395,0.00407666460559643,309.1473760575555,82.3795680252517,56.93324087190829,1.4801364169238602,-0.013388835231654683,-0.03134597282427043
292.824137931,58.9046818281,0.9600000000000001,0.004354000000000001,0.019941000000000004,0.0026300000000000004,0.013075000000000002,0.017801357015005573,0.00420988741152899,0.9694799968518597,0.0008618363111156269,0.010648159388549955,0.0010106505284274198,0.017999356920047338,0.9551154014033963,0.006153348472408957,0.024729165747148688,0.0034643749771080244,0.01053770939993815,0.017258059542866435,1.534185586266469e-05,0.0001895516868282612,1.799095087394054e-05,0.0003204129785742738,0.004020928304925617,2.590490427274561e-05,0.00010410700357653516,1.4584628604943107e-05,4.4362570149150324e-05,1.4818867713360615,0.017765860749169395,0.00407666460559643,309.1473760575555,82.3795680252517,56.93324087190829,1.4704560808972549,-0.015145367415542177,-0.03378986900692982
292.824137931,59.0712365798,0.9600000000000001,0.004354000000000001,0.019941000000000004,0.0026300000000000004,0.013075000000000002,0.017786498160094037,0.0042256035859055425,0.9694476368006204,0.0009235246620718726,0.011072832816365796,0.0010646695678357121,0.017491336153106257,0.9539388063761265,0.00655484405062439,0.02563043107395477,0.0036342480500590768,0.010241670449235294,0.017243078608261745,1.642626970274283e-05,0.0001969469205153191,1.8936743309418007e-05,0.00031110961830481073,0.004030967240957413,2.7698172525370033e-05,0.00010830404145440813,1.535689159239986e-05,4.327723937595149e-05,1.4818867713360615,0.017765860749169395,0.00407666460559643,309.1473760575555,82.3795680252517,56.93324087190829,1.4612095364600068,-0.016867526822484713,-0.036204991244281004
292.824137931,59.2377913315,0.9600000000000001,0.004354000000000001,0.019941000000000004,0.0026300000000000004,0.013075000000000002,0.017772358071552485,0.00424111514277769,0.9693511199216124,0.0009888212689490418,0.011496485700098775,0.0011199747964559172,0.017043598312883938,0.9527085072532255,0.006977982636811957,0.026525571183335327,0.003807435206839869,0.009980503719787119,0.017227655200307307,1.7573685660529275e-05,0.0002043196604266382,1.990459311372867e-05,0.00030290493204428116,0.004040546476764784,2.9594427827022986e-05,0.00011249800161647099,1.6147771110873474e-05,4.2328465458538214e-05,1.4818867713360615,0.017765860749169395,0.00407666460559643,309.1473760575555,82.3795680252517,56.93324087190829,1.4523545698991993,-0.018557713771469198,-0.038589951152324664
292.824137931,59.4043460832,0.9600000000000001,0.004354000000000001,0.019941000000000004,0.0026300000000000004,0.013075000000000002,0.017758868917536377,0.004256435974113318,0.9692011099580029,0.0010577179177656867,0.011917165918963385,0.0011763458113340393,0.016647660393933998,0.9514349493422535,0.007422414913572811,0.02741015814364956,0.003983165196546778,0.009749312403977469,0.017211915466474933,1.878387385333035e-05,0.0002116353874234027,2.089057106517418e-05,0.0002956436187195359,0.00404972194540905,3.1593033852926505e-05,0.00011666958317876512,1.6954087633417854e-05,4.1497324039158894e-05,1.4818867713360615,0.017765860749169395,0.00407666460559643,309.1473760575555,82.3795680252517,56.93324087190829,1.4438548304273424,-0.020218375773247477,-0.040943989983374784
292.824137931,59.5709008349,0.9600000000000001,0.004354000000000001,0.019941000000000004,0.0026300000000000004,0.013075000000000002,0.01774597265707111,0.004271577820622062,0.9690067221307852,0.0011302119713733575,0.012333214042424823,0.0012335768150255977,0.016296275040391106,0.9501270254110915,0.007887846922829808,0.02828049092092695,0.00416072898446497,0.009543907760686731,0.017195966795451018,2.005671074068604e-05,0.00021886487917067637,2.1891020429841125e-05,0.000289193251278891,0.004058541528519633,3.369355196802179e-05,0.00012080231777413516,1.7772877647659922e-05,4.076754471261221e-05,1.4818867713360615,0.017765860749169395,0.00407666460559643,309.1473760575555,82.3795680252517,56.93324087190829,1.435679281431653,-0.021850934629790375,-0.04326585219429968
292.824137931,59.7374555866,0.9600000000000001,0.004354000000000001,0.019941000000000004,0.0026300000000000004,0.013075000000000002,0.01773361994347614,0.004286550507974201,0.968775700170591,0.001206304930384115,0.012743232694934086,0.001291475639995577,0.015983286564095072,0.9487922546113132,0.00837402851233497,0.029133513617606667,0.004339475019868849,0.009360728238876197,0.017179900077300254,2.139215317137334e-05,0.0002259836454632403,2.2902538165939176e-05,0.0002834415293753306,0.0040670459209661124,3.589569617333991e-05,0.00012488227759662517,1.860137885076017e-05,4.012523438736321e-05,1.4818867713360615,0.017765860749169395,0.00407666460559643,309.1473760575555,82.3795680252517,56.93324087190829,1.4278015261098187,-0.023456860234176702,-0.04555479718404065
292.824137931,59.9040103383,0.9600000000000001,0.004354000000000001,0.019941000000000004,0.0026300000000000004,0.013075000000000002,0.017721768828369726,0.004301362183190084,0.9685145980427595,0.0012860010485273962,0.013146057397607642,0.0013498628270791752,0.01570348068402623,0.947436962816087,0.008880741569478108,0.029966736523053015,0.004518804477104994,0.00919675461427695,0.01716379181341521,2.2790213295043595e-05,0.00023297139020488235,2.3921956971506762e-05,0.0002782934544830821,0.004075269522813587,3.819928594563729e-05,0.00012889778723388135,1.9437014691049464e-05,3.9558572505929785e-05,1.4818867713360615,0.017765860749169395,0.00407666460559643,309.1473760575555,82.3795680252517,56.93324087190829,1.4201990934733708,-0.025037640793142968,-0.04781051071896436
292.824137931,60.07056509,0.9600000000000001,0.004354000000000001,0.019941000000000004,0.0026300000000000004,0.013075000000000002,0.01771038393627592,0.004316019739428911,0.9682289574414404,0.0013693041554223638,0.01354072082758404,0.0014085695612501227,0.015452448014302941,0.9460664718284516,0.009407780376174353,0.03077815291873247,0.0046981642296753615,0.009049430646966257,0.017147706574508068,2.42509023180681e-05,0.0002398113646304412,2.4946307730691394e-05,0.00027366878708864954,0.004083241567223463,4.0604165807780455e-05,0.00013283911554041092,2.0277369554357685e-05,3.905752130289931e-05,1.4818867713360615,0.017765860749169395,0.00407666460559643,309.1473760575555,82.3795680252517,56.93324087190829,1.412852877214365,-0.026594351781639602,-0.050032604376508694
292.824137931,60.2371198417,0.9600000000000001,0.004354000000000001,0.019941000000000004,0.0026300000000000004,0.013075000000000002,0.017699434887307533,0.004330528875979815,0.9679234553285436,0.0014562178829219605,0.013926437028745789,0.0014674381106544946,0.015226451649134278,0.9446852336696488,0.009954947334106868,0.03156618404718175,0.004877045378770482,0.008916589570292077,0.01713169817348528,2.5774233600510064e-05,0.00024649006540247465,2.5972825290682813e-05,0.0002694995895285886,0.004090986683118153,4.311018688920807e-05,0.00013669827152081396,2.1120185842229485e-05,3.8613548609410285e-05,1.4818867713360615,0.017765860749169395,0.00407666460559643,309.1473760575555,82.3795680252517,56.93324087190829,1.4057464269952706,-0.028126947608163144,-0.052219873714909104
292.824137931,60.4036745934,0.9600000000000001,0.004354000000000001,0.019941000000000004,0.0026300000000000004,0.013075000000000002,0.017688895674966763,0.004344894455522644,0.9676020423220301,0.0015467428741228464,0.01430257270594149,0.0015263202580656963,0.015022321839839975,0.9432969787472593,0.01052203662083708,0.03232961439271028,0.005054978105202858,0.008796392133990654,0.017115811581519164,2.7360173336357277e-05,0.0002529967164790261,2.6998919811512446e-05,0.0002657282838207041,0.004098525812870228,4.571713857468125e-05,0.00014046876232407196,2.1963346342084257e-05,3.821939541157899e-05,1.4818867713360615,0.017765860749169395,0.00407666460559643,309.1473760575555,82.3795680252517,56.93324087190829,1.3988655333470819,-0.029636915219773963,-0.054372896720377595
292.824137931,60.5702293451,0.9600000000000001,0.004354000000000001,0.019941000000000004,0.0026300000000000004,0.013075000000000002,0.017678743779920715,0.004359120676927776,0.9672680556711449,0.001640875743123379,0.014668629536802997,0.0015850770337532201,0.014837362015175546,0.941904827653501,0.011108825946168913,0.033067543951074654,0.0052315294899456955,0.00868727295930971,0.01710008412271226,2.9008621837365218e-05,0.00025932294318371725,2.8022170751159916e-05,0.00026230592143621656,0.00410587680992247,4.842471287833668e-05,0.00014414541457234754,2.2804868371579705e-05,3.7868871183042505e-05,1.4818867713360615,0.017765860749169395,0.00407666460559643,309.1473760575555,82.3795680252517,56.93324087190829,1.3921977851366834,-0.031124076787683252,-0.05649080159584208
292.824137931,60.7367840968,0.9600000000000001,0.004354000000000001,0.019941000000000004,0.0026300000000000004,0.013075000000000002,0.01766895949021407,0.0043732112458729515,0.9669243151271775,0.0017386079756645536,0.015024227697431874,0.0016435784301725709,0.014669270769553613,0.9405113878307794,0.011715068913904883,0.033779345998007346,0.0054063016351275075,0.008587895622181072,0.017084546554085082,3.0719393891380086e-05,0.000265462470557676,2.9040320701708787e-05,0.0002591907509782242,0.004113054978133141,5.1232471120465455e-05,0.0001477242157967192,2.3642899109320943e-05,3.755668171330535e-05,1.4818867713360615,0.017765860749169395,0.00407666460559643,309.1473760575555,82.3795680252517,56.93324087190829,1.3857322191254808,-0.03259067803659477,-0.05857532323796333
292.824137931,60.9033388485,0.9600000000000001,0.004354000000000001,0.019941000000000004,0.0026300000000000004,0.013075000000000002,0.017659525337912686,0.004387169516293298,0.9665732030459168,0.0018399250713231762,0.015369091681703811,0.0017017032640791717,0.014516076936977028,0.9391188343983883,0.012340489167282203,0.03446463087567054,0.005578930336518281,0.00849711522214073,0.017069223970136792,3.2492203416892434e-05,0.00027141086397375157,3.0051271909614854e-05,0.0002563470284756358,0.004120073522449503,5.4139817890848145e-05,0.00015120217796804259,2.4475713105896912e-05,3.727828487900757e-05,1.4818867713360615,0.017765860749169395,0.00407666460559643,309.1473760575555,82.3795680252517,56.93324087190829,1.3794590324838971,-0.0340362851360454,-0.06062567314650846
292.824137931,61.0698936002,0.9600000000000001,0.004354000000000001,0.019941000000000004,0.0026300000000000004,0.013075000000000002,0.017650425637752227,0.004400998605427225,0.9662167311398839,0.0019448059226373222,0.015703037989775546,0.0017593391402857953,0.014376085807417264,0.93772897755651,0.012984776232775554,0.035123214723560725,0.005749084147448724,0.008413947339704898,0.01705413656293656,3.432665231737017e-05,0.0002771653043253315,3.1053084667201366e-05,0.00025374403350576357,0.004126943922494898,5.7145982092229795e-05,0.00015457721901651175,2.5301711315405605e-05,3.702977050817937e-05,1.4818867713360615,0.017765860749169395,0.00407666460559643,309.1473760575555,82.3795680252517,56.93324087190829,1.3733693494709867,-0.03546158767931451,-0.06264231948104615
292.824137931,61.2364483519,0.9600000000000001,0.004354000000000001,0.019941000000000004,0.0026300000000000004,0.013075000000000002,0.0176416461134773,0.0044147014854557885,0.9658565961138214,0.0020532224200248113,0.016025964316407723,0.0018163824734659215,0.014247834676280092,0.9363433187973068,0.013647582939640664,0.03575509222420794,0.005916463685060461,0.008337542353784073,0.01703930026500781,3.6222223326335174e-05,0.0002827243910972802,3.204397680360836e-05,0.0002513552572422638,0.0041336762403910736,6.025000467651272e-05,0.0001578480587548195,2.6119421019081643e-05,3.68077606143011e-05,1.4818867713360615,0.017765860749169395,0.00407666460559643,309.1473760575555,82.3795680252517,56.93324087190829,1.3674550339946856,-0.036867300691985294,-0.06462586948891769
292.824137931,61.4030031036,0.9600000000000001,0.004354000000000001,0.019941000000000004,0.0026300000000000004,0.013075000000000002,0.017633173598625762,0.004428281054754921,0.9654942261378595,0.002165139266603616,0.01633783993567158,0.0018727385294045127,0.014130056130460885,0.9349630978750504,0.014328524268224294,0.03636041259925376,0.0060808010494233945,0.008267164208048253,0.017024727297959716,3.8178276553222826e-05,0.00028808796781225777,3.302232359382489e-05,0.000249157732706743,0.004140279373215056,6.345073255957376e-05,0.00016101412625634757,2.692749608489546e-05,3.6609326639048045e-05,1.4818867713360615,0.017765860749169395,0.00407666460559643,309.1473760575555,82.3795680252517,56.93324087190829,1.3617085406082405,-0.03825331063102522,-0.06657619865908182
292.824137931,61.5695578553,0.9600000000000001,0.004354000000000001,0.019941000000000004,0.0026300000000000004,0.013075000000000002,0.017624995799796466,0.004441740191491224,0.9651308198098072,0.002280513984305467,0.016638697046270478,0.0019283214540139369,0.01402164770560299,0.9335893321776028,0.015027177469655179,0.036939458256741955,0.006241859251170449,0.00820217284482951,0.01701042664540197,4.019404939476096e-05,0.00029325696555460305,3.398665752765305e-05,0.00024713148191747846,0.00414676125908071,6.67468181316388e-05,0.0001640754763908831,2.77247171055551e-05,3.643192078243715e-05,1.4818867713360615,0.017765860749169395,0.00407666460559643,309.1473760575555,82.3795680252517,56.93324087190829,1.356122797424345,-0.039620871327726626,-0.06849463206504725
292.824137931,61.736112607,0.9600000000000001,0.004354000000000001,0.019941000000000004,0.0026300000000000004,0.013075000000000002,0.017617101112077208,0.004455081792244036,0.9647673789767034,0.0023992970891382618,0.016928622897501418,0.001983054265031021,0.013921646771625953,0.9322228498723009,0.015743083283578808,0.03749262562620695,0.006399431566595221,0.008142009651318234,0.016996404465066294,4.226865941726128e-05,0.0002982332612735079,3.4935667497787454e-05,0.00024525905882235763,0.0041531290447799326,7.01367236904534e-05,0.00016703271377073673,2.8509991053050092e-05,3.627331894986307e-05,1.4818867713360615,0.017765860749169395,0.00407666460559643,309.1473760575555,82.3795680252517,56.93324087190829,1.350691115344893,-0.04097007288081156,-0.07038140050764996
292.824137931,61.9026673587,0.9600000000000001,0.004354000000000001,0.019941000000000004,0.0026300000000000004,0.013075000000000002,0.017609478477504163,0.004468308797949605,0.9644047365298895,0.002521432412740166,0.017207752568651792,0.0020368687889927278,0.01382920969972585,0.9308643179340788,0.016475748082865463,0.03802040784355063,0.006553340765109611,0.00808618537439563,0.01698266445152616,4.440110980462934e-05,0.0003030195485038907,3.5868197101267405e-05,0.00024352517056821417,0.004159389221522202,7.361873011146908e-05,0.00016988692286896943,2.9282350196701067e-05,3.613157325026341e-05,1.4818867713360615,0.017765860749169395,0.00407666460559643,309.1473760575555,82.3795680252517,56.93324087190829,1.3454071187998942,-0.042301443606596933,-0.07223723126120274
292.824137931,62.0692221104,0.9600000000000001,0.004354000000000001,0.019941000000000004,0.0026300000000000004,0.013075000000000002,0.017602117278808956,0.004481424209362051,0.9640435800756857,0.0026468575454852627,0.01747626231189515,0.0020897055323546394,0.013743594534579314,0.9295142659621126,0.017224646768210228,0.038523379036967925,0.006703438174705996,0.00803427005800325,0.016969208158375073,4.6590296935932005e-05,0.0003076192188092074,3.678324185868226e-05,0.00024191636283006288,0.004165547734430008,7.719094902476712e-05,0.00017263960344269857,3.0040950122089207e-05,3.600497234248841e-05,1.4818867713360615,0.017765860749169395,0.00407666460559643,309.1473760575555,82.3795680252517,56.93324087190829,1.3402646939200153,-0.04361725972631714,-0.07406464786468003
292.824137931,62.2357768621,0.9600000000000001,0.004354000000000001,0.019941000000000004,0.0026300000000000004,0.013075000000000002,0.017595007261754905,0.00449443109395521,0.9636844722041601,0.0027755043764728948,0.01773436340019798,0.0021415134818211804,0.013664146537347852,0.9281731065096654,0.01798922624169417,0.03900218003943058,0.006849602571024347,0.007985884638185552,0.01695603528647264,4.8835019659073105e-05,0.00031203625280908385,3.7679945263789703e-05,0.0002404207575503186,0.004171610070470041,8.085133777686529e-05,0.00017529261070125605,3.078506677644738e-05,3.589200823060039e-05,1.4818867713360615,0.017765860749169395,0.00407666460559643,309.1473760575555,82.3795680252517,56.93324087190829,1.3352579506832747,-0.04491338218413632,-0.07585979817058908
292.824137931,62.4023316138,0.9600000000000001,0.004354000000000001,0.019941000000000004,0.0026300000000000004,0.013075000000000002,0.017588138480327028,0.004507332586014633,0.9633278679333629,0.0029072997061734625,0.0179822964435526,0.0021922498340747345,0.013590286082836233,0.9268411525086618,0.018768909296052266,0.039457505405113044,0.006991738891649892,0.007940693898522845,0.016943143943170175,5.1133989835992935e-05,0.0003162751200434953,3.855759366518038e-05,0.00023902783361218481,0.0041775813287616495,8.459771647404935e-05,0.00017784809987531454,3.151409253923939e-05,3.579134836437959e-05,1.4818867713360615,0.017765860749169395,0.00407666460559643,309.1473760575555,82.3795680252517,56.93324087190829,1.3303811961072838,-0.04619378889415904,-0.07762697881088965
292.824137931,62.5688863655,0.9600000000000001,0.004354000000000001,0.019941000000000004,0.0026300000000000004,0.013075000000000002,0.0175815012599282,0.004520131881445907,0.9629741297907678,0.00304216590832743,0.018220326151006112,0.002241879659122985,0.013521498490775543,0.9255186322586487,0.019563098765970177,0.03989009164161441,0.007129776789574309,0.007898400544192571,0.016930530876194647,5.348584375016933e-05,0.0003203406871802167,3.941561005147816e-05,0.00023772824275168747,0.004183466276544528,8.842778643193688e-05,0.0001803084749830602,3.222753137414788e-05,3.570181211223454e-05,1.4818867713360615,0.017765860749169395,0.00407666460559643,309.1473760575555,82.3795680252517,56.93324087190829,1.3256289160386252,-0.04745835427001399,-0.07936640782488658
292.824137931,62.7354411172,0.9600000000000001,0.004354000000000001,0.019941000000000004,0.0026300000000000004,0.013075000000000002,0.017575086174469633,0.004532832228691298,0.9626235409007762,0.0031800216195780567,0.018448736525332958,0.0022903755047115185,0.013457325449601399,0.924205702356502,0.02037118180319747,0.04030070659308277,0.007263669049254252,0.00785874019796363,0.016918191684904237,5.588915400076084e-05,0.0003242381342428122,4.025354686719932e-05,0.00023651365445462788,0.004189269393581829,9.23391494140632e-05,0.00018267634168415747,3.2924993165007156e-05,3.5622350846241374e-05,1.4818867713360615,0.017765860749169395,0.00407666460559643,309.1473760575555,82.3795680252517,56.93324087190829,1.3209957634800933,-0.04870742947344553,-0.08107879880005542
292.824137931,62.9019958689,0.9600000000000001,0.004354000000000001,0.019941000000000004,0.0026300000000000004,0.013075000000000002,0.017568884033892458,0.004545436916900662,0.9622763163745979,0.0033207824375149917,0.018667826481604803,0.0023377169514151902,0.013397357754867025,0.9229024588712395,0.021192534154117617,0.040690139921754534,0.007393389894794153,0.007821477158094316,0.01690612101094652,5.834244154648762e-05,0.00032797287862014143,4.107107802347809e-05,0.0002353766247558286,0.0041949949072517265,9.632932710680436e-05,0.00018495446415419647,3.3606187368837645e-05,3.555203101909718e-05,1.4818867713360615,0.017765860749169395,0.00407666460559643,309.1473760575555,82.3795680252517,56.93324087190829,1.3164765517587158,,
292.824137931,63.0685506206,0.9600000000000001,0.004354000000000001,0.019941000000000004,0.0026300000000000004,0.013075000000000002,0.017562885879294866,0.004557949262377599,0.9619326132431087,0.0034643616099880605,0.01887790588150387,0.002383890129176156,0.013341229136223286,0.9216089470154759,0.022026524334500433,0.04105919463943669,0.007518933222673506,0.007786400787913557,0.016894312709960606,6.0844187600830536e-05,0.0003315505066369218,4.186799028749832e-05,0.0002343104848090132,0.0042006468202497845,0.00010039578034317849,0.00018714572592063873,3.427091613615113e-05,3.5490019727846954e-05,1.4818867713360615,0.017765860749169395,0.00407666460559643,309.1473760575555,82.3795680252517,56.93324087190829,1.3120662511478265,,
292.824137931,63.2351053723,0.9600000000000001,0.004354000000000001,0.019941000000000004,0.0026300000000000004,0.013075000000000002,0.017557082983287703,0.00457037259412165,0.9615925391280727,0.003610670701779019,0.01907929197497924,0.0024288872067253094,0.013288610988443774,0.9203251695158722,0.02287251761814766,0.04140867964243796,0.00764031079281509,0.00775332243072718,0.0168827600055819,6.339284513645988e-05,0.00033497671246708567,4.264417424552213e-05,0.00023330924585673616,0.0042062289324357035,0.00010453592768054667,0.00018925309459656153,3.491906705805394e-05,3.543557235078415e-05,1.4818867713360615,0.017765860749169395,0.00407666460559643,309.1473760575555,82.3795680252517,56.93324087190829,1.307759987813787,-0.05236653222046672,-0.08606235946422314
292.824137931,63.401660124,0.9600000000000001,0.004354000000000001,0.019941000000000004,0.0026300000000000004,0.013075000000000002,0.017551466853746096,0.004582710239177484,0.9612561598148577,0.0037596202268133814,0.019272306237315906,0.0024727058649315855,0.013239207856081344,0.9190510938574108,0.023729879770543208,0.04173940319870911,0.007757550409997344,0.007722072763339441,0.016871455626949736,6.598684979358845e-05,0.00033825724411949427,4.3399615027410296e-05,0.00023236751785586662,0.004211744858147623,0.00010874716299891899,0.00019127959041588167,3.5550605694830314e-05,3.538802192022922e-05,1.4818867713360615,0.017765860749169395,0.00407666460559643,309.1473760575555,82.3795680252517,56.93324087190829,1.3035530442033707,,
296.2620689655,63.6241827558,0.9600000000000001,0.004354000000000001,0.019941000000000004,0.0026300000000000004,0.013075000000000002,0.017018432238372003,0.004758255508683826,0.9687903339191771,0.0009571469185899285,0.01087803894395123,0.0010564058844582235,0.018318074333823514,0.9571824272691116,0.0054427960231107145,0.022845958124163845,0.0031343853749132675,0.011394433208700575,0.0164872926509933,1.6289139976189263e-05,0.00018512716865400574,1.797837196086972e-05,0.0003117449067876368,0.004554518557368607,2.589821415960898e-05,0.00010870690609546263,1.4914206476519076e-05,5.421762458362944e-05,1.0552930118040427,0.016970819667607294,0.004625844099265614,309.1473760575555,82.3795680252517,61.69187771138832,1.052706477556066,-0.014799401469949514,-0.02854770107373139
296.2620689655,63.7669923466,0.9600000000000001,0.004354000000000001,0.019941000000000004,0.0026300000000000004,0.013075000000000002,0.017003485219412882,0.004773559028661888,0.9687995490702127,0.0010124970526298248,0.011230568120035611,0.0011020434095078571,0.017855342347613982,0.956385372616242,0.005726603068645699,0.023519020344730805,0.0032576450860285875,0.011111358884352933,0.01647296881318923,1.721597866909033e-05,0.00019095879903463503,1.8738578824718227e-05,0.00030360304969521127,0.004565362030332427,2.733627778189655e-05,0.00011226943191187236,1.5550561112587795e-05,5.3040727523105426e-05,1.0552930118040427,0.016970819667607294,0.004625844099265614,309.1473760575555,82.3795680252517,61.69187771138832,1.0457758800059356,,
296.2620689655,63.9098019374,0.9600000000000001,0.004354000000000001,0.019941000000000004,0.0026300000000000004,0.013075000000000002,0.016989124401272225,0.0047886760880943855,0.9687586881868514,0.0010706926834118014,0.011583992434466056,0.0011487554526886045,0.01743787124258212,0.9555450514890579,0.006023994950038102,0.024191640919709653,0.003383408278684063,0.01085590436251039,0.01645836186841971,1.819013119401507e-05,0.00019680188853254013,1.9516349292366492e-05,0.00029625416383359515,0.00457579573916257,2.8846960572048794e-05,0.00011584593240397927,1.6202046320394957e-05,5.198540963539303e-05,1.0552930118040427,0.016970819667607294,0.004625844099265614,309.1473760575555,82.3795680252517,61.69187771138832,1.0390969143020123,-0.01774887877846809,-0.0322927466985965
296.2620689655,64.0526115282,0.9600000000000001,0.004354000000000001,0.019941000000000004,0.0026300000000000004,0.013075000000000002,0.016975305008053984,0.00480361743683535,0.9686742418349931,0.0011317283294972674,0.011937024812173949,0.0011964035622392853,0.017060601461096433,0.9546678289536508,0.006334772963420605,0.0248611492838317,0.003511250668702766,0.010624998130394211,0.016443540708594453,1.9211433579471533e-05,0.0002026346370753611,2.0309315381734164e-05,0.0002896089134229634,0.004585859029547504,3.042982586548036e-05,0.00011942345019958062,1.6866704937280388e-05,5.1038426285504625e-05,1.0552930118040427,0.016970819667607294,0.004625844099265614,309.1473760575555,82.3795680252517,61.69187771138832,1.0326500397257794,,
296.2620689655,64.195421119,0.9600000000000001,0.004354000000000001,0.019941000000000004,0.0026300000000000004,0.013075000000000002,0.016961986766604636,0.004818392715767808,0.9685520218251017,0.0011956005825553152,0.012288518420104031,0.0012448554671169267,0.016719003705121888,0.9537593906315079,0.006658757564590364,0.02552519391535445,0.003640772203977953,0.010415885684569354,0.01642856657696554,2.027976125944805e-05,0.00020843768682298188,2.1115221959572745e-05,0.00028358751959709134,0.004595587300414002,3.2084508945286e-05,0.00012299040843030467,1.754267026741728e-05,5.0187827710799164e-05,1.0552930118040427,0.016970819667607294,0.004625844099265614,309.1473760575555,82.3795680252517,61.69187771138832,1.0264177875680072,,
296.2620689655,64.3382307098,0.9600000000000001,0.004354000000000001,0.019941000000000004,0.0026300000000000004,0.013075000000000002,0.016949133800170192,0.004833010459715302,0.9683971902208044,0.0012623080584225523,0.012637460543071265,0.0012939853179271678,0.01640905585977466,0.9528247721454003,0.006995787735388858,0.026181725572547998,0.003771597309206248,0.010226117237456691,0.016413493548761277,2.1395028179236892e-05,0.00021419400963888633,2.193193028900333e-05,0.0002781192833017874,0.004605012090054569,3.381071529908237e-05,0.00012653655354552009,1.8228169245227884e-05,4.9422931570903136e-05,1.0552930118040427,0.016970819667607294,0.004625844099265614,309.1473760575555,82.3795680252517,61.69187771138832,1.0203846521122963,-0.02196789678457367,-0.037710560246600244
296.2620689655,64.4810403006,0.9600000000000001,0.004354000000000001,0.019941000000000004,0.0026300000000000004,0.013075000000000002,0.016936714354915398,0.0048474781558750435,0.9682143053009821,0.0013318510416954216,0.012982963741101639,0.0013436736227569412,0.016127206293464015,0.9518684054424438,0.007345718608089172,0.026828975026612654,0.003903374215489661,0.010053526707364603,0.016398369123225582,2.2557180656491873e-05,0.00021988874836326223,2.2757416334868662e-05,0.00027314188633519395,0.004614161302649855,3.560821049191709e-05,0.0001300528703860219,1.8921521243792016e-05,4.873425110345626e-05,1.0552930118040427,0.016970819667607294,0.004625844099265614,309.1473760575555,82.3795680252517,61.69187771138832,1.014536929813282,-0.023325161189157062,-0.03946398553555197
296.2620689655,64.6238498914,0.9600000000000001,0.004354000000000001,0.019941000000000004,0.0026300000000000004,0.013075000000000002,0.016924700434608433,0.004861802334961079,0.9680073757413354,0.00140423094233058,0.013324255775181088,0.0013938070171818067,0.015870330523971257,0.9508941732917292,0.007708418068569063,0.02746542850572473,0.0040357738069433475,0.009896206327033533,0.01638323485291355,2.3766188039952975e-05,0.0002255090375090413,2.358976622945721e-05,0.0002686005899164358,0.004623059512010614,3.747680496462524e-05,0.00013353148443983907,1.962113451797193e-05,4.8113399028028235e-05,1.0552930118040427,0.016970819667607294,0.004625844099265614,309.1473760575555,82.3795680252517,61.69187771138832,1.008862534275322,-0.024659089652678157,-0.04119079680686788
296.2620689655,64.7666594822,0.9600000000000001,0.004354000000000001,0.019941000000000004,0.0026300000000000004,0.013075000000000002,0.016913067396218843,0.004875988678596761,0.9677799171138999,0.001479449653887836,0.013660669281657484,0.0014442779652459226,0.015635685985308862,0.9499054660745121,0.008083762870803516,0.028089802946284066,0.004168488280889129,0.009752479827511344,0.016368126962854473,2.502203170551761e-05,0.00023104382023812948,2.4427170565078105e-05,0.0002644474108556432,0.004631728298316501,3.941633623849879e-05,0.00013696556115009505,2.0325501664478668e-05,4.75529812271886e-05,1.0552930118040427,0.016970819667607294,0.004625844099265614,309.1473760575555,82.3795680252517,61.69187771138832,1.003350805678853,,
296.2620689655,64.909469073,0.9600000000000001,0.004354000000000001,0.019941000000000004,0.0026300000000000004,0.013075000000000002,0.016901793193896106,0.004890041940666044,0.9675350028255271,0.0015575101151876767,0.013991637159889285,0.0014949852349198654,0.015420864664475923,0.9489052242571467,0.00847163988117404,0.0287010294322748,0.00430123152770817,0.00962087490169617,0.016353076525612742,2.6324713864303415e-05,0.00023648375772048055,2.526793126854375e-05,0.0002606402654300321,0.004640186344334565,4.142667432516015e-05,0.0001403492376641143,2.103320256700803e-05,4.7046481775195574e-05,1.0552930118040427,0.016970819667607294,0.004625844099265614,309.1473760575555,82.3795680252517,61.69187771138832,0.9979922762371913,,
296.2620689655,65.0522786638,0.9600000000000001,0.004354000000000001,0.019941000000000004,0.0026300000000000004,0.013075000000000002,0.0168908593273007,0.004903966765259696,0.9672753315390178,0.0016384109161754969,0.014316662535953598,0.0015458306195871247,0.01522376438926577,0.9478960382021853,0.008871922840064998,0.029298204608166206,0.004433731512783984,0.009500102836799619,0.016338111555793698,2.7674168305434178e-05,0.00024182073293122836,2.6110407539280208e-05,0.000257142462731058,0.004648450668264852,4.350761475162716e-05,0.00014367742168022555,2.1742871984777254e-05,4.658818857821469e-05,1.0552930118040427,0.016970819667607294,0.004625844099265614,309.1473760575555,82.3795680252517,61.69187771138832,0.9927786990628651,-0.028527978164568757,-0.04621198912065683
296.2620689655,65.1950882546,0.9600000000000001,0.004354000000000001,0.019941000000000004,0.0026300000000000004,0.013075000000000002,0.016880248540384855,0.0049177667994149505,0.967003251473045,0.0017221524722620127,0.014635340276076124,0.001596723044397377,0.015042532734219427,0.9468801280737933,0.009284495874113273,0.02988060824194827,0.0045657381887520354,0.00938902962139323,0.016323255224225276,2.907036175622101e-05,0.00024704818133326967,2.6953081839587686e-05,0.0002539216912304989,0.004656535656867077,4.5658985559019346e-05,0.00014694586315857795,2.245323567946571e-05,4.617305815081115e-05,1.0552930118040427,0.016970819667607294,0.004625844099265614,309.1473760575555,82.3795680252517,61.69187771138832,0.9877025951857541,-0.029776289086204777,-0.04783392531680564
296.2620689655,65.3378978454,0.9600000000000001,0.004354000000000001,0.019941000000000004,0.0026300000000000004,0.013075000000000002,0.016869945744227868,0.004931445407531838,0.9667208168444477,0.0018087321142347243,0.014947329977342496,0.0016475756084962407,0.014875545455478874,0.9458594283233132,0.0097092334199923,0.03044766169298274,0.0046970169782206235,0.009286659585491295,0.016308527729981478,3.051321263298236e-05,0.0002521606457388387,2.7794511124844796e-05,0.00025094964474972403,0.004664454133975692,4.788055455967567e-05,0.0001501509814259428,2.3163082806345163e-05,4.579665476418257e-05,1.0552930118040427,0.016970819667607294,0.004625844099265614,309.1473760575555,82.3795680252517,61.69187771138832,0.9827573124061293,,
296.2620689655,65.4807074362,0.9600000000000001,0.004354000000000001,0.019941000000000004,0.0026300000000000004,0.013075000000000002,0.016859937425611333,0.004945005609693016,0.9664298215293088,0.0018981446454547448,0.015252353778924017,0.0016983061342592245,0.014721373912053326,0.9448356150923748,0.01014600148931358,0.03099891749708529,0.004827349387034292,0.009192116534191974,0.016293946317228875,3.200259994712621e-05,0.0002571537303059455,2.8633335153142403e-05,0.0002482014429762462,0.004672217416869545,5.0172034280609344e-05,0.00015328982091749775,2.3871269798832715e-05,4.5455067826531234e-05,1.0552930118040427,0.016970819667607294,0.004625844099265614,309.1473760575555,82.3795680252517,61.69187771138832,0.9779368567229646,-0.03221001481185681,-0.050997069007686524
296.2620689655,65.623517027,0.9600000000000001,0.004354000000000001,0.019941000000000004,0.0026300000000000004,0.013075000000000002,0.016850211394251895,0.004958450155707831,0.9661318315795016,0.001990381933063767,0.015550190220245256,0.0017488370896722246,0.014578759177517093,0.9438101389796846,0.010594655424510923,0.031534045108823544,0.004956532434803571,0.009104628052177464,0.01627952559683037,3.35383563274242e-05,0.000262023992431961,2.946827465508524e-05,0.0002456551740070529,0.004679835530582446,5.2533070839337e-05,0.00015635999087994386,2.457671902312268e-05,4.514484438298123e-05,1.0552930118040427,0.016970819667607294,0.004625844099265614,309.1473760575555,82.3795680252517,61.69187771138832,0.973235788554324,,
296.2620689655,65.7663266177,0.9600000000000001,0.004354000000000001,0.019941000000000004,0.0026300000000000004,0.013075000000000002,0.016840756564447175,0.004971781589017767,0.9658282135655682,0.0020854325812784094,0.015840668738531363,0.0017990955459315705,0.014446589568690493,0.9427842536224424,0.011055038128017561,0.03205281818704228,0.005084378204280949,0.009023511858216844,0.01626527782773263,3.512026243287639e-05,0.0002667688460436552,3.029813012521477e-05,0.0002432914981127985,0.004687317394575916,5.496323503076715e-05,0.00015935961133847065,2.5278417947647232e-05,4.4862930124966005e-05,1.0552930118040427,0.016970819667607294,0.004625844099265614,309.1473760575555,82.3795680252517,61.69187771138832,0.9686491339672945,-0.03456814276140063,-0.05405940663990094
296.2620689655,65.9091362085,0.9600000000000001,0.004354000000000001,0.019941000000000004,0.0026300000000000004,0.013075000000000002,0.016831562768363225,0.004985002301038574,0.9655201592111705,0.0021832816864065276,0.016123664717370745,0.0018490131597618388,0.014323881225290443,0.9417590405555388,0.011526978750953834,0.03255510321924155,0.005210713478447227,0.008948163995818584,0.01625121316388287,3.674804274576938e-05,0.0002713864747464692,3.112178105806101e-05,0.00024109330593005563,0.0046946709841932405,5.746201559752761e-05,0.0001622872644584674,2.5975418680112137e-05,4.460661810922616e-05,1.0552930118040427,0.016970819667607294,0.004625844099265614,309.1473760575555,82.3795680252517,61.69187771138832,0.964172309395759,-0.03572003446027516,-0.055553617437223646
296.2620689655,66.0519457993,0.9600000000000001,0.004354000000000001,0.019941000000000004,0.0026300000000000004,0.013075000000000002,0.016822620597834913,0.00499811457664068,0.9652087067802734,0.0022839106714298897,0.016399095005026496,0.001898526170196182,0.014209761373074137,0.9407354308053554,0.01201029181899192,0.033040849297514926,0.005335379435389899,0.008878048642747846,0.016237339871891427,3.842136270481143e-05,0.00027587575341741035,3.1938185456270924e-05,0.0002390454243649959,0.004701903469470596,6.002881461021183e-05,0.00016514195049849734,2.6666837727931175e-05,4.437350433344301e-05,1.0552930118040427,0.016970819667607294,0.004625844099265614,309.1473760575555,82.3795680252517,61.69187771138832,0.9598010582990437,,
296.2620689655,66.1947553901,0.9600000000000001,0.004354000000000001,0.019941000000000004,0.0026300000000000004,0.013075000000000002,0.01681392127155314,0.005011120631551679,0.964894759650152,0.002387297196200172,0.016666913830335583,0.0019475754002043102,0.014103453923107885,0.9397142236489843,0.012504776765016363,0.03351007888004327,0.00545823137341519,0.008812689332540919,0.016223664524091845,4.0139827108709244e-05,0.0002802361769830227,3.274637944944887e-05,0.00023713436392011327,0.004709021333889994,6.266294484012156e-05,0.00016792304764070903,2.7351855847103517e-05,4.4161449333751196e-05,1.0552930118040427,0.016970819667607294,0.004625844099265614,309.1473760575555,82.3795680252517,61.69187771138832,0.9555313982851635,-0.03796919395764775,-0.05846756267027631
296.2620689655,66.3375649809,0.9600000000000001,0.004354000000000001,0.019941000000000004,0.0026300000000000004,0.013075000000000002,0.0168054565246134,0.005024022642521206,0.9645791024612922,0.002493415138293281,0.016927109055825486,0.0019961062548385874,0.014004267089750399,0.9386961029276945,0.013010217833768177,0.03396287939767736,0.00557913844270826,0.008751661398151688,0.016210192170963863,4.190297970440065e-05,0.000284467795325065,3.354547688419876e-05,0.00023534810173587458,0.004716030475555153,6.536362898098451e-05,0.000170630275099148,2.8029717861926795e-05,4.396854502399287e-05,1.0552930118040427,0.016970819667607294,0.004625844099265614,309.1473760575555,82.3795680252517,61.69187771138832,0.951359577317004,-0.0390680881619877,-0.05988891664267426
296.2620689655,66.4803745717,0.9600000000000001,0.004354000000000001,0.019941000000000004,0.0026300000000000004,0.013075000000000002,0.01679721851756456,0.005036822770978674,0.9642624151893867,0.002602234638586028,0.017179698718846666,0.0020440687089671944,0.013911582744213375,0.9376816512554502,0.013526384321454208,0.03439939559107305,0.005697983364496191,0.008694585467526255,0.01619692649621069,4.371030385830515e-05,0.0002885711534463914,3.433466876943804e-05,0.0002336758952797325,0.004722936292972335,6.813000055930948e-05,0.00017326365902102015,2.8699732358952095e-05,4.37930860670565e-05,1.0552930118040427,0.016970819667607294,0.004625844099265614,309.1473760575555,82.3795680252517,61.69187771138832,0.9472820377563462,,
296.2620689655,66.6231841625,0.9600000000000001,0.004354000000000001,0.019941000000000004,0.0026300000000000004,0.013075000000000002,0.01678919976239059,0.00504952318104837,0.9639452854394517,0.0027137222047745944,0.01742472782125398,0.00209141727908381,0.013824847255435771,0.9366713624252195,0.014053031107896286,0.034819822482772114,0.005814662122200898,0.008641121861911329,0.016183869957257572,4.556122419559569e-05,0.000292547236196318,3.511322248505347e-05,0.00023210812225604843,0.004729743757590305,7.096110634331615e-05,0.000175823500786747,2.9361271176017343e-05,4.3633545151985105e-05,1.0552930118040427,0.016970819667607294,0.004625844099265614,309.1473760575555,82.3795680252517,61.69187771138832,0.9432953871100028,-0.041216166314926084,-0.06266224099424278
296.2620689655,66.7659937533,0.9600000000000001,0.004354000000000001,0.019941000000000004,0.0026300000000000004,0.013075000000000002,0.016781393143387967,0.00506212623760199,0.963628220505738,0.0028278404552436564,0.017662264229157187,0.0021381107818729665,0.013743564027988035,0.93566566337764,0.014589893888696463,0.035224393948466846,0.00592908223490882,0.008590966550287751,0.01617102401237014,4.7455102426221e-05,0.00029639739983188494,3.5880477614726884e-05,0.00023063615114499191,0.004736457704207223,7.38558846577993e-05,0.0001783103288101628,3.0013762746231788e-05,4.3488557180572684e-05,1.0552930118040427,0.016970819667607294,0.004625844099265614,309.1473760575555,82.3795680252517,61.69187771138832,0.9393963561398068,,
296.2620689655,66.9088033441,0.9600000000000001,0.004354000000000001,0.019941000000000004,0.0026300000000000004,0.013075000000000002,0.01677379154766384,0.005074633791711804,0.963311651688832,0.0029445499508324305,0.017892400346146066,0.002184113040238771,0.013667284973950694,0.9346648801871871,0.015136711837194818,0.03561339630118868,0.00604116778271622,0.008543843891713204,0.016158388840864225,4.9391267076947e-05,0.00030012339369360247,3.6635856853499474e-05,0.00022925218917556719,0.0047430819849241645,7.681326938443289e-05,0.00018072494430763624,3.0656714171572404e-05,4.335687892399831e-05,1.0552930118040427,0.016970819667607294,0.004625844099265614,309.1473760575555,82.3795680252517,61.69187771138832,0.9355818498894264,,
296.2620689655,67.0516129349,0.9600000000000001,0.004354000000000001,0.019941000000000004,0.0026300000000000004,0.013075000000000002,0.016766388312709917,0.0050870482443495695,0.9629959503606125,0.0030638069943242506,0.018115243763573135,0.00222939162395409,0.013595607257536002,0.9336693102984668,0.015693197115599484,0.0359871339960808,0.006150851006137304,0.008499507583715744,0.016145964047313152,5.136897778203701e-05,0.00030372721131946383,3.737884566831724e-05,0.00022794923062694576,0.004749620825756889,7.983205083514208e-05,0.00018306828681393555,3.128967581202656e-05,4.323740513157703e-05,1.0552930118040427,0.016970819667607294,0.004625844099265614,309.1473760575555,82.3795680252517,61.69187771138832,0.9318488338036612,,
296.2620689655,67.1944225257,0.9600000000000001,0.004354000000000001,0.019941000000000004,0.0026300000000000004,0.013075000000000002,0.016759176876021492,0.005099371860296527,0.9626814302230753,0.003185565502087495,0.018330919320730922,0.0022739185090632314,0.013528166445042868,0.9326791883168909,0.016259056714435706,0.03634594339713591,0.006258077014275635,0.008457734557261828,0.01613374836436986,5.3387455699636536e-05,0.00030721111919620927,3.810900249504978e-05,0.0002267209342607323,0.004756078007587358,8.291097628455875e-05,0.00018534148099528524,3.1912261826165683e-05,4.312913360315847e-05,1.0552930118040427,0.016970819667607294,0.004625844099265614,309.1473760575555,82.3795680252517,61.69187771138832,0.9281943849667634,,
296.2620689655,67.3372321165,0.9600000000000001,0.004354000000000001,0.019941000000000004,0.0026300000000000004,0.013075000000000002,0.016752150835066346,0.005111606935479316,0.9623683551326775,0.0033097768886285643,0.018539565694035174,0.0023176697446834022,0.013464632539975428,0.931694702693819,0.016833988838472706,0.036690183489458815,0.006362801982470168,0.008418322995779352,0.01612173984407731,5.54458816687223e-05,0.00031057760092309875,3.8825953148806066e-05,0.00022556155524841085,0.004762457104039065,8.604873409851848e-05,0.00018754579638872638,3.252414274267605e-05,4.303115821033075e-05,1.0552930118040427,0.016970819667607294,0.004625844099265614,309.1473760575555,82.3795680252517,61.69187771138832,0.9246156686782997,-0.04631870774787883,-0.06921729648722841
296.2620689655,67.4800417073,0.9600000000000001,0.004354000000000001,0.019941000000000004,0.0026300000000000004,0.013075000000000002,0.016745303932715293,0.005123755794574711,0.9620569449227333,0.0034363903641564703,0.01874133327044186,0.0023606252928943614,0.013404706149773977,0.930716001504316,0.017417684349875354,0.03702023159022621,0.006464992580732071,0.008381089974850249,0.016109935943310706,5.754340107925428e-05,0.00031382932171785804,3.952938800077114e-05,0.00022446587860670304,0.0047687615058111445,8.924396111574711e-05,0.00018968262612691932,3.3125043197408465e-05,4.2942658323490986e-05,1.0552930118040427,0.016970819667607294,0.004625844099265614,309.1473760575555,82.3795680252517,61.69187771138832,0.9211099320585724,,
296.2620689655,67.6228512981,0.9600000000000001,0.004354000000000001,0.019941000000000004,0.0026300000000000004,0.013075000000000002,0.016738630047464176,0.005135820787052366,0.9617473805903988,0.00356535323999288,0.01893638217318487,0.002402768850403038,0.013348115146020557,0.9297431975693256,0.018009828235841227,0.037336479422913786,0.006564625368524748,0.008345869403394629,0.016098333602820415,5.967912887276857e-05,0.00031696909563433726,4.021905887646725e-05,0.00022342916126019138,0.004774994440697077,9.249525022487602e-05,0.00019175346713555357,3.37147394268807e-05,4.286288956797847e-05,1.0552930118040427,0.016970819667607294,0.004625844099265614,309.1473760575555,82.3795680252517,61.69187771138832,0.91767449942964,-0.048258454866247025,-0.07169639359486835
296.2620689655,67.7656608889,0.9600000000000001,0.004354000000000001,0.019941000000000004,0.0026300000000000004,0.013075000000000002,0.01673212318744242,0.005147804282079346,0.9614398089247651,0.003696611236125381,0.019124880436898823,0.0024440876548447146,0.013294611747366063,0.9287763730006676,0.01861010107266371,0.037639329540003444,0.006661686163250555,0.008312510223414771,0.01608692932024027,6.185215457893367e-05,0.0003199998554152987,4.089477572176902e-05,0.0002224470814861481,0.00478115899002696,9.580115799178766e-05,0.00019375990178062535,3.4293056557049935e-05,4.27911757229229e-05,1.0552930118040427,0.016970819667607294,0.004625844099265614,309.1473760575555,82.3795680252517,61.69187771138832,0.9143067690830473,,
