temperature,pressure,z_carbon dioxide,z_hydrogen,z_nitrogen,z_argon,z_methane,z_oxygen,z_water,z_carbon monoxide,z_nitrogen dioxide,z_nitrogen oxide,z_sulfur dioxide,z_hydrogen sulfide,z_propane,z_ethane,Tc,Pc,Tr,Pr,P_bubble,P_dew,liquid_density,vapor_density,x_carbon dioxide,x_hydrogen,x_nitrogen,x_argon,x_methane,x_oxygen,x_water,x_carbon monoxide,x_nitrogen dioxide,x_nitrogen oxide,x_sulfur dioxide,x_hydrogen sulfide,x_propane,x_ethane,y_carbon dioxide,y_hydrogen,y_nitrogen,y_argon,y_methane,y_oxygen,y_water,y_carbon monoxide,y_nitrogen dioxide,y_nitrogen oxide,y_sulfur dioxide,y_hydrogen sulfide,y_propane,y_ethane,gamma,interfacial_thickness,E_carbon dioxide,E_hydrogen,E_nitrogen,E_argon,E_methane,E_oxygen,E_water,E_carbon monoxide,E_nitrogen dioxide,E_nitrogen oxide,E_sulfur dioxide,E_hydrogen sulfide,E_propane,E_ethane,gamma0_CO2,rhoL0_CO2,rhoV0_CO2,Tc_CO2,Psat_CO2
200.0,2.523496440255295,0.9500000000000001,0.005733000000000001,0.0,0.0,0.0,0.016922000000000003,0.0,0.027345000000000005,0.0,0.0,0.0,0.0,0.0,0.0,305.24,89.08,0.6552221202987812,0.028328428830885665,35.97051919189013,2.523396440255295,1222.2295861380612,6.809262887749488,0.9996862641203824,6.130035710190327e-06,0.0,0.0,0.0,0.00018339660956830792,0.0,0.000124209234339064,0.0,0.0,0.0,0.0,0.0,0.0,0.9499638297379397,0.005737169007089996,0.0,0.0,0.0,0.01693418525244095,0.0,0.0273648160025293,0.0,0.0,0.0,0.0,0.0,0.0,19.876084073369274,0.6055903710529791,1.000000001195355,2.0312483650688398,0.0,0.0,0.0,3.995118734291359,0.0,6.78055697285699,0.0,0.0,0.0,0.0,0.0,0.0,19.91263411996264,1222.376153128829,6.589392400662558,309.1473760575555,2.3922586739869414
200.0,6.239821190436944,0.9500000000000001,0.005733000000000001,0.0,0.0,0.0,0.016922000000000003,0.0,0.027345000000000005,0.0,0.0,0.0,0.0,0.0,0.0,305.24,89.08,0.6552221202987812,0.07004738651141608,35.97051919189013,2.523396440255295,1218.1586675393687,12.969402597455602,0.9912672785172257,0.00021100438753795565,0.0,0.0,0.0,0.004726947931879564,0.0,0.0037947691633567126,0.0,0.0,0.0,0.0,0.0,0.0,0.40284797751478624,0.07894769154434075,0.0,0.0,0.0,0.17861299691416127,0.0,0.3395913340267117,0.0,0.0,0.0,0.0,0.0,0.0,18.889134797114085,0.6393992404897205,1.0000000011105286,1.936731874773738,0.0,0.0,0.0,3.7671016748119905,0.0,6.264191379602412,0.0,0.0,0.0,0.0,0.0,0.0,19.91263411996264,1222.376153128829,6.589392400662558,309.1473760575555,2.3922586739869414
200.0,9.956145940618592,0.9500000000000001,0.005733000000000001,0.0,0.0,0.0,0.016922000000000003,0.0,0.027345000000000005,0.0,0.0,0.0,0.0,0.0,0.0,305.24,89.08,0.6552221202987812,0.11176634419194648,35.97051919189013,2.523396440255295,1214.2611657037478,18.947751811601222,0.9836851564535524,0.0004883405942367326,0.0,0.0,0.0,0.008180852417689335,0.0,0.007645650534521628,0.0,0.0,0.0,0.0,0.0,0.0,0.2637919405068669,0.11257316143709176,0.0,0.0,0.0,0.1949899252142213,0.0,0.4286449728418202,0.0,0.0,0.0,0.0,0.0,0.0,17.993811897616975,0.6708434149613339,1.0000000010476249,1.8530316739545174,0.0,0.0,0.0,3.5685406767037664,0.0,5.817010510858015,0.0,0.0,0.0,0.0,0.0,0.0,19.91263411996264,1222.376153128829,6.589392400662558,309.1473760575555,2.3922586739869414
200.0,13.67247069080024,0.9500000000000001,0.005733000000000001,0.0,0.0,0.0,0.016922000000000003,0.0,0.027345000000000005,0.0,0.0,0.0,0.0,0.0,0.0,305.24,89.08,0.6552221202987812,0.1534853018724769,35.97051919189013,2.523396440255295,1210.5790776583556,24.66369348891032,0.9768746021835389,0.0008576677206629806,0.0,0.0,0.0,0.010775832222938632,0.0,0.011491897872859381,0.0,0.0,0.0,0.0,0.0,0.0,0.2006433298998872,0.14167409179831164,0.0,0.0,0.0,0.1882983719306827,0.0,0.46938420637111844,0.0,0.0,0.0,0.0,0.0,0.0,17.189671877908076,0.6997458080318048,1.0000000009176377,1.7791114104845362,0.0,0.0,0.0,3.3989268055300865,0.0,5.431216994830304,0.0,0.0,0.0,0.0,0.0,0.0,19.91263411996264,1222.376153128829,6.589392400662558,309.1473760575555,2.3922586739869414
200.0,17.388795440981887,0.9500000000000001,0.005733000000000001,0.0,0.0,0.0,0.016922000000000003,0.0,0.027345000000000005,0.0,0.0,0.0,0.0,0.0,0.0,305.24,89.08,0.6552221202987812,0.19520425955300727,35.97051919189013,2.523396440255295,1207.1595315314357,30.02578432918995,0.9707965867232733,0.0013400346565809753,0.0,0.0,0.0,0.012709498709636294,0.0,0.015153879910509468,0.0,0.0,0.0,0.0,0.0,0.0,0.16472960418182683,0.17160952964136114,0.0,0.0,0.0,0.17598428265653682,0.0,0.4876765835202752,0.0,0.0,0.0,0.0,0.0,0.0,16.476368927235672,0.7260383518612102,1.000000000978605,1.7151871269282732,0.0,0.0,0.0,3.2568662949468434,0.0,5.102195147960277,0.0,0.0,0.0,0.0,0.0,0.0,19.91263411996264,1222.376153128829,6.589392400662558,309.1473760575555,2.3922586739869414
200.0,21.105120191163536,0.9500000000000001,0.005733000000000001,0.0,0.0,0.0,0.016922000000000003,0.0,0.027345000000000005,0.0,0.0,0.0,0.0,0.0,0.0,305.24,89.08,0.6552221202987812,0.23692321723353768,35.97051919189013,2.523396440255295,1204.0448703945194,34.94457641331035,0.9654273911899213,0.0019538505742144356,0.0,0.0,0.0,0.01413895332488259,0.0,0.018479804910981806,0.0,0.0,0.0,0.0,0.0,0.0,0.14161972581343577,0.20375674953740577,0.0,0.0,0.0,0.1627509354699973,0.0,0.49187258917916116,0.0,0.0,0.0,0.0,0.0,0.0,15.852396659235879,0.7497117136158004,1.0000000006121605,1.6606880390193597,0.0,0.0,0.0,3.139081556576903,0.0,4.824623865330123,0.0,0.0,0.0,0.0,0.0,0.0,19.91263411996264,1222.376153128829,6.589392400662558,309.1473760575555,2.3922586739869414
200.0,24.821444941345185,0.9500000000000001,0.005733000000000001,0.0,0.0,0.0,0.016922000000000003,0.0,0.027345000000000005,0.0,0.0,0.0,0.0,0.0,0.0,305.24,89.08,0.6552221202987812,0.27864217491406806,35.97051919189013,2.523396440255295,1201.2590007498754,39.35870674253356,0.9607350774849541,0.0027088200638207102,0.0,0.0,0.0,0.015187305861432266,0.0,0.021368796589792977,0.0,0.0,0.0,0.0,0.0,0.0,0.12551941028064414,0.23799752353913461,0.0,0.0,0.0,0.15015081444997422,0.0,0.4863322517302471,0.0,0.0,0.0,0.0,0.0,0.0,15.313223226185816,0.7707947919094622,1.0000000007297944,1.614712188433075,0.0,0.0,0.0,3.0425930667771484,0.0,4.59136027286546,0.0,0.0,0.0,0.0,0.0,0.0,19.91263411996264,1222.376153128829,6.589392400662558,309.1473760575555,2.3922586739869414
200.0,28.537769691526833,0.9500000000000001,0.005733000000000001,0.0,0.0,0.0,0.016922000000000003,0.0,0.027345000000000005,0.0,0.0,0.0,0.0,0.0,0.0,305.24,89.08,0.6552221202987812,0.3203611325945985,35.97051919189013,2.523396440255295,1198.7972195927823,43.256977045718145,0.9566602039632315,0.0036016396821068703,0.0,0.0,0.0,0.015952174077710494,0.0,0.023785982276951178,0.0,0.0,0.0,0.0,0.0,0.0,0.1136598094132356,0.27337379663574396,0.0,0.0,0.0,0.13870571730977002,0.0,0.47426067664125054,0.0,0.0,0.0,0.0,0.0,0.0,14.850251156071922,0.7894499023928297,1.000000000428956,1.575944177620922,0.0,0.0,0.0,2.9641187216454217,0.0,4.39507888702939,0.0,0.0,0.0,0.0,0.0,0.0,19.91263411996264,1222.376153128829,6.589392400662558,309.1473760575555,2.3922586739869414
200.0,32.25409444170848,0.9500000000000001,0.005733000000000001,0.0,0.0,0.0,0.016922000000000003,0.0,0.027345000000000005,0.0,0.0,0.0,0.0,0.0,0.0,305.24,89.08,0.6552221202987812,0.3620800902751289,35.97051919189013,2.523396440255295,1196.6276889363323,46.67964100204798,0.953115297971758,0.004616949935743438,0.0,0.0,0.0,0.01651070217046723,0.0,0.02575704992203139,0.0,0.0,0.0,0.0,0.0,0.0,0.10456060887362413,0.30861018714084326,0.0,0.0,0.0,0.128541302462925,0.0,0.45828790152260757,0.0,0.0,0.0,0.0,0.0,0.0,14.451727448672795,0.8059730433049971,1.0000000004409715,1.5430187311916508,0.0,0.0,0.0,2.8998847211105967,0.0,4.228957392552044,0.0,0.0,0.0,0.0,0.0,0.0,19.91263411996264,1222.376153128829,6.589392400662558,309.1473760575555,2.3922586739869414
200.0,35.97041919189013,0.9500000000000001,0.005733000000000001,0.0,0.0,0.0,0.016922000000000003,0.0,0.027345000000000005,0.0,0.0,0.0,0.0,0.0,0.0,305.24,89.08,0.6552221202987812,0.4037990479556593,35.97051919189013,2.523396440255295,1194.7032062373974,49.699282716598155,0.9500005646102415,0.0057327769499351325,0.0,0.0,0.0,0.016921931998229018,0.0,0.02734472644159433,0.0,0.0,0.0,0.0,0.0,0.0,0.09736435458123455,0.3425679031480161,0.0,0.0,0.0,0.11961360852715777,0.0,0.44045413374359166,0.0,0.0,0.0,0.0,0.0,0.0,14.105010992730993,0.8207177838074217,1.0000000008616083,1.514663934750408,0.0,0.0,0.0,2.84658411219468,0.0,4.0857383890969,0.0,0.0,0.0,0.0,0.0,0.0,19.91263411996264,1222.376153128829,6.589392400662558,309.1473760575555,2.3922586739869414
205.0,3.2413171093940587,0.9500000000000001,0.005733000000000001,0.0,0.0,0.0,0.016922000000000003,0.0,0.027345000000000005,0.0,0.0,0.0,0.0,0.0,0.0,305.24,89.08,0.6716026733062508,0.036386586320094956,36.03017942901507,3.2412171093940585,1206.6057130992363,8.605057585172586,0.9996018413094988,8.365360742353367e-06,0.0,0.0,0.0,0.00022846665244545696,0.0,0.00016132667731348304,0.0,0.0,0.0,0.0,0.0,0.0,0.9499720805677965,0.005736222230152782,0.0,0.0,0.0,0.016931396303851442,0.0,0.02736030089819935,0.0,0.0,0.0,0.0,0.0,0.0,18.693766738752586,0.6282724269033758,1.0000000009344634,1.9176625535154743,0.0,0.0,0.0,3.6190243976311165,0.0,5.9873061627086415,0.0,0.0,0.0,0.0,0.0,0.0,18.736332948920182,1206.7952327215985,8.323997326113064,309.1473760575555,3.0713819419222324
205.0,6.884512922685282,0.9500000000000001,0.005733000000000001,0.0,0.0,0.0,0.016922000000000003,0.0,0.027345000000000005,0.0,0.0,0.0,0.0,0.0,0.0,305.24,89.08,0.6716026733062508,0.07728460847199463,36.03017942901507,3.2412171093940585,1202.6109616307942,14.571216517802394,0.9914709342149434,0.00021851688727359155,0.0,0.0,0.0,0.0045522364386431265,0.0,0.003758312459139874,0.0,0.0,0.0,0.0,0.0,0.0,0.4677423141092526,0.06985988585801785,0.0,0.0,0.0,0.1607676514916443,0.0,0.3016301485410852,0.0,0.0,0.0,0.0,0.0,0.0,17.820120049909615,0.6589986157897691,1.0000000011563994,1.8399458510227866,0.0,0.0,0.0,3.438822037089251,0.0,5.584315969973459,0.0,0.0,0.0,0.0,0.0,0.0,18.736332948920182,1206.7952327215985,8.323997326113064,309.1473760575555,3.0713819419222324
205.0,10.527708735976505,0.9500000000000001,0.005733000000000001,0.0,0.0,0.0,0.016922000000000003,0.0,0.027345000000000005,0.0,0.0,0.0,0.0,0.0,0.0,305.24,89.08,0.6716026733062508,0.11818263062389431,36.03017942901507,3.2412171093940585,1198.7652059646423,20.37524608031829,0.9840687620471316,0.0004990877823801083,0.0,0.0,0.0,0.007911375783532664,0.0,0.007520774386955574,0.0,0.0,0.0,0.0,0.0,0.0,0.3186624240251318,0.1027240631846863,0.0,0.0,0.0,0.1839003493446274,0.0,0.3947131634455544,0.0,0.0,0.0,0.0,0.0,0.0,17.020293671541484,0.6879507201963789,1.0000000010184658,1.7708465723614046,0.0,0.0,0.0,3.2799475847532684,0.0,5.23073430073079,0.0,0.0,0.0,0.0,0.0,0.0,18.736332948920182,1206.7952327215985,8.323997326113064,309.1473760575555,3.0713819419222324
205.0,14.170904549267728,0.9500000000000001,0.005733000000000001,0.0,0.0,0.0,0.016922000000000003,0.0,0.027345000000000005,0.0,0.0,0.0,0.0,0.0,0.0,305.24,89.08,0.6716026733062508,0.159080652775794,36.03017942901507,3.2412171093940585,1195.1074283919559,25.944049288004678,0.9773508164125833,0.0008688219019213902,0.0,0.0,0.0,0.010491209668675594,0.0,0.011289152016819798,0.0,0.0,0.0,0.0,0.0,0.0,0.24651698915688147,0.130843219822879,0.0,0.0,0.0,0.1823266327589543,0.0,0.4403131582612851,0.0,0.0,0.0,0.0,0.0,0.0,16.294832143685554,0.7149096074650544,1.0000000002189866,1.7090935905732785,0.0,0.0,0.0,3.141764367193072,0.0,4.920925192768413,0.0,0.0,0.0,0.0,0.0,0.0,18.736332948920182,1206.7952327215985,8.323997326113064,309.1473760575555,3.0713819419222324
205.0,17.814100362558953,0.9500000000000001,0.005733000000000001,0.0,0.0,0.0,0.016922000000000003,0.0,0.027345000000000005,0.0,0.0,0.0,0.0,0.0,0.0,305.24,89.08,0.6716026733062508,0.1999786749276937,36.03017942901507,3.2412171093940585,1191.6822276508672,31.194972846723577,0.9712933524188772,0.0013482079500108351,0.0,0.0,0.0,0.012454637072314083,0.0,0.014903802558797924,0.0,0.0,0.0,0.0,0.0,0.0,0.20413200866961426,0.15932441080234477,0.0,0.0,0.0,0.17340572073450305,0.0,0.463137859793538,0.0,0.0,0.0,0.0,0.0,0.0,15.644490895143672,0.7397485066509774,1.0000000002121732,1.654827101749162,0.0,0.0,0.0,3.023923149615703,0.0,4.652243474989586,0.0,0.0,0.0,0.0,0.0,0.0,18.736332948920182,1206.7952327215985,8.323997326113064,309.1473760575555,3.0713819419222324
205.0,21.457296175850175,0.9500000000000001,0.005733000000000001,0.0,0.0,0.0,0.016922000000000003,0.0,0.027345000000000005,0.0,0.0,0.0,0.0,0.0,0.0,305.24,89.08,0.6716026733062508,0.24087669707959333,36.03017942901507,3.2412171093940585,1188.5315482498004,36.04495750463153,0.9658846725210893,0.0019560446274517313,0.0,0.0,0.0,0.01393548993395876,0.0,0.018223792917500283,0.0,0.0,0.0,0.0,0.0,0.0,0.17631074020302606,0.18969586121690185,0.0,0.0,0.0,0.1623849145992126,0.0,0.47160848398085947,0.0,0.0,0.0,0.0,0.0,0.0,15.069185910103524,0.7623836019929868,1.0000000008557004,1.6078340190018077,0.0,0.0,0.0,2.924498282483964,0.0,4.421716701227744,0.0,0.0,0.0,0.0,0.0,0.0,18.736332948920182,1206.7952327215985,8.323997326113064,309.1473760575555,3.0713819419222324
205.0,25.100491989141396,0.9500000000000001,0.005733000000000001,0.0,0.0,0.0,0.016922000000000003,0.0,0.027345000000000005,0.0,0.0,0.0,0.0,0.0,0.0,305.24,89.08,0.6716026733062508,0.281774719231493,36.03017942901507,3.2412171093940585,1185.6831438376205,40.4315727191001,0.9611064822286025,0.002704026282618995,0.0,0.0,0.0,0.015042024112847498,0.0,0.021147467375930946,0.0,0.0,0.0,0.0,0.0,0.0,0.15666718358128848,0.22209171742357026,0.0,0.0,0.0,0.15120813440833994,0.0,0.4700329645868012,0.0,0.0,0.0,0.0,0.0,0.0,14.566501696290548,0.7827402962673446,1.0000000002215879,1.5675490314021832,0.0,0.0,0.0,2.8416456358316022,0.0,4.225224508806244,0.0,0.0,0.0,0.0,0.0,0.0,18.736332948920182,1206.7952327215985,8.323997326113064,309.1473760575555,3.0713819419222324
205.0,28.743687802432625,0.9500000000000001,0.005733000000000001,0.0,0.0,0.0,0.016922000000000003,0.0,0.027345000000000005,0.0,0.0,0.0,0.0,0.0,0.0,305.24,89.08,0.6716026733062508,0.32267274138339275,36.03017942901507,3.2412171093940585,1183.1404623664198,44.33363699781452,0.9569162452606594,0.003592158655428736,0.0,0.0,0.0,0.01586280226716391,0.0,0.023628793816748046,0.0,0.0,0.0,0.0,0.0,0.0,0.14205716664017498,0.25582208107198573,0.0,0.0,0.0,0.14065549774387792,0.0,0.4614652545439614,0.0,0.0,0.0,0.0,0.0,0.0,14.130627280121615,0.8009372122487748,1.0000000002233569,1.5331168170571208,0.0,0.0,0.0,2.773096404189499,0.0,4.057761424465465,0.0,0.0,0.0,0.0,0.0,0.0,18.736332948920182,1206.7952327215985,8.323997326113064,309.1473760575555,3.0713819419222324
205.0,32.386883615723846,0.9500000000000001,0.005733000000000001,0.0,0.0,0.0,0.016922000000000003,0.0,0.027345000000000005,0.0,0.0,0.0,0.0,0.0,0.0,305.24,89.08,0.6716026733062508,0.3635707635352924,36.03017942901507,3.2412171093940585,1180.881263646841,47.77685422473668,0.9532433605101945,0.0046083871886155505,0.0,0.0,0.0,0.01647025819073161,0.0,0.025677994110458315,0.0,0.0,0.0,0.0,0.0,0.0,0.1307628505950262,0.2897978120635999,0.0,0.0,0.0,0.13102700649830198,0.0,0.4484123308430718,0.0,0.0,0.0,0.0,0.0,0.0,13.752707496932205,0.8171608828601251,1.0000000000963651,1.503673914051909,0.0,0.0,0.0,2.7163446872743546,0.0,3.914730823811316,0.0,0.0,0.0,0.0,0.0,0.0,18.736332948920182,1206.7952327215985,8.323997326113064,309.1473760575555,3.0713819419222324
205.0,36.03007942901507,0.9500000000000001,0.005733000000000001,0.0,0.0,0.0,0.016922000000000003,0.0,0.027345000000000005,0.0,0.0,0.0,0.0,0.0,0.0,305.24,89.08,0.6716026733062508,0.4044687856871921,36.03017942901507,3.2412171093940585,1178.866029958673,50.82091281494234,0.950000567220077,0.0057327827578640455,0.0,0.0,0.0,0.01692192776284172,0.0,0.027344722259217212,0.0,0.0,0.0,0.0,0.0,0.0,0.12177315328741997,0.3229392776437519,0.0,0.0,0.0,0.1223991441291287,0.0,0.43288842493969953,0.0,0.0,0.0,0.0,0.0,0.0,13.422483090232356,0.8317088307079481,1.0000000000715168,1.478141983326721,0.0,0.0,0.0,2.668932696587892,0.0,3.7907085027658503,0.0,0.0,0.0,0.0,0.0,0.0,18.736332948920182,1206.7952327215985,8.323997326113064,309.1473760575555,3.0713819419222324
210.0,4.107921722057277,0.9500000000000001,0.005733000000000001,0.0,0.0,0.0,0.016922000000000003,0.0,0.027345000000000005,0.0,0.0,0.0,0.0,0.0,0.0,305.24,89.08,0.6879832263137203,0.046114972182951026,36.26784867360197,4.1078217220572775,1190.6138148855428,10.748711080109024,0.9994997521686855,1.1271665641502226e-05,0.0,0.0,0.0,0.0002818600359551436,0.0,0.00020711612971786508,0.0,0.0,0.0,0.0,0.0,0.0,0.9499781852974934,0.005735521584371015,0.0,0.0,0.0,0.016929333364048914,0.0,0.02735695975408668,0.0,0.0,0.0,0.0,0.0,0.0,17.52451516483622,0.6524382376197502,1.0000000001471487,1.8158607652513195,0.0,0.0,0.0,3.292494751022263,0.0,5.316063196140907,0.0,0.0,0.0,0.0,0.0,0.0,17.57368055944734,1190.8566381540581,10.392958269289368,309.1473760575555,3.8905479503367095
210.0,7.681235827784464,0.9500000000000001,0.005733000000000001,0.0,0.0,0.0,0.016922000000000003,0.0,0.027345000000000005,0.0,0.0,0.0,0.0,0.0,0.0,305.24,89.08,0.6879832263137203,0.08622851176228631,36.26784867360197,4.1078217220572775,1186.6813172797927,16.543049916730272,0.9916316606770873,0.00022706080814606288,0.0,0.0,0.0,0.004403916625378397,0.0,0.0037373618893882465,0.0,0.0,0.0,0.0,0.0,0.0,0.5300311879316935,0.061275409409477545,0.0,0.0,0.0,0.14320100301621275,0.0,0.26549239964261623,0.0,0.0,0.0,0.0,0.0,0.0,16.748227715759676,0.6806541234246837,1.000000000067468,1.7512961587427893,0.0,0.0,0.0,3.1490327867263503,0.0,4.997782847651692,0.0,0.0,0.0,0.0,0.0,0.0,17.57368055944734,1190.8566381540581,10.392958269289368,309.1473760575555,3.8905479503367095
210.0,11.254549933511651,0.9500000000000001,0.005733000000000001,0.0,0.0,0.0,0.016922000000000003,0.0,0.027345000000000005,0.0,0.0,0.0,0.0,0.0,0.0,305.24,89.08,0.6879832263137203,0.1263420513416216,36.26784867360197,4.1078217220572775,1182.877567266118,22.19280243850046,0.9844003742051992,0.0005114427982041637,0.0,0.0,0.0,0.007669112271751073,0.0,0.007419070724845536,0.0,0.0,0.0,0.0,0.0,0.0,0.3759389723543559,0.09286846182065643,0.0,0.0,0.0,0.17133085050504887,0.0,0.35986171531993866,0.0,0.0,0.0,0.0,0.0,0.0,16.031964843349314,0.7075058187792472,1.0000000010449788,1.6939151019846597,0.0,0.0,0.0,3.0208884681485344,0.0,4.71600996478428,0.0,0.0,0.0,0.0,0.0,0.0,17.57368055944734,1190.8566381540581,10.392958269289368,309.1473760575555,3.8905479503367095
210.0,14.82786403923884,0.9500000000000001,0.005733000000000001,0.0,0.0,0.0,0.016922000000000003,0.0,0.027345000000000005,0.0,0.0,0.0,0.0,0.0,0.0,305.24,89.08,0.6879832263137203,0.16645559092095688,36.26784867360197,4.1078217220572775,1179.2384267491766,27.631779619119513,0.9777764938467424,0.0008823911742406561,0.0,0.0,0.0,0.010227010950192782,0.0,0.011114104028824304,0.0,0.0,0.0,0.0,0.0,0.0,0.29633821071944294,0.119881951326979,0.0,0.0,0.0,0.17447458909410518,0.0,0.40930524885947284,0.0,0.0,0.0,0.0,0.0,0.0,15.376733335293395,0.7327785098002295,1.0000000008759646,1.6421389501898103,0.0,0.0,0.0,2.907879793325376,0.0,4.465945458596602,0.0,0.0,0.0,0.0,0.0,0.0,17.57368055944734,1190.8566381540581,10.392958269289368,309.1473760575555,3.8905479503367095
210.0,18.401178144966025,0.9500000000000001,0.005733000000000001,0.0,0.0,0.0,0.016922000000000003,0.0,0.027345000000000005,0.0,0.0,0.0,0.0,0.0,0.0,305.24,89.08,0.6879832263137203,0.20656913050029216,36.26784867360197,4.1078217220572775,1175.8056459154848,32.78515869111523,0.9717475781773112,0.0013597700278999492,0.0,0.0,0.0,0.012211884742387082,0.0,0.014680767052401804,0.0,0.0,0.0,0.0,0.0,0.0,0.24790148999673406,0.14691829531331446,0.0,0.0,0.0,0.1689832951636046,0.0,0.43619691952634687,0.0,0.0,0.0,0.0,0.0,0.0,14.783843738727072,0.7563463537981172,1.0000000001900728,1.5960156619318675,0.0,0.0,0.0,2.809961857455234,0.0,4.245939532502121,0.0,0.0,0.0,0.0,0.0,0.0,17.57368055944734,1190.8566381540581,10.392958269289368,309.1473760575555,3.8905479503367095
210.0,21.974492250693213,0.9500000000000001,0.005733000000000001,0.0,0.0,0.0,0.016922000000000003,0.0,0.027345000000000005,0.0,0.0,0.0,0.0,0.0,0.0,305.24,89.08,0.6879832263137203,0.24668267007962746,36.26784867360197,4.1078217220572775,1172.619970185607,37.57614235642139,0.9663110015357014,0.0019625045632513517,0.0,0.0,0.0,0.013737238453426667,0.0,0.01798925544762051,0.0,0.0,0.0,0.0,0.0,0.0,0.21539935086694653,0.1755452821781498,0.0,0.0,0.0,0.16035451052524316,0.0,0.44870085642966046,0.0,0.0,0.0,0.0,0.0,0.0,14.25404010770958,0.7780402223674023,1.000000000164938,1.5555100039881467,0.0,0.0,0.0,2.7260530209417517,0.0,4.054113242601973,0.0,0.0,0.0,0.0,0.0,0.0,17.57368055944734,1190.8566381540581,10.392958269289368,309.1473760575555,3.8905479503367095
210.0,25.547806356420402,0.9500000000000001,0.005733000000000001,0.0,0.0,0.0,0.016922000000000003,0.0,0.027345000000000005,0.0,0.0,0.0,0.0,0.0,0.0,305.24,89.08,0.6879832263137203,0.28679620965896274,36.26784867360197,4.1078217220572775,1169.711464888489,41.94277211628981,0.9614591074347251,0.0027038183736312832,0.0,0.0,0.0,0.01489754353928991,0.0,0.020939530652353724,0.0,0.0,0.0,0.0,0.0,0.0,0.1921026899325563,0.2060809432764087,0.0,0.0,0.0,0.15081812713388834,0.0,0.4509982396571466,0.0,0.0,0.0,0.0,0.0,0.0,13.78631413853182,0.7977779123774745,1.0000000004455025,1.5203310901322558,0.0,0.0,0.0,2.655033627475957,0.0,3.8886497864326466,0.0,0.0,0.0,0.0,0.0,0.0,17.57368055944734,1190.8566381540581,10.392958269289368,309.1473760575555,3.8905479503367095
210.0,29.121120462147587,0.9500000000000001,0.005733000000000001,0.0,0.0,0.0,0.016922000000000003,0.0,0.027345000000000005,0.0,0.0,0.0,0.0,0.0,0.0,305.24,89.08,0.6879832263137203,0.326909749238298,36.26784867360197,4.1078217220572775,1167.0899406232654,45.85649552402067,0.9571634573463408,0.0035866248324654603,0.0,0.0,0.0,0.01577231761076665,0.0,0.023477600210427017,0.0,0.0,0.0,0.0,0.0,0.0,0.1745853542847141,0.2380692392820041,0.0,0.0,0.0,0.1413703661214028,0.0,0.44597504031187896,0.0,0.0,0.0,0.0,0.0,0.0,13.376907650663082,0.8155764360360394,1.000000000106108,1.4898917871637616,0.0,0.0,0.0,2.595433409607268,0.0,3.745841311932327,0.0,0.0,0.0,0.0,0.0,0.0,17.57368055944734,1190.8566381540581,10.392958269289368,309.1473760575555,3.8905479503367095
210.0,32.69443456787478,0.9500000000000001,0.005733000000000001,0.0,0.0,0.0,0.016922000000000003,0.0,0.027345000000000005,0.0,0.0,0.0,0.0,0.0,0.0,305.24,89.08,0.6879832263137203,0.36702328881763335,36.26784867360197,4.1078217220572775,1164.7416209270452,49.33048719722852,0.9533688143882908,0.004602135407101358,0.0,0.0,0.0,0.016428694004779816,0.0,0.025600356199828065,0.0,0.0,0.0,0.0,0.0,0.0,0.16092884255439777,0.27061332001238364,0.0,0.0,0.0,0.13246814999752027,0.0,0.43598968743569827,0.0,0.0,0.0,0.0,0.0,0.0,13.019298988049211,0.8315720088819454,1.0000000000399019,1.4636224384502932,0.0,0.0,0.0,2.5454900393487954,0.0,3.6227555790764554,0.0,0.0,0.0,0.0,0.0,0.0,17.57368055944734,1190.8566381540581,10.392958269289368,309.1473760575555,3.8905479503367095
210.0,36.267748673601965,0.9500000000000001,0.005733000000000001,0.0,0.0,0.0,0.016922000000000003,0.0,0.027345000000000005,0.0,0.0,0.0,0.0,0.0,0.0,305.24,89.08,0.6879832263137203,0.40713682839696863,36.26784867360197,4.1078217220572775,1162.634537608028,52.41204914310057,0.9500005690479683,0.005732788751358796,0.0,0.0,0.0,0.016921923620690924,0.0,0.027344718579982046,0.0,0.0,0.0,0.0,0.0,0.0,0.14998287125445656,0.30272471391573935,0.0,0.0,0.0,0.1243026760658743,0.0,0.4229897387639298,0.0,0.0,0.0,0.0,0.0,0.0,12.705312027441945,0.8459758774842364,1.0000000003582468,1.4406998381574476,0.0,0.0,0.0,2.5033650010715895,0.0,3.515323803757269,0.0,0.0,0.0,0.0,0.0,0.0,17.57368055944734,1190.8566381540581,10.392958269289368,309.1473760575555,3.8905479503367095
215.0,5.142772378048005,0.9500000000000001,0.005733000000000001,0.0,0.0,0.0,0.016922000000000003,0.0,0.027345000000000005,0.0,0.0,0.0,0.0,0.0,0.0,305.24,89.08,0.7043637793211899,0.05773206531261793,36.6924129221645,5.1426723780480055,1174.2022170888006,13.286991908810386,0.99937709801393,1.5018033418414426e-05,0.0,0.0,0.0,0.0003447275182108458,0.0,0.0002631564344407424,0.0,0.0,0.0,0.0,0.0,0.0,0.9499827677094473,0.005734995539037055,0.0,0.0,0.0,0.016927785361786494,0.0,0.027354451389729164,0.0,0.0,0.0,0.0,0.0,0.0,16.36899370218008,0.6782945985016625,1.000000000331624,1.7242249109198893,0.0,0.0,0.0,3.0075390529702073,0.0,4.744513598333283,0.0,0.0,0.0,0.0,0.0,0.0,16.425354043281228,1174.5108724705306,12.840514479112926,309.1473760575555,4.867758349563256
215.0,8.648276882949837,0.9500000000000001,0.005733000000000001,0.0,0.0,0.0,0.016922000000000003,0.0,0.027345000000000005,0.0,0.0,0.0,0.0,0.0,0.0,305.24,89.08,0.7043637793211899,0.09708438350864208,36.6924129221645,5.1426723780480055,1170.3194931188432,18.929302164388133,0.9917507547217391,0.00023680022303032016,0.0,0.0,0.0,0.004280376798740454,0.0,0.003732068256490165,0.0,0.0,0.0,0.0,0.0,0.0,0.5880382631569252,0.05338277377217577,0.0,0.0,0.0,0.1265196329276047,0.0,0.23205933014329433,0.0,0.0,0.0,0.0,0.0,0.0,15.677075188713218,0.7044477988281422,1.000000000400877,1.6702865816499286,0.0,0.0,0.0,2.8924989990202774,0.0,4.490760994558748,0.0,0.0,0.0,0.0,0.0,0.0,16.425354043281228,1174.5108724705306,12.840514479112926,309.1473760575555,4.867758349563256
215.0,12.15378138785167,0.9500000000000001,0.005733000000000001,0.0,0.0,0.0,0.016922000000000003,0.0,0.027345000000000005,0.0,0.0,0.0,0.0,0.0,0.0,305.24,89.08,0.7043637793211899,0.13643670170466626,36.6924129221645,5.1426723780480055,1166.548534058882,24.442718159594847,0.9846823902282372,0.000525528956622624,0.0,0.0,0.0,0.007452767659653873,0.0,0.007339313155486201,0.0,0.0,0.0,0.0,0.0,0.0,0.43392202762729215,0.08322077058242487,0.0,0.0,0.0,0.15782527090989174,0.0,0.32503193088039134,0.0,0.0,0.0,0.0,0.0,0.0,15.034355441726118,0.729544807713102,1.000000000542509,1.6222311012901827,0.0,0.0,0.0,2.7884851490413762,0.0,4.2641289703393115,0.0,0.0,0.0,0.0,0.0,0.0,16.425354043281228,1174.5108724705306,12.840514479112926,309.1473760575555,4.867758349563256
215.0,15.659285892753502,0.9500000000000001,0.005733000000000001,0.0,0.0,0.0,0.016922000000000003,0.0,0.027345000000000005,0.0,0.0,0.0,0.0,0.0,0.0,305.24,89.08,0.7043637793211899,0.1757890199006904,36.6924129221645,5.1426723780480055,1162.9221546120352,29.767471565901328,0.9781536169764212,0.000898417426123501,0.0,0.0,0.0,0.009983050440184032,0.0,0.010964915157271214,0.0,0.0,0.0,0.0,0.0,0.0,0.34895380225345923,0.10894558103901099,0.0,0.0,0.0,0.1650603103554807,0.0,0.37704030635204916,0.0,0.0,0.0,0.0,0.0,0.0,14.442012448380666,0.7534137864975073,1.0000000006562346,1.578614056793337,0.0,0.0,0.0,2.6956834858390017,0.0,4.06075458901801,0.0,0.0,0.0,0.0,0.0,0.0,16.425354043281228,1174.5108724705306,12.840514479112926,309.1473760575555,4.867758349563256
215.0,19.164790397655334,0.9500000000000001,0.005733000000000001,0.0,0.0,0.0,0.016922000000000003,0.0,0.027345000000000005,0.0,0.0,0.0,0.0,0.0,0.0,305.24,89.08,0.7043637793211899,0.21514133809671457,36.6924129221645,5.1426723780480055,1159.4791113442056,34.835796943476865,0.9721602101786678,0.0013746555604299468,0.0,0.0,0.0,0.011981885318339528,0.0,0.014483248942562622,0.0,0.0,0.0,0.0,0.0,0.0,0.2953031089674918,0.13449507092034255,0.0,0.0,0.0,0.16287177652967275,0.0,0.40733004358249286,0.0,0.0,0.0,0.0,0.0,0.0,13.901578223424476,0.7758561647750071,1.0000000007694858,1.539368311207858,0.0,0.0,0.0,2.614168196401408,0.0,3.879955328239796,0.0,0.0,0.0,0.0,0.0,0.0,16.425354043281228,1174.5108724705306,12.840514479112926,309.1473760575555,4.867758349563256
215.0,22.670294902557167,0.9500000000000001,0.005733000000000001,0.0,0.0,0.0,0.016922000000000003,0.0,0.027345000000000005,0.0,0.0,0.0,0.0,0.0,0.0,305.24,89.08,0.7043637793211899,0.25449365629273873,36.6924129221645,5.1426723780480055,1156.258404618924,39.57693823370808,0.9667062140275613,0.0019730829990014694,0.0,0.0,0.0,0.01354514643335578,0.0,0.017775556540081398,0.0,0.0,0.0,0.0,0.0,0.0,0.2584317523554874,0.16137803168578932,0.0,0.0,0.0,0.15670978793229426,0.0,0.42348042802642905,0.0,0.0,0.0,0.0,0.0,0.0,13.414232596876214,0.7967595980584626,1.0000000006566943,1.5044609038418748,0.0,0.0,0.0,2.5433233351894895,0.0,3.7203417709619986,0.0,0.0,0.0,0.0,0.0,0.0,16.425354043281228,1174.5108724705306,12.840514479112926,309.1473760575555,4.867758349563256
215.0,26.175799407459,0.9500000000000001,0.005733000000000001,0.0,0.0,0.0,0.016922000000000003,0.0,0.027345000000000005,0.0,0.0,0.0,0.0,0.0,0.0,305.24,89.08,0.7043637793211899,0.29384597448876293,36.6924129221645,5.1426723780480055,1153.2912226682815,43.93050804155084,0.9617920841960914,0.0027080511744462465,0.0,0.0,0.0,0.014754692115658401,0.0,0.020745172513803808,0.0,0.0,0.0,0.0,0.0,0.0,0.23156031423999254,0.19002979160459668,0.0,0.0,0.0,0.14896651134157043,0.0,0.4294433828138403,0.0,0.0,0.0,0.0,0.0,0.0,12.979869057502075,0.8159506628083513,1.00000000068869,1.4737590615473135,0.0,0.0,0.0,2.482504677798556,0.0,3.5806096920922323,0.0,0.0,0.0,0.0,0.0,0.0,16.425354043281228,1174.5108724705306,12.840514479112926,309.1473760575555,4.867758349563256
215.0,29.681303912360832,0.9500000000000001,0.005733000000000001,0.0,0.0,0.0,0.016922000000000003,0.0,0.027345000000000005,0.0,0.0,0.0,0.0,0.0,0.0,305.24,89.08,0.7043637793211899,0.33319829268478707,36.6924129221645,5.1426723780480055,1150.592188883309,47.86275874247532,0.9574009117395269,0.0035849744340810466,0.0,0.0,0.0,0.015681224249446995,0.0,0.023332889576945074,0.0,0.0,0.0,0.0,0.0,0.0,0.21110736193925622,0.2201876959730719,0.0,0.0,0.0,0.14079863842435145,0.0,0.4279063036633205,0.0,0.0,0.0,0.0,0.0,0.0,12.596210106706138,0.8334443222927213,1.0000000006828185,1.4469613351314736,0.0,0.0,0.0,2.4307776783721042,0.0,3.45895334451416,0.0,0.0,0.0,0.0,0.0,0.0,16.425354043281228,1174.5108724705306,12.840514479112926,309.1473760575555,4.867758349563256
215.0,33.18680841726267,0.9500000000000001,0.005733000000000001,0.0,0.0,0.0,0.016922000000000003,0.0,0.027345000000000005,0.0,0.0,0.0,0.0,0.0,0.0,305.24,89.08,0.7043637793211899,0.37255061088081126,36.6924129221645,5.1426723780480055,1148.1548289599552,51.37629967922714,0.9534911433810628,0.004598207025032772,0.0,0.0,0.0,0.016386198394206825,0.0,0.025524451199697575,0.0,0.0,0.0,0.0,0.0,0.0,0.1950118137147329,0.25114122202465483,0.0,0.0,0.0,0.1327934605538115,0.0,0.42105350370680067,0.0,0.0,0.0,0.0,0.0,0.0,12.258578624693968,0.8492658754081355,1.000000000118465,1.4235610921074284,0.0,0.0,0.0,2.3869348578488734,0.0,3.3529196472263747,0.0,0.0,0.0,0.0,0.0,0.0,16.425354043281228,1174.5108724705306,12.840514479112926,309.1473760575555,4.867758349563256
215.0,36.6923129221645,0.9500000000000001,0.005733000000000001,0.0,0.0,0.0,0.016922000000000003,0.0,0.027345000000000005,0.0,0.0,0.0,0.0,0.0,0.0,305.24,89.08,0.7043637793211899,0.4119029290768354,36.6924129221645,5.1426723780480055,1145.9544101489817,54.50678899179017,0.9500005700804814,0.005732794914696497,0.0,0.0,0.0,0.0169219195917004,0.0,0.027344715413121605,0.0,0.0,0.0,0.0,0.0,0.0,0.18201171899628116,0.2820152352421277,0.0,0.0,0.0,0.12524465582024244,0.0,0.41072838994134864,0.0,0.0,0.0,0.0,0.0,0.0,11.960584353822947,0.8636107104126893,1.0000000006385685,1.4030181797636418,0.0,0.0,0.0,2.3496339812904843,0.0,3.259836711404532,0.0,0.0,0.0,0.0,0.0,0.0,16.425354043281228,1174.5108724705306,12.840514479112926,309.1473760575555,4.867758349563256
220.0,6.366363567904526,0.9500000000000001,0.005733000000000001,0.0,0.0,0.0,0.016922000000000003,0.0,0.027345000000000005,0.0,0.0,0.0,0.0,0.0,0.0,305.24,89.08,0.7207443323286594,0.07146793408065251,37.31462476433985,6.366263567904526,1157.3138553721037,16.271930396492046,0.999230518932537,1.9813258898850066e-05,0.0,0.0,0.0,0.00041837993453504915,0.0,0.00033128787402903544,0.0,0.0,0.0,0.0,0.0,0.0,0.94998625343313,0.005734595284902137,0.0,0.0,0.0,0.016926608282052405,0.0,0.02735254299991548,0.0,0.0,0.0,0.0,0.0,0.0,15.227962759908898,0.7060947107260752,1.0,1.6414135491175008,0.0,0.0,0.0,2.757895341613349,0.0,4.254031829775344,0.0,0.0,0.0,0.0,0.0,0.0,15.292125087998587,1157.7035382192419,15.715634367687219,309.1473760575555,6.021849278923348
220.0,9.805048145286229,0.9500000000000001,0.005733000000000001,0.0,0.0,0.0,0.016922000000000003,0.0,0.027345000000000005,0.0,0.0,0.0,0.0,0.0,0.0,305.24,89.08,0.7207443323286594,0.11007014083168196,37.31462476433985,6.366263567904526,1153.4695590205824,21.780073971473573,0.9918285104930672,0.0002479427247480977,0.0,0.0,0.0,0.004180520726808496,0.0,0.0037430260553761472,0.0,0.0,0.0,0.0,0.0,0.0,0.6407117629412757,0.046290592771800115,0.0,0.0,0.0,0.11113500484937969,0.0,0.20186263943754437,0.0,0.0,0.0,0.0,0.0,0.0,14.609755810560204,0.7305594318461353,1.000000000345701,1.5960940826879324,0.0,0.0,0.0,2.6648566375930134,0.0,4.0499343504172725,0.0,0.0,0.0,0.0,0.0,0.0,15.292125087998587,1157.7035382192419,15.715634367687219,309.1473760575555,6.021849278923348
220.0,13.243732722667929,0.9500000000000001,0.005733000000000001,0.0,0.0,0.0,0.016922000000000003,0.0,0.027345000000000005,0.0,0.0,0.0,0.0,0.0,0.0,305.24,89.08,0.7207443323286594,0.14867234758271136,37.31462476433985,6.366263567904526,1149.7225977431847,27.173424649918214,0.9849163031931393,0.0005415212784345376,0.0,0.0,0.0,0.007261316922379428,0.0,0.00728085860604664,0.0,0.0,0.0,0.0,0.0,0.0,0.49099591055009817,0.07397934183950226,0.0,0.0,0.0,0.1439197813796332,0.0,0.2911049662307663,0.0,0.0,0.0,0.0,0.0,0.0,14.032148606791164,0.7542182233492667,1.0000000002264662,1.5556132402050773,0.0,0.0,0.0,2.5799605328039905,0.0,3.866312410277728,0.0,0.0,0.0,0.0,0.0,0.0,15.292125087998587,1157.7035382192419,15.715634367687219,309.1473760575555,6.021849278923348
220.0,16.682417300049632,0.9500000000000001,0.005733000000000001,0.0,0.0,0.0,0.016922000000000003,0.0,0.027345000000000005,0.0,0.0,0.0,0.0,0.0,0.0,305.24,89.08,0.7207443323286594,0.18727455433374082,37.31462476433985,6.366263567904526,1146.1029138178885,32.39819921837111,0.9784835492068051,0.0009170074785075594,0.0,0.0,0.0,0.009759148560311438,0.0,0.010840294754375814,0.0,0.0,0.0,0.0,0.0,0.0,0.403062512633795,0.09820907556751361,0.0,0.0,0.0,0.15446216187928855,0.0,0.3442662499194028,0.0,0.0,0.0,0.0,0.0,0.0,13.49633414828829,0.7769026087718232,1.0,1.5186954366779963,0.0,0.0,0.0,2.503462626275628,0.0,3.700357234522929,0.0,0.0,0.0,0.0,0.0,0.0,15.292125087998587,1157.7035382192419,15.715634367687219,309.1473760575555,6.021849278923348
220.0,20.121101877431332,0.9500000000000001,0.005733000000000001,0.0,0.0,0.0,0.016922000000000003,0.0,0.027345000000000005,0.0,0.0,0.0,0.0,0.0,0.0,305.24,89.08,0.7207443323286594,0.22587676108477023,37.31462476433985,6.366263567904526,1142.6462506319658,37.393068673352715,0.972531871815973,0.0013928768625967914,0.0,0.0,0.0,0.011765174464158864,0.0,0.014310076857271302,0.0,0.0,0.0,0.0,0.0,0.0,0.345391753788515,0.1221935524067917,0.0,0.0,0.0,0.15529750953193483,0.0,0.3771171842727584,0.0,0.0,0.0,0.0,0.0,0.0,13.003869684394518,0.7984282201738112,1.0000000004277392,1.485195905309586,0.0,0.0,0.0,2.435444175336901,0.0,3.5509071049897174,0.0,0.0,0.0,0.0,0.0,0.0,15.292125087998587,1157.7035382192419,15.715634367687219,309.1473760575555,6.021849278923348
220.0,23.559786454813032,0.9500000000000001,0.005733000000000001,0.0,0.0,0.0,0.016922000000000003,0.0,0.027345000000000005,0.0,0.0,0.0,0.0,0.0,0.0,305.24,89.08,0.7207443323286594,0.26447896783579966,37.31462476433985,6.366263567904526,1139.3895082790868,42.09306125295805,0.9670700487651119,0.001987710300814673,0.0,0.0,0.0,0.013360058447755563,0.0,0.01758218248631791,0.0,0.0,0.0,0.0,0.0,0.0,0.3047419794222232,0.14730718359143308,0.0,0.0,0.0,0.15156551432389825,0.0,0.3963853226624454,0.0,0.0,0.0,0.0,0.0,0.0,12.556117319942496,0.8186456485557116,1.0000000005352259,1.4551236093640383,0.0,0.0,0.0,2.375578421322703,0.0,3.4176885224972793,0.0,0.0,0.0,0.0,0.0,0.0,15.292125087998587,1157.7035382192419,15.715634367687219,309.1473760575555,6.021849278923348
220.0,26.998471032194736,0.9500000000000001,0.005733000000000001,0.0,0.0,0.0,0.016922000000000003,0.0,0.027345000000000005,0.0,0.0,0.0,0.0,0.0,0.0,305.24,89.08,0.7207443323286594,0.3030811745868291,37.31462476433985,6.366263567904526,1136.3640884598183,46.440138117136705,0.9621045432921274,0.002716637883573991,0.0,0.0,0.0,0.014614248842305213,0.0,0.020564569981993557,0.0,0.0,0.0,0.0,0.0,0.0,0.2745794649669769,0.17404277141077756,0.0,0.0,0.0,0.14569203981365145,0.0,0.40568572380859413,0.0,0.0,0.0,0.0,0.0,0.0,12.153517272538751,0.8374244609876363,1.0,1.4284067685468183,0.0,0.0,0.0,2.3235167291058523,0.0,3.2996839855958364,0.0,0.0,0.0,0.0,0.0,0.0,15.292125087998587,1157.7035382192419,15.715634367687219,309.1473760575555,6.021849278923348
220.0,30.43715560957644,0.9500000000000001,0.005733000000000001,0.0,0.0,0.0,0.016922000000000003,0.0,0.027345000000000005,0.0,0.0,0.0,0.0,0.0,0.0,305.24,89.08,0.7207443323286594,0.3416833813378586,37.31462476433985,6.366263567904526,1133.5881055369832,50.39715159133281,0.95762767206499,0.0035871749874551257,0.0,0.0,0.0,0.015590022693661866,0.0,0.023195130253893016,0.0,0.0,0.0,0.0,0.0,0.0,0.25131291960641805,0.2022884103894825,0.0,0.0,0.0,0.13892978001290757,0.0,0.4074688899911918,0.0,0.0,0.0,0.0,0.0,0.0,11.794834560948892,0.8546763183271636,1.0,1.404787675680822,0.0,0.0,0.0,2.2786782244245973,0.0,3.1958912617537565,0.0,0.0,0.0,0.0,0.0,0.0,15.292125087998587,1157.7035382192419,15.715634367687219,309.1473760575555,6.021849278923348
220.0,33.87584018695814,0.9500000000000001,0.005733000000000001,0.0,0.0,0.0,0.016922000000000003,0.0,0.027345000000000005,0.0,0.0,0.0,0.0,0.0,0.0,305.24,89.08,0.7207443323286594,0.380285588088888,37.31462476433985,6.366263567904526,1131.0612445681536,53.95800506273866,0.9536098050218493,0.004596627119411422,0.0,0.0,0.0,0.016342969338489784,0.0,0.025450598520249394,0.0,0.0,0.0,0.0,0.0,0.0,0.2328129041690496,0.23150474143129526,0.0,0.0,0.0,0.13196237365232266,0.0,0.40371998074733245,0.0,0.0,0.0,0.0,0.0,0.0,11.476821539123737,0.870408312467643,1.0,1.384041537613819,0.0,0.0,0.0,2.2402500961782885,0.0,3.1044941718507824,0.0,0.0,0.0,0.0,0.0,0.0,15.292125087998587,1157.7035382192419,15.715634367687219,309.1473760575555,6.021849278923348
220.0,37.31452476433984,0.9500000000000001,0.005733000000000001,0.0,0.0,0.0,0.016922000000000003,0.0,0.027345000000000005,0.0,0.0,0.0,0.0,0.0,0.0,305.24,89.08,0.7207443323286594,0.41888779483991745,37.31462476433985,6.366263567904526,1128.7655506447188,57.14763527404795,0.9500005703092699,0.0057328012327550444,0.0,0.0,0.0,0.016921915693877493,0.0,0.02734471276409766,0.0,0.0,0.0,0.0,0.0,0.0,0.21774491053448075,0.26094247044644586,0.0,0.0,0.0,0.12516780723158155,0.0,0.39614481178749184,0.0,0.0,0.0,0.0,0.0,0.0,11.194589731423669,0.8847742431792532,1.00000000037659,1.365706198994877,0.0,0.0,0.0,2.207267981977746,0.0,3.0239780835146486,0.0,0.0,0.0,0.0,0.0,0.0,15.292125087998587,1157.7035382192419,15.715634367687219,309.1473760575555,6.021849278923348
225.0,7.800214136256078,0.9500000000000001,0.005733000000000001,0.0,0.0,0.0,0.016922000000000003,0.0,0.027345000000000005,0.0,0.0,0.0,0.0,0.0,0.0,305.24,89.08,0.737124885336129,0.08756414611872562,38.14677921568073,7.800114136256078,1139.8849559321898,19.761990054439202,0.9990560830043976,2.5916620594410947e-05,0.0,0.0,0.0,0.0005043276060414822,0.0,0.0004136727689665066,0.0,0.0,0.0,0.0,0.0,0.0,0.9499889377045918,0.005734286964600422,0.0,0.0,0.0,0.016925702234887367,0.0,0.02735107309592038,0.0,0.0,0.0,0.0,0.0,0.0,14.102288379861411,0.7360935695591309,1.0,1.5663309353904318,0.0,0.0,0.0,2.5381574934880273,0.0,3.830598390119786,0.0,0.0,0.0,0.0,0.0,0.0,14.174868895867752,1140.374164499297,19.07302514416849,309.1473760575555,7.3724464327452335
225.0,11.172043589525483,0.9500000000000001,0.005733000000000001,0.0,0.0,0.0,0.016922000000000003,0.0,0.027345000000000005,0.0,0.0,0.0,0.0,0.0,0.0,305.24,89.08,0.737124885336129,0.12541584631258962,38.14677921568073,7.800114136256078,1136.0686167370923,25.152263339631084,0.9918642215391463,0.000260749552153876,0.0,0.0,0.0,0.004103743498393696,0.0,0.0037712854103061923,0.0,0.0,0.0,0.0,0.0,0.0,0.6875762001476684,0.04003553097921788,0.0,0.0,0.0,0.09727260619693977,0.0,0.1751156626761741,0.0,0.0,0.0,0.0,0.0,0.0,13.548994176076686,0.7592203739727275,1.0000000000376192,1.5280958264384625,0.0,0.0,0.0,2.462361732303537,0.0,3.6652795363809236,0.0,0.0,0.0,0.0,0.0,0.0,14.174868895867752,1140.374164499297,19.07302514416849,309.1473760575555,7.3724464327452335
225.0,14.543873042794889,0.9500000000000001,0.005733000000000001,0.0,0.0,0.0,0.016922000000000003,0.0,0.027345000000000005,0.0,0.0,0.0,0.0,0.0,0.0,305.24,89.08,0.737124885336129,0.16326754650645364,38.14677921568073,7.800114136256078,1132.337174276012,30.440513097914426,0.9851026821536317,0.0005596540111073692,0.0,0.0,0.0,0.007094039476296638,0.0,0.0072436243589642495,0.0,0.0,0.0,0.0,0.0,0.0,0.5457826930972202,0.06530554132758985,0.0,0.0,0.0,0.13009374334005122,0.0,0.25881802223513883,0.0,0.0,0.0,0.0,0.0,0.0,13.029390757145245,0.7817036273159638,1.0,1.4938172237298617,0.0,0.0,0.0,2.39272869753144,0.0,3.5156851168282177,0.0,0.0,0.0,0.0,0.0,0.0,14.174868895867752,1140.374164499297,19.07302514416849,309.1473760575555,7.3724464327452335
225.0,17.915702496064295,0.9500000000000001,0.005733000000000001,0.0,0.0,0.0,0.016922000000000003,0.0,0.027345000000000005,0.0,0.0,0.0,0.0,0.0,0.0,305.24,89.08,0.737124885336129,0.20111924670031764,38.14677921568073,7.800114136256078,1128.7179185688412,35.57851431689361,0.978766979716431,0.0009383364270359514,0.0,0.0,0.0,0.009555199167014458,0.0,0.010739484689518552,0.0,0.0,0.0,0.0,0.0,0.0,0.45734250670772075,0.08784544142836026,0.0,0.0,0.0,0.14308434542999846,0.0,0.31172770643392056,0.0,0.0,0.0,0.0,0.0,0.0,12.544607011791076,0.8034397229308816,1.0,1.46244393469347,0.0,0.0,0.0,2.3294543072080174,0.0,3.379153786822724,0.0,0.0,0.0,0.0,0.0,0.0,14.174868895867752,1140.374164499297,19.07302514416849,309.1473760575555,7.3724464327452335
225.0,21.2875319493337,0.9500000000000001,0.005733000000000001,0.0,0.0,0.0,0.016922000000000003,0.0,0.027345000000000005,0.0,0.0,0.0,0.0,0.0,0.0,305.24,89.08,0.737124885336129,0.23897094689418166,38.14677921568073,7.800114136256078,1125.2436474392655,40.510865364725284,0.9728627849082,0.001414523382044885,0.0,0.0,0.0,0.011562238781837828,0.0,0.014160452927917346,0.0,0.0,0.0,0.0,0.0,0.0,0.397091262611363,0.11017012189320972,0.0,0.0,0.0,0.1465413276426162,0.0,0.346197287852811,0.0,0.0,0.0,0.0,0.0,0.0,12.096114676140846,0.8242408103150581,1.0,1.4337895550342414,0.0,0.0,0.0,2.272552182402596,0.0,3.255357822095656,0.0,0.0,0.0,0.0,0.0,0.0,14.174868895867752,1140.374164499297,19.07302514416849,309.1473760575555,7.3724464327452335
225.0,24.659361402603103,0.9500000000000001,0.005733000000000001,0.0,0.0,0.0,0.016922000000000003,0.0,0.027345000000000005,0.0,0.0,0.0,0.0,0.0,0.0,305.24,89.08,0.737124885336129,0.2768226470880456,38.14677921568073,7.800114136256078,1121.9489484403405,45.17811660795724,0.9674020660047757,0.00200639331543385,0.0,0.0,0.0,0.01318275042571748,0.0,0.017408790254072923,0.0,0.0,0.0,0.0,0.0,0.0,0.353495609517944,0.13347284700054776,0.0,0.0,0.0,0.14509521733842165,0.0,0.3679363261430866,0.0,0.0,0.0,0.0,0.0,0.0,11.685301158866448,0.8439240056107217,1.0,1.4078592861029087,0.0,0.0,0.0,2.2219101364060987,0.0,3.143750649505001,0.0,0.0,0.0,0.0,0.0,0.0,14.174868895867752,1140.374164499297,19.07302514416849,309.1473760575555,7.3724464327452335
225.0,28.03119085587251,0.9500000000000001,0.005733000000000001,0.0,0.0,0.0,0.016922000000000003,0.0,0.027345000000000005,0.0,0.0,0.0,0.0,0.0,0.0,305.24,89.08,0.737124885336129,0.3146743472819096,38.14677921568073,7.800114136256078,1118.8647512447874,49.52512243454225,0.962395556511981,0.0027295510227506843,0.0,0.0,0.0,0.014476956986625884,0.0,0.020397935478642368,0.0,0.0,0.0,0.0,0.0,0.0,0.3205256289162588,0.15825492624096732,0.0,0.0,0.0,0.1410868095128881,0.0,0.38013263532988584,0.0,0.0,0.0,0.0,0.0,0.0,11.312907848143054,0.8623836591053632,1.0,1.3845952421797985,0.0,0.0,0.0,2.1773467021771684,0.0,3.0440146238213193,0.0,0.0,0.0,0.0,0.0,0.0,14.174868895867752,1140.374164499297,19.07302514416849,309.1473760575555,7.3724464327452335
225.0,31.403020309141915,0.9500000000000001,0.005733000000000001,0.0,0.0,0.0,0.016922000000000003,0.0,0.027345000000000005,0.0,0.0,0.0,0.0,0.0,0.0,305.24,89.08,0.737124885336129,0.35252604747577365,38.14677921568073,7.800114136256078,1116.0115495891102,53.512806011893595,0.9578427656221653,0.0035932273875008106,0.0,0.0,0.0,0.015499213203185674,0.0,0.02306479378714815,0.0,0.0,0.0,0.0,0.0,0.0,0.2947255668700421,0.18451410264058718,0.0,0.0,0.0,0.13579789871516346,0.0,0.3849624317742072,0.0,0.0,0.0,0.0,0.0,0.0,10.978410614366842,0.8794893583207035,1.0,1.3638462109909586,0.0,0.0,0.0,2.1385114358299973,0.0,2.9552313858505395,0.0,0.0,0.0,0.0,0.0,0.0,14.174868895867752,1140.374164499297,19.07302514416849,309.1473760575555,7.3724464327452335
225.0,34.77484976241132,0.9500000000000001,0.005733000000000001,0.0,0.0,0.0,0.016922000000000003,0.0,0.027345000000000005,0.0,0.0,0.0,0.0,0.0,0.0,305.24,89.08,0.737124885336129,0.3903777476696377,38.14677921568073,7.800114136256078,1113.3940968435777,57.128090508181046,0.953724220594415,0.004597434175706816,0.0,0.0,0.0,0.016299215302946556,0.0,0.025379129926931723,0.0,0.0,0.0,0.0,0.0,0.0,0.2739796732781649,0.21186084879179054,0.0,0.0,0.0,0.1299698455037846,0.0,0.3841896324262599,0.0,0.0,0.0,0.0,0.0,0.0,10.679647441814664,0.8952471926761874,1.0,1.345457608690233,0.0,0.0,0.0,2.104868291251393,0.0,2.8766527256151466,0.0,0.0,0.0,0.0,0.0,0.0,14.174868895867752,1140.374164499297,19.07302514416849,309.1473760575555,7.3724464327452335
225.0,38.14667921568073,0.9500000000000001,0.005733000000000001,0.0,0.0,0.0,0.016922000000000003,0.0,0.027345000000000005,0.0,0.0,0.0,0.0,0.0,0.0,305.24,89.08,0.737124885336129,0.42822944786350164,38.14677921568073,7.800114136256078,1111.0006488579477,60.38624531379609,0.9500005697310049,0.005732807690670118,0.0,0.0,0.0,0.01692191194323642,0.0,0.027344710635088556,0.0,0.0,0.0,0.0,0.0,0.0,0.2569279557035033,0.2396753679798919,0.0,0.0,0.0,0.1240421683297034,0.0,0.3793545079869014,0.0,0.0,0.0,0.0,0.0,0.0,10.412968814527758,0.9096869472293208,1.0000000001679075,1.3291078264700829,0.0,0.0,0.0,2.07573598538206,0.0,2.8067345807110784,0.0,0.0,0.0,0.0,0.0,0.0,14.174868895867752,1140.374164499297,19.07302514416849,309.1473760575555,7.3724464327452335
230.0,9.466884387251705,0.9500000000000001,0.005733000000000001,0.0,0.0,0.0,0.016922000000000003,0.0,0.027345000000000005,0.0,0.0,0.0,0.0,0.0,0.0,305.24,89.08,0.7535054383435985,0.1062739603418467,39.20245434121117,9.466784387251705,1121.8433550405662,23.823618530946373,0.9988491383663488,3.365244458106517e-05,0.0,0.0,0.0,0.0006043325484861708,0.0,0.0005128766405838714,0.0,0.0,0.0,0.0,0.0,0.0,0.9499910284709098,0.005734046730077519,0.0,0.0,0.0,0.01692499686817664,0.0,0.0273499279308361,0.0,0.0,0.0,0.0,0.0,0.0,12.992954036742976,0.7686753534807658,1.0,1.4981170947074742,0.0,0.0,0.0,2.3438433427202985,0.0,3.4629697378578808,0.0,0.0,0.0,0.0,0.0,0.0,13.074576632454441,1122.454729495443,22.974460145533122,309.1473760575555,8.939933858638554
230.0,12.770825493247202,0.9500000000000001,0.005733000000000001,0.0,0.0,0.0,0.016922000000000003,0.0,0.027345000000000005,0.0,0.0,0.0,0.0,0.0,0.0,305.24,89.08,0.7535054383435985,0.1433635551554468,39.20245434121117,9.466784387251705,1118.045147581515,29.11106531201297,0.9918561307872602,0.0002755496370882185,0.0,0.0,0.0,0.004049927320989462,0.0,0.003818392254662047,0.0,0.0,0.0,0.0,0.0,0.0,0.7286114959631385,0.03459894505931281,0.0,0.0,0.0,0.08500590696082375,0.0,0.15178365201672495,0.0,0.0,0.0,0.0,0.0,0.0,12.497263634378692,0.7907569883847948,1.0,1.465726578560296,0.0,0.0,0.0,2.2817940856707324,0.0,3.328358183309261,0.0,0.0,0.0,0.0,0.0,0.0,13.074576632454441,1122.454729495443,22.974460145533122,309.1473760575555,8.939933858638554
230.0,16.074766599242697,0.9500000000000001,0.005733000000000001,0.0,0.0,0.0,0.016922000000000003,0.0,0.027345000000000005,0.0,0.0,0.0,0.0,0.0,0.0,305.24,89.08,0.7535054383435985,0.18045314996904688,39.20245434121117,9.466784387251705,1114.3209450484492,34.308178832162106,0.9852411120309084,0.0005802327676484269,0.0,0.0,0.0,0.0069505572698967105,0.0,0.007228097931546437,0.0,0.0,0.0,0.0,0.0,0.0,0.5972340108858336,0.057312559345384026,0.0,0.0,0.0,0.11673683712815391,0.0,0.22871659264062835,0.0,0.0,0.0,0.0,0.0,0.0,12.029660215582174,0.8123386192260881,1.0,1.4365449789022344,0.0,0.0,0.0,2.22444818677323,0.0,3.205526602673702,0.0,0.0,0.0,0.0,0.0,0.0,13.074576632454441,1122.454729495443,22.974460145533122,309.1473760575555,8.939933858638554
230.0,19.37870770523819,0.9500000000000001,0.005733000000000001,0.0,0.0,0.0,0.016922000000000003,0.0,0.027345000000000005,0.0,0.0,0.0,0.0,0.0,0.0,305.24,89.08,0.7535054383435985,0.21754274478264696,39.20245434121117,9.466784387251705,1110.6956126944744,39.37186015861262,0.9790038395105292,0.0009626563171876823,0.0,0.0,0.0,0.009371234942790978,0.0,0.01066226922949227,0.0,0.0,0.0,0.0,0.0,0.0,0.5105700045597232,0.07800729671943218,0.0,0.0,0.0,0.13132177294921377,0.0,0.28010092577163065,0.0,0.0,0.0,0.0,0.0,0.0,11.591164029589901,0.8333297183005044,1.0000000001962834,1.409804627019243,0.0,0.0,0.0,2.171919833629477,0.0,3.0927700461394316,0.0,0.0,0.0,0.0,0.0,0.0,13.074576632454441,1122.454729495443,22.974460145533122,309.1473760575555,8.939933858638554
230.0,22.68264881123369,0.9500000000000001,0.005733000000000001,0.0,0.0,0.0,0.016922000000000003,0.0,0.027345000000000005,0.0,0.0,0.0,0.0,0.0,0.0,305.24,89.08,0.7535054383435985,0.2546323395962471,39.20245434121117,9.466784387251705,1107.1991273935532,44.252200324732875,0.973152672500733,0.0014397666338190286,0.0,0.0,0.0,0.011373575936650494,0.0,0.01403398492879751,0.0,0.0,0.0,0.0,0.0,0.0,0.44928688169000575,0.09858095378783735,0.0,0.0,0.0,0.13691543550417298,0.0,0.3152167290179839,0.0,0.0,0.0,0.0,0.0,0.0,11.183100330852069,0.8535641629450332,1.0,1.3852550571835278,0.0,0.0,0.0,2.1242122462127018,0.0,2.989734753878913,0.0,0.0,0.0,0.0,0.0,0.0,13.074576632454441,1122.454729495443,22.974460145533122,309.1473760575555,8.939933858638554
230.0,25.98658991722919,0.9500000000000001,0.005733000000000001,0.0,0.0,0.0,0.016922000000000003,0.0,0.027345000000000005,0.0,0.0,0.0,0.0,0.0,0.0,305.24,89.08,0.7535054383435985,0.29172193440984723,39.20245434121117,9.466784387251705,1103.86365636841,48.89501602247576,0.9677015528648913,0.0020292186178718255,0.0,0.0,0.0,0.013013968928198567,0.0,0.017255259589038244,0.0,0.0,0.0,0.0,0.0,0.0,0.4037525085557325,0.12002700032232218,0.0,0.0,0.0,0.13751888693706513,0.0,0.3387016041848801,0.0,0.0,0.0,0.0,0.0,0.0,10.806796493944583,0.8729020607074681,1.0,1.3628486215426283,0.0,0.0,0.0,2.081324535366629,0.0,2.8960451903069306,0.0,0.0,0.0,0.0,0.0,0.0,13.074576632454441,1122.454729495443,22.974460145533122,309.1473760575555,8.939933858638554
230.0,29.29053102322468,0.9500000000000001,0.005733000000000001,0.0,0.0,0.0,0.016922000000000003,0.0,0.027345000000000005,0.0,0.0,0.0,0.0,0.0,0.0,305.24,89.08,0.7535054383435985,0.32881152922344725,39.20245434121117,9.466784387251705,1100.7191507401635,53.24843110926628,0.9626640655197085,0.0027468264275264708,0.0,0.0,0.0,0.014343542851329279,0.0,0.02024556520143574,0.0,0.0,0.0,0.0,0.0,0.0,0.3686299262296379,0.14281946306498267,0.0,0.0,0.0,0.1352913988635427,0.0,0.3532592118418367,0.0,0.0,0.0,0.0,0.0,0.0,10.463126814575025,0.8911613466288635,1.0000000000125189,1.3426000196668473,0.0,0.0,0.0,2.0431732300266385,0.0,2.811489493981587,0.0,0.0,0.0,0.0,0.0,0.0,13.074576632454441,1122.454729495443,22.974460145533122,309.1473760575555,8.939933858638554
230.0,32.59447212922018,0.9500000000000001,0.005733000000000001,0.0,0.0,0.0,0.016922000000000003,0.0,0.027345000000000005,0.0,0.0,0.0,0.0,0.0,0.0,305.24,89.08,0.7535054383435985,0.3659011240370474,39.20245434121117,9.466784387251705,1097.787560813423,57.272638368012394,0.9580451444984188,0.0036031700089088612,0.0,0.0,0.0,0.015409302686754925,0.0,0.022942382805917372,0.0,0.0,0.0,0.0,0.0,0.0,0.34072574578528075,0.16702911838311055,0.0,0.0,0.0,0.1314814746696148,0.0,0.36076366116199404,0.0,0.0,0.0,0.0,0.0,0.0,10.15203136657817,0.9082301729857201,1.0000000000058664,1.324397656988157,0.0,0.0,0.0,2.0095564881940593,0.0,2.7356755873856153,0.0,0.0,0.0,0.0,0.0,0.0,13.074576632454441,1122.454729495443,22.974460145533122,309.1473760575555,8.939933858638554
230.0,35.89841323521568,0.9500000000000001,0.005733000000000001,0.0,0.0,0.0,0.016922000000000003,0.0,0.027345000000000005,0.0,0.0,0.0,0.0,0.0,0.0,305.24,89.08,0.7535054383435985,0.40299071885064747,39.20245434121117,9.466784387251705,1095.0776909554127,60.94915808571821,0.9538337598673448,0.004600682073557362,0.0,0.0,0.0,0.016255157848498087,0.0,0.02531040021059985,0.0,0.0,0.0,0.0,0.0,0.0,0.318017847792819,0.19239172274144925,0.0,0.0,0.0,0.12684863929692977,0.0,0.362741790168802,0.0,0.0,0.0,0.0,0.0,0.0,9.872149135228343,0.9240946108566306,1.0,1.3081243800692968,0.0,0.0,0.0,1.9801702839504887,0.0,2.6678379490072963,0.0,0.0,0.0,0.0,0.0,0.0,13.074576632454441,1122.454729495443,22.974460145533122,309.1473760575555,8.939933858638554
230.0,39.20235434121117,0.9500000000000001,0.005733000000000001,0.0,0.0,0.0,0.016922000000000003,0.0,0.027345000000000005,0.0,0.0,0.0,0.0,0.0,0.0,305.24,89.08,0.7535054383435985,0.44008031366424755,39.20245434121117,9.466784387251705,1092.5833627181776,64.28473526532895,0.9500005683474804,0.005732814273559989,0.0,0.0,0.0,0.016921908353681767,0.0,0.02734470902527796,0.0,0.0,0.0,0.0,0.0,0.0,0.2991706453576378,0.21841313545188717,0.0,0.0,0.0,0.12186856213261171,0.0,0.3605476570578632,0.0,0.0,0.0,0.0,0.0,0.0,9.620842337179967,0.938732745956633,1.0000000000715463,1.2935486057241061,0.0,0.0,0.0,1.9544590660039252,0.0,2.6071380966627027,0.0,0.0,0.0,0.0,0.0,0.0,13.074576632454441,1122.454729495443,22.974460145533122,309.1473760575555,8.939933858638554
235.0,11.39002458220639,0.9500000000000001,0.005733000000000001,0.0,0.0,0.0,0.016922000000000003,0.0,0.027345000000000005,0.0,0.0,0.0,0.0,0.0,0.0,305.24,89.08,0.7698859913510679,0.1278628713763627,40.49629473683618,11.38992458220639,1103.106323491181,28.53331017884438,0.9986041132805962,4.3430104826319875e-05,0.0,0.0,0.0,0.0007204783908086372,0.0,0.0006319782237687131,0.0,0.0,0.0,0.0,0.0,0.0,0.9499926743024076,0.005733857541999417,0.0,0.0,0.0,0.016924441921883433,0.0,0.027349026233709488,0.0,0.0,0.0,0.0,0.0,0.0,11.901077569583489,0.8042811475242871,1.0,1.4359062108387795,0.0,0.0,0.0,2.171391117526777,0.0,3.142062268536804,0.0,0.0,0.0,0.0,0.0,0.0,11.992371749912282,1103.8677706455148,27.49052725780276,309.1473760575555,10.745438617473916
235.0,14.624043488276365,0.9500000000000001,0.005733000000000001,0.0,0.0,0.0,0.016922000000000003,0.0,0.027345000000000005,0.0,0.0,0.0,0.0,0.0,0.0,305.24,89.08,0.7698859913510679,0.1641675290556395,40.49629473683618,11.38992458220639,1099.3168543469387,33.73200007392379,0.9918013187814562,0.00029275904703722575,0.0,0.0,0.0,0.004019460415132973,0.0,0.00388646175637355,0.0,0.0,0.0,0.0,0.0,0.0,0.7641110474363606,0.029925554730801628,0.0,0.0,0.0,0.07429912681700883,0.0,0.13166427101582906,0.0,0.0,0.0,0.0,0.0,0.0,11.456898913069722,0.8255527293142131,1.0,1.4084347916626228,0.0,0.0,0.0,2.1204232967859333,0.0,3.031818996933383,0.0,0.0,0.0,0.0,0.0,0.0,11.992371749912282,1103.8677706455148,27.49052725780276,309.1473760575555,10.745438617473916
235.0,17.85806239434634,0.9500000000000001,0.005733000000000001,0.0,0.0,0.0,0.016922000000000003,0.0,0.027345000000000005,0.0,0.0,0.0,0.0,0.0,0.0,305.24,89.08,0.7698859913510679,0.20047218673491626,40.49629473683618,11.38992458220639,1095.5916890818287,38.85121070314841,0.98533008551387,0.0006036523951164699,0.0,0.0,0.0,0.0068308810337233275,0.0,0.007235381057290295,0.0,0.0,0.0,0.0,0.0,0.0,0.6446578588488763,0.05006365919890467,0.0,0.0,0.0,0.10413503181007012,0.0,0.20114345014214893,0.0,0.0,0.0,0.0,0.0,0.0,11.036205733915079,0.8465041692405131,1.0,1.3835752036941151,0.0,0.0,0.0,2.073014190966455,0.0,2.9304671743953925,0.0,0.0,0.0,0.0,0.0,0.0,11.992371749912282,1103.8677706455148,27.49052725780276,309.1473760575555,10.745438617473916
235.0,21.092081300416318,0.9500000000000001,0.005733000000000001,0.0,0.0,0.0,0.016922000000000003,0.0,0.027345000000000005,0.0,0.0,0.0,0.0,0.0,0.0,305.24,89.08,0.7698859913510679,0.23677684441419306,40.49629473683618,11.38992458220639,1091.9534803647705,43.85253673149665,0.9791931847842694,0.0009903107772014392,0.0,0.0,0.0,0.009207493996747912,0.0,0.0106090104417812,0.0,0.0,0.0,0.0,0.0,0.0,0.5617096043088569,0.06881418448086812,0.0,0.0,0.0,0.11953048929982248,0.0,0.24994572191045256,0.0,0.0,0.0,0.0,0.0,0.0,10.639898645476553,0.8669677106806539,1.0,1.3606816963116233,0.0,0.0,0.0,2.0292423938072677,0.0,2.836980274375997,0.0,0.0,0.0,0.0,0.0,0.0,11.992371749912282,1103.8677706455148,27.49052725780276,309.1473760575555,10.745438617473916
235.0,24.326100206486295,0.9500000000000001,0.005733000000000001,0.0,0.0,0.0,0.016922000000000003,0.0,0.027345000000000005,0.0,0.0,0.0,0.0,0.0,0.0,305.24,89.08,0.7698859913510679,0.2730815020934699,40.49629473683618,11.38992458220639,1088.4295347399514,48.69117006293978,0.9734006345603429,0.0014688713313863652,0.0,0.0,0.0,0.011199758679966322,0.0,0.013930735428304456,0.0,0.0,0.0,0.0,0.0,0.0,0.5009154046682729,0.08756644313371957,0.0,0.0,0.0,0.12673827104902582,0.0,0.2847798811489816,0.0,0.0,0.0,0.0,0.0,0.0,10.26915073849156,0.8868401027554228,1.0000000000649112,1.339572391192564,0.0,0.0,0.0,1.9891642217603902,0.0,2.7508209610741114,0.0,0.0,0.0,0.0,0.0,0.0,11.992371749912282,1103.8677706455148,27.49052725780276,309.1473760575555,10.745438617473916
235.0,27.56011911255627,0.9500000000000001,0.005733000000000001,0.0,0.0,0.0,0.016922000000000003,0.0,0.027345000000000005,0.0,0.0,0.0,0.0,0.0,0.0,305.24,89.08,0.7698859913510679,0.30938615977274664,40.49629473683618,11.38992458220639,1085.0495719192497,53.31794944589999,0.9679674081324805,0.002056361089233378,0.0,0.0,0.0,0.012854476678744352,0.0,0.017121754099541878,0.0,0.0,0.0,0.0,0.0,0.0,0.4545391407238712,0.10711827830752875,0.0,0.0,0.0,0.12908612434200142,0.0,0.3092564566265985,0.0,0.0,0.0,0.0,0.0,0.0,9.925157731520603,0.9059572713499229,1.0,1.3202257081557063,0.0,0.0,0.0,1.9528205557018279,0.0,2.6720222796020514,0.0,0.0,0.0,0.0,0.0,0.0,11.992371749912282,1103.8677706455148,27.49052725780276,309.1473760575555,10.745438617473916
235.0,30.794138018626246,0.9500000000000001,0.005733000000000001,0.0,0.0,0.0,0.016922000000000003,0.0,0.027345000000000005,0.0,0.0,0.0,0.0,0.0,0.0,305.24,89.08,0.7698859913510679,0.3456908174520234,40.49629473683618,11.38992458220639,1081.8421974297464,57.6845195417911,0.9629087932952509,0.0027685710750112434,0.0,0.0,0.0,0.014214740977658874,0.0,0.020107894652078948,0.0,0.0,0.0,0.0,0.0,0.0,0.4180422661817341,0.1278939841395855,0.0,0.0,0.0,0.12848528414627727,0.0,0.3255784655324031,0.0,0.0,0.0,0.0,0.0,0.0,9.608823748798384,0.9241615305596624,1.0,1.3025985674587806,0.0,0.0,0.0,1.9201807064051284,0.0,2.600230784078458,0.0,0.0,0.0,0.0,0.0,0.0,11.992371749912282,1103.8677706455148,27.49052725780276,309.1473760575555,10.745438617473916
235.0,34.02815692469622,0.9500000000000001,0.005733000000000001,0.0,0.0,0.0,0.016922000000000003,0.0,0.027345000000000005,0.0,0.0,0.0,0.0,0.0,0.0,305.24,89.08,0.7698859913510679,0.38199547513130017,40.49629473683618,11.38992458220639,1078.830061921803,61.751315814759174,0.9582336337410758,0.0036170852930238993,0.0,0.0,0.0,0.01532081579805574,0.0,0.022828465167844526,0.0,0.0,0.0,0.0,0.0,0.0,0.38858790712587965,0.1500071007606889,0.0,0.0,0.0,0.1260990902324652,0.0,0.33530590188096626,0.0,0.0,0.0,0.0,0.0,0.0,9.32036879711864,0.9413442636243567,1.0,1.286625097855531,0.0,0.0,0.0,1.8911226598092696,0.0,2.535285264255147,0.0,0.0,0.0,0.0,0.0,0.0,11.992371749912282,1103.8677706455148,27.49052725780276,309.1473760575555,10.745438617473916
235.0,37.262175830766196,0.9500000000000001,0.005733000000000001,0.0,0.0,0.0,0.016922000000000003,0.0,0.027345000000000005,0.0,0.0,0.0,0.0,0.0,0.0,305.24,89.08,0.7698859913510679,0.418300132810577,40.49629473683618,11.38992458220639,1076.0250889227582,65.49587752033369,0.9539377192985735,0.004606443440951889,0.0,0.0,0.0,0.016211035954347166,0.0,0.025244801306127492,0.0,0.0,0.0,0.0,0.0,0.0,0.3643159853664215,0.17329348823848864,0.0,0.0,0.0,0.12266856163757943,0.0,0.3397219647575103,0.0,0.0,0.0,0.0,0.0,0.0,9.059026610458304,0.9574210773988718,1.0,1.2722580711953142,0.0,0.0,0.0,1.8654290523535855,0.0,2.476785270933638,0.0,0.0,0.0,0.0,0.0,0.0,11.992371749912282,1103.8677706455148,27.49052725780276,309.1473760575555,10.745438617473916
235.0,40.49619473683617,0.9500000000000001,0.005733000000000001,0.0,0.0,0.0,0.016922000000000003,0.0,0.027345000000000005,0.0,0.0,0.0,0.0,0.0,0.0,305.24,89.08,0.7698859913510679,0.45460479048985375,40.49629473683618,11.38992458220639,1073.4259717643972,68.91762108777911,0.9500005666972829,0.005732820798278069,0.0,0.0,0.0,0.01692190484761069,0.0,0.027344707656828306,0.0,0.0,0.0,0.0,0.0,0.0,0.3439623427523272,0.19737498418443902,0.0,0.0,0.0,0.11867990997649065,0.0,0.33998276308674313,0.0,0.0,0.0,0.0,0.0,0.0,8.822937703970029,0.9723911598371295,1.0000000000094917,1.259311845609509,0.0,0.0,0.0,1.8427840064578374,0.0,2.4240423052960542,0.0,0.0,0.0,0.0,0.0,0.0,11.992371749912282,1103.8677706455148,27.49052725780276,309.1473760575555,10.745438617473916
240.0,13.594463015408161,0.9500000000000001,0.005733000000000001,0.0,0.0,0.0,0.016922000000000003,0.0,0.027345000000000005,0.0,0.0,0.0,0.0,0.0,0.0,305.24,89.08,0.7862665443585375,0.15260959828702472,42.04381912301399,13.594363015408161,1083.5776988034129,33.98037673284897,0.9983142418341786,5.5771974580271064e-05,0.0,0.0,0.0,0.0008552653859975468,0.0,0.0007747208052434442,0.0,0.0,0.0,0.0,0.0,0.0,0.9499939827777976,0.005733707061545963,0.0,0.0,0.0,0.016924001006505967,0.0,0.02734830915415058,0.0,0.0,0.0,0.0,0.0,0.0,10.827934136739144,0.8434488147747864,1.0,1.3790945017243603,0.0,0.0,0.0,2.017915611029704,0.0,2.8604888922357548,0.0,0.0,0.0,0.0,0.0,0.0,10.929530438659587,1084.5239266392234,32.702949864390106,309.1473760575555,12.810833440082819
240.0,16.75549147180881,0.9500000000000001,0.005733000000000001,0.0,0.0,0.0,0.016922000000000003,0.0,0.027345000000000005,0.0,0.0,0.0,0.0,0.0,0.0,305.24,89.08,0.7862665443585375,0.18809487507643477,42.04381912301399,13.594363015408161,1079.787804096948,39.10366449144555,0.9916955175056259,0.000312908098199215,0.0,0.0,0.0,0.004013282590953031,0.0,0.003978291805221765,0.0,0.0,0.0,0.0,0.0,0.0,0.7945531400382884,0.025939878754416487,0.0,0.0,0.0,0.06504754699911522,0.0,0.11445943420818004,0.0,0.0,0.0,0.0,0.0,0.0,10.430160889766725,0.8642202084629709,1.0,1.3557631536237733,0.0,0.0,0.0,1.9758391491262042,0.0,2.769777827766814,0.0,0.0,0.0,0.0,0.0,0.0,10.929530438659587,1084.5239266392234,32.702949864390106,309.1473760575555,12.810833440082819
240.0,19.916519928209457,0.9500000000000001,0.005733000000000001,0.0,0.0,0.0,0.016922000000000003,0.0,0.027345000000000005,0.0,0.0,0.0,0.0,0.0,0.0,305.24,89.08,0.7862665443585375,0.22358015186584482,42.04381912301399,13.594363015408161,1076.053410720373,44.157717199685436,0.9853668330817045,0.0006304224837542674,0.0,0.0,0.0,0.006735471063910605,0.0,0.007267273370630632,0.0,0.0,0.0,0.0,0.0,0.0,0.6876935402966649,0.04357746971986979,0.0,0.0,0.0,0.09247279460234258,0.0,0.17625619538112278,0.0,0.0,0.0,0.0,0.0,0.0,10.052064515573235,0.8847354401195624,1.0,1.3345206166215149,0.0,0.0,0.0,1.9364909005942468,0.0,2.6858306402633954,0.0,0.0,0.0,0.0,0.0,0.0,10.929530438659587,1084.5239266392234,32.702949864390106,309.1473760575555,12.810833440082819
240.0,23.077548384610104,0.9500000000000001,0.005733000000000001,0.0,0.0,0.0,0.016922000000000003,0.0,0.027345000000000005,0.0,0.0,0.0,0.0,0.0,0.0,305.24,89.08,0.7862665443585375,0.2590654286552549,42.04381912301399,13.594363015408161,1072.3951423084766,49.1084049873964,0.9793330218552103,0.00102175790322875,0.0,0.0,0.0,0.00906449746734431,0.0,0.010580722774216487,0.0,0.0,0.0,0.0,0.0,0.0,0.6099662685888633,0.060346576386839074,0.0,0.0,0.0,0.10800760034965423,0.0,0.2216795546746435,0.0,0.0,0.0,0.0,0.0,0.0,9.694427527164283,0.9049001866856792,1.0,1.3149060801098913,0.0,0.0,0.0,1.8999294588510942,0.0,2.6079848818977776,0.0,0.0,0.0,0.0,0.0,0.0,10.929530438659587,1084.5239266392234,32.702949864390106,309.1473760575555,12.810833440082819
240.0,26.23857684101075,0.9500000000000001,0.005733000000000001,0.0,0.0,0.0,0.016922000000000003,0.0,0.027345000000000005,0.0,0.0,0.0,0.0,0.0,0.0,305.24,89.08,0.7862665443585375,0.29455070544466494,42.04381912301399,13.594363015408161,1068.837799812338,53.9156600203575,0.9736049855567861,0.0015022140150234165,0.0,0.0,0.0,0.011041506229303447,0.0,0.013851294198887068,0.0,0.0,0.0,0.0,0.0,0.0,0.5510393682133723,0.0772398028938072,0.0,0.0,0.0,0.1163114067137,0.0,0.25540942217912044,0.0,0.0,0.0,0.0,0.0,0.0,9.358257293732356,0.9245955584904053,1.0,1.2967519979317326,0.0,0.0,0.0,1.8662277779289493,0.0,2.53578708129088,0.0,0.0,0.0,0.0,0.0,0.0,10.929530438659587,1084.5239266392234,32.702949864390106,309.1473760575555,12.810833440082819
240.0,29.399605297411398,0.9500000000000001,0.005733000000000001,0.0,0.0,0.0,0.016922000000000003,0.0,0.027345000000000005,0.0,0.0,0.0,0.0,0.0,0.0,305.24,89.08,0.7862665443585375,0.330035982234075,42.04381912301399,13.594363015408161,1065.4086759090965,58.53510291646085,0.968197997359266,0.0020880990307057964,0.0,0.0,0.0,0.012705106390779835,0.0,0.01700879721924839,0.0,0.0,0.0,0.0,0.0,0.0,0.5049195629816607,0.09487874962700552,0.0,0.0,0.0,0.12005735129160262,0.0,0.28014433609973133,0.0,0.0,0.0,0.0,0.0,0.0,9.044603014545464,0.9436802361690979,1.0,1.2800089351654167,0.0,0.0,0.0,1.8354142307949435,0.0,2.4692702962461635,0.0,0.0,0.0,0.0,0.0,0.0,10.929530438659587,1084.5239266392234,32.702949864390106,309.1473760575555,12.810833440082819
240.0,32.56063375381205,0.9500000000000001,0.005733000000000001,0.0,0.0,0.0,0.016922000000000003,0.0,0.027345000000000005,0.0,0.0,0.0,0.0,0.0,0.0,305.24,89.08,0.7862665443585375,0.36552125902348503,42.04381912301399,13.594363015408161,1062.1347750390676,62.92205897851871,0.9631281324095798,0.00279497574925055,0.0,0.0,0.0,0.0140913269941973,0.0,0.019985564846972313,0.0,0.0,0.0,0.0,0.0,0.0,0.46789084274293485,0.11362712776611161,0.0,0.0,0.0,0.12087382914989661,0.0,0.29760820034105706,0.0,0.0,0.0,0.0,0.0,0.0,8.754323886378792,0.9620017843550444,1.0,1.264682545337485,0.0,0.0,0.0,1.8074726124366942,0.0,2.4082580082931693,0.0,0.0,0.0,0.0,0.0,0.0,10.929530438659587,1084.5239266392234,32.702949864390106,309.1473760575555,12.810833440082819
240.0,35.72166221021269,0.9500000000000001,0.005733000000000001,0.0,0.0,0.0,0.016922000000000003,0.0,0.027345000000000005,0.0,0.0,0.0,0.0,0.0,0.0,305.24,89.08,0.7862665443585375,0.4010065358128951,42.04381912301399,13.594363015408161,1059.0388321877529,67.03798634311644,0.9584068584866418,0.003635110237036731,0.0,0.0,0.0,0.015234312182770719,0.0,0.022723719093550775,0.0,0.0,0.0,0.0,0.0,0.0,0.43752722147377016,0.13361803548333026,0.0,0.0,0.0,0.11980157937613037,0.0,0.3090531636667692,0.0,0.0,0.0,0.0,0.0,0.0,8.487807522565795,0.9794178610013298,1.0,1.2506976682282045,0.0,0.0,0.0,1.782348819900209,0.0,2.352572850516046,0.0,0.0,0.0,0.0,0.0,0.0,10.929530438659587,1084.5239266392234,32.702949864390106,309.1473760575555,12.810833440082819
240.0,38.88269066661334,0.9500000000000001,0.005733000000000001,0.0,0.0,0.0,0.016922000000000003,0.0,0.027345000000000005,0.0,0.0,0.0,0.0,0.0,0.0,305.24,89.08,0.7862665443585375,0.43649181260230513,42.04381912301399,13.594363015408161,1056.1350552136826,70.8577185393161,0.9540352887783801,0.004614815360443223,0.0,0.0,0.0,0.016167113200730065,0.0,0.025182782660446545,0.0,0.0,0.0,0.0,0.0,0.0,0.4121807176200746,0.15476353869073659,0.0,0.0,0.0,0.11753256319850497,0.0,0.31552318049068373,0.0,0.0,0.0,0.0,0.0,0.0,8.244680415188347,0.9958650067868362,1.0,1.2380185352456703,0.0,0.0,0.0,1.7599166233155112,0.0,2.3020323138179357,0.0,0.0,0.0,0.0,0.0,0.0,10.929530438659587,1084.5239266392234,32.702949864390106,309.1473760575555,12.810833440082819
240.0,42.043719123013986,0.9500000000000001,0.005733000000000001,0.0,0.0,0.0,0.016922000000000003,0.0,0.027345000000000005,0.0,0.0,0.0,0.0,0.0,0.0,305.24,89.08,0.7862665443585375,0.4719770893917152,42.04381912301399,13.594363015408161,1053.426287152256,74.37455705299818,0.9500005637869321,0.005732827573716718,0.0,0.0,0.0,0.016921901599227695,0.0,0.02734470704012352,0.0,0.0,0.0,0.0,0.0,0.0,0.39069763136103974,0.176787742792009,0.0,0.0,0.0,0.11454005727984991,0.0,0.3179745685671013,0.0,0.0,0.0,0.0,0.0,0.0,8.023698653030834,1.011279074814113,1.0,1.226538452251693,0.0,0.0,0.0,1.739967034675344,0.0,2.2562073256510105,0.0,0.0,0.0,0.0,0.0,0.0,10.929530438659587,1084.5239266392234,32.702949864390106,309.1473760575555,12.810833440082819
245.0,16.10634517581097,0.9500000000000001,0.005733000000000001,0.0,0.0,0.0,0.016922000000000003,0.0,0.027345000000000005,0.0,0.0,0.0,0.0,0.0,0.0,305.24,89.08,0.802647097366007,0.18080764678728076,43.86123447341017,16.10624517581097,1063.144028388678,40.27072485817939,0.9979711806650465,7.135327594964277e-05,0.0,0.0,0.0,0.00101174188333542,0.0,0.0009457241756683638,0.0,0.0,0.0,0.0,0.0,0.0,0.9499950327766477,0.005733586240810211,0.0,0.0,0.0,0.016923647443414184,0.0,0.027347733539127842,0.0,0.0,0.0,0.0,0.0,0.0,9.774985230291005,0.8869397152557575,1.0,1.3270686673121732,0.0,0.0,0.0,1.8807773765746043,0.0,2.6122026920803614,0.0,0.0,0.0,0.0,0.0,0.0,9.887512946675841,1064.3186812309134,38.707706375659235,309.1473760575555,15.158759773768708
245.0,19.19021065332199,0.9500000000000001,0.005733000000000001,0.0,0.0,0.0,0.016922000000000003,0.0,0.027345000000000005,0.0,0.0,0.0,0.0,0.0,0.0,305.24,89.08,0.802647097366007,0.2154267024396272,43.86123447341017,16.10624517581097,1059.3445725049726,45.33149897170864,0.9915328172906983,0.0003366799011996221,0.0,0.0,0.0,0.004032968091792463,0.0,0.004097534716309694,0.0,0.0,0.0,0.0,0.0,0.0,0.8205010131892359,0.022558682216788126,0.0,0.0,0.0,0.05710989675166833,0.0,0.09983040784230762,0.0,0.0,0.0,0.0,0.0,0.0,9.419327442904708,0.907415165772769,1.0,1.3072910249257674,0.0,0.0,0.0,1.84594750058515,0.0,2.5372967022741717,0.0,0.0,0.0,0.0,0.0,0.0,9.887512946675841,1064.3186812309134,38.707706375659235,309.1473760575555,15.158759773768708
245.0,22.274076130833013,0.9500000000000001,0.005733000000000001,0.0,0.0,0.0,0.016922000000000003,0.0,0.027345000000000005,0.0,0.0,0.0,0.0,0.0,0.0,305.24,89.08,0.802647097366007,0.25004575809197366,43.86123447341017,16.10624517581097,1055.5924661024635,50.332883901923225,0.9853470668562699,0.0006612037455045305,0.0,0.0,0.0,0.006665321618164597,0.0,0.007326407780060807,0.0,0.0,0.0,0.0,0.0,0.0,0.7262550374446993,0.037837187531727455,0.0,0.0,0.0,0.08184620233387609,0.0,0.15406157268969706,0.0,0.0,0.0,0.0,0.0,0.0,9.080168096312514,0.9277466571290277,1.0,1.2891377212352626,0.0,0.0,0.0,1.8132172879159347,0.0,2.467571209596809,0.0,0.0,0.0,0.0,0.0,0.0,9.887512946675841,1064.3186812309134,38.707706375659235,309.1473760575555,15.158759773768708
245.0,25.357941608344035,0.9500000000000001,0.005733000000000001,0.0,0.0,0.0,0.016922000000000003,0.0,0.027345000000000005,0.0,0.0,0.0,0.0,0.0,0.0,305.24,89.08,0.802647097366007,0.2846648137443201,43.86123447341017,16.10624517581097,1051.9064560309464,55.24463786751826,0.9794200758767492,0.0010576028571766462,0.0,0.0,0.0,0.008943138285716242,0.0,0.010579182980357963,0.0,0.0,0.0,0.0,0.0,0.0,0.6547995888558474,0.05264583478009018,0.0,0.0,0.0,0.09698172752709179,0.0,0.1955728488369705,0.0,0.0,0.0,0.0,0.0,0.0,8.758175636156208,0.947831351874845,1.0,1.2723087961360593,0.0,0.0,0.0,1.7826427597313272,0.0,2.4025327849902802,0.0,0.0,0.0,0.0,0.0,0.0,9.887512946675841,1064.3186812309134,38.707706375659235,309.1473760575555,15.158759773768708
245.0,28.441807085855057,0.9500000000000001,0.005733000000000001,0.0,0.0,0.0,0.016922000000000003,0.0,0.027345000000000005,0.0,0.0,0.0,0.0,0.0,0.0,305.24,89.08,0.802647097366007,0.3192838693966666,43.86123447341017,16.10624517581097,1048.3089961083908,60.031095076360785,0.9737630371194358,0.0015403114265531471,0.0,0.0,0.0,0.010899768232590819,0.0,0.013796883221420322,0.0,0.0,0.0,0.0,0.0,0.0,0.5988968387259602,0.06768073020704225,0.0,0.0,0.0,0.10590156102307015,0.0,0.2275208700439273,0.0,0.0,0.0,0.0,0.0,0.0,8.454198636811793,0.9675625981928883,1.0,1.2566867581956445,0.0,0.0,0.0,1.7542756607533665,0.0,2.3418887496600056,0.0,0.0,0.0,0.0,0.0,0.0,9.887512946675841,1064.3186812309134,38.707706375659235,309.1473760575555,15.158759773768708
245.0,31.52567256336608,0.9500000000000001,0.005733000000000001,0.0,0.0,0.0,0.016922000000000003,0.0,0.027345000000000005,0.0,0.0,0.0,0.0,0.0,0.0,305.24,89.08,0.802647097366007,0.353902925049013,43.86123447341017,16.10624517581097,1044.825005956527,64.65242380533383,0.9683909648697157,0.0021248377333840532,0.0,0.0,0.0,0.012566826305547797,0.0,0.01691737109135246,0.0,0.0,0.0,0.0,0.0,0.0,0.5540554600136104,0.08341419611842776,0.0,0.0,0.0,0.11068582681532257,0.0,0.2518445170526392,0.0,0.0,0.0,0.0,0.0,0.0,8.169133608818184,0.9868134998817993,1.0,1.2422340814027946,0.0,0.0,0.0,1.7281196597326105,0.0,2.285627054963337,0.0,0.0,0.0,0.0,0.0,0.0,9.887512946675841,1064.3186812309134,38.707706375659235,309.1473760575555,15.158759773768708
245.0,34.6095380408771,0.9500000000000001,0.005733000000000001,0.0,0.0,0.0,0.016922000000000003,0.0,0.027345000000000005,0.0,0.0,0.0,0.0,0.0,0.0,305.24,89.08,0.802647097366007,0.38852198070135946,43.86123447341017,16.10624517581097,1041.479714607622,69.06771670865817,0.9633199962510541,0.002826334672883355,0.0,0.0,0.0,0.013974161493788344,0.0,0.019879507582274233,0.0,0.0,0.0,0.0,0.0,0.0,0.5173398857626371,0.10014730228484861,0.0,0.0,0.0,0.11267368947588134,0.0,0.2698391224766329,0.0,0.0,0.0,0.0,0.0,0.0,7.903756968982793,1.0054329165620608,1.0,1.228904363319388,0.0,0.0,0.0,1.7041943451433215,0.0,2.233687095763822,0.0,0.0,0.0,0.0,0.0,0.0,9.887512946675841,1064.3186812309134,38.707706375659235,309.1473760575555,15.158759773768708
245.0,37.69340351838812,0.9500000000000001,0.005733000000000001,0.0,0.0,0.0,0.016922000000000003,0.0,0.027345000000000005,0.0,0.0,0.0,0.0,0.0,0.0,305.24,89.08,0.802647097366007,0.4231410363537059,43.86123447341017,16.10624517581097,1038.2954500169237,73.24008250330601,0.9585631531452456,0.0036574502965380255,0.0,0.0,0.0,0.01515040945942216,0.0,0.022628987098794122,0.0,0.0,0.0,0.0,0.0,0.0,0.4867502057826435,0.11801616914435707,0.0,0.0,0.0,0.11276157444644688,0.0,0.2824720506265526,0.0,0.0,0.0,0.0,0.0,0.0,7.658524419203711,1.0232713444578125,1.0,1.216672314308721,0.0,0.0,0.0,1.6824806167689657,0.0,2.185935726866792,0.0,0.0,0.0,0.0,0.0,0.0,9.887512946675841,1064.3186812309134,38.707706375659235,309.1473760575555,15.158759773768708
245.0,40.77726899589915,0.9500000000000001,0.005733000000000001,0.0,0.0,0.0,0.016922000000000003,0.0,0.027345000000000005,0.0,0.0,0.0,0.0,0.0,0.0,305.24,89.08,0.802647097366007,0.45776009200605244,43.86123447341017,16.10624517581097,1035.2879583882786,77.14277166201164,0.954125510031412,0.0046259265418838215,0.0,0.0,0.0,0.016123687449835555,0.0,0.025124875976868567,0.0,0.0,0.0,0.0,0.0,0.0,0.46087883070959845,0.13698781702896612,0.0,0.0,0.0,0.11157007139542634,0.0,0.290563280866009,0.0,0.0,0.0,0.0,0.0,0.0,7.433328901475117,1.0402515420090055,1.0,1.2055222357716708,0.0,0.0,0.0,1.6629452343095226,0.0,2.142228472590003,0.0,0.0,0.0,0.0,0.0,0.0,9.887512946675841,1064.3186812309134,38.707706375659235,309.1473760575555,15.158759773768708
245.0,43.86113447341017,0.9500000000000001,0.005733000000000001,0.0,0.0,0.0,0.016922000000000003,0.0,0.027345000000000005,0.0,0.0,0.0,0.0,0.0,0.0,305.24,89.08,0.802647097366007,0.49237914765839885,43.86123447341017,16.10624517581097,1032.4635066898263,80.76418085186509,0.9500005601283784,0.005732834423588242,0.0,0.0,0.0,0.016921898534999553,0.0,0.027344706913033767,0.0,0.0,0.0,0.0,0.0,0.0,0.4387101063953529,0.15687254087814487,0.0,0.0,0.0,0.1095401055657047,0.0,0.2948772471607974,0.0,0.0,0.0,0.0,0.0,0.0,7.227384571662549,1.0562936303232164,1.0,1.1953639275516166,0.0,0.0,0.0,1.6454227985750485,0.0,2.1023761485094026,0.0,0.0,0.0,0.0,0.0,0.0,9.887512946675841,1064.3186812309134,38.707706375659235,309.1473760575555,15.158759773768708
250.0,18.95334106746816,0.9500000000000001,0.005733000000000001,0.0,0.0,0.0,0.016922000000000003,0.0,0.027345000000000005,0.0,0.0,0.0,0.0,0.0,0.0,305.24,89.08,0.8190276503734766,0.21276763659034756,45.96523785605021,18.95324106746816,1041.6692642785451,47.5321065169414,0.9975644616287905,9.106020870013355e-05,0.0,0.0,0.0,0.0011936902597232085,0.0,0.0011507879027860964,0.0,0.0,0.0,0.0,0.0,0.0,0.9499958828243531,0.005733488365815872,0.0,0.0,0.0,0.016923361441118254,0.0,0.027347267368712742,0.0,0.0,0.0,0.0,0.0,0.0,8.743920013938261,0.9356891903897114,1.0,1.2793726531715293,0.0,0.0,0.0,1.7578783463882617,0.0,2.3922266575514195,0.0,0.0,0.0,0.0,0.0,0.0,8.867997289195623,1043.1279606987764,45.61929334068271,309.1473760575555,17.81267416850522
250.0,21.954651821755053,0.9500000000000001,0.005733000000000001,0.0,0.0,0.0,0.016922000000000003,0.0,0.027345000000000005,0.0,0.0,0.0,0.0,0.0,0.0,305.24,89.08,0.8190276503734766,0.24645994411489733,45.96523785605021,18.95324106746816,1037.850932417134,52.543036598705385,0.9913052231768855,0.00036496630020781096,0.0,0.0,0.0,0.004080859118733279,0.0,0.004248951404173312,0.0,0.0,0.0,0.0,0.0,0.0,0.8425340381975033,0.01969929433681902,0.0,0.0,0.0,0.05033146856858843,0.0,0.08743519889708937,0.0,0.0,0.0,0.0,0.0,0.0,8.426767992697677,0.956144994068204,1.0,1.262617475983933,0.0,0.0,0.0,1.7289966922591804,0.0,2.330216692801267,0.0,0.0,0.0,0.0,0.0,0.0,8.867997289195623,1043.1279606987764,45.61929334068271,309.1473760575555,17.81267416850522
250.0,24.955962576041948,0.9500000000000001,0.005733000000000001,0.0,0.0,0.0,0.016922000000000003,0.0,0.027345000000000005,0.0,0.0,0.0,0.0,0.0,0.0,305.24,89.08,0.8190276503734766,0.2801522516394471,45.96523785605021,18.95324106746816,1034.072227596606,57.504224931292924,0.985264597056901,0.0006968606834457411,0.0,0.0,0.0,0.0066220829210007215,0.0,0.007416459338652549,0.0,0.0,0.0,0.0,0.0,0.0,0.7604622276440439,0.03280090115292543,0.0,0.0,0.0,0.07228129803634477,0.0,0.1344555731666858,0.0,0.0,0.0,0.0,0.0,0.0,8.123442756019692,0.9765364653855897,1.0,1.2471390893748082,0.0,0.0,0.0,1.701745490014856,0.0,2.2722006463384328,0.0,0.0,0.0,0.0,0.0,0.0,8.867997289195623,1043.1279606987764,45.61929334068271,309.1473760575555,17.81267416850522
250.0,27.95727333032884,0.9500000000000001,0.005733000000000001,0.0,0.0,0.0,0.016922000000000003,0.0,0.027345000000000005,0.0,0.0,0.0,0.0,0.0,0.0,305.24,89.08,0.8190276503734766,0.31384455916399684,45.96523785605021,18.95324106746816,1030.350140437466,62.38897306141701,0.9794494462429034,0.0010986460965062817,0.0,0.0,0.0,0.008844800069739187,0.0,0.010607107590851182,0.0,0.0,0.0,0.0,0.0,0.0,0.6959077587953215,0.0457185861520022,0.0,0.0,0.0,0.08661274447139443,0.0,0.17176091058128193,0.0,0.0,0.0,0.0,0.0,0.0,7.834504113628823,0.996778740804492,1.0,1.2327358083974136,0.0,0.0,0.0,1.676158569336034,0.0,2.217744211884015,0.0,0.0,0.0,0.0,0.0,0.0,8.867997289195623,1043.1279606987764,45.61929334068271,309.1473760575555,17.81267416850522
250.0,30.958584084615737,0.9500000000000001,0.005733000000000001,0.0,0.0,0.0,0.016922000000000003,0.0,0.027345000000000005,0.0,0.0,0.0,0.0,0.0,0.0,305.24,89.08,0.8190276503734766,0.34753686668854666,45.96523785605021,18.95324106746816,1026.7049211541264,67.16570403205088,0.9738707976411263,0.0015838625586608896,0.0,0.0,0.0,0.010775829925894162,0.0,0.013769509874318802,0.0,0.0,0.0,0.0,0.0,0.0,0.6439245367865387,0.05893395220053448,0.0,0.0,0.0,0.09572924727772059,0.0,0.20141226373520613,0.0,0.0,0.0,0.0,0.0,0.0,7.5606556115481505,1.0167763011079118,1.0,1.2193137741353761,0.0,0.0,0.0,1.6522421090323374,0.0,2.166701527142007,0.0,0.0,0.0,0.0,0.0,0.0,8.867997289195623,1043.1279606987764,45.61929334068271,309.1473760575555,17.81267416850522
250.0,33.95989483890263,0.9500000000000001,0.005733000000000001,0.0,0.0,0.0,0.016922000000000003,0.0,0.027345000000000005,0.0,0.0,0.0,0.0,0.0,0.0,305.24,89.08,0.8190276503734766,0.38122917421309643,45.96523785605021,18.95324106746816,1023.1591867321697,71.79890703780329,0.9685429813609845,0.0021671447007928037,0.0,0.0,0.0,0.012440823250789561,0.0,0.01684905068743311,0.0,0.0,0.0,0.0,0.0,0.0,0.6012488385083762,0.07279860035303531,0.0,0.0,0.0,0.1012027079245979,0.0,0.22474985321399044,0.0,0.0,0.0,0.0,0.0,0.0,7.302639492686579,1.0364138350147591,1.0,1.2068306150566759,0.0,0.0,0.0,1.630029550770951,0.0,2.1190773352175842,0.0,0.0,0.0,0.0,0.0,0.0,8.867997289195623,1043.1279606987764,45.61929334068271,309.1473760575555,17.81267416850522
250.0,36.96120559318952,0.9500000000000001,0.005733000000000001,0.0,0.0,0.0,0.016922000000000003,0.0,0.027345000000000005,0.0,0.0,0.0,0.0,0.0,0.0,305.24,89.08,0.8190276503734766,0.41492148173764615,45.96523785605021,18.95324106746816,1019.7362755824981,76.2514724433627,0.9634816282185156,0.0028630733170893208,0.0,0.0,0.0,0.01386424630669133,0.0,0.01979105215770373,0.0,0.0,0.0,0.0,0.0,0.0,0.5656388048582167,0.08755460432950257,0.0,0.0,0.0,0.10409855204251917,0.0,0.2427080387697615,0.0,0.0,0.0,0.0,0.0,0.0,7.0611405497116495,1.0555343485941415,1.0,1.1952742994636278,0.0,0.0,0.0,1.6095850122681554,0.0,2.0748109834203827,0.0,0.0,0.0,0.0,0.0,0.0,8.867997289195623,1043.1279606987764,45.61929334068271,309.1473760575555,17.81267416850522
250.0,39.96251634747642,0.9500000000000001,0.005733000000000001,0.0,0.0,0.0,0.016922000000000003,0.0,0.027345000000000005,0.0,0.0,0.0,0.0,0.0,0.0,305.24,89.08,0.8190276503734766,0.44861378926219597,45.96523785605021,18.95324106746816,1016.4577164412777,80.48865793952776,0.9587004314868182,0.0036844003820213048,0.0,0.0,0.0,0.015069816969184826,0.0,0.022545351161975678,0.0,0.0,0.0,0.0,0.0,0.0,0.535502957870871,0.10333028393304881,0.0,0.0,0.0,0.10516180614269716,0.0,0.25600495205338303,0.0,0.0,0.0,0.0,0.0,0.0,6.836611283013611,1.0739949453236564,1.0,1.1846219466205004,0.0,0.0,0.0,1.5908753645095597,0.0,2.0338354950417172,0.0,0.0,0.0,0.0,0.0,0.0,8.867997289195623,1043.1279606987764,45.61929334068271,309.1473760575555,17.81267416850522
250.0,42.963827101763314,0.9500000000000001,0.005733000000000001,0.0,0.0,0.0,0.016922000000000003,0.0,0.027345000000000005,0.0,0.0,0.0,0.0,0.0,0.0,305.24,89.08,0.8190276503734766,0.4823060967867458,45.96523785605021,18.95324106746816,1013.3401378456334,84.48311546684903,0.9542072144656852,0.004639948501098308,0.0,0.0,0.0,0.01608110573596825,0.0,0.02507173129724828,0.0,0.0,0.0,0.0,0.0,0.0,0.509681219636756,0.12012961723834373,0.0,0.0,0.0,0.10492833763095093,0.0,0.2652608254939493,0.0,0.0,0.0,0.0,0.0,0.0,6.629111573074558,1.0917257781086507,1.0,1.1748384363812912,0.0,0.0,0.0,1.5738544353810815,0.0,1.9960637326748518,0.0,0.0,0.0,0.0,0.0,0.0,8.867997289195623,1043.1279606987764,45.61929334068271,309.1473760575555,17.81267416850522
250.0,45.965137856050205,0.9500000000000001,0.005733000000000001,0.0,0.0,0.0,0.016922000000000003,0.0,0.027345000000000005,0.0,0.0,0.0,0.0,0.0,0.0,305.24,89.08,0.8190276503734766,0.5159984043112955,45.96523785605021,18.95324106746816,1010.3925140136988,88.21951783904447,0.9500005557599134,0.005732841328902137,0.0,0.0,0.0,0.016921895655278723,0.0,0.02734470725590582,0.0,0.0,0.0,0.0,0.0,0.0,0.4873106607112593,0.137832173896246,0.0,0.0,0.0,0.1037925874404856,0.0,0.271064577952009,0.0,0.0,0.0,0.0,0.0,0.0,6.438187523374922,1.1086131990967312,1.0,1.16587786106198,0.0,0.0,0.0,1.5584639438769883,0.0,1.9613837959201508,0.0,0.0,0.0,0.0,0.0,0.0,8.867997289195623,1043.1279606987764,45.61929334068271,309.1473760575555,17.81267416850522
255.0,22.164947169901208,0.9500000000000001,0.005733000000000001,0.0,0.0,0.0,0.016922000000000003,0.0,0.027345000000000005,0.0,0.0,0.0,0.0,0.0,0.0,305.24,89.08,0.8354082033809461,0.24882069117536157,48.37278212634146,22.164847169901208,1018.9872750353089,55.92159116099121,0.997080689763082,0.00011607702804790737,0.0,0.0,0.0,0.0014058967373763833,0.0,0.00139733647149356,0.0,0.0,0.0,0.0,0.0,0.0,0.9499965768442269,0.005733408396784229,0.0,0.0,0.0,0.01692312814911436,0.0,0.02734688660987452,0.0,0.0,0.0,0.0,0.0,0.0,7.736707155933043,0.9909490456498155,1.0,1.2356132121652652,0.0,0.0,0.0,1.6474405559327907,0.0,2.1964406533383003,0.0,0.0,0.0,0.0,0.0,0.0,7.872931803599723,1020.8020426044882,53.576672776706424,309.1473760575555,20.7969218893379
255.0,25.07691772061679,0.9500000000000001,0.005733000000000001,0.0,0.0,0.0,0.016922000000000003,0.0,0.027345000000000005,0.0,0.0,0.0,0.0,0.0,0.0,305.24,89.08,0.8354082033809461,0.2815100776899056,48.37278212634146,22.164847169901208,1015.1403505882784,60.89538173166704,0.9910019804485476,0.00039895126802716674,0.0,0.0,0.0,0.0041602754582367955,0.0,0.004438792825188514,0.0,0.0,0.0,0.0,0.0,0.0,0.8612054021011976,0.01728450817464779,0.0,0.0,0.0,0.04455901135371101,0.0,0.0769510783704438,0.0,0.0,0.0,0.0,0.0,0.0,7.4550253726575715,1.0116561962413144,1.0,1.2214575693168057,0.0,0.0,0.0,1.623488375960353,0.0,2.145120685998487,0.0,0.0,0.0,0.0,0.0,0.0,7.872931803599723,1020.8020426044882,53.576672776706424,309.1473760575555,20.7969218893379
255.0,27.988888271332375,0.9500000000000001,0.005733000000000001,0.0,0.0,0.0,0.016922000000000003,0.0,0.027345000000000005,0.0,0.0,0.0,0.0,0.0,0.0,305.24,89.08,0.8354082033809461,0.31419946420444966,48.37278212634146,22.164847169901208,1011.3255488098521,65.82907499421668,0.9851107513698474,0.0007385397463230183,0.0,0.0,0.0,0.006608243338289005,0.0,0.0075424655455406334,0.0,0.0,0.0,0.0,0.0,0.0,0.7905741562927012,0.028411125894190575,0.0,0.0,0.0,0.06375322102015551,0.0,0.1172614967929527,0.0,0.0,0.0,0.0,0.0,0.0,7.184910359250768,1.0323787950761698,1.0,1.208299500573261,0.0,0.0,0.0,1.6007905400787699,0.0,2.0967356344248542,0.0,0.0,0.0,0.0,0.0,0.0,7.872931803599723,1020.8020426044882,53.576672776706424,309.1473760575555,20.7969218893379
255.0,30.900858822047958,0.9500000000000001,0.005733000000000001,0.0,0.0,0.0,0.016922000000000003,0.0,0.027345000000000005,0.0,0.0,0.0,0.0,0.0,0.0,305.24,89.08,0.8354082033809461,0.3468888507189937,48.37278212634146,22.164847169901208,1007.5581947571435,70.69922167779927,0.9794141029292502,0.0011459545987679333,0.0,0.0,0.0,0.00877152069846846,0.0,0.010668421773513424,0.0,0.0,0.0,0.0,0.0,0.0,0.7331923946639904,0.03954352726308765,0.0,0.0,0.0,0.07699814456086396,0.0,0.15026593351205803,0.0,0.0,0.0,0.0,0.0,0.0,6.9268201541899375,1.05306546125044,1.0,1.19600777783824,0.0,0.0,0.0,1.5793402491363604,0.0,2.0510866895517292,0.0,0.0,0.0,0.0,0.0,0.0,7.872931803599723,1020.8020426044882,53.576672776706424,309.1473760575555,20.7969218893379
255.0,33.812829372763545,0.9500000000000001,0.005733000000000001,0.0,0.0,0.0,0.016922000000000003,0.0,0.027345000000000005,0.0,0.0,0.0,0.0,0.0,0.0,305.24,89.08,0.8354082033809461,0.3795782372335378,48.37278212634146,22.164847169901208,1003.8564569288669,75.47805053000098,0.9739225403545078,0.0016338112818432041,0.0,0.0,0.0,0.010671453152144121,0.0,0.013772195211504879,0.0,0.0,0.0,0.0,0.0,0.0,0.6857573272777453,0.051011660494538924,0.0,0.0,0.0,0.08596404907075741,0.0,0.17726696315695842,0.0,0.0,0.0,0.0,0.0,0.0,6.681327097217859,1.0735929812186533,1.0,1.1845144677384878,0.0,0.0,0.0,1.559196705502599,0.0,2.008104681347581,0.0,0.0,0.0,0.0,0.0,0.0,7.872931803599723,1020.8020426044882,53.576672776706424,309.1473760575555,20.7969218893379
255.0,36.724799923479125,0.9500000000000001,0.005733000000000001,0.0,0.0,0.0,0.016922000000000003,0.0,0.027345000000000005,0.0,0.0,0.0,0.0,0.0,0.0,305.24,89.08,0.8354082033809461,0.4122676237480818,48.37278212634146,22.164847169901208,1000.2407218667325,80.13415439663675,0.9686493854968222,0.002215802502938119,0.0,0.0,0.0,0.012328614960201675,0.0,0.016806197040038027,0.0,0.0,0.0,0.0,0.0,0.0,0.6459650027304964,0.0630727515750709,0.0,0.0,0.0,0.09180649462695874,0.0,0.19915575106747405,0.0,0.0,0.0,0.0,0.0,0.0,6.449033060310164,1.0938848200638043,1.0,1.1737856883651734,0.0,0.0,0.0,1.5403835260273677,0.0,1.967772520763969,0.0,0.0,0.0,0.0,0.0,0.0,7.872931803599723,1020.8020426044882,53.576672776706424,309.1473760575555,20.7969218893379
255.0,39.636770474194705,0.9500000000000001,0.005733000000000001,0.0,0.0,0.0,0.016922000000000003,0.0,0.027345000000000005,0.0,0.0,0.0,0.0,0.0,0.0,305.24,89.08,0.8354082033809461,0.4449570102626258,48.37278212634146,22.164847169901208,996.7323658178757,84.63421733454058,0.9636093266791703,0.0029057906801733956,0.0,0.0,0.0,0.013762804189355578,0.0,0.019722078451300598,0.0,0.0,0.0,0.0,0.0,0.0,0.6121578299756235,0.07591652591868153,0.0,0.0,0.0,0.09534686210824724,0.0,0.2165787819974478,0.0,0.0,0.0,0.0,0.0,0.0,6.230512883752357,1.1137662955972467,1.0,1.1638033451185203,0.0,0.0,0.0,1.5228970760636693,0.0,1.93003473182748,0.0,0.0,0.0,0.0,0.0,0.0,7.872931803599723,1020.8020426044882,53.576672776706424,309.1473760575555,20.7969218893379
255.0,42.54874102491029,0.9500000000000001,0.005733000000000001,0.0,0.0,0.0,0.016922000000000003,0.0,0.027345000000000005,0.0,0.0,0.0,0.0,0.0,0.0,305.24,89.08,0.8354082033809461,0.47764639677716986,48.37278212634146,22.164847169901208,993.3518016200443,88.9460328302357,0.9588160062553872,0.0037163748694337244,0.0,0.0,0.0,0.014993383616729177,0.0,0.0224742352584499,0.0,0.0,0.0,0.0,0.0,0.0,0.5831118903091231,0.08965714441136109,0.0,0.0,0.0,0.09718356047072937,0.0,0.23004740480878633,0.0,0.0,0.0,0.0,0.0,0.0,6.026188238794193,1.1331374879676426,1.0,1.154552505915833,0.0,0.0,0.0,1.5067944284962826,0.0,1.8948753035468906,0.0,0.0,0.0,0.0,0.0,0.0,7.872931803599723,1020.8020426044882,53.576672776706424,309.1473760575555,20.7969218893379
255.0,45.46071157562588,0.9500000000000001,0.005733000000000001,0.0,0.0,0.0,0.016922000000000003,0.0,0.027345000000000005,0.0,0.0,0.0,0.0,0.0,0.0,305.24,89.08,0.8354082033809461,0.5103357832917139,48.37278212634146,22.164847169901208,990.1159664271388,93.04251175680358,0.9542789354996214,0.004657111407382212,0.0,0.0,0.0,0.01603978594106801,0.0,0.025024167151928334,0.0,0.0,0.0,0.0,0.0,0.0,0.557904023871366,0.10432097543581924,0.0,0.0,0.0,0.09776280319087444,0.0,0.24001219750194033,0.0,0.0,0.0,0.0,0.0,0.0,5.836206631773642,1.1518597211727049,1.0,1.1460141247096165,0.0,0.0,0.0,1.4920154530355638,0.0,1.862251745255878,0.0,0.0,0.0,0.0,0.0,0.0,7.872931803599723,1020.8020426044882,53.576672776706424,309.1473760575555,20.7969218893379
255.0,48.37268212634146,0.9500000000000001,0.005733000000000001,0.0,0.0,0.0,0.016922000000000003,0.0,0.027345000000000005,0.0,0.0,0.0,0.0,0.0,0.0,305.24,89.08,0.8354082033809461,0.5430251698062579,48.37278212634146,22.164847169901208,987.0358454995379,96.90573801230308,0.9500005507364411,0.005732848268751896,0.0,0.0,0.0,0.01692189295445858,0.0,0.027344708040348376,0.0,0.0,0.0,0.0,0.0,0.0,0.535826416978514,0.11984034788749598,0.0,0.0,0.0,0.09742409160663228,0.0,0.24690914352735782,0.0,0.0,0.0,0.0,0.0,0.0,5.660344715908224,1.1698561308869047,1.0,1.1381569968392318,0.0,0.0,0.0,1.4785300254513778,0.0,1.8320972271449734,0.0,0.0,0.0,0.0,0.0,0.0,7.872931803599723,1020.8020426044882,53.576672776706424,309.1473760575555,20.7969218893379
260.0,25.772925895900112,0.9500000000000001,0.005733000000000001,0.0,0.0,0.0,0.016922000000000003,0.0,0.027345000000000005,0.0,0.0,0.0,0.0,0.0,0.0,305.24,89.08,0.8517887563884157,0.289323371081052,51.100769815469164,25.772825895900112,994.8909559009234,65.63650809622273,0.9965023315321423,0.0001480206244806921,0.0,0.0,0.0,0.0016545550681258496,0.0,0.0016950927752512166,0.0,0.0,0.0,0.0,0.0,0.0,0.949997148164543,0.005733342508465391,0.0,0.0,0.0,0.01692293630231778,0.0,0.027346573024673915,0.0,0.0,0.0,0.0,0.0,0.0,6.755670126079104,1.0544514801797624,1.0,1.1954344793179108,0.0,0.0,0.0,1.5479677443070305,0.0,2.021524785521167,0.0,0.0,0.0,0.0,0.0,0.0,6.904600482390385,997.156902480031,62.751778068246196,309.1473760575555,24.136843090349437
260.0,28.587119664741117,0.9500000000000001,0.005733000000000001,0.0,0.0,0.0,0.016922000000000003,0.0,0.027345000000000005,0.0,0.0,0.0,0.0,0.0,0.0,305.24,89.08,0.8517887563884157,0.3209151287016291,51.100769815469164,25.772825895900112,991.0050721645858,70.58616422843667,0.9906085326337939,0.00044023915436467624,0.0,0.0,0.0,0.004275843256557791,0.0,0.004675384955283715,0.0,0.0,0.0,0.0,0.0,0.0,0.8770195448133327,0.015244993432315992,0.0,0.0,0.0,0.039649299304834115,0.0,0.06808616244951728,0.0,0.0,0.0,0.0,0.0,0.0,6.5069174155513485,1.0757309784846008,1.0,1.1835398391163492,0.0,0.0,0.0,1.5281078564777528,0.0,1.9789550004363512,0.0,0.0,0.0,0.0,0.0,0.0,6.904600482390385,997.156902480031,62.751778068246196,309.1473760575555,24.136843090349437
260.0,31.401313433582125,0.9500000000000001,0.005733000000000001,0.0,0.0,0.0,0.016922000000000003,0.0,0.027345000000000005,0.0,0.0,0.0,0.0,0.0,0.0,305.24,89.08,0.8517887563884157,0.35250688632220617,51.100769815469164,25.772825895900112,987.1438069950646,75.505568740075,0.9848734773939533,0.0007877889686753358,0.0,0.0,0.0,0.006627409513151172,0.0,0.007711324124220125,0.0,0.0,0.0,0.0,0.0,0.0,0.8169324441625279,0.024602559166846245,0.0,0.0,0.0,0.05620331338775484,0.0,0.10226168328287107,0.0,0.0,0.0,0.0,0.0,0.0,6.267801687487964,1.0971164420948036,1.0,1.1724193597800379,0.0,0.0,0.0,1.5091862317996256,0.0,1.9386001831591906,0.0,0.0,0.0,0.0,0.0,0.0,6.904600482390385,997.156902480031,62.751778068246196,309.1473760575555,24.136843090349437
260.0,34.215507202423126,0.9500000000000001,0.005733000000000001,0.0,0.0,0.0,0.016922000000000003,0.0,0.027345000000000005,0.0,0.0,0.0,0.0,0.0,0.0,305.24,89.08,0.8517887563884157,0.3840986439427832,51.100769815469164,25.772825895900112,983.3208804700258,80.37427736989402,0.9793041162908543,0.0012009705973406492,0.0,0.0,0.0,0.008726234082772887,0.0,0.010768679029032191,0.0,0.0,0.0,0.0,0.0,0.0,0.7667148383608189,0.034078974789868856,0.0,0.0,0.0,0.06818313567071406,0.0,0.13102305117859817,0.0,0.0,0.0,0.0,0.0,0.0,6.038698995801987,1.1185444282138683,1.0,1.1619891608295472,0.0,0.0,0.0,1.491255787222722,0.0,1.9003773101438608,0.0,0.0,0.0,0.0,0.0,0.0,6.904600482390385,997.156902480031,62.751778068246196,309.1473760575555,24.136843090349437
260.0,37.029700971264134,0.9500000000000001,0.005733000000000001,0.0,0.0,0.0,0.016922000000000003,0.0,0.027345000000000005,0.0,0.0,0.0,0.0,0.0,0.0,305.24,89.08,0.8517887563884157,0.4156904015633603,51.100769815469164,25.772825895900112,979.552476004158,85.1680808933855,0.9739101548510952,0.0016914418253655408,0.0,0.0,0.0,0.010589078750704478,0.0,0.013809324572834788,0.0,0.0,0.0,0.0,0.0,0.0,0.724210314541594,0.04389846378288157,0.0,0.0,0.0,0.07672538922170533,0.0,0.15516583245381907,0.0,0.0,0.0,0.0,0.0,0.0,5.820057679159519,1.1399460428990922,1.0,1.152202310600916,0.0,0.0,0.0,1.474296793347351,0.0,1.8641993727282562,0.0,0.0,0.0,0.0,0.0,0.0,6.904600482390385,997.156902480031,62.751778068246196,309.1473760575555,24.136843090349437
260.0,39.84389474010514,0.9500000000000001,0.005733000000000001,0.0,0.0,0.0,0.016922000000000003,0.0,0.027345000000000005,0.0,0.0,0.0,0.0,0.0,0.0,305.24,89.08,0.8517887563884157,0.4472821591839374,51.100769815469164,25.772825895900112,975.8568135396598,89.85947600142603,0.9687036610546674,0.0022718886881079596,0.0,0.0,0.0,0.012232208379093999,0.0,0.016792241878130613,0.0,0.0,0.0,0.0,0.0,0.0,0.6878373935678592,0.05424617397301482,0.0,0.0,0.0,0.08265715160303427,0.0,0.1752592808560916,0.0,0.0,0.0,0.0,0.0,0.0,5.612354825865242,1.1612033410279998,1.0,1.1430328357519008,0.0,0.0,0.0,1.4583778631052386,0.0,1.8300383617333043,0.0,0.0,0.0,0.0,0.0,0.0,6.904600482390385,997.156902480031,62.751778068246196,309.1473760575555,24.136843090349437
260.0,42.65808850894615,0.9500000000000001,0.005733000000000001,0.0,0.0,0.0,0.016922000000000003,0.0,0.027345000000000005,0.0,0.0,0.0,0.0,0.0,0.0,305.24,89.08,0.8517887563884157,0.4788739168045145,51.100769815469164,25.772825895900112,972.2532571088799,94.41890944008271,0.9636980461422505,0.002955322635001237,0.0,0.0,0.0,0.013671393066122865,0.0,0.019675238156625332,0.0,0.0,0.0,0.0,0.0,0.0,0.656408499285047,0.0652672180646179,0.0,0.0,0.0,0.08659256162906323,0.0,0.19173172102127187,0.0,0.0,0.0,0.0,0.0,0.0,5.416058650119415,1.182180893429282,1.0,1.1344662065513285,0.0,0.0,0.0,1.4434741098484187,0.0,1.7978912667877893,0.0,0.0,0.0,0.0,0.0,0.0,6.904600482390385,997.156902480031,62.751778068246196,309.1473760575555,24.136843090349437
260.0,45.47228227778715,0.9500000000000001,0.005733000000000001,0.0,0.0,0.0,0.016922000000000003,0.0,0.027345000000000005,0.0,0.0,0.0,0.0,0.0,0.0,305.24,89.08,0.8517887563884157,0.5104656744250915,51.100769815469164,25.772825895900112,968.7608480431196,98.81701491674943,0.9589063231421943,0.003753952512421444,0.0,0.0,0.0,0.014922169074303283,0.0,0.022417555271081056,0.0,0.0,0.0,0.0,0.0,0.0,0.6290135238152065,0.07705844699963649,0.0,0.0,0.0,0.08899648815366205,0.0,0.20493154103149502,0.0,0.0,0.0,0.0,0.0,0.0,5.231533729918289,1.2027830704900033,1.0,1.1264927269718632,0.0,0.0,0.0,1.4296392379204144,0.0,1.767756473649759,0.0,0.0,0.0,0.0,0.0,0.0,6.904600482390385,997.156902480031,62.751778068246196,309.1473760575555,24.136843090349437
260.0,48.28647604662815,0.9500000000000001,0.005733000000000001,0.0,0.0,0.0,0.016922000000000003,0.0,0.027345000000000005,0.0,0.0,0.0,0.0,0.0,0.0,305.24,89.08,0.8517887563884157,0.5420574320456686,51.100769815469164,25.772825895900112,965.3963287863535,103.02770533608921,0.9543387777151368,0.004677727741545372,0.0,0.0,0.0,0.016000249769747142,0.0,0.024983244773570664,0.0,0.0,0.0,0.0,0.0,0.0,0.6049430017189003,0.08965734500650327,0.0,0.0,0.0,0.09022752254529001,0.0,0.2151721307293065,0.0,0.0,0.0,0.0,0.0,0.0,5.058960807805071,1.2228558597696655,1.0,1.1191021792899198,0.0,0.0,0.0,1.4168309250066955,0.0,1.7396334737214345,0.0,0.0,0.0,0.0,0.0,0.0,6.904600482390385,997.156902480031,62.751778068246196,309.1473760575555,24.136843090349437
260.0,51.10066981546916,0.9500000000000001,0.005733000000000001,0.0,0.0,0.0,0.016922000000000003,0.0,0.027345000000000005,0.0,0.0,0.0,0.0,0.0,0.0,305.24,89.08,0.8517887563884157,0.5736491896662457,51.100769815469164,25.772825895900112,962.1720263756613,107.03155177625912,0.9500005451362992,0.005732855219702741,0.0,0.0,0.0,0.016921890418633765,0.0,0.027344709225364333,0.0,0.0,0.0,0.0,0.0,0.0,0.5836364859375038,0.10303383751924178,0.0,0.0,0.0,0.09056709476188288,0.0,0.22276258178137154,0.0,0.0,0.0,0.0,0.0,0.0,4.89826723859403,1.2423155059285045,1.0,1.1122687180323558,0.0,0.0,0.0,1.4050621923028914,0.0,1.7134399633874189,0.0,0.0,0.0,0.0,0.0,0.0,6.904600482390385,997.156902480031,62.751778068246196,309.1473760575555,24.136843090349437
265.0,29.81195518903719,0.9500000000000001,0.005733000000000001,0.0,0.0,0.0,0.016922000000000003,0.0,0.027345000000000005,0.0,0.0,0.0,0.0,0.0,0.0,305.24,89.08,0.8681693093958852,0.3346649661993398,54.165614827247786,29.81185518903719,969.1158218739788,76.93103182852147,0.9958058158863914,0.00018915638795993615,0.0,0.0,0.0,0.0019478928895881556,0.0,0.002057134836060398,0.0,0.0,0.0,0.0,0.0,0.0,0.9499976223611252,0.005733287763853409,0.0,0.0,0.0,0.016922777259797534,0.0,0.027346312615223897,0.0,0.0,0.0,0.0,0.0,0.0,5.803588562907557,1.128662476369221,1.0,1.1585716190981004,0.0,0.0,0.0,1.4581397474574154,0.0,1.864464804951665,0.0,0.0,0.0,0.0,0.0,0.0,5.965713517749294,971.9615361731312,73.36204677770507,309.1473760575555,27.858919072164596
265.0,32.51790625994948,0.9500000000000001,0.005733000000000001,0.0,0.0,0.0,0.016922000000000003,0.0,0.027345000000000005,0.0,0.0,0.0,0.0,0.0,0.0,305.24,89.08,0.8681693093958852,0.3650416059715927,54.165614827247786,29.81185518903719,965.1796767754178,81.87014147321212,0.9901048670557937,0.0004910594192805399,0.0,0.0,0.0,0.004434019682384238,0.0,0.004970053842541529,0.0,0.0,0.0,0.0,0.0,0.0,0.8904230207573967,0.013520059479190254,0.0,0.0,0.0,0.03547326818222808,0.0,0.06058365158118498,0.0,0.0,0.0,0.0,0.0,0.0,5.585649881471361,1.150871305936618,1.0,1.148658535900012,0.0,0.0,0.0,1.4417117782157396,0.0,1.8292347302955803,0.0,0.0,0.0,0.0,0.0,0.0,5.965713517749294,971.9615361731312,73.36204677770507,309.1473760575555,27.858919072164596
265.0,35.22385733086176,0.9500000000000001,0.005733000000000001,0.0,0.0,0.0,0.016922000000000003,0.0,0.027345000000000005,0.0,0.0,0.0,0.0,0.0,0.0,305.24,89.08,0.8681693093958852,0.39541824574384554,54.165614827247786,29.81185518903719,961.2603999001458,86.78926975733906,0.9845359104869803,0.0008467481236173479,0.0,0.0,0.0,0.006684752231469283,0.0,0.007932589157933054,0.0,0.0,0.0,0.0,0.0,0.0,0.8399178107066004,0.02130778278135921,0.0,0.0,0.0,0.049552923314550364,0.0,0.08922148319748999,0.0,0.0,0.0,0.0,0.0,0.0,5.375698945614178,1.173310084273397,1.0,1.1393397990773075,0.0,0.0,0.0,1.4259867790611496,0.0,1.795659463038171,0.0,0.0,0.0,0.0,0.0,0.0,5.965713517749294,971.9615361731312,73.36204677770507,309.1473760575555,27.858919072164596
265.0,37.92980840177405,0.9500000000000001,0.005733000000000001,0.0,0.0,0.0,0.016922000000000003,0.0,0.027345000000000005,0.0,0.0,0.0,0.0,0.0,0.0,305.24,89.08,0.8681693093958852,0.4257948855160985,54.165614827247786,29.81185518903719,957.3701391005136,91.6707928028856,0.9791054359739229,0.0012656837265896913,0.0,0.0,0.0,0.008713146541112013,0.0,0.010915733758375427,0.0,0.0,0.0,0.0,0.0,0.0,0.7966522883060942,0.029269934081804967,0.0,0.0,0.0,0.06017195834726238,0.0,0.11390581926483842,0.0,0.0,0.0,0.0,0.0,0.0,5.174029512316333,1.195899608982625,1.0,1.1305686962071142,0.0,0.0,0.0,1.411014597180427,0.0,1.763673705724907,0.0,0.0,0.0,0.0,0.0,0.0,5.965713517749294,971.9615361731312,73.36204677770507,309.1473760575555,27.858919072164596
265.0,40.635759472686345,0.9500000000000001,0.005733000000000001,0.0,0.0,0.0,0.016922000000000003,0.0,0.027345000000000005,0.0,0.0,0.0,0.0,0.0,0.0,305.24,89.08,0.8681693093958852,0.4561715252883514,54.165614827247786,29.81185518903719,953.5231570609111,96.4938600077547,0.9738221289749788,0.001758529510576665,0.0,0.0,0.0,0.010532135913138263,0.0,0.013887205601306208,0.0,0.0,0.0,0.0,0.0,0.0,0.7592508040237677,0.03755748768894873,0.0,0.0,0.0,0.06808709268531317,0.0,0.1351046156019704,0.0,0.0,0.0,0.0,0.0,0.0,4.980986362256959,1.2185613563893207,1.0,1.1223146629582104,0.0,0.0,0.0,1.396793346756737,0.0,1.7332469239178183,0.0,0.0,0.0,0.0,0.0,0.0,5.965713517749294,971.9615361731312,73.36204677770507,309.1473760575555,27.858919072164596
265.0,43.34171054359863,0.9500000000000001,0.005733000000000001,0.0,0.0,0.0,0.016922000000000003,0.0,0.027345000000000005,0.0,0.0,0.0,0.0,0.0,0.0,305.24,89.08,0.8681693093958852,0.4865481650606043,54.165614827247786,29.81185518903719,949.7355521875622,101.23469624343078,0.9686966181334679,0.0023369020533722143,0.0,0.0,0.0,0.012154341778638496,0.0,0.016812138034521404,0.0,0.0,0.0,0.0,0.0,0.0,0.7266580923805184,0.04630135243934929,0.0,0.0,0.0,0.07387443248994345,0.0,0.1531661226901888,0.0,0.0,0.0,0.0,0.0,0.0,4.796940674087943,1.2412079140587848,1.0,1.1145525378060674,0.0,0.0,0.0,1.3833388427070532,0.0,1.70437454069231,0.0,0.0,0.0,0.0,0.0,0.0,5.965713517749294,971.9615361731312,73.36204677770507,309.1473760575555,27.858919072164596
265.0,46.047661614510915,0.9500000000000001,0.005733000000000001,0.0,0.0,0.0,0.016922000000000003,0.0,0.027345000000000005,0.0,0.0,0.0,0.0,0.0,0.0,305.24,89.08,0.8681693093958852,0.5169248048328572,54.165614827247786,29.81185518903719,946.0246330805313,105.86747360874494,0.9637407857187318,0.003012840507629923,0.0,0.0,0.0,0.013592079504278279,0.0,0.019654294269360037,0.0,0.0,0.0,0.0,0.0,0.0,0.6980499518817279,0.05560964672317379,0.0,0.0,0.0,0.07797918015698335,0.0,0.16836122123811503,0.0,0.0,0.0,0.0,0.0,0.0,4.622254366434131,1.2637291222346703,1.0,1.1072764328071165,0.0,0.0,0.0,1.3706909107528196,0.0,1.6770690817677418,0.0,0.0,0.0,0.0,0.0,0.0,5.965713517749294,971.9615361731312,73.36204677770507,309.1473760575555,27.858919072164596
265.0,48.75361268542321,0.9500000000000001,0.005733000000000001,0.0,0.0,0.0,0.016922000000000003,0.0,0.027345000000000005,0.0,0.0,0.0,0.0,0.0,0.0,305.24,89.08,0.8681693093958852,0.5473014446051101,54.165614827247786,29.81185518903719,942.4078545105095,110.36590888017801,0.9589665588955207,0.003797944617107515,0.0,0.0,0.0,0.014857552146570313,0.0,0.0223779443408015,0.0,0.0,0.0,0.0,0.0,0.0,0.6727722933518825,0.06556096436037098,0.0,0.0,0.0,0.08075051555091554,0.0,0.18091622673683103,0.0,0.0,0.0,0.0,0.0,0.0,4.457223254984708,1.2859871505487774,1.0,1.100479834196312,0.0,0.0,0.0,1.358836714643483,0.0,1.6513143869072981,0.0,0.0,0.0,0.0,0.0,0.0,5.965713517749294,971.9615361731312,73.36204677770507,309.1473760575555,27.858919072164596
265.0,51.4595637563355,0.9500000000000001,0.005733000000000001,0.0,0.0,0.0,0.016922000000000003,0.0,0.027345000000000005,0.0,0.0,0.0,0.0,0.0,0.0,305.24,89.08,0.8681693093958852,0.577678084377363,54.165614827247786,29.81185518903719,938.9013127537531,114.70555220772789,0.9543842207809303,0.004702227265890456,0.0,0.0,0.0,0.015963173116931982,0.0,0.02495037883624729,0.0,0.0,0.0,0.0,0.0,0.0,0.6502988526681571,0.0761956401103508,0.0,0.0,0.0,0.08246649041389888,0.0,0.19103901680759325,0.0,0.0,0.0,0.0,0.0,0.0,4.302035036900259,1.3078793689836907,1.0,1.0941463339151103,0.0,0.0,0.0,1.3477879350246265,0.0,1.6271031967030773,0.0,0.0,0.0,0.0,0.0,0.0,5.965713517749294,971.9615361731312,73.36204677770507,309.1473760575555,27.858919072164596
265.0,54.16551482724778,0.9500000000000001,0.005733000000000001,0.0,0.0,0.0,0.016922000000000003,0.0,0.027345000000000005,0.0,0.0,0.0,0.0,0.0,0.0,305.24,89.08,0.8681693093958852,0.6080547241496159,54.165614827247786,29.81185518903719,935.5180355149671,118.86648133324002,0.9500005390719422,0.005732862154891984,0.0,0.0,0.0,0.016921888021888407,0.0,0.027344710751277392,0.0,0.0,0.0,0.0,0.0,0.0,0.6302017018381161,0.08750804244117175,0.0,0.0,0.0,0.083351741031148,0.0,0.19893851468956406,0.0,0.0,0.0,0.0,0.0,0.0,4.156696092112571,1.3292782954797977,1.0,1.0882718474871929,0.0,0.0,0.0,1.3375429245697903,0.0,1.6044081070937986,0.0,0.0,0.0,0.0,0.0,0.0,5.965713517749294,971.9615361731312,73.36204677770507,309.1473760575555,27.858919072164596
270.0,34.32061826597611,0.9500000000000001,0.005733000000000001,0.0,0.0,0.0,0.016922000000000003,0.0,0.027345000000000005,0.0,0.0,0.0,0.0,0.0,0.0,305.24,89.08,0.8845498624033548,0.38527860648828144,57.58256023163266,34.320518265976105,941.3142110893788,90.14239649326035,0.9949584236112731,0.0002427603601516287,0.0,0.0,0.0,0.002297187344189965,0.0,0.0025016286843854187,0.0,0.0,0.0,0.0,0.0,0.0,0.9499980192999268,0.005733241879433989,0.0,0.0,0.0,0.016922644314572667,0.0,0.027346094506066478,0.0,0.0,0.0,0.0,0.0,0.0,4.883844524799852,1.2171412532693444,1.0,1.124831395019598,0.0,0.0,0.0,1.3768853527160743,0.0,1.722873853350887,0.0,0.0,0.0,0.0,0.0,0.0,5.0595372629690045,944.9186937925283,85.68956037822859,309.1473760575555,31.990969447409064
270.0,36.90526737327128,0.9500000000000001,0.005733000000000001,0.0,0.0,0.0,0.016922000000000003,0.0,0.027345000000000005,0.0,0.0,0.0,0.0,0.0,0.0,305.24,89.08,0.8845498624033548,0.41429352686653886,57.58256023163266,34.320518265976105,937.3152329003094,95.0854209436829,0.9894627815999676,0.0005546083933499923,0.0,0.0,0.0,0.004643959075254943,0.0,0.005338650931427404,0.0,0.0,0.0,0.0,0.0,0.0,0.901803689193974,0.012057424210117615,0.0,0.0,0.0,0.03191730069868676,0.0,0.0542215858972215,0.0,0.0,0.0,0.0,0.0,0.0,4.694988909307035,1.2407852311793377,1.0,1.1166730749854779,0.0,0.0,0.0,1.363322145091827,0.0,1.6937834592358307,0.0,0.0,0.0,0.0,0.0,0.0,5.0595372629690045,944.9186937925283,85.68956037822859,309.1473760575555,31.990969447409064
270.0,39.48991648056645,0.9500000000000001,0.005733000000000001,0.0,0.0,0.0,0.016922000000000003,0.0,0.027345000000000005,0.0,0.0,0.0,0.0,0.0,0.0,305.24,89.08,0.8845498624033548,0.44330844724479623,57.58256023163266,34.320518265976105,933.3248243622737,100.01942896000777,0.984074004413193,0.0009184647581356177,0.0,0.0,0.0,0.006787741647948181,0.0,0.008219789180723136,0.0,0.0,0.0,0.0,0.0,0.0,0.8599197241901707,0.01846102155050976,0.0,0.0,0.0,0.043713590926936344,0.0,0.07790566333238302,0.0,0.0,0.0,0.0,0.0,0.0,4.5126991802736125,1.2647702689742444,1.0,1.1089683104919101,0.0,0.0,0.0,1.3503188626748863,0.0,1.665930699147466,0.0,0.0,0.0,0.0,0.0,0.0,5.0595372629690045,944.9186937925283,85.68956037822859,309.1473760575555,31.990969447409064
270.0,42.07456558786163,0.9500000000000001,0.005733000000000001,0.0,0.0,0.0,0.016922000000000003,0.0,0.027345000000000005,0.0,0.0,0.0,0.0,0.0,0.0,305.24,89.08,0.8845498624033548,0.47232336762305377,57.58256023163266,34.320518265976105,929.3535591255835,104.92948812424932,0.9787978693756535,0.0013429160703336532,0.0,0.0,0.0,0.008738353651128657,0.0,0.011120860902884179,0.0,0.0,0.0,0.0,0.0,0.0,0.82325914459515,0.025053977718420935,0.0,0.0,0.0,0.052938634600878165,0.0,0.09874824308555091,0.0,0.0,0.0,0.0,0.0,0.0,4.337199484367561,1.289035552352503,1.0,1.1016933792231045,0.0,0.0,0.0,1.3378667809034506,0.0,1.6392701096078284,0.0,0.0,0.0,0.0,0.0,0.0,5.0595372629690045,944.9186937925283,85.68956037822859,309.1473760575555,31.990969447409064
270.0,44.6592146951568,0.9500000000000001,0.005733000000000001,0.0,0.0,0.0,0.016922000000000003,0.0,0.027345000000000005,0.0,0.0,0.0,0.0,0.0,0.0,305.24,89.08,0.8845498624033548,0.5013382880013112,57.58256023163266,34.320518265976105,925.4138056097568,109.79795320243086,0.9736418676631806,0.0018375896341332855,0.0,0.0,0.0,0.010505545525024102,0.0,0.01401499717766198,0.0,0.0,0.0,0.0,0.0,0.0,0.7909666992641775,0.03193651221951548,0.0,0.0,0.0,0.060083984861532436,0.0,0.11701280365477454,0.0,0.0,0.0,0.0,0.0,0.0,4.168744704329605,1.313511130094831,1.0,1.0948244487419458,0.0,0.0,0.0,1.3259809958438655,0.0,1.6137869500255015,0.0,0.0,0.0,0.0,0.0,0.0,5.0595372629690045,944.9186937925283,85.68956037822859,309.1473760575555,31.990969447409064
270.0,47.24386380245197,0.9500000000000001,0.005733000000000001,0.0,0.0,0.0,0.016922000000000003,0.0,0.027345000000000005,0.0,0.0,0.0,0.0,0.0,0.0,305.24,89.08,0.8845498624033548,0.5303532083795686,57.58256023163266,34.320518265976105,921.5195559741026,114.60464299033907,0.9686150499106234,0.0024129705665319593,0.0,0.0,0.0,0.012098876648843584,0.0,0.01687310287400103,0.0,0.0,0.0,0.0,0.0,0.0,0.7623593323862977,0.03919906871236809,0.0,0.0,0.0,0.06553933328352475,0.0,0.13290226561780946,0.0,0.0,0.0,0.0,0.0,0.0,4.007612176973872,1.3381116281035261,1.0,1.0883485785617815,0.0,0.0,0.0,1.314676948897735,0.0,1.5894794452726668,0.0,0.0,0.0,0.0,0.0,0.0,5.0595372629690045,944.9186937925283,85.68956037822859,309.1473760575555,31.990969447409064
270.0,49.82851290974715,0.9500000000000001,0.005733000000000001,0.0,0.0,0.0,0.016922000000000003,0.0,0.027345000000000005,0.0,0.0,0.0,0.0,0.0,0.0,305.24,89.08,0.8845498624033548,0.559368128757826,57.58256023163266,34.320518265976105,917.6860095899156,119.3274223832282,0.9637275827853524,0.003080013629232418,0.0,0.0,0.0,0.013527722318921295,0.0,0.019664681266493837,0.0,0.0,0.0,0.0,0.0,0.0,0.7368839857588294,0.04691970344333455,0.0,0.0,0.0,0.06961699677620665,0.0,0.14657931402162944,0.0,0.0,0.0,0.0,0.0,0.0,3.85406911071203,1.3627631555162765,1.0,1.0822642083180303,0.0,0.0,0.0,1.303974175091297,0.0,1.5663538873479916,0.0,0.0,0.0,0.0,0.0,0.0,5.0595372629690045,944.9186937925283,85.68956037822859,309.1473760575555,31.990969447409064
270.0,52.41316201704232,0.9500000000000001,0.005733000000000001,0.0,0.0,0.0,0.016922000000000003,0.0,0.027345000000000005,0.0,0.0,0.0,0.0,0.0,0.0,305.24,89.08,0.8845498624033548,0.5883830491360835,57.58256023163266,34.320518265976105,913.928832271153,123.94328753917819,0.9589899483319904,0.0038495088533262232,0.0,0.0,0.0,0.01480141254928145,0.0,0.022359130265401983,0.0,0.0,0.0,0.0,0.0,0.0,0.7140871714843895,0.055159282275144765,0.0,0.0,0.0,0.07257012667871716,0.0,0.15818341956174858,0.0,0.0,0.0,0.0,0.0,0.0,3.708349250498675,1.3873175225009355,1.0,1.0765610727479253,0.0,0.0,0.0,1.2938816830680957,0.0,1.5444132204411043,0.0,0.0,0.0,0.0,0.0,0.0,5.0595372629690045,944.9186937925283,85.68956037822859,309.1473760575555,31.990969447409064
270.0,54.99781112433749,0.9500000000000001,0.005733000000000001,0.0,0.0,0.0,0.016922000000000003,0.0,0.027345000000000005,0.0,0.0,0.0,0.0,0.0,0.0,305.24,89.08,0.8845498624033548,0.6173979695143409,57.58256023163266,34.320518265976105,910.2630631318532,128.42999535433597,0.9544117843256065,0.004731216809332846,0.0,0.0,0.0,0.015929472598880515,0.0,0.024927526266180246,0.0,0.0,0.0,0.0,0.0,0.0,0.6935929584067279,0.0639553076377443,0.0,0.0,0.0,0.07460637345049205,0.0,0.16784536050503582,0.0,0.0,0.0,0.0,0.0,0.0,3.5706105605657035,1.4116587272723777,1.0,1.0712326055373098,0.0,0.0,0.0,1.284400285747901,0.0,1.5236655971593862,0.0,0.0,0.0,0.0,0.0,0.0,5.0595372629690045,944.9186937925283,85.68956037822859,309.1473760575555,31.990969447409064
270.0,57.58246023163266,0.9500000000000001,0.005733000000000001,0.0,0.0,0.0,0.016922000000000003,0.0,0.027345000000000005,0.0,0.0,0.0,0.0,0.0,0.0,305.24,89.08,0.8845498624033548,0.6464128898925984,57.58256023163266,34.320518265976105,906.7018116504075,132.76807604222358,0.950000532708579,0.005732869042282676,0.0,0.0,0.0,0.016921885719931373,0.0,0.027344712529207078,0.0,0.0,0.0,0.0,0.0,0.0,0.6750869481049441,0.07331589084481445,0.0,0.0,0.0,0.07589811505462185,0.0,0.17569904599561964,0.0,0.0,0.0,0.0,0.0,0.0,3.440902311497318,1.4356964881185619,1.0,1.066269900054743,0.0,0.0,0.0,1.2755277904164972,0.0,1.5040983267705597,0.0,0.0,0.0,0.0,0.0,0.0,5.0595372629690045,944.9186937925283,85.68956037822859,309.1473760575555,31.990969447409064
275.0,39.34298222108915,0.9500000000000001,0.005733000000000001,0.0,0.0,0.0,0.016922000000000003,0.0,0.027345000000000005,0.0,0.0,0.0,0.0,0.0,0.0,305.24,89.08,0.9009304154108242,0.4416589831734301,61.36452966087982,39.34288222108915,911.012527194646,105.7345419645737,0.9939129047146936,0.00031376149464976735,0.0,0.0,0.0,0.002718503996893758,0.0,0.0030548297937628994,0.0,0.0,0.0,0.0,0.0,0.0,0.9499983546409313,0.005733203051774375,0.0,0.0,0.0,0.01692253218640643,0.0,0.027345910120887905,0.0,0.0,0.0,0.0,0.0,0.0,4.000646272967884,1.3253981220861235,1.0,1.0941077114172244,0.0,0.0,0.0,1.3032285718533487,0.0,1.5946342296811302,0.0,0.0,0.0,0.0,0.0,0.0,4.190078158655977,915.634270945085,100.11158075506907,309.1473760575555,36.56241610907443
275.0,41.789809714399226,0.9500000000000001,0.005733000000000001,0.0,0.0,0.0,0.016922000000000003,0.0,0.027345000000000005,0.0,0.0,0.0,0.0,0.0,0.0,305.24,89.08,0.9009304154108242,0.46912673680286515,61.36452966087982,39.34288222108915,906.9364866040087,110.6970789490669,0.9886411315216356,0.0006356523299810214,0.0,0.0,0.0,0.004919012414761791,0.0,0.005804203733621569,0.0,0.0,0.0,0.0,0.0,0.0,0.9114947977990269,0.010812416543815347,0.0,0.0,0.0,0.02888276423710808,0.0,0.04881002142004983,0.0,0.0,0.0,0.0,0.0,0.0,3.839491637133637,1.3511380884530484,1.0,1.0875167259767082,0.0,0.0,0.0,1.2921247476751012,0.0,1.5707512152572634,0.0,0.0,0.0,0.0,0.0,0.0,4.190078158655977,915.634270945085,100.11158075506907,309.1473760575555,36.56241610907443
275.0,44.2366372077093,0.9500000000000001,0.005733000000000001,0.0,0.0,0.0,0.016922000000000003,0.0,0.027345000000000005,0.0,0.0,0.0,0.0,0.0,0.0,305.24,89.08,0.9009304154108242,0.4965944904323002,61.36452966087982,39.34288222108915,902.8597642419235,115.66260886019015,0.9834523943400935,0.0010074494165470097,0.0,0.0,0.0,0.006947426050330719,0.0,0.008592730193028586,0.0,0.0,0.0,0.0,0.0,0.0,0.8773172939929769,0.016000301057334975,0.0,0.0,0.0,0.03859396220870251,0.0,0.06808844274098566,0.0,0.0,0.0,0.0,0.0,0.0,3.68367213799441,1.3773721088146444,1.0,1.0812738942088658,0.0,0.0,0.0,1.281425984769683,0.0,1.5477654693810368,0.0,0.0,0.0,0.0,0.0,0.0,4.190078158655977,915.634270945085,100.11158075506907,309.1473760575555,36.56241610907443
275.0,46.683464701019375,0.9500000000000001,0.005733000000000001,0.0,0.0,0.0,0.016922000000000003,0.0,0.027345000000000005,0.0,0.0,0.0,0.0,0.0,0.0,305.24,89.08,0.9009304154108242,0.5240622440617353,61.36452966087982,39.34288222108915,898.7913130476891,120.61882567440223,0.9783515533553985,0.0014368209367012386,0.0,0.0,0.0,0.008810909990116682,0.0,0.011400715717783599,0.0,0.0,0.0,0.0,0.0,0.0,0.8468364322051848,0.021365623528576252,0.0,0.0,0.0,0.046436043679907044,0.0,0.08536190058633186,0.0,0.0,0.0,0.0,0.0,0.0,3.533351257946113,1.4040443102826863,1.0,1.0753633864081384,0.0,0.0,0.0,1.2711408193464815,0.0,1.5256713261574193,0.0,0.0,0.0,0.0,0.0,0.0,4.190078158655977,915.634270945085,100.11158075506907,309.1473760575555,36.56241610907443
275.0,49.13029219432944,0.9500000000000001,0.005733000000000001,0.0,0.0,0.0,0.016922000000000003,0.0,0.027345000000000005,0.0,0.0,0.0,0.0,0.0,0.0,305.24,89.08,0.9009304154108242,0.5515299976911702,61.36452966087982,39.34288222108915,894.7415824242959,125.5511979416067,0.9733447660469337,0.0019323113931942212,0.0,0.0,0.0,0.010516589292231239,0.0,0.01420633326764088,0.0,0.0,0.0,0.0,0.0,0.0,0.8195367679902691,0.0269733122185743,0.0,0.0,0.0,0.05271891403225762,0.0,0.10077100575889905,0.0,0.0,0.0,0.0,0.0,0.0,3.3887097692047576,1.4311175604390636,1.0,1.0697738012273985,0.0,0.0,0.0,1.2612786336035129,0.0,1.5044537253916628,0.0,0.0,0.0,0.0,0.0,0.0,4.190078158655977,915.634270945085,100.11158075506907,309.1473760575555,36.56241610907443
275.0,51.577119687639524,0.9500000000000001,0.005733000000000001,0.0,0.0,0.0,0.016922000000000003,0.0,0.027345000000000005,0.0,0.0,0.0,0.0,0.0,0.0,305.24,89.08,0.9009304154108242,0.5789977513206054,61.36452966087982,39.34288222108915,890.7224273812348,130.4430550757486,0.9684394016598749,0.0025032121286755298,0.0,0.0,0.0,0.012071473135772491,0.0,0.016985913075677116,0.0,0.0,0.0,0.0,0.0,0.0,0.7949914517586507,0.03288381206517419,0.0,0.0,0.0,0.057697353848150446,0.0,0.11442738232802453,0.0,0.0,0.0,0.0,0.0,0.0,3.2499435621200345,1.4585038136972799,1.0,1.064496470893541,0.0,0.0,0.0,1.251849378481484,0.0,1.484114737454134,0.0,0.0,0.0,0.0,0.0,0.0,4.190078158655977,915.634270945085,100.11158075506907,309.1473760575555,36.56241610907443
275.0,54.02394718094959,0.9500000000000001,0.005733000000000001,0.0,0.0,0.0,0.016922000000000003,0.0,0.027345000000000005,0.0,0.0,0.0,0.0,0.0,0.0,305.24,89.08,0.9009304154108242,0.6064655049500404,61.36452966087982,39.34288222108915,886.7468466528767,135.27594929872467,0.9636437714689319,0.003159289990556138,0.0,0.0,0.0,0.013482462501261167,0.0,0.019714476039250788,0.0,0.0,0.0,0.0,0.0,0.0,0.7728432851668396,0.03915117995446025,0.0,0.0,0.0,0.06158246394939645,0.0,0.1264230709293037,0.0,0.0,0.0,0.0,0.0,0.0,3.1172413496982196,1.4861222755380978,1.0,1.0595274377913881,0.0,0.0,0.0,1.2428628640880386,0.0,1.4646605259548724,0.0,0.0,0.0,0.0,0.0,0.0,4.190078158655977,915.634270945085,100.11158075506907,309.1473760575555,36.56241610907443
275.0,56.470774674259665,0.9500000000000001,0.005733000000000001,0.0,0.0,0.0,0.016922000000000003,0.0,0.027345000000000005,0.0,0.0,0.0,0.0,0.0,0.0,305.24,89.08,0.9009304154108242,0.6339332585794754,61.36452966087982,39.34288222108915,882.8285041783084,140.03035022778877,0.9589666369609323,0.003910342044827662,0.0,0.0,0.0,0.014756442889093386,0.0,0.022366578105146667,0.0,0.0,0.0,0.0,0.0,0.0,0.7527903516851602,0.04582001767495328,0.0,0.0,0.0,0.06455064361614463,0.0,0.13683898702374198,0.0,0.0,0.0,0.0,0.0,0.0,2.990773050586969,1.5138784699769736,1.0,1.0548635227109453,0.0,0.0,0.0,1.2343279037501689,0.0,1.4460982785264096,0.0,0.0,0.0,0.0,0.0,0.0,4.190078158655977,915.634270945085,100.11158075506907,309.1473760575555,36.56241610907443
275.0,58.91760216756974,0.9500000000000001,0.005733000000000001,0.0,0.0,0.0,0.016922000000000003,0.0,0.027345000000000005,0.0,0.0,0.0,0.0,0.0,0.0,305.24,89.08,0.9009304154108242,0.6614010122089105,61.36452966087982,39.34288222108915,878.9809833862024,144.6867293267681,0.9544164676095652,0.00476557801049856,0.0,0.0,0.0,0.015900452656676018,0.0,0.024917501723260203,0.0,0.0,0.0,0.0,0.0,0.0,0.7345751831835136,0.05292155051064336,0.0,0.0,0.0,0.06675065691764964,0.0,0.14575260938819348,0.0,0.0,0.0,0.0,0.0,0.0,2.8706624201915356,1.5416526216684225,1.0,1.050499301940711,0.0,0.0,0.0,1.2262503042296342,0.0,1.4284323462890296,0.0,0.0,0.0,0.0,0.0,0.0,4.190078158655977,915.634270945085,100.11158075506907,309.1473760575555,36.56241610907443
275.0,61.364429660879814,0.9500000000000001,0.005733000000000001,0.0,0.0,0.0,0.016922000000000003,0.0,0.027345000000000005,0.0,0.0,0.0,0.0,0.0,0.0,305.24,89.08,0.9009304154108242,0.6888687658383454,61.36452966087982,39.34288222108915,875.2168432677431,149.22696944711575,0.9500005262974345,0.005732875841439535,0.0,0.0,0.0,0.01692188343876262,0.0,0.027344714422363362,0.0,0.0,0.0,0.0,0.0,0.0,0.7179765928868734,0.06046952412871061,0.0,0.0,0.0,0.06830916942572904,0.0,0.153244713558687,0.0,0.0,0.0,0.0,0.0,0.0,2.7569661185110608,1.5693329818984745,1.0,1.0464278105805127,0.0,0.0,0.0,1.2186313550908108,0.0,1.411662141408733,0.0,0.0,0.0,0.0,0.0,0.0,4.190078158655977,915.634270945085,100.11158075506907,309.1473760575555,36.56241610907443
280.0,44.93128322162807,0.9500000000000001,0.005733000000000001,0.0,0.0,0.0,0.016922000000000003,0.0,0.027345000000000005,0.0,0.0,0.0,0.0,0.0,0.0,305.24,89.08,0.9173109684182937,0.5043924923846888,65.52003210084595,44.93118322162807,877.5354399047112,124.37576964220308,0.9925974925458133,0.0004099639117345979,0.0,0.0,0.0,0.0032358873630558213,0.0,0.003756656179396452,0.0,0.0,0.0,0.0,0.0,0.0,0.9499986409954274,0.005733169822915658,0.0,0.0,0.0,0.01692243663343879,0.0,0.02734575254821811,0.0,0.0,0.0,0.0,0.0,0.0,3.1593686075390064,1.4624268290049791,1.0,1.066404284759647,0.0,0.0,0.0,1.2363722357204618,0.0,1.4779013077917043,0.0,0.0,0.0,0.0,0.0,0.0,3.3623632196797946,883.565911920707,117.15200417178997,309.1473760575555,41.604637885718795
280.0,47.2189108748745,0.9500000000000001,0.005733000000000001,0.0,0.0,0.0,0.016922000000000003,0.0,0.027345000000000005,0.0,0.0,0.0,0.0,0.0,0.0,305.24,89.08,0.9173109684182937,0.5300730901984115,65.52003210084595,44.93118322162807,873.3660347566474,129.37466373611483,0.9875769827493394,0.0007416690522250546,0.0,0.0,0.0,0.0052794990164586235,0.0,0.006401849181976905,0.0,0.0,0.0,0.0,0.0,0.0,0.9197818242477893,0.009746864466538696,0.0,0.0,0.0,0.02628451702971342,0.0,0.04418679425595845,0.0,0.0,0.0,0.0,0.0,0.0,3.024866252407311,1.4912500744806843,1.0,1.0612422898302816,0.0,0.0,0.0,1.2273770441994527,0.0,1.4584760921432285,0.0,0.0,0.0,0.0,0.0,0.0,3.3623632196797946,883.565911920707,117.15200417178997,309.1473760575555,41.604637885718795
280.0,49.506538528120934,0.9500000000000001,0.005733000000000001,0.0,0.0,0.0,0.016922000000000003,0.0,0.027345000000000005,0.0,0.0,0.0,0.0,0.0,0.0,305.24,89.08,0.9173109684182937,0.5557536880121344,65.52003210084595,44.93118322162807,869.1851558001799,134.3901059586745,0.9826166835761229,0.0011207218081787822,0.0,0.0,0.0,0.007180803230023337,0.0,0.009081791385675008,0.0,0.0,0.0,0.0,0.0,0.0,0.8924696614466622,0.013868282217101253,0.0,0.0,0.0,0.0341038310952279,0.0,0.059558225241008546,0.0,0.0,0.0,0.0,0.0,0.0,2.8946242146120036,1.5207701498618469,1.0,1.0563435772699945,0.0,0.0,0.0,1.218675926941717,0.0,1.4396979339005267,0.0,0.0,0.0,0.0,0.0,0.0,3.3623632196797946,883.565911920707,117.15200417178997,309.1473760575555,41.604637885718795
280.0,51.794166181367366,0.9500000000000001,0.005733000000000001,0.0,0.0,0.0,0.016922000000000003,0.0,0.027345000000000005,0.0,0.0,0.0,0.0,0.0,0.0,305.24,89.08,0.9173109684182937,0.5814342858258573,65.52003210084595,44.93118322162807,865.000018832174,139.41241937415552,0.9777203662392694,0.0015538187363803107,0.0,0.0,0.0,0.008944816348713141,0.0,0.011780998675637137,0.0,0.0,0.0,0.0,0.0,0.0,0.8677106587395291,0.01813911578587969,0.0,0.0,0.0,0.04060268235867199,0.0,0.07354754311591921,0.0,0.0,0.0,0.0,0.0,0.0,2.7687609648474516,1.5509704489424772,1.0,1.051704028996136,0.0,0.0,0.0,1.2102738093358678,0.0,1.4215622259906409,0.0,0.0,0.0,0.0,0.0,0.0,3.3623632196797946,883.565911920707,117.15200417178997,309.1473760575555,41.604637885718795
280.0,54.08179383461379,0.9500000000000001,0.005733000000000001,0.0,0.0,0.0,0.016922000000000003,0.0,0.027345000000000005,0.0,0.0,0.0,0.0,0.0,0.0,305.24,89.08,0.9173109684182937,0.6071148836395801,65.52003210084595,44.93118322162807,860.8190550004572,144.43018036345123,0.9728927411218794,0.0020483688538708135,0.0,0.0,0.0,0.01057652596171593,0.0,0.01448236406253383,0.0,0.0,0.0,0.0,0.0,0.0,0.8452066491156457,0.022599693355768693,0.0,0.0,0.0,0.0459689142109825,0.0,0.08622474331760312,0.0,0.0,0.0,0.0,0.0,0.0,2.647394659551559,1.5818092713135747,1.0,1.0473149581468415,0.0,0.0,0.0,1.2021786697076624,0.0,1.4040658481677157,0.0,0.0,0.0,0.0,0.0,0.0,3.3623632196797946,883.565911920707,117.15200417178997,309.1473760575555,41.604637885718795
280.0,56.36942148786022,0.9500000000000001,0.005733000000000001,0.0,0.0,0.0,0.016922000000000003,0.0,0.027345000000000005,0.0,0.0,0.0,0.0,0.0,0.0,305.24,89.08,0.9173109684182937,0.6327954814533029,65.52003210084595,44.93118322162807,856.6518674858934,149.4302255324615,0.9681394112136029,0.0026124075940171802,0.0,0.0,0.0,0.01208084949939364,0.0,0.0171673316929862,0.0,0.0,0.0,0.0,0.0,0.0,0.82470250838496,0.027288407516720965,0.0,0.0,0.0,0.05036211595051041,0.0,0.09764696814780872,0.0,0.0,0.0,0.0,0.0,0.0,2.5306551880978354,1.6132309707298311,1.0,1.0431741796559773,0.0,0.0,0.0,1.194400969742306,0.0,1.3872126536047773,0.0,0.0,0.0,0.0,0.0,0.0,3.3623632196797946,883.565911920707,117.15200417178997,309.1473760575555,41.604637885718795
280.0,58.657049141106654,0.9500000000000001,0.005733000000000001,0.0,0.0,0.0,0.016922000000000003,0.0,0.027345000000000005,0.0,0.0,0.0,0.0,0.0,0.0,305.24,89.08,0.9173109684182937,0.6584760792670258,65.52003210084595,44.93118322162807,852.5091003543205,154.39785287042312,0.9634667336451923,0.0032544175030622697,0.0,0.0,0.0,0.01346263776001447,0.0,0.019816211091730925,0.0,0.0,0.0,0.0,0.0,0.0,0.805978188273633,0.03224053710048118,0.0,0.0,0.0,0.05391861925060545,0.0,0.10786265537528018,0.0,0.0,0.0,0.0,0.0,0.0,2.418667657570849,1.645172296100648,1.0,1.0392783635900955,0.0,0.0,0.0,1.186941320503354,0.0,1.3710091353112634,0.0,0.0,0.0,0.0,0.0,0.0,3.3623632196797946,883.565911920707,117.15200417178997,309.1473760575555,41.604637885718795
280.0,60.944676794353086,0.9500000000000001,0.005733000000000001,0.0,0.0,0.0,0.016922000000000003,0.0,0.027345000000000005,0.0,0.0,0.0,0.0,0.0,0.0,305.24,89.08,0.9173109684182937,0.6841566770807486,65.52003210084595,44.93118322162807,848.4021408883945,159.31722853072884,0.9588815329864281,0.003983037699021216,0.0,0.0,0.0,0.014726735861132758,0.0,0.022408693453417953,0.0,0.0,0.0,0.0,0.0,0.0,0.788842385970464,0.03748649902976588,0.0,0.0,0.0,0.05675561108100007,0.0,0.11691550391877001,0.0,0.0,0.0,0.0,0.0,0.0,2.3115438029489774,1.6775554549182459,1.0,1.0356248080415533,0.0,0.0,0.0,1.1798097642783658,0.0,1.355462042797838,0.0,0.0,0.0,0.0,0.0,0.0,3.3623632196797946,883.565911920707,117.15200417178997,309.1473760575555,41.604637885718795
280.0,63.23230444759952,0.9500000000000001,0.005733000000000001,0.0,0.0,0.0,0.016922000000000003,0.0,0.027345000000000005,0.0,0.0,0.0,0.0,0.0,0.0,305.24,89.08,0.9173109684182937,0.7098372748944715,65.52003210084595,44.93118322162807,844.342667434763,164.17204838076742,0.9543906783987223,0.004806652743478593,0.0,0.0,0.0,0.01587808883878626,0.0,0.024924580019012883,0.0,0.0,0.0,0.0,0.0,0.0,0.773127571850527,0.04304962255614637,0.0,0.0,0.0,0.05897452243251108,0.0,0.12484828316081562,0.0,0.0,0.0,0.0,0.0,0.0,2.209368412010432,1.7102866723673997,1.0,1.0322104293831311,0.0,0.0,0.0,1.1730121389984691,0.0,1.340577141789039,0.0,0.0,0.0,0.0,0.0,0.0,3.3623632196797946,883.565911920707,117.15200417178997,309.1473760575555,41.604637885718795
280.0,65.51993210084595,0.9500000000000001,0.005733000000000001,0.0,0.0,0.0,0.016922000000000003,0.0,0.027345000000000005,0.0,0.0,0.0,0.0,0.0,0.0,305.24,89.08,0.9173109684182937,0.7355178727081944,65.52003210084595,44.93118322162807,840.3420180452326,168.94642295256443,0.9500005202404925,0.005732882496955486,0.0,0.0,0.0,0.01692188105278294,0.0,0.02734471620976904,0.0,0.0,0.0,0.0,0.0,0.0,0.7586860632006903,0.04894372725831527,0.0,0.0,0.0,0.06066380920921026,0.0,0.13170640033178407,0.0,0.0,0.0,0.0,0.0,0.0,2.1121933534200665,1.7432669829578487,1.0,1.0290312592378799,0.0,0.0,0.0,1.1665474028936549,0.0,1.326358258922207,0.0,0.0,0.0,0.0,0.0,0.0,3.3623632196797946,883.565911920707,117.15200417178997,309.1473760575555,41.604637885718795
285.0,51.15092171866605,0.9500000000000001,0.005733000000000001,0.0,0.0,0.0,0.016922000000000003,0.0,0.027345000000000005,0.0,0.0,0.0,0.0,0.0,0.0,305.24,89.08,0.9336915214257633,0.5742133107169516,70.04897113437892,51.150821718666045,839.8589855811313,147.08962155606488,0.9908955941218344,0.0005445997341023293,0.0,0.0,0.0,0.0038877743753813836,0.0,0.004672031768681972,0.0,0.0,0.0,0.0,0.0,0.0,0.9499988889114345,0.005733140963160766,0.0,0.0,0.0,0.016922354125654925,0.0,0.027345615999749828,0.0,0.0,0.0,0.0,0.0,0.0,2.367132964167679,1.6442188760037972,1.0,1.0419257806759092,0.0,0.0,0.0,1.1756601825767121,0.0,1.371045283386518,0.0,0.0,0.0,0.0,0.0,0.0,2.582885295960514,847.9303390434667,137.57437729315944,309.1473760575555,47.15145278245293
285.0,53.25069387596748,0.9500000000000001,0.005733000000000001,0.0,0.0,0.0,0.016922000000000003,0.0,0.027345000000000005,0.0,0.0,0.0,0.0,0.0,0.0,305.24,89.08,0.9336915214257633,0.5977850682079869,70.04897113437892,51.150821718666045,835.5775533678807,152.1425381622309,0.9861675849057447,0.0008852194596835733,0.0,0.0,0.0,0.005758306231428554,0.0,0.007188889403143137,0.0,0.0,0.0,0.0,0.0,0.0,0.926911351801275,0.008827724177234519,0.0,0.0,0.0,0.02404867430497696,0.0,0.04021224971651342,0.0,0.0,0.0,0.0,0.0,0.0,2.258563680666724,1.6777245311038314,1.0,1.0380930459812316,0.0,0.0,0.0,1.1685025942330989,0.0,1.3554951623070695,0.0,0.0,0.0,0.0,0.0,0.0,2.582885295960514,847.9303390434667,137.57437729315944,309.1473760575555,47.15145278245293
285.0,55.35046603326891,0.9500000000000001,0.005733000000000001,0.0,0.0,0.0,0.016922000000000003,0.0,0.027345000000000005,0.0,0.0,0.0,0.0,0.0,0.0,305.24,89.08,0.9336915214257633,0.6213568256990223,70.04897113437892,51.150821718666045,831.2713686187487,157.22786264152282,0.9814776941617979,0.001269973169629925,0.0,0.0,0.0,0.007515631567645184,0.0,0.009736701100927104,0.0,0.0,0.0,0.0,0.0,0.0,0.9057147252236134,0.012011934171652043,0.0,0.0,0.0,0.03015561261894191,0.0,0.05211772798579259,0.0,0.0,0.0,0.0,0.0,0.0,2.153317853628581,1.712252113502894,1.0,1.0344644403644365,0.0,0.0,0.0,1.1615566783236444,0.0,1.3403952848101448,0.0,0.0,0.0,0.0,0.0,0.0,2.582885295960514,847.9303390434667,137.57437729315944,309.1473760575555,47.15145278245293
285.0,57.45023819057034,0.9500000000000001,0.005733000000000001,0.0,0.0,0.0,0.016922000000000003,0.0,0.027345000000000005,0.0,0.0,0.0,0.0,0.0,0.0,305.24,89.08,0.9336915214257633,0.6449285831900577,70.04897113437892,51.150821718666045,826.945684001696,162.33869160680356,0.9768284589490754,0.0017045228450961738,0.0,0.0,0.0,0.009163062709532287,0.0,0.0123039554962962,0.0,0.0,0.0,0.0,0.0,0.0,0.8862233657718444,0.015309499138189879,0.0,0.0,0.0,0.03536655197790671,0.0,0.06310058311205907,0.0,0.0,0.0,0.0,0.0,0.0,2.051469495608729,1.7478138971484378,1.0,1.0310369634027754,0.0,0.0,0.0,1.154820390461293,0.0,1.325745426594058,0.0,0.0,0.0,0.0,0.0,0.0,2.582885295960514,847.9303390434667,137.57437729315944,309.1473760575555,47.15145278245293
285.0,59.55001034787176,0.9500000000000001,0.005733000000000001,0.0,0.0,0.0,0.016922000000000003,0.0,0.027345000000000005,0.0,0.0,0.0,0.0,0.0,0.0,305.24,89.08,0.9336915214257633,0.668500340681093,70.04897113437892,51.150821718666045,822.6066769269542,167.46681689460678,0.9722230376615438,0.00219508399474878,0.0,0.0,0.0,0.010703889043486096,0.0,0.014877989300221236,0.0,0.0,0.0,0.0,0.0,0.0,0.8682747228578915,0.018743695047104117,0.0,0.0,0.0,0.03978911875131547,0.0,0.07319246334368892,0.0,0.0,0.0,0.0,0.0,0.0,1.9530923305473267,1.7843863095294594,1.0,1.0278078772664396,0.0,0.0,0.0,1.1482998128669821,0.0,1.3115478581776847,0.0,0.0,0.0,0.0,0.0,0.0,2.582885295960514,847.9303390434667,137.57437729315944,309.1473760575555,47.15145278245293
285.0,61.64978250517319,0.9500000000000001,0.005733000000000001,0.0,0.0,0.0,0.016922000000000003,0.0,0.027345000000000005,0.0,0.0,0.0,0.0,0.0,0.0,305.24,89.08,0.9336915214257633,0.6920720981721283,70.04897113437892,51.150821718666045,818.2614542047089,172.602718188462,0.9676651983830684,0.00274837363395874,0.0,0.0,0.0,0.012141353817637715,0.0,0.017445074165335146,0.0,0.0,0.0,0.0,0.0,0.0,0.8517255846041689,0.022336969281138687,0.0,0.0,0.0,0.043517524069306236,0.0,0.08241992204538613,0.0,0.0,0.0,0.0,0.0,0.0,1.8582639791854276,1.8219631818218724,1.0,1.0247766293489342,0.0,0.0,0.0,1.1420024219456175,0.0,1.2978068215507919,0.0,0.0,0.0,0.0,0.0,0.0,2.582885295960514,847.9303390434667,137.57437729315944,309.1473760575555,47.15145278245293
285.0,63.74955466247462,0.9500000000000001,0.005733000000000001,0.0,0.0,0.0,0.016922000000000003,0.0,0.027345000000000005,0.0,0.0,0.0,0.0,0.0,0.0,305.24,89.08,0.9336915214257633,0.7156438556631637,70.04897113437892,51.150821718666045,813.9179868867076,177.73562598644887,0.9631592481240937,0.0033715045066003185,0.0,0.0,0.0,0.013478658980042836,0.0,0.019990588389263066,0.0,0.0,0.0,0.0,0.0,0.0,0.8364489332424679,0.026110329304071072,0.0,0.0,0.0,0.04663456733963522,0.0,0.09080617011382582,0.0,0.0,0.0,0.0,0.0,0.0,1.7670600536369576,1.860518254414157,1.0,1.021941446814791,0.0,0.0,0.0,1.1359296827438647,0.0,1.284527827928722,0.0,0.0,0.0,0.0,0.0,0.0,2.582885295960514,847.9303390434667,137.57437729315944,309.1473760575555,47.15145278245293
285.0,65.84932681977605,0.9500000000000001,0.005733000000000001,0.0,0.0,0.0,0.016922000000000003,0.0,0.027345000000000005,0.0,0.0,0.0,0.0,0.0,0.0,305.24,89.08,0.9336915214257633,0.739215613154199,70.04897113437892,51.150821718666045,809.5849699854325,182.85373953753276,0.9587098987931943,0.004071813000043664,0.0,0.0,0.0,0.014718997031405006,0.0,0.022499291175356935,0.0,0.0,0.0,0.0,0.0,0.0,0.8223314435173251,0.030082461614631347,0.0,0.0,0.0,0.04921332916530932,0.0,0.09837276570273426,0.0,0.0,0.0,0.0,0.0,0.0,1.6795474133830994,1.899998125628238,1.0,1.0193021055080935,0.0,0.0,0.0,1.130085790535834,0.0,1.2717177392994967,0.0,0.0,0.0,0.0,0.0,0.0,2.582885295960514,847.9303390434667,137.57437729315944,309.1473760575555,47.15145278245293
285.0,67.94909897707748,0.9500000000000001,0.005733000000000001,0.0,0.0,0.0,0.016922000000000003,0.0,0.027345000000000005,0.0,0.0,0.0,0.0,0.0,0.0,305.24,89.08,0.9336915214257633,0.7627873706452345,70.04897113437892,51.150821718666045,805.2715767589926,187.94456784875499,0.9543220526668229,0.0048566144119812195,0.0,0.0,0.0,0.01586561152511004,0.0,0.024955721396085807,0.0,0.0,0.0,0.0,0.0,0.0,0.8092713755945953,0.0342686398355192,0.0,0.0,0.0,0.051318641681432416,0.0,0.1051413428884531,0.0,0.0,0.0,0.0,0.0,0.0,1.5957775576741353,1.940347861641486,1.0,1.0168570414873097,0.0,0.0,0.0,1.1244761482683021,0.0,1.2593808196683771,0.0,0.0,0.0,0.0,0.0,0.0,2.582885295960514,847.9303390434667,137.57437729315944,309.1473760575555,47.15145278245293
285.0,70.04887113437891,0.9500000000000001,0.005733000000000001,0.0,0.0,0.0,0.016922000000000003,0.0,0.027345000000000005,0.0,0.0,0.0,0.0,0.0,0.0,305.24,89.08,0.9336915214257633,0.7863591281362698,70.04897113437892,51.150821718666045,800.9871134260418,192.99542795907234,0.9500005152253981,0.005732888924737017,0.0,0.0,0.0,0.016921878339099947,0.0,0.027344717510764838,0.0,0.0,0.0,0.0,0.0,0.0,0.7971768815622003,0.038679489302823576,0.0,0.0,0.0,0.05300833852863542,0.0,0.11113529060634063,0.0,0.0,0.0,0.0,0.0,0.0,1.5157827999924778,1.9815122261617193,1.0,1.01460366691725,0.0,0.0,0.0,1.1191025296790238,0.0,1.247523912411498,0.0,0.0,0.0,0.0,0.0,0.0,2.582885295960514,847.9303390434667,137.57437729315944,309.1473760575555,47.15145278245293
290.0,58.09102203646776,0.9500000000000001,0.005733000000000001,0.0,0.0,0.0,0.016922000000000003,0.0,0.027345000000000005,0.0,0.0,0.0,0.0,0.0,0.0,305.24,89.08,0.9500720744332328,0.6521219357484033,74.93318482621692,58.09092203646776,796.2880449468606,175.5865204105266,0.98859883995876,0.0007423986552042102,0.0,0.0,0.0,0.004741635876184344,0.0,0.005917125509851372,0.0,0.0,0.0,0.0,0.0,0.0,0.9499991079639013,0.005733115334983083,0.0,0.0,0.0,0.016922281493550198,0.0,0.027345495207565396,0.0,0.0,0.0,0.0,0.0,0.0,1.6338650545812645,1.9028844289836742,1.0,1.0212425622930266,0.0,0.0,0.0,1.120597904871729,0.0,1.2725585643398052,0.0,0.0,0.0,0.0,0.0,0.0,1.860362653420085,807.5195142910154,162.56670985963757,309.1473760575555,53.23978678261965
290.0,59.96236234643989,0.9500000000000001,0.005733000000000001,0.0,0.0,0.0,0.016922000000000003,0.0,0.027345000000000005,0.0,0.0,0.0,0.0,0.0,0.0,305.24,89.08,0.9500720744332328,0.6731293482986067,74.93318482621692,58.09092203646776,791.8740689821793,180.70962411164686,0.9842286346903036,0.0010895534373883996,0.0,0.0,0.0,0.006413727638812579,0.0,0.008268084233495393,0.0,0.0,0.0,0.0,0.0,0.0,0.9331028734353458,0.008025259243600006,0.0,0.0,0.0,0.022109458093767912,0.0,0.03676240922728621,0.0,0.0,0.0,0.0,0.0,0.0,1.5508652448459865,1.944006220468642,1.0,1.0186962629474812,0.0,0.0,0.0,1.1150925449184106,0.0,1.260447054289096,0.0,0.0,0.0,0.0,0.0,0.0,1.860362653420085,807.5195142910154,162.56670985963757,309.1473760575555,53.23978678261965
290.0,61.833702656412015,0.9500000000000001,0.005733000000000001,0.0,0.0,0.0,0.016922000000000003,0.0,0.027345000000000005,0.0,0.0,0.0,0.0,0.0,0.0,305.24,89.08,0.9500720744332328,0.6941367608488103,74.93318482621692,58.09092203646776,787.4178848317536,185.88467135198584,0.9798749740945707,0.0014766505075794673,0.0,0.0,0.0,0.00800149405681196,0.0,0.010646881341038009,0.0,0.0,0.0,0.0,0.0,0.0,0.9173782194778892,0.01038069269849758,0.0,0.0,0.0,0.026662687510010292,0.0,0.04557840031360284,0.0,0.0,0.0,0.0,0.0,0.0,1.4703585819652703,1.9867154556502193,1.0,1.016310627635284,0.0,0.0,0.0,1.1097284289986675,0.0,1.2486355139671024,0.0,0.0,0.0,0.0,0.0,0.0,1.860362653420085,807.5195142910154,162.56670985963757,309.1473760575555,53.23978678261965
290.0,63.70504296638415,0.9500000000000001,0.005733000000000001,0.0,0.0,0.0,0.016922000000000003,0.0,0.027345000000000005,0.0,0.0,0.0,0.0,0.0,0.0,305.24,89.08,0.9500720744332328,0.7151441733990138,74.93318482621692,58.09092203646776,782.9223193424524,191.1078736951792,0.9755390169143506,0.0019082449996094444,0.0,0.0,0.0,0.009506955381896352,0.0,0.013045782704143704,0.0,0.0,0.0,0.0,0.0,0.0,0.9027359011998429,0.012811330337894772,0.0,0.0,0.0,0.03064474440370871,0.0,0.05380802405855381,0.0,0.0,0.0,0.0,0.0,0.0,1.3923867389870943,2.031055737441642,1.0,1.01408640339805,0.0,0.0,0.0,1.1045075652944427,0.0,1.2371260603605556,0.0,0.0,0.0,0.0,0.0,0.0,1.860362653420085,807.5195142910154,162.56670985963757,309.1473760575555,53.23978678261965
290.0,65.57638327635627,0.9500000000000001,0.005733000000000001,0.0,0.0,0.0,0.016922000000000003,0.0,0.027345000000000005,0.0,0.0,0.0,0.0,0.0,0.0,305.24,89.08,0.9500720744332328,0.7361515859492173,74.93318482621692,58.09092203646776,778.390811922933,196.3746272026882,0.971222266785819,0.0023892969789334213,0.0,0.0,0.0,0.010932112161505978,0.0,0.015456324073741624,0.0,0.0,0.0,0.0,0.0,0.0,0.8890955992668238,0.015328875444551963,0.0,0.0,0.0,0.03411198884257692,0.0,0.061463536446047386,0.0,0.0,0.0,0.0,0.0,0.0,1.316993771514134,2.0770900126060226,1.0,1.0120237746228034,0.0,0.0,0.0,1.099432873889537,0.0,1.2259203804508843,0.0,0.0,0.0,0.0,0.0,0.0,1.860362653420085,807.5195142910154,162.56670985963757,309.1473760575555,53.23978678261965
290.0,67.44772358632841,0.9500000000000001,0.005733000000000001,0.0,0.0,0.0,0.016922000000000003,0.0,0.027345000000000005,0.0,0.0,0.0,0.0,0.0,0.0,305.24,89.08,0.9500720744332328,0.7571589984994208,74.93318482621692,58.09092203646776,773.8274036887686,201.67943166742864,0.9669265561373861,0.002925148126347437,0.0,0.0,0.0,0.01227893953777667,0.0,0.017869356198489693,0.0,0.0,0.0,0.0,0.0,0.0,0.8763845933785586,0.017944648709518795,0.0,0.0,0.0,0.0371151675362812,0.0,0.06855559037564142,0.0,0.0,0.0,0.0,0.0,0.0,1.2442204118735234,2.124861433185923,1.0,1.0101238495684346,0.0,0.0,0.0,1.0945063988281534,0.0,1.2150247831377103,0.0,0.0,0.0,0.0,0.0,0.0,1.860362653420085,807.5195142910154,162.56670985963757,309.1473760575555,53.23978678261965
290.0,69.31906389630053,0.9500000000000001,0.005733000000000001,0.0,0.0,0.0,0.016922000000000003,0.0,0.027345000000000005,0.0,0.0,0.0,0.0,0.0,0.0,305.24,89.08,0.9500720744332328,0.7781664110496244,74.93318482621692,58.09092203646776,769.2367529649348,207.0159602708464,0.9626540355647634,0.0035214697190683133,0.0,0.0,0.0,0.01354938420409595,0.0,0.020275110512072324,0.0,0.0,0.0,0.0,0.0,0.0,0.8645368283629608,0.02066929372325127,0.0,0.0,0.0,0.03970006484389518,0.0,0.07509381306989263,0.0,0.0,0.0,0.0,0.0,0.0,1.174105155189509,2.1744261914892964,1.0,1.008387782363829,0.0,0.0,0.0,1.0897310499591237,0.0,1.2044411175156369,0.0,0.0,0.0,0.0,0.0,0.0,1.860362653420085,807.5195142910154,162.56670985963757,309.1473760575555,53.23978678261965
290.0,71.19040420627266,0.9500000000000001,0.005733000000000001,0.0,0.0,0.0,0.016922000000000003,0.0,0.027345000000000005,0.0,0.0,0.0,0.0,0.0,0.0,305.24,89.08,0.9500720744332328,0.7991738235998278,74.93318482621692,58.09092203646776,764.6240841977807,212.3770977667278,0.9584071205449385,0.004184178396841723,0.0,0.0,0.0,0.01474537946306275,0.0,0.022663321595156986,0.0,0.0,0.0,0.0,0.0,0.0,0.8534919491664784,0.023512423193788403,0.0,0.0,0.0,0.04190812982901658,0.0,0.08108749781071653,0.0,0.0,0.0,0.0,0.0,0.0,1.1066831018481411,2.225803594935247,1.0,1.0068160680712201,0.0,0.0,0.0,1.0851099122773387,0.0,1.1941755106657803,0.0,0.0,0.0,0.0,0.0,0.0,1.860362653420085,807.5195142910154,162.56670985963757,309.1473760575555,53.23978678261965
290.0,73.06174451624479,0.9500000000000001,0.005733000000000001,0.0,0.0,0.0,0.016922000000000003,0.0,0.027345000000000005,0.0,0.0,0.0,0.0,0.0,0.0,305.24,89.08,0.9500720744332328,0.8201812361500312,74.93318482621692,58.09092203646776,759.9950742118339,217.75509729012512,0.9541883991933582,0.00491931670426561,0.0,0.0,0.0,0.015868874762054338,0.0,0.025023409340322014,0.0,0.0,0.0,0.0,0.0,0.0,0.8431945645524477,0.026482168048529375,0.0,0.0,0.0,0.043777009378753465,0.0,0.0865462580202694,0.0,0.0,0.0,0.0,0.0,0.0,1.04198014490837,2.2790373362829963,1.0,1.0054095746173626,0.0,0.0,0.0,1.0806452643291562,0.0,1.1842318784947172,0.0,0.0,0.0,0.0,0.0,0.0,1.860362653420085,807.5195142910154,162.56670985963757,309.1473760575555,53.23978678261965
290.0,74.93308482621691,0.9500000000000001,0.005733000000000001,0.0,0.0,0.0,0.016922000000000003,0.0,0.027345000000000005,0.0,0.0,0.0,0.0,0.0,0.0,305.24,89.08,0.9500720744332328,0.8411886487002348,74.93318482621692,58.09092203646776,755.3556981868512,223.14178647647904,0.9500005125275485,0.005732894983109378,0.0,0.0,0.0,0.016921874873420423,0.0,0.027344717615921752,0.0,0.0,0.0,0.0,0.0,0.0,0.8335935797563766,0.02958467458681201,0.0,0.0,0.0,0.04534103279182745,0.0,0.09148071286498397,0.0,0.0,0.0,0.0,0.0,0.0,0.9800166876022529,2.3341367272617,1.0,1.0041682633447981,0.0,0.0,0.0,1.0763385417291493,0.0,1.1746139904516824,0.0,0.0,0.0,0.0,0.0,0.0,1.860362653420085,807.5195142910154,162.56670985963757,309.1473760575555,53.23978678261965
295.0,65.89157243959559,0.9500000000000001,0.005733000000000001,0.0,0.0,0.0,0.016922000000000003,0.0,0.027345000000000005,0.0,0.0,0.0,0.0,0.0,0.0,305.24,89.08,0.9664526274407024,0.7396898567534306,80.11082056017496,65.89147243959559,743.5998603048629,213.14396376659272,0.9852752670396383,0.0010571531110942468,0.0,0.0,0.0,0.005934526761309972,0.0,0.00773305308795748,0.0,0.0,0.0,0.0,0.0,0.0,0.9499993088003742,0.00573309162067055,0.0,0.0,0.0,0.01692221529354782,0.0,0.02734538428540745,0.0,0.0,0.0,0.0,0.0,0.0,0.9745123252499308,2.316181831580179,1.0,1.0058263737930007,0.0,0.0,0.0,1.0709863022951778,0.0,1.1809041245426148,0.0,0.0,0.0,0.0,0.0,0.0,1.2071686157923929,760.2827242144353,194.1617501019287,309.1473760575555,59.91062746672101
295.0,67.47147778632663,0.9500000000000001,0.005733000000000001,0.0,0.0,0.0,0.016922000000000003,0.0,0.027345000000000005,0.0,0.0,0.0,0.0,0.0,0.0,305.24,89.08,0.9664526274407024,0.7574256599273308,80.11082056017496,65.89147243959559,739.0355241934274,218.34220438608995,0.9813769990462125,0.0014047308788170164,0.0,0.0,0.0,0.0073651389662379866,0.0,0.009853131108732316,0.0,0.0,0.0,0.0,0.0,0.0,0.9385698700273775,0.007309717981816733,0.0,0.0,0.0,0.020403408900363795,0.0,0.033717003090441955,0.0,0.0,0.0,0.0,0.0,0.0,0.9171274798203839,2.3712829523190537,1.0,1.0046004679071205,0.0,0.0,0.0,1.0670335807359714,0.0,1.1719634567403443,0.0,0.0,0.0,0.0,0.0,0.0,1.2071686157923929,760.2827242144353,194.1617501019287,309.1473760575555,59.91062746672101
295.0,69.05138313305767,0.9500000000000001,0.005733000000000001,0.0,0.0,0.0,0.016922000000000003,0.0,0.027345000000000005,0.0,0.0,0.0,0.0,0.0,0.0,305.24,89.08,0.9664526274407024,0.7751614631012311,80.11082056017496,65.89147243959559,734.4037563861159,223.61853159430913,0.9774741603967008,0.001786490024610123,0.0,0.0,0.0,0.008740651860085068,0.0,0.01199869771860403,0.0,0.0,0.0,0.0,0.0,0.0,0.9278044336823642,0.008921269363546973,0.0,0.0,0.0,0.023531470592919483,0.0,0.039742826361169194,0.0,0.0,0.0,0.0,0.0,0.0,,,,,0.0,0.0,0.0,,0.0,,0.0,0.0,0.0,0.0,0.0,0.0,1.2071686157923929,760.2827242144353,194.1617501019287,309.1473760575555,59.91062746672101
295.0,70.63128847978871,0.9500000000000001,0.005733000000000001,0.0,0.0,0.0,0.016922000000000003,0.0,0.027345000000000005,0.0,0.0,0.0,0.0,0.0,0.0,305.24,89.08,0.9664526274407024,0.7928972662751315,80.11082056017496,65.89147243959559,729.7039268314472,228.97317796054597,0.9735663639025578,0.002205801236764279,0.0,0.0,0.0,0.010062205483464292,0.0,0.014165629377213697,0.0,0.0,0.0,0.0,0.0,0.0,0.9176675868373192,0.01057222119642125,0.0,0.0,0.0,0.02633345233251926,0.0,0.04542673963374027,0.0,0.0,0.0,0.0,0.0,0.0,0.8076189809658626,2.4897989470010407,1.0,1.002559603898247,0.0,0.0,0.0,1.0594014576158242,0.0,1.154629925039671,0.0,0.0,0.0,0.0,0.0,0.0,1.2071686157923929,760.2827242144353,194.1617501019287,309.1473760575555,59.91062746672101
295.0,72.21119382651975,0.9500000000000001,0.005733000000000001,0.0,0.0,0.0,0.016922000000000003,0.0,0.027345000000000005,0.0,0.0,0.0,0.0,0.0,0.0,305.24,89.08,0.9664526274407024,0.8106330694490318,80.11082056017496,65.89147243959559,724.9355505076757,234.40610448994164,0.9696532909927879,0.0026663122951977735,0.0,0.0,0.0,0.011330936690449293,0.0,0.016349460021565076,0.0,0.0,0.0,0.0,0.0,0.0,0.908126712416731,0.012266882607161408,0.0,0.0,0.0,0.028834315445947115,0.0,0.050772089530160394,0.0,0.0,0.0,0.0,0.0,0.0,,,,,0.0,0.0,0.0,,0.0,,0.0,0.0,0.0,0.0,0.0,0.0,1.2071686157923929,760.2827242144353,194.1617501019287,309.1473760575555,59.91062746672101
295.0,73.7910991732508,0.9500000000000001,0.005733000000000001,0.0,0.0,0.0,0.016922000000000003,0.0,0.027345000000000005,0.0,0.0,0.0,0.0,0.0,0.0,305.24,89.08,0.9664526274407024,0.8283688726229322,80.11082056017496,65.89147243959559,720.0982666371232,239.91702596867077,0.9657346774855345,0.0031719469071540872,0.0,0.0,0.0,0.012547978155161708,0.0,0.018545397452149805,0.0,0.0,0.0,0.0,0.0,0.0,0.8991517272601395,0.014009313657271587,0.0,0.0,0.0,0.03105711372831873,0.0,0.0557818453542701,0.0,0.0,0.0,0.0,0.0,0.0,,,,,0.0,0.0,0.0,,0.0,,0.0,0.0,0.0,0.0,0.0,0.0,1.2071686157923929,760.2827242144353,194.1617501019287,309.1473760575555,59.91062746672101
295.0,75.37100451998184,0.9500000000000001,0.005733000000000001,0.0,0.0,0.0,0.016922000000000003,0.0,0.027345000000000005,0.0,0.0,0.0,0.0,0.0,0.0,305.24,89.08,0.9664526274407024,0.8461046757968325,80.11082056017496,65.89147243959559,715.1918413933732,245.50540919141892,0.9618103051431612,0.0037268928046936605,0.0,0.0,0.0,0.01371445728993646,0.0,0.020748344762208677,0.0,0.0,0.0,0.0,0.0,0.0,0.8907147957612146,0.01580322878384318,0.0,0.0,0.0,0.03302317794296422,0.0,0.06045879751197791,0.0,0.0,0.0,0.0,0.0,0.0,,,,,0.0,0.0,0.0,,0.0,,0.0,0.0,0.0,0.0,0.0,0.0,1.2071686157923929,760.2827242144353,194.1617501019287,309.1473760575555,59.91062746672101
295.0,76.95090986671288,0.9500000000000001,0.005733000000000001,0.0,0.0,0.0,0.016922000000000003,0.0,0.027345000000000005,0.0,0.0,0.0,0.0,0.0,0.0,305.24,89.08,0.9664526274407024,0.8638404789707328,80.11082056017496,65.89147243959559,710.2161397275569,251.17050388099395,0.957879977817356,0.004335579921065893,0.0,0.0,0.0,0.014831501469912054,0.0,0.0229529407916661,0.0,0.0,0.0,0.0,0.0,0.0,0.8827900897885252,0.017651875942265947,0.0,0.0,0.0,0.03475228096791962,0.0,0.06480575330128911,0.0,0.0,0.0,0.0,0.0,0.0,,,,,0.0,0.0,0.0,,0.0,,0.0,0.0,0.0,0.0,0.0,0.0,1.2071686157923929,760.2827242144353,194.1617501019287,309.1473760575555,59.91062746672101
295.0,78.53081521344392,0.9500000000000001,0.005733000000000001,0.0,0.0,0.0,0.016922000000000003,0.0,0.027345000000000005,0.0,0.0,0.0,0.0,0.0,0.0,305.24,89.08,0.9664526274407024,0.8815762821446331,80.11082056017496,65.89147243959559,705.1710527879819,256.91142394159704,0.9539434778013319,0.005002647954003524,0.0,0.0,0.0,0.01590025012660504,0.0,0.025153624118059492,0.0,0.0,0.0,0.0,0.0,0.0,0.8753536010057794,0.019557890864932547,0.0,0.0,0.0,0.03626278307629213,0.0,0.06882572505299588,0.0,0.0,0.0,0.0,0.0,0.0,,,,,0.0,0.0,0.0,,0.0,,0.0,0.0,0.0,0.0,0.0,0.0,1.2071686157923929,760.2827242144353,194.1617501019287,309.1473760575555,59.91062746672101
295.0,80.11072056017495,0.9500000000000001,0.005733000000000001,0.0,0.0,0.0,0.016922000000000003,0.0,0.027345000000000005,0.0,0.0,0.0,0.0,0.0,0.0,305.24,89.08,0.9664526274407024,0.8993120853185333,80.11082056017496,65.89147243959559,700.0564231358895,262.7272289045288,0.9500005179017417,0.005732899803527959,0.0,0.0,0.0,0.016921868966677567,0.0,0.02734471332805281,0.0,0.0,0.0,0.0,0.0,0.0,0.8683829457579866,0.021523139780240244,0.0,0.0,0.0,0.037571773739286114,0.0,0.0725221407224871,0.0,0.0,0.0,0.0,0.0,0.0,,,,,0.0,0.0,0.0,,0.0,,0.0,0.0,0.0,0.0,0.0,0.0,1.2071686157923929,760.2827242144353,194.1617501019287,309.1473760575555,59.91062746672101
