idx,actual,predicted,split
10623,59.89579766367838,59.787968,train
13579,71.34845173855356,71.52261,train
12028,134.13491032325388,133.94725,train
14661,38.72775337298162,38.66499,train
13704,74.34851013209767,74.06267,train
11622,75.02114224725477,74.524895,train
14004,16.774054817925467,16.742191,train
10127,99.25129745411776,99.25194,train
14279,39.410668208964985,38.855053,train
3774,39.53055859179817,39.18309,train
9103,88.48216304859169,88.29965,train
18085,24.63527893831387,24.870863,train
3247,29.77075417333722,29.736755,train
6699,35.46372651810452,35.339893,train
4994,29.125965987027584,29.158512,train
4610,33.39074910958052,33.369724,train
11434,78.77344906209804,79.3248,train
18675,12.027122960554882,12.783035,train
4854,72.52135855398946,72.788284,train
2932,18.448270263304188,18.559721,train
6844,62.82498618409738,62.70101,train
18470,115.23290406090766,115.47297,train
10091,126.44708143304572,126.459885,train
9678,82.46105591073825,82.382996,train
1786,12.885025212225244,12.800112,train
2602,79.88545352007553,79.181435,train
10787,49.09810003248252,49.081844,train
19329,54.316367961579786,53.71496,train
587,97.47338258073955,97.55659,train
14728,67.18811819694378,66.701775,train
5634,152.8177784761153,152.7997,train
707,21.824079935423136,21.875692,train
9384,82.51266906756706,82.28679,train
17131,127.03771421016312,127.11506,train
15937,4.22054923341766,4.2420034,train
3017,35.87508543765299,35.824696,train
15683,43.749455725793766,43.75151,train
12957,66.87499746459498,67.13344,train
4855,2.606366123918593,2.6254888,train
5122,77.79019270718656,78.00607,train
1804,14.865809293936342,14.78712,train
4320,154.98431615588598,155.1975,train
4844,67.18811819694348,67.280075,train
6899,58.30263960140757,58.46987,train
13539,51.76031579593137,51.743427,train
19027,9.244705548457503,8.876691,train
12867,60.81262844049596,60.730488,train
9808,23.676009316847548,24.247332,train
9677,82.46105591073825,82.36915,train
2079,42.55205181960314,42.579193,train
11772,72.34090204261534,72.0672,train
19390,75.03655084716752,74.559204,train
10431,66.59566485208973,67.10539,train
5172,71.5126952436544,71.75609,train
2609,76.30367359186545,76.14329,train
1080,117.68636585320668,117.45595,train
16402,53.47823699991465,54.45374,train
6689,32.289249758728964,32.201584,train
15085,92.14301126701253,92.18855,train
14073,29.8566124927783,28.882792,train
15906,91.48002635649718,91.44682,train
2281,25.857534399290905,25.906042,train
6850,62.82498618409738,63.028435,train
11060,2.9065837811274826,2.9311738,train
13514,41.80739580968886,42.138855,train
4591,25.27984779576332,25.35617,train
4207,35.43032585388161,35.92345,train
2835,37.34804120151974,37.458626,train
1148,99.4907361299304,99.69921,train
2824,34.339930274970904,34.501812,train
7163,80.25361829662151,80.29799,train
1142,100.48928695862324,100.37664,train
1827,17.59043680885926,17.44119,train
1791,12.885025212225244,12.748456,train
228,58.69889415199623,59.23492,train
17633,52.35653033478938,53.097233,train
18502,95.84505322335384,96.31836,train
11866,101.3171290408814,100.92993,train
7992,21.77517690158367,21.734262,train
4265,65.47137652330578,66.05081,train
11399,38.91593697359488,38.960907,train
17742,22.02913768609874,22.961985,train
1402,193.8751524679473,193.694,train
16047,29.402411149110645,29.467646,train
12317,71.63339382759735,72.038445,train
3917,24.74816706908628,24.21803,train
13328,92.49987338269456,92.513725,train
3055,45.250987390322535,45.26384,train
5515,21.22276810141124,21.174717,train
13153,76.6667816523841,76.96333,train
7870,75.72806675637788,75.86691,train
11088,5.527128574206158,5.699221,train
11795,76.6667816523841,76.81042,train
7628,27.10406914375708,26.511345,train
18349,86.04998768751986,86.00631,train
1950,59.31238391810723,59.651134,train
6729,46.48566476712182,46.692863,train
10325,50.09922712517202,50.19353,train
2864,48.84238573144443,48.63627,train
16984,25.935608876074404,25.806873,train
10498,17.650012712740526,17.516367,train
15147,117.94057501366258,118.16364,train
13660,78.80500521273352,78.72781,train
3639,50.68801501365044,51.32193,train
15731,180.7969094795742,180.66588,train
5300,16.125116344342604,16.359585,train
10357,49.964974571776985,50.22834,train
12842,68.70638879452079,68.54846,train
10407,59.57543179697275,57.984344,train
9692,86.49796272771329,86.450935,train
15107,93.28231569539822,93.47543,train
12901,58.132094825297145,58.49269,train
1823,17.59043680885926,17.341724,train
15162,110.67568302020096,110.72299,train
689,15.977335233233198,16.00739,train
11736,69.0602255325774,69.39423,train
538,103.745126530115,103.66729,train
10637,64.87166628595628,64.85773,train
2880,58.5236929318425,58.37487,train
9160,24.789633367188944,24.488445,train
11788,76.6667816523841,76.67051,train
18036,89.98590815117426,89.90207,train
1603,5.227697523949966,5.272317,train
12384,78.23957030362628,78.03443,train
19362,62.87797862213373,62.182465,train
14112,45.4925622387705,44.54095,train
7685,40.89299824332066,40.976078,train
7720,52.83913101702683,53.774815,train
10630,59.89579766367838,60.048542,train
337,56.80098396250919,57.809464,train
13691,74.59089711105786,74.65535,train
17222,89.59649952596679,89.544174,train
13551,55.99893434087522,56.086166,train
13124,70.8035239631433,70.73682,train
9889,60.34709742131263,60.55983,train
8856,51.56721782835394,51.257896,train
9879,54.10904342509948,54.694794,train
18661,10.849469453369007,10.936267,train
15527,3.3460458597073703,3.3082185,train
5254,12.124975352206752,12.099515,train
12177,79.27542778284364,79.45124,train
19309,50.93322091321282,50.6128,train
14484,91.48707426187316,91.69134,train
4565,18.731792724897712,18.767061,train
7296,70.57768311562211,70.49679,train
11403,44.21359478458911,44.129055,train
6402,75.23466307522513,75.81976,train
12651,36.99469593104042,36.567303,train
15947,5.260504433154911,5.462879,train
8926,136.40586584491066,136.53941,train
7037,90.56896135270873,91.05218,train
11081,5.527128574206158,5.477246,train
13661,78.80500521273352,79.374825,train
8806,45.5844800104469,45.900955,train
18076,25.04050211213976,25.006348,train
2188,5.527128574206158,5.699221,train
18285,110.67568302020096,110.39939,train
17887,163.4865892910184,163.43927,train
16986,25.935608876074404,26.296036,train
6792,75.24982629334554,75.59649,train
10333,49.52880914978266,49.879025,train
7959,15.826709276493416,15.749682,train
12790,65.83077308186866,66.01965,train
12769,55.99893434087522,56.079403,train
12278,77.79019270718537,77.20999,train
15063,93.38657295807928,93.52229,train
16707,180.7969094795742,180.30936,train
2122,59.89579766367838,60.09257,train
8032,32.289249758728964,32.28366,train
5577,39.33748405428104,39.179222,train
19404,79.48504113105551,79.74818,train
17537,22.02913768609874,22.052038,train
17970,94.254909093602,93.79844,train
9863,48.39717757559769,48.48478,train
16345,48.1381815952728,48.42147,train
19122,27.698995930992588,28.064747,train
919,25.857534399290905,25.906042,train
3972,34.339930274970904,34.421646,train
12412,86.00802491357506,86.0168,train
12276,77.79019270718537,77.544685,train
8090,55.1604052272772,54.727066,train
517,109.30466743726038,109.42025,train
1288,21.824079935423136,21.875692,train
2494,60.456358375515045,60.71238,train
15480,78.23957030362628,77.93983,train
12944,61.911697819840086,61.74184,train
12536,49.19054255336985,49.480453,train
6609,14.147402430467531,14.391522,train
16622,70.5776831156227,70.81345,train
7664,34.88593569122836,34.325516,train
11885,91.22443951098568,91.00802,train
5088,89.57234360169679,89.69133,train
12954,64.1404088665598,64.199066,train
15184,94.86192637572438,94.777725,train
16741,127.03771421016312,127.11003,train
8607,11.473018356565088,11.504866,train
7451,30.8733631927149,31.780998,train
6159,103.745126530115,103.55511,train
12855,65.44228559506357,65.811775,train
11271,5.527128574206158,5.477246,train
5751,70.5776831156227,70.49679,train
13271,107.5197399548222,107.14483,train
17979,92.03325910726882,92.22599,train
6341,44.597910972306806,45.055897,train
7256,76.30367359186545,75.62971,train
12023,134.13491032325388,133.72879,train
11241,2.9065837811274826,2.9311738,train
6342,44.597910972306806,45.321968,train
17018,35.43032585388161,35.959343,train
3231,22.34386956684365,22.653292,train
212,66.58516636474155,66.6556,train
4688,21.429473611547053,21.36858,train
10426,66.59566485208973,66.28266,train
14256,36.02701366128638,35.789474,train
13427,36.99469593104042,37.06065,train
17110,149.10252861042588,148.76984,train
10190,83.29477154332817,83.34048,train
7424,26.657804872047155,26.843239,train
17703,17.141358034855276,18.438162,train
3830,56.318371719454376,56.516846,train
2914,75.23466307522513,75.37612,train
18508,91.22443951098568,91.357445,train
10730,42.16129665773079,42.469543,train
5317,19.28254456595652,19.265215,train
16403,53.47823699991465,53.852596,train
5560,31.91051408188231,32.249413,train
1355,49.00862249254413,48.99863,train
2439,41.380738858681696,40.706326,train
4239,48.41170998900376,48.918404,train
3368,118.62582953904092,118.277435,train
3999,40.76621946032643,41.439327,train
8728,78.77344906209804,79.24478,train
2436,41.380738858681696,41.55864,train
12558,56.318371719454376,56.525196,train
1049,136.76886894565047,137.24666,train
7677,37.70223435850963,38.36142,train
15372,80.93195157639853,80.57445,train
12893,58.48566458724775,58.425686,train
4043,63.896198456162885,63.81278,train
14497,89.76736722751878,89.57598,train
7652,32.43048383015692,32.11739,train
5249,86.00802491357565,85.94133,train
8075,46.48566476712182,46.622345,train
10570,35.46372651810452,35.641537,train
14986,125.86447482244527,125.51878,train
4254,59.31238391810723,59.21229,train
16509,152.8177784761153,153.02042,train
12878,59.37382867606714,59.351334,train
365,65.82792957452513,66.1855,train
6676,29.34578260289036,29.154867,train
11864,101.3171290408814,101.426575,train
2594,84.57638463785023,84.24482,train
10982,59.57543179697275,59.864502,train
15823,94.254909093602,93.8732,train
11204,38.91593697359398,38.8597,train
1243,9.499438230882436,9.501294,train
3994,40.76621946032643,40.946983,train
12466,36.210240125305205,36.509556,train
17874,180.7969094795742,180.72,train
18154,34.339930274970904,34.501812,train
14355,71.34845173855356,71.1744,train
14997,118.73948000326068,118.53534,train
13780,86.46661268195652,86.50762,train
17450,62.03409074627981,62.09028,train
16074,43.749455725793766,43.75151,train
12459,35.86295586622186,35.550823,train
3880,26.05871153969042,26.16409,train
19207,67.80500732074917,67.17154,train
12840,68.70638879452079,68.86798,train
6442,36.41164086407028,36.63732,train
18527,84.24741541524314,84.242134,train
396,78.3836967869071,78.498695,train
9809,23.676009316847548,24.508423,train
7253,76.30367359186545,76.03541,train
17713,17.95913696269572,18.462975,train
6542,49.19054255336955,49.51489,train
13987,16.08629542413324,15.904433,train
15950,6.4852329987035695,6.548349,train
14946,168.1502886891345,168.51967,train
1046,145.24040847801632,145.03397,train
12938,61.911697819840086,62.07474,train
4221,43.65657505930208,43.231335,train
12992,77.7528643276994,77.74759,train
16072,43.749455725793766,43.75151,train
11915,81.78283210079856,81.646164,train
10410,59.57543179697275,59.60159,train
165,78.2395703036289,77.87895,train
6339,44.597910972306806,44.14708,train
7742,68.41269006792136,67.77942,train
3395,101.0511292541869,101.00578,train
201,71.98462739387922,75.01049,train
1012,179.04708701101467,179.2697,train
7973,17.650012712740526,17.337688,train
752,38.10425093874939,38.109734,train
6094,129.4267602168825,129.64935,train
6607,14.147402430467531,14.267633,train
19208,67.80500732074917,67.40121,train
16050,33.717244930192976,33.68749,train
3874,74.77670776968412,74.82944,train
9443,75.8861492644395,75.952065,train
7848,77.87315181130059,77.67751,train
14677,45.250987390322535,45.23106,train
17758,26.22042757385485,26.023413,train
998,211.02994799979388,211.12189,train
11836,123.96214174002029,123.93061,train
19409,83.55792357754082,83.74523,train
1573,2.606366123918593,2.6254888,train
1453,129.4267602168825,129.10693,train
5692,84.57638463785023,84.54326,train
5084,89.57234360169679,89.66915,train
3314,201.78551544430667,201.87143,train
15550,5.260504433154911,5.1478662,train
3070,53.00734926713273,52.853027,train
17984,92.03325910726882,91.45511,train
1274,15.977335233233198,16.00739,train
14247,35.06929068218894,34.78634,train
4330,145.24040847801632,145.05272,train
14988,125.86447482244527,126.20476,train
1727,38.10425093875088,38.1061,train
1165,98.65596999066533,98.667496,train
17271,91.48002635650002,91.44682,train
10303,52.99398689569749,53.07264,train
9631,77.93378927116997,78.121864,train
2321,44.21359478458822,44.378242,train
14630,30.8733631927149,30.549007,train
8257,22.019205815790663,22.058369,train
2369,36.41164086407028,36.10333,train
2047,32.289249758728964,32.28366,train
11680,75.20136128981777,74.46966,train
747,38.10425093874939,38.1061,train
194,86.00802491357565,85.94133,train
12230,102.11244006090304,102.2743,train
690,15.977335233233198,16.00739,train
1339,43.29863673312664,43.32351,train
17828,52.35653033478938,51.87197,train
5657,119.35792066219084,119.43574,train
11874,95.84505322335384,96.00165,train
4891,5.227697523949966,5.272317,train
9492,82.25512726841218,82.61248,train
597,2.606366123918593,2.6254888,train
5057,110.28871787139632,110.520096,train
10330,50.09922712517202,49.614346,train
4744,30.8733631927149,31.780998,train
784,62.12878854692645,62.12984,train
13844,15.18002375784278,14.933488,train
5931,58.30263960140757,58.05215,train
15111,93.28231569539822,93.130516,train
824,5.527128574206158,5.477246,train
2238,13.92854978889145,13.922574,train
5579,39.33748405428104,39.728905,train
17719,19.038942421022504,19.334438,train
14697,53.00734926713273,52.93961,train
16998,28.753615695926324,29.549866,train
14878,40.96669871801392,41.054405,train
18814,52.14885440372348,52.64245,train
9644,78.3521209153635,78.43187,train
15239,83.29477154332817,83.75143,train
12852,65.44228559506357,65.656204,train
15164,104.48871564383238,104.34033,train
6061,166.17853479893557,165.79326,train
7639,28.550776752841173,28.197468,train
2283,29.77075417333722,29.736755,train
3597,35.46372651810452,35.86523,train
18591,78.3521209153635,78.43187,train
7432,28.678520203607828,28.755127,train
7879,75.52912062238612,75.84959,train
9285,62.1233802776967,62.455845,train
4833,62.1233802776967,62.427353,train
10419,62.87797862213373,62.182465,train
7065,76.30367359186545,76.35657,train
17732,20.391351361528265,20.776194,train
7114,70.8890994699993,70.97318,train
14342,65.83077308186866,64.80074,train
8544,3.3460458597073703,3.458318,train
16541,98.11718222077316,98.941765,train
10524,24.10159309622668,24.068232,train
12722,39.410668208964985,38.855053,train
8640,22.019205815790663,22.058369,train
18740,25.122162434308752,25.249416,train
12475,36.94310571922444,37.103745,train
6235,24.63527893831387,24.949902,train
13954,54.992252475314366,54.583843,train
6333,44.597910972306806,43.649734,train
8331,62.85838899590023,62.841156,train
19069,15.49099131419465,15.016675,train
17873,180.7969094795742,179.7027,train
5961,61.911697819840086,62.128708,train
11053,2.9065837811274826,2.9311738,train
5555,31.91051408188231,31.415007,train
17677,16.264210965298563,16.393936,train
14150,61.55125893730588,61.87479,train
9916,8.967662639453113,9.114201,train
7050,79.88545352007553,79.51024,train
18200,53.49135176226452,53.374943,train
6346,48.84238573144443,48.90619,train
10124,104.48871564383238,104.14838,train
7357,80.25361829662114,80.29799,train
368,69.71997296559415,69.14745,train
17671,16.20097931775689,16.045649,train
10260,88.48216304859169,88.259605,train
5996,70.098803480824,70.04709,train
18496,101.3171290408814,101.363815,train
7613,25.97444591185257,25.639801,train
7852,77.87315181130059,77.68823,train
2998,30.8733631927149,31.074734,train
12681,34.635546819221005,34.84531,train
12101,84.24741541524314,83.861465,train
16109,110.28871787139632,110.14645,train
19007,90.55535075755104,90.81221,train
16127,95.27995050133204,94.54938,train
4160,23.43298254652068,22.928267,train
14060,24.386290598811208,25.175894,train
4996,33.39074910958052,33.380863,train
16851,89.42090092796712,89.864204,train
14513,89.71465856252216,89.75837,train
11358,22.34386956684365,22.653292,train
12073,95.84505322335384,95.26577,train
9088,85.2707950135868,85.20478,train
8901,65.54060841010474,65.68657,train
15097,92.69393389813976,92.91073,train
6212,97.47338258073955,97.636856,train
13301,96.9560797736986,96.66028,train
4183,28.753615695926324,28.661217,train
8516,69.76848318728075,69.955,train
19089,19.694692079282625,19.390596,train
8351,37.38629228613615,37.309586,train
2119,59.89579766367838,59.692364,train
9948,12.681740297286362,13.256687,train
4458,97.47338258073955,97.46439,train
13808,9.788304130248129,9.851455,train
1312,29.12596598702036,29.158512,train
7136,73.22704486211128,73.273926,train
13811,9.788304130248129,10.023816,train
9295,67.18811819694348,67.09673,train
15828,94.254909093602,94.22305,train
3703,37.38629228613615,37.309586,train
3189,11.747596709247082,11.700321,train
15104,92.69393389813976,92.43291,train
13576,71.34845173855356,70.88856,train
8556,4.22054923341766,4.2420034,train
17453,62.03409074627981,62.469086,train
2929,18.448270263304188,18.49637,train
12184,80.66666767817155,80.58795,train
9669,80.66666767817155,80.779205,train
7955,14.147402430467531,14.318845,train
13772,86.46661268195652,86.69367,train
7658,32.43048383015692,32.525944,train
1852,21.22276810141124,21.71966,train
14002,16.774054817925467,16.496332,train
65,77.79019270718656,77.82545,train
1324,33.39074910957999,33.369724,train
12821,77.41176032874927,77.277435,train
7865,76.50234292040042,76.422935,train
6762,59.89579766367838,60.09257,train
15697,55.89167516914279,55.912247,train
12173,79.27542778284364,79.23237,train
8522,74.77670776968412,74.82944,train
17589,35.05216416707113,35.36045,train
12030,134.13491032325388,134.0771,train
616,4.196221297202333,4.204997,train
8535,2.618505311135724,2.653271,train
10801,51.72251594763205,52.41499,train
4590,25.27984779576332,25.35617,train
17448,62.03409074627981,61.38569,train
1071,123.0978685654898,123.37474,train
18631,84.52419181559287,84.43176,train
18856,154.1130580278585,155.11134,train
4657,62.12878854692645,62.12984,train
1632,7.85908552453503,7.9066777,train
10921,49.49174784981139,49.592995,train
9521,123.96214174002029,124.57082,train
12453,35.919888386123255,36.44415,train
6188,99.4907361299304,99.28148,train
13960,54.992252475314366,55.636383,train
12391,80.80332043496728,80.50063,train
469,136.76886894565047,137.14384,train
7803,94.83357335355618,95.275795,train
17595,38.74855875286944,38.020573,train
13941,44.07024791149557,44.248566,train
13029,81.59299887306369,81.39648,train
14206,36.99469593104042,36.715126,train
14100,36.858562352761474,37.522846,train
5849,77.41176032874927,77.697296,train
6225,25.04050211213976,25.128967,train
17228,89.25950270069107,89.687515,train
13800,8.90268272869505,9.3192625,train
14212,35.5258604479491,36.170746,train
5791,75.16417987128504,75.03426,train
15524,2.618505311135724,2.6760576,train
1610,5.227697523949966,5.272317,train
7120,71.78670881619587,71.679276,train
17205,90.5009001330304,90.69708,train
5831,89.61281744144841,90.51896,train
11589,61.34974693767026,60.931572,train
7138,75.16417987128504,75.1637,train
15200,88.31993375128738,88.63043,train
1289,21.824079935423136,21.875692,train
13443,35.5258604479491,35.97005,train
18308,99.25129745411776,99.51903,train
10774,46.90905076121099,46.16562,train
1629,7.85908552453503,7.9066777,train
4886,5.227697523949966,5.272317,train
13868,19.273701242015807,19.579382,train
18415,85.2707950135868,85.08878,train
8916,75.02114224725477,74.364685,train
854,9.839051198642553,9.849857,train
6436,36.41164086407028,36.320827,train
15072,92.49987338269456,92.70951,train
8685,38.48840493675039,38.530453,train
7426,26.657804872047155,26.183178,train
12156,77.93378927116997,78.20088,train
2770,25.32142942667775,25.50113,train
3772,39.53055859179817,39.442352,train
14517,90.1171147731606,90.07654,train
10218,83.13470642646298,83.00344,train
9378,85.85337627290696,85.94471,train
2654,70.5776831156227,70.71987,train
13668,76.86032352211669,76.78971,train
16309,52.53979191594191,52.033203,train
13874,21.74656491623193,21.359676,train
17446,62.03409074627981,61.738266,train
10866,58.6937159884268,59.090645,train
6824,72.67230242637233,72.94216,train
10820,58.31738655168958,58.697395,train
7753,135.2198141561254,134.84267,train
810,3.624115801788345,3.6457982,train
6226,25.04050211213976,24.719091,train
8015,26.620833128631787,26.59692,train
16793,97.23410613085656,97.0721,train
12545,52.561077422995496,52.308853,train
12752,47.982575358036456,48.155552,train
11070,3.624115801788345,3.6457982,train
7624,27.10406914375708,27.00604,train
19037,10.57203228982024,10.195323,train
18690,14.802361789347977,14.460091,train
16869,90.79293338634857,91.09006,train
13405,42.58610637454368,42.586803,train
6765,64.87166628595628,64.3417,train
17731,20.391351361528265,20.572706,train
15910,2.618505311135724,2.653271,train
10838,66.72644865783289,66.63436,train
8098,59.89579766367838,60.025642,train
9255,48.96526861625701,48.997658,train
8288,38.48840493675039,38.530453,train
2754,24.63527893831387,24.38742,train
11478,52.60873127102636,53.609074,train
16526,119.35792066219084,119.43574,train
4463,97.47338258073955,97.43926,train
11766,72.34090204261534,72.39054,train
14911,55.80060084695734,56.317974,train
1659,13.53610473193936,13.554237,train
15563,6.4852329987035695,6.548349,train
11926,79.94703553493463,79.912895,train
7671,34.88593569122836,35.98641,train
5409,48.41170998900376,48.71725,train
3546,21.77517690158367,22.085136,train
15368,80.93195157639853,79.95124,train
15490,80.80332043496728,80.529915,train
955,44.21359478458822,44.129055,train
1513,103.745126530115,103.663345,train
11797,79.3711852446667,79.41655,train
14173,47.10789941727601,46.786045,train
4262,65.47137652330578,65.55655,train
1997,19.628813853406385,19.467037,train
11938,78.70967419713587,78.72463,train
3366,118.62582953904092,118.268555,train
12109,81.7828321007955,82.34282,train
10956,52.38623850151688,52.028225,train
5228,80.80332043496549,80.534874,train
3196,11.747596709247082,11.700321,train
5034,49.0086224925457,49.087788,train
2490,56.318371719458256,56.064857,train
6592,69.76848318728358,70.11996,train
13659,78.80500521273352,79.29404,train
1930,48.41170998900376,48.70409,train
5106,80.93195157639853,79.67518,train
16395,51.68892331520587,51.029305,train
2123,64.87166628595628,64.91312,train
11062,3.624115801788345,3.5554862,train
17653,63.65496035831079,64.27556,train
3034,38.72775337298162,38.282146,train
9040,82.74203335367166,82.998146,train
2694,75.16417987128504,75.161644,train
3668,64.87166628595628,64.618225,train
3641,55.1604052272772,54.859158,train
10464,83.55792357754082,83.63183,train
19110,24.782599128301666,24.616556,train
9146,21.429473611547053,21.565804,train
10945,50.93322091321282,50.6128,train
5263,12.885025212225244,12.739803,train
16787,101.0511292541869,101.20843,train
9995,23.676009316847548,23.26804,train
16772,105.8033985466063,105.830956,train
171,80.80332043496549,80.834435,train
13403,47.10789941727601,47.1174,train
216,66.58516636474155,66.835625,train
17187,94.254909093602,93.79844,train
17766,28.80702918062262,27.582626,train
3964,31.73671877096429,31.617699,train
11542,47.53432583996549,47.74325,train
10734,42.30778972867124,41.491924,train
15163,104.48871564383238,104.20133,train
8310,49.5370430474446,49.54989,train
1760,55.27187238699012,55.28068,train
1060,129.4267602168825,129.31442,train
1611,5.227697523949966,5.272317,train
18033,89.98590815117426,89.57442,train
13129,70.8035239631433,70.6432,train
4235,48.41170998900376,48.637505,train
3309,201.78551544430667,202.36295,train
15637,25.51278413365878,25.587753,train
12324,71.63339382759735,71.90522,train
2113,59.89579766367838,60.025642,train
19381,70.67888709810615,70.517624,train
6379,63.896198456162885,63.99928,train
10719,42.41210118412853,41.992798,train
11231,56.44692913934201,56.411892,train
4473,2.606366123918593,2.6254888,train
1995,19.628813853406385,19.612272,train
9007,88.31993375128738,88.21944,train
10291,58.6937159884268,58.87466,train
11704,71.14396606839321,71.77833,train
16068,38.48840493675039,38.544476,train
11227,50.04341124314785,50.090683,train
13597,104.53191002397112,104.957,train
13747,79.44225220967748,79.31938,train
6790,75.24982629334554,75.24975,train
12157,77.93378927116997,78.41615,train
8427,39.53055859179817,40.035217,train
14422,112.90513573952586,113.19962,train
1452,136.76886894565047,136.73286,train
16749,127.03771421016312,127.3558,train
12423,38.91834885517143,39.060482,train
14393,136.11990722925268,134.5506,train
1847,21.22276810141124,20.990202,train
18251,80.57929170551442,80.569176,train
5347,25.935608876074404,25.964828,train
14715,62.1233802776967,61.801266,train
6649,21.77517690158367,22.085136,train
2183,5.527128574206158,5.477246,train
2149,75.24982629334554,75.334274,train
4110,14.865809293936342,14.746195,train
7458,33.2646262088608,33.41932,train
808,3.624115801788345,3.5554862,train
17540,22.02913768609874,22.543041,train
11842,123.96214174002029,123.679565,train
8773,52.60873127102636,53.062305,train
10489,15.826709276493416,15.932983,train
13259,112.6599718133244,111.93221,train
4951,15.977335233233198,16.00739,train
12067,101.3171290408814,100.90085,train
6305,34.339930274970904,34.421646,train
7314,71.78670881619715,71.679276,train
4077,80.57929170551442,80.61208,train
2464,49.19054255336955,49.480453,train
14799,18.82198014263801,18.921144,train
18487,107.7381594436571,107.59481,train
8852,49.29258108243957,49.53555,train
11428,56.446929139341634,56.45331,train
15586,11.473018356565088,11.504866,train
5937,58.30263960140757,58.261734,train
9832,34.1577503463269,33.80997,train
14544,91.77117363602072,91.819756,train
7165,80.25361829662151,80.42686,train
7699,44.47167879893512,44.873047,train
3997,40.76621946032643,41.257496,train
7983,19.628813853406385,19.574224,train
12629,42.58610637454368,42.76089,train
2562,107.5602418843858,107.36626,train
1002,193.8751524679473,194.12605,train
4992,29.125965987027584,29.158512,train
1923,48.41170998900376,47.750965,train
11033,79.48504113105551,79.090866,train
14463,95.65935721790642,95.76284,train
14501,89.76736722751878,89.60528,train
4504,5.227697523949966,5.272317,train
2408,36.94310571922444,36.687035,train
4017,48.84238573144443,48.63627,train
13186,85.05997393992781,84.86313,train
5933,58.30263960140757,58.46987,train
16232,71.91030133184738,72.05843,train
9376,85.85337627290696,86.14301,train
7836,82.51266906756706,82.2025,train
18739,25.122162434308752,24.187252,train
8870,54.343834943578464,54.78774,train
5545,28.753615695926324,28.319248,train
16919,14.865809293936342,14.746195,train
17555,26.22042757385485,25.503017,train
3594,35.46372651810452,35.331287,train
3913,24.74816706908628,25.00816,train
5972,64.1404088665598,64.01329,train
13920,35.03272103717059,35.474026,train
13110,69.0602255325774,69.18241,train
1327,33.39074910957999,33.369724,train
3053,45.250987390322535,44.29186,train
1317,29.12596598702036,29.158512,train
9955,14.34267649792701,14.598047,train
10436,70.67888709810615,70.00103,train
17357,24.782599128301666,24.57107,train
2617,73.68374035525322,73.56079,train
4763,35.87508543765299,36.108562,train
2135,70.03363402017787,69.677345,train
5927,58.132094825297145,58.327507,train
14151,61.55125893730588,62.539913,train
8070,46.48566476712182,46.471283,train
5029,49.0086224925457,48.99863,train
7895,75.8861492644395,75.908775,train
1321,33.39074910957999,33.369724,train
16732,137.09122808053337,137.43944,train
13510,41.80739580968886,40.78278,train
4339,136.76886894565047,137.0741,train
12928,60.19466070864491,60.000748,train
6398,75.23466307522513,75.242134,train
7375,18.448270263304188,18.344553,train
1486,113.1117727502116,113.62645,train
8948,117.94057501366258,117.90452,train
15850,89.59649952596679,90.17414,train
16437,60.937760889072194,58.84835,train
6351,48.84238573144443,49.26273,train
2904,69.52453059841163,69.52333,train
13134,72.34090204261534,72.36732,train
9694,86.49796272771329,86.36441,train
18310,99.25129745411776,99.41671,train
10884,52.99398689569749,52.792976,train
11493,47.46331387653679,47.14019,train
13652,78.80500521273352,78.83812,train
9503,134.13491032325388,134.38051,train
12733,41.80739580968886,41.50992,train
13839,13.514492329014466,13.996648,train
13113,69.70696214856945,69.897934,train
10936,49.964974571776985,50.22834,train
4853,72.52135855398946,72.5639,train
4733,28.678520203607828,29.006702,train
19242,55.4430882998278,55.64727,train
15634,22.019205815790663,22.058369,train
18682,13.338584715915395,13.738612,train
1248,11.384421137066337,11.406518,train
13144,74.30450585772448,74.73034,train
12318,71.63339382759735,71.643654,train
8155,3.3460458597073703,3.458318,train
5027,49.0086224925457,48.99863,train
12323,71.63339382759735,71.90832,train
18158,37.34804120151974,36.99861,train
17128,127.03771421016312,127.1415,train
18282,117.94057501366258,118.325966,train
1893,35.43032585388161,34.976524,train
2134,70.03363402017787,69.6308,train
1485,113.1117727502116,113.187515,train
11967,78.3521209153635,78.311935,train
11963,78.3521209153635,78.26734,train
13989,16.08629542413324,16.028547,train
12853,65.44228559506357,65.80633,train
594,2.606366123918593,2.6254888,train
13595,104.53191002397112,103.90612,train
7728,57.64076850782871,58.266365,train
12890,58.48566458724775,58.423813,train
19303,49.964974571776985,50.579227,train
10265,89.77171705634251,89.691895,train
12273,80.93195157639853,80.43942,train
16281,80.80332043496728,80.50063,train
6381,63.896198456162885,64.39874,train
16667,77.53876431170232,77.60041,train
4459,97.47338258073955,97.55659,train
220,62.20643544097513,62.751255,train
10511,19.628813853406385,20.75951,train
796,2.9065837811274826,2.9311738,train
8677,33.717244930192976,33.68749,train
2352,38.91834885517143,39.044918,train
13415,39.2928079640545,39.32856,train
1649,11.384421137066337,11.406518,train
17401,38.13815414182142,38.379616,train
15106,92.69393389813976,92.6013,train
3823,52.561077422995496,52.66633,train
6462,35.86295586622186,35.6262,train
7748,68.41269006792136,68.5454,train
9769,14.34267649792701,14.672668,train
17643,57.78179082659215,59.245148,train
14553,92.33570202451632,92.27559,train
16811,92.03325910726882,92.22599,train
2969,24.789633367188944,24.697615,train
11626,75.02114224725477,75.239365,train
369,69.71997296559415,68.71646,train
1779,12.124975352206752,12.167575,train
5709,76.30367359186545,76.14329,train
2296,34.113034957437215,34.095257,train
13541,51.76031579593137,51.92091,train
18344,86.04998768751986,85.821434,train
14572,19.89991539202705,19.793625,train
15968,7.914848156370223,7.931517,train
1434,154.98431615588598,155.21118,train
225,62.20643544097513,60.78065,train
7934,82.25512726841278,82.28512,train
5872,65.44228559506357,65.27972,train
1527,101.86758015295236,101.71551,train
5189,72.80691569376819,72.67616,train
19332,54.316367961579786,53.8902,train
17925,118.62582953904092,118.277435,train
7493,45.250987390322535,44.689148,train
17588,35.05216416707113,35.296673,train
11050,83.55792357754082,83.78442,train
9017,86.04998768751986,85.938385,train
5096,84.82941053361527,84.85149,train
3676,70.03363402017787,69.927055,train
14304,47.982575358036456,48.218773,train
3354,127.03771421016312,127.1415,train
2479,52.561077422993925,52.07288,train
1495,109.30466743726038,109.7822,train
8489,60.456358375515045,60.71238,train
11315,11.747596709249317,11.700321,train
16146,84.82941053361527,84.71786,train
9415,76.50234292040042,76.335075,train
15019,103.23350357813172,102.69672,train
16688,83.09935595306658,83.01747,train
10735,42.30778972867124,41.631416,train
9520,123.96214174002029,123.96183,train
14269,37.48026356057577,37.10922,train
2210,8.180433892801254,8.071619,train
18233,69.52453059841163,69.67708,train
11683,75.20136128981777,75.049965,train
12478,36.94310571922444,37.0108,train
4242,53.62497940433934,53.25445,train
12392,80.80332043496728,80.71736,train
1268,15.977335233233198,16.013798,train
14622,28.678520203607828,28.43094,train
5897,60.81262844049596,60.643867,train
13065,71.14396606839321,71.041115,train
7566,25.06787074771092,24.927408,train
5820,83.09935595306658,83.182014,train
18104,25.32142942667775,25.06624,train
8580,7.914848156370223,7.931517,train
3504,14.147402430467531,14.267633,train
14968,143.8247661167656,144.29568,train
11122,11.747596709247082,11.700321,train
9125,18.448270263304188,18.672619,train
18029,89.98590815117426,90.14487,train
13460,34.635546819221005,34.43235,train
15287,85.2707950135868,85.20569,train
11563,51.56721782835394,51.80885,train
2891,63.896198456162885,63.682194,train
16889,12.124975352206752,12.11107,train
3616,42.55205181960314,42.579193,train
3655,59.89579766367838,59.539715,train
1586,3.328531319289431,3.337573,train
14217,35.5258604479491,35.183945,train
1226,6.442036183009371,6.4377747,train
4408,103.745126530115,103.41052,train
9758,12.681740297286362,13.256687,train
10607,50.68801501365044,50.55953,train
14424,112.90513573952586,113.85422,train
18090,24.74816706908628,25.00816,train
10231,84.01038592956453,84.007416,train
740,33.39074910957999,33.369724,train
2089,46.48566476712182,46.692863,train
17027,39.33748405428104,39.84168,train
12704,36.02701366128638,36.09138,train
2062,35.46372651810452,36.083736,train
17197,92.03325910726882,91.619804,train
13455,34.635546819221005,35.09329,train
11145,16.40524145944573,16.341652,train
16329,49.424339205446245,49.61317,train
15207,88.31993375128738,88.05317,train
1914,43.65657505930208,43.231335,train
15670,38.48840493675039,38.530453,train
509,113.1117727502116,112.97656,train
18533,84.24741541524314,83.5354,train
15060,93.38657295807928,93.28185,train
4174,25.935608876074404,25.964828,train
1253,11.384421137066337,11.406518,train
3431,90.5009001330304,90.69708,train
14705,57.39162304208823,57.318844,train
11573,54.343834943578464,54.78774,train
14154,67.62832117387488,67.29005,train
9169,26.657804872047155,26.484158,train
12378,78.23957030362628,78.053604,train
9524,115.23290406090766,115.26751,train
2090,46.48566476712182,46.622345,train
7427,26.657804872047155,25.771996,train
39,84.82941053361527,84.71786,train
7668,34.88593569122836,35.449444,train
17610,42.852961632253525,43.020214,train
14397,136.11990722925268,135.74501,train
17466,16.20097931775689,16.375092,train
1789,12.885025212225244,12.6950865,train
4594,25.27984779576332,25.35617,train
7211,107.56024188438542,107.50203,train
11741,69.0602255325774,69.33527,train
4144,19.28254456595652,19.265215,train
16242,72.80691569376961,72.94907,train
15389,75.33592393483191,75.17835,train
16080,49.5370430474446,49.54989,train
13321,93.38657295807928,93.52229,train
14764,16.08629542413324,16.576231,train
5412,48.41170998900376,48.918404,train
2236,13.92854978889145,13.916968,train
1325,33.39074910957999,33.369724,train
8985,94.86192637572438,94.944626,train
8828,46.3112758194042,46.292618,train
14770,16.251795051003693,16.185358,train
5030,49.0086224925457,48.99863,train
7515,53.00734926713273,52.853027,train
15525,2.618505311135724,2.6760576,train
18568,78.04583599126548,78.17756,train
9852,43.186882593766825,43.16758,train
15042,96.9560797736986,96.79858,train
6808,77.41176032874927,77.18884,train
7108,70.8890994699993,70.91796,train
18723,20.307928329934253,20.729836,train
9179,28.678520203607828,28.755127,train
15329,102.11244006090304,102.31547,train
14448,98.77373433068,98.70266,train
1333,38.10425093874939,38.109734,train
19226,58.6937159884268,59.033066,train
16138,89.57234360169679,90.24947,train
14917,61.55125893730588,61.546013,train
11131,13.92854978889145,13.916968,train
18997,89.83454371793471,89.94786,train
17929,111.6113573414681,112.7167,train
152,76.00671399435818,75.96938,train
19295,49.964974571776985,50.13041,train
15181,99.25129745411776,98.99949,train
11139,13.92854978889145,13.922574,train
13705,74.34851013209767,73.90368,train
17756,26.22042757385485,25.545582,train
6989,152.8177784761153,152.46039,train
16993,28.753615695926324,28.883059,train
12198,82.46105591073825,82.53718,train
17395,38.13815414182142,36.87276,train
18975,89.83219912234955,90.054924,train
14157,67.62832117387488,67.4496,train
2438,41.380738858681696,41.239166,train
2397,36.210240125305205,36.318737,train
2008,21.77517690158367,21.304049,train
10331,50.09922712517202,49.745075,train
17697,17.141358034855276,17.350813,train
14153,67.62832117387488,67.06037,train
3799,43.604537301970495,43.954,train
10446,75.03655084716752,74.65812,train
7313,71.78670881619715,71.80506,train
14469,93.24564903744712,92.7988,train
4986,29.125965987027584,29.18679,train
9423,75.72806675637788,75.65425,train
5304,17.59043680885926,17.278852,train
15686,49.5370430474446,49.297264,train
13432,36.99469593104042,37.046165,train
5910,58.48566458724775,58.36576,train
16344,48.1381815952728,48.225704,train
10893,51.23740717945918,51.019436,train
14219,35.5258604479491,35.500443,train
10153,88.31993375128738,88.63043,train
3947,27.727713592149392,27.83367,train
16189,73.5169788308657,73.18439,train
15229,84.38693654155693,84.436226,train
17974,94.254909093602,94.30458,train
4222,43.65657505930208,43.346443,train
2045,32.289249758728964,32.269215,train
8668,33.717244930192976,33.68749,train
139,74.18155972707108,74.45248,train
5376,35.43032585388161,35.204132,train
13889,24.534383850610403,25.101477,train
19083,17.4903137095204,18.081343,train
5445,12.124975352206752,12.181203,train
16554,90.56896135270873,90.05583,train
13143,74.30450585772448,74.53482,train
8618,16.11129124792047,16.207216,train
5184,72.80691569376819,73.02011,train
6416,38.91834885517143,38.631687,train
8027,29.34578260289036,29.656399,train
11940,78.70967419713587,78.90347,train
13587,111.93267880814516,112.197586,train
3855,64.95566127753808,64.850296,train
11362,25.85753439928986,25.88882,train
16780,101.0511292541869,101.34692,train
12128,79.9470355349353,80.13057,train
845,8.180433892801254,8.071619,train
12005,84.52419181559615,84.67955,train
17186,94.254909093602,94.163414,train
10252,86.82293470300802,87.038826,train
15535,3.3460458597073703,3.458318,train
4264,65.47137652330578,65.40065,train
13512,41.80739580968886,41.476665,train
14610,26.657804872047155,25.771996,train
17402,38.13815414182142,38.777233,train
11414,50.04341124314845,50.090683,train
3949,27.727713592149392,28.439587,train
9690,86.49796272771329,86.45653,train
13836,13.514492329014466,13.691347,train
6553,56.318371719458256,56.516846,train
14035,20.33936974007777,19.803795,train
17479,16.264210965298563,16.33515,train
10257,88.48216304859169,88.29965,train
16476,75.34654859935269,74.86754,train
11049,83.55792357754082,83.78442,train
15443,71.91030133184738,72.05843,train
10441,70.67888709810615,71.28294,train
9473,80.03415155888028,79.92158,train
6096,129.4267602168825,129.56306,train
19322,52.38623850151688,52.090168,train
4722,26.657804872047155,26.403402,train
10490,15.826709276493416,16.356476,train
16862,89.98590815117426,89.80912,train
10829,62.29899679862298,62.28857,train
1722,33.39074910958052,33.369724,train
18863,142.84762610413074,142.22763,train
2078,42.55205181960314,42.27842,train
167,78.2395703036289,78.03443,train
16603,71.91197889308408,72.10146,train
10101,117.94057501366258,118.24677,train
12584,64.95566127753808,64.78445,train
8096,55.1604052272772,55.343235,train
3373,111.6113573414681,111.73234,train
13076,69.8994010800787,70.0685,train
79,73.5169788308657,73.5037,train
17551,23.96684006413348,23.98004,train
17855,69.92772157818914,69.61684,train
13734,77.52447914202958,77.34887,train
12134,78.70967419713557,78.70572,train
11606,65.54060841010474,65.04623,train
19376,70.67888709810615,70.826935,train
7229,90.5689613527014,90.44742,train
328,56.80098396250919,56.731075,train
7374,18.448270263304188,18.49637,train
12864,62.82498618409738,63.028473,train
8452,46.20624283129268,45.378155,train
7323,73.22704486211002,73.27229,train
8619,16.11129124792047,16.207216,train
1867,25.935608876074404,25.964828,train
8578,7.914848156370223,7.931517,train
9209,35.87508543765299,35.824696,train
19240,55.4430882998278,54.925926,train
3170,8.180433892801254,8.071619,train
3919,24.74816706908628,24.55554,train
2859,48.84238573144443,48.609283,train
2792,27.727713592149392,27.670843,train
1842,19.28254456595652,19.750454,train
4862,2.606366123918593,2.6254888,train
7977,17.650012712740526,19.21051,train
3294,50.04341124314785,50.090683,train
18824,57.62164698064543,57.896786,train
6722,42.55205181960314,43.452427,train
11516,45.5844800104469,46.26145,train
14837,26.936990316598862,26.228405,train
4609,33.39074910958052,33.369724,train
13904,31.152134114795924,31.128473,train
4212,39.33748405428104,38.769466,train
12147,78.04583599126548,78.46217,train
18347,86.04998768751986,85.7157,train
3271,38.91593697359398,38.8597,train
10156,88.31993375128738,88.37114,train
2056,35.46372651810452,35.38315,train
14974,134.16905500217058,134.9433,train
7969,17.650012712740526,17.528246,train
12379,78.23957030362628,77.93983,train
12341,71.91030133184738,72.07515,train
720,25.27984779576332,25.35617,train
19290,49.49174784981139,49.655323,train
16950,19.28254456595652,19.049597,train
4694,21.429473611547053,22.48194,train
17912,127.03771421016312,126.395424,train
7225,90.5689613527014,89.864395,train
7661,32.43048383015692,32.591774,train
18245,75.23466307522513,75.8535,train
7207,107.56024188438542,107.8424,train
1673,18.731792724897712,18.767061,train
6065,154.98431615588598,154.82565,train
13803,9.788304130248129,9.292085,train
9281,62.1233802776967,62.079464,train
8221,13.645628914737031,13.686924,train
14144,61.55125893730588,61.546013,train
7607,25.15665334339559,24.983515,train
10356,49.964974571776985,49.646534,train
6923,60.19466070864491,59.697247,train
13572,65.83077308186866,66.059105,train
962,44.21359478458822,44.378242,train
13082,69.8994010800787,70.54311,train
3498,91.48002635649718,91.3199,train
18354,84.38693654155693,84.29678,train
13577,71.34845173855356,71.13036,train
11208,38.91593697359398,38.960907,train
8679,38.48840493675039,38.530453,train
18162,37.34804120151974,36.92004,train
15076,92.49987338269456,92.61367,train
5805,77.53876431170232,77.6595,train
10172,86.04998768751986,86.00631,train
5512,19.28254456595652,19.750454,train
222,62.20643544097513,62.904007,train
17603,38.74855875286944,39.41865,train
15692,49.5370430474446,49.54989,train
7088,70.8998858391393,71.02412,train
5235,83.53755060546071,83.69536,train
3256,29.77075417333722,29.798998,train
4087,12.124975352206752,12.278806,train
5117,77.79019270718656,77.67626,train
1757,55.27187238699012,55.278023,train
12491,38.05130976592272,37.77637,train
16681,80.25361829662151,80.29799,train
2201,6.750079908713624,6.840165,train
2640,70.8998858391393,70.88589,train
9248,45.250987390322535,45.631325,train
11718,69.14676947161414,69.14566,train
13348,92.24483243250832,92.12218,train
3840,60.456358375515045,60.652863,train
10084,136.40586584491066,136.97578,train
15555,5.260504433154911,5.462879,train
4302,179.04708701101467,179.63187,train
15661,33.717244930192976,33.68749,train
8944,117.94057501366258,117.79604,train
14843,26.936990316598862,27.176184,train
18966,89.83219912234955,89.65838,train
3426,92.03325910726882,91.722984,train
14894,45.4925622387705,46.771133,train
13398,47.10789941727601,47.240593,train
14331,55.99893434087522,56.29941,train
427,179.04708701101467,179.2697,train
13958,54.992252475314366,55.382114,train
2789,27.727713592149392,27.995998,train
16529,107.5602418843858,107.906364,train
2212,8.180433892801254,8.584318,train
18537,81.7828321007955,82.34282,train
10841,66.72644865783289,67.13453,train
4608,33.39074910958052,33.369724,train
9851,43.186882593766825,42.285255,train
9105,88.48216304859169,88.32001,train
1315,29.12596598702036,29.158512,train
9987,20.89376771053955,21.543621,train
18306,99.25129745411776,98.76077,train
16098,55.89167516914279,55.912247,train
5498,17.59043680885926,17.392952,train
10799,51.72251594763205,51.57536,train
4582,21.824079935423136,21.884987,train
10142,94.86192637572438,94.8282,train
2838,40.76621946032643,40.161358,train
17778,31.74469640013553,31.916862,train
6897,58.30263960140757,58.05215,train
5503,19.28254456595652,19.070042,train
16314,50.733368627516406,49.99926,train
19128,30.88595532017685,29.659533,train
7122,71.78670881619587,71.551735,train
19216,62.90876193978079,63.270237,train
10817,58.31738655168958,58.818203,train
19120,27.698995930992588,27.418987,train
17335,19.694692079282625,18.81643,train
11397,38.91593697359488,38.8597,train
11024,75.03655084716752,74.73667,train
301,51.9827380963932,51.975266,train
4529,9.499438230882436,9.501294,train
3251,29.77075417333722,29.798998,train
309,53.11407662346408,53.332386,train
7089,70.8998858391393,70.987114,train
2802,29.533535528411715,29.31289,train
18150,34.339930274970904,34.335663,train
14440,102.64150512184672,103.18414,train
384,73.97103175765946,74.00452,train
6363,58.5236929318425,58.472404,train
4009,44.597910972306806,45.321968,train
14374,158.73631998820795,158.71172,train
2253,19.20192266480916,19.17752,train
25,95.27995050133204,94.91141,train
15589,11.473018356565088,11.504866,train
2043,32.289249758728964,31.896097,train
16079,49.5370430474446,49.297264,train
9228,38.72775337298162,38.88969,train
9511,134.13491032325388,134.0771,train
13860,17.09241641846016,17.74339,train
2003,21.77517690158367,21.566051,train
105,71.63339382759392,71.78477,train
15279,84.01038592956453,83.96434,train
6889,58.132094825297145,58.49269,train
16758,118.62582953904092,118.552055,train
9350,100.6187540373376,100.07518,train
15105,92.69393389813976,92.56884,train
10140,94.86192637572438,95.33987,train
11734,68.87072465156034,69.33128,train
10826,62.29899679862298,62.542446,train
980,56.44692913934201,56.45331,train
18967,89.83219912234955,89.7101,train
16353,48.10528443505019,48.88394,train
8263,25.51278413365878,25.587753,train
3165,6.750079908713624,6.840165,train
14311,47.982575358036456,48.463146,train
8019,29.34578260289036,29.122139,train
8528,2.618505311135724,2.653271,train
2333,56.44692913934201,56.411892,train
19378,70.67888709810615,70.29177,train
6966,73.76729204182922,73.72567,train
18042,90.79293338634857,90.51821,train
17647,63.65496035831079,63.651154,train
6267,26.320863792397155,26.530876,train
18619,82.46105591073825,82.44625,train
16602,71.91197889308408,72.25444,train
11295,8.180433892801254,8.071619,train
7464,35.87508543765299,35.75812,train
15551,5.260504433154911,5.1478662,train
18147,34.339930274970904,34.327984,train
1297,21.824079935423136,21.884987,train
4947,15.977335233233198,16.013798,train
7192,134.14502085001527,134.24054,train
11055,2.9065837811274826,2.9311738,train
11921,81.78283210079856,81.59085,train
6288,29.533535528411715,29.31289,train
671,11.384421137066337,11.406518,train
17212,90.5009001330304,90.44589,train
566,99.4907361299304,99.62274,train
4305,179.04708701101467,178.99586,train
13710,74.34851013209767,74.38333,train
8929,136.40586584491066,136.95403,train
10758,43.79476634692401,43.67526,train
10769,45.14459234822735,45.48388,train
3037,41.84557272242807,41.5119,train
12003,84.52419181559615,84.63847,train
2937,19.89991539202705,19.622213,train
11119,9.839051198642553,10.28264,train
11856,107.7381594436571,107.85015,train
16538,98.11718222077316,99.02248,train
5952,60.19466070864491,60.127243,train
16085,49.5370430474446,49.54989,train
9541,101.3171290408814,101.426575,train
19346,59.57543179697275,59.864502,train
5803,77.53876431170232,77.464165,train
18102,25.32142942667775,24.696255,train
561,100.48928695862324,100.20015,train
6834,68.70638879452079,68.73118,train
8450,46.20624283129268,47.110817,train
9190,30.8733631927149,31.074734,train
626,5.227697523949966,5.272317,train
16369,48.45410543881178,50.055687,train
15636,25.51278413365878,25.587753,train
2384,35.86295586622186,36.207703,train
8435,41.380738858681696,40.737537,train
7511,48.96526861625701,49.336548,train
101,71.63339382759392,71.643654,train
11201,38.91593697359398,38.8597,train
3393,101.0511292541869,101.18552,train
6239,24.63527893831387,23.967028,train
15134,136.40586584491066,136.47696,train
4440,99.4907361299304,99.28148,train
14457,95.65935721790642,95.92108,train
7433,28.678520203607828,28.980642,train
8048,38.88107047950797,38.416077,train
13094,68.87072465156034,69.4232,train
17960,97.23410613085656,97.0074,train
18277,117.94057501366258,118.16364,train
18075,25.04050211213976,25.065285,train
13505,41.80739580968886,42.42781,train
18418,85.2707950135868,85.37076,train
3391,101.0511292541869,101.34692,train
1496,109.30466743726038,108.89172,train
8876,57.60964815073893,57.37927,train
2885,58.5236929318425,58.450096,train
8730,78.77344906209804,79.594574,train
16765,111.6113573414681,111.43207,train
15539,4.22054923341766,4.2420034,train
12025,134.13491032325388,134.30534,train
11016,70.67888709810615,70.13366,train
6697,35.46372651810452,35.331287,train
6055,166.17853479893557,166.12784,train
13799,8.90268272869505,8.939724,train
17939,105.8033985466063,106.009544,train
10161,88.31993375128738,88.21944,train
19145,34.36019909387007,35.24415,train
17297,12.046394034663363,11.994334,train
17377,30.88595532017685,30.78333,train
15740,163.4865892910184,163.32262,train
2070,38.88107047950797,39.215347,train
158,78.2395703036289,78.66503,train
7817,89.93891881356173,90.03944,train
8616,13.645628914737031,13.686924,train
5314,19.28254456595652,19.049597,train
6073,154.98431615588598,155.21118,train
7519,53.00734926713273,53.21536,train
3151,5.527128574206158,5.477246,train
5041,55.27187238699012,55.28068,train
15578,9.570229866524786,9.544644,train
16298,86.00802491357506,85.94431,train
4346,129.4267602168825,129.64935,train
3983,37.34804120151974,36.99116,train
6837,65.44228559506357,65.23086,train
8957,110.67568302020096,110.38008,train
11660,81.59299887306369,81.62535,train
8575,6.4852329987035695,6.548349,train
12492,38.05130976592272,37.77723,train
9113,89.77171705634251,89.4981,train
18235,69.52453059841163,69.70933,train
13856,17.09241641846016,17.62864,train
6645,21.77517690158367,21.805954,train
10750,42.8512051051052,43.219265,train
1967,14.147402430467531,14.267633,train
1768,62.12878854692645,62.113365,train
4690,21.429473611547053,21.296007,train
1976,15.826709276493416,15.867119,train
18797,47.12291119309999,46.12661,train
15585,9.570229866524786,9.544644,train
11524,45.64933795175344,46.15166,train
5789,75.16417987128504,75.146194,train
8997,91.2397572047843,91.73649,train
2279,25.857534399290905,25.906042,train
10461,79.48504113105551,79.74818,train
13959,54.992252475314366,55.64539,train
18783,38.33307963061296,38.57212,train
3922,25.32142942667775,25.34477,train
8456,46.20624283129268,46.073605,train
8370,35.919888386123255,35.66714,train
5981,66.87499746459498,67.194786,train
7730,57.64076850782871,57.942905,train
387,73.97103175765946,74.49287,train
7368,83.09935595306598,82.97329,train
1908,39.33748405428104,39.45302,train
15325,110.28871787139632,109.895096,train
10679,47.57393441184789,49.02307,train
14292,44.66517096340306,44.848648,train
14560,18.448270263304188,18.559721,train
14885,45.4925622387705,44.54095,train
3756,36.94310571922444,36.77075,train
5580,39.33748405428104,39.695126,train
6488,38.05130976592272,37.696667,train
18540,81.7828321007955,81.646164,train
4656,62.12878854692645,62.12984,train
5170,71.5126952436544,71.661125,train
12916,58.991170602037386,58.69782,train
9626,78.04583599126548,78.285164,train
6230,25.04050211213976,24.575098,train
12383,78.23957030362628,78.1103,train
12614,53.18976182780735,53.515377,train
3370,118.62582953904092,119.19649,train
18196,48.84238573144443,49.40704,train
18236,69.52453059841163,69.82353,train
15851,89.59649952596679,89.59986,train
13393,53.18976182780735,52.556396,train
12824,77.41176032874927,77.6701,train
15611,16.11129124792047,16.207216,train
1273,15.977335233233198,16.00739,train
4704,23.053352899871395,24.071596,train
1963,14.147402430467531,14.353399,train
17146,111.6113573414681,112.7167,train
1897,35.43032585388161,35.027885,train
4920,9.499438230882436,9.501294,train
13310,94.85645482862957,94.57315,train
13023,85.80236635218084,85.78011,train
7030,90.56896135270873,89.74544,train
3854,64.95566127753808,64.730225,train
7555,72.52135855398946,72.49825,train
12247,89.57234360169679,90.51494,train
15762,127.03771421016312,127.97897,train
11116,9.839051198642553,9.849857,train
59,77.79019270718656,77.544685,train
17606,42.852961632253525,42.561733,train
8148,3.3460458597073703,3.3082185,train
11151,19.20192266480916,19.17752,train
14838,26.936990316598862,27.006416,train
9516,123.96214174002029,124.15574,train
10509,19.628813853406385,18.9929,train
4494,4.196221297202333,4.204997,train
11096,6.750079908713624,6.840165,train
18623,82.46105591073825,82.36465,train
15530,3.3460458597073703,3.3082185,train
3891,25.04050211213976,25.115986,train
5694,84.57638463785023,84.24482,train
3026,35.87508543765299,36.51083,train
14654,35.87508543765299,36.51083,train
15607,16.11129124792047,16.207216,train
11431,78.77344906209804,79.24478,train
17968,94.254909093602,94.22172,train
13715,74.95067169957674,74.852036,train
15542,4.22054923341766,4.2420034,train
17662,69.92772157818914,69.99798,train
3095,62.1233802776967,62.427353,train
8211,11.473018356565088,11.504866,train
14874,36.858562352761474,38.05217,train
9584,84.24741541524314,83.806244,train
10747,42.8512051051052,42.918907,train
12566,60.456358375515045,60.71238,train
7118,71.78670881619587,72.328476,train
12819,83.01808144823141,83.082794,train
6859,60.81262844049596,60.49367,train
5693,84.57638463785023,84.699554,train
14416,112.90513573952586,113.616066,train
4779,41.84557272242807,41.82408,train
12497,39.53055859179817,39.442352,train
18082,24.63527893831387,24.847967,train
1383,230.9901536612257,231.16154,train
13870,19.273701242015807,19.659817,train
7754,135.2198141561254,134.73276,train
3380,105.8033985466063,106.22171,train
7776,115.30303150446332,115.22837,train
17349,22.120024226901386,22.144325,train
18744,25.122162434308752,25.67445,train
6710,38.88107047950797,39.215347,train
7072,73.68374035525322,73.76539,train
9420,76.50234292040042,76.422935,train
6778,70.03363402017787,70.391136,train
6404,80.57929170551442,80.2765,train
15725,180.7969094795742,179.7027,train
13735,77.52447914202958,77.00274,train
11124,11.747596709247082,11.700321,train
13986,16.08629542413324,16.247976,train
4120,16.125116344342604,16.152843,train
10324,50.09922712517202,50.317818,train
16046,29.402411149110645,29.467646,train
15011,107.5197399548222,106.92263,train
5261,12.124975352206752,12.284316,train
3679,70.03363402017787,70.32531,train
3517,15.826709276493416,15.932983,train
4741,30.8733631927149,30.45485,train
12195,82.46105591073825,82.36465,train
1141,100.48928695862324,100.38317,train
1800,13.792313484057486,13.726273,train
15277,84.01038592956453,83.95511,train
894,19.20192266480916,19.17752,train
7131,73.22704486211128,73.03814,train
405,230.9901536612257,230.94298,train
13487,37.48026356057577,37.47193,train
3765,38.05130976592272,37.696667,train
17174,97.23410613085656,97.2007,train
8845,47.53432583996549,47.702717,train
6628,17.650012712740526,17.337688,train
6521,43.604537301970495,43.57611,train
13890,24.534383850610403,24.975204,train
13569,65.83077308186866,65.78916,train
16494,83.09327843384654,82.98652,train
15396,73.5169788308657,74.03488,train
3698,38.91834885517143,39.060482,train
17046,48.41170998900376,48.70409,train
5997,70.098803480824,70.38418,train
10442,75.03655084716752,75.37213,train
13123,70.8035239631433,71.07094,train
10937,49.964974571776985,50.2298,train
10052,48.39717757559769,48.558826,train
18203,53.49135176226452,53.548874,train
18506,95.84505322335384,96.193504,train
13002,96.6886854171183,96.95072,train
18528,84.24741541524314,83.76094,train
17859,69.92772157818914,69.94492,train
6374,63.896198456162885,63.621696,train
12512,41.380738858681696,40.737537,train
10856,62.90876193978079,61.995453,train
4720,26.657804872047155,25.771996,train
1721,33.39074910958052,33.369724,train
6170,101.86758015295236,101.677895,train
4655,62.12878854692645,62.12984,train
6264,26.320863792397155,26.37242,train
17092,180.7969094795742,180.46167,train
8754,62.25633543844163,61.82489,train
486,123.0978685654898,123.37474,train
3974,34.339930274970904,34.170742,train
7814,89.93891881356173,90.28897,train
13122,69.70696214856945,69.76378,train
18249,80.57929170551442,80.44156,train
14742,72.52135855398811,72.46847,train
8008,26.620833128631787,26.410604,train
7283,70.89988583913944,70.987114,train
14598,24.789633367188944,24.627636,train
828,5.527128574206158,5.699221,train
18040,90.79293338634857,90.74483,train
2486,56.318371719458256,56.525196,train
3019,35.87508543765299,35.75812,train
7584,24.456458411821725,24.134983,train
14699,53.00734926713273,52.876472,train
13564,60.69477696945295,61.232,train
1575,2.606366123918593,2.6254888,train
9390,82.51266906756706,82.14267,train
15499,83.53755060546025,83.72428,train
19307,50.93322091321282,50.893024,train
764,49.00862249254413,48.99863,train
14295,44.66517096340306,44.01012,train
6965,73.76729204182922,73.60074,train
16982,25.935608876074404,26.077414,train
13969,61.22157397051245,61.144157,train
18701,16.438024087071643,16.390686,train
12713,37.48026356057577,37.05567,train
3547,21.77517690158367,22.056982,train
12166,78.3521209153635,78.634155,train
3896,25.04050211213976,24.06029,train
11042,83.55792357754082,83.14607,train
15161,110.67568302020096,110.057396,train
9551,95.84505322335384,95.92625,train
2779,26.320863792397155,26.557158,train
5703,79.88545352007553,79.69383,train
13628,88.28473895319611,88.81287,train
12974,70.098803480824,70.04709,train
7807,94.83357335355618,94.59159,train
9641,78.3521209153635,78.26734,train
17059,59.31238391810723,58.548344,train
9771,16.25018195930533,16.217482,train
11456,62.25633543844163,60.982735,train
4794,45.250987390322535,45.631325,train
19052,12.046394034663363,11.982723,train
17672,16.20097931775689,16.37959,train
3522,17.650012712740526,17.739468,train
3589,32.289249758728964,32.737614,train
15817,97.23410613085656,97.419106,train
11067,3.624115801788345,3.5554862,train
17774,31.74469640013553,30.39952,train
16515,134.14502085001388,134.24054,train
1039,154.98431615588598,155.21118,train
9588,84.24741541524314,83.67594,train
14984,125.86447482244527,126.48118,train
14088,33.159238156410005,33.25281,train
18891,117.40677602978512,117.42912,train
4452,98.65596999066533,98.667496,train
378,73.97103175765946,73.15906,train
18365,83.29477154332817,83.168304,train
298,51.9827380963932,52.034508,train
14703,53.00734926713273,53.25966,train
375,69.71997296559415,69.50742,train
7683,40.89299824332066,40.036064,train
8981,99.25129745411776,99.42061,train
876,13.92854978889145,13.916968,train
1316,29.12596598702036,29.158512,train
15093,92.24483243250832,92.26628,train
1011,179.04708701101467,178.69093,train
14163,53.18976182780735,52.520603,train
12356,74.18155972707093,74.45248,train
14216,35.5258604479491,35.192776,train
10232,84.01038592956453,83.96434,train
4480,3.328531319289431,3.337573,train
6584,69.76848318728358,69.411194,train
14142,61.55125893730588,60.96003,train
15103,92.69393389813976,92.50871,train
12736,44.66517096340306,44.11076,train
2851,44.597910972306806,44.559593,train
15044,96.9560797736986,96.76005,train
18366,83.29477154332817,83.39696,train
2604,79.88545352007553,79.40412,train
13251,118.73948000326068,118.359634,train
601,2.606366123918593,2.6254888,train
16456,67.58928448046117,67.44014,train
13878,21.74656491623193,22.29044,train
15485,78.23957030362628,78.03443,train
19094,19.694692079282625,19.826042,train
2095,50.68801501365044,50.559875,train
2991,28.678520203607828,28.110172,train
5293,16.125116344342604,16.152843,train
14660,38.72775337298162,38.746605,train
7638,28.550776752841173,28.181976,train
3339,149.10252861042588,149.37039,train
18521,87.37869480347202,87.32474,train
17609,42.852961632253525,42.680782,train
7541,62.1233802776967,62.335724,train
9410,77.87315181130059,77.61968,train
2091,46.48566476712182,46.496216,train
6083,136.76886894565047,136.74638,train
10950,50.93322091321282,52.24723,train
8279,33.717244930192976,33.68749,train
2608,76.30367359186545,76.03541,train
1803,14.865809293936342,14.746195,train
11546,47.53432583996549,48.004612,train
18017,89.42090092796712,89.54614,train
8273,29.402411149110645,29.427898,train
13190,85.05997393992781,85.03209,train
2722,83.09935595306658,83.122765,train
15455,72.80691569376961,72.72832,train
5604,53.62497940433934,53.230003,train
17180,97.23410613085656,96.943306,train
14076,29.8566124927783,29.76149,train
1785,12.885025212225244,12.936545,train
15654,29.402411149110645,29.467646,train
10079,60.34709742131263,60.55983,train
10985,59.57543179697275,58.842102,train
3077,57.39162304208823,57.318844,train
15546,5.260504433154911,5.1478662,train
2009,21.77517690158367,22.085136,train
12858,62.82498618409738,62.69338,train
15141,126.44708143304572,126.33544,train
9289,67.18811819694348,66.87246,train
5200,74.18155972707108,73.86918,train
1844,21.22276810141124,20.66207,train
1706,29.125965987027584,29.158512,train
14862,33.159238156410005,33.516857,train
16722,149.10252861042588,149.25272,train
8342,38.91834885517143,38.629906,train
1400,193.8751524679473,193.86566,train
6485,38.05130976592272,38.17068,train
1541,100.48928695862324,100.20015,train
14092,36.858562352761474,36.16224,train
18877,133.10289781802356,133.8088,train
17202,92.03325910726882,91.91374,train
11752,69.70696214856945,69.72182,train
3912,24.74816706908628,24.884186,train
3145,4.491537072359547,4.575762,train
1924,48.41170998900376,48.098736,train
8012,26.620833128631787,26.358273,train
9513,123.96214174002029,123.93061,train
9166,24.789633367188944,24.976704,train
12505,41.380738858681696,41.732418,train
9092,86.82293470300802,86.74894,train
18292,110.67568302020096,110.72299,train
12650,36.99469593104042,36.756386,train
3038,41.84557272242807,41.388935,train
14466,93.24564903744712,92.98687,train
6680,29.34578260289036,29.353964,train
11529,46.3112758194042,46.555065,train
2073,42.55205181960314,42.276257,train
9309,135.2198141561254,135.19768,train
14316,51.76031579593137,51.743427,train
11212,44.21359478458822,44.129055,train
2947,21.429473611547053,21.170357,train
9185,28.678520203607828,28.492159,train
4384,113.1117727502116,113.86195,train
9315,135.2198141561254,134.85611,train
8072,46.48566476712182,46.11491,train
2944,19.89991539202705,19.793625,train
13105,69.0602255325774,69.56819,train
13769,84.17406753255614,84.195244,train
16422,58.10615179076552,59.50727,train
1969,14.147402430467531,14.391522,train
18031,89.98590815117426,90.06519,train
921,25.857534399290905,25.906042,train
9456,76.77816930527784,76.67853,train
930,29.77075417333722,29.798998,train
6747,55.1604052272772,55.00519,train
9876,54.10904342509948,54.38493,train
7002,119.35792066219084,118.639465,train
8332,62.85838899590023,62.841156,train
17137,118.62582953904092,118.775085,train
755,43.29863673312664,43.32351,train
15010,107.5197399548222,107.01585,train
17497,17.141358034855276,17.350813,train
3658,59.89579766367838,60.048542,train
14704,53.00734926713273,53.636948,train
725,29.12596598702036,29.18679,train
5464,13.792313484057486,13.912921,train
18243,75.23466307522513,75.611336,train
7298,70.57768311562211,70.81345,train
18597,79.27542778284364,79.223206,train
10983,59.57543179697275,59.17683,train
13073,69.8994010800787,70.63115,train
3627,46.48566476712182,46.622345,train
4101,13.792313484057486,13.912921,train
5519,21.22276810141124,21.393372,train
18765,31.06582383188345,32.03371,train
16009,18.89411765969292,18.910645,train
15643,25.51278413365878,25.587753,train
8063,42.55205181960314,42.27842,train
7285,70.89988583913944,70.88589,train
6057,166.17853479893557,165.7178,train
6322,37.34804120151974,38.165905,train
8670,33.717244930192976,33.68749,train
49,80.93195157639853,80.71417,train
15582,9.570229866524786,9.544644,train
5675,98.11718222077316,98.761,train
2818,34.339930274970904,34.168934,train
18987,89.38401259047933,89.198975,train
13038,78.081523194867,78.15226,train
11220,44.21359478458822,44.378242,train
4592,25.27984779576332,25.35617,train
625,5.227697523949966,5.272317,train
13095,68.87072465156034,69.35824,train
16594,73.68374035525322,73.62137,train
1691,21.824079935423136,21.884987,train
7346,77.53876431169658,77.37151,train
13223,143.8247661167656,144.53784,train
16049,33.717244930192976,33.68749,train
8786,47.46331387653679,47.913437,train
2626,73.68374035525322,73.93762,train
3802,46.20624283129268,47.110817,train
4643,49.0086224925457,48.99863,train
17689,16.57780018172115,16.65779,train
3902,24.63527893831387,24.949902,train
3116,72.52135855398946,72.788284,train
5233,83.53755060546071,84.10097,train
16870,90.79293338634857,90.78081,train
16017,18.89411765969292,18.911312,train
14886,45.4925622387705,45.142063,train
1845,21.22276810141124,21.174717,train
2798,29.533535528411715,29.585348,train
16845,89.25950270069107,89.39454,train
6058,166.17853479893557,166.28708,train
2021,24.10159309622668,24.587608,train
14500,89.76736722751878,89.478874,train
6349,48.84238573144443,49.171524,train
15036,99.73165781686828,100.472755,train
5211,76.00671399435818,75.72235,train
14747,16.314170769820958,16.183086,train
18698,16.438024087071643,15.618847,train
1825,17.59043680885926,17.440369,train
11182,29.77075417333722,29.736755,train
7971,17.650012712740526,17.624046,train
17866,201.78551544430667,202.36295,train
6187,99.4907361299304,99.4891,train
9999,23.676009316847548,24.508423,train
3421,92.03325910726882,91.90891,train
6186,99.4907361299304,99.62274,train
581,98.65596999066533,98.59721,train
14481,91.48707426187316,90.996216,train
10073,60.34709742131263,60.063057,train
8579,7.914848156370223,7.931517,train
17773,28.80702918062262,29.34782,train
9722,8.967662639453113,8.883436,train
8643,22.019205815790663,22.058369,train
16346,48.1381815952728,48.25458,train
8484,56.318371719454376,55.70036,train
17813,42.852961632253525,43.547714,train
7701,44.47167879893512,44.660297,train
10028,34.1577503463269,34.771866,train
14565,19.89991539202705,19.622213,train
6650,21.77517690158367,22.056982,train
8260,25.51278413365878,25.587753,train
9817,26.79723709025756,26.640652,train
7262,73.68374035525031,73.56079,train
6376,63.896198456162885,63.81278,train
14129,50.439407630704494,50.874653,train
2700,77.53876431170232,77.28145,train
10197,82.74203335367166,82.87929,train
16887,91.48002635649718,91.3199,train
3888,26.05871153969042,26.266762,train
3995,40.76621946032643,40.623463,train
12817,83.01808144823141,82.7521,train
11943,78.04583599126548,78.17756,train
16702,201.78551544430667,201.87143,train
12442,36.41164086407028,36.591293,train
16240,72.80691569376961,72.690605,train
5717,73.68374035525322,73.56079,train
13388,53.18976182780735,53.466965,train
5572,35.43032585388161,35.959343,train
18965,90.8660920550722,91.11723,train
1394,211.02994799979388,211.12189,train
16361,48.10528443505019,49.211384,train
15532,3.3460458597073703,3.458318,train
16652,73.22704486211128,73.05103,train
5679,90.56896135270873,89.74544,train
8204,9.570229866524786,9.544644,train
8181,6.4852329987035695,6.548349,train
17888,163.4865892910184,163.32262,train
16153,84.82941053361527,84.97708,train
3398,101.0511292541869,101.20843,train
7190,134.14502085001527,134.74374,train
11473,52.60873127102636,51.57438,train
17708,17.95913696269572,17.958519,train
997,211.02994799979388,211.02756,train
9506,134.13491032325388,134.30534,train
16087,49.5370430474446,49.54989,train
19270,50.09922712517202,50.234516,train
2952,21.429473611547053,21.296007,train
4465,2.606366123918593,2.6254888,train
18600,79.27542778284364,79.29854,train
16771,105.8033985466063,106.009544,train
8595,9.570229866524786,9.544644,train
990,230.9901536612257,230.94298,train
18273,117.94057501366258,117.90979,train
1044,145.24040847801632,145.55476,train
785,62.12878854692645,62.12984,train
6232,25.04050211213976,25.006348,train
14746,16.314170769820958,15.740353,train
11117,9.839051198642553,9.849857,train
5177,71.91030133184738,72.269485,train
12597,74.77670776968412,74.43331,train
6789,75.24982629334554,75.334274,train
14617,28.678520203607828,28.793558,train
10798,51.72251594763205,51.323627,train
10760,43.79476634692401,44.44125,train
9646,78.3521209153635,78.591446,train
13599,104.53191002397112,104.27806,train
15707,62.85838899590023,62.84564,train
12012,86.49796272771187,86.45653,train
19169,46.6663635563764,46.340843,train
12477,36.94310571922444,37.25002,train
15612,16.11129124792047,16.207216,train
50,80.93195157639853,79.95124,train
9751,12.681740297286362,12.441697,train
864,11.747596709247082,11.700321,train
17556,26.22042757385485,25.545582,train
10364,50.93322091321282,50.893024,train
1222,6.442036183009371,6.4377747,train
6695,35.46372651810452,35.319714,train
1647,11.384421137066337,11.406518,train
6799,83.01808144823141,82.59321,train
7416,24.789633367188944,24.168653,train
16691,83.09935595306658,83.122765,train
14285,41.80739580968886,41.16,train
4192,31.91051408188231,31.415007,train
13758,81.70522876686431,81.39429,train
12191,82.46105591073825,82.44625,train
1720,33.39074910958052,33.369724,train
4270,230.9901536612257,230.63889,train
13961,54.992252475314366,55.670666,train
9184,28.678520203607828,28.18147,train
18041,90.79293338634857,90.69404,train
12888,58.48566458724775,58.36576,train
6242,24.63527893831387,24.782763,train
15359,84.82941053361527,84.85149,train
16660,75.16417987128504,75.03426,train
13116,69.70696214856945,69.69573,train
6854,60.81262844049596,61.323257,train
5636,152.8177784761153,152.76283,train
10782,49.09810003248252,49.272766,train
10477,14.147402430467531,14.295524,train
8433,41.380738858681696,41.239166,train
17412,42.23549826962851,43.319645,train
15748,149.10252861042588,149.37039,train
948,38.91593697359398,38.8597,train
15410,72.29320847026757,72.126396,train
9453,76.77816930527784,76.66134,train
18133,29.533535528411715,29.756115,train
10370,50.93322091321282,51.3997,train
15810,97.23410613085656,97.21221,train
13425,36.99469593104042,37.37604,train
2326,50.04341124314785,50.090683,train
5463,13.792313484057486,13.731997,train
18908,105.86133971445166,105.86098,train
15387,75.33592393483191,75.39578,train
16863,89.98590815117426,90.06519,train
10554,32.289249758728964,32.269215,train
16165,77.79019270718537,77.77254,train
12633,42.58610637454368,42.87839,train
13547,55.99893434087522,56.052456,train
5312,17.59043680885926,18.171888,train
18184,44.597910972306806,44.86866,train
10916,49.52880914978266,49.738922,train
18125,27.727713592149392,27.87228,train
9611,78.70967419713557,78.76357,train
18179,44.597910972306806,44.814774,train
12873,60.81262844049596,60.5498,train
8991,91.2397572047843,91.4632,train
10616,55.1604052272772,55.00519,train
14927,67.62832117387488,67.29005,train
17656,69.92772157818914,69.743256,train
18607,80.66666767817155,80.61447,train
17374,30.88595532017685,29.904982,train
349,62.36217072729759,61.975216,train
13178,82.2895007905107,82.105286,train
11155,19.20192266480916,19.17752,train
3350,137.09122808053337,136.92966,train
7098,70.5776831156227,70.76206,train
17867,201.78551544430667,202.7263,train
2534,152.8177784761153,152.7997,train
8772,52.60873127102636,52.56848,train
13161,76.6667816523841,76.76202,train
4484,3.328531319289431,3.337573,train
15833,92.03325910726882,91.775276,train
16800,94.254909093602,94.22172,train
17288,10.57203228982024,10.676369,train
16467,71.35912677124634,70.29084,train
7176,83.09935595306658,83.381516,train
5994,70.098803480824,69.95505,train
16896,12.124975352206752,12.278806,train
15984,11.473018356565088,11.504866,train
7184,152.8177784761153,152.46039,train
15049,94.85645482862957,94.321396,train
13732,77.52447914202958,76.92936,train
10930,49.49174784981139,50.411514,train
2737,25.04050211213976,25.120773,train
17084,201.78551544430667,202.10912,train
2488,56.318371719458256,56.563118,train
17753,23.96684006413348,24.979647,train
5573,39.33748405428104,38.806686,train
18255,80.57929170551442,80.605316,train
2764,24.74816706908628,24.21803,train
16032,25.51278413365878,25.587753,train
169,80.80332043496549,81.118004,train
10008,26.79723709025756,27.339218,train
1546,99.4907361299304,99.62274,train
18898,111.16906764061592,110.921646,train
18713,18.266090082633497,18.35762,train
11154,19.20192266480916,19.17752,train
13365,93.28231569539822,93.47543,train
10633,64.87166628595628,65.06281,train
2435,41.380738858681696,41.711777,train
14887,45.4925622387705,44.94454,train
10827,62.29899679862298,62.614468,train
8301,43.749455725793766,43.75151,train
2332,50.04341124314785,50.090683,train
5128,75.33592393483191,75.00917,train
6585,69.76848318728358,69.559715,train
15101,92.69393389813976,92.67349,train
15737,163.4865892910184,163.69218,train
15575,7.914848156370223,7.931517,train
8291,38.48840493675039,38.530453,train
2689,75.16417987128504,75.146194,train
11750,69.70696214856945,69.95095,train
4230,48.41170998900376,47.750965,train
4948,15.977335233233198,16.013798,train
9070,84.01038592956453,84.02288,train
13924,39.32963876961686,38.761314,train
10590,42.55205181960314,43.292965,train
11068,3.624115801788345,3.6457982,train
13606,98.2154014561832,97.934296,train
19289,49.49174784981139,49.255653,train
7130,73.22704486211128,73.00138,train
15792,105.8033985466063,105.830956,train
7816,89.93891881356173,89.634964,train
11167,22.34386956684365,22.653292,train
13536,51.76031579593137,51.834587,train
2414,38.05130976592272,38.52407,train
4325,154.98431615588598,155.21118,train
5796,75.16417987128504,75.572784,train
17849,63.65496035831079,63.871258,train
11415,50.04341124314845,50.090683,train
134,72.80691569376819,72.67616,train
8965,104.48871564383238,104.04591,train
13160,76.6667816523841,76.372925,train
16892,12.124975352206752,12.266352,train
7567,25.06787074771092,24.98607,train
13905,31.152134114795924,31.069239,train
13454,34.767713483007924,35.736183,train
4419,101.86758015295236,101.71551,train
13999,16.251795051003693,16.1833,train
9054,82.69911139745801,82.652435,train
15023,103.23350357813172,102.9368,train
16850,89.42090092796712,89.60908,train
9549,101.3171290408814,101.363815,train
3326,163.4865892910184,163.66872,train
8613,13.645628914737031,13.686924,train
13012,90.79649380247676,90.73678,train
10504,19.628813853406385,19.612272,train
13014,85.80236635218084,86.01027,train
34,89.57234360169679,90.00319,train
11555,49.29258108243957,49.53555,train
6919,60.19466070864491,59.680687,train
8208,11.473018356565088,11.504866,train
18843,182.32680590471207,181.89232,train
2260,19.20192266480916,19.17752,train
7597,24.649355892468915,24.611656,train
7097,70.8998858391393,71.00957,train
18403,84.01038592956453,83.96403,train
7157,77.53876431170232,77.71308,train
7828,82.51266906756706,83.018394,train
15495,80.80332043496728,80.95916,train
6978,77.7528643276994,77.92446,train
9095,86.82293470300802,86.8329,train
8413,38.05130976592272,37.696667,train
7634,28.550776752841173,28.519852,train
12546,52.561077422995496,52.319492,train
11187,29.77075417333722,29.798998,train
13498,39.410668208964985,39.54768,train
11594,61.34974693767026,61.508453,train
6032,211.02994799979388,211.02756,train
5851,72.67230242637233,72.58117,train
4745,33.2646262088608,33.356304,train
3332,163.4865892910184,164.02423,train
12414,86.00802491357506,86.17882,train
18649,9.788308558714837,9.421847,train
9779,16.25018195930533,16.393354,train
15170,104.48871564383238,103.7727,train
2417,38.05130976592272,37.983067,train
4030,58.5236929318425,58.472404,train
8223,13.645628914737031,13.686924,train
8770,52.60873127102636,51.57438,train
4664,62.12878854692645,62.113365,train
4418,101.86758015295236,101.63996,train
7674,37.70223435850963,37.374783,train
5722,73.68374035525322,73.32668,train
12781,60.69477696945295,60.945324,train
13875,21.74656491623193,21.375227,train
9400,79.86598582053819,79.67533,train
11702,71.14396606839321,70.92043,train
5608,53.62497940433934,53.75197,train
7861,76.50234292040042,76.28072,train
1077,123.0978685654898,123.417656,train
15148,117.94057501366258,118.24677,train
9181,28.678520203607828,28.793558,train
4121,16.125116344342604,16.024097,train
5517,21.22276810141124,20.990202,train
12845,68.70638879452079,68.59198,train
4931,11.384421137066337,11.406518,train
8609,13.645628914737031,13.686924,train
9223,38.72775337298162,38.49571,train
11249,2.9065837811274826,2.9311738,train
3806,46.20624283129268,46.099392,train
1328,38.10425093874939,38.1061,train
19192,56.56699701702424,56.486725,train
15929,4.22054923341766,4.2420034,train
3755,36.94310571922444,36.687035,train
9899,7.349844286016002,7.700085,train
17272,91.48002635650002,91.3199,train
18788,42.52531704241395,41.655415,train
15057,93.38657295807928,93.30904,train
9998,23.676009316847548,24.247332,train
5762,70.8890994699993,70.93974,train
11951,78.04583599126548,78.187904,train
6076,145.24040847801632,145.53375,train
12891,58.48566458724775,58.657787,train
2267,22.34386956684365,22.653292,train
7477,38.72775337298162,38.746605,train
10383,54.316367961579786,54.825035,train
7328,73.22704486211002,73.05103,train
5944,58.991170602037386,58.687656,train
2867,53.49135176226452,53.465363,train
6811,77.41176032874927,77.59596,train
32,89.57234360169679,89.66155,train
4863,2.606366123918593,2.6254888,train
9477,80.03415155888028,79.96949,train
12274,80.93195157639853,80.80415,train
9231,41.84557272242807,41.978783,train
12434,37.38629228613615,37.434944,train
9887,60.34709742131263,60.55983,train
15189,94.86192637572438,94.8282,train
6537,49.19054255336955,49.13068,train
10347,49.49174784981139,49.655323,train
12117,81.7828321007955,81.64707,train
7228,90.5689613527014,90.503105,train
4910,7.85908552453503,7.9066777,train
13285,99.73165781686828,100.1316,train
2755,24.63527893831387,24.870863,train
5058,110.28871787139632,110.31514,train
647,7.85908552453503,7.9066777,train
5744,70.8998858391393,70.893234,train
18813,52.14885440372348,52.087547,train
6507,41.380738858681696,41.368233,train
4064,75.23466307522513,75.06198,train
7687,40.89299824332066,41.17806,train
9778,16.25018195930533,16.536469,train
11134,13.92854978889145,13.916968,train
15754,137.09122808053337,136.4398,train
5736,71.91197889308408,72.054344,train
16333,48.56996296403304,48.626347,train
4542,11.384421137066337,11.406518,train
6178,100.48928695862324,100.352036,train
9970,18.42630454709299,17.69839,train
13664,76.86032352211669,76.31426,train
5024,43.29863673312746,43.33353,train
7617,25.97444591185257,25.515617,train
18357,84.38693654155693,84.09011,train
16164,80.93195157639853,80.80415,train
15363,84.82941053361527,84.77896,train
12193,82.46105591073825,82.2178,train
14110,40.96669871801392,41.63816,train
18137,31.73671877096429,31.738659,train
18715,18.266090082633497,18.767075,train
2137,70.03363402017787,70.202,train
10961,54.316367961579786,54.97416,train
15714,62.85838899590023,62.841156,train
19020,91.1828236948467,91.25217,train
19025,91.1828236948467,91.033295,train
2105,55.1604052272772,54.727066,train
15339,95.27995050133204,95.158424,train
13235,134.16905500217058,134.09094,train
14047,22.19104778233357,22.137077,train
1258,13.53610473193936,13.552571,train
1891,31.91051408188231,32.073166,train
18700,16.438024087071643,16.44297,train
3458,89.25950270069107,89.23466,train
13106,69.0602255325774,68.84507,train
11675,78.081523194867,77.68432,train
14061,24.386290598811208,25.348072,train
18034,89.98590815117426,89.93136,train
3849,60.456358375515045,60.599438,train
6599,74.77670776968583,74.502594,train
16639,71.78670881619587,71.33306,train
6126,113.1117727502116,113.62645,train
15409,72.29320847026757,72.04348,train
13819,10.839070650375335,10.8193035,train
7707,48.45056948106192,48.133175,train
14423,112.90513573952586,112.54869,train
3519,15.826709276493416,16.256115,train
12926,60.19466070864491,60.167717,train
18573,78.04583599126548,78.285164,train
12695,36.02701366128638,35.554527,train
12122,79.9470355349353,80.0319,train
19382,70.67888709810615,70.543106,train
15521,2.618505311135724,2.653271,train
1193,3.328531319289431,3.337573,train
15913,2.618505311135724,2.653271,train
13484,36.02701366128638,36.09138,train
8462,49.19054255336985,49.13068,train
14158,67.62832117387488,67.78725,train
4109,13.792313484057486,13.827803,train
3929,25.32142942667775,25.113276,train
16245,74.18155972707093,74.44301,train
8010,26.620833128631787,26.556675,train
11776,74.30450585772448,74.53482,train
3768,38.05130976592272,37.98193,train
9211,35.87508543765299,35.75812,train
13022,85.80236635218084,85.21219,train
2669,71.78670881619587,71.679276,train
12430,37.38629228613615,37.171085,train
12246,89.57234360169679,89.66915,train
7819,85.85337627290696,86.16728,train
18348,86.04998768751986,85.938385,train
5760,70.8890994699993,71.06241,train
8566,5.260504433154911,5.462879,train
11888,91.22443951098568,91.303604,train
3317,180.7969094795742,180.72,train
278,51.178876353782414,51.569576,train
14280,39.410668208964985,39.728386,train
2182,4.491537072359547,4.5734982,train
16499,83.09327843384654,83.08696,train
11342,19.20192266480916,19.17752,train
2460,46.20624283129268,45.637924,train
3562,26.620833128631787,26.556675,train
10672,47.57393441184789,47.913445,train
12044,115.23290406090766,115.707695,train
16406,53.47823699991465,52.698906,train
11277,5.527128574206158,5.699221,train
15554,5.260504433154911,5.462879,train
13639,84.47098482884549,84.79138,train
10329,50.09922712517202,50.330044,train
5095,84.82941053361527,85.02497,train
12634,42.58610637454368,43.5209,train
2180,4.491537072359547,4.575762,train
5920,58.132094825297145,58.31538,train
12304,73.5169788308657,73.66961,train
12745,47.982575358036456,47.358765,train
18368,83.29477154332817,83.33258,train
4390,109.30466743726038,109.27475,train
11764,70.8035239631433,70.741554,train
6189,99.4907361299304,99.31202,train
17303,12.046394034663363,13.194699,train
10724,42.16129665773079,41.364285,train
13511,41.80739580968886,41.867184,train
16084,49.5370430474446,49.54989,train
2530,74.77670776968583,74.86002,train
16937,16.125116344342604,16.26345,train
10723,42.16129665773079,42.83456,train
10346,49.49174784981139,49.255653,train
14870,36.858562352761474,37.278076,train
4199,31.91051408188231,32.836407,train
8979,99.25129745411776,99.41671,train
4658,62.12878854692645,62.113365,train
9038,83.29477154332817,83.75143,train
8097,55.1604052272772,55.683678,train
8626,16.11129124792047,16.207216,train
6146,106.2025558056929,105.68646,train
10859,62.90876193978079,62.60318,train
9992,23.676009316847548,23.451916,train
11412,50.04341124314845,50.090683,train
12161,78.3521209153635,78.42887,train
15344,95.27995050133204,95.26251,train
15813,97.23410613085656,97.0721,train
13052,75.20136128981777,75.41997,train
3149,5.527128574206158,5.477246,train
15797,105.8033985466063,105.90976,train
7476,38.72775337298162,38.49571,train
8335,62.85838899590023,62.841156,train
8765,56.75820297103196,57.649258,train
5984,66.87499746459498,67.21807,train
17278,9.244705548457503,9.91163,train
14602,24.789633367188944,24.976704,train
6329,40.76621946032643,40.65666,train
17411,42.23549826962851,42.64199,train
2264,22.34386956684365,22.210978,train
13756,81.70522876686431,81.47806,train
7856,77.87315181130059,77.45237,train
716,25.27984779576332,25.35617,train
6890,58.132094825297145,58.30367,train
8091,55.1604052272772,54.911205,train
142,74.18155972707108,73.96687,train
5324,21.22276810141124,20.66207,train
9364,89.93891881356173,90.08032,train
11642,90.79649380247676,90.85536,train
12987,77.7528643276994,77.79725,train
7820,85.85337627290696,86.26206,train
7409,23.053352899871395,22.742584,train
12621,47.10789941727601,45.26348,train
19304,49.964974571776985,50.500305,train
1229,7.85908552453503,7.9066777,train
9012,86.04998768751986,85.98524,train
19234,58.6937159884268,58.87466,train
1523,101.86758015295236,102.063484,train
6984,152.8177784761153,151.68495,train
5854,72.67230242637233,72.76745,train
7654,32.43048383015692,31.86596,train
3179,9.839051198642553,9.849857,train
19280,49.52880914978266,49.738922,train
10589,42.55205181960314,42.928135,train
11331,16.405241459442376,16.340355,train
4617,38.10425093875088,38.1061,train
14656,38.72775337298162,38.663864,train
19102,22.120024226901386,22.198824,train
17011,35.43032585388161,35.040043,train
15130,136.40586584491066,136.95403,train
9216,35.87508543765299,35.92951,train
7431,26.657804872047155,27.018375,train
2967,24.789633367188944,25.059502,train
7201,119.357920662184,118.904396,train
2655,70.5776831156227,70.72129,train
13109,69.0602255325774,69.15395,train
4482,3.328531319289431,3.337573,train
3407,97.23410613085656,97.1484,train
4959,18.731792724897712,18.768688,train
11922,79.94703553493463,79.94213,train
2099,50.68801501365044,50.08114,train
3011,33.2646262088608,33.010788,train
3710,36.41164086407028,36.635117,train
8807,45.5844800104469,45.871742,train
1038,154.98431615588598,155.21118,train
7074,73.68374035525322,73.64881,train
4372,117.68636585320668,117.11723,train
18798,47.12291119309999,46.759075,train
9986,20.89376771053955,21.611156,train
2884,58.5236929318425,58.52737,train
878,13.92854978889145,13.922574,train
15110,93.28231569539822,93.1289,train
12366,76.00671399435468,76.26967,train
10534,26.620833128631787,26.556675,train
4437,99.4907361299304,99.68879,train
12956,66.87499746459498,67.207756,train
18384,82.69911139745801,82.79339,train
1353,49.00862249254413,48.99863,train
10705,43.06499944176368,42.988865,train
16167,77.79019270718537,77.48481,train
9926,10.014648675893918,10.100421,train
7358,80.25361829662114,80.34896,train
4874,3.328531319289431,3.337573,train
17243,89.42090092796712,89.591156,train
15491,80.80332043496728,80.534874,train
3527,17.650012712740526,17.82622,train
9346,100.6187540373376,100.52954,train
4388,109.30466743726038,108.89172,train
9075,84.01038592956453,83.97617,train
1380,230.9901536612257,230.75728,train
11021,75.03655084716752,75.37213,train
3157,6.750079908713624,6.5304766,train
6371,58.5236929318425,58.450096,train
6655,24.10159309622668,24.068232,train
14168,53.18976182780735,51.53712,train
257,53.87988875437848,55.756344,train
7554,72.52135855398946,72.434395,train
17276,9.244705548457503,8.970517,train
18006,89.59649952596679,89.71946,train
5074,95.27995050133204,95.41587,train
2786,26.320863792397155,26.935057,train
6481,36.94310571922444,37.37797,train
454,154.98431615588598,155.21118,train
8954,110.67568302020096,110.39939,train
8798,46.16640159983851,45.89623,train
17726,20.391351361528265,20.4078,train
3494,91.48002635649718,91.41668,train
14179,47.10789941727601,46.981987,train
6670,26.620833128631787,26.59692,train
8703,49.5370430474446,49.54989,train
18283,110.67568302020096,110.293274,train
8768,52.60873127102636,52.06638,train
3814,49.19054255336985,49.13068,train
10740,42.30778972867124,42.31137,train
16360,48.10528443505019,48.9739,train
16656,75.16417987128504,75.1637,train
14599,24.789633367188944,24.168653,train
7737,62.845748849996326,62.952835,train
5244,86.00802491357565,85.74294,train
14540,91.77117363602072,91.713905,train
12426,37.38629228613615,37.213825,train
9342,107.39789478589,107.08826,train
8265,25.51278413365878,25.587753,train
17221,89.59649952596679,89.36086,train
8776,49.56838968278535,49.636208,train
2715,80.25361829662151,80.41153,train
8536,2.618505311135724,2.6760576,train
10368,50.93322091321282,51.331482,train
3599,35.46372651810452,36.083736,train
17637,57.78179082659215,57.971806,train
19255,51.23740717945918,51.595776,train
9756,12.681740297286362,12.848813,train
17704,17.95913696269572,17.207394,train
8520,74.77670776968412,74.43331,train
13493,37.48026356057577,37.05567,train
16975,23.43298254652068,23.528059,train
16162,80.93195157639853,80.67894,train
16452,67.58928448046117,68.33526,train
1579,2.606366123918593,2.6254888,train
3200,13.92854978889145,13.916968,train
7979,19.628813853406385,19.577816,train
12764,51.76031579593137,52.27011,train
16176,75.33592393483191,75.39578,train
17893,149.10252861042588,148.2638,train
16553,90.56896135270873,90.44742,train
311,53.11407662346408,53.114765,train
18074,25.04050211213976,24.575098,train
16166,77.79019270718537,77.544685,train
18296,104.48871564383238,104.04591,train
17459,67.80500732074917,67.86419,train
5804,77.53876431170232,77.41541,train
4961,18.731792724897712,18.768688,train
6324,40.76621946032643,40.161358,train
15370,80.93195157639853,80.03101,train
15735,163.4865892910184,163.66872,train
16497,83.09327843384654,83.35653,train
8971,104.48871564383238,104.67574,train
8028,32.289249758728964,31.896097,train
3091,62.1233802776967,62.391533,train
16767,111.6113573414681,111.71032,train
6420,38.91834885517143,38.88501,train
16150,84.82941053361527,85.02166,train
9923,10.014648675893918,9.978802,train
1009,193.8751524679473,193.9494,train
5962,61.911697819840086,61.68839,train
18136,29.533535528411715,29.741903,train
16547,90.56896135270873,89.90529,train
1616,6.442036183009371,6.4377747,train
10083,136.40586584491066,136.95403,train
7670,34.88593569122836,34.825157,train
19108,24.782599128301666,24.87508,train
12565,60.456358375515045,60.652863,train
9654,79.27542778284364,79.23237,train
2277,25.857534399290905,25.88882,train
3444,89.59649952596679,89.86429,train
15668,38.48840493675039,38.530453,train
3045,41.84557272242807,41.414,train
3805,46.20624283129268,45.76399,train
4884,4.196221297202333,4.204997,train
17598,38.74855875286944,39.06195,train
13783,8.163467965221182,7.7778935,train
16723,149.10252861042588,148.40398,train
3750,36.94310571922444,37.103745,train
2740,25.04050211213976,24.719091,train
13413,42.58610637454368,42.87839,train
19264,51.23740717945918,51.610405,train
136,72.80691569376819,72.77202,train
13040,78.081523194867,78.06485,train
4634,43.29863673312746,43.33353,train
12381,78.23957030362628,77.88814,train
6643,21.77517690158367,21.566051,train
462,145.24040847801632,145.21902,train
19170,46.6663635563764,47.066925,train
6010,77.7528643276994,77.86912,train
3746,36.210240125305205,36.168213,train
16601,71.91197889308408,71.95636,train
610,3.328531319289431,3.337573,train
18219,63.896198456162885,63.62687,train
6196,98.65596999066533,98.63039,train
4597,29.125965987027584,29.18679,train
1865,25.935608876074404,25.61341,train
1117,106.2025558056929,106.372086,train
6279,27.727713592149392,27.693935,train
5859,68.70638879452079,68.80248,train
3345,137.09122808053337,136.4398,train
264,52.42282758556679,52.066456,train
19130,30.88595532017685,30.610275,train
6881,58.48566458724775,58.425686,train
1683,21.824079935423136,21.875692,train
7663,34.88593569122836,33.983067,train
7410,23.053352899871395,23.162304,train
10943,50.93322091321282,50.893024,train
16552,90.56896135270873,90.503105,train
8318,55.89167516914279,55.912247,train
14480,91.48707426187316,91.10918,train
10430,66.59566485208973,67.03343,train
102,71.63339382759392,71.54572,train
8809,45.5844800104469,45.38722,train
15222,84.38693654155693,84.19025,train
8309,49.5370430474446,49.54989,train
19352,59.57543179697275,59.76876,train
13292,99.73165781686828,99.86782,train
7892,75.8861492644395,76.09425,train
3499,91.48002635649718,91.19564,train
8938,126.44708143304572,126.60163,train
3861,69.76848318728075,69.411194,train
14810,20.33936974007777,20.03787,train
1147,100.48928695862324,100.37349,train
11130,11.747596709247082,11.700321,train
11324,13.92854978889145,13.916968,train
6152,106.2025558056929,106.372086,train
15843,90.5009001330304,90.55205,train
18378,82.74203335367166,82.94106,train
16826,90.5009001330304,90.27221,train
2536,152.8177784761153,152.76283,train
14310,47.982575358036456,48.109764,train
19092,19.694692079282625,20.074207,train
9495,84.60291252746008,84.49014,train
3344,137.09122808053337,136.63506,train
9018,86.04998768751986,86.00631,train
6705,38.88107047950797,38.73988,train
12799,71.34845173855356,71.52261,train
16023,22.019205815790663,22.058369,train
5393,43.65657505930208,43.1504,train
16220,71.5126952436544,71.78019,train
3212,16.40524145944573,16.341652,train
11205,38.91593697359398,38.8597,train
15819,94.254909093602,94.646324,train
8722,62.85838899590023,62.841156,train
9819,26.79723709025756,27.501772,train
6014,77.7528643276994,77.74759,train
19197,62.03409074627981,61.60732,train
7386,19.89991539202705,19.861284,train
8157,3.3460458597073703,3.458318,train
10447,75.03655084716752,74.559204,train
10608,50.68801501365044,50.08114,train
2367,36.41164086407028,36.206806,train
11102,8.180433892801254,8.071619,train
2252,16.40524145944573,16.88041,train
13305,94.85645482862957,95.082115,train
10175,84.38693654155693,84.19025,train
4630,43.29863673312746,43.32351,train
12357,74.18155972707093,74.22959,train
3174,8.180433892801254,8.071619,train
13614,92.83718812970534,93.60593,train
11986,80.66666767817244,80.493004,train
15540,4.22054923341766,4.2420034,train
16832,89.59649952596679,89.74099,train
7220,98.11718222077133,98.48458,train
8242,18.89411765969292,18.911312,train
9249,48.96526861625701,48.69446,train
13000,96.6886854171183,97.24821,train
13358,92.69393389813976,92.65794,train
2921,80.57929170551442,80.569176,train
14835,26.936990316598862,25.938738,train
4361,123.0978685654898,123.08376,train
16308,52.53979191594191,51.71349,train
579,98.65596999066533,98.6907,train
9976,18.42630454709299,18.90736,train
7750,68.41269006792136,68.47446,train
11937,78.70967419713587,78.70572,train
18155,34.339930274970904,34.349236,train
16935,16.125116344342604,16.08779,train
14563,18.448270263304188,18.898434,train
2115,59.89579766367838,59.736317,train
2753,24.63527893831387,23.967028,train
2459,46.20624283129268,46.099392,train
7209,107.56024188438542,107.435,train
4579,21.824079935423136,21.875692,train
17392,34.36019909387007,35.144157,train
3654,59.89579766367838,60.09657,train
3397,101.0511292541869,101.261024,train
19400,79.48504113105551,79.56096,train
17329,17.4903137095204,17.718742,train
8767,52.60873127102636,52.110947,train
7156,77.53876431170232,77.6595,train
10017,30.28249766674213,30.264486,train
11372,29.77075417333618,29.736755,train
4257,59.31238391810723,59.651134,train
3284,44.21359478458822,44.378242,train
16330,49.424339205446245,49.166527,train
15251,82.69911139745801,82.87632,train
9754,12.681740297286362,12.773219,train
1382,230.9901536612257,230.904,train
16834,89.59649952596679,89.60258,train
2566,107.5602418843858,108.391106,train
10400,56.716123866601365,57.020706,train
13199,183.50675596781025,183.46295,train
13057,72.90167939974636,72.42217,train
15633,22.019205815790663,22.058369,train
16519,119.35792066219084,119.14004,train
9225,38.72775337298162,38.66499,train
9068,83.13470642646298,83.257454,train
17183,97.23410613085656,97.32814,train
16839,89.25950270069107,89.949974,train
8388,36.210240125305205,36.216503,train
8684,38.48840493675039,38.530453,train
16175,75.33592393483191,75.525085,train
15283,85.2707950135868,84.954094,train
4012,48.84238573144443,48.609283,train
16522,119.35792066219084,119.07569,train
4044,63.896198456162885,63.682194,train
17493,16.57780018172115,16.689695,train
1257,11.384421137066337,11.406518,train
2590,84.57638463785023,84.54642,train
8132,75.24982629334554,75.01637,train
14859,33.159238156410005,33.667774,train
12007,84.52419181559615,84.44893,train
9416,76.50234292040042,76.28072,train
6458,35.86295586622186,35.41084,train
14649,35.87508543765299,35.600742,train
10479,14.147402430467531,14.318845,train
9533,107.7381594436571,108.02098,train
18645,86.49796272771329,86.373665,train
9886,60.34709742131263,60.55983,train
14666,41.84557272242807,41.388935,train
1694,25.27984779576332,25.358246,train
16781,101.0511292541869,100.870445,train
12740,44.66517096340306,44.27848,train
18552,79.9470355349353,80.02718,train
18108,26.320863792397155,26.37242,train
8523,74.77670776968412,74.5675,train
7151,77.53876431170232,77.28145,train
7577,24.5889875058797,24.762356,train
6206,97.47338258073955,97.46439,train
10646,70.03363402017787,70.202,train
12038,123.96214174002029,123.908585,train
9121,18.448270263304188,18.49637,train
8129,75.24982629334554,75.20336,train
10098,117.94057501366258,117.79604,train
13933,44.07024791149557,44.129402,train
8877,57.60964815073893,57.48503,train
12390,80.80332043496728,80.534874,train
9320,124.5037870661705,124.32371,train
15559,6.4852329987035695,6.548349,train
4645,55.27187238699012,55.278023,train
3766,38.05130976592272,37.77637,train
13176,82.2895007905107,82.01709,train
8460,49.19054255336985,49.16075,train
1746,49.0086224925457,48.99863,train
2094,50.68801501365044,50.878613,train
15247,82.74203335367166,82.941826,train
18903,111.16906764061592,110.78209,train
15696,55.89167516914279,55.912247,train
16060,38.48840493675039,38.530453,train
7953,14.147402430467531,14.295524,train
18122,27.727713592149392,27.670843,train
8377,35.919888386123255,36.23276,train
9602,79.9470355349353,79.93792,train
5567,35.43032585388161,35.027885,train
13662,76.86032352211669,77.266716,train
981,56.44692913934201,56.45331,train
2025,26.620833128631787,26.556675,train
6613,15.826709276493416,15.650571,train
17475,16.264210965298563,16.229313,train
3156,5.527128574206158,5.699221,train
8742,69.43701604268931,68.038666,train
11284,6.750079908713624,6.840165,train
17432,51.441846041956246,51.752956,train
12380,78.23957030362628,78.07489,train
234,58.69889415199623,58.562675,train
14824,22.19104778233357,22.601616,train
18121,27.727713592149392,27.654726,train
4864,2.606366123918593,2.6254888,train
47,84.82941053361527,84.90552,train
3585,32.289249758728964,31.98786,train
15766,127.03771421016312,127.11506,train
3628,46.48566476712182,46.496216,train
51,80.93195157639853,79.67518,train
4062,75.23466307522513,74.85416,train
15174,99.25129745411776,99.25194,train
10224,84.01038592956453,84.02288,train
11705,71.14396606839321,71.7748,train
474,129.4267602168825,129.64935,train
96,72.2932084702675,72.71709,train
9888,60.34709742131263,60.55983,train
13694,74.22415281450986,73.721954,train
10433,70.67888709810615,70.826935,train
3090,62.1233802776967,61.82455,train
8146,2.618505311135724,2.6760576,train
13400,47.10789941727601,47.36307,train
13761,81.70522876686431,81.62855,train
2147,75.24982629334554,75.01637,train
10611,50.68801501365044,51.32193,train
14271,37.48026356057577,37.988228,train
2946,19.89991539202705,20.673954,train
528,106.2025558056929,105.983475,train
14504,89.76736722751878,89.95121,train
5500,17.59043680885926,17.507889,train
14640,33.2646262088608,32.90869,train
18047,91.48002635649718,91.765656,train
4531,9.499438230882436,9.494648,train
14133,55.80060084695734,55.465683,train
10111,110.67568302020096,110.38008,train
8227,13.645628914737031,13.686924,train
14251,35.06929068218894,35.266285,train
10861,58.6937159884268,59.02312,train
6845,62.82498618409738,62.84416,train
3526,17.650012712740526,17.516367,train
13061,72.90167939974636,73.379074,train
3227,22.34386956684365,22.210978,train
1430,154.98431615588598,154.92917,train
9448,75.8861492644395,76.2157,train
1811,14.865809293936342,14.816431,train
12461,35.86295586622186,35.622677,train
7448,30.8733631927149,30.45485,train
7967,15.826709276493416,16.256115,train
539,103.745126530115,103.55511,train
7929,82.25512726841278,82.19116,train
7261,76.30367359186545,76.110054,train
3319,180.7969094795742,180.46167,train
12072,95.84505322335384,95.298645,train
15218,86.04998768751986,85.938385,train
17277,9.244705548457503,9.465895,train
3858,64.95566127753808,65.53842,train
10449,75.03655084716752,74.9536,train
9455,76.77816930527784,76.685486,train
1154,99.4907361299304,99.31202,train
2820,34.339930274970904,34.335663,train
15816,97.23410613085656,97.1484,train
12443,36.41164086407028,36.714397,train
5081,95.27995050133204,95.26251,train
14196,39.2928079640545,39.184063,train
7487,41.84557272242807,41.763073,train
7813,89.93891881356173,90.4391,train
18309,99.25129745411776,99.46026,train
9221,38.72775337298162,38.572956,train
10188,83.29477154332817,83.168304,train
9716,8.085620495190993,7.9666624,train
711,21.824079935423136,21.884987,train
3007,33.2646262088608,33.356304,train
5508,19.28254456595652,19.287996,train
7366,83.09935595306598,83.14981,train
6868,59.37382867606714,59.466618,train
5487,16.125116344342604,16.031952,train
3828,52.561077422995496,52.560604,train
1051,136.76886894565047,137.03738,train
3626,46.48566476712182,46.692863,train
2288,29.77075417333722,29.798998,train
9680,84.52419181559287,84.73885,train
3712,36.41164086407028,36.276085,train
10601,46.48566476712182,46.976543,train
19302,49.964974571776985,50.500427,train
7005,119.35792066219084,119.13954,train
3870,74.77670776968412,74.673744,train
1318,33.39074910957999,33.380863,train
3592,35.46372651810452,35.319714,train
17711,17.95913696269572,17.647793,train
9632,77.93378927116997,78.07063,train
9783,18.42630454709299,18.423258,train
17382,30.88595532017685,31.377035,train
17788,35.05216416707113,35.296673,train
17418,46.6663635563764,47.066925,train
17548,23.96684006413348,23.747894,train
7847,79.86598582053819,79.96517,train
17812,42.852961632253525,43.528305,train
659,9.499438230882436,9.494648,train
1818,16.125116344342604,16.199835,train
18087,24.74816706908628,25.094088,train
12978,73.76729204182922,73.72567,train
17284,10.57203228982024,9.833085,train
15852,89.59649952596679,89.74099,train
7864,76.50234292040042,76.51086,train
14107,40.96669871801392,41.741634,train
18627,84.52419181559287,84.73885,train
229,58.69889415199623,58.2812,train
17053,53.62497940433934,53.341038,train
3115,72.52135855398946,72.5639,train
18013,89.25950270069107,89.39454,train
3511,15.826709276493416,15.749682,train
5629,65.47137652330578,65.40587,train
1491,113.1117727502116,113.234184,train
13548,55.99893434087522,55.858517,train
991,230.9901536612257,230.94298,train
178,83.53755060546071,84.10097,train
144,74.18155972707108,73.81939,train
14359,71.34845173855356,71.53565,train
4726,28.678520203607828,28.980642,train
13353,92.24483243250832,92.32134,train
4909,7.85908552453503,7.9066777,train
17816,47.383642487349135,47.00707,train
10964,54.316367961579786,54.085346,train
1904,39.33748405428104,38.78571,train
3417,94.254909093602,94.30458,train
1183,2.606366123918593,2.6254888,train
10670,50.014011392149406,50.038666,train
18302,104.48871564383238,104.67574,train
14043,22.19104778233357,20.929327,train
13619,92.83718812970534,93.2792,train
7039,84.57638463785023,84.3494,train
18659,10.849469453369007,10.40502,train
5726,73.68374035525322,73.93762,train
17301,12.046394034663363,12.642097,train
10828,62.29899679862298,61.889217,train
18822,57.62164698064543,57.59132,train
9574,87.37869480347202,87.32474,train
5593,48.41170998900376,47.750965,train
10599,46.48566476712182,46.622345,train
9913,8.967662639453113,9.029235,train
5881,62.82498618409738,62.763783,train
3591,35.46372651810452,35.441875,train
9587,84.24741541524314,83.65014,train
5458,12.885025212225244,12.785388,train
640,6.442036183009371,6.4377747,train
9774,16.25018195930533,16.088783,train
9323,124.5037870661705,124.204185,train
3050,45.250987390322535,44.933815,train
7235,84.57638463785023,84.54642,train
2011,21.77517690158367,22.502514,train
11615,70.13557868690133,70.216515,train
16324,49.424339205446245,49.10712,train
11609,70.13557868690133,69.32961,train
3025,35.87508543765299,36.108562,train
8065,42.55205181960314,42.928135,train
2087,46.48566476712182,46.11491,train
16540,98.11718222077316,98.86657,train
5646,134.14502085001388,134.24054,train
15430,71.5126952436544,71.83821,train
818,4.491537072359547,4.575762,train
17020,39.33748405428104,38.78571,train
16401,51.68892331520587,52.379936,train
1645,11.384421137066337,11.406518,train
14904,50.439407630704494,51.38708,train
10254,88.48216304859169,88.49593,train
3532,19.628813853406385,19.612272,train
4677,19.89991539202705,19.570345,train
10216,83.13470642646298,83.17793,train
8584,7.914848156370223,7.931517,train
11880,95.84505322335384,96.22395,train
3411,94.254909093602,94.22172,train
9004,88.31993375128738,88.129524,train
18918,101.40176125573278,101.412254,train
16093,55.89167516914279,55.912247,train
2415,38.05130976592272,38.17068,train
17138,118.62582953904092,117.944824,train
9048,82.74203335367166,83.37618,train
2480,52.561077422993925,52.273655,train
9182,28.678520203607828,28.522547,train
1565,97.47338258073955,97.77398,train
18990,89.38401259047933,89.42262,train
5,110.28871787139632,109.78268,train
16086,49.5370430474446,49.54989,train
4042,63.896198456162885,63.62687,train
17260,90.79293338634857,90.53633,train
5115,77.79019270718656,77.48481,train
14388,146.55486384356334,146.83583,train
3669,64.87166628595628,65.460014,train
14908,55.80060084695734,55.36747,train
692,15.977335233233198,16.00739,train
16343,48.1381815952728,48.29995,train
17285,10.57203228982024,10.195323,train
4132,17.59043680885926,17.440369,train
16379,49.17258922572702,49.400875,train
5151,72.2932084702675,72.71709,train
3581,32.289249758728964,31.966667,train
18947,92.49960703964835,92.20424,train
746,38.10425093874939,38.1061,train
5323,21.22276810141124,21.029137,train
9120,18.448270263304188,18.438486,train
18634,84.52419181559287,84.4113,train
3486,90.79293338634857,90.53633,train
4392,109.30466743726038,109.41189,train
3039,41.84557272242807,41.978783,train
2771,25.32142942667775,25.626308,train
11149,16.40524145944573,16.341652,train
9903,8.085620495190993,8.111783,train
17602,38.74855875286944,39.40877,train
2727,26.05871153969042,26.16409,train
2179,4.491537072359547,4.575762,train
18546,81.7828321007955,81.59085,train
12200,84.52419181559287,84.63847,train
10968,54.316367961579786,53.8902,train
2240,13.92854978889145,13.922574,train
2854,44.597910972306806,44.86866,train
14541,91.77117363602072,91.690475,train
8282,33.717244930192976,33.68749,train
3283,44.21359478458822,44.129055,train
1150,99.4907361299304,99.68879,train
8385,35.86295586622186,35.57699,train
2239,13.92854978889145,13.922574,train
13801,8.90268272869505,9.119632,train
381,73.97103175765946,73.55015,train
17932,111.6113573414681,111.77706,train
7916,78.1767164472726,78.202705,train
11118,9.839051198642553,9.849857,train
3425,92.03325910726882,91.594185,train
12099,84.24741541524314,84.242134,train
17577,31.74469640013553,30.595669,train
15133,136.40586584491066,136.49716,train
17012,35.43032585388161,35.204132,train
7367,83.09935595306598,83.122765,train
11980,79.27542778284148,79.45124,train
11514,45.5844800104469,46.414032,train
19039,10.57203228982024,10.892673,train
2169,3.624115801788345,3.5554862,train
6646,21.77517690158367,21.66864,train
13762,84.17406753255614,84.69205,train
2124,64.87166628595628,65.06281,train
294,51.334066206546574,51.834908,train
12051,107.7381594436571,107.72046,train
18127,29.533535528411715,29.110868,train
10486,15.826709276493416,15.851071,train
19383,70.67888709810615,70.962776,train
2857,48.84238573144443,48.51808,train
17529,20.391351361528265,20.382967,train
1143,100.48928695862324,100.352036,train
18831,63.547457434196325,63.365376,train
5019,43.29863673312746,43.32351,train
10823,62.29899679862298,61.723183,train
1766,62.12878854692645,62.113365,train
6938,64.1404088665598,64.01329,train
5135,73.5169788308657,73.16964,train
12949,64.1404088665598,64.13103,train
19166,46.6663635563764,46.271427,train
9585,84.24741541524314,83.658485,train
5830,89.61281744144841,90.09476,train
15068,92.49987338269456,92.63515,train
18134,29.533535528411715,29.475943,train
16110,110.28871787139632,109.29301,train
14642,33.2646262088608,33.171425,train
13901,27.66127153640531,28.454739,train
18113,26.320863792397155,26.792545,train
8290,38.48840493675039,38.530453,train
13219,143.8247661167656,143.5223,train
6520,43.604537301970495,43.116272,train
702,18.731792724897712,18.768688,train
15875,89.42090092796712,89.582954,train
16931,16.125116344342604,16.026827,train
14431,107.32601858936177,107.4669,train
16992,28.753615695926324,28.661217,train
14474,93.24564903744712,93.63849,train
10345,49.49174784981139,49.394287,train
10025,34.1577503463269,34.439045,train
17521,19.038942421022504,19.04997,train
8900,65.54060841010474,65.47403,train
14353,71.34845173855356,70.88856,train
16557,84.57638463785023,84.3494,train
11031,79.48504113105551,79.24907,train
19065,13.681305189167857,14.325773,train
13433,36.99469593104042,37.19458,train
6500,39.53055859179817,39.26467,train
17033,43.65657505930208,43.344387,train
9213,35.87508543765299,35.600742,train
19238,55.4430882998278,55.039234,train
3493,91.48002635649718,91.44202,train
2196,6.750079908713624,6.840165,train
10375,52.38623850151688,51.94242,train
2910,75.23466307522513,75.02333,train
17634,57.78179082659215,57.221004,train
6275,27.727713592149392,27.995998,train
1340,43.29863673312664,43.32351,train
4758,35.87508543765299,35.569183,train
9538,107.7381594436571,107.822365,train
8411,38.05130976592272,38.076023,train
1951,59.31238391810723,59.60877,train
2918,80.57929170551442,80.2765,train
11148,16.40524145944573,16.341652,train
14368,173.02629337346764,173.32326,train
15115,93.28231569539822,92.98943,train
6350,48.84238573144443,48.63627,train
11829,134.13491032325388,134.30534,train
11086,5.527128574206158,5.699221,train
13206,168.1502886891345,167.84169,train
17162,105.8033985466063,105.90976,train
1370,62.12878854692645,62.12984,train
1970,14.147402430467531,14.318845,train
5787,75.16417987128504,75.1637,train
6102,129.4267602168825,129.73975,train
5297,16.125116344342604,16.031952,train
17165,101.0511292541869,101.34692,train
17194,92.03325910726882,92.48077,train
9818,26.79723709025756,27.339218,train
9014,86.04998768751986,85.65874,train
15987,11.473018356565088,11.504866,train
13121,69.70696214856945,69.83995,train
13615,92.83718812970534,93.88606,train
3725,35.919888386123255,35.99476,train
18004,89.59649952596679,89.36086,train
16770,105.8033985466063,106.325096,train
822,4.491537072359547,4.5734982,train
3204,13.92854978889145,13.922574,train
435,166.17853479893557,166.12784,train
9026,84.38693654155693,84.09011,train
1590,3.328531319289431,3.337573,train
5782,73.22704486211128,73.01203,train
8368,35.919888386123255,36.362762,train
2942,19.89991539202705,19.892195,train
15017,103.23350357813172,103.05578,train
1646,11.384421137066337,11.406518,train
11384,34.11303495743982,34.095257,train
2795,27.727713592149392,27.87228,train
4186,28.753615695926324,28.556334,train
6959,70.098803480824,70.16692,train
3933,26.320863792397155,26.816523,train
19182,51.441846041956246,51.84916,train
18691,14.802361789347977,15.116583,train
8225,13.645628914737031,13.686924,train
19301,49.964974571776985,50.2298,train
14391,136.11990722925268,135.08716,train
1855,23.43298254652068,23.130537,train
11107,8.180433892801254,8.071619,train
9560,95.84505322335384,96.59578,train
3813,49.19054255336985,49.173725,train
114,71.5126952436544,71.73885,train
7208,107.56024188438542,107.36626,train
11647,85.80236635218084,86.01027,train
11289,6.750079908713624,6.840165,train
10588,42.55205181960314,42.579193,train
13037,78.081523194867,78.31433,train
8811,45.5844800104469,46.414032,train
15062,93.38657295807928,93.51045,train
18057,26.05871153969042,26.16409,train
12272,80.93195157639853,80.67894,train
4705,24.789633367188944,25.059502,train
4940,13.53610473193936,13.554237,train
14932,67.62832117387488,67.81304,train
3235,22.34386956684365,22.653292,train
6976,77.7528643276994,77.86912,train
4214,39.33748405428104,39.179222,train
11972,79.27542778284148,79.223206,train
1059,129.4267602168825,129.64935,train
5206,76.00671399435818,75.98608,train
14296,44.66517096340306,44.97225,train
5618,59.31238391810723,59.474895,train
11999,82.46105591073804,82.36915,train
8711,55.89167516914279,55.912247,train
18775,34.52159133738391,35.88393,train
5895,60.81262844049596,60.5498,train
5916,58.48566458724775,58.461452,train
14834,24.386290598811208,25.348072,train
9458,76.77816930527784,76.74368,train
18716,18.266090082633497,18.864576,train
733,33.39074910957999,33.380863,train
5684,90.56896135270873,90.44742,train
8958,110.67568302020096,110.52288,train
9607,79.9470355349353,79.74968,train
14676,45.250987390322535,44.689148,train
9977,18.42630454709299,19.051855,train
10157,88.31993375128738,88.28211,train
10911,49.52880914978266,49.877804,train
9170,26.657804872047155,26.87989,train
9368,89.93891881356173,90.4391,train
10394,56.716123866601365,57.29373,train
327,54.721475257382544,55.524734,train
801,2.9065837811274826,2.9311738,train
3811,49.19054255336985,49.480453,train
4770,38.72775337298162,38.746605,train
4358,123.0978685654898,123.37474,train
5903,59.37382867606714,59.297222,train
16696,201.78551544430667,201.8132,train
16949,19.28254456595652,19.070042,train
11240,56.44692913934201,56.45331,train
4916,9.499438230882436,9.501294,train
14637,33.2646262088608,33.18929,train
461,145.24040847801632,145.03397,train
10748,42.8512051051052,43.01932,train
5298,16.125116344342604,16.199835,train
19113,24.782599128301666,25.643475,train
4276,230.9901536612257,231.11429,train
4194,31.91051408188231,32.172653,train
5285,14.865809293936342,14.969698,train
17575,31.74469640013553,30.655432,train
1672,15.977335233233198,16.00739,train
8996,91.2397572047843,91.23821,train
14695,53.00734926713273,53.061222,train
7925,80.03415155888104,80.04082,train
10448,75.03655084716752,74.805885,train
9402,79.86598582053819,79.96517,train
1020,166.17853479893557,166.12784,train
16823,90.5009001330304,90.55205,train
4852,72.52135855398946,72.46847,train
3962,31.73671877096429,31.75106,train
17275,9.244705548457503,8.876691,train
1948,59.31238391810723,59.474895,train
10010,30.28249766674213,29.458336,train
1747,49.0086224925457,48.99863,train
13381,93.50643630226388,93.564384,train
2419,38.05130976592272,37.77637,train
5414,53.62497940433934,53.230003,train
5576,39.33748405428104,39.202232,train
8100,59.89579766367838,59.736317,train
262,52.42282758556679,51.908676,train
14322,55.99893434087522,54.574574,train
5214,78.2395703036289,78.3689,train
7392,21.429473611547053,21.170357,train
15484,78.23957030362628,78.1103,train
2391,35.86295586622186,35.782494,train
2229,11.747596709247082,11.700321,train
1832,17.59043680885926,18.171888,train
6809,77.41176032874927,77.277435,train
16291,83.53755060546025,83.583755,train
1294,21.824079935423136,21.875692,train
11085,5.527128574206158,5.477246,train
6615,15.826709276493416,15.77135,train
13558,60.69477696945295,60.629402,train
15591,11.473018356565088,11.504866,train
18216,58.5236929318425,58.8221,train
10967,54.316367961579786,54.02409,train
15609,16.11129124792047,16.207216,train
17820,47.383642487349135,48.047245,train
10036,38.44992203777068,38.743767,train
11597,61.34974693767026,62.070866,train
5658,107.5602418843858,107.74081,train
4374,117.68636585320668,117.61924,train
7344,77.53876431169658,77.34113,train
2197,6.750079908713624,6.840165,train
15505,83.53755060546025,83.927315,train
4623,38.10425093875088,38.109734,train
18807,52.14885440372348,51.25688,train
4578,21.824079935423136,21.875692,train
13688,74.59089711105786,74.97901,train
6933,61.911697819840086,61.932533,train
9897,7.349844286016002,7.3567624,train
18051,91.48002635649718,91.41668,train
4543,11.384421137066337,11.406518,train
7246,79.88545352007381,79.039635,train
12064,101.3171290408814,101.12221,train
15665,33.717244930192976,33.68749,train
14888,45.4925622387705,44.88084,train
13303,96.9560797736986,96.94849,train
19212,67.80500732074917,68.09284,train
9239,45.250987390322535,44.935856,train
2877,58.5236929318425,58.472404,train
15772,118.62582953904092,118.775085,train
4691,21.429473611547053,21.16366,train
14152,67.62832117387488,67.16236,train
17006,31.91051408188231,32.249413,train
1638,9.499438230882436,9.501294,train
16417,55.61817953038767,54.680836,train
3634,50.68801501365044,50.630047,train
15954,6.4852329987035695,6.548349,train
7868,75.72806675637788,75.65425,train
9083,85.2707950135868,85.24173,train
4234,48.41170998900376,48.001698,train
18866,142.84762610413074,143.75821,train
8846,49.29258108243957,49.12449,train
12580,64.95566127753808,64.850296,train
13655,78.80500521273352,78.2013,train
17168,101.0511292541869,101.34375,train
14414,119.47607547303537,119.13644,train
14240,34.635546819221005,35.047546,train
10795,51.72251594763205,51.778526,train
7732,62.845748849996326,61.729893,train
18633,84.52419181559287,84.43614,train
11153,19.20192266480916,19.17752,train
10783,49.09810003248252,48.979267,train
4751,33.2646262088608,33.41932,train
258,52.42282758556679,52.518208,train
13198,183.50675596781025,182.89836,train
8038,35.46372651810452,35.574043,train
2061,35.46372651810452,35.641537,train
9857,43.186882593766825,43.251297,train
13622,88.28473895319611,89.203964,train
9138,19.89991539202705,20.673954,train
8847,49.29258108243957,49.439552,train
4754,33.2646262088608,33.68766,train
17106,149.10252861042588,149.25272,train
7846,79.86598582053819,79.610344,train
4611,33.39074910958052,33.369724,train
3049,45.250987390322535,45.23106,train
660,9.499438230882436,9.494648,train
3943,27.727713592149392,27.917297,train
19336,56.716123866601365,57.462643,train
11668,78.081523194867,78.012955,train
19150,38.13815414182142,38.39918,train
9650,79.27542778284364,79.223206,train
9570,87.37869480347202,87.57535,train
3435,90.5009001330304,90.4093,train
1168,97.47338258073955,97.67921,train
9237,41.84557272242807,41.414,train
11113,9.839051198642553,9.849857,train
8993,91.2397572047843,91.32287,train
17663,69.92772157818914,69.90078,train
8212,11.473018356565088,11.504866,train
7387,19.89991539202705,19.892195,train
16325,49.424339205446245,48.970264,train
9011,86.04998768751986,85.803566,train
5496,17.59043680885926,17.362293,train
5242,83.53755060546071,83.927315,train
11176,25.857534399290905,25.88882,train
13024,81.59299887306369,81.28352,train
7948,14.147402430467531,14.353399,train
6195,98.65596999066533,98.7753,train
5765,70.8890994699993,70.8547,train
4481,3.328531319289431,3.337573,train
9536,107.7381594436571,107.70457,train
7998,24.10159309622668,23.783201,train
5296,16.125116344342604,16.022396,train
18766,31.06582383188345,32.229458,train
17881,163.4865892910184,163.86838,train
260,52.42282758556679,52.00829,train
7508,48.96526861625701,48.997658,train
7560,72.52135855398946,72.5639,train
11156,19.20192266480916,19.17752,train
844,8.180433892801254,8.071619,train
10067,54.10904342509948,54.38493,train
8857,51.56721782835394,51.651344,train
14406,119.47607547303537,119.653206,train
2585,90.56896135270873,90.05583,train
19263,51.23740717945918,50.94505,train
16250,74.18155972707093,73.8913,train
2366,36.41164086407028,36.320827,train
206,71.98462739387922,72.53801,train
16168,77.79019270718537,77.20999,train
16546,90.56896135270873,90.2508,train
10318,51.23740717945918,51.246975,train
14491,90.34178504057668,90.07866,train
3290,50.04341124314785,50.090683,train
10564,35.46372651810452,35.319714,train
10152,91.2397572047843,92.68195,train
12048,115.23290406090766,115.52235,train
935,34.113034957437215,34.095257,train
3216,16.40524145944573,16.88041,train
3005,30.8733631927149,30.725729,train
5626,65.47137652330578,65.436066,train
4510,6.442036183009371,6.4377747,train
10059,48.39717757559769,48.687008,train
7437,28.678520203607828,28.18147,train
17680,16.264210965298563,16.171494,train
5108,80.93195157639853,80.67358,train
2289,29.77075417333722,29.798998,train
11846,115.23290406090766,115.26751,train
355,62.36217072729759,63.14512,train
18968,89.83219912234955,89.899345,train
3718,36.41164086407028,36.714397,train
5070,102.11244006090304,101.58138,train
17016,35.43032585388161,35.92345,train
2531,74.77670776968583,74.907906,train
612,3.328531319289431,3.337573,train
17141,118.62582953904092,118.4772,train
8923,75.02114224725477,75.239365,train
7398,21.429473611547053,21.16366,train
14379,146.55486384356334,146.40352,train
5140,73.5169788308657,73.320656,train
16348,48.1381815952728,48.634247,train
12372,76.00671399435468,75.73154,train
12622,47.10789941727601,46.981987,train
367,65.82792957452513,66.161095,train
18315,94.86192637572438,94.93089,train
4469,2.606366123918593,2.6254888,train
18230,69.52453059841163,69.37868,train
290,51.334066206546574,51.513096,train
2031,26.620833128631787,26.805857,train
9670,82.46105591073825,82.60489,train
3086,57.39162304208823,57.483162,train
7126,71.78670881619587,71.41088,train
11778,74.30450585772448,74.69297,train
10979,56.716123866601365,57.020706,train
557,100.48928695862324,100.37664,train
6399,75.23466307522513,75.611336,train
4825,62.1233802776967,61.801266,train
15186,94.86192637572438,94.944626,train
13796,8.90268272869505,9.058404,train
7107,70.5776831156227,70.859276,train
3318,180.7969094795742,180.30936,train
686,15.977335233233198,16.013798,train
3262,34.113034957437215,34.095257,train
6451,35.919888386123255,36.44415,train
15942,5.260504433154911,5.1478662,train
2900,69.52453059841163,69.37868,train
16331,49.424339205446245,50.03186,train
1805,14.865809293936342,14.969698,train
10851,71.55151215670094,72.10345,train
4147,19.28254456595652,19.454927,train
15077,92.14301126701253,92.24298,train
4954,15.977335233233198,16.00739,train
18731,22.58567457678973,22.67649,train
11203,38.91593697359398,38.8597,train
4054,69.52453059841163,69.96903,train
4861,2.606366123918593,2.6254888,train
17472,16.20097931775689,16.37959,train
782,55.271872386990935,55.28068,train
189,86.00802491357565,85.74294,train
11466,56.75820297103196,56.10989,train
11001,66.59566485208973,67.10343,train
8599,11.473018356565088,11.504866,train
17971,94.254909093602,93.8732,train
19171,46.6663635563764,46.862064,train
8764,56.75820297103196,56.41628,train
6963,70.098803480824,70.38418,train
18562,78.70967419713557,78.70572,train
12668,34.767713483007924,34.879204,train
8493,60.456358375515045,60.117332,train
13617,92.83718812970534,93.458565,train
17171,101.0511292541869,101.261024,train
4091,12.885025212225244,12.818392,train
717,25.27984779576332,25.35617,train
11109,8.180433892801254,8.584318,train
17884,163.4865892910184,163.33182,train
892,16.40524145944573,16.88041,train
261,52.42282758556679,52.059948,train
5408,48.41170998900376,48.637505,train
3148,5.527128574206158,5.477246,train
16171,77.79019270718537,77.74841,train
13578,71.34845173855356,71.1744,train
1531,101.86758015295236,102.01249,train
18445,89.77171705634251,89.5811,train
12210,86.49796272771329,86.42461,train
7471,35.87508543765299,36.51083,train
11013,70.67888709810615,70.304016,train
11030,75.03655084716752,76.36872,train
12582,64.95566127753808,64.87873,train
1583,3.328531319289431,3.337573,train
7193,134.14502085001527,133.89389,train
15123,93.50643630226388,93.564384,train
9250,48.96526861625701,48.96535,train
16730,149.10252861042588,149.64711,train
17488,16.57780018172115,16.901295,train
13643,81.32847275704384,81.30979,train
15127,136.40586584491066,136.53941,train
16506,152.8177784761153,152.71819,train
4885,5.227697523949966,5.272317,train
10789,49.09810003248252,48.944084,train
13717,74.95067169957674,74.87648,train
11790,76.6667816523841,76.27369,train
10105,117.94057501366258,118.325966,train
9241,45.250987390322535,45.23106,train
17757,26.22042757385485,25.828623,train
15785,111.6113573414681,111.43207,train
2313,44.21359478458822,44.129055,train
496,117.68636585320668,117.87919,train
17318,15.49099131419465,15.540473,train
13496,39.410668208964985,39.442257,train
4555,15.977335233233198,16.013798,train
1005,193.8751524679473,193.86566,train
12692,35.06929068218894,35.309002,train
3868,69.76848318728075,69.955,train
807,3.624115801788345,3.5554862,train
18465,123.96214174002029,124.17606,train
18442,89.77171705634251,89.691895,train
9990,23.676009316847548,23.126513,train
6763,64.87166628595628,64.91312,train
3351,137.09122808053337,137.42148,train
10037,38.44992203777068,38.764645,train
15243,82.74203335367166,82.79638,train
11502,46.16640159983851,45.79036,train
18240,75.23466307522513,75.02333,train
17814,47.383642487349135,46.387318,train
8814,45.5844800104469,46.531105,train
4133,17.59043680885926,17.362293,train
9772,16.25018195930533,16.12993,train
13051,75.20136128981777,74.88247,train
12907,58.30263960140757,58.14309,train
17465,16.20097931775689,15.659315,train
15653,29.402411149110645,29.467646,train
4287,211.02994799979388,211.12189,train
18439,88.48216304859169,88.54434,train
470,136.76886894565047,136.2545,train
9544,101.3171290408814,101.20645,train
8060,42.55205181960314,42.41876,train
8355,37.38629228613615,37.549854,train
17581,31.74469640013553,31.581152,train
5282,13.792313484057486,13.827803,train
14543,91.77117363602072,91.634285,train
10656,75.24982629334554,75.01637,train
2077,42.55205181960314,42.250557,train
1277,15.977335233233198,16.00739,train
45,84.82941053361527,84.77896,train
15140,126.44708143304572,126.538666,train
11687,72.90167939974636,72.85595,train
15745,149.10252861042588,148.2638,train
14215,35.5258604479491,35.473278,train
2207,8.180433892801254,8.071619,train
14362,173.02629337346764,172.82364,train
429,179.04708701101467,178.1973,train
14970,143.8247661167656,144.10776,train
18421,86.82293470300802,87.04098,train
17915,127.03771421016312,126.86456,train
389,78.3836967869071,78.00617,train
8546,3.3460458597073703,3.458318,train
16123,102.11244006090304,101.58138,train
18989,89.38401259047933,89.42377,train
16483,79.40102080305233,78.90382,train
14006,16.774054817925467,16.678253,train
5000,33.39074910958052,33.369724,train
205,71.98462739387922,70.00352,train
17043,48.41170998900376,48.001698,train
7395,21.429473611547053,21.36858,train
10297,55.4430882998278,54.925926,train
17478,16.264210965298563,16.381403,train
11520,45.64933795175344,45.79208,train
800,2.9065837811274826,2.9311738,train
1480,117.68636585320668,117.11723,train
2215,9.839051198642553,9.849857,train
8135,75.24982629334554,75.24975,train
7894,75.8861492644395,75.96571,train
4974,21.824079935423136,21.884987,train
3261,34.113034957437215,34.095257,train
6410,80.57929170551442,80.61208,train
3451,89.25950270069107,89.17224,train
394,78.3836967869071,78.50057,train
7614,25.97444591185257,26.158848,train
15256,82.69911139745801,82.823616,train
1710,29.125965987027584,29.158512,train
8505,64.95566127753808,64.87873,train
13189,85.05997393992781,84.90918,train
3515,15.826709276493416,15.910532,train
10243,86.82293470300802,87.24902,train
15153,110.67568302020096,110.293274,train
17880,180.7969094795742,180.66588,train
10720,42.41210118412853,42.216717,train
14436,102.64150512184672,103.42807,train
13419,39.2928079640545,39.184063,train
3816,49.19054255336985,48.941235,train
4759,35.87508543765299,35.600742,train
13279,103.23350357813172,102.763626,train
820,4.491537072359547,4.575762,train
9080,85.2707950135868,85.19844,train
17822,47.383642487349135,47.96584,train
12874,60.81262844049596,60.55077,train
1188,3.328531319289431,3.337573,train
434,179.04708701101467,178.99586,train
7964,15.826709276493416,15.753683,train
10497,17.650012712740526,17.337688,train
6174,100.48928695862324,100.33726,train
575,98.65596999066533,98.7753,train
2177,4.491537072359547,4.575762,train
3945,27.727713592149392,27.670843,train
14495,89.76736722751878,89.968285,train
1515,103.745126530115,104.04039,train
7982,19.628813853406385,19.467037,train
10043,43.186882593766825,43.16758,train
8762,56.75820297103196,56.878334,train
18953,92.49960703964835,92.032074,train
3249,29.77075417333722,29.798998,train
11470,52.60873127102636,52.110947,train
16971,23.43298254652068,23.130537,train
12465,36.210240125305205,36.216503,train
11662,81.59299887306369,81.39648,train
14574,19.89991539202705,20.673954,train
6667,26.620833128631787,26.358273,train
12798,71.34845173855356,71.1744,train
148,76.00671399435818,76.30112,train
10906,50.09922712517202,50.234516,train
13859,17.09241641846016,17.298313,train
1442,145.24040847801632,145.21902,train
2866,48.84238573144443,49.40704,train
10816,58.31738655168958,58.5206,train
16200,72.29320847026757,72.286835,train
14950,168.1502886891345,169.23453,train
9370,89.93891881356173,89.99496,train
3243,25.857534399290905,25.906042,train
263,52.42282758556679,52.4406,train
2625,73.68374035525322,73.62137,train
804,3.624115801788345,3.5554862,train
18138,31.73671877096429,32.05341,train
17617,47.383642487349135,47.041805,train
10349,49.49174784981139,50.42862,train
18904,111.16906764061592,111.15115,train
9727,8.967662639453113,9.117012,train
9752,12.681740297286362,12.493738,train
3738,35.86295586622186,35.782494,train
1667,15.977335233233198,16.013798,train
11686,72.90167939974636,73.38728,train
1223,6.442036183009371,6.4377747,train
5402,43.65657505930208,44.06109,train
3916,24.74816706908628,23.912361,train
11020,70.67888709810615,71.28294,train
14490,90.34178504057668,90.19784,train
15293,86.82293470300802,86.74894,train
17562,26.22042757385485,26.736134,train
12694,35.06929068218894,35.266285,train
688,15.977335233233198,16.00739,train
8154,3.3460458597073703,3.458318,train
1954,65.47137652330578,65.522285,train
5040,55.27187238699012,55.278023,train
12647,36.99469593104042,37.06065,train
12001,82.46105591073804,82.53718,train
11218,44.21359478458822,44.378242,train
3456,89.25950270069107,89.39454,train
15278,84.01038592956453,84.007416,train
3808,46.20624283129268,46.073605,train
15983,11.473018356565088,11.504866,train
8347,38.91834885517143,39.044918,train
7594,24.649355892468915,24.55598,train
3075,53.00734926713273,53.25966,train
7601,24.649355892468915,25.72882,train
5602,48.41170998900376,48.918404,train
11,102.11244006090304,101.86663,train
9946,12.681740297286362,12.848813,train
9918,8.967662639453113,9.244137,train
9936,11.245979387941956,11.299845,train
3289,50.04341124314785,50.090683,train
8937,126.44708143304572,126.459885,train
6088,136.76886894565047,137.15045,train
373,69.71997296559415,69.42334,train
14851,29.8566124927783,30.865435,train
14652,35.87508543765299,35.92951,train
7264,73.68374035525031,73.386284,train
13226,143.8247661167656,144.29568,train
14282,41.80739580968886,42.42781,train
10174,84.38693654155693,84.152534,train
17080,201.78551544430667,199.80104,train
16351,48.1381815952728,48.673332,train
12014,86.49796272771187,86.450935,train
14419,112.90513573952586,113.502655,train
10386,54.316367961579786,53.71496,train
17482,16.264210965298563,16.281956,train
674,13.53610473193936,13.552571,train
15556,6.4852329987035695,6.548349,train
2950,21.429473611547053,21.36858,train
595,2.606366123918593,2.6254888,train
16364,48.45410543881178,48.36279,train
18575,78.04583599126548,78.46217,train
3248,29.77075417333722,29.736755,train
3040,41.84557272242807,41.50096,train
13840,13.514492329014466,14.009468,train
678,13.53610473193936,13.554237,train
15645,25.51278413365878,25.587753,train
9866,48.39717757559769,48.77955,train
13733,77.52447914202958,77.25539,train
4734,28.678520203607828,28.967339,train
4334,145.24040847801632,145.21902,train
17604,42.852961632253525,41.16994,train
6734,50.68801501365044,50.878613,train
903,22.34386956684365,22.210978,train
9465,78.17671644727096,78.00627,train
2001,19.628813853406385,20.375645,train
2000,19.628813853406385,18.9929,train
3680,75.24982629334554,75.04032,train
14658,38.72775337298162,38.664196,train
12277,77.79019270718537,77.48481,train
1153,99.4907361299304,99.28148,train
17405,42.23549826962851,41.6546,train
11445,69.43701604268931,68.038666,train
8352,37.38629228613615,37.040253,train
1369,62.12878854692645,62.12984,train
3058,48.96526861625701,48.96535,train
10107,110.67568302020096,110.91385,train
3556,24.10159309622668,23.889784,train
18551,79.9470355349353,79.912895,train
16323,49.424339205446245,49.265053,train
5365,31.91051408188231,31.415007,train
2592,84.57638463785023,84.54326,train
13402,47.10789941727601,46.981987,train
11188,29.77075417333722,29.798998,train
9695,86.49796272771329,86.21255,train
9526,115.23290406090766,115.58454,train
12360,74.18155972707093,73.8913,train
326,54.721475257382544,53.890675,train
6505,41.380738858681696,41.711777,train
3825,52.561077422995496,52.432594,train
3601,38.88107047950797,38.81872,train
14609,26.657804872047155,26.183178,train
3542,21.77517690158367,21.805954,train
18720,20.307928329934253,20.22542,train
1055,136.76886894565047,136.2545,train
5295,16.125116344342604,16.026827,train
7989,21.77517690158367,21.691452,train
2381,35.919888386123255,36.44415,train
8771,52.60873127102636,52.029552,train
4499,5.227697523949966,5.272317,train
13404,47.10789941727601,47.81516,train
14686,48.96526861625701,48.96535,train
4824,57.39162304208823,57.483162,train
1848,21.22276810141124,21.351957,train
14454,98.77373433068,99.24856,train
15724,180.7969094795742,181.36038,train
14848,29.8566124927783,29.485834,train
12448,35.919888386123255,36.07838,train
13545,55.99893434087522,54.574574,train
3593,35.46372651810452,35.38315,train
15456,74.18155972707093,74.44301,train
10029,34.1577503463269,35.18826,train
5381,35.43032585388161,35.61477,train
13823,12.074428136633635,11.610082,train
6198,98.65596999066533,98.6913,train
1460,129.4267602168825,129.11305,train
16920,14.865809293936342,14.78712,train
18956,90.8660920550722,90.63918,train
16786,101.0511292541869,101.261024,train
15473,76.00671399435468,75.73154,train
2407,36.94310571922444,36.877323,train
8552,4.22054923341766,4.2420034,train
4485,4.196221297202333,4.204997,train
14198,39.2928079640545,39.156628,train
6962,70.098803480824,70.04709,train
14195,39.2928079640545,39.204033,train
11112,9.839051198642553,9.849857,train
12706,37.48026356057577,37.590824,train
5926,58.132094825297145,58.222706,train
5861,68.70638879452079,68.65596,train
9326,115.30303150446332,115.49726,train
16211,71.63339382759735,71.76834,train
668,11.384421137066337,11.406518,train
3980,37.34804120151974,37.16774,train
16383,50.2526064803528,50.234913,train
18865,142.84762610413074,143.47066,train
10219,83.13470642646298,83.09063,train
13677,75.46351541383811,75.4704,train
7310,70.8890994699993,70.8547,train
3672,70.03363402017787,69.677345,train
4998,33.39074910958052,33.369724,train
8649,25.51278413365878,25.587753,train
15517,2.618505311135724,2.653271,train
7995,21.77517690158367,22.056982,train
17775,31.74469640013553,30.655432,train
16320,50.733368627516406,51.0007,train
4970,21.824079935423136,21.875692,train
2836,37.34804120151974,38.165905,train
1535,100.48928695862324,100.315636,train
15975,9.570229866524786,9.544644,train
16358,48.10528443505019,47.94455,train
11977,79.27542778284148,79.123856,train
14118,45.4925622387705,45.786884,train
18608,80.66666767817155,80.70997,train
9145,21.429473611547053,21.16366,train
12702,36.02701366128638,35.709534,train
15354,89.57234360169679,90.08694,train
11945,78.04583599126548,77.98133,train
515,109.30466743726038,109.7822,train
5456,12.885025212225244,12.800112,train
18887,124.675830889654,124.51035,train
9566,91.22443951098568,91.380135,train
33,89.57234360169679,89.69133,train
9051,82.69911139745801,82.70441,train
7198,119.357920662184,119.56956,train
13842,15.18002375784278,14.976159,train
14662,38.72775337298162,38.282146,train
3169,8.180433892801254,8.071619,train
10457,79.48504113105551,79.56096,train
5241,83.53755060546071,83.95341,train
12506,41.380738858681696,41.777615,train
13008,90.79649380247676,91.78594,train
5109,80.93195157639853,80.57445,train
1790,12.885025212225244,12.916364,train
17626,52.35653033478938,51.792873,train
476,129.4267602168825,129.56306,train
11193,34.113034957437215,34.095257,train
5477,14.865809293936342,14.842435,train
11400,38.91593697359488,38.960907,train
8112,64.87166628595628,64.78542,train
15734,163.4865892910184,162.52832,train
13249,118.73948000326068,117.48226,train
16485,79.40102080305233,79.10751,train
2500,60.456358375515045,60.36712,train
9490,82.25512726841218,82.28247,train
5909,58.48566458724775,58.55371,train
4673,18.448270263304188,18.898434,train
569,99.4907361299304,99.31202,train
17151,111.6113573414681,111.74413,train
7028,90.56896135270873,90.2508,train
10287,58.6937159884268,59.090645,train
2537,152.8177784761153,152.71819,train
17375,30.88595532017685,29.960533,train
19036,10.57203228982024,9.833085,train
8464,49.19054255336985,48.941235,train
16699,201.78551544430667,202.7263,train
12588,69.76848318728075,69.49403,train
2901,69.52453059841163,69.96903,train
12422,38.91834885517143,38.88501,train
6802,83.01808144823141,83.3688,train
8573,6.4852329987035695,6.548349,train
116,71.5126952436544,71.75357,train
11744,69.0602255325774,69.41262,train
16335,48.56996296403304,48.22094,train
18199,53.49135176226452,53.509613,train
16876,90.79293338634857,90.529,train
7132,73.22704486211128,73.02152,train
12596,74.77670776968412,74.75508,train
10154,88.31993375128738,88.12809,train
9351,100.6187540373376,100.178566,train
10990,59.57543179697275,60.980885,train
5290,14.865809293936342,14.999637,train
4669,18.448270263304188,18.330679,train
12095,87.37869480347202,86.94339,train
6813,77.41176032874927,77.278175,train
2869,53.49135176226452,53.509613,train
7376,18.448270263304188,18.330679,train
15687,49.5370430474446,49.54989,train
5240,83.53755060546071,84.01934,train
16336,48.56996296403304,48.363308,train
16096,55.89167516914279,55.912247,train
2126,64.87166628595628,64.777054,train
3492,91.48002635649718,91.5194,train
17344,22.120024226901386,21.133171,train
15494,80.80332043496728,80.63234,train
10680,47.57393441184789,46.76669,train
5948,60.19466070864491,60.167717,train
1444,136.76886894565047,137.24666,train
2529,74.77670776968583,74.502594,train
18803,47.12291119309999,47.96764,train
2304,38.91593697359398,38.8597,train
4368,117.68636585320668,117.87919,train
12696,36.02701366128638,36.234123,train
761,43.29863673312664,43.33353,train
11827,134.13491032325388,133.72879,train
1780,12.124975352206752,12.278806,train
3016,33.2646262088608,33.68766,train
685,15.977335233233198,16.013798,train
11850,115.23290406090766,115.5191,train
7523,57.39162304208823,56.977303,train
1062,129.4267602168825,129.53934,train
9339,107.39789478589,107.25064,train
11693,72.90167939974636,73.24923,train
5631,65.47137652330578,65.57208,train
8817,45.64933795175344,45.79208,train
2172,3.624115801788345,3.6457982,train
744,38.10425093874939,38.1061,train
18234,69.52453059841163,69.52333,train
17410,42.23549826962851,42.44605,train
19133,30.88595532017685,31.428528,train
4502,5.227697523949966,5.272317,train
13165,79.3711852446667,79.347145,train
17810,42.852961632253525,43.020214,train
15446,72.80691569376961,73.067406,train
2072,38.88107047950797,39.163994,train
4927,11.384421137066337,11.406518,train
17429,51.441846041956246,51.498688,train
11883,91.22443951098568,91.14838,train
5252,86.00802491357565,86.17882,train
4312,166.17853479893557,166.19731,train
18879,124.675830889654,124.06673,train
6746,55.1604052272772,54.911205,train
8447,43.604537301970495,43.954,train
12567,60.456358375515045,60.70138,train
3103,67.18811819694348,67.09673,train
9595,81.7828321007955,81.57598,train
15048,94.85645482862957,94.498184,train
5620,59.31238391810723,59.651134,train
18806,47.12291119309999,48.1584,train
19172,46.6663635563764,46.724342,train
13307,94.85645482862957,94.321396,train
14063,26.936990316598862,26.23011,train
14335,60.69477696945295,60.629402,train
2508,64.95566127753861,64.850296,train
17435,56.56699701702424,55.483738,train
13815,10.839070650375335,10.674161,train
6732,46.48566476712182,46.976543,train
18820,57.62164698064543,57.682137,train
9712,8.085620495190993,8.215873,train
12557,56.318371719454376,56.329796,train
4263,65.47137652330578,65.436066,train
6456,35.86295586622186,35.9659,train
12820,77.41176032874927,77.18884,train
5755,70.5776831156227,70.72129,train
15940,5.260504433154911,5.1478662,train
7174,83.09935595306658,82.97329,train
14330,55.99893434087522,56.20958,train
2744,25.04050211213976,24.575098,train
3004,30.8733631927149,30.850037,train
13918,35.03272103717059,34.89935,train
9980,20.89376771053955,20.1629,train
14547,92.33570202451632,92.396126,train
3197,13.92854978889145,13.916968,train
4949,15.977335233233198,16.013798,train
12018,86.49796272771187,86.375824,train
4273,230.9901536612257,230.59537,train
10635,64.87166628595628,64.777054,train
12758,51.76031579593137,51.78148,train
10382,54.316367961579786,54.97416,train
7092,70.8998858391393,71.09998,train
7365,83.09935595306598,83.182014,train
4829,62.1233802776967,62.391533,train
10249,86.82293470300802,86.8329,train
12620,47.10789941727601,47.36307,train
14363,173.02629337346764,172.64873,train
17860,69.92772157818914,69.88798,train
2840,40.76621946032643,40.363937,train
17372,27.698995930992588,29.062578,train
13274,107.5197399548222,107.64464,train
636,6.442036183009371,6.4377747,train
18326,91.2397572047843,91.5521,train
11884,91.22443951098568,91.125206,train
5053,62.12878854692645,62.113365,train
1069,123.0978685654898,122.71218,train
2845,40.76621946032643,40.54443,train
1407,179.04708701101467,179.2697,train
8686,38.48840493675039,38.530453,train
8576,6.4852329987035695,6.548349,train
13295,96.9560797736986,97.45694,train
16588,73.68374035525322,73.386284,train
17170,101.0511292541869,101.00044,train
13056,72.90167939974636,72.71419,train
246,55.95115332265876,55.930275,train
6437,36.41164086407028,36.206806,train
2051,32.289249758728964,32.81179,train
14244,35.06929068218894,35.274662,train
18511,91.22443951098568,91.00802,train
6519,43.604537301970495,42.68331,train
8126,70.03363402017787,70.285706,train
10907,50.09922712517202,50.344807,train
1959,65.47137652330578,65.40587,train
3428,92.03325910726882,91.91374,train
9630,77.93378927116997,78.02437,train
6034,211.02994799979388,211.12189,train
2817,34.339930274970904,34.327984,train
18882,124.675830889654,125.33932,train
8481,56.318371719454376,56.525196,train
415,211.02994799979388,211.12189,train
12581,64.95566127753808,65.15795,train
17328,17.4903137095204,17.843523,train
1488,113.1117727502116,112.96148,train
13375,93.50643630226388,93.83236,train
19134,30.88595532017685,31.377035,train
3773,39.53055859179817,39.37323,train
1461,129.4267602168825,129.31276,train
7460,33.2646262088608,33.4774,train
2395,36.210240125305205,36.607594,train
4522,7.85908552453503,7.9066777,train
3308,201.78551544430667,199.80104,train
17958,97.23410613085656,97.21221,train
8386,35.86295586622186,35.782494,train
13852,17.09241641846016,16.087906,train
15849,89.59649952596679,89.87332,train
701,18.731792724897712,18.768688,train
15830,92.03325910726882,91.90891,train
1034,154.98431615588598,155.22076,train
3268,38.91593697359398,38.8597,train
5470,13.792313484057486,13.726273,train
19011,90.55535075755104,90.410866,train
15781,111.6113573414681,112.7167,train
15764,127.03771421016312,126.395424,train
10687,45.62472903888442,45.81967,train
6019,230.9901536612257,231.11435,train
12796,71.34845173855356,70.88856,train
1030,154.98431615588598,154.82565,train
4122,16.125116344342604,16.026827,train
4381,113.1117727502116,112.97656,train
3681,75.24982629334554,75.20336,train
2586,90.56896135270873,91.05218,train
7069,73.68374035525322,73.1226,train
11974,79.27542778284148,79.38348,train
11761,70.8035239631433,70.66147,train
8475,52.561077422995496,52.273655,train
2760,24.74816706908628,25.00816,train
12293,75.33592393483191,75.49979,train
13064,71.14396606839321,71.28534,train
12871,60.81262844049596,60.49367,train
19017,91.1828236948467,91.312546,train
12587,69.76848318728075,69.559715,train
9161,24.789633367188944,24.697615,train
6241,24.63527893831387,24.870863,train
6426,37.38629228613615,37.309586,train
16425,58.10615179076552,57.61973,train
17907,137.09122808053337,136.92966,train
11671,78.081523194867,78.15226,train
14184,42.58610637454368,42.075527,train
7786,107.39789478589,107.1238,train
7937,82.25512726841278,82.61248,train
5894,60.81262844049596,60.5972,train
3638,50.68801501365044,50.662483,train
2671,71.78670881619587,71.551735,train
6793,89.61281744144841,89.21022,train
9853,43.186882593766825,43.16758,train
18801,47.12291119309999,46.81711,train
5911,58.48566458724775,58.67988,train
2581,90.56896135270873,90.58187,train
8541,3.3460458597073703,3.3082185,train
13287,99.73165781686828,99.75837,train
2323,50.04341124314785,50.090683,train
3297,56.44692913934201,56.411892,train
15447,72.80691569376961,73.02011,train
9902,8.085620495190993,8.215873,train
4606,33.39074910958052,33.380863,train
4967,21.824079935423136,21.875692,train
6396,75.23466307522513,75.02333,train
18805,47.12291119309999,48.000423,train
8404,36.94310571922444,36.77075,train
6344,48.84238573144443,48.735832,train
9246,45.250987390322535,45.184357,train
5065,102.11244006090304,102.31547,train
17079,201.78551544430667,201.8132,train
1949,59.31238391810723,59.238514,train
2762,24.74816706908628,25.012293,train
10263,89.77171705634251,89.6598,train
6882,58.48566458724775,58.461452,train
1902,35.43032585388161,35.959343,train
10904,50.09922712517202,50.19353,train
13730,76.01605659237786,75.56574,train
2441,41.380738858681696,40.87699,train
13866,19.273701242015807,19.138693,train
4905,7.85908552453503,7.9066777,train
520,109.30466743726038,109.41189,train
16710,180.7969094795742,180.12476,train
6774,70.03363402017787,69.6308,train
13952,54.992252475314366,54.435406,train
12936,61.911697819840086,61.83941,train
19411,83.55792357754082,83.684715,train
13359,92.69393389813976,92.67349,train
12649,36.99469593104042,36.715126,train
4415,101.86758015295236,102.063484,train
2826,34.339930274970904,34.301147,train
9389,82.51266906756706,82.105,train
5883,62.82498618409738,62.20437,train
11991,80.66666767817244,80.779205,train
11872,101.3171290408814,100.94976,train
4781,41.84557272242807,41.94051,train
17869,201.78551544430667,201.69505,train
12309,72.29320847026757,72.126396,train
3578,29.34578260289036,29.772373,train
11312,11.747596709249317,11.700321,train
14855,33.159238156410005,32.045364,train
5841,83.01808144823141,83.082794,train
17071,65.47137652330578,65.55655,train
11174,25.857534399290905,25.88882,train
4332,145.24040847801632,145.12863,train
18950,92.49960703964835,92.392334,train
7694,44.47167879893512,43.979603,train
11467,56.75820297103196,56.41628,train
18587,78.3521209153635,78.41772,train
8751,62.25633543844163,62.394062,train
15383,77.79019270718537,77.82545,train
13288,99.73165781686828,100.03718,train
11613,70.13557868690133,70.24707,train
3150,5.527128574206158,5.477246,train
15201,88.31993375128738,88.12809,train
10389,54.316367961579786,53.8902,train
6702,35.46372651810452,36.083736,train
8270,29.402411149110645,29.427898,train
11419,50.04341124314845,50.090683,train
8574,6.4852329987035695,6.548349,train
7236,84.57638463785023,84.69868,train
19158,42.23549826962851,41.539883,train
2624,73.68374035525322,73.7552,train
3590,35.46372651810452,35.574043,train
1463,123.0978685654898,123.09457,train
4700,23.053352899871395,22.574429,train
8340,38.91834885517143,38.63942,train
6190,99.4907361299304,99.44911,train
6304,34.339930274970904,34.168934,train
12279,77.79019270718537,77.67626,train
15230,83.29477154332817,83.2359,train
75,75.33592393483191,75.02487,train
13689,74.59089711105786,74.71286,train
2166,3.624115801788345,3.5554862,train
6128,113.1117727502116,112.96148,train
5975,64.1404088665598,64.05254,train
8305,43.749455725793766,43.75151,train
8755,62.25633543844163,62.858543,train
15497,83.53755060546025,83.895515,train
412,211.02994799979388,211.02756,train
11651,85.80236635218084,85.86705,train
14524,90.1171147731606,90.64205,train
6619,15.826709276493416,15.753683,train
8058,42.55205181960314,42.276257,train
8042,35.46372651810452,35.331287,train
9573,87.37869480347202,87.34752,train
9019,84.38693654155693,84.360466,train
15581,9.570229866524786,9.544644,train
16842,89.25950270069107,89.5271,train
7175,83.09935595306658,83.19932,train
11978,79.27542778284148,79.253815,train
7188,134.14502085001527,133.73454,train
5648,134.14502085001388,133.89389,train
2233,13.92854978889145,13.916968,train
2063,38.88107047950797,38.416077,train
19324,52.38623850151688,53.03715,train
6090,136.76886894565047,136.2545,train
9996,23.676009316847548,23.712627,train
17525,20.391351361528265,20.130848,train
5153,71.63339382759392,72.225464,train
1481,117.68636585320668,117.18843,train
5243,86.00802491357565,85.755394,train
5043,55.27187238699012,55.28068,train
3657,59.89579766367838,59.73547,train
12438,36.41164086407028,36.320827,train
5630,65.47137652330578,65.52326,train
7528,57.39162304208823,57.453915,train
18563,78.70967419713557,78.72463,train
5018,43.29863673312746,43.32351,train
8362,36.41164086407028,36.206806,train
6895,58.30263960140757,58.14309,train
11261,4.491537072359547,4.313355,train
1131,101.86758015295236,101.63996,train
730,29.12596598702036,29.158512,train
4088,12.124975352206752,12.284316,train
15577,9.570229866524786,9.544644,train
7589,24.456458411821725,25.18963,train
12564,56.318371719454376,56.546078,train
4778,41.84557272242807,41.50096,train
7034,90.56896135270873,90.503105,train
17167,101.0511292541869,101.18552,train
8604,11.473018356565088,11.504866,train
12902,58.132094825297145,58.30367,train
3580,32.289249758728964,31.896097,train
1919,43.65657505930208,43.961834,train
9931,11.245979387941956,10.992906,train
9684,84.52419181559287,84.43176,train
8334,62.85838899590023,62.841156,train
10242,85.2707950135868,85.20478,train
15866,89.25950270069107,89.56723,train
4371,117.68636585320668,117.18909,train
10532,26.620833128631787,26.410604,train
10198,82.74203335367166,82.72649,train
19222,62.90876193978079,62.752407,train
6771,64.87166628595628,64.618225,train
8952,110.67568302020096,110.293274,train
3342,137.09122808053337,136.86552,train
11640,90.79649380247676,91.07036,train
17164,101.0511292541869,100.61363,train
10259,88.48216304859169,88.32001,train
9172,26.657804872047155,26.438696,train
14308,47.982575358036456,47.926575,train
1870,25.935608876074404,26.296036,train
15489,80.80332043496728,80.834435,train
8951,117.94057501366258,118.325966,train
7293,70.57768311562211,70.668846,train
14386,146.55486384356334,145.67088,train
8428,41.380738858681696,41.732418,train
4106,13.792313484057486,13.936187,train
5565,35.43032585388161,35.040043,train
13744,79.44225220967748,79.201065,train
7684,40.89299824332066,39.82241,train
14132,55.80060084695734,55.319458,train
16837,89.59649952596679,89.544174,train
13389,53.18976182780735,53.99855,train
12100,84.24741541524314,83.76094,train
14856,33.159238156410005,32.31254,train
4936,13.53610473193936,13.552571,train
9720,8.967662639453113,8.61395,train
11623,75.02114224725477,74.55892,train
10935,49.964974571776985,49.646534,train
4125,16.125116344342604,16.199835,train
11246,2.9065837811274826,2.9311738,train
14408,119.47607547303537,119.05167,train
15755,137.09122808053337,136.72174,train
5655,119.35792066219084,118.904396,train
11333,16.405241459442376,16.340355,train
16747,127.03771421016312,126.86456,train
3347,137.09122808053337,136.89745,train
9275,57.39162304208823,57.453915,train
7673,37.70223435850963,36.3712,train
18641,86.49796272771329,86.36441,train
14663,38.72775337298162,39.27302,train
17286,10.57203228982024,10.464114,train
4797,48.96526861625701,48.819252,train
6328,40.76621946032643,40.623463,train
2527,74.77670776968583,74.82944,train
2175,4.491537072359547,4.313355,train
6526,46.20624283129268,45.841118,train
9747,11.245979387941956,11.480293,train
5838,83.01808144823141,82.57808,train
16627,70.8890994699993,71.44121,train
19135,30.88595532017685,32.23163,train
12202,84.52419181559287,84.67955,train
13456,34.635546819221005,34.649998,train
13544,51.76031579593137,52.27011,train
9476,80.03415155888028,80.11706,train
13789,8.163467965221182,8.43423,train
13459,34.635546819221005,34.58951,train
2765,24.74816706908628,24.664461,train
5093,84.82941053361527,84.97146,train
6533,49.19054255336955,50.514988,train
4347,129.4267602168825,129.31442,train
18463,123.96214174002029,124.15574,train
17973,94.254909093602,93.74722,train
15050,94.85645482862957,94.52934,train
1966,14.147402430467531,14.15922,train
681,13.53610473193936,13.554237,train
17050,53.62497940433934,53.230003,train
1001,193.8751524679473,194.1263,train
5321,19.28254456595652,19.496342,train
9444,75.8861492644395,76.08275,train
5591,43.65657505930208,44.05266,train
12494,38.05130976592272,38.462566,train
10361,49.964974571776985,50.500305,train
7304,70.8890994699993,71.18206,train
4435,99.4907361299304,99.69921,train
16365,48.45410543881178,47.78756,train
12394,80.80332043496728,80.95916,train
15395,75.33592393483191,75.82906,train
3233,22.34386956684365,22.653292,train
12486,38.05130976592272,38.52407,train
14174,47.10789941727601,46.593327,train
16026,22.019205815790663,22.058369,train
313,53.11407662346408,52.895264,train
451,154.98431615588598,154.61703,train
7148,77.53876431170232,77.82569,train
13236,134.16905500217058,134.36958,train
4616,38.10425093875088,38.1061,train
703,21.824079935423136,21.875692,train
7390,19.89991539202705,20.361694,train
2163,3.624115801788345,3.5554862,train
6114,117.68636585320668,117.16629,train
4191,31.91051408188231,31.408974,train
10469,83.55792357754082,83.68831,train
1670,15.977335233233198,16.00739,train
4925,11.384421137066337,11.406518,train
13929,39.32963876961686,39.623417,train
7040,84.57638463785023,84.43796,train
17845,63.65496035831079,62.955566,train
12396,83.53755060546025,83.895515,train
13227,143.8247661167656,143.74123,train
922,25.857534399290905,25.906042,train
15191,91.2397572047843,91.39868,train
18657,10.849469453369007,9.680984,train
15935,4.22054923341766,4.2420034,train
18446,89.77171705634251,89.430504,train
12224,110.28871787139632,109.895096,train
1679,18.731792724897712,18.768688,train
12245,89.57234360169679,89.771225,train
7252,76.30367359186545,75.99221,train
18023,89.42090092796712,89.582954,train
16944,17.59043680885926,17.392952,train
4306,179.04708701101467,178.99586,train
10727,42.16129665773079,41.551178,train
4576,21.824079935423136,21.875692,train
6516,43.604537301970495,44.268726,train
10871,55.4430882998278,55.305332,train
17712,17.95913696269572,18.224728,train
3777,39.53055859179817,39.26467,train
14600,24.789633367188944,24.399563,train
14531,90.86910077663212,91.090324,train
12326,71.5126952436544,71.798676,train
15867,89.25950270069107,89.23466,train
5148,72.2932084702675,72.286835,train
4472,2.606366123918593,2.6254888,train
15422,71.63339382759735,71.76834,train
8510,69.76848318728075,69.559715,train
7956,14.147402430467531,14.554978,train
3257,34.113034957437215,34.095257,train
1887,31.91051408188231,32.172653,train
12163,78.3521209153635,78.43187,train
12429,37.38629228613615,37.040253,train
1781,12.124975352206752,12.284316,train
15814,97.23410613085656,97.200874,train
2389,35.86295586622186,35.622677,train
8774,52.60873127102636,52.59178,train
3472,89.98590815117426,90.14487,train
12771,55.99893434087522,56.086166,train
8669,33.717244930192976,33.68749,train
5257,12.124975352206752,12.066382,train
13508,41.80739580968886,41.16,train
3744,36.210240125305205,36.318737,train
11689,72.90167939974636,72.71419,train
3735,35.86295586622186,35.41084,train
941,34.113034957437215,34.270653,train
1389,211.02994799979388,211.00525,train
18504,95.84505322335384,95.89939,train
15053,94.85645482862957,94.53319,train
16405,53.47823699991465,53.210667,train
501,117.68636585320668,117.18843,train
6921,60.19466070864491,59.658382,train
8719,62.85838899590023,62.84564,train
12284,77.79019270718537,78.00607,train
1145,100.48928695862324,100.17203,train
4950,15.977335233233198,16.00739,train
8397,36.210240125305205,36.617054,train
10118,104.48871564383238,103.754265,train
8933,136.40586584491066,136.47696,train
920,25.857534399290905,25.906042,train
17317,15.49099131419465,15.016675,train
8658,29.402411149110645,29.427898,train
2911,75.23466307522513,75.06198,train
2110,55.1604052272772,55.104877,train
3198,13.92854978889145,13.916968,train
10962,54.316367961579786,54.825035,train
10066,54.10904342509948,54.38493,train
13318,93.38657295807928,93.28185,train
5089,89.57234360169679,90.00319,train
936,34.113034957437215,34.095257,train
16858,89.42090092796712,89.591156,train
7558,72.52135855398946,72.65872,train
7533,62.1233802776967,61.717037,train
15322,110.28871787139632,110.520096,train
2483,56.318371719458256,56.516846,train
17949,101.0511292541869,100.870445,train
16980,25.935608876074404,25.60239,train
15509,86.00802491357506,85.94431,train
18567,78.04583599126548,78.00522,train
10547,29.34578260289036,28.864836,train
1050,136.76886894565047,136.71268,train
18377,82.74203335367166,82.941826,train
8530,2.618505311135724,2.653271,train
12543,49.19054255336985,49.112255,train
6759,59.89579766367838,59.692364,train
10764,45.14459234822735,44.76051,train
14597,24.789633367188944,24.697615,train
2041,29.34578260289036,29.772373,train
18467,123.96214174002029,123.96183,train
6598,74.77670776968583,74.5675,train
7187,134.14502085001527,134.3781,train
17032,43.65657505930208,43.20144,train
11000,62.87797862213373,64.27679,train
15040,96.9560797736986,96.723145,train
9220,38.72775337298162,38.663864,train
15317,89.77171705634251,89.667274,train
10879,55.4430882998278,54.71258,train
15357,84.82941053361527,84.71786,train
9361,94.83357335355618,94.92658,train
6776,70.03363402017787,69.58574,train
2430,39.53055859179817,39.26467,train
5269,12.885025212225244,12.6950865,train
17381,30.88595532017685,31.428528,train
10596,46.48566476712182,46.11491,train
5798,77.53876431170232,77.60041,train
2270,22.34386956684365,22.653292,train
1875,28.753615695926324,28.319248,train
5603,53.62497940433934,53.173378,train
1601,4.196221297202333,4.204997,train
10241,85.2707950135868,85.37076,train
5212,76.00671399435818,75.92435,train
4921,9.499438230882436,9.494648,train
6213,26.05871153969042,26.16409,train
9470,78.17671644727096,78.10144,train
4487,4.196221297202333,4.204997,train
2698,77.53876431170232,77.60041,train
1769,62.12878854692645,62.113365,train
10298,55.4430882998278,54.831112,train
14925,67.62832117387488,67.16236,train
5561,31.91051408188231,32.073166,train
6022,230.9901536612257,230.904,train
8980,99.25129745411776,98.99949,train
18288,110.67568302020096,110.38008,train
16605,71.91197889308408,72.054344,train
6887,58.132094825297145,58.464737,train
12123,79.9470355349353,79.912895,train
6903,58.30263960140757,58.261734,train
1921,43.65657505930208,44.05266,train
3798,43.604537301970495,43.57611,train
4807,53.00734926713273,52.93961,train
18602,79.27542778284364,79.123856,train
3904,24.63527893831387,24.468931,train
14317,51.76031579593137,51.65995,train
6534,49.19054255336955,49.480453,train
18924,101.40176125573278,101.58,train
6127,113.1117727502116,113.081345,train
2972,24.789633367188944,24.399563,train
11895,87.37869480347202,87.34752,train
6800,83.01808144823141,83.293175,train
1933,53.62497940433934,53.173378,train
6523,46.20624283129268,46.495102,train
13848,15.18002375784278,15.244489,train
2257,19.20192266480916,19.17752,train
14762,16.08629542413324,16.028547,train
18576,78.04583599126548,78.187904,train
2614,76.30367359186545,76.35657,train
5959,61.911697819840086,61.87771,train
17691,16.57780018172115,16.617096,train
14973,134.16905500217058,134.63643,train
6306,34.339930274970904,34.335663,train
9122,18.448270263304188,18.344553,train
18991,89.38401259047933,89.470825,train
2520,69.76848318728358,70.014725,train
18208,58.5236929318425,58.110474,train
11530,46.3112758194042,46.535217,train
5819,83.09935595306658,83.01747,train
1761,55.27187238699012,55.28068,train
18703,16.438024087071643,17.120798,train
1620,6.442036183009371,6.4377747,train
185,83.53755060546071,84.01934,train
3489,90.79293338634857,90.699036,train
780,55.271872386990935,55.28068,train
15206,88.31993375128738,88.59394,train
1360,55.271872386990935,55.278023,train
12418,38.91834885517143,38.631687,train
12717,39.410668208964985,39.506012,train
2294,34.113034957437215,34.095257,train
15656,33.717244930192976,33.68749,train
5180,71.91030133184738,72.05843,train
2309,38.91593697359398,38.8597,train
7986,19.628813853406385,20.375645,train
18192,48.84238573144443,49.09351,train
8977,99.25129745411776,99.51903,train
5004,33.39074910958052,33.369724,train
6261,25.32142942667775,25.245548,train
3206,13.92854978889145,13.922574,train
13352,92.24483243250832,92.35115,train
5372,31.91051408188231,32.836407,train
18899,111.16906764061592,111.097626,train
17599,38.74855875286944,39.212673,train
5158,71.63339382759392,71.84898,train
12068,101.3171290408814,101.363815,train
3988,37.34804120151974,37.458626,train
7772,115.30303150446332,115.45118,train
5105,80.93195157639853,79.95124,train
13526,47.982575358036456,47.91816,train
1756,55.27187238699012,55.278023,train
17142,118.62582953904092,118.277435,train
17019,39.33748405428104,38.806686,train
14808,20.33936974007777,19.803795,train
4564,15.977335233233198,16.00739,train
19049,12.046394034663363,11.994334,train
17727,20.391351361528265,20.372581,train
2995,28.678520203607828,29.006702,train
5198,74.18155972707108,73.8913,train
1922,43.65657505930208,44.06109,train
11236,56.44692913934201,56.45331,train
15095,92.24483243250832,92.32134,train
9870,54.10904342509948,53.65877,train
8970,104.48871564383238,104.14838,train
8465,49.19054255336985,48.601173,train
16114,110.28871787139632,109.895096,train
11283,6.750079908713624,6.5304766,train
8651,25.51278413365878,25.587753,train
2623,73.68374035525322,73.64881,train
2433,41.380738858681696,41.732418,train
6896,58.30263960140757,58.37876,train
6693,35.46372651810452,35.574043,train
3475,89.98590815117426,89.90552,train
2478,52.561077422993925,52.432594,train
18650,9.788308558714837,9.732861,train
7915,78.1767164472726,78.10144,train
5531,23.43298254652068,23.769905,train
1617,6.442036183009371,6.4377747,train
3438,90.5009001330304,90.44589,train
12413,86.00802491357506,86.02074,train
13414,42.58610637454368,43.5209,train
4379,113.1117727502116,113.081345,train
7510,48.96526861625701,49.1848,train
10492,17.650012712740526,17.231766,train
10808,54.79280587614715,55.458694,train
1765,62.12878854692645,62.12984,train
8289,38.48840493675039,38.530453,train
8790,47.46331387653679,47.14019,train
8480,56.318371719454376,56.329796,train
12803,71.34845173855356,71.42352,train
37,89.57234360169679,89.83119,train
17055,53.62497940433934,53.866196,train
12741,44.66517096340306,44.180195,train
4128,16.125116344342604,16.26345,train
3400,97.23410613085656,97.2007,train
9212,35.87508543765299,35.569183,train
14937,183.50675596781025,182.93088,train
14288,41.80739580968886,41.867184,train
6782,70.03363402017787,70.32531,train
2204,8.180433892801254,8.071619,train
15904,91.48002635649718,91.41616,train
15122,93.50643630226388,93.46721,train
10406,59.57543179697275,58.842102,train
15862,89.25950270069107,89.5271,train
16328,49.424339205446245,49.681885,train
14283,41.80739580968886,42.56588,train
15506,86.00802491357506,85.755394,train
15333,102.11244006090304,102.48801,train
7067,76.30367359186545,76.110054,train
17298,12.046394034663363,12.001185,train
19080,17.4903137095204,17.843523,train
3928,25.32142942667775,25.245548,train
11351,22.34386956684365,22.210978,train
6145,106.2025558056929,106.343155,train
8445,43.604537301970495,43.116272,train
13897,27.66127153640531,27.287897,train
12946,64.1404088665598,64.22702,train
16290,83.53755060546025,83.712326,train
3529,17.650012712740526,19.21051,train
13923,39.32963876961686,38.43042,train
12199,84.52419181559287,84.73885,train
7315,71.78670881619715,71.33306,train
1323,33.39074910957999,33.369724,train
2837,40.76621946032643,40.52292,train
8163,4.22054923341766,4.2420034,train
4932,11.384421137066337,11.406518,train
193,86.00802491357565,85.9641,train
9369,89.93891881356173,90.28897,train
8526,74.77670776968412,74.907906,train
1462,129.4267602168825,129.73975,train
11319,11.747596709249317,11.700321,train
4508,6.442036183009371,6.4377747,train
17600,38.74855875286944,39.082867,train
6902,58.30263960140757,58.161613,train
12409,86.00802491357506,85.77785,train
7274,71.91197889308363,72.08683,train
10689,45.62472903888442,45.96429,train
9796,20.89376771053955,21.611156,train
6552,52.561077422993925,52.929634,train
5691,84.57638463785023,84.69868,train
19248,52.99398689569749,52.792976,train
2652,70.5776831156227,70.82818,train
16266,78.23957030362628,78.3689,train
18260,136.40586584491066,136.95403,train
3111,72.52135855398946,72.461945,train
11185,29.77075417333722,29.798998,train
1526,101.86758015295236,101.63996,train
11379,29.77075417333618,29.798998,train
7014,107.5602418843858,107.435,train
12287,75.33592393483191,75.35051,train
1313,29.12596598702036,29.158512,train
19064,13.681305189167857,14.4218855,train
1808,14.865809293936342,15.017814,train
9815,26.79723709025756,26.5681,train
15831,92.03325910726882,92.22599,train
5682,90.56896135270873,90.428024,train
639,6.442036183009371,6.4377747,train
9508,134.13491032325388,134.06134,train
6704,38.88107047950797,38.81872,train
9482,80.03415155888028,80.37263,train
9033,83.29477154332817,83.363144,train
9332,115.30303150446332,115.27272,train
7461,33.2646262088608,33.68766,train
9233,41.84557272242807,41.82408,train
19061,13.681305189167857,14.229206,train
15749,149.10252861042588,148.74617,train
1440,145.24040847801632,145.12863,train
3383,105.8033985466063,105.830956,train
15176,99.25129745411776,98.76077,train
6843,65.44228559506357,65.811775,train
970,50.04341124314785,50.090683,train
7289,70.89988583913944,70.893234,train
8739,69.43701604268931,70.775154,train
12563,56.318371719454376,56.51358,train
6549,52.561077422993925,52.07288,train
11317,11.747596709249317,11.700321,train
18271,126.44708143304572,126.33544,train
12863,62.82498618409738,62.918797,train
2256,19.20192266480916,19.17752,train
18109,26.320863792397155,26.557158,train
5595,48.41170998900376,48.098736,train
15032,99.73165781686828,99.848915,train
6918,60.19466070864491,60.127243,train
18398,83.13470642646298,82.99421,train
9214,35.87508543765299,35.775776,train
18889,117.40677602978512,116.59757,train
18571,78.04583599126548,78.32531,train
16090,55.89167516914279,55.912247,train
1767,62.12878854692645,62.113365,train
14909,55.80060084695734,55.503418,train
9157,23.053352899871395,23.162304,train
605,3.328531319289431,3.337573,train
16270,78.23957030362628,78.07489,train
18829,63.547457434196325,63.615093,train
9552,95.84505322335384,96.00165,train
10049,43.186882593766825,43.30897,train
18081,24.63527893831387,24.468931,train
1281,18.731792724897712,18.768688,train
9347,100.6187540373376,100.69356,train
4514,6.442036183009371,6.4325237,train
10119,104.48871564383238,104.04591,train
10563,35.46372651810452,35.441875,train
11567,51.56721782835394,50.689194,train
14761,16.08629542413324,16.529524,train
10201,82.74203335367166,82.94106,train
10883,52.99398689569749,52.98122,train
9365,89.93891881356173,90.02409,train
5450,12.124975352206752,12.278806,train
1955,65.47137652330578,65.55655,train
3820,52.561077422995496,52.308853,train
17738,22.02913768609874,21.88047,train
942,34.113034957437215,34.270653,train
4537,11.384421137066337,11.406518,train
3183,9.839051198642553,9.849857,train
4165,23.43298254652068,23.510338,train
17491,16.57780018172115,16.617096,train
11123,11.747596709247082,11.700321,train
11625,75.02114224725477,75.10975,train
9941,12.681740297286362,12.441697,train
1588,3.328531319289431,3.337573,train
15871,89.42090092796712,89.864204,train
9283,62.1233802776967,62.391533,train
2563,107.5602418843858,107.435,train
1911,39.33748405428104,39.84168,train
6158,103.745126530115,103.66729,train
15449,72.80691569376961,72.74371,train
9217,35.87508543765299,36.108562,train
3066,48.96526861625701,49.336548,train
4350,129.4267602168825,129.98515,train
8034,32.289249758728964,32.201584,train
456,145.24040847801632,145.53375,train
9618,78.70967419713557,78.90347,train
15917,2.618505311135724,2.6760576,train
18239,75.23466307522513,74.85416,train
17026,39.33748405428104,39.695126,train
18345,86.04998768751986,85.65874,train
14171,53.18976182780735,53.515377,train
8087,50.68801501365044,51.32193,train
18970,89.83219912234955,90.00758,train
4200,35.43032585388161,34.976524,train
5522,21.22276810141124,21.71966,train
1368,62.12878854692645,62.12984,train
11495,47.46331387653679,47.65876,train
17640,57.78179082659215,57.93481,train
6786,75.24982629334554,74.81566,train
14451,98.77373433068,98.34832,train
6008,77.7528643276994,77.81071,train
10065,54.10904342509948,53.872993,train
4682,19.89991539202705,19.793625,train
5748,70.5776831156227,70.668846,train
13825,12.074428136633635,11.9192,train
564,99.4907361299304,99.67785,train
15812,97.23410613085656,97.0074,train
1677,18.731792724897712,18.768688,train
12104,84.24741541524314,83.658485,train
13538,51.76031579593137,51.78148,train
5537,25.935608876074404,25.964828,train
9759,12.681740297286362,13.279514,train
18672,12.027122960554882,12.391713,train
6156,103.745126530115,103.41052,train
18601,79.27542778284364,79.23237,train
7004,119.35792066219084,119.07569,train
9398,79.86598582053819,79.806786,train
19331,54.316367961579786,54.02409,train
16859,89.98590815117426,90.17609,train
9741,11.245979387941956,10.992906,train
14978,134.16905500217058,134.36958,train
17214,89.59649952596679,89.87332,train
10288,58.6937159884268,57.90039,train
14816,22.19104778233357,20.929327,train
602,2.606366123918593,2.6254888,train
8013,26.620833128631787,26.542093,train
1599,4.196221297202333,4.204997,train
14881,40.96669871801392,40.917168,train
299,51.9827380963932,52.133297,train
15769,127.03771421016312,127.3558,train
4103,13.792313484057486,13.826736,train
13130,70.8035239631433,70.57604,train
1443,136.76886894565047,136.74638,train
1373,62.12878854692645,62.113365,train
17916,127.03771421016312,126.552185,train
6960,70.098803480824,69.95505,train
8399,36.94310571922444,36.914104,train
14924,61.55125893730588,62.539913,train
7183,152.8177784761153,151.89844,train
12049,115.23290406090766,115.26843,train
2086,46.48566476712182,46.393627,train
3023,35.87508543765299,35.55025,train
5771,71.78670881619587,71.551735,train
2265,22.34386956684365,22.210978,train
19021,91.1828236948467,91.262314,train
10767,45.14459234822735,44.808247,train
16135,89.57234360169679,89.771225,train
18532,84.24741541524314,83.658485,train
5621,59.31238391810723,59.60877,train
7802,94.83357335355618,94.49157,train
16751,118.62582953904092,119.6762,train
6690,32.289249758728964,32.303925,train
6017,77.7528643276994,77.76033,train
2843,40.76621946032643,40.65666,train
907,22.34386956684365,22.653292,train
1936,53.62497940433934,53.40689,train
6939,64.1404088665598,64.08247,train
9085,85.2707950135868,85.25093,train
9205,33.2646262088608,33.41932,train
506,113.1117727502116,113.62645,train
5028,49.0086224925457,48.99863,train
670,11.384421137066337,11.406518,train
7874,75.72806675637788,76.04069,train
17233,89.25950270069107,89.434135,train
2806,29.533535528411715,29.741903,train
4965,21.824079935423136,21.875692,train
13712,74.95067169957674,74.567345,train
16455,67.58928448046117,67.68439,train
6988,152.8177784761153,152.71819,train
5681,90.56896135270873,90.58187,train
14409,119.47607547303537,120.04232,train
15120,93.50643630226388,93.71371,train
11439,78.77344906209804,79.09534,train
11108,8.180433892801254,8.071619,train
3364,118.62582953904092,117.944824,train
984,230.9901536612257,231.11435,train
16303,86.00802491357506,86.02074,train
18193,48.84238573144443,49.171524,train
2117,59.89579766367838,60.09657,train
17416,46.6663635563764,46.36043,train
8988,94.86192637572438,94.8282,train
4941,13.53610473193936,13.554237,train
11909,84.24741541524314,83.65014,train
16133,95.27995050133204,95.26251,train
5223,80.80332043496549,81.585205,train
4587,25.27984779576332,25.358246,train
11061,3.624115801788345,3.5554862,train
18718,20.307928329934253,19.55044,train
56,80.93195157639853,80.43942,train
13534,47.982575358036456,48.463146,train
10002,26.79723709025756,26.461533,train
10082,136.40586584491066,136.22081,train
1956,65.47137652330578,65.436066,train
6508,41.380738858681696,41.239166,train
7621,25.97444591185257,26.783028,train
15157,110.67568302020096,110.142784,train
1254,11.384421137066337,11.406518,train
17510,17.95913696269572,17.944515,train
9559,95.84505322335384,96.193504,train
2209,8.180433892801254,8.071619,train
11800,79.3711852446667,79.09027,train
11994,82.46105591073804,82.44625,train
2871,53.49135176226452,53.473824,train
10213,83.13470642646298,83.40042,train
7593,24.649355892468915,24.215723,train
11610,70.13557868690133,69.91519,train
10951,52.38623850151688,52.790382,train
9849,38.44992203777068,38.76794,train
10217,83.13470642646298,83.037636,train
11406,44.21359478458911,44.129055,train
7717,52.83913101702683,52.89471,train
15927,3.3460458597073703,3.458318,train
7033,90.56896135270873,90.428024,train
3954,29.533535528411715,29.371069,train
14549,92.33570202451632,92.26294,train
12971,70.098803480824,70.16692,train
1534,100.48928695862324,100.33726,train
9478,80.03415155888028,79.88295,train
7086,71.91197889308408,71.98196,train
5231,80.80332043496549,80.63234,train
16296,86.00802491357506,85.74294,train
1451,136.76886894565047,136.63849,train
11296,8.180433892801254,8.071619,train
5442,65.47137652330578,65.6363,train
6515,43.604537301970495,44.41009,train
19059,13.681305189167857,13.896081,train
18706,16.438024087071643,17.29894,train
3003,30.8733631927149,30.45485,train
18874,133.10289781802356,133.78983,train
1391,211.02994799979388,211.60492,train
61,77.79019270718656,77.20999,train
4228,43.65657505930208,44.05266,train
3107,72.52135855398946,72.10385,train
5320,19.28254456595652,19.454927,train
17872,180.7969094795742,181.36038,train
16501,83.09327843384654,83.17386,train
16867,89.98590815117426,89.92839,train
7691,40.89299824332066,42.05162,train
8259,25.51278413365878,25.587753,train
15579,9.570229866524786,9.544644,train
4962,18.731792724897712,18.768688,train
5221,78.2395703036289,78.1103,train
43,84.82941053361527,85.02166,train
5882,62.82498618409738,62.8016,train
15948,5.260504433154911,5.462879,train
15584,9.570229866524786,9.544644,train
8372,35.919888386123255,35.81475,train
18572,78.04583599126548,78.26174,train
9721,8.967662639453113,8.729885,train
18536,84.24741541524314,83.750694,train
4973,21.824079935423136,21.884987,train
15100,92.69393389813976,92.65794,train
18092,24.74816706908628,25.012293,train
18119,27.727713592149392,27.995998,train
6578,64.95566127753861,64.850296,train
10485,15.826709276493416,15.867119,train
11944,78.04583599126548,78.22202,train
14293,44.66517096340306,44.11076,train
9664,80.66666767817155,80.493004,train
8323,55.89167516914279,55.912247,train
7106,70.5776831156227,70.72129,train
18015,89.25950270069107,89.23466,train
10229,84.01038592956453,83.97617,train
2489,56.318371719458256,55.70036,train
17177,97.23410613085656,97.0074,train
16759,118.62582953904092,119.19649,train
4577,21.824079935423136,21.875692,train
4136,17.59043680885926,17.66791,train
3667,64.87166628595628,65.27021,train
132,72.80691569376819,72.86628,train
16056,33.717244930192976,33.68749,train
2266,22.34386956684365,22.210978,train
16918,13.792313484057486,13.827803,train
10077,60.34709742131263,60.55983,train
7799,94.83357335355618,95.03857,train
14612,26.657804872047155,26.403402,train
4345,129.4267602168825,129.10693,train
5520,21.22276810141124,21.404392,train
11570,54.343834943578464,53.88947,train
6826,68.70638879452079,68.54833,train
5342,23.43298254652068,23.980848,train
9188,28.678520203607828,28.967339,train
14632,30.8733631927149,30.850037,train
8336,62.85838899590023,62.841156,train
18769,34.52159133738391,33.488907,train
17918,118.62582953904092,118.67028,train
5191,72.80691569376819,72.77202,train
17670,16.20097931775689,16.053898,train
18622,82.46105591073825,82.37955,train
10439,70.67888709810615,70.543106,train
4073,80.57929170551442,80.33008,train
851,8.180433892801254,8.584318,train
15084,92.14301126701253,92.11078,train
17009,35.43032585388161,34.976524,train
8653,25.51278413365878,25.587753,train
10227,84.01038592956453,83.676,train
14616,28.678520203607828,28.980642,train
9893,7.349844286016002,7.5380096,train
8261,25.51278413365878,25.587753,train
8054,38.88107047950797,38.705265,train
19047,12.046394034663363,11.387396,train
12645,36.99469593104042,37.37604,train
14720,62.1233802776967,62.174778,train
9699,86.49796272771329,86.5762,train
14461,95.65935721790642,95.41135,train
3412,94.254909093602,94.163414,train
16187,73.5169788308657,73.16964,train
12027,134.13491032325388,134.06134,train
1415,166.17853479893557,166.12784,train
5947,58.991170602037386,58.719654,train
18516,91.22443951098568,91.19228,train
5066,102.11244006090304,101.86663,train
18621,82.46105591073825,82.2178,train
12860,62.82498618409738,62.8016,train
448,154.98431615588598,155.1975,train
14314,51.76031579593137,51.76824,train
7648,30.322774918295444,29.629452,train
2467,49.19054255336955,49.13068,train
9294,67.18811819694348,67.63116,train
1700,25.27984779576332,25.35617,train
18943,94.77176287098274,94.786575,train
2298,34.113034957437215,34.095257,train
6006,73.76729204182922,73.96808,train
11737,69.0602255325774,69.31196,train
18325,91.2397572047843,91.26966,train
12132,78.70967419713557,78.61066,train
8339,38.91834885517143,38.914356,train
10777,46.90905076121099,46.4213,train
7378,18.448270263304188,18.672619,train
12569,60.456358375515045,60.402283,train
3054,45.250987390322535,45.184357,train
15228,84.38693654155693,83.95781,train
17238,89.42090092796712,89.48197,train
2709,80.25361829662151,80.338844,train
15727,180.7969094795742,180.30936,train
6982,77.7528643276994,77.84388,train
965,50.04341124314785,50.090683,train
1733,43.29863673312746,43.341644,train
10577,38.88107047950797,38.964993,train
3955,29.533535528411715,29.31289,train
393,78.3836967869071,78.38344,train
1278,18.731792724897712,18.767061,train
10952,52.38623850151688,52.59236,train
17661,69.92772157818914,69.99798,train
14710,57.39162304208823,57.398907,train
2200,6.750079908713624,6.840165,train
9655,79.27542778284364,79.123856,train
11184,29.77075417333722,29.798998,train
4653,55.27187238699012,55.28068,train
7341,75.16417987128645,75.572784,train
15758,137.09122808053337,136.46251,train
2170,3.624115801788345,3.6457982,train
9761,14.34267649792701,14.128559,train
13492,37.48026356057577,37.10922,train
11433,78.77344906209804,79.594574,train
8107,59.89579766367838,60.09257,train
11254,3.624115801788345,3.5554862,train
1866,25.935608876074404,26.077414,train
9396,79.86598582053819,79.82536,train
9715,8.085620495190993,8.248284,train
2949,21.429473611547053,21.4288,train
275,51.5337561017549,51.81005,train
7351,77.53876431169658,77.71308,train
15809,97.23410613085656,97.2007,train
14603,24.789633367188944,25.625965,train
15503,83.53755060546025,84.01934,train
9649,78.3521209153635,78.89511,train
15158,110.67568302020096,110.38008,train
10323,50.09922712517202,50.566074,train
12266,80.93195157639853,80.71417,train
6947,66.87499746459498,67.194786,train
4292,193.8751524679473,193.86566,train
16223,71.5126952436544,71.75357,train
18679,13.338584715915395,12.997158,train
8174,5.260504433154911,5.1478662,train
11780,74.30450585772448,74.24703,train
2819,34.339930274970904,34.421646,train
15257,82.69911139745801,82.98484,train
11141,16.40524145944573,16.340355,train
3625,46.48566476712182,46.53502,train
15405,73.5169788308657,73.66961,train
13786,8.163467965221182,8.090585,train
6971,73.76729204182922,73.89569,train
11949,78.04583599126548,78.26509,train
5978,66.87499746459498,67.207756,train
19313,50.93322091321282,51.3997,train
758,43.29863673312664,43.32351,train
3865,69.76848318728075,69.652824,train
14941,183.50675596781025,183.46295,train
5725,73.68374035525322,73.62137,train
42,84.82941053361527,84.23789,train
16503,152.8177784761153,152.7997,train
13746,79.44225220967748,79.0808,train
726,29.12596598702036,29.158512,train
11380,29.77075417333618,29.798998,train
15168,104.48871564383238,104.066795,train
840,6.750079908713624,6.840165,train
9258,48.96526861625701,49.336548,train
17246,89.98590815117426,90.14487,train
6388,69.52453059841163,69.375465,train
15536,4.22054923341766,4.2420034,train
10202,82.74203335367166,83.37618,train
19002,89.83454371793471,89.61574,train
18331,88.31993375128738,88.12809,train
6229,25.04050211213976,24.06029,train
14804,18.82198014263801,19.294651,train
2736,26.05871153969042,26.1219,train
1591,3.328531319289431,3.337573,train
4284,211.02994799979388,211.02756,train
18753,27.940862928093075,27.655365,train
18501,95.84505322335384,95.26577,train
18276,117.94057501366258,118.09688,train
18485,107.7381594436571,107.822365,train
18862,154.1130580278585,154.0862,train
12286,75.33592393483191,75.39578,train
15616,18.89411765969292,18.910645,train
766,49.00862249254413,48.99863,train
10725,42.16129665773079,41.53083,train
112,71.5126952436544,71.83821,train
1917,43.65657505930208,43.344387,train
15118,93.50643630226388,93.94685,train
3524,17.650012712740526,17.643795,train
4625,43.29863673312746,43.341644,train
2783,26.320863792397155,26.792545,train
15332,102.11244006090304,102.238556,train
10112,110.67568302020096,110.52288,train
4478,3.328531319289431,3.337573,train
13533,47.982575358036456,48.109764,train
8688,43.749455725793766,43.75151,train
2429,39.53055859179817,39.215645,train
6,110.28871787139632,109.895096,train
18201,53.49135176226452,53.473824,train
3762,38.05130976592272,38.17068,train
6259,25.32142942667775,24.78229,train
5145,72.2932084702675,72.39271,train
4430,100.48928695862324,100.352036,train
5357,28.753615695926324,28.883059,train
8625,16.11129124792047,16.207216,train
1824,17.59043680885926,17.278852,train
18565,78.70967419713557,78.90347,train
13263,112.6599718133244,112.27541,train
4341,136.76886894565047,137.14384,train
12941,61.911697819840086,61.79042,train
12255,84.82941053361527,84.97146,train
709,21.824079935423136,21.875692,train
5405,48.41170998900376,48.098736,train
1025,166.17853479893557,166.19731,train
15710,62.85838899590023,62.841156,train
8127,70.03363402017787,70.32531,train
13362,92.69393389813976,92.43291,train
9262,53.00734926713273,52.853027,train
19077,17.4903137095204,16.488815,train
1814,16.125116344342604,16.024097,train
11789,76.6667816523841,76.33296,train
10196,82.74203335367166,82.79638,train
11936,78.70967419713587,78.80378,train
4333,145.24040847801632,145.03397,train
11407,44.21359478458911,44.129055,train
14712,57.39162304208823,57.528656,train
15803,101.0511292541869,101.34375,train
11569,54.343834943578464,54.53966,train
2707,80.25361829662151,80.57424,train
14020,17.633485569278523,17.81824,train
19282,49.52880914978266,49.876534,train
3624,46.48566476712182,46.11491,train
7455,33.2646262088608,33.225307,train
4259,59.31238391810723,60.0938,train
10047,43.186882593766825,43.251297,train
4840,67.18811819694348,67.63116,train
3190,11.747596709247082,11.700321,train
3897,25.04050211213976,24.575098,train
16926,14.865809293936342,14.999637,train
11381,34.11303495743982,34.095257,train
8955,110.67568302020096,110.75226,train
8014,26.620833128631787,26.51333,train
115,71.5126952436544,71.661125,train
9911,8.967662639453113,8.729885,train
18124,27.727713592149392,27.83367,train
2784,26.320863792397155,26.465343,train
9601,79.9470355349353,79.81268,train
6452,35.919888386123255,36.23276,train
2151,75.24982629334554,75.473305,train
5749,70.5776831156227,70.894135,train
8710,55.89167516914279,55.912247,train
5208,76.00671399435818,75.69106,train
9577,87.37869480347202,87.284386,train
18515,91.22443951098568,91.14145,train
16675,77.53876431170232,77.71308,train
13059,72.90167939974636,73.26827,train
872,11.747596709247082,11.700321,train
16300,86.00802491357506,85.9641,train
15991,13.645628914737031,13.686924,train
11565,51.56721782835394,51.21117,train
6262,25.32142942667775,25.113276,train
15992,13.645628914737031,13.686924,train
6237,24.63527893831387,24.468931,train
8442,43.604537301970495,43.09607,train
18792,42.52531704241395,42.3098,train
14785,17.633485569278523,16.732227,train
5385,39.33748405428104,38.769466,train
16512,134.14502085001388,134.09515,train
18303,99.25129745411776,99.36236,train
16045,29.402411149110645,29.427898,train
15523,2.618505311135724,2.653271,train
17075,65.47137652330578,65.40587,train
6671,26.620833128631787,26.805857,train
7489,41.84557272242807,42.083603,train
6357,53.49135176226452,53.473824,train
6417,38.91834885517143,38.629906,train
16299,86.00802491357506,85.77785,train
3571,29.34578260289036,29.122139,train
7345,77.53876431169658,77.28145,train
4964,18.731792724897712,18.768688,train
3525,17.650012712740526,17.337688,train
13892,27.66127153640531,26.921713,train
10988,59.57543179697275,59.76876,train
7125,71.78670881619587,71.572945,train
14274,39.410668208964985,39.506012,train
10381,52.38623850151688,53.03715,train
8962,104.48871564383238,104.20133,train
5440,65.47137652330578,65.52326,train
1068,123.0978685654898,123.09457,train
4352,129.4267602168825,129.11305,train
8756,56.75820297103196,56.669712,train
14674,41.84557272242807,42.46466,train
6263,26.320863792397155,26.425512,train
17829,52.35653033478938,51.98008,train
18811,52.14885440372348,51.79346,train
2959,23.053352899871395,23.040556,train
15630,22.019205815790663,22.058369,train
16983,25.935608876074404,25.964828,train
9447,75.8861492644395,76.09425,train
19018,91.1828236948467,91.31192,train
5079,95.27995050133204,94.96428,train
10615,55.1604052272772,54.911205,train
6475,36.94310571922444,37.25002,train
510,113.1117727502116,113.0601,train
8498,64.95566127753808,65.08615,train
6255,25.32142942667775,25.34477,train
8687,38.48840493675039,38.544476,train
17129,127.03771421016312,126.395424,train
6541,49.19054255336955,49.112255,train
18338,88.31993375128738,88.21944,train
525,106.2025558056929,106.343155,train
12153,77.93378927116997,78.16711,train
13449,34.767713483007924,34.6432,train
2057,35.46372651810452,35.331287,train
1275,15.977335233233198,16.00739,train
4363,123.0978685654898,123.01402,train
2230,11.747596709247082,11.700321,train
9462,76.77816930527784,76.78027,train
6148,106.2025558056929,105.983475,train
2675,71.78670881619587,71.41088,train
14418,112.90513573952586,113.270424,train
12346,72.80691569376961,73.02011,train
17134,127.03771421016312,127.3558,train
8753,62.25633543844163,60.982735,train
17489,16.57780018172115,16.65779,train
4033,58.5236929318425,58.37487,train
5739,70.8998858391393,70.98921,train
9461,76.77816930527784,76.679115,train
19035,9.244705548457503,9.753891,train
7247,79.88545352007381,79.181435,train
13010,90.79649380247676,90.37266,train
5596,48.41170998900376,48.094276,train
2050,32.289249758728964,32.303925,train
19219,62.90876193978079,62.660416,train
1106,109.30466743726038,109.25093,train
14066,26.936990316598862,26.9056,train
7336,75.16417987128645,75.03426,train
18294,104.48871564383238,104.34033,train
14488,90.34178504057668,89.97952,train
6531,46.20624283129268,46.073605,train
16042,29.402411149110645,29.427898,train
11121,11.747596709247082,11.700321,train
7595,24.649355892468915,24.475521,train
18785,38.33307963061296,39.195187,train
1730,38.10425093875088,38.109734,train
5875,65.44228559506357,65.80633,train
15963,7.914848156370223,7.931517,train
12924,58.991170602037386,58.666634,train
15820,94.254909093602,94.22172,train
6893,58.132094825297145,58.327507,train
13646,81.32847275704384,81.496216,train
7078,71.91197889308408,72.640236,train
8873,54.343834943578464,54.575672,train
12150,77.93378927116997,78.121864,train
9183,28.678520203607828,28.110172,train
4493,4.196221297202333,4.204997,train
12783,60.69477696945295,61.247005,train
5083,89.57234360169679,89.771225,train
15453,72.80691569376961,72.94907,train
2720,83.09935595306658,83.182014,train
8733,78.77344906209804,76.88732,train
8511,69.76848318728075,69.49403,train
12572,60.456358375515045,60.36712,train
2524,74.77670776968583,74.75508,train
4969,21.824079935423136,21.875692,train
17241,89.42090092796712,89.45764,train
12966,70.098803480824,69.94272,train
2331,50.04341124314785,50.090683,train
9627,78.04583599126548,78.26509,train
16451,64.10443142186895,65.75889,train
16706,180.7969094795742,180.72,train
18266,126.44708143304572,126.356766,train
11079,4.491537072359547,4.575762,train
8400,36.94310571922444,37.25002,train
5479,14.865809293936342,14.807899,train
18068,25.04050211213976,25.115986,train
8629,18.89411765969292,18.910645,train
10484,15.826709276493416,15.77135,train
2513,69.76848318728358,69.748695,train
10061,54.10904342509948,53.618187,train
16034,25.51278413365878,25.587753,train
912,22.34386956684365,22.653292,train
4158,21.22276810141124,21.716677,train
291,51.334066206546574,51.296013,train
17922,118.62582953904092,118.17296,train
12541,49.19054255336985,48.941235,train
1658,13.53610473193936,13.554237,train
7524,57.39162304208823,57.147022,train
13466,35.06929068218894,34.92133,train
2603,79.88545352007553,79.69383,train
9791,20.89376771053955,20.760881,train
7116,70.8890994699993,70.8547,train
17467,16.20097931775689,16.299654,train
1301,25.27984779576332,25.35617,train
18789,42.52531704241395,42.648903,train
13021,85.80236635218084,84.944496,train
10853,62.90876193978079,62.536613,train
421,193.8751524679473,194.14308,train
19144,34.36019909387007,35.144157,train
89,72.2932084702675,72.49286,train
18433,88.48216304859169,88.45226,train
11580,57.60964815073893,57.48503,train
17967,94.254909093602,94.646324,train
11230,50.04341124314785,50.090683,train
2893,63.896198456162885,63.99928,train
29,89.57234360169679,89.66915,train
16066,38.48840493675039,38.530453,train
14960,155.05412004324748,154.82938,train
14634,30.8733631927149,31.780998,train
17123,137.09122808053337,136.46251,train
18206,53.49135176226452,54.22322,train
5710,76.30367359186545,76.3383,train
13790,8.163467965221182,8.43423,train
15510,86.00802491357506,85.77785,train
5878,62.82498618409738,62.70101,train
1095,113.1117727502116,113.0601,train
16003,16.11129124792047,16.207216,train
18848,167.15995000247077,168.28152,train
7747,68.41269006792136,68.5904,train
10700,44.130221195170286,44.659615,train
7115,70.8890994699993,70.86296,train
19104,22.120024226901386,22.6354,train
5647,134.14502085001388,133.93854,train
8656,25.51278413365878,25.587753,train
13779,86.46661268195652,86.49365,train
5119,77.79019270718656,77.74841,train
11830,134.13491032325388,134.2333,train
11392,38.91593697359488,38.8597,train
11891,91.22443951098568,92.210014,train
16925,14.865809293936342,14.807899,train
7896,75.8861492644395,76.06023,train
110,71.5126952436544,71.75498,train
7486,41.84557272242807,41.82408,train
6503,41.380738858681696,41.732418,train
8558,5.260504433154911,5.1478662,train
1774,12.124975352206752,12.099515,train
10531,24.10159309622668,24.638346,train
12848,65.44228559506357,65.55008,train
16199,72.29320847026757,72.126396,train
11069,3.624115801788345,3.6457982,train
15178,99.25129745411776,99.51903,train
7215,98.11718222077133,99.02248,train
8337,62.85838899590023,62.841156,train
1944,59.31238391810723,58.98134,train
14224,34.767713483007924,34.65178,train
16355,48.10528443505019,47.82666,train
18369,83.29477154332817,83.75143,train
10292,55.4430882998278,55.305332,train
19389,75.03655084716752,74.65812,train
6227,25.04050211213976,24.81532,train
3462,89.42090092796712,89.864204,train
16059,38.48840493675039,38.530453,train
6627,17.650012712740526,17.643795,train
13473,35.06929068218894,35.19774,train
11816,85.05997393992781,84.65962,train
17477,16.264210965298563,16.393936,train
5432,59.31238391810723,60.0938,train
5770,71.78670881619587,71.33306,train
5003,33.39074910958052,33.369724,train
197,86.00802491357565,86.17882,train
4783,41.84557272242807,41.414,train
18464,123.96214174002029,124.097626,train
565,99.4907361299304,99.68879,train
4517,7.85908552453503,7.9066777,train
9483,82.25512726841218,82.50804,train
5368,31.91051408188231,32.067623,train
15435,71.5126952436544,71.75609,train
802,2.9065837811274826,2.9311738,train
3779,39.53055859179817,40.035217,train
9550,101.3171290408814,100.94976,train
3253,29.77075417333722,29.798998,train
2661,70.8890994699993,70.67987,train
17502,17.141358034855276,16.784649,train
15183,94.86192637572438,95.241425,train
9842,38.44992203777068,37.598824,train
11810,82.2895007905107,82.041435,train
4224,43.65657505930208,43.344387,train
14957,155.05412004324748,155.11177,train
9971,18.42630454709299,18.426666,train
16930,16.125116344342604,16.024097,train
891,16.40524145944573,16.341652,train
11140,13.92854978889145,13.922574,train
3948,27.727713592149392,27.87228,train
12586,69.76848318728075,69.411194,train
7544,67.18811819694348,67.03688,train
3044,41.84557272242807,42.083603,train
10574,38.88107047950797,38.73988,train
12697,36.02701366128638,36.10133,train
16338,48.56996296403304,49.306152,train
4148,19.28254456595652,19.496342,train
3872,74.77670776968412,74.43331,train
11146,16.40524145944573,16.341652,train
6137,109.30466743726038,109.42025,train
14055,24.386290598811208,24.07725,train
9731,10.014648675893918,9.640715,train
8346,38.91834885517143,39.060482,train
17624,52.35653033478938,51.345833,train
16412,55.61817953038767,56.600952,train
14170,53.18976182780735,52.556396,train
1793,13.792313484057486,13.731997,train
18726,20.307928329934253,21.297638,train
7022,98.11718222077316,98.86657,train
12525,46.20624283129268,46.495102,train
18996,89.83454371793471,89.76821,train
10683,45.62472903888442,45.121273,train
13422,39.2928079640545,39.73377,train
10058,48.39717757559769,48.687008,train
8203,9.570229866524786,9.544644,train
2963,23.053352899871395,22.60919,train
7556,72.52135855398946,72.461945,train
16044,29.402411149110645,29.427898,train
15308,88.48216304859169,88.60413,train
481,129.4267602168825,129.31276,train
11322,13.92854978889145,13.916968,train
9152,23.053352899871395,22.993,train
18053,91.48002635649718,91.245255,train
573,98.65596999066533,98.7114,train
16495,83.09327843384654,83.1358,train
5054,62.12878854692645,62.113365,train
19405,83.55792357754082,82.93673,train
478,129.4267602168825,129.98515,train
1203,4.196221297202333,4.204997,train
14209,36.99469593104042,37.046165,train
1600,4.196221297202333,4.204997,train
14204,36.99469593104042,37.06065,train
11865,101.3171290408814,101.61889,train
17111,149.10252861042588,148.90277,train
15934,4.22054923341766,4.2420034,train
6594,74.77670776968583,74.75508,train
6157,103.745126530115,103.55273,train
10858,62.90876193978079,62.752407,train
17013,35.43032585388161,35.027885,train
4476,3.328531319289431,3.337573,train
9336,107.39789478589,107.47615,train
17811,42.852961632253525,43.434002,train
3069,53.00734926713273,52.93961,train
4111,14.865809293936342,14.78712,train
9341,107.39789478589,107.1238,train
5708,76.30367359186545,76.03541,train
606,3.328531319289431,3.337573,train
3377,111.6113573414681,111.74413,train
6873,59.37382867606714,59.452286,train
12879,59.37382867606714,59.63759,train
4903,6.442036183009371,6.4377747,train
10473,14.147402430467531,14.127201,train
6874,58.48566458724775,58.552567,train
9049,82.69911139745801,82.986046,train
13382,93.50643630226388,93.44377,train
3260,34.113034957437215,34.095257,train
13806,9.788304130248129,9.982826,train
11114,9.839051198642553,9.849857,train
1045,145.24040847801632,145.12863,train
3125,2.9065837811274826,2.9311738,train
1348,49.00862249254413,49.00694,train
15094,92.24483243250832,92.35115,train
7276,71.91197889308363,72.34558,train
9645,78.3521209153635,78.311935,train
1130,101.86758015295236,101.64737,train
13378,93.50643630226388,93.71371,train
17483,16.264210965298563,16.258566,train
13099,68.87072465156034,69.044365,train
5750,70.5776831156227,70.774796,train
17659,69.92772157818914,69.94492,train
5652,119.35792066219084,119.56956,train
14357,71.34845173855356,71.28542,train
12691,35.06929068218894,35.075672,train
16312,52.53979191594191,53.073616,train
6181,100.48928695862324,100.20015,train
3608,38.88107047950797,39.709095,train
8440,43.604537301970495,44.41009,train
10995,62.87797862213373,62.64842,train
15761,127.03771421016312,127.11003,train
17751,23.96684006413348,23.98004,train
1139,100.48928695862324,100.33726,train
6535,49.19054255336955,49.16075,train
2873,53.49135176226452,53.548874,train
16505,152.8177784761153,152.76283,train
14815,22.19104778233357,21.028513,train
7412,24.789633367188944,25.059502,train
5866,68.70638879452079,68.56601,train
12725,41.80739580968886,42.42781,train
3996,40.76621946032643,40.65666,train
11091,6.750079908713624,6.5304766,train
16089,55.89167516914279,55.912247,train
16076,43.749455725793766,43.75151,train
3296,50.04341124314785,50.090683,train
6713,42.55205181960314,42.276257,train
11361,25.85753439928986,25.88882,train
1499,109.30466743726038,109.53553,train
1871,25.935608876074404,26.232615,train
16578,76.30367359186545,76.14329,train
12534,46.20624283129268,46.774155,train
11665,81.59299887306369,81.18063,train
1895,35.43032585388161,35.040043,train
1490,113.1117727502116,113.0601,train
1344,43.29863673312664,43.32351,train
604,3.328531319289431,3.337573,train
17730,20.391351361528265,20.361944,train
5956,60.19466070864491,59.733845,train
14268,37.48026356057577,37.094673,train
12985,73.76729204182922,73.91858,train
5510,19.28254456595652,19.454927,train
839,6.750079908713624,6.840165,train
6266,26.320863792397155,26.816523,train
4155,21.22276810141124,21.351957,train
467,136.76886894565047,137.0741,train
17864,201.78551544430667,201.8132,train
10255,88.48216304859169,88.42116,train
13900,27.66127153640531,28.522312,train
11751,69.70696214856945,69.79362,train
11360,22.34386956684365,22.653292,train
19115,24.782599128301666,25.308111,train
5848,77.41176032874927,77.68883,train
1553,98.65596999066533,98.7114,train
15620,18.89411765969292,18.911312,train
19281,49.52880914978266,49.79529,train
2475,52.561077422993925,52.843258,train
4140,19.28254456595652,19.070042,train
1435,145.24040847801632,145.10797,train
2635,71.91197889308408,71.98196,train
18262,136.40586584491066,136.27374,train
7251,79.88545352007381,79.67848,train
15635,22.019205815790663,22.058369,train
2398,36.210240125305205,36.032787,train
15557,6.4852329987035695,6.548349,train
17208,90.5009001330304,90.55205,train
7084,71.91197889308408,72.25444,train
6389,69.52453059841163,69.67708,train
7800,94.83357335355618,95.40014,train
6517,43.604537301970495,43.09607,train
13935,44.07024791149557,44.138176,train
8495,60.456358375515045,60.36712,train
2663,70.8890994699993,70.97318,train
7604,25.15665334339559,24.99375,train
7516,53.00734926713273,52.876472,train
2146,75.24982629334554,74.81566,train
17473,16.20097931775689,16.301691,train
5719,73.68374035525322,73.386284,train
14447,98.77373433068,99.10563,train
15267,83.13470642646298,83.252785,train
8168,5.260504433154911,5.1478662,train
14306,47.982575358036456,48.415287,train
14323,55.99893434087522,56.228767,train
13611,98.2154014561832,97.304955,train
17507,17.95913696269572,17.913836,train
17494,17.141358034855276,16.9202,train
16804,94.254909093602,93.985954,train
9044,82.74203335367166,82.72649,train
18232,69.52453059841163,69.375465,train
4267,65.47137652330578,65.52326,train
19155,38.13815414182142,38.90182,train
13201,168.1502886891345,169.01445,train
19157,42.23549826962851,41.6546,train
17535,22.02913768609874,21.604414,train
15613,16.11129124792047,16.207216,train
11017,70.67888709810615,70.517624,train
3020,35.87508543765299,35.569183,train
5205,76.00671399435818,76.36461,train
1564,97.47338258073955,97.72361,train
7326,73.22704486211002,73.02152,train
7342,77.53876431169658,77.82569,train
14399,127.16182006600462,127.85361,train
10311,52.99398689569749,53.571095,train
760,43.29863673312664,43.32351,train
3967,31.73671877096429,32.13119,train
8826,46.3112758194042,46.555065,train
1828,17.59043680885926,17.392952,train
18176,40.76621946032643,41.439327,train
458,145.24040847801632,145.05272,train
14022,18.82198014263801,18.4142,train
6866,59.37382867606714,59.351334,train
18215,58.5236929318425,58.450096,train
2093,50.68801501365044,50.542587,train
13942,49.2822347368218,48.70451,train
7399,21.429473611547053,21.565804,train
10971,56.716123866601365,57.580185,train
1511,106.2025558056929,105.9435,train
9058,82.69911139745801,83.16256,train
10565,35.46372651810452,35.38315,train
12502,39.53055859179817,39.26467,train
6657,24.10159309622668,23.703693,train
9066,83.13470642646298,83.252785,train
1960,65.47137652330578,65.52326,train
16181,75.33592393483191,74.9931,train
12947,64.1404088665598,64.31583,train
9276,57.39162304208823,57.528656,train
2721,83.09935595306658,83.14981,train
641,6.442036183009371,6.4377747,train
8382,35.86295586622186,35.550823,train
11166,22.34386956684365,22.653292,train
10847,71.55151215670094,71.00451,train
18588,78.3521209153635,78.26734,train
14054,24.386290598811208,23.280306,train
1868,25.935608876074404,25.806873,train
13090,69.14676947161414,69.18902,train
3630,50.68801501365044,50.542587,train
19367,66.59566485208973,66.46019,train
17646,63.65496035831079,63.858536,train
9824,30.28249766674213,30.40319,train
9194,30.8733631927149,30.549007,train
2986,26.657804872047155,27.018375,train
16835,89.59649952596679,89.686066,train
11854,107.7381594436571,107.72046,train
1176,97.47338258073955,97.43926,train
13327,92.49987338269456,92.52528,train
10278,62.90876193978079,65.22098,train
3097,67.18811819694348,66.87246,train
10887,52.99398689569749,52.809727,train
3976,34.339930274970904,34.32349,train
1915,43.65657505930208,43.346443,train
12761,51.76031579593137,51.92091,train
17863,69.92772157818914,69.90078,train
14056,24.386290598811208,24.220238,train
13995,16.251795051003693,16.892788,train
15631,22.019205815790663,22.058369,train
16659,75.16417987128504,75.153275,train
7001,119.35792066219084,119.14004,train
10162,88.31993375128738,88.63529,train
14833,24.386290598811208,25.175894,train
2763,24.74816706908628,23.912361,train
1191,3.328531319289431,3.337573,train
4117,14.865809293936342,14.999637,train
10729,42.16129665773079,42.07255,train
14352,71.34845173855356,71.013596,train
1366,55.271872386990935,55.28068,train
15998,13.645628914737031,13.686924,train
2390,35.86295586622186,35.57699,train
18580,77.93378927116997,78.2261,train
18274,117.94057501366258,118.28546,train
6773,70.03363402017787,69.93388,train
35,89.57234360169679,89.76481,train
10970,54.316367961579786,56.006767,train
16092,55.89167516914279,55.912247,train
9134,19.89991539202705,19.892195,train
8612,13.645628914737031,13.686924,train
40,84.82941053361527,85.02497,train
9812,26.79723709025756,26.461533,train
5858,72.67230242637233,72.94216,train
16263,76.00671399435468,75.72235,train
6937,64.1404088665598,64.13103,train
6528,46.20624283129268,45.76399,train
7682,40.89299824332066,39.906475,train
6631,17.650012712740526,17.571037,train
8476,52.561077422995496,52.560604,train
11078,4.491537072359547,4.575762,train
16043,29.402411149110645,29.427898,train
19398,79.48504113105551,79.25935,train
8931,136.40586584491066,136.27374,train
3436,90.5009001330304,90.45095,train
2839,40.76621946032643,40.639736,train
10003,26.79723709025756,26.553152,train
10544,29.34578260289036,28.901499,train
8766,52.60873127102636,52.69484,train
3771,39.53055859179817,39.45479,train
2657,70.8890994699993,70.91796,train
6605,14.147402430467531,14.178031,train
17366,27.698995930992588,26.9419,train
2005,21.77517690158367,21.805954,train
11525,45.64933795175344,45.932014,train
5473,14.865809293936342,14.746195,train
14155,67.62832117387488,67.67365,train
8047,35.46372651810452,36.083736,train
13634,84.47098482884549,84.235855,train
8219,13.645628914737031,13.686924,train
18683,13.338584715915395,13.709149,train
13913,35.03272103717059,34.140007,train
10621,55.1604052272772,55.683678,train
9548,101.3171290408814,100.90085,train
5071,102.11244006090304,102.072395,train
17081,201.78551544430667,202.36295,train
15632,22.019205815790663,22.058369,train
11917,81.78283210079856,81.57598,train
12739,44.66517096340306,44.97225,train
6211,97.47338258073955,97.43926,train
8177,5.260504433154911,5.462879,train
5534,25.935608876074404,25.60239,train
14792,17.633485569278523,17.731762,train
4233,48.41170998900376,48.094276,train
17972,94.254909093602,93.985954,train
6027,230.9901536612257,230.94298,train
17733,20.391351361528265,21.45182,train
6355,53.49135176226452,53.509613,train
8815,45.5844800104469,46.068516,train
7446,30.8733631927149,30.614407,train
17100,163.4865892910184,163.33182,train
13252,118.73948000326068,118.31782,train
17817,47.383642487349135,47.041805,train
8080,50.68801501365044,50.559875,train
17426,51.441846041956246,50.893345,train
9259,53.00734926713273,53.061222,train
4846,72.52135855398946,71.700874,train
10018,30.28249766674213,31.073,train
13902,31.152134114795924,30.040983,train
13676,75.46351541383811,74.85379,train
8359,36.41164086407028,36.45805,train
4621,38.10425093875088,38.109734,train
16117,110.28871787139632,110.51137,train
15627,22.019205815790663,22.058369,train
18755,27.940862928093075,28.748106,train
6718,42.55205181960314,42.27842,train
5535,25.935608876074404,25.61341,train
4304,179.04708701101467,178.51353,train
9843,38.44992203777068,37.94735,train
16814,92.03325910726882,91.594185,train
1708,29.125965987027584,29.158512,train
7436,28.678520203607828,28.110172,train
6906,58.991170602037386,59.08303,train
14936,183.50675596781025,183.25607,train
6429,37.38629228613615,37.26813,train
6659,24.10159309622668,23.889784,train
18647,9.788308558714837,9.209728,train
3000,30.8733631927149,30.661623,train
19209,67.80500732074917,67.77027,train
5601,48.41170998900376,48.894768,train
18609,80.66666767817155,80.65586,train
9290,67.18811819694348,66.65926,train
9806,23.676009316847548,23.712627,train
14877,40.96669871801392,40.170895,train
16635,70.8890994699993,71.00051,train
18145,31.73671877096429,32.08829,train
16958,19.28254456595652,19.750454,train
15074,92.49987338269456,92.55338,train
835,6.750079908713624,6.5304766,train
16407,53.47823699991465,52.44489,train
3449,89.59649952596679,89.71946,train
18821,57.62164698064543,57.696815,train
3036,38.72775337298162,38.88969,train
17983,92.03325910726882,91.722984,train
9234,41.84557272242807,41.763073,train
2831,37.34804120151974,37.25902,train
17057,53.62497940433934,54.0255,train
15418,71.63339382759735,72.038445,train
16654,73.22704486211128,73.273926,train
11543,47.53432583996549,47.51336,train
14912,55.80060084695734,56.844368,train
4795,48.96526861625701,48.69446,train
2549,134.14502085001388,134.69511,train
13171,79.3711852446667,79.39029,train
4850,72.52135855398946,72.88914,train
9557,95.84505322335384,95.89939,train
5299,16.125116344342604,16.08779,train
10238,85.2707950135868,85.08878,train
5656,119.35792066219084,118.8445,train
18815,52.14885440372348,53.316093,train
4809,53.00734926713273,52.876472,train
15431,71.5126952436544,71.78019,train
11708,69.8994010800787,69.8938,train
14443,102.64150512184672,102.48831,train
11678,75.20136128981777,75.33686,train
5433,65.47137652330578,64.64294,train
19079,17.4903137095204,17.195553,train
13997,16.251795051003693,16.185358,train
16760,111.6113573414681,111.87398,train
1029,166.17853479893557,166.65753,train
289,51.334066206546574,51.375954,train
13698,74.22415281450986,74.21565,train
13807,9.788304130248129,9.851455,train
12126,79.9470355349353,79.74968,train
6125,113.1117727502116,113.187515,train
18632,84.52419181559287,84.44893,train
1073,123.0978685654898,123.125114,train
11852,115.23290406090766,115.26843,train
9452,75.8861492644395,76.19015,train
7592,24.649355892468915,23.689804,train
17743,22.02913768609874,22.889166,train
8029,32.289249758728964,31.966667,train
15399,73.5169788308657,73.37374,train
13300,96.9560797736986,96.79858,train
16170,77.79019270718537,77.80147,train
3838,56.318371719454376,56.51358,train
15167,104.48871564383238,103.80441,train
3322,180.7969094795742,180.66588,train
11916,81.78283210079856,81.62892,train
12814,83.01808144823141,83.3688,train
7063,76.30367359186545,75.482346,train
16534,107.5602418843858,107.50203,train
2714,80.25361829662151,80.42686,train
18061,26.05871153969042,25.384388,train
11809,82.2895007905107,82.01709,train
11352,22.34386956684365,22.210978,train
12194,82.46105591073825,82.37955,train
708,21.824079935423136,21.875692,train
5689,84.57638463785023,84.43796,train
10510,19.628813853406385,20.375645,train
14872,36.858562352761474,37.276737,train
17358,24.782599128301666,24.616556,train
17149,111.6113573414681,111.77706,train
16354,48.10528443505019,47.98681,train
4900,6.442036183009371,6.4377747,train
14938,183.50675596781025,183.40732,train
5806,77.53876431170232,77.71308,train
6463,36.210240125305205,36.216503,train
13826,12.074428136633635,11.916759,train
3841,60.456358375515045,60.71238,train
6977,77.7528643276994,77.84126,train
3803,46.20624283129268,45.841118,train
8396,36.210240125305205,36.48118,train
2231,11.747596709247082,11.700321,train
18385,82.69911139745801,82.652435,train
2551,119.35792066219084,118.639465,train
12130,78.70967419713557,78.76357,train
19185,51.441846041956246,52.838394,train
11385,34.11303495743982,34.095257,train
10033,38.44992203777068,37.94735,train
16385,50.2526064803528,49.42718,train
13911,31.152134114795924,31.821596,train
8639,22.019205815790663,22.058369,train
1031,154.98431615588598,155.03267,train
17028,39.33748405428104,39.728085,train
4702,23.053352899871395,22.742584,train
5921,58.132094825297145,58.464737,train
906,22.34386956684365,22.210978,train
4638,49.0086224925457,48.99863,train
17439,56.56699701702424,56.504147,train
10771,45.14459234822735,45.593987,train
7483,41.84557272242807,41.388935,train
6612,14.147402430467531,14.939249,train
8395,36.210240125305205,36.409023,train
12791,65.83077308186866,65.71324,train
3821,52.561077422995496,52.319492,train
17389,34.36019909387007,34.20335,train
1263,13.53610473193936,13.554237,train
8956,110.67568302020096,110.142784,train
1484,113.1117727502116,112.945816,train
4181,28.753615695926324,28.385086,train
1838,19.28254456595652,19.287996,train
9537,107.7381594436571,107.94845,train
9775,16.25018195930533,16.789648,train
12972,70.098803480824,69.95505,train
13670,76.86032352211669,76.85875,train
16225,71.91030133184738,72.05227,train
1067,129.4267602168825,129.73975,train
11300,8.180433892801254,8.584318,train
15313,89.77171705634251,89.61579,train
7520,53.00734926713273,53.25966,train
18173,40.76621946032643,40.65666,train
17237,89.42090092796712,89.78927,train
16007,16.11129124792047,16.207216,train
2032,26.620833128631787,27.722595,train
8949,117.94057501366258,117.92048,train
3970,34.339930274970904,34.327984,train
3461,89.42090092796712,89.60908,train
2636,71.91197889308408,72.054344,train
10113,110.67568302020096,110.30984,train
3117,2.9065837811274826,2.9311738,train
3715,36.41164086407028,36.048073,train
13750,79.44225220967748,79.15253,train
18978,89.35596223722666,89.266136,train
14550,92.33570202451632,92.275345,train
2159,2.9065837811274826,2.9311738,train
4553,13.53610473193936,13.554237,train
12213,86.49796272771329,86.36441,train
15652,29.402411149110645,29.427898,train
18374,82.74203335367166,82.87929,train
10779,46.90905076121099,46.64639,train
5992,70.098803480824,69.880135,train
3553,24.10159309622668,23.977007,train
422,193.8751524679473,193.694,train
15223,84.38693654155693,84.20085,train
17767,28.80702918062262,28.744394,train
7317,71.78670881619715,71.537415,train
11834,134.13491032325388,134.0771,train
8961,110.67568302020096,110.72299,train
11332,16.405241459442376,16.340355,train
6922,60.19466070864491,59.733845,train
6821,72.67230242637233,72.71689,train
4412,103.745126530115,103.435265,train
16579,76.30367359186545,76.3383,train
18323,91.2397572047843,91.50224,train
5932,58.30263960140757,58.123775,train
84,73.5169788308657,73.235176,train
18509,91.22443951098568,91.14838,train
10578,38.88107047950797,38.705265,train
12603,74.77670776968412,74.907906,train
14109,40.96669871801392,40.99047,train
679,13.53610473193936,13.554237,train
9269,57.39162304208823,57.318844,train
10963,54.316367961579786,54.602337,train
18314,94.86192637572438,94.777725,train
3613,42.55205181960314,42.253304,train
10401,56.716123866601365,57.5044,train
12509,41.380738858681696,41.368233,train
4525,9.499438230882436,9.501294,train
18522,87.37869480347202,87.06878,train
13922,39.32963876961686,38.43042,train
5766,70.8890994699993,71.00051,train
4922,9.499438230882436,9.494648,train
1417,166.17853479893557,165.7178,train
16134,95.27995050133204,95.1858,train
7600,24.649355892468915,25.921103,train
11477,52.60873127102636,52.59178,train
12197,82.46105591073825,82.382996,train
9862,48.39717757559769,48.558826,train
17755,26.22042757385485,25.503017,train
17962,97.23410613085656,97.200874,train
18363,83.29477154332817,83.06023,train
2173,4.491537072359547,4.313355,train
3647,55.1604052272772,55.104877,train
3523,17.650012712740526,17.624046,train
3663,64.87166628595628,64.777054,train
5723,73.68374035525322,73.64881,train
9015,86.04998768751986,86.147255,train
15858,89.59649952596679,89.71946,train
1201,4.196221297202333,4.204997,train
329,56.80098396250919,56.86735,train
11128,11.747596709247082,11.700321,train
5307,17.59043680885926,17.44119,train
18278,117.94057501366258,118.24677,train
9493,84.60291252746008,84.38192,train
715,25.27984779576332,25.358246,train
7241,84.57638463785023,84.900795,train
15235,83.29477154332817,83.168304,train
6930,61.911697819840086,61.62045,train
9421,76.50234292040042,76.405945,train
10872,55.4430882998278,55.27653,train
14608,26.657804872047155,26.438696,train
18940,94.77176287098274,94.57324,train
12482,36.94310571922444,37.14505,train
8436,41.380738858681696,40.87699,train
17919,118.62582953904092,119.6762,train
15041,96.9560797736986,96.610054,train
14853,29.8566124927783,30.43184,train
8706,49.5370430474446,49.54989,train
8759,56.75820297103196,56.624462,train
1161,98.65596999066533,98.63039,train
6098,129.4267602168825,129.98515,train
13237,125.86447482244527,125.322914,train
13474,35.06929068218894,35.266285,train
4676,19.89991539202705,19.742804,train
3807,46.20624283129268,45.637924,train
2985,26.657804872047155,26.38416,train
6880,58.48566458724775,58.54059,train
18482,107.7381594436571,108.0721,train
9572,87.37869480347202,87.41711,train
9983,20.89376771053955,20.674335,train
754,43.29863673312664,43.32351,train
3804,46.20624283129268,45.378155,train
17001,31.91051408188231,31.415007,train
17936,111.6113573414681,112.16807,train
14509,89.71465856252216,89.86851,train
17794,38.74855875286944,37.99557,train
13978,16.314170769820958,15.863316,train
2690,75.16417987128504,75.153275,train
10221,83.13470642646298,82.99421,train
15045,96.9560797736986,96.94849,train
19333,54.316367961579786,54.567688,train
16327,49.424339205446245,49.411926,train
1244,9.499438230882436,9.494648,train
12471,36.210240125305205,36.168213,train
10466,83.55792357754082,83.74523,train
8393,36.210240125305205,36.032787,train
17667,16.20097931775689,16.299654,train
15898,90.79293338634857,90.699036,train
2968,24.789633367188944,24.488445,train
7551,67.18811819694348,67.280075,train
9358,94.83357335355618,95.275795,train
18994,89.38401259047933,89.341194,train
11756,70.8035239631433,71.07094,train
3477,89.98590815117426,89.93136,train
3697,38.91834885517143,38.88501,train
6931,61.911697819840086,61.754066,train
4428,100.48928695862324,100.38317,train
6201,98.65596999066533,98.59721,train
12613,53.18976182780735,52.556396,train
8210,11.473018356565088,11.504866,train
6623,17.650012712740526,17.231766,train
6282,27.727713592149392,28.439587,train
18489,101.3171290408814,101.61889,train
978,56.44692913934201,56.45331,train
1771,62.12878854692645,62.113365,train
9330,115.30303150446332,115.29552,train
10825,62.29899679862298,61.610676,train
6070,154.98431615588598,154.92917,train
803,3.624115801788345,3.5554862,train
18828,63.547457434196325,62.782944,train
15217,86.04998768751986,85.7157,train
17078,65.47137652330578,65.6363,train
16322,49.424339205446245,49.833275,train
12804,71.34845173855356,71.64951,train
2988,28.678520203607828,28.980642,train
11097,6.750079908713624,6.840165,train
5220,78.2395703036289,77.87895,train
6044,193.8751524679473,193.9494,train
5246,86.00802491357565,85.94431,train
13465,35.06929068218894,35.21567,train
5732,71.91197889308408,71.95636,train
2759,24.74816706908628,24.884186,train
6079,145.24040847801632,145.55476,train
12710,37.48026356057577,37.279896,train
17115,149.10252861042588,149.64711,train
8234,16.11129124792047,16.207216,train
4359,123.0978685654898,123.4377,train
13142,72.34090204261534,72.33179,train
18890,117.40677602978512,116.27681,train
619,4.196221297202333,4.204997,train
9317,135.2198141561254,135.33983,train
18479,107.7381594436571,107.72046,train
2235,13.92854978889145,13.916968,train
12838,68.70638879452079,68.54833,train
5167,71.5126952436544,71.83821,train
3,110.28871787139632,110.31514,train
18148,34.339930274970904,34.168934,train
5524,23.43298254652068,22.838385,train
13218,155.05412004324748,154.82938,train
6606,14.147402430467531,14.15922,train
945,38.91593697359398,38.8597,train
1703,29.125965987027584,29.18679,train
17564,28.80702918062262,27.53596,train
17417,46.6663635563764,46.340843,train
3372,111.6113573414681,112.7167,train
6495,39.53055859179817,39.442352,train
9874,54.10904342509948,53.748474,train
9659,79.27542778284364,79.47773,train
10302,52.99398689569749,53.140114,train
6654,24.10159309622668,24.006054,train
16883,91.48002635649718,91.41668,train
109,71.5126952436544,71.798676,train
15846,90.5009001330304,90.27221,train
9885,60.34709742131263,60.807465,train
53,80.93195157639853,80.67358,train
5288,14.865809293936342,15.017814,train
16956,19.28254456595652,19.454927,train
1053,136.76886894565047,137.15045,train
16391,50.2526064803528,51.268738,train
12479,36.94310571922444,36.877323,train
10023,34.1577503463269,34.509224,train
13384,93.50643630226388,93.26013,train
2897,69.52453059841163,69.08618,train
14865,36.858562352761474,36.16224,train
18986,89.38401259047933,89.11028,train
11023,75.03655084716752,74.9786,train
10210,82.69911139745801,82.98484,train
1522,103.745126530115,104.047295,train
13527,47.982575358036456,48.218773,train
11724,69.14676947161414,70.03696,train
2876,53.49135176226452,54.22322,train
6202,98.65596999066533,98.776146,train
16857,89.42090092796712,89.40554,train
4432,100.48928695862324,100.17203,train
9357,94.83357335355618,94.49157,train
14696,53.00734926713273,52.543533,train
10739,42.30778972867124,42.131424,train
12503,39.53055859179817,39.4795,train
14404,127.16182006600462,127.47923,train
15155,110.67568302020096,110.39939,train
6635,19.628813853406385,19.612272,train
9337,107.39789478589,107.81451,train
12270,80.93195157639853,80.67358,train
16447,64.10443142186895,63.234867,train
5411,48.41170998900376,48.894768,train
9224,38.72775337298162,38.746605,train
14189,42.58610637454368,42.071457,train
17769,28.80702918062262,28.83021,train
15599,13.645628914737031,13.686924,train
874,13.92854978889145,13.916968,train
17360,24.782599128301666,25.049309,train
16288,83.53755060546025,83.72428,train
10654,75.24982629334554,74.6593,train
724,29.12596598702036,29.18679,train
12458,35.86295586622186,35.9659,train
4635,49.0086224925457,49.00694,train
18549,79.9470355349353,79.93792,train
10377,52.38623850151688,52.028225,train
4025,53.49135176226452,53.373207,train
16645,71.78670881619587,71.55511,train
7110,70.8890994699993,71.18206,train
3088,62.1233802776967,61.717037,train
14128,50.439407630704494,50.827896,train
16142,89.57234360169679,89.76481,train
12238,95.27995050133204,95.158424,train
8631,18.89411765969292,18.911312,train
18784,38.33307963061296,39.205635,train
768,49.00862249254413,48.99863,train
12760,51.76031579593137,51.65995,train
3535,19.628813853406385,19.574224,train
1179,2.606366123918593,2.6254888,train
9442,75.52912062238612,76.03922,train
9565,91.22443951098568,91.57486,train
762,43.29863673312664,43.33353,train
11290,6.750079908713624,6.840165,train
3893,25.04050211213976,24.719091,train
9534,107.7381594436571,107.85015,train
2889,63.896198456162885,63.62687,train
4561,15.977335233233198,16.00739,train
9908,8.085620495190993,8.277844,train
17658,69.92772157818914,69.62031,train
2466,49.19054255336955,49.173725,train
12330,71.5126952436544,71.78019,train
1905,39.33748405428104,38.769466,train
9006,88.31993375128738,88.05317,train
286,51.178876353782414,51.354286,train
3130,3.624115801788345,3.5554862,train
3989,37.34804120151974,38.165905,train
14516,90.1171147731606,90.184746,train
7950,14.147402430467531,14.178031,train
10465,83.55792357754082,83.67692,train
10024,34.1577503463269,34.46692,train
18267,126.44708143304572,126.63195,train
17997,89.59649952596679,89.87332,train
9567,91.22443951098568,91.303604,train
1843,21.22276810141124,21.029137,train
16865,89.98590815117426,89.57442,train
4272,230.9901536612257,230.75728,train
8680,38.48840493675039,38.530453,train
13283,103.23350357813172,102.90204,train
11927,79.94703553493463,80.02718,train
13434,36.99469593104042,38.777195,train
14329,55.99893434087522,56.289482,train
12186,80.66666767817155,80.74821,train
2098,50.68801501365044,50.55953,train
16734,137.09122808053337,136.4398,train
17175,97.23410613085656,97.21221,train
17519,19.038942421022504,19.334438,train
16472,75.34654859935269,76.12156,train
15285,85.2707950135868,85.08878,train
10568,35.46372651810452,35.339893,train
2106,55.1604052272772,54.911205,train
5413,53.62497940433934,53.173378,train
16428,58.10615179076552,56.449463,train
5767,71.78670881619587,72.328476,train
8551,4.22054923341766,4.2420034,train
16942,17.59043680885926,17.362293,train
6653,24.10159309622668,23.783201,train
17336,19.694692079282625,19.550488,train
4696,23.053352899871395,22.80288,train
353,62.36217072729759,62.333813,train
731,29.12596598702036,29.158512,train
6095,129.4267602168825,129.31442,train
5639,152.8177784761153,152.18251,train
9404,77.87315181130059,77.528046,train
18973,89.83219912234955,89.87164,train
8839,47.53432583996549,47.74325,train
5818,83.09935595306658,83.02111,train
12483,36.94310571922444,37.37797,train
10508,19.628813853406385,19.289598,train
6831,68.70638879452079,68.67463,train
7678,37.70223435850963,37.926323,train
81,73.5169788308657,73.37374,train
18212,58.5236929318425,58.48443,train
4282,211.02994799979388,210.89342,train
12774,55.99893434087522,56.29941,train
14511,89.71465856252216,89.69027,train
6064,166.17853479893557,166.65753,train
11630,96.6886854171183,95.665245,train
63,77.79019270718656,77.80147,train
14438,102.64150512184672,102.92052,train
6583,69.76848318728358,69.748695,train
5111,80.93195157639853,80.43942,train
9580,84.24741541524314,84.242134,train
1144,100.48928695862324,100.06241,train
10390,54.316367961579786,54.567688,train
7787,107.39789478589,107.08826,train
3531,19.628813853406385,19.577816,train
676,13.53610473193936,13.554237,train
8387,35.86295586622186,35.6262,train
7275,71.91197889308363,72.285034,train
18146,31.73671877096429,32.33258,train
6207,97.47338258073955,97.55659,train
2504,64.95566127753861,65.100586,train
5939,58.991170602037386,58.890533,train
2335,56.44692913934201,56.45331,train
743,38.10425093874939,38.1061,train
14922,61.55125893730588,62.019886,train
4572,18.731792724897712,18.768688,train
11871,101.3171290408814,101.363815,train
2644,70.8998858391393,70.893234,train
10092,126.44708143304572,126.60163,train
3210,16.40524145944573,16.341652,train
7871,75.72806675637788,75.79787,train
2396,36.210240125305205,36.204906,train
4387,109.30466743726038,109.7822,train
8638,22.019205815790663,22.058369,train
19147,38.13815414182142,36.87276,train
9244,45.250987390322535,45.134277,train
3763,38.05130976592272,38.076023,train
10060,54.10904342509948,53.65877,train
7944,84.60291252746202,84.53053,train
14208,36.99469593104042,36.567303,train
15003,112.6599718133244,112.41048,train
10169,86.04998768751986,86.147255,train
19368,66.59566485208973,66.692345,train
17251,89.98590815117426,89.93136,train
16036,25.51278413365878,25.587753,train
16207,71.63339382759735,72.038445,train
10840,66.72644865783289,67.52788,train
13642,81.32847275704384,81.53532,train
15298,86.82293470300802,86.7555,train
17694,17.141358034855276,16.9202,train
15728,180.7969094795742,180.46167,train
7019,98.11718222077316,98.98018,train
11582,57.60964815073893,57.264084,train
13915,35.03272103717059,35.058723,train
12208,84.52419181559287,84.56942,train
15514,86.00802491357506,86.02074,train
17977,92.03325910726882,92.48077,train
850,8.180433892801254,8.071619,train
13703,74.34851013209767,74.104866,train
16778,105.8033985466063,106.09279,train
5541,25.935608876074404,26.232615,train
8079,50.68801501365044,50.878613,train
17992,90.5009001330304,90.4093,train
17254,90.79293338634857,91.09006,train
5107,80.93195157639853,80.03101,train
4512,6.442036183009371,6.4377747,train
3056,45.250987390322535,45.631325,train
7055,79.88545352007553,79.40412,train
16111,110.28871787139632,110.520096,train
14693,48.96526861625701,49.1848,train
9952,14.34267649792701,14.127016,train
4376,113.1117727502116,112.945816,train
9338,107.39789478589,107.25074,train
10443,75.03655084716752,75.17239,train
7012,107.5602418843858,107.8424,train
8644,22.019205815790663,22.058369,train
6980,77.7528643276994,77.74759,train
3566,26.620833128631787,26.51333,train
9168,24.789633367188944,25.71467,train
2444,43.604537301970495,44.44274,train
3713,36.41164086407028,36.320827,train
17458,67.80500732074917,67.152374,train
14492,90.34178504057668,90.13087,train
17527,20.391351361528265,20.372581,train
1425,154.98431615588598,154.82565,train
16041,29.402411149110645,29.427898,train
17986,92.03325910726882,92.035095,train
11819,85.05997393992781,84.86313,train
11449,69.43701604268931,69.46797,train
12841,68.70638879452079,68.92548,train
5678,90.56896135270873,89.90529,train
16297,86.00802491357506,86.10957,train
18711,18.266090082633497,18.25697,train
11034,79.48504113105551,79.25935,train
13212,155.05412004324748,155.57397,train
1018,179.04708701101467,178.99586,train
19350,59.57543179697275,57.984344,train
12271,80.93195157639853,80.57445,train
4762,35.87508543765299,35.92951,train
11172,25.857534399290905,25.88882,train
12288,75.33592393483191,75.17835,train
7878,75.52912062238612,75.82522,train
17886,163.4865892910184,163.38269,train
7139,75.16417987128504,75.17663,train
13861,17.09241641846016,17.691998,train
1310,29.12596598702036,29.18679,train
6839,65.44228559506357,65.18306,train
7244,79.88545352007381,79.51024,train
18254,80.57929170551442,80.61208,train
1519,103.745126530115,103.55511,train
9850,43.186882593766825,42.430614,train
17321,15.49099131419465,15.94456,train
12716,39.410668208964985,39.442257,train
11038,79.48504113105551,79.2999,train
6849,62.82498618409738,62.20437,train
11521,45.64933795175344,45.825436,train
15693,49.5370430474446,49.54989,train
13686,74.59089711105786,74.40066,train
14146,61.55125893730588,61.045452,train
12619,47.10789941727601,47.48537,train
16105,62.85838899590023,62.841156,train
8769,52.60873127102636,52.101414,train
17109,149.10252861042588,148.2638,train
18116,26.320863792397155,26.935057,train
19165,42.23549826962851,43.473457,train
2343,38.91834885517143,38.90702,train
12734,41.80739580968886,42.138855,train
1943,59.31238391810723,58.548344,train
14135,55.80060084695734,55.36747,train
5229,80.80332043496549,80.50063,train
18494,101.3171290408814,100.9339,train
2723,83.09935595306658,82.97329,train
18603,79.27542778284364,79.253815,train
14518,90.1171147731606,90.09274,train
5801,77.53876431170232,77.37151,train
2710,80.25361829662151,80.20081,train
11344,19.20192266480916,19.17752,train
5934,58.30263960140757,58.22133,train
18638,86.49796272771329,86.42461,train
13426,36.99469593104042,36.881283,train
15263,83.13470642646298,83.17793,train
3124,2.9065837811274826,2.9311738,train
15564,6.4852329987035695,6.548349,train
2938,19.89991539202705,19.742804,train
8128,75.24982629334554,75.04032,train
14523,90.1171147731606,90.47692,train
17996,90.5009001330304,90.60762,train
16264,76.00671399435468,75.92435,train
12085,91.22443951098568,91.380135,train
5032,49.0086224925457,48.99863,train
354,62.36217072729759,62.2547,train
10821,58.31738655168958,58.64432,train
19245,52.99398689569749,53.140114,train
292,51.334066206546574,51.58341,train
14182,42.58610637454368,42.586803,train
14714,57.39162304208823,57.483162,train
9093,86.82293470300802,86.875595,train
14573,19.89991539202705,20.361694,train
18426,86.82293470300802,86.8329,train
13157,76.6667816523841,76.27369,train
9467,78.17671644727096,78.08336,train
15403,73.5169788308657,73.320656,train
5201,74.18155972707108,73.886406,train
8108,64.87166628595628,64.91312,train
9215,35.87508543765299,35.55025,train
10437,70.67888709810615,70.13366,train
10502,19.628813853406385,19.09317,train
13247,118.73948000326068,118.0242,train
8139,2.618505311135724,2.653271,train
4397,106.2025558056929,106.343155,train
13517,44.66517096340306,44.112896,train
17352,22.120024226901386,22.6354,train
16559,84.57638463785023,84.54642,train
17981,92.03325910726882,91.775276,train
17976,94.254909093602,94.22305,train
7153,77.53876431170232,77.30157,train
18512,91.22443951098568,91.57486,train
477,129.4267602168825,129.53934,train
4613,33.39074910958052,33.369724,train
700,18.731792724897712,18.768688,train
13854,17.09241641846016,16.721975,train
17801,38.74855875286944,39.378532,train
10396,56.716123866601365,56.034,train
1596,4.196221297202333,4.204997,train
7468,35.87508543765299,35.55025,train
17616,47.383642487349135,47.00707,train
17678,16.264210965298563,16.381403,train
14983,125.86447482244527,126.4147,train
13412,42.58610637454368,42.071457,train
1238,9.499438230882436,9.501294,train
5951,60.19466070864491,60.16122,train
17837,57.78179082659215,57.971806,train
3199,13.92854978889145,13.916968,train
8953,110.67568302020096,110.91385,train
13843,15.18002375784278,14.935031,train
4369,117.68636585320668,117.40463,train
4072,80.57929170551442,80.44156,train
6182,100.48928695862324,100.37349,train
14111,40.96669871801392,42.271328,train
12204,84.52419181559287,84.44893,train
13032,81.59299887306369,81.18063,train
16907,12.885025212225244,12.748456,train
11503,46.16640159983851,46.20481,train
12066,101.3171290408814,100.9339,train
5886,62.82498618409738,63.028473,train
6151,106.2025558056929,105.9435,train
6428,37.38629228613615,37.171085,train
11462,56.75820297103196,56.624462,train
18435,88.48216304859169,88.29013,train
15512,86.00802491357506,85.94133,train
18981,89.35596223722666,89.54767,train
15154,110.67568302020096,110.91385,train
857,9.839051198642553,9.849857,train
16700,201.78551544430667,202.10912,train
6755,59.89579766367838,59.736317,train
17261,90.79293338634857,90.529,train
11905,84.24741541524314,83.870605,train
12220,110.28871787139632,109.29301,train
8009,26.620833128631787,26.626043,train
14297,44.66517096340306,44.27848,train
16478,75.34654859935269,75.26199,train
3292,50.04341124314785,50.090683,train
3926,25.32142942667775,24.78229,train
18809,52.14885440372348,51.68,train
7899,76.77816930527605,76.83845,train
1778,12.124975352206752,12.028961,train
18880,124.675830889654,124.27029,train
10271,89.77171705634251,89.63415,train
17248,89.98590815117426,90.06519,train
10557,32.289249758728964,31.98786,train
13373,93.28231569539822,92.98943,train
8813,45.5844800104469,46.26145,train
18457,134.13491032325388,134.0322,train
18499,95.84505322335384,96.00165,train
5645,134.14502085001388,134.48672,train
9561,91.22443951098568,91.357445,train
7790,100.6187540373376,101.14703,train
6862,60.81262844049596,60.55077,train
10622,59.89579766367838,60.025642,train
13914,35.03272103717059,35.098213,train
11728,68.87072465156034,69.35824,train
17994,90.5009001330304,90.27221,train
17296,12.046394034663363,11.937861,train
5666,107.5602418843858,108.391106,train
4503,5.227697523949966,5.272317,train
775,55.271872386990935,55.278023,train
4845,72.52135855398946,72.10385,train
14233,34.635546819221005,34.649998,train
18658,10.849469453369007,10.081705,train
16230,71.91030133184738,71.964195,train
6952,66.87499746459498,67.261795,train
13299,96.9560797736986,96.610054,train
15825,94.254909093602,93.74722,train
10955,52.38623850151688,51.8745,train
13820,10.839070650375335,11.269399,train
2425,39.53055859179817,39.442352,train
2970,24.789633367188944,24.627636,train
17681,16.264210965298563,16.177391,train
5124,75.33592393483191,75.39578,train
18498,95.84505322335384,95.92625,train
10505,19.628813853406385,19.702702,train
12342,71.91030133184738,72.05843,train
714,25.27984779576332,25.358246,train
12630,42.58610637454368,42.901398,train
8881,57.60964815073893,57.64055,train
8113,64.87166628595628,64.85773,train
10776,46.90905076121099,45.93506,train
7656,32.43048383015692,32.10115,train
17481,16.264210965298563,16.177391,train
19181,51.441846041956246,51.498688,train
7027,98.11718222077316,98.77677,train
8513,69.76848318728075,69.652824,train
3687,75.24982629334554,75.24975,train
957,44.21359478458822,44.129055,train
1696,25.27984779576332,25.35617,train
9732,10.014648675893918,9.622954,train
3481,90.79293338634857,90.78081,train
3649,55.1604052272772,55.683678,train
5091,89.57234360169679,90.08694,train
1772,62.12878854692645,62.113365,train
1217,5.227697523949966,5.272317,train
15026,103.23350357813172,103.53161,train
11618,70.13557868690133,70.67911,train
12599,74.77670776968412,74.82944,train
6716,42.55205181960314,42.253304,train
18697,16.438024087071643,15.098085,train
11389,34.11303495743982,34.270653,train
9001,88.31993375128738,88.35011,train
4079,80.57929170551442,80.58931,train
3700,37.38629228613615,37.36279,train
9381,85.85337627290696,85.77734,train
18727,22.58567457678973,21.162848,train
5605,53.62497940433934,53.25445,train
1296,21.824079935423136,21.884987,train
6644,21.77517690158367,21.691452,train
9191,30.8733631927149,30.794773,train
12501,39.53055859179817,39.215645,train
5078,95.27995050133204,95.42583,train
17964,97.23410613085656,97.1484,train
11072,4.491537072359547,4.313355,train
14262,37.48026356057577,37.58898,train
2860,48.84238573144443,48.90619,train
2362,37.38629228613615,37.434944,train
17762,26.22042757385485,26.736134,train
4037,58.5236929318425,58.52737,train
16128,95.27995050133204,95.158424,train
5390,39.33748405428104,39.695126,train
4811,53.00734926713273,53.26366,train
6501,39.53055859179817,39.4795,train
19199,62.03409074627981,61.45729,train
18461,123.96214174002029,123.81402,train
15642,25.51278413365878,25.587753,train
8816,45.64933795175344,45.61368,train
12590,69.76848318728075,69.652824,train
12777,60.69477696945295,60.26925,train
9582,84.24741541524314,83.861465,train
16368,48.45410543881178,48.490135,train
8233,16.11129124792047,16.207216,train
18372,82.74203335367166,83.01297,train
14178,47.10789941727601,45.26348,train
6832,68.70638879452079,68.56601,train
7530,57.39162304208823,57.5431,train
18065,26.05871153969042,26.266762,train
4269,65.47137652330578,65.6363,train
1111,106.2025558056929,105.68646,train
7202,119.357920662184,118.8445,train
6219,26.05871153969042,24.573105,train
1927,48.41170998900376,48.001698,train
12405,86.00802491357506,85.755394,train
14812,20.33936974007777,20.46854,train
13216,155.05412004324748,155.49593,train
13081,69.8994010800787,70.67001,train
3338,149.10252861042588,148.90277,train
1379,230.9901536612257,231.11435,train
17686,16.57780018172115,16.841494,train
4752,33.2646262088608,33.171425,train
12935,60.19466070864491,59.697247,train
4028,53.49135176226452,53.86765,train
13760,81.70522876686431,81.6884,train
11247,2.9065837811274826,2.9311738,train
15641,25.51278413365878,25.587753,train
11355,22.34386956684365,22.653292,train
14914,55.80060084695734,56.4953,train
10102,117.94057501366258,117.90452,train
11786,76.6667816523841,76.96333,train
3172,8.180433892801254,8.071619,train
14787,17.633485569278523,17.690489,train
12851,65.44228559506357,65.18306,train
17513,17.95913696269572,18.462975,train
18447,89.77171705634251,89.667274,train
15708,62.85838899590023,62.84564,train
16271,78.23957030362628,77.88814,train
7783,107.39789478589,107.25074,train
3944,27.727713592149392,27.654726,train
14571,19.89991539202705,20.224514,train
15149,117.94057501366258,117.90452,train
3743,36.210240125305205,36.204906,train
9781,18.42630454709299,18.426666,train
5014,38.10425093875088,38.109734,train
10786,49.09810003248252,49.21821,train
5351,25.935608876074404,26.232615,train
18312,99.25129745411776,99.42061,train
1508,106.2025558056929,105.983475,train
5398,43.65657505930208,44.001186,train
1937,53.62497940433934,53.341038,train
813,4.491537072359547,4.313355,train
3598,35.46372651810452,35.641537,train
19140,34.36019909387007,34.238266,train
17350,22.120024226901386,22.198824,train
9569,91.22443951098568,91.19228,train
7857,77.87315181130059,77.541916,train
2578,90.56896135270873,89.90529,train
1401,193.8751524679473,194.14308,train
13071,71.14396606839321,71.77833,train
15255,82.69911139745801,82.652435,train
11721,69.14676947161414,69.23792,train
1291,21.824079935423136,21.875692,train
14177,47.10789941727601,47.36307,train
8850,49.29258108243957,49.20718,train
13088,69.14676947161414,69.23792,train
18915,105.86133971445166,106.02344,train
5259,12.124975352206752,12.167575,train
7140,75.16417987128504,75.146194,train
6100,129.4267602168825,129.11305,train
667,11.384421137066337,11.406518,train
18117,27.727713592149392,27.492579,train
17586,35.05216416707113,33.915665,train
251,53.87988875437848,52.89408,train
5871,65.44228559506357,65.23086,train
10636,64.87166628595628,64.78542,train
13822,12.074428136633635,11.299745,train
1643,11.384421137066337,11.406518,train
934,34.113034957437215,34.095257,train
5126,75.33592393483191,75.17835,train
12114,81.7828321007955,81.57598,train
1225,6.442036183009371,6.4377747,train
1929,48.41170998900376,48.71725,train
10453,79.48504113105551,79.158775,train
12231,102.11244006090304,102.238556,train
560,100.48928695862324,100.17203,train
18395,83.13470642646298,83.00344,train
4589,25.27984779576332,25.35617,train
18205,53.49135176226452,53.86765,train
14758,16.08629542413324,16.13289,train
18912,105.86133971445166,106.02189,train
19349,59.57543179697275,58.842102,train
12036,123.96214174002029,124.097626,train
2165,3.624115801788345,3.5554862,train
11684,75.20136128981777,74.88247,train
18662,10.849469453369007,11.263483,train
12233,102.11244006090304,101.58138,train
1729,38.10425093875088,38.109734,train
15335,102.11244006090304,102.072395,train
17295,12.046394034663363,11.387396,train
16234,71.91030133184738,72.08726,train
1563,97.47338258073955,97.67921,train
18868,142.84762610413074,143.72125,train
17306,13.681305189167857,13.431318,train
16908,12.885025212225244,13.076222,train
13908,31.152134114795924,30.936804,train
11862,107.7381594436571,107.59481,train
9219,38.72775337298162,38.31582,train
13183,85.05997393992781,84.65962,train
8449,46.20624283129268,46.895737,train
3092,62.1233802776967,62.174778,train
18712,18.266090082633497,18.440044,train
8492,60.456358375515045,60.402283,train
6512,41.380738858681696,41.92225,train
7096,70.8998858391393,70.881584,train
7270,73.68374035525031,73.62137,train
8037,32.289249758728964,32.737614,train
14659,38.72775337298162,38.49571,train
3497,91.48002635649718,91.44682,train
7094,70.8998858391393,70.95293,train
12526,46.20624283129268,46.895737,train
13031,81.59299887306369,80.67854,train
19198,62.03409074627981,61.738266,train
7619,25.97444591185257,25.233183,train
5349,25.935608876074404,26.017103,train
16668,77.53876431170232,77.34113,train
12376,78.23957030362628,78.3689,train
2977,26.657804872047155,26.484158,train
986,230.9901536612257,230.59537,train
7939,84.60291252746202,84.46443,train
9076,84.01038592956453,83.95511,train
8709,55.89167516914279,55.912247,train
13592,111.93267880814516,112.34096,train
1981,15.826709276493416,16.356476,train
4894,5.227697523949966,5.272317,train
17700,17.141358034855276,17.004534,train
12648,36.99469593104042,36.820892,train
14064,26.936990316598862,26.228405,train
2593,84.57638463785023,84.699554,train
13243,125.86447482244527,125.939514,train
5192,72.80691569376819,72.72832,train
16539,98.11718222077316,98.80778,train
7843,79.86598582053819,79.806786,train
19099,22.120024226901386,21.960875,train
6829,68.70638879452079,68.92548,train
12090,87.37869480347202,87.55173,train
14309,47.982575358036456,48.155552,train
3328,163.4865892910184,163.69218,train
2324,50.04341124314785,50.090683,train
7810,89.93891881356173,90.02409,train
2558,107.5602418843858,107.74081,train
2775,25.32142942667775,25.245548,train
3315,180.7969094795742,181.36038,train
18725,20.307928329934253,21.481003,train
3032,38.72775337298162,38.746605,train
6284,29.533535528411715,29.585348,train
4838,67.18811819694348,66.701775,train
10085,136.40586584491066,136.27374,train
19180,51.441846041956246,51.418,train
3133,3.624115801788345,3.5554862,train
9958,14.34267649792701,14.623037,train
8095,55.1604052272772,55.104877,train
4859,2.606366123918593,2.6254888,train
12911,58.30263960140757,58.46987,train
70,75.33592393483191,75.35051,train
19138,34.36019909387007,33.30656,train
12887,58.48566458724775,58.55371,train
9581,84.24741541524314,83.76094,train
10969,54.316367961579786,54.567688,train
19200,62.03409074627981,61.38569,train
338,59.349496697382925,59.246994,train
3429,92.03325910726882,92.035095,train
10649,70.03363402017787,69.80653,train
655,9.499438230882436,9.501294,train
1654,13.53610473193936,13.552571,train
12406,86.00802491357506,85.74294,train
4937,13.53610473193936,13.554237,train
9034,83.29477154332817,83.168304,train
10471,83.55792357754082,83.78442,train
8894,61.34974693767026,62.070866,train
5176,71.91030133184738,72.054405,train
9002,88.31993375128738,88.37114,train
871,11.747596709247082,11.700321,train
14982,125.86447482244527,126.42921,train
7922,80.03415155888104,79.96949,train
4011,48.84238573144443,48.735832,train
4736,30.8733631927149,31.074734,train
15294,86.82293470300802,86.875595,train
4268,65.47137652330578,65.57208,train
6326,40.76621946032643,40.363937,train
5364,31.91051408188231,31.408974,train
13108,69.0602255325774,69.33527,train
1819,16.125116344342604,16.08779,train
1660,13.53610473193936,13.554237,train
12811,83.01808144823141,82.59321,train
11373,29.77075417333618,29.798998,train
12290,75.33592393483191,75.00917,train
5873,65.44228559506357,65.18306,train
213,66.58516636474155,66.87509,train
11544,47.53432583996549,47.354008,train
16521,119.35792066219084,119.56956,train
9460,76.77816930527784,76.51933,train
15196,91.2397572047843,91.5521,train
16410,53.47823699991465,53.02258,train
10992,62.87797862213373,63.012486,train
2004,21.77517690158367,21.691452,train
13940,44.07024791149557,44.26938,train
13497,39.410668208964985,39.506012,train
1665,15.977335233233198,16.013798,train
10283,58.6937159884268,59.033066,train
16914,13.792313484057486,13.746577,train
624,5.227697523949966,5.272317,train
13804,9.788304130248129,9.793853,train
4507,6.442036183009371,6.4377747,train
3869,69.76848318728075,70.11996,train
3362,118.62582953904092,119.6762,train
2965,23.053352899871395,23.162304,train
6097,129.4267602168825,129.53934,train
11604,65.54060841010474,65.68657,train
8549,4.22054923341766,4.2420034,train
8353,37.38629228613615,37.171085,train
11719,69.14676947161414,68.897964,train
1286,18.731792724897712,18.768688,train
11875,95.84505322335384,95.298645,train
18892,117.40677602978512,117.093056,train
12456,35.86295586622186,36.207703,train
8879,57.60964815073893,57.264084,train
3104,67.18811819694348,67.73685,train
1952,59.31238391810723,60.0938,train
12347,72.80691569376961,73.05463,train
6234,24.63527893831387,24.907879,train
1372,62.12878854692645,62.113365,train
16537,98.11718222077316,98.98018,train
6087,136.76886894565047,137.0741,train
6179,100.48928695862324,100.06241,train
14915,61.55125893730588,60.96003,train
1441,145.24040847801632,145.03397,train
14218,35.5258604479491,35.698433,train
6382,63.896198456162885,64.742455,train
18583,77.93378927116997,78.15958,train
9898,7.349844286016002,7.4775333,train
10575,38.88107047950797,38.745293,train
10894,51.23740717945918,51.231464,train
11907,84.24741541524314,83.658485,train
2588,84.57638463785023,84.3494,train
7239,84.57638463785023,84.24482,train
17226,89.25950270069107,89.2863,train
6961,70.098803480824,70.11877,train
4785,45.250987390322535,44.935856,train
18220,63.896198456162885,63.81278,train
12880,59.37382867606714,59.466618,train
17721,19.038942421022504,19.04997,train
985,230.9901536612257,230.75728,train
12579,64.95566127753808,64.730225,train
16214,71.63339382759735,71.90522,train
12216,86.49796272771329,86.36973,train
9895,7.349844286016002,7.539524,train
8473,52.561077422995496,52.432594,train
10019,30.28249766674213,31.278204,train
16959,21.22276810141124,21.029137,train
10275,62.90876193978079,62.35513,train
10415,62.87797862213373,62.56704,train
13649,81.32847275704384,81.53285,train
10905,50.09922712517202,49.804016,train
14123,50.439407630704494,49.894745,train
12250,89.57234360169679,89.69133,train
13528,47.982575358036456,48.333775,train
11843,123.96214174002029,124.57082,train
11195,34.113034957437215,34.095257,train
18900,111.16906764061592,110.52239,train
3691,38.91834885517143,38.914356,train
558,100.48928695862324,100.352036,train
4821,57.39162304208823,57.453915,train
6569,60.456358375515045,60.50845,train
15742,149.10252861042588,149.25272,train
11712,69.8994010800787,69.85541,train
15226,84.38693654155693,83.99213,train
16,102.11244006090304,102.072395,train
13261,112.6599718133244,112.41048,train
8662,29.402411149110645,29.427898,train
3433,90.5009001330304,90.451935,train
1841,19.28254456595652,19.496342,train
8598,11.473018356565088,11.504866,train
15324,110.28871787139632,110.36747,train
3414,94.254909093602,93.8732,train
1816,16.125116344342604,16.022396,train
16628,70.8890994699993,71.18206,train
4407,103.745126530115,104.04039,train
6733,50.68801501365044,50.542587,train
15465,74.18155972707093,74.20665,train
10922,49.49174784981139,50.03309,train
11075,4.491537072359547,4.575762,train
1883,31.91051408188231,31.365007,train
18353,84.38693654155693,84.20085,train
17934,111.6113573414681,111.74413,train
7626,27.10406914375708,26.399035,train
8171,5.260504433154911,5.1478662,train
13234,134.16905500217058,134.92068,train
12560,56.318371719454376,56.563118,train
10132,99.25129745411776,99.46026,train
7216,98.11718222077133,98.80778,train
12618,47.10789941727601,47.240593,train
7024,98.11718222077316,98.85125,train
17449,62.03409074627981,62.38989,train
161,78.2395703036289,78.053604,train
863,11.747596709247082,11.700321,train
13709,74.34851013209767,74.57147,train
14535,91.77117363602072,91.847664,train
11460,56.75820297103196,56.025764,train
1129,101.86758015295236,102.26661,train
4131,17.59043680885926,17.278852,train
16434,60.937760889072194,60.50107,train
7538,62.1233802776967,62.455845,train
8306,43.749455725793766,43.75151,train
5780,73.22704486211128,73.03814,train
5195,74.18155972707108,74.22959,train
14257,36.02701366128638,35.543293,train
7644,30.322774918295444,29.787952,train
3769,38.05130976592272,38.462566,train
8572,6.4852329987035695,6.548349,train
8324,55.89167516914279,55.912247,train
6335,44.597910972306806,44.814774,train
12806,89.61281744144841,89.57451,train
19379,70.67888709810615,70.00103,train
12748,47.982575358036456,48.333775,train
16572,79.88545352007553,79.69383,train
18696,14.802361789347977,15.729866,train
16275,80.80332043496728,81.585205,train
9528,115.23290406090766,115.5191,train
5345,25.935608876074404,25.61341,train
6725,46.48566476712182,46.471283,train
9816,26.79723709025756,26.672873,train
7553,72.52135855398946,71.700874,train
3467,89.42090092796712,89.45764,train
14790,17.633485569278523,17.939672,train
17150,111.6113573414681,111.43207,train
3158,6.750079908713624,6.5304766,train
4383,113.1117727502116,113.234184,train
4328,145.24040847801632,145.53375,train
8799,46.16640159983851,45.79036,train
2420,38.05130976592272,37.77723,train
15408,72.29320847026757,72.39271,train
4830,62.1233802776967,62.174778,train
7771,115.30303150446332,115.49726,train
8805,46.16640159983851,46.691895,train
8361,36.41164086407028,36.320827,train
9318,135.2198141561254,135.52371,train
16592,73.68374035525322,73.64881,train
7764,124.5037870661705,124.24711,train
12999,96.6886854171183,97.18245,train
14757,16.08629542413324,15.867584,train
3468,89.42090092796712,89.40554,train
5827,89.61281744144841,89.21022,train
1347,43.29863673312664,43.33353,train
19191,56.56699701702424,56.504147,train
4536,11.384421137066337,11.406518,train
11918,81.78283210079856,81.24936,train
10247,86.82293470300802,86.875595,train
14441,102.64150512184672,102.44025,train
8457,46.20624283129268,46.774155,train
3742,36.210240125305205,36.607594,train
4286,211.02994799979388,211.12189,train
10138,94.86192637572438,94.93089,train
8103,59.89579766367838,59.539715,train
8602,11.473018356565088,11.504866,train
14364,173.02629337346764,172.95746,train
15212,86.04998768751986,85.803566,train
16609,70.8998858391393,70.88589,train
5190,72.80691569376819,72.94907,train
3057,48.96526861625701,48.69446,train
12149,77.93378927116997,78.02437,train
12688,35.06929068218894,35.067787,train
1241,9.499438230882436,9.501294,train
2916,75.23466307522513,75.81976,train
9039,82.74203335367166,82.72176,train
1362,55.271872386990935,55.278023,train
19305,50.93322091321282,51.108387,train
18531,84.24741541524314,83.806244,train
19088,19.694692079282625,19.550488,train
593,2.606366123918593,2.6254888,train
9993,23.676009316847548,23.432764,train
1335,38.10425093874939,38.109734,train
11485,49.56838968278535,49.575172,train
931,29.77075417333722,29.798998,train
12107,84.24741541524314,83.67594,train
890,16.40524145944573,16.341652,train
6817,72.67230242637233,72.58117,train
12481,36.94310571922444,36.77075,train
15777,118.62582953904092,118.277435,train
19223,62.90876193978079,62.60318,train
1469,123.0978685654898,123.08376,train
6117,117.68636585320668,117.40463,train
14702,53.00734926713273,53.21536,train
9982,20.89376771053955,20.697681,train
12682,34.635546819221005,34.853996,train
11364,25.85753439928986,25.88882,train
1338,43.29863673312664,43.341644,train
10697,44.130221195170286,44.21403,train
22,95.27995050133204,94.85484,train
16052,33.717244930192976,33.68749,train
17343,19.694692079282625,20.268106,train
12046,115.23290406090766,115.54791,train
7704,48.45056948106192,47.773277,train
2964,23.053352899871395,22.742584,train
5129,75.33592393483191,74.9931,train
8077,46.48566476712182,46.976543,train
12943,61.911697819840086,61.754066,train
19369,66.59566485208973,66.28266,train
11617,70.13557868690133,70.66665,train
19236,55.4430882998278,55.27653,train
16670,77.53876431170232,77.37151,train
19153,38.13815414182142,38.379616,train
6551,52.561077422993925,52.560604,train
1070,123.0978685654898,123.10715,train
9133,19.89991539202705,19.861284,train
259,52.42282758556679,52.482876,train
17592,35.05216416707113,36.250313,train
11426,56.446929139341634,56.45331,train
7805,94.83357335355618,94.51833,train
1413,179.04708701101467,178.99586,train
15445,71.91030133184738,72.08726,train
8666,29.402411149110645,29.467646,train
12937,61.911697819840086,61.87771,train
19118,27.698995930992588,26.9419,train
5919,58.132094825297145,58.280228,train
16900,12.885025212225244,12.818392,train
12084,91.22443951098568,91.57486,train
2028,26.620833128631787,26.542093,train
7,110.28871787139632,110.11979,train
5768,71.78670881619587,71.80506,train
11294,8.180433892801254,8.071619,train
6048,179.04708701101467,178.2714,train
8700,49.5370430474446,49.54989,train
1320,33.39074910957999,33.380863,train
18394,83.13470642646298,83.037636,train
15013,107.5197399548222,107.14483,train
340,59.349496697382925,59.40673,train
6472,36.210240125305205,36.617054,train
3282,44.21359478458822,44.129055,train
2816,31.73671877096429,32.33258,train
16923,14.865809293936342,14.842435,train
8086,50.68801501365044,50.662483,train
9615,78.70967419713557,78.70572,train
9450,75.8861492644395,75.908775,train
6383,69.52453059841163,69.08618,train
18401,84.01038592956453,84.02288,train
786,62.12878854692645,62.113365,train
5509,19.28254456595652,19.155155,train
2595,84.57638463785023,84.22164,train
3707,37.38629228613615,37.549854,train
13366,93.28231569539822,93.42223,train
3367,118.62582953904092,118.4772,train
3717,36.41164086407028,36.591293,train
5721,73.68374035525322,73.76539,train
6062,166.17853479893557,165.72346,train
15209,88.31993375128738,88.63529,train
17724,20.391351361528265,20.022314,train
1414,179.04708701101467,178.99586,train
4879,4.196221297202333,4.204997,train
8193,7.914848156370223,7.931517,train
17948,101.0511292541869,101.34692,train
2862,48.84238573144443,49.09351,train
14971,134.16905500217058,134.25824,train
2978,26.657804872047155,26.87989,train
631,5.227697523949966,5.272317,train
13262,112.6599718133244,112.21704,train
16075,43.749455725793766,43.75151,train
5382,35.43032585388161,35.959343,train
16846,89.25950270069107,89.56723,train
6731,46.48566476712182,46.496216,train
13320,93.38657295807928,93.51045,train
11044,83.55792357754082,83.67692,train
14879,40.96669871801392,40.783756,train
12328,71.5126952436544,71.758125,train
10089,126.44708143304572,126.356766,train
13553,55.99893434087522,56.20958,train
12683,34.635546819221005,35.047546,train
12932,60.19466070864491,59.735443,train
1711,29.125965987027584,29.158512,train
12282,77.79019270718537,77.82545,train
16813,92.03325910726882,91.775276,train
3908,24.63527893831387,24.870863,train
10290,58.6937159884268,57.62694,train
12843,68.70638879452079,68.67463,train
10768,45.14459234822735,45.052185,train
6039,193.8751524679473,193.72298,train
11650,85.80236635218084,85.515205,train
9226,38.72775337298162,38.282146,train
9593,81.7828321007955,81.646164,train
4515,7.85908552453503,7.9066777,train
17097,163.4865892910184,163.86838,train
13716,74.95067169957674,74.88292,train
17506,17.95913696269572,17.970264,train
484,123.0978685654898,122.71218,train
9568,91.22443951098568,91.14145,train
10416,62.87797862213373,62.64842,train
1795,13.792313484057486,13.787444,train
5938,58.991170602037386,58.69782,train
18984,89.35596223722666,89.49591,train
4080,12.124975352206752,12.11107,train
16418,55.61817953038767,54.394802,train
11436,78.77344906209804,76.88732,train
17273,91.48002635650002,91.19564,train
10807,54.79280587614715,55.231194,train
15213,86.04998768751986,85.98524,train
12903,58.132094825297145,58.273575,train
2550,119.35792066219084,119.14004,train
133,72.80691569376819,72.690605,train
10519,21.77517690158367,22.056982,train
5812,80.25361829662151,80.29799,train
6999,134.14502085001388,133.89389,train
6688,32.289249758728964,31.98786,train
15993,13.645628914737031,13.686924,train
2287,29.77075417333722,29.798998,train
8763,56.75820297103196,56.10989,train
14798,18.82198014263801,18.202198,train
18460,123.96214174002029,123.93061,train
11292,8.180433892801254,8.071619,train
7736,62.845748849996326,63.05166,train
10939,49.964974571776985,50.579227,train
8918,75.02114224725477,74.82701,train
6629,17.650012712740526,17.516367,train
18264,136.40586584491066,136.47696,train
2701,77.53876431170232,77.37151,train
8451,46.20624283129268,45.841118,train
170,80.80332043496549,80.92055,train
10100,117.94057501366258,118.16364,train
14993,118.73948000326068,118.359634,train
11985,80.66666767817244,80.51266,train
17058,53.62497940433934,54.45936,train
6348,48.84238573144443,49.09351,train
15768,127.03771421016312,126.552185,train
1634,9.499438230882436,9.501294,train
3327,163.4865892910184,163.33182,train
7780,107.39789478589,107.60697,train
19387,75.03655084716752,74.9786,train
17910,127.03771421016312,127.97897,train
18414,85.2707950135868,85.24173,train
8182,6.4852329987035695,6.548349,train
4516,7.85908552453503,7.9066777,train
7503,48.96526861625701,48.96535,train
9196,30.8733631927149,30.850037,train
1167,98.65596999066533,98.776146,train
18883,124.675830889654,125.43412,train
72,75.33592393483191,74.925514,train
9975,18.42630454709299,18.97703,train
976,56.44692913934201,56.45331,train
4960,18.731792724897712,18.768688,train
15565,6.4852329987035695,6.548349,train
8793,47.46331387653679,47.57838,train
14445,98.77373433068,99.317116,train
10592,46.48566476712182,46.01385,train
5073,102.11244006090304,102.9388,train
15488,80.80332043496728,80.92055,train
4,110.28871787139632,110.36747,train
13445,34.767713483007924,35.199356,train
1269,15.977335233233198,16.013798,train
6183,99.4907361299304,99.69921,train
11928,79.94703553493463,79.85368,train
18252,80.57929170551442,80.569176,train
18613,80.66666767817155,80.76311,train
8672,33.717244930192976,33.68749,train
15202,88.31993375128738,88.35011,train
5829,89.61281744144841,89.87144,train
11383,34.11303495743982,34.095257,train
7824,85.85337627290696,85.66545,train
12756,51.76031579593137,51.834587,train
3938,26.320863792397155,26.608229,train
6972,73.76729204182922,73.96808,train
8964,104.48871564383238,103.754265,train
2773,25.32142942667775,24.78229,train
7380,18.448270263304188,18.898434,train
7952,14.147402430467531,14.267633,train
3390,101.0511292541869,100.61363,train
11881,95.84505322335384,96.193504,train
9636,77.93378927116997,78.15958,train
10552,32.289249758728964,31.896097,train
319,54.721475257382544,54.67563,train
17937,105.8033985466063,106.22171,train
232,58.69889415199623,59.19132,train
11323,13.92854978889145,13.916968,train
4771,38.72775337298162,38.66499,train
17665,16.20097931775689,15.659315,train
2903,69.52453059841163,69.67708,train
11576,54.343834943578464,54.575672,train
372,69.71997296559415,69.89389,train
6171,101.86758015295236,102.01249,train
6395,75.23466307522513,74.85416,train
15989,13.645628914737031,13.686924,train
6352,48.84238573144443,49.40704,train
18689,14.802361789347977,14.651043,train
18307,99.25129745411776,99.457924,train
5589,43.65657505930208,43.961834,train
14688,48.96526861625701,48.844254,train
18909,105.86133971445166,105.40361,train
4796,48.96526861625701,48.96535,train
13462,34.635546819221005,34.853996,train
17400,38.13815414182142,38.1645,train
13001,96.6886854171183,96.594055,train
1224,6.442036183009371,6.4377747,train
9790,20.89376771053955,20.1629,train
16465,71.35912677124634,71.422935,train
11769,72.34090204261534,72.359726,train
9382,85.85337627290696,86.482376,train
12033,123.96214174002029,123.81402,train
2739,25.04050211213976,25.128967,train
8275,29.402411149110645,29.467646,train
5186,72.80691569376819,72.74371,train
17085,201.78551544430667,201.69505,train
12401,83.53755060546025,83.583755,train
15081,92.14301126701253,92.46345,train
6268,26.320863792397155,26.571913,train
16316,50.733368627516406,49.941154,train
16502,152.8177784761153,151.68495,train
9069,84.01038592956453,84.29335,train
3224,19.20192266480916,19.17752,train
14682,45.250987390322535,45.184357,train
1717,33.39074910958052,33.369724,train
3950,29.533535528411715,29.110868,train
5610,53.62497940433934,53.821316,train
10662,50.014011392149406,50.041256,train
18156,34.339930274970904,34.301147,train
6013,77.7528643276994,77.91201,train
10015,30.28249766674213,30.296602,train
2868,53.49135176226452,53.058926,train
17501,17.141358034855276,16.902842,train
18072,25.04050211213976,24.998835,train
17889,163.4865892910184,164.02423,train
15531,3.3460458597073703,3.3082185,train
2872,53.49135176226452,53.373207,train
13145,74.30450585772448,74.69297,train
18541,81.7828321007955,81.62892,train
2487,56.318371719458256,56.097294,train
9642,78.3521209153635,78.42887,train
18213,58.5236929318425,58.83639,train
4145,19.28254456595652,19.287996,train
4074,80.57929170551442,80.569176,train
15108,93.28231569539822,93.42223,train
1566,97.47338258073955,97.46439,train
7908,78.1767164472726,77.77202,train
10506,19.628813853406385,19.467037,train
4665,18.448270263304188,18.583294,train
1693,25.27984779576332,25.358246,train
11036,79.48504113105551,79.56096,train
7779,107.39789478589,107.05783,train
18495,101.3171290408814,100.90085,train
9953,14.34267649792701,14.113763,train
2589,84.57638463785023,84.43796,train
10316,51.23740717945918,50.82706,train
16952,19.28254456595652,19.093527,train
6916,60.19466070864491,60.000748,train
9661,80.66666767817155,80.70997,train
504,113.1117727502116,112.945816,train
17627,52.35653033478938,52.014236,train
5742,70.8998858391393,70.84919,train
13647,81.32847275704384,81.91075,train
10185,83.29477154332817,83.13553,train
6969,73.76729204182922,73.74531,train
4015,48.84238573144443,49.09351,train
1138,100.48928695862324,101.01416,train
9744,11.245979387941956,11.335633,train
1349,49.00862249254413,48.99863,train
6407,80.57929170551442,80.569176,train
15952,6.4852329987035695,6.548349,train
82,73.5169788308657,73.18439,train
554,100.48928695862324,100.33726,train
15646,29.402411149110645,29.427898,train
13194,183.50675596781025,183.25607,train
1984,17.650012712740526,17.528246,train
8044,35.46372651810452,35.339893,train
12353,72.80691569376961,72.77202,train
16286,83.53755060546025,83.895515,train
16556,84.57638463785023,84.69423,train
6860,60.81262844049596,60.5972,train
6120,117.68636585320668,117.11723,train
17427,51.441846041956246,50.83882,train
14325,55.99893434087522,55.858517,train
18462,123.96214174002029,123.64265,train
13529,47.982575358036456,48.415287,train
11892,87.37869480347202,87.57535,train
2564,107.5602418843858,107.19753,train
15518,2.618505311135724,2.653271,train
16789,97.23410613085656,97.2007,train
7271,73.68374035525031,73.93762,train
420,193.8751524679473,193.86566,train
8349,37.38629228613615,37.213825,train
4987,29.125965987027584,29.18679,train
3394,101.0511292541869,101.34375,train
19026,9.244705548457503,9.280729,train
11056,2.9065837811274826,2.9311738,train
3510,15.826709276493416,15.650571,train
2717,83.09935595306658,83.05574,train
507,113.1117727502116,113.081345,train
12778,60.69477696945295,60.629402,train
12417,38.91834885517143,38.63942,train
9515,123.96214174002029,123.64265,train
8125,70.03363402017787,69.80653,train
19385,75.03655084716752,75.37213,train
13257,112.6599718133244,112.47041,train
4709,24.789633367188944,24.168653,train
5202,74.18155972707108,74.20665,train
16565,84.57638463785023,84.900795,train
13127,70.8035239631433,70.74818,train
9714,8.085620495190993,8.303087,train
15918,2.618505311135724,2.6760576,train
13317,93.38657295807928,93.49987,train
6445,35.919888386123255,35.66714,train
11784,74.30450585772448,74.3187,train
7502,48.96526861625701,48.69446,train
18677,13.338584715915395,12.21178,train
11782,74.30450585772448,74.228096,train
6132,113.1117727502116,113.86195,train
9270,57.39162304208823,56.977303,train
10567,35.46372651810452,35.52992,train
12672,34.767713483007924,34.84401,train
8532,2.618505311135724,2.653271,train
7010,107.5602418843858,107.8774,train
5146,72.2932084702675,72.04348,train
10899,51.23740717945918,50.94505,train
4968,21.824079935423136,21.875692,train
17004,31.91051408188231,32.067623,train
1898,35.43032585388161,35.67125,train
10865,58.6937159884268,58.74878,train
2426,39.53055859179817,39.37323,train
3081,57.39162304208823,57.267326,train
4600,29.125965987027584,29.158512,train
9801,23.676009316847548,23.399069,train
6803,83.01808144823141,83.14419,train
2974,24.789633367188944,24.976704,train
10312,51.23740717945918,51.595776,train
16258,76.00671399435468,75.98608,train
3301,56.44692913934201,56.45331,train
11568,51.56721782835394,51.70743,train
16953,19.28254456595652,19.265215,train
17966,97.23410613085656,97.32814,train
10308,52.99398689569749,52.809727,train
17240,89.42090092796712,89.582954,train
5322,19.28254456595652,19.750454,train
3682,75.24982629334554,74.6593,train
10392,56.716123866601365,57.580185,train
12762,51.76031579593137,51.744205,train
18030,89.98590815117426,89.80912,train
14711,57.39162304208823,57.453915,train
19241,55.4430882998278,54.831112,train
3215,16.40524145944573,16.341652,train
15144,117.94057501366258,118.28546,train
13075,69.8994010800787,69.8938,train
14519,90.1171147731606,90.16765,train
11035,79.48504113105551,79.33552,train
19296,49.964974571776985,50.159805,train
6943,64.1404088665598,64.2921,train
3543,21.77517690158367,21.66864,train
6683,32.289249758728964,31.896097,train
17220,89.59649952596679,89.686066,train
10478,14.147402430467531,14.391522,train
13168,79.3711852446667,79.03986,train
12069,101.3171290408814,100.94976,train
8144,2.618505311135724,2.653271,train
15704,55.89167516914279,55.912247,train
16265,78.23957030362628,78.66503,train
3730,35.86295586622186,36.74518,train
19344,56.716123866601365,57.5044,train
14821,22.19104778233357,22.289078,train
15818,97.23410613085656,97.32814,train
805,3.624115801788345,3.5554862,train
18107,26.320863792397155,26.425512,train
8472,52.561077422995496,52.313,train
16496,83.09327843384654,83.06361,train
8192,7.914848156370223,7.931517,train
5673,98.11718222077316,98.85125,train
10042,43.186882593766825,43.16758,train
5044,55.27187238699012,55.28068,train
14741,72.52135855398811,72.65872,train
7862,76.50234292040042,76.33383,train
8081,50.68801501365044,50.631424,train
4180,28.753615695926324,28.497833,train
4488,4.196221297202333,4.204997,train
11649,85.80236635218084,85.385056,train
14633,30.8733631927149,30.725729,train
1516,103.745126530115,103.41052,train
10878,55.4430882998278,55.64727,train
10146,91.2397572047843,91.50224,train
3905,24.63527893831387,24.847967,train
12008,84.52419181559615,84.43614,train
10499,17.650012712740526,17.82622,train
14521,90.1171147731606,90.35995,train
4353,129.4267602168825,129.31276,train
6414,38.91834885517143,38.914356,train
15619,18.89411765969292,18.911312,train
16575,79.88545352007553,79.67848,train
8581,7.914848156370223,7.931517,train
9445,75.8861492644395,75.85635,train
7400,21.429473611547053,21.8418,train
14807,20.33936974007777,20.174334,train
18998,89.83454371793471,89.90062,train
2042,29.34578260289036,29.656399,train
9634,77.93378927116997,78.16711,train
9104,88.48216304859169,88.29013,train
271,51.5337561017549,51.531204,train
8220,13.645628914737031,13.686924,train
3552,24.10159309622668,24.068232,train
1859,23.43298254652068,23.528059,train
14053,24.386290598811208,23.27956,train
19347,59.57543179697275,59.17683,train
10690,45.62472903888442,45.88764,train
7812,89.93891881356173,89.99293,train
4805,53.00734926713273,53.061222,train
8006,24.10159309622668,24.587608,train
13458,34.635546819221005,34.67364,train
18379,82.74203335367166,83.37618,train
17514,19.038942421022504,18.548498,train
344,59.349496697382925,58.807316,train
15312,89.77171705634251,89.691895,train
7534,62.1233802776967,62.079464,train
12561,56.318371719454376,55.70036,train
12355,74.18155972707093,74.44301,train
5457,12.885025212225244,12.668636,train
15286,85.2707950135868,85.25093,train
18393,83.13470642646298,83.17793,train
17371,27.698995930992588,28.00209,train
14631,30.8733631927149,30.45485,train
16380,49.17258922572702,49.256287,train
10603,50.68801501365044,50.878613,train
17546,23.96684006413348,23.199827,train
9706,7.349844286016002,7.6687217,train
14916,61.55125893730588,61.306587,train
914,25.857534399290905,25.88882,train
19107,24.782599128301666,24.109344,train
10598,46.48566476712182,46.692863,train
10367,50.93322091321282,50.582233,train
13568,65.83077308186866,65.61071,train
16686,83.09935595306658,83.05574,train
12850,65.44228559506357,65.27972,train
11890,91.22443951098568,91.19228,train
18373,82.74203335367166,82.79638,train
14082,33.159238156410005,32.045364,train
6995,134.14502085001388,134.74374,train
7724,57.64076850782871,57.086433,train
1319,33.39074910957999,33.380863,train
6669,26.620833128631787,26.51333,train
18182,44.597910972306806,45.040276,train
1227,6.442036183009371,6.4325237,train
11901,87.37869480347202,87.498985,train
5406,48.41170998900376,48.094276,train
5964,61.911697819840086,61.62045,train
6848,62.82498618409738,62.8016,train
18560,78.70967419713557,78.61066,train
11541,47.53432583996549,47.870308,train
14009,16.774054817925467,17.222956,train
2852,44.597910972306806,45.040276,train
8966,104.48871564383238,103.80441,train
9910,8.967662639453113,8.61395,train
16122,102.11244006090304,102.48801,train
10286,58.6937159884268,58.74878,train
9379,85.85337627290696,85.66545,train
17440,56.56699701702424,56.486725,train
14273,39.410668208964985,39.442257,train
6822,72.67230242637233,72.37533,train
12601,74.77670776968412,74.502594,train
5525,23.43298254652068,23.130537,train
18535,84.24741541524314,83.67594,train
19160,42.23549826962851,42.526474,train
4681,19.89991539202705,20.224514,train
8899,65.54060841010474,65.178375,train
3384,105.8033985466063,105.98187,train
2034,29.34578260289036,29.122139,train
5733,71.91197889308408,72.25444,train
17687,16.57780018172115,17.332912,train
10133,99.25129745411776,99.41671,train
11046,83.55792357754082,83.57277,train
2647,70.5776831156227,70.76206,train
14534,90.86910077663212,91.13669,train
3105,67.18811819694348,67.480255,train
17193,94.254909093602,94.22305,train
13743,79.44225220967748,79.1798,train
15318,89.77171705634251,89.63415,train
9025,84.38693654155693,83.99213,train
7829,82.51266906756706,82.28679,train
11566,51.56721782835394,50.799606,train
13939,44.07024791149557,44.259357,train
7133,73.22704486211128,73.01203,train
10281,62.90876193978079,64.32592,train
4198,31.91051408188231,32.073166,train
18491,101.3171290408814,101.20645,train
17764,28.80702918062262,27.53596,train
4784,41.84557272242807,42.46466,train
3619,42.55205181960314,43.452427,train
13679,75.46351541383811,75.1701,train
15185,94.86192637572438,94.93089,train
11658,81.59299887306369,81.10983,train
10640,64.87166628595628,64.618225,train
6928,61.911697819840086,61.68839,train
1477,117.68636585320668,117.40463,train
11953,77.93378927116997,78.121864,train
8729,78.77344906209804,78.81525,train
8190,7.914848156370223,7.931517,train
11367,25.85753439928986,25.906042,train
14754,16.314170769820958,16.564182,train
13411,42.58610637454368,41.591198,train
18025,89.42090092796712,89.40554,train
10652,75.24982629334554,75.04032,train
8267,25.51278413365878,25.587753,train
870,11.747596709247082,11.700321,train
13638,84.47098482884549,85.11802,train
3653,59.89579766367838,59.74788,train
10790,49.09810003248252,48.962776,train
6422,38.91834885517143,39.044918,train
17772,28.80702918062262,29.683495,train
17926,118.62582953904092,118.552055,train
14071,26.936990316598862,28.107843,train
14250,35.06929068218894,35.19774,train
8861,51.56721782835394,51.23289,train
19109,24.782599128301666,24.57107,train
18291,110.67568302020096,110.057396,train
4546,13.53610473193936,13.552571,train
13949,49.2822347368218,49.56965,train
11183,29.77075417333722,29.798998,train
16924,14.865809293936342,15.017814,train
11636,96.6886854171183,97.34667,train
10095,126.44708143304572,126.37083,train
13951,49.2822347368218,49.71359,train
10732,42.30778972867124,42.973534,train
13629,88.28473895319611,88.502556,train
13552,55.99893434087522,56.289482,train
9079,85.2707950135868,85.42634,train
16996,28.753615695926324,29.274353,train
5507,19.28254456595652,19.265215,train
3648,55.1604052272772,55.343235,train
17056,53.62497940433934,53.821316,train
3288,50.04341124314785,50.090683,train
10903,50.09922712517202,50.317818,train
16413,55.61817953038767,56.411057,train
13278,103.23350357813172,102.9583,train
19146,38.13815414182142,36.797302,train
14585,23.053352899871395,23.087055,train
17017,35.43032585388161,35.61477,train
11774,72.34090204261534,72.20889,train
8812,45.5844800104469,46.247017,train
11578,54.343834943578464,55.148987,train
17314,15.49099131419465,14.113832,train
6640,19.628813853406385,18.9929,train
13665,76.86032352211669,76.2064,train
2278,25.857534399290905,25.88882,train
13233,134.16905500217058,134.99236,train
3128,3.624115801788345,3.5554862,train
6205,97.47338258073955,97.77398,train
1195,3.328531319289431,3.337573,train
10977,56.716123866601365,55.692997,train
17715,19.038942421022504,18.99546,train
5072,102.11244006090304,102.04017,train
13355,92.69393389813976,92.91073,train
5632,65.47137652330578,65.6363,train
2403,36.94310571922444,37.103745,train
18781,38.33307963061296,38.655262,train
15703,55.89167516914279,55.912247,train
12922,58.991170602037386,58.687656,train
17618,47.383642487349135,47.06955,train
2945,19.89991539202705,20.361694,train
9969,16.25018195930533,16.393354,train
12847,65.44228559506357,65.57358,train
6139,109.30466743726038,109.53553,train
11863,107.7381594436571,108.07414,train
14172,47.10789941727601,47.199505,train
15289,85.2707950135868,85.20478,train
11614,70.13557868690133,70.13306,train
10116,104.48871564383238,104.20133,train
12797,71.34845173855356,71.13036,train
7185,152.8177784761153,152.18251,train
12933,60.19466070864491,59.658382,train
8312,49.5370430474446,49.54989,train
16824,90.5009001330304,90.4093,train
18098,25.32142942667775,25.48799,train
2782,26.320863792397155,26.571913,train
6314,37.34804120151974,36.99861,train
9394,79.86598582053819,79.537834,train
1993,19.628813853406385,19.09317,train
4870,3.328531319289431,3.337573,train
12368,76.00671399435468,75.98608,train
5422,53.62497940433934,54.45936,train
12327,71.5126952436544,71.75498,train
18681,13.338584715915395,13.272824,train
12742,44.66517096340306,44.682747,train
1255,11.384421137066337,11.406518,train
4313,166.17853479893557,165.79326,train
14532,90.86910077663212,90.90584,train
6892,58.132094825297145,58.222706,train
14001,16.251795051003693,16.62525,train
4496,5.227697523949966,5.272317,train
18936,94.77176287098274,94.94105,train
9543,101.3171290408814,100.92993,train
5905,59.37382867606714,59.276783,train
1813,16.125116344342604,16.152843,train
3060,48.96526861625701,48.844254,train
8588,9.570229866524786,9.544644,train
10976,56.716123866601365,56.248188,train
183,83.53755060546071,83.712326,train
17462,67.80500732074917,68.280266,train
1500,109.30466743726038,109.41189,train
8837,47.53432583996549,47.704937,train
18024,89.42090092796712,89.45764,train
5150,72.2932084702675,72.26428,train
9499,84.60291252746008,84.53053,train
10571,35.46372651810452,36.083736,train
5764,70.8890994699993,70.86296,train
13739,77.52447914202958,77.05226,train
7751,68.41269006792136,68.85857,train
9944,12.681740297286362,12.773219,train
12291,75.33592393483191,74.9931,train
19206,67.80500732074917,67.29504,train
13446,34.767713483007924,35.301582,train
11499,46.16640159983851,46.72326,train
13591,111.93267880814516,112.22012,train
13554,55.99893434087522,56.29941,train
6915,60.19466070864491,60.24122,train
8527,74.77670776968412,74.97292,train
5256,12.124975352206752,12.266352,train
13077,69.8994010800787,69.48715,train
4644,49.0086224925457,49.087788,train
6651,21.77517690158367,22.502514,train
9472,78.17671644727096,78.15069,train
15901,91.48002635649718,91.5194,train
128,72.80691569376819,73.067406,train
11749,69.70696214856945,69.69573,train
10094,126.44708143304572,126.33544,train
14559,18.448270263304188,18.330679,train
12337,71.91030133184738,72.09688,train
18616,80.66666767817155,80.779205,train
12646,36.99469593104042,36.881283,train
2202,6.750079908713624,6.840165,train
759,43.29863673312664,43.32351,train
5574,39.33748405428104,38.78571,train
806,3.624115801788345,3.5554862,train
9686,84.52419181559287,84.43614,train
8418,39.53055859179817,39.770218,train
16709,180.7969094795742,179.7511,train
18473,115.23290406090766,115.58454,train
14014,17.633485569278523,17.690489,train
10494,17.650012712740526,17.739468,train
1242,9.499438230882436,9.501294,train
18630,84.52419181559287,84.67955,train
5272,12.885025212225244,13.076222,train
13767,84.17406753255614,84.03929,train
3424,92.03325910726882,91.775276,train
1027,166.17853479893557,165.72346,train
6121,117.68636585320668,117.18843,train
1726,38.10425093875088,38.1061,train
2677,73.22704486211128,73.32753,train
16053,33.717244930192976,33.68749,train
16367,48.45410543881178,48.643223,train
12737,44.66517096340306,44.112896,train
2713,80.25361829662151,80.34896,train
7641,28.550776752841173,29.616322,train
12321,71.63339382759735,71.76834,train
5265,12.885025212225244,12.936545,train
4678,19.89991539202705,19.687115,train
2993,28.678520203607828,28.492159,train
15780,111.6113573414681,111.87398,train
4849,72.52135855398946,72.461945,train
14750,16.314170769820958,16.05713,train
8760,56.75820297103196,56.87917,train
15220,84.38693654155693,84.360466,train
1160,98.65596999066533,98.7753,train
13667,76.86032352211669,76.83935,train
13343,92.14301126701253,92.18855,train
10373,52.38623850151688,52.59236,train
15592,11.473018356565088,11.504866,train
12408,86.00802491357506,85.94431,train
11554,49.29258108243957,49.07658,train
18187,48.84238573144443,48.51808,train
17014,35.43032585388161,35.67125,train
11500,46.16640159983851,45.897114,train
11409,44.21359478458911,44.378242,train
17225,89.25950270069107,89.17224,train
14303,47.982575358036456,47.91816,train
16542,98.11718222077316,98.85125,train
3936,26.320863792397155,26.792545,train
6685,32.289249758728964,32.269215,train
13581,71.34845173855356,71.53565,train
14575,21.429473611547053,21.170357,train
3809,46.20624283129268,46.774155,train
10762,45.14459234822735,45.204666,train
17067,59.31238391810723,59.60877,train
2756,24.63527893831387,24.782763,train
10553,32.289249758728964,31.966667,train
5612,53.62497940433934,54.45936,train
898,19.20192266480916,19.17752,train
15386,75.33592393483191,75.525085,train
8145,2.618505311135724,2.653271,train
16100,62.85838899590023,62.84564,train
12652,36.99469593104042,37.046165,train
6575,64.95566127753861,64.5984,train
14213,35.5258604479491,35.74957,train
9142,21.429473611547053,21.36858,train
2393,36.210240125305205,36.216503,train
17431,51.441846041956246,51.725098,train
2036,29.34578260289036,29.154867,train
10716,42.41210118412853,41.768677,train
14579,21.429473611547053,21.335878,train
2561,107.5602418843858,107.8424,train
18180,44.597910972306806,44.442574,train
7121,71.78670881619587,71.33306,train
5468,13.792313484057486,13.746577,train
16874,90.79293338634857,90.51821,train
5868,68.70638879452079,68.73118,train
4240,53.62497940433934,53.173378,train
16731,137.09122808053337,136.86552,train
5423,59.31238391810723,58.548344,train
4096,12.885025212225244,12.6950865,train
9522,115.23290406090766,115.42794,train
7029,90.56896135270873,89.90529,train
2232,11.747596709247082,11.700321,train
107,71.63339382759392,71.90522,train
12528,46.20624283129268,45.841118,train
6168,101.86758015295236,101.8043,train
18569,78.04583599126548,78.22202,train
9273,57.39162304208823,57.267326,train
12495,39.53055859179817,39.770218,train
14361,71.34845173855356,71.64951,train
1537,100.48928695862324,100.37664,train
17076,65.47137652330578,65.52326,train
3914,24.74816706908628,25.118334,train
15982,11.473018356565088,11.504866,train
5734,71.91197889308408,72.10146,train
18818,57.62164698064543,57.183353,train
13290,99.73165781686828,99.848915,train
1735,43.29863673312746,43.32351,train
10850,71.55151215670094,71.93672,train
3583,32.289249758728964,32.24854,train
5901,59.37382867606714,59.63759,train
3473,89.98590815117426,89.80912,train
18449,89.77171705634251,90.33795,train
8984,94.86192637572438,94.93089,train
843,8.180433892801254,7.958251,train
16598,71.91197889308408,72.08683,train
16119,102.11244006090304,101.86663,train
8041,35.46372651810452,35.38315,train
5101,84.82941053361527,84.97708,train
2785,26.320863792397155,26.608229,train
10711,43.06499944176368,43.76554,train
9177,26.657804872047155,26.38416,train
14493,90.34178504057668,90.32097,train
7249,79.88545352007381,79.40412,train
4750,33.2646262088608,32.90869,train
4924,9.499438230882436,9.494648,train
947,38.91593697359398,38.8597,train
18320,91.2397572047843,91.48173,train
14246,35.06929068218894,34.784508,train
13025,81.59299887306369,81.10983,train
10523,24.10159309622668,24.006054,train
2920,80.57929170551442,80.33008,train
11513,45.5844800104469,45.90247,train
4156,21.22276810141124,21.393372,train
11976,79.27542778284148,79.23237,train
15348,89.57234360169679,90.51494,train
9419,76.50234292040042,76.51086,train
9291,67.18811819694348,67.03688,train
15759,137.09122808053337,136.92966,train
1745,49.0086224925457,48.99863,train
14186,42.58610637454368,42.76089,train
13447,34.767713483007924,34.65178,train
9705,7.349844286016002,7.539524,train
9266,53.00734926713273,53.21536,train
160,78.2395703036289,78.3705,train
3113,72.52135855398946,72.65872,train
2507,64.95566127753861,64.730225,train
16069,43.749455725793766,43.75151,train
11998,82.46105591073804,82.36465,train
6745,55.1604052272772,54.727066,train
2899,69.52453059841163,69.11304,train
15440,71.91030133184738,72.269485,train
2772,25.32142942667775,24.696255,train
9575,87.37869480347202,87.06878,train
5310,17.59043680885926,17.507889,train
6496,39.53055859179817,39.37323,train
13515,44.66517096340306,44.848648,train
5016,43.29863673312746,43.32351,train
6498,39.53055859179817,39.006973,train
15034,99.73165781686828,99.86782,train
15270,84.01038592956453,84.29335,train
1410,179.04708701101467,179.63187,train
1958,65.47137652330578,66.05081,train
8109,64.87166628595628,65.06281,train
1606,5.227697523949966,5.272317,train
7991,21.77517690158367,21.66864,train
14648,35.87508543765299,35.569183,train
6060,166.17853479893557,166.19731,train
9429,75.72806675637788,76.04069,train
13221,143.8247661167656,144.64229,train
2269,22.34386956684365,22.653292,train
15861,89.25950270069107,89.2863,train
14593,23.053352899871395,23.162304,train
4391,109.30466743726038,109.53553,train
3784,41.380738858681696,41.368233,train
7445,30.8733631927149,30.661623,train
8867,54.343834943578464,53.88947,train
17857,69.92772157818914,69.78622,train
3609,38.88107047950797,39.163994,train
7203,119.357920662184,119.43574,train
233,58.69889415199623,57.923138,train
13463,34.635546819221005,35.047546,train
665,11.384421137066337,11.406518,train
5869,65.44228559506357,65.57358,train
9438,75.52912062238612,75.97275,train
10209,82.69911139745801,82.823616,train
5790,75.16417987128504,75.153275,train
13354,92.24483243250832,92.28539,train
9610,78.70967419713557,78.59857,train
16915,13.792313484057486,13.936187,train
8326,55.89167516914279,55.912247,train
10149,91.2397572047843,91.5521,train
10027,34.1577503463269,34.402786,train
7013,107.5602418843858,107.36626,train
8299,43.749455725793766,43.75151,train
12450,35.919888386123255,35.99476,train
4648,55.27187238699012,55.278023,train
5942,58.991170602037386,59.055454,train
11250,2.9065837811274826,2.9311738,train
15464,74.18155972707093,73.886406,train
6411,80.57929170551442,80.605316,train
2132,64.87166628595628,65.460014,train
4300,179.04708701101467,178.2714,train
19006,90.55535075755104,90.64807,train
1857,23.43298254652068,23.316029,train
3620,46.48566476712182,46.01385,train
1569,97.47338258073955,97.61555,train
15398,73.5169788308657,73.16964,train
12310,72.29320847026757,72.286835,train
16218,71.5126952436544,71.758125,train
7970,17.650012712740526,17.739468,train
14045,22.19104778233357,21.602694,train
14498,89.76736722751878,89.46158,train
9278,57.39162304208823,57.483162,train
8920,75.02114224725477,74.55892,train
12488,38.05130976592272,38.076023,train
9912,8.967662639453113,8.883436,train
19412,83.55792357754082,83.68831,train
9974,18.42630454709299,18.395967,train
15175,99.25129745411776,98.68535,train
8884,57.60964815073893,58.149532,train
992,230.9901536612257,230.94298,train
16584,76.30367359186545,76.09723,train
7105,70.5776831156227,70.71987,train
88,72.2932084702675,72.58755,train
12387,80.80332043496728,80.92055,train
16423,58.10615179076552,59.271442,train
8787,47.46331387653679,47.08021,train
17319,15.49099131419465,15.514318,train
8840,47.53432583996549,47.51336,train
10733,42.30778972867124,43.091778,train
4377,113.1117727502116,113.187515,train
13678,75.46351541383811,75.401924,train
4050,69.52453059841163,69.08618,train
6153,103.745126530115,103.663345,train
12125,79.9470355349353,79.85368,train
12433,37.38629228613615,37.735985,train
9008,88.31993375128738,88.63529,train
17451,62.03409074627981,62.25133,train
5547,28.753615695926324,28.883059,train
18028,89.98590815117426,90.16503,train
12930,60.19466070864491,60.127243,train
580,98.65596999066533,98.667496,train
1468,123.0978685654898,123.125114,train
2781,26.320863792397155,26.530876,train
8253,22.019205815790663,22.058369,train
5814,80.25361829662151,80.42686,train
11919,81.78283210079856,81.68289,train
3406,97.23410613085656,96.943306,train
16606,70.8998858391393,71.02412,train
19339,56.716123866601365,56.034,train
10293,55.4430882998278,55.27653,train
13087,69.14676947161414,68.9335,train
12510,41.380738858681696,41.239166,train
16967,21.22276810141124,21.716677,train
5346,25.935608876074404,26.077414,train
11054,2.9065837811274826,2.9311738,train
8314,49.5370430474446,49.54989,train
18939,94.77176287098274,94.58596,train
6540,49.19054255336955,48.601173,train
10305,52.99398689569749,52.792976,train
5284,14.865809293936342,14.78712,train
4753,33.2646262088608,33.4774,train
18248,80.57929170551442,80.2765,train
10756,43.79476634692401,43.007854,train
19318,52.38623850151688,51.94242,train
8892,61.34974693767026,61.229824,train
535,103.745126530115,104.04039,train
17384,34.36019909387007,32.846653,train
2503,64.95566127753861,65.08615,train
13371,93.28231569539822,92.869606,train
9671,82.46105591073825,82.49219,train
4204,35.43032585388161,35.027885,train
1126,103.745126530115,103.77767,train
14822,22.19104778233357,22.698694,train
5283,14.865809293936342,14.746195,train
19345,59.57543179697275,59.95083,train
90,72.2932084702675,72.39271,train
5033,49.0086224925457,48.99863,train
10369,50.93322091321282,51.13534,train
17496,17.141358034855276,17.1701,train
5462,12.885025212225244,13.076222,train
6641,19.628813853406385,20.375645,train
6565,60.456358375515045,60.70138,train
4393,109.30466743726038,109.25093,train
9509,134.13491032325388,133.94725,train
3815,49.19054255336985,48.728607,train
17268,91.48002635650002,91.41668,train
2127,64.87166628595628,64.78542,train
9612,78.70967419713557,78.65374,train
821,4.491537072359547,4.575762,train
11653,85.80236635218084,85.18611,train
16489,79.40102080305233,79.428764,train
16815,92.03325910726882,91.722984,train
993,211.02994799979388,210.91116,train
2650,70.5776831156227,70.774796,train
16018,18.89411765969292,18.911312,train
10707,43.06499944176368,43.02529,train
2521,69.76848318728358,69.955,train
14805,20.33936974007777,19.242643,train
346,59.349496697382925,59.769276,train
16745,127.03771421016312,126.865456,train
17492,16.57780018172115,16.585636,train
94,72.2932084702675,72.22058,train
1571,97.47338258073955,97.43926,train
8,110.28871787139632,109.874466,train
8943,117.94057501366258,118.28546,train
18922,101.40176125573278,101.758736,train
16177,75.33592393483191,75.35051,train
7945,84.60291252746202,84.511925,train
18841,182.32680590471207,182.47365,train
15751,137.09122808053337,136.86552,train
7194,134.14502085001527,134.98625,train
5038,55.27187238699012,55.278023,train
15783,111.6113573414681,111.53779,train
10999,62.87797862213373,63.04809,train
11022,75.03655084716752,75.17239,train
3724,35.919888386123255,35.81475,train
10035,38.44992203777068,38.718323,train
10160,88.31993375128738,88.05317,train
6412,80.57929170551442,80.58931,train
7170,83.09935595306658,83.01747,train
10543,29.34578260289036,29.122139,train
13980,16.314170769820958,16.593855,train
11948,78.04583599126548,78.285164,train
11357,22.34386956684365,22.653292,train
5880,62.82498618409738,62.69338,train
18483,107.7381594436571,107.70457,train
12807,89.61281744144841,89.87144,train
571,99.4907361299304,99.470345,train
12700,36.02701366128638,35.543293,train
7329,73.22704486211002,73.09905,train
9737,10.014648675893918,10.074831,train
12253,89.57234360169679,90.08694,train
6140,109.30466743726038,109.41189,train
15925,3.3460458597073703,3.458318,train
2575,98.11718222077316,98.761,train
7159,80.25361829662151,80.26228,train
15254,82.69911139745801,82.79339,train
14626,30.8733631927149,31.074734,train
2596,84.57638463785023,84.900795,train
12176,79.27542778284364,79.4509,train
9704,7.349844286016002,7.6070423,train
7540,62.1233802776967,62.427353,train
15681,43.749455725793766,43.75151,train
14789,17.633485569278523,17.328701,train
5553,31.91051408188231,31.365007,train
5822,83.09935595306658,83.122765,train
8039,35.46372651810452,35.441875,train
18383,82.69911139745801,82.88634,train
831,5.527128574206158,5.699221,train
5156,71.63339382759392,71.643654,train
9463,78.17671644727096,77.77202,train
15778,118.62582953904092,118.552055,train
18324,91.2397572047843,91.32287,train
3941,27.727713592149392,27.771503,train
9502,84.60291252746008,84.64862,train
13609,98.2154014561832,97.88054,train
917,25.857534399290905,25.88882,train
17367,27.698995930992588,27.634731,train
7100,70.5776831156227,70.894135,train
4385,109.30466743726038,109.68506,train
11262,4.491537072359547,4.313355,train
17031,43.65657505930208,43.346443,train
14857,33.159238156410005,32.202316,train
15292,86.82293470300802,86.90006,train
14084,33.159238156410005,32.202316,train
10041,43.186882593766825,42.285255,train
5250,86.00802491357565,86.0168,train
9621,78.04583599126548,78.17756,train
12508,41.380738858681696,41.55864,train
3439,90.5009001330304,90.60762,train
12632,42.58610637454368,42.071457,train
11216,44.21359478458822,44.129055,train
14272,39.410668208964985,39.520985,train
10806,54.79280587614715,55.265648,train
17614,47.383642487349135,46.387318,train
17485,16.57780018172115,16.613422,train
7036,90.56896135270873,90.05583,train
17309,13.681305189167857,14.229206,train
6291,29.533535528411715,29.8967,train
963,50.04341124314785,50.090683,train
12768,55.99893434087522,55.858517,train
588,97.47338258073955,97.69518,train
5348,25.935608876074404,25.806873,train
336,56.80098396250919,57.142536,train
4185,28.753615695926324,28.785961,train
15380,77.79019270718537,77.67626,train
17207,90.5009001330304,90.451935,train
9047,82.74203335367166,82.94106,train
8603,11.473018356565088,11.504866,train
16058,33.717244930192976,33.68749,train
12753,47.982575358036456,48.109764,train
9474,80.03415155888028,80.11307,train
9130,19.89991539202705,19.742804,train
7700,44.47167879893512,44.97479,train
2026,26.620833128631787,26.35618,train
10898,51.23740717945918,51.189087,train
1185,2.606366123918593,2.6254888,train
519,109.30466743726038,109.53553,train
3520,17.650012712740526,17.231766,train
4801,48.96526861625701,48.997658,train
7099,70.5776831156227,70.668846,train
10513,21.77517690158367,21.691452,train
17397,38.13815414182142,37.775795,train
386,73.97103175765946,74.66866,train
950,38.91593697359398,38.960907,train
12435,36.41164086407028,36.635117,train
12857,62.82498618409738,62.84416,train
8005,24.10159309622668,24.028494,train
16773,105.8033985466063,105.98187,train
8268,29.402411149110645,29.427898,train
3551,24.10159309622668,24.006054,train
274,51.5337561017549,51.60993,train
12261,84.82941053361527,84.88547,train
1247,9.499438230882436,9.494648,train
4685,21.429473611547053,21.170357,train
17156,105.8033985466063,106.009544,train
8592,9.570229866524786,9.544644,train
12866,60.81262844049596,61.323257,train
2069,38.88107047950797,38.705265,train
11760,70.8035239631433,70.74818,train
2769,25.32142942667775,25.34477,train
8053,38.88107047950797,38.964993,train
13567,65.83077308186866,65.8657,train
5815,80.25361829662151,80.41153,train
18685,13.338584715915395,14.196164,train
4731,28.678520203607828,28.492159,train
5578,39.33748405428104,39.45302,train
524,106.2025558056929,106.11767,train
13132,70.8035239631433,70.86445,train
5045,62.12878854692645,62.12984,train
7766,124.5037870661705,124.49477,train
9386,82.51266906756706,82.45796,train
18093,24.74816706908628,23.912361,train
2040,29.34578260289036,29.353964,train
17969,94.254909093602,94.163414,train
5132,75.33592393483191,75.82906,train
1661,13.53610473193936,13.554237,train
4124,16.125116344342604,16.031952,train
18391,83.13470642646298,83.176704,train
10837,66.72644865783289,66.50544,train
7360,80.25361829662114,80.41153,train
16608,70.8998858391393,70.98921,train
15091,92.24483243250832,92.40382,train
4652,55.27187238699012,55.28068,train
5443,12.124975352206752,12.11107,train
12990,77.7528643276994,77.92446,train
4275,230.9901536612257,231.16154,train
1734,43.29863673312746,43.32351,train
6113,117.68636585320668,117.69805,train
7371,83.09935595306598,83.34552,train
15425,71.63339382759735,71.90522,train
17315,15.49099131419465,14.578431,train
8214,11.473018356565088,11.504866,train
1547,99.4907361299304,99.4891,train
10005,26.79723709025756,26.5681,train
3981,37.34804120151974,36.99861,train
6568,60.456358375515045,60.117332,train
4010,48.84238573144443,48.51808,train
3651,59.89579766367838,59.787968,train
1295,21.824079935423136,21.884987,train
1135,101.86758015295236,101.677895,train
10876,55.4430882998278,54.925926,train
9298,67.18811819694348,67.280075,train
3953,29.533535528411715,29.410362,train
9440,75.52912062238612,75.780846,train
16929,16.125116344342604,16.152843,train
8910,70.13557868690133,70.24707,train
12217,86.49796272771329,86.373665,train
3978,34.339930274970904,34.349236,train
16849,89.42090092796712,89.54614,train
15119,93.50643630226388,93.84809,train
7770,124.5037870661705,124.490326,train
8736,78.77344906209804,79.09534,train
14737,72.52135855398811,72.434395,train
18129,29.533535528411715,29.471075,train
6935,64.1404088665598,64.31583,train
11701,71.14396606839321,71.16427,train
5253,12.124975352206752,12.11107,train
15404,73.5169788308657,73.733894,train
18280,117.94057501366258,117.92048,train
16517,134.14502085001388,133.89389,train
18247,80.57929170551442,80.373856,train
13229,134.16905500217058,134.25824,train
46,84.82941053361527,84.97708,train
2143,75.24982629334554,75.04032,train
1517,103.745126530115,103.55273,train
2445,43.604537301970495,44.41009,train
4646,55.27187238699012,55.278023,train
2053,35.46372651810452,35.574043,train
11179,25.857534399290905,25.906042,train
11902,84.24741541524314,84.242134,train
12334,71.5126952436544,71.75609,train
18517,87.37869480347202,87.57535,train
6714,42.55205181960314,42.24262,train
15827,94.254909093602,94.187965,train
14477,91.48707426187316,90.906784,train
10194,82.74203335367166,82.998146,train
5676,98.11718222077316,98.77677,train
15978,9.570229866524786,9.544644,train
17082,201.78551544430667,202.7263,train
19341,56.716123866601365,55.692997,train
8794,47.46331387653679,48.185844,train
15047,94.85645482862957,95.082115,train
11310,9.839051198642553,10.28264,train
8247,18.89411765969292,18.911312,train
7023,98.11718222077316,98.941765,train
240,55.95115332265876,55.097607,train
2971,24.789633367188944,24.168653,train
11590,61.34974693767026,61.029438,train
13693,74.22415281450986,73.93469,train
4056,69.52453059841163,69.67708,train
3985,37.34804120151974,36.92004,train
3785,41.380738858681696,41.239166,train
1884,31.91051408188231,31.408974,train
7744,68.41269006792136,67.78878,train
2728,26.05871153969042,25.880089,train
2665,70.8890994699993,70.8547,train
11002,66.59566485208973,66.640465,train
9354,94.83357335355618,95.03857,train
3558,24.10159309622668,24.587608,train
1017,179.04708701101467,178.51353,train
4351,129.4267602168825,129.40521,train
1465,123.0978685654898,123.10715,train
238,55.95115332265876,55.15833,train
5660,107.5602418843858,107.906364,train
15142,126.44708143304572,126.37083,train
16311,52.53979191594191,52.534775,train
1016,179.04708701101467,178.4978,train
13197,183.50675596781025,182.8204,train
18768,34.52159133738391,33.516758,train
17265,91.48002635650002,91.4776,train
7585,24.456458411821725,24.343594,train
7457,33.2646262088608,32.90869,train
13311,94.85645482862957,94.53319,train
14537,91.77117363602072,91.79719,train
4695,23.053352899871395,23.087055,train
10620,55.1604052272772,55.343235,train
181,83.53755060546071,83.72428,train
3089,62.1233802776967,62.079464,train
2606,79.88545352007553,79.67848,train
4232,48.41170998900376,48.098736,train
3927,25.32142942667775,25.06624,train
16621,70.5776831156227,70.82818,train
3741,36.210240125305205,36.509556,train
1740,43.29863673312746,43.32351,train
6248,24.74816706908628,25.012293,train
7930,82.25512726841278,82.29847,train
10200,82.74203335367166,82.941826,train
12658,35.5258604479491,35.473278,train
6406,80.57929170551442,80.33008,train
18721,20.307928329934253,20.038963,train
14700,53.00734926713273,52.871582,train
1812,14.865809293936342,15.172736,train
8922,75.02114224725477,75.10975,train
15881,89.98590815117426,90.14487,train
459,145.24040847801632,145.55476,train
13418,39.2928079640545,39.204033,train
10717,42.41210118412853,41.732918,train
10831,62.29899679862298,62.731915,train
11825,85.05997393992781,84.99655,train
6547,52.561077422993925,52.313,train
5855,72.67230242637233,72.71689,train
2858,48.84238573144443,48.735832,train
687,15.977335233233198,16.013798,train
17118,137.09122808053337,136.63506,train
5958,61.911697819840086,61.83941,train
7290,70.89988583913944,70.881584,train
789,62.12878854692645,62.113365,train
15483,78.23957030362628,77.87895,train
17920,118.62582953904092,118.775085,train
16468,71.35912677124634,70.91443,train
1688,21.824079935423136,21.875692,train
10843,71.55151215670094,70.14021,train
15401,73.5169788308657,73.28286,train
15853,89.59649952596679,89.86429,train
8021,29.34578260289036,29.154867,train
16641,71.78670881619587,71.537415,train
11082,5.527128574206158,5.477246,train
18574,78.04583599126548,78.26509,train
12664,35.5258604479491,36.209087,train
19374,66.59566485208973,67.10539,train
12826,77.41176032874927,77.68883,train
12393,80.80332043496728,80.63234,train
2055,35.46372651810452,35.319714,train
19235,55.4430882998278,55.305332,train
8737,69.43701604268931,70.315475,train
16025,22.019205815790663,22.058369,train
14551,92.33570202451632,92.280464,train
5702,79.88545352007553,79.181435,train
14181,47.10789941727601,47.81516,train
4724,26.657804872047155,27.018375,train
613,4.196221297202333,4.204997,train
17827,52.35653033478938,52.014236,train
15039,96.9560797736986,96.80188,train
8517,69.76848318728075,70.11996,train
6741,50.68801501365044,50.662483,train
2348,38.91834885517143,38.802532,train
9950,14.34267649792701,13.38856,train
19016,91.1828236948467,91.29352,train
10882,52.99398689569749,53.07264,train
6497,39.53055859179817,39.18309,train
13682,74.59089711105786,74.83204,train
12605,53.18976182780735,53.43904,train
10763,45.14459234822735,44.926216,train
16183,75.33592393483191,75.49979,train
9371,89.93891881356173,89.634964,train
15595,11.473018356565088,11.504866,train
12092,87.37869480347202,87.34752,train
3410,94.254909093602,94.646324,train
332,56.80098396250919,55.930862,train
1674,18.731792724897712,18.767061,train
11812,82.2895007905107,82.16171,train
6256,25.32142942667775,25.50113,train
7711,48.45056948106192,49.326344,train
12445,35.919888386123255,36.362762,train
1476,117.68636585320668,117.87919,train
14103,40.96669871801392,40.355637,train
16571,79.88545352007553,79.181435,train
16583,76.30367359186545,76.35657,train
7020,98.11718222077316,99.02248,train
10143,91.2397572047843,91.48173,train
778,55.271872386990935,55.278023,train
8540,3.3460458597073703,3.3082185,train
8183,6.4852329987035695,6.548349,train
6851,62.82498618409738,62.918797,train
13778,86.46661268195652,86.57641,train
10796,51.72251594763205,51.47953,train
12708,37.48026356057577,37.41517,train
5375,35.43032585388161,35.040043,train
13627,88.28473895319611,88.93388,train
6996,134.14502085001388,134.48672,train
9265,53.00734926713273,53.26366,train
1994,19.628813853406385,19.577816,train
100,71.63339382759392,72.038445,train
4444,99.4907361299304,99.69014,train
11814,82.2895007905107,82.452675,train
9297,67.18811819694348,67.480255,train
19261,51.23740717945918,51.246975,train
9510,134.13491032325388,134.0322,train
10193,82.74203335367166,82.72176,train
6901,58.30263960140757,58.21196,train
9674,82.46105591073825,82.2178,train
19040,10.57203228982024,10.676369,train
5022,43.29863673312746,43.32351,train
13331,92.49987338269456,92.76344,train
11532,46.3112758194042,46.187065,train
7997,21.77517690158367,22.49567,train
13483,36.02701366128638,35.933838,train
10239,85.2707950135868,85.25093,train
11768,72.34090204261534,72.15303,train
18561,78.70967419713557,78.80378,train
1311,29.12596598702036,29.158512,train
918,25.857534399290905,25.88882,train
7456,33.2646262088608,33.010788,train
7529,57.39162304208823,57.528656,train
18923,101.40176125573278,101.435074,train
8701,49.5370430474446,49.54989,train
8521,74.77670776968412,74.560074,train
8249,22.019205815790663,22.058369,train
6876,58.48566458724775,58.36576,train
17125,137.09122808053337,137.42148,train
2501,60.456358375515045,60.66006,train
1652,11.384421137066337,11.406518,train
12034,123.96214174002029,123.64265,train
18593,78.3521209153635,78.591446,train
3341,149.10252861042588,149.64711,train
17428,51.441846041956246,51.418,train
18832,63.547457434196325,63.9644,train
8055,38.88107047950797,39.215347,train
5008,38.10425093875088,38.1061,train
17267,91.48002635650002,91.44202,train
11534,46.3112758194042,46.56189,train
12305,72.29320847026757,72.58755,train
16698,201.78551544430667,202.36295,train
16147,84.82941053361527,85.02497,train
11226,50.04341124314785,50.090683,train
12659,35.5258604479491,35.192776,train
14749,16.314170769820958,16.35458,train
17159,105.8033985466063,105.67431,train
9081,85.2707950135868,85.32195,train
19213,67.80500732074917,68.258385,train
3968,31.73671877096429,32.08829,train
10624,59.89579766367838,59.736317,train
3570,29.34578260289036,28.680332,train
964,50.04341124314785,50.090683,train
17902,137.09122808053337,136.4398,train
18139,31.73671877096429,31.75106,train
3568,26.620833128631787,26.805857,train
10957,52.38623850151688,52.080532,train
1200,4.196221297202333,4.204997,train
4633,43.29863673312746,43.33353,train
2664,70.8890994699993,70.86296,train
10183,83.29477154332817,83.2359,train
16461,67.58928448046117,68.6454,train
8394,36.210240125305205,36.168213,train
7883,75.52912062238612,75.97275,train
4404,106.2025558056929,106.372086,train
19178,51.441846041956246,50.893345,train
16131,95.27995050133204,94.96428,train
4401,106.2025558056929,106.01326,train
16442,64.10443142186895,64.262505,train
10455,79.48504113105551,79.25935,train
10745,42.8512051051052,42.220325,train
11851,115.23290406090766,115.52235,train
14119,45.4925622387705,45.731796,train
12155,77.93378927116997,78.15958,train
19230,58.6937159884268,59.090645,train
8932,136.40586584491066,136.49716,train
11043,83.55792357754082,83.63183,train
17184,94.254909093602,94.646324,train
799,2.9065837811274826,2.9311738,train
1472,123.0978685654898,123.417656,train
910,22.34386956684365,22.653292,train
11847,115.23290406090766,115.707695,train
662,9.499438230882436,9.494648,train
9162,24.789633367188944,24.627636,train
16666,77.53876431170232,77.82569,train
7552,72.52135855398946,72.10385,train
18920,101.40176125573278,101.32827,train
7059,76.30367359186545,76.03541,train
6228,25.04050211213976,24.998835,train
8167,4.22054923341766,4.2420034,train
4168,23.43298254652068,23.769905,train
7926,80.03415155888104,80.123535,train
18217,63.896198456162885,63.65356,train
13346,92.24483243250832,92.32509,train
6332,40.76621946032643,41.439327,train
7875,75.72806675637788,75.913124,train
9304,72.52135855398946,72.88914,train
14145,61.55125893730588,61.027367,train
4971,21.824079935423136,21.875692,train
12653,36.99469593104042,37.19458,train
17666,16.20097931775689,16.375092,train
4938,13.53610473193936,13.554237,train
3622,46.48566476712182,46.471283,train
3623,46.48566476712182,46.393627,train
6003,73.76729204182922,73.74531,train
13104,69.0602255325774,69.31196,train
8718,62.85838899590023,62.84564,train
5775,71.78670881619587,71.41088,train
10480,14.147402430467531,14.554978,train
10300,55.4430882998278,54.71258,train
13602,104.53191002397112,104.53175,train
16287,83.53755060546025,83.69536,train
19292,49.49174784981139,50.42862,train
5196,74.18155972707108,74.10995,train
16518,134.14502085001388,134.69511,train
8615,13.645628914737031,13.686924,train
10337,49.52880914978266,49.738922,train
18737,25.122162434308752,23.419939,train
4277,230.9901536612257,230.94298,train
408,211.02994799979388,210.91116,train
11263,4.491537072359547,4.313355,train
10744,42.8512051051052,42.35427,train
4755,35.87508543765299,35.824696,train
13584,71.34845173855356,71.64951,train
5699,79.88545352007553,79.51024,train
4255,59.31238391810723,59.474895,train
6175,100.48928695862324,100.315636,train
10338,49.52880914978266,49.79529,train
17943,105.8033985466063,105.66557,train
12595,74.77670776968412,74.673744,train
14515,90.1171147731606,90.3554,train
10803,54.79280587614715,54.065807,train
8525,74.77670776968412,74.86002,train
14290,41.80739580968886,41.50992,train
402,230.9901536612257,230.904,train
9616,78.70967419713557,78.72463,train
10223,84.01038592956453,84.29335,train
12608,53.18976182780735,53.466965,train
7974,17.650012712740526,17.516367,train
4976,25.27984779576332,25.358246,train
5025,49.0086224925457,49.00694,train
2788,27.727713592149392,27.771503,train
13469,35.06929068218894,34.784508,train
14727,67.18811819694378,67.03688,train
8114,64.87166628595628,65.267845,train
15651,29.402411149110645,29.427898,train
17048,48.41170998900376,48.918404,train
2511,64.95566127753861,65.53842,train
5188,72.80691569376819,72.690605,train
1892,31.91051408188231,32.836407,train
17716,19.038942421022504,19.162354,train
8632,18.89411765969292,18.911312,train
3781,41.380738858681696,41.777615,train
4311,166.17853479893557,166.32353,train
9708,7.349844286016002,7.4775333,train
1989,17.650012712740526,17.516367,train
2849,44.597910972306806,44.814774,train
15706,62.85838899590023,62.84564,train
17629,52.35653033478938,51.98008,train
16897,12.124975352206752,12.284316,train
2186,5.527128574206158,5.477246,train
5429,59.31238391810723,59.238514,train
10585,42.55205181960314,42.253304,train
15700,55.89167516914279,55.912247,train
10812,58.31738655168958,58.29098,train
13885,24.534383850610403,23.855553,train
12897,58.132094825297145,58.280228,train
10366,50.93322091321282,50.6128,train
16439,60.937760889072194,61.055378,train
404,230.9901536612257,231.11429,train
5902,59.37382867606714,59.466618,train
2912,75.23466307522513,75.242134,train
16762,111.6113573414681,111.73234,train
8874,54.343834943578464,54.47914,train
13621,92.83718812970534,93.12226,train
14137,55.80060084695734,56.518192,train
3923,25.32142942667775,25.50113,train
3505,14.147402430467531,14.295524,train
12154,77.93378927116997,78.20328,train
16890,12.124975352206752,12.099515,train
15726,180.7969094795742,180.72,train
4737,30.8733631927149,30.794773,train
13083,69.14676947161414,69.34572,train
6758,59.89579766367838,59.539715,train
15988,11.473018356565088,11.504866,train
15188,94.86192637572438,95.19638,train
1558,98.65596999066533,98.6913,train
18955,92.49960703964835,92.57587,train
15799,101.0511292541869,100.61363,train
18520,87.37869480347202,87.34752,train
6820,72.67230242637233,72.76745,train
10520,21.77517690158367,22.502514,train
17003,31.91051408188231,32.172653,train
6586,69.76848318728358,69.49403,train
13036,78.081523194867,78.26173,train
19046,12.046394034663363,11.472749,train
9884,60.34709742131263,60.063057,train
15516,2.618505311135724,2.653271,train
11345,19.20192266480916,19.17752,train
7388,19.89991539202705,20.224514,train
6917,60.19466070864491,60.16122,train
10832,66.72644865783289,65.777176,train
4923,9.499438230882436,9.494648,train
5162,71.63339382759392,71.90522,train
18875,133.10289781802356,133.71014,train
6761,59.89579766367838,60.048542,train
15450,72.80691569376961,72.86628,train
10561,32.289249758728964,32.737614,train
255,53.87988875437848,54.25339,train
9915,8.967662639453113,8.931216,train
10868,58.6937159884268,57.76894,train
5619,59.31238391810723,59.238514,train
2285,29.77075417333722,29.798998,train
15842,90.5009001330304,90.451935,train
14241,34.635546819221005,34.87209,train
14955,155.05412004324748,155.5626,train
15379,77.79019270718537,77.20999,train
14751,16.314170769820958,15.863316,train
14089,33.159238156410005,33.516857,train
8320,55.89167516914279,55.912247,train
6767,64.87166628595628,64.78542,train
8936,126.44708143304572,126.63195,train
3758,36.94310571922444,37.37797,train
2328,50.04341124314785,50.090683,train
17539,22.02913768609874,22.401155,train
8583,7.914848156370223,7.931517,train
14072,29.8566124927783,29.082325,train
3340,149.10252861042588,148.74617,train
16573,79.88545352007553,79.40412,train
1329,38.10425093874939,38.1061,train
12517,43.604537301970495,44.41009,train
11222,50.04341124314785,50.090683,train
8570,6.4852329987035695,6.548349,train
15648,29.402411149110645,29.427898,train
3182,9.839051198642553,9.849857,train
17305,13.681305189167857,12.772778,train
2628,71.91197889308408,72.00297,train
15776,118.62582953904092,118.4772,train
6040,193.8751524679473,193.86566,train
568,99.4907361299304,99.28148,train
18164,37.34804120151974,37.618465,train
2421,38.05130976592272,37.98193,train
3615,42.55205181960314,42.27842,train
15674,38.48840493675039,38.530453,train
15302,88.48216304859169,88.42116,train
6600,74.77670776968583,74.86002,train
15878,89.42090092796712,89.591156,train
14051,22.19104778233357,22.601616,train
10314,51.23740717945918,51.019436,train
2542,134.14502085001388,133.73454,train
14604,24.789633367188944,25.71467,train
13376,93.50643630226388,93.94685,train
15756,137.09122808053337,136.89745,train
8099,59.89579766367838,59.787968,train
10849,71.55151215670094,72.16687,train
8752,62.25633543844163,61.056667,train
18387,82.69911139745801,82.98484,train
2982,26.657804872047155,25.771996,train
14344,65.83077308186866,65.8657,train
5879,62.82498618409738,62.84416,train
3753,36.94310571922444,37.0108,train
12016,86.49796272771187,86.36441,train
5558,31.91051408188231,32.067623,train
8118,70.03363402017787,69.93388,train
2541,134.14502085001388,134.3781,train
4980,25.27984779576332,25.35617,train
8589,9.570229866524786,9.544644,train
4139,17.59043680885926,18.171888,train
14428,107.32601858936177,107.87624,train
6504,41.380738858681696,41.777615,train
11545,47.53432583996549,47.223408,train
5092,89.57234360169679,89.83119,train
609,3.328531319289431,3.337573,train
17541,22.02913768609874,22.685673,train
4024,53.49135176226452,53.473824,train
15221,84.38693654155693,84.152534,train
5052,62.12878854692645,62.113365,train
2572,98.11718222077316,98.941765,train
8705,49.5370430474446,49.54989,train
9792,20.89376771053955,20.697681,train
15789,105.8033985466063,106.22171,train
4477,3.328531319289431,3.337573,train
14552,92.33570202451632,92.280464,train
15075,92.49987338269456,92.64962,train
1206,4.196221297202333,4.204997,train
3889,26.05871153969042,26.1219,train
7665,34.88593569122836,34.311977,train
15448,72.80691569376961,73.05463,train
13277,103.23350357813172,102.69672,train
9301,72.52135855398946,72.434395,train
342,59.349496697382925,59.451405,train
2883,58.5236929318425,58.83639,train
10912,49.52880914978266,49.879025,train
12427,37.38629228613615,37.3598,train
7501,45.250987390322535,45.631325,train
17559,26.22042757385485,25.818317,train
8596,9.570229866524786,9.544644,train
13656,78.80500521273352,78.16793,train
9412,77.87315181130059,77.541916,train
12370,76.00671399435468,75.69106,train
18637,86.49796272771329,86.45653,train
10167,86.04998768751986,85.821434,train
3776,39.53055859179817,39.215645,train
19310,50.93322091321282,50.582233,train
10678,47.57393441184789,48.84634,train
2292,29.77075417333722,29.798998,train
3722,35.919888386123255,35.66714,train
16938,16.125116344342604,16.189238,train
3291,50.04341124314785,50.090683,train
13570,65.83077308186866,66.01965,train
5303,17.59043680885926,17.341724,train
7999,24.10159309622668,24.006054,train
4654,55.27187238699012,55.28068,train
18979,89.35596223722666,89.519875,train
13007,90.79649380247676,91.07036,train
1539,100.48928695862324,100.06241,train
14046,22.19104778233357,22.036394,train
13600,104.53191002397112,104.36749,train
16662,75.16417987128504,75.17789,train
10975,56.716123866601365,56.034,train
11371,29.77075417333618,29.736755,train
4317,154.98431615588598,154.82565,train
13482,36.02701366128638,35.709534,train
12519,43.604537301970495,43.09607,train
4707,24.789633367188944,24.697615,train
10586,42.55205181960314,42.250557,train
12914,58.30263960140757,58.161613,train
16221,71.5126952436544,71.73885,train
5197,74.18155972707108,73.96687,train
14442,102.64150512184672,102.51265,train
11742,69.0602255325774,69.15395,train
14229,34.767713483007924,34.84401,train
16141,89.57234360169679,90.00319,train
3015,33.2646262088608,33.4774,train
17947,101.0511292541869,100.61363,train
5953,60.19466070864491,59.680687,train
4247,53.62497940433934,53.821316,train
16600,71.91197889308408,72.34558,train
17264,91.48002635650002,91.765656,train
8557,4.22054923341766,4.2420034,train
2896,63.896198456162885,64.742455,train
8271,29.402411149110645,29.427898,train
12464,35.86295586622186,35.6262,train
11818,85.05997393992781,84.92068,train
2130,64.87166628595628,65.27021,train
1718,33.39074910958052,33.369724,train
7182,152.8177784761153,152.71819,train
7488,41.84557272242807,41.94051,train
11855,107.7381594436571,108.02098,train
9625,78.04583599126548,78.26174,train
19203,62.03409074627981,62.25133,train
16306,52.53979191594191,51.724377,train
900,19.20192266480916,19.17752,train
9027,84.38693654155693,83.95781,train
6184,99.4907361299304,99.67785,train
14994,118.73948000326068,118.31782,train
6953,66.87499746459498,67.58895,train
11550,49.29258108243957,49.439552,train
14341,60.69477696945295,61.232,train
11968,78.3521209153635,78.591446,train
2757,24.74816706908628,25.094088,train
8989,91.2397572047843,91.48173,train
12480,36.94310571922444,36.687035,train
16158,80.93195157639853,79.67518,train
14338,60.69477696945295,60.945324,train
13925,39.32963876961686,39.78933,train
16399,51.68892331520587,51.419693,train
16719,163.4865892910184,163.43927,train
834,6.750079908713624,6.5304766,train
11644,90.79649380247676,90.32892,train
13687,74.59089711105786,74.9461,train
4217,39.33748405428104,39.695126,train
1622,6.442036183009371,6.4325237,train
5688,84.57638463785023,84.3494,train
17415,46.6663635563764,46.993553,train
3572,29.34578260289036,28.901499,train
2400,36.210240125305205,36.409023,train
16013,18.89411765969292,18.911312,train
10928,49.49174784981139,50.42862,train
15753,137.09122808053337,136.63506,train
18272,126.44708143304572,126.37083,train
11059,2.9065837811274826,2.9311738,train
4902,6.442036183009371,6.4377747,train
13313,94.85645482862957,94.87786,train
15610,16.11129124792047,16.207216,train
11472,52.60873127102636,52.101414,train
8018,29.34578260289036,28.680332,train
3621,46.48566476712182,45.872856,train
12029,134.13491032325388,134.0322,train
9871,54.10904342509948,53.618187,train
1287,18.731792724897712,18.768688,train
13293,99.73165781686828,99.76565,train
15393,75.33592393483191,75.02487,train
15128,136.40586584491066,136.05367,train
8437,41.380738858681696,41.92225,train
19397,79.48504113105551,79.090866,train
10078,60.34709742131263,60.55983,train
6384,69.52453059841163,68.86512,train
8654,25.51278413365878,25.587753,train
11450,62.25633543844163,62.110977,train
14567,19.89991539202705,19.570345,train
16807,94.254909093602,94.187965,train
475,129.4267602168825,129.31442,train
658,9.499438230882436,9.501294,train
2832,37.34804120151974,36.92004,train
14738,72.52135855398811,72.49825,train
3385,105.8033985466063,105.67431,train
9348,100.6187540373376,100.441185,train
13041,78.081523194867,77.82685,train
17645,63.65496035831079,62.955566,train
5551,28.753615695926324,29.73713,train
6354,53.49135176226452,53.058926,train
12925,58.991170602037386,58.719654,train
7347,77.53876431169658,77.30157,train
15466,76.00671399435468,76.30112,train
18290,110.67568302020096,110.30984,train
7391,19.89991539202705,20.673954,train
18207,58.5236929318425,58.472404,train
10830,62.29899679862298,62.71733,train
2450,43.604537301970495,43.116272,train
8975,99.25129745411776,98.76077,train
14628,30.8733631927149,30.661623,train
358,65.82792957452513,64.36019,train
12171,79.27542778284364,79.38348,train
17232,89.25950270069107,89.23466,train
16689,83.09935595306658,83.182014,train
10296,55.4430882998278,55.45144,train
12499,39.53055859179817,39.18309,train
6030,211.02994799979388,210.89342,train
7129,73.22704486211128,73.27229,train
16457,67.58928448046117,67.14851,train
16463,71.35912677124634,71.69465,train
479,129.4267602168825,129.40521,train
7338,75.16417987128645,75.17789,train
18261,136.40586584491066,136.97578,train
15806,101.0511292541869,101.261024,train
6265,26.320863792397155,26.557158,train
17554,26.22042757385485,24.902832,train
17795,38.74855875286944,38.020573,train
4046,63.896198456162885,63.99928,train
5887,62.82498618409738,63.083305,train
10262,88.48216304859169,88.54434,train
18666,10.849469453369007,12.218173,train
18845,182.32680590471207,182.07227,train
12283,77.79019270718537,77.76679,train
16673,77.53876431170232,77.41541,train
13624,88.28473895319611,88.717995,train
14657,38.72775337298162,38.572956,train
19274,50.09922712517202,49.745075,train
5825,83.09935595306658,83.381516,train
12562,56.318371719454376,56.064857,train
13102,68.87072465156034,69.20993,train
3602,38.88107047950797,38.73988,train
4661,62.12878854692645,62.113365,train
7590,24.456458411821725,24.811962,train
15887,89.98590815117426,89.92839,train
4138,17.59043680885926,17.564714,train
91,72.2932084702675,72.04348,train
9768,14.34267649792701,14.623037,train
13046,75.20136128981777,74.50102,train
406,230.9901536612257,230.94298,train
10836,66.72644865783289,66.03788,train
17840,57.78179082659215,57.93481,train
3353,127.03771421016312,127.97897,train
5980,66.87499746459498,67.06233,train
13723,76.01605659237786,75.24296,train
7910,78.1767164472726,78.00627,train
1663,15.977335233233198,16.013798,train
8496,60.456358375515045,60.66006,train
18897,117.40677602978512,117.5325,train
14952,155.05412004324748,154.81935,train
10691,45.62472903888442,46.20737,train
10205,82.69911139745801,82.70441,train
14286,41.80739580968886,41.253918,train
10864,58.6937159884268,59.010197,train
3852,64.95566127753808,64.5984,train
7230,90.5689613527014,90.05583,train
9943,12.681740297286362,12.495666,train
6728,46.48566476712182,46.53502,train
12344,71.91030133184738,72.08726,train
2750,24.63527893831387,24.724924,train
10266,89.77171705634251,89.61579,train
19114,24.782599128301666,25.401844,train
4338,136.76886894565047,137.03738,train
9991,23.676009316847548,23.399069,train
1134,101.86758015295236,101.78133,train
3788,41.380738858681696,40.87699,train
18466,123.96214174002029,123.908585,train
14000,16.251795051003693,16.705008,train
2811,31.73671877096429,31.617699,train
10034,38.44992203777068,38.663425,train
10388,54.316367961579786,54.02409,train
13272,107.5197399548222,107.45215,train
10877,55.4430882998278,54.831112,train
1098,109.30466743726038,109.68506,train
13816,10.839070650375335,10.674161,train
3607,38.88107047950797,39.215347,train
16473,75.34654859935269,75.64346,train
10423,66.59566485208973,66.640465,train
1559,98.65596999066533,98.6907,train
10384,54.316367961579786,54.602337,train
13506,41.80739580968886,42.56588,train
3496,91.48002635649718,91.245255,train
11777,74.30450585772448,74.73034,train
14105,40.96669871801392,41.054405,train
7637,28.550776752841173,27.885542,train
9619,78.70967419713557,79.46597,train
7064,76.30367359186545,75.953156,train
16712,180.7969094795742,180.66588,train
16570,79.88545352007553,79.039635,train
10752,43.79476634692401,43.573322,train
7758,135.2198141561254,134.85611,train
3331,163.4865892910184,163.32262,train
5204,76.00671399435818,76.26967,train
2054,35.46372651810452,35.441875,train
2924,80.57929170551442,80.61208,train
12520,43.604537301970495,42.44073,train
4416,101.86758015295236,102.26661,train
2833,37.34804120151974,37.512627,train
15112,93.28231569539822,93.104866,train
16157,80.93195157639853,79.95124,train
17763,26.22042757385485,27.229939,train
3901,24.63527893831387,24.907879,train
8483,56.318371719454376,56.563118,train
15434,71.5126952436544,71.75357,train
8313,49.5370430474446,49.54989,train
4307,166.17853479893557,166.12784,train
17847,63.65496035831079,63.651154,train
13867,19.273701242015807,19.456852,train
4448,98.65596999066533,98.63039,train
15038,96.9560797736986,96.60189,train
13027,81.59299887306369,81.62535,train
4453,98.65596999066533,98.59721,train
11282,6.750079908713624,6.5304766,train
14967,143.8247661167656,143.25337,train
8934,126.44708143304572,126.037926,train
9794,20.89376771053955,20.832983,train
4006,44.597910972306806,44.14708,train
5489,16.125116344342604,16.08779,train
8831,46.3112758194042,46.56189,train
16960,21.22276810141124,20.66207,train
226,62.20643544097513,62.2745,train
18359,84.38693654155693,84.436226,train
10379,52.38623850151688,52.090168,train
6236,24.63527893831387,24.724924,train
11595,61.34974693767026,61.229824,train
14606,26.657804872047155,26.87989,train
4100,13.792313484057486,13.731997,train
9132,19.89991539202705,19.687115,train
3343,137.09122808053337,137.43944,train
16341,48.56996296403304,49.59597,train
1505,106.2025558056929,106.343155,train
842,6.750079908713624,6.840165,train
11746,69.70696214856945,69.897934,train
11899,87.37869480347202,87.284386,train
17768,28.80702918062262,28.985563,train
4915,9.499438230882436,9.501294,train
2246,16.40524145944573,16.341652,train
6312,34.339930274970904,34.301147,train
7509,48.96526861625701,48.77394,train
1128,101.86758015295236,102.063484,train
3924,25.32142942667775,25.626308,train
18054,91.48002635649718,91.44682,train
18772,34.52159133738391,34.519897,train
5060,110.28871787139632,109.78268,train
788,62.12878854692645,62.113365,train
15771,118.62582953904092,119.6762,train
3123,2.9065837811274826,2.9311738,train
14760,16.08629542413324,15.904433,train
14052,24.386290598811208,23.495108,train
6838,65.44228559506357,65.27972,train
6616,15.826709276493416,15.867119,train
1633,9.499438230882436,9.501294,train
2685,73.22704486211128,73.273926,train
1079,117.68636585320668,117.16629,train
794,2.9065837811274826,2.9311738,train
2804,29.533535528411715,29.475943,train
3043,41.84557272242807,41.94051,train
5846,77.41176032874927,77.6701,train
10038,38.44992203777068,38.76794,train
9377,85.85337627290696,86.15836,train
11858,107.7381594436571,107.70457,train
16566,79.88545352007553,79.8033,train
14823,22.19104778233357,22.850185,train
11934,78.70967419713587,78.65374,train
11841,123.96214174002029,124.17606,train
6924,61.911697819840086,61.83941,train
4689,21.429473611547053,21.335878,train
7150,77.53876431170232,77.34113,train
10667,50.014011392149406,50.04905,train
6998,134.14502085001388,133.93854,train
8202,9.570229866524786,9.544644,train
73,75.33592393483191,75.00917,train
16262,76.00671399435468,75.73154,train
2976,24.789633367188944,25.71467,train
9834,34.1577503463269,34.46692,train
13265,107.5197399548222,106.875145,train
6647,21.77517690158367,21.734262,train
19143,34.36019909387007,35.516422,train
2863,48.84238573144443,49.171524,train
3729,35.919888386123255,36.23276,train
18336,88.31993375128738,88.59394,train
19095,19.694692079282625,20.268106,train
699,18.731792724897712,18.768688,train
13214,155.05412004324748,155.17236,train
17355,24.782599128301666,24.109344,train
14402,127.16182006600462,127.476555,train
4354,129.4267602168825,129.73975,train
7860,76.50234292040042,76.335075,train
18916,105.86133971445166,105.68892,train
8865,51.56721782835394,51.70743,train
3310,201.78551544430667,202.7263,train
13453,34.767713483007924,35.1999,train
14136,55.80060084695734,55.503418,train
14117,45.4925622387705,45.725582,train
15561,6.4852329987035695,6.548349,train
18793,42.52531704241395,42.7598,train
7785,107.39789478589,107.17966,train
12136,78.70967419713557,78.71205,train
15114,93.28231569539822,93.02538,train
16809,92.03325910726882,92.48077,train
15967,7.914848156370223,7.931517,train
9614,78.70967419713557,78.80378,train
13831,12.074428136633635,12.67109,train
13026,81.59299887306369,81.57998,train
2247,16.40524145944573,16.341652,train
763,49.00862249254413,49.00694,train
7808,94.83357335355618,95.05369,train
12102,84.24741541524314,83.870605,train
10225,84.01038592956453,83.9587,train
8761,56.75820297103196,55.8318,train
16905,12.885025212225244,12.6950865,train
14193,39.2928079640545,39.024868,train
14387,146.55486384356334,146.2609,train
17790,35.05216416707113,35.929413,train
16429,58.10615179076552,57.22113,train
5114,77.79019270718656,77.544685,train
3764,38.05130976592272,37.983067,train
9673,82.46105591073825,82.38573,train
8461,49.19054255336985,49.173725,train
4660,62.12878854692645,62.113365,train
2554,119.35792066219084,119.13954,train
16249,74.18155972707093,73.96687,train
14444,102.64150512184672,103.143074,train
9375,85.85337627290696,86.26206,train
11077,4.491537072359547,4.575762,train
6548,52.561077422993925,52.432594,train
18833,63.547457434196325,64.01755,train
7389,19.89991539202705,19.793625,train
14354,71.34845173855356,71.13036,train
5001,33.39074910958052,33.369724,train
5941,58.991170602037386,58.790684,train
14906,55.80060084695734,55.465683,train
4163,23.43298254652068,23.245565,train
5800,77.53876431170232,77.28145,train
672,11.384421137066337,11.406518,train
8124,70.03363402017787,69.927055,train
11405,44.21359478458911,44.129055,train
8207,9.570229866524786,9.544644,train
18945,94.77176287098274,94.75008,train
16705,180.7969094795742,179.7027,train
11484,49.56838968278535,49.244835,train
4184,28.753615695926324,28.883059,train
11882,91.22443951098568,91.357445,train
12818,83.01808144823141,83.01627,train
2340,56.44692913934201,56.45331,train
887,16.40524145944573,16.341652,train
983,230.9901536612257,230.63889,train
1777,12.124975352206752,12.066382,train
3110,72.52135855398946,72.49825,train
14618,28.678520203607828,28.522547,train
933,34.113034957437215,34.095257,train
15666,38.48840493675039,38.530453,train
18855,154.1130580278585,154.49677,train
7087,71.91197889308408,72.054344,train
17406,42.23549826962851,41.539883,train
6604,14.147402430467531,14.127201,train
9535,107.7381594436571,108.0721,train
3890,25.04050211213976,25.120773,train
17952,101.0511292541869,101.00578,train
15268,83.13470642646298,82.99421,train
3299,56.44692913934201,56.45331,train
1668,15.977335233233198,16.00739,train
618,4.196221297202333,4.204997,train
10482,15.826709276493416,15.650571,train
6634,19.628813853406385,19.577816,train
12013,86.49796272771187,86.42461,train
9929,10.014648675893918,10.368,train
10642,70.03363402017787,69.93388,train
2676,71.78670881619587,71.55511,train
10233,85.2707950135868,85.42634,train
7237,84.57638463785023,84.54326,train
6562,56.318371719458256,56.546078,train
17369,27.698995930992588,28.218533,train
11458,62.25633543844163,62.858543,train
2943,19.89991539202705,20.224514,train
4889,5.227697523949966,5.272317,train
10915,49.52880914978266,49.28112,train
15479,78.23957030362628,78.053604,train
5638,152.8177784761153,152.46039,train
15629,22.019205815790663,22.058369,train
10537,26.620833128631787,26.542093,train
15941,5.260504433154911,5.1478662,train
14893,45.4925622387705,45.406193,train
2630,71.91197889308408,72.285034,train
4389,109.30466743726038,109.42025,train
5451,12.124975352206752,12.284316,train
12182,80.66666767817155,80.51266,train
17803,38.74855875286944,39.41865,train
4018,48.84238573144443,49.26273,train
15892,90.79293338634857,90.74483,train
8369,35.919888386123255,36.045746,train
8548,4.22054923341766,4.2420034,train
1240,9.499438230882436,9.501294,train
202,71.98462739387922,72.43082,train
364,65.82792957452513,66.117455,train
3824,52.561077422995496,52.313,train
1119,103.745126530115,103.859184,train
17259,90.79293338634857,90.51821,train
6757,59.89579766367838,60.09657,train
16317,50.733368627516406,50.07557,train
8173,5.260504433154911,5.1478662,train
18381,82.69911139745801,82.87632,train
16973,23.43298254652068,23.316029,train
13561,60.69477696945295,60.945324,train
12731,41.80739580968886,41.867184,train
8676,33.717244930192976,33.68749,train
5794,75.16417987128504,75.161644,train
12050,115.23290406090766,115.09284,train
5459,12.885025212225244,12.6950865,train
5388,39.33748405428104,39.45302,train
3181,9.839051198642553,9.849857,train
236,58.69889415199623,58.75573,train
6018,230.9901536612257,230.63889,train
6835,65.44228559506357,65.57358,train
12021,86.49796272771187,86.5762,train
15800,101.0511292541869,101.34692,train
15919,3.3460458597073703,3.3082185,train
10540,26.620833128631787,26.805857,train
15236,83.29477154332817,83.39696,train
4069,75.23466307522513,75.81976,train
2019,24.10159309622668,23.889784,train
19257,51.23740717945918,51.019436,train
4815,57.39162304208823,57.318844,train
8197,7.914848156370223,7.931517,train
15241,82.74203335367166,82.998146,train
10929,49.49174784981139,50.370163,train
8329,62.85838899590023,62.84564,train
17030,43.65657505930208,43.231335,train
2973,24.789633367188944,24.60082,train
4290,193.8751524679473,194.1196,train
16757,118.62582953904092,118.277435,train
5504,19.28254456595652,19.049597,train
16363,48.45410543881178,48.879078,train
15428,71.5126952436544,71.75498,train
8170,5.260504433154911,5.1478662,train
18735,22.58567457678973,23.351833,train
1199,4.196221297202333,4.204997,train
7599,24.649355892468915,24.972538,train
13074,69.8994010800787,69.974846,train
2156,2.9065837811274826,2.9311738,train
967,50.04341124314785,50.090683,train
77,75.33592393483191,75.82906,train
4409,103.745126530115,103.55273,train
5047,62.12878854692645,62.12984,train
4761,35.87508543765299,35.55025,train
8732,78.77344906209804,79.33844,train
14921,61.55125893730588,61.974255,train
12789,65.83077308186866,65.78916,train
5238,83.53755060546071,83.712326,train
11894,87.37869480347202,87.41711,train
10099,117.94057501366258,118.09688,train
13795,8.90268272869505,8.901362,train
3051,45.250987390322535,45.025436,train
8296,38.48840493675039,38.530453,train
6231,25.04050211213976,25.065285,train
1681,18.731792724897712,18.768688,train
11213,44.21359478458822,44.129055,train
11219,44.21359478458822,44.378242,train
12896,58.132094825297145,58.27441,train
1862,23.43298254652068,23.980848,train
15909,2.618505311135724,2.653271,train
14769,16.251795051003693,16.677563,train
19019,91.1828236948467,91.2915,train
12500,39.53055859179817,39.006973,train
18448,89.77171705634251,89.63415,train
1218,6.442036183009371,6.4377747,train
1820,16.125116344342604,16.359585,train
7349,77.53876431169658,77.41541,train
819,4.491537072359547,4.575762,train
10785,49.09810003248252,49.088676,train
14669,41.84557272242807,41.82408,train
9514,123.96214174002029,123.81402,train
12904,58.132094825297145,58.222706,train
15951,6.4852329987035695,6.548349,train
858,9.839051198642553,9.849857,train
17786,35.05216416707113,33.915665,train
11587,57.60964815073893,58.149532,train
14989,118.73948000326068,118.0242,train
12473,36.210240125305205,36.48118,train
3138,4.491537072359547,4.313355,train
9322,124.5037870661705,124.40345,train
14008,16.774054817925467,17.126688,train
14641,33.2646262088608,33.41932,train
6855,60.81262844049596,60.730488,train
7774,115.30303150446332,115.62618,train
7542,67.18811819694348,66.87246,train
6439,36.41164086407028,36.10333,train
12260,84.82941053361527,85.02166,train
5326,21.22276810141124,21.123043,train
8470,52.561077422995496,52.843258,train
7324,73.22704486211002,73.00138,train
18055,91.48002635649718,91.3199,train
12446,35.919888386123255,36.045746,train
8304,43.749455725793766,43.75151,train
13005,90.79649380247676,91.313416,train
12081,91.22443951098568,91.14838,train
513,109.30466743726038,109.68506,train
3857,64.95566127753808,64.87873,train
17157,105.8033985466063,105.830956,train
7526,57.39162304208823,57.267326,train
14141,55.80060084695734,56.4953,train
17631,52.35653033478938,52.550133,train
10978,56.716123866601365,55.110817,train
6582,64.95566127753861,64.78445,train
11435,78.77344906209804,79.33844,train
9639,77.93378927116997,78.147545,train
14584,21.429473611547053,22.48194,train
11327,13.92854978889145,13.922574,train
17825,52.35653033478938,51.86692,train
12837,68.70638879452079,68.80248,train
13714,74.95067169957674,74.46261,train
3217,19.20192266480916,19.17752,train
16806,94.254909093602,94.30458,train
8201,9.570229866524786,9.544644,train
11334,16.405241459442376,16.341652,train
8446,43.604537301970495,43.57611,train
946,38.91593697359398,38.8597,train
18397,83.13470642646298,83.252785,train
4470,2.606366123918593,2.6254888,train
3221,19.20192266480916,19.17752,train
18114,26.320863792397155,26.465343,train
8909,70.13557868690133,69.88955,train
13934,44.07024791149557,44.133404,train
1202,4.196221297202333,4.204997,train
17823,47.383642487349135,48.171474,train
6494,39.53055859179817,39.45479,train
2668,71.78670881619587,71.80506,train
9367,89.93891881356173,89.99293,train
10086,136.40586584491066,136.49716,train
14482,91.48707426187316,90.99759,train
3733,35.86295586622186,35.9659,train
18778,38.33307963061296,37.49011,train
5672,98.11718222077316,98.941765,train
3365,118.62582953904092,118.17296,train
12057,107.7381594436571,107.822365,train
2505,64.95566127753861,64.5984,train
3853,64.95566127753808,64.755,train
3269,38.91593697359398,38.8597,train
6403,80.57929170551442,80.373856,train
18688,14.802361789347977,13.974175,train
977,56.44692913934201,56.45331,train
9437,75.52912062238612,75.96727,train
1232,7.85908552453503,7.9066777,train
1471,123.0978685654898,123.01402,train
16445,64.10443142186895,64.031364,train
6023,230.9901536612257,231.16154,train
16623,70.5776831156227,70.71987,train
1810,14.865809293936342,14.999637,train
10605,50.68801501365044,50.631424,train
7450,30.8733631927149,30.725729,train
11889,91.22443951098568,91.14145,train
6784,75.24982629334554,75.20336,train
6522,43.604537301970495,43.954,train
6025,230.9901536612257,230.94298,train
11867,101.3171290408814,101.20645,train
16821,90.5009001330304,91.22275,train
12801,71.34845173855356,71.53565,train
2825,34.339930274970904,34.349236,train
12065,101.3171290408814,101.03444,train
11995,82.46105591073804,82.38573,train
6469,36.210240125305205,36.168213,train
14225,34.767713483007924,34.879204,train
14210,36.99469593104042,37.19458,train
7003,119.35792066219084,119.56956,train
1192,3.328531319289431,3.337573,train
5389,39.33748405428104,39.728905,train
15375,80.93195157639853,80.80415,train
13319,93.38657295807928,93.24612,train
8913,70.13557868690133,70.17871,train
399,230.9901536612257,231.11435,train
7943,84.60291252746202,84.37297,train
14896,50.439407630704494,49.894745,train
7993,21.77517690158367,21.304049,train
14180,47.10789941727601,47.1174,train
15096,92.24483243250832,92.28539,train
4342,136.76886894565047,136.2545,train
16873,90.79293338634857,90.69404,train
13588,111.93267880814516,112.78003,train
3238,25.857534399290905,25.88882,train
10104,117.94057501366258,117.85631,train
15682,43.749455725793766,43.75151,train
6270,26.320863792397155,26.465343,train
12218,86.49796272771329,86.5762,train
9668,80.66666767817155,80.765366,train
13175,82.2895007905107,82.120895,train
3140,4.491537072359547,4.313355,train
8882,57.60964815073893,57.66082,train
6049,179.04708701101467,178.1973,train
12952,64.1404088665598,64.083336,train
10913,49.52880914978266,49.85962,train
17532,20.391351361528265,20.776194,train
1164,98.65596999066533,98.6907,train
16136,89.57234360169679,89.66915,train
379,73.97103175765946,73.287994,train
11237,56.44692913934201,56.45331,train
17783,31.74469640013553,33.728268,train
14079,29.8566124927783,30.64907,train
1525,101.86758015295236,101.64737,train
8903,65.54060841010474,65.04623,train
12223,110.28871787139632,110.36747,train
10993,62.87797862213373,63.095066,train
11802,79.3711852446667,79.14473,train
16989,28.753615695926324,28.497833,train
5624,65.47137652330578,65.522285,train
10891,51.23740717945918,51.595776,train
19013,90.55535075755104,90.4339,train
8425,39.53055859179817,39.26467,train
4260,65.47137652330578,64.64294,train
2461,46.20624283129268,46.073605,train
15362,84.82941053361527,84.88547,train
4917,9.499438230882436,9.501294,train
3022,35.87508543765299,35.775776,train
15663,33.717244930192976,33.68749,train
4639,49.0086224925457,48.99863,train
17547,23.96684006413348,23.823198,train
16215,71.5126952436544,72.15397,train
19125,27.698995930992588,28.979324,train
13884,24.534383850610403,23.86558,train
17851,63.65496035831079,63.970886,train
13713,74.95067169957674,74.49638,train
432,179.04708701101467,178.51353,train
10215,83.13470642646298,83.121346,train
12103,84.24741541524314,83.806244,train
12729,41.80739580968886,41.253918,train
6932,61.911697819840086,61.74184,train
3223,19.20192266480916,19.17752,train
14321,51.76031579593137,52.27011,train
11870,101.3171290408814,100.90085,train
6438,36.41164086407028,36.048073,train
10348,49.49174784981139,49.858913,train
16071,43.749455725793766,43.75151,train
14102,40.96669871801392,39.971874,train
2535,152.8177784761153,153.12772,train
18524,87.37869480347202,87.284386,train
12129,78.70967419713557,78.59857,train
18582,77.93378927116997,78.20328,train
10839,66.72644865783289,67.487404,train
7492,45.250987390322535,44.935856,train
14801,18.82198014263801,18.786789,train
15969,9.570229866524786,9.544644,train
2222,9.839051198642553,10.28264,train
12624,47.10789941727601,47.81516,train
18094,24.74816706908628,24.21803,train
11877,95.84505322335384,96.31836,train
4773,38.72775337298162,39.27302,train
16580,76.30367359186545,75.62971,train
3693,38.91834885517143,38.631687,train
3847,60.456358375515045,60.36712,train
5026,49.0086224925457,48.99863,train
11285,6.750079908713624,6.840165,train
244,55.95115332265876,56.057842,train
13953,54.992252475314366,54.313465,train
4687,21.429473611547053,21.4288,train
5516,21.22276810141124,21.123043,train
12917,58.991170602037386,58.890533,train
3207,16.40524145944573,16.340355,train
18268,126.44708143304572,126.459885,train
18852,167.15995000247077,167.06923,train
14949,168.1502886891345,168.44472,train
10420,62.87797862213373,63.04809,train
5792,75.16417987128504,75.097305,train
18615,80.66666767817155,80.765366,train
6816,72.67230242637233,72.44513,train
7980,19.628813853406385,19.612272,train
13193,183.50675596781025,183.4418,train
3565,26.620833128631787,26.542093,train
17798,38.74855875286944,39.06195,train
3205,13.92854978889145,13.922574,train
14557,18.448270263304188,18.49637,train
5017,43.29863673312746,43.32351,train
15733,163.4865892910184,163.86838,train
12856,62.82498618409738,62.70101,train
4382,113.1117727502116,113.0601,train
1801,13.792313484057486,14.0003,train
18949,92.49960703964835,92.30706,train
16493,83.09327843384654,83.04939,train
3726,35.919888386123255,35.7583,train
10321,51.23740717945918,51.610405,train
1973,15.826709276493416,15.650571,train
19363,62.87797862213373,63.04809,train
16510,134.14502085001388,134.3781,train
7415,24.789633367188944,24.627636,train
4249,53.62497940433934,54.45936,train
1763,62.12878854692645,62.12984,train
13019,85.80236635218084,85.86311,train
9372,89.93891881356173,90.03944,train
11444,69.43701604268931,68.017624,train
12144,78.04583599126548,78.26174,train
2496,60.456358375515045,60.803658,train
1351,49.00862249254413,48.99863,train
1152,99.4907361299304,99.4891,train
13118,69.70696214856945,69.79362,train
12089,87.37869480347202,87.57535,train
11481,49.56838968278535,48.768356,train
9921,10.014648675893918,9.640715,train
16028,22.019205815790663,22.058369,train
2206,8.180433892801254,8.071619,train
7919,80.03415155888104,80.11307,train
15337,95.27995050133204,95.41587,train
4078,80.57929170551442,80.605316,train
12676,34.635546819221005,34.649998,train
7061,76.30367359186545,76.3383,train
11207,38.91593697359398,38.8597,train
127,71.91030133184738,72.08726,train
7051,79.88545352007553,79.73738,train
3357,127.03771421016312,127.11506,train
14192,39.2928079640545,39.32856,train
2948,21.429473611547053,21.31547,train
12020,86.49796272771187,86.373665,train
15914,2.618505311135724,2.653271,train
6393,75.23466307522513,75.09598,train
7095,70.8998858391393,70.893234,train
8195,7.914848156370223,7.931517,train
12419,38.91834885517143,38.629906,train
19287,49.49174784981139,49.678635,train
6111,123.0978685654898,123.01402,train
11831,134.13491032325388,134.06134,train
9111,89.77171705634251,89.691895,train
12959,66.87499746459498,67.194786,train
6905,58.991170602037386,58.890533,train
3001,30.8733631927149,30.614407,train
11316,11.747596709249317,11.700321,train
8374,35.919888386123255,35.7583,train
11459,56.75820297103196,56.669712,train
19029,9.244705548457503,9.465895,train
10813,58.31738655168958,58.241047,train
2013,24.10159309622668,23.783201,train
10341,49.52880914978266,49.790066,train
2807,31.73671877096429,31.738659,train
14267,37.48026356057577,37.279896,train
18037,90.79293338634857,91.09006,train
14861,33.159238156410005,33.25281,train
3786,41.380738858681696,40.706326,train
8213,11.473018356565088,11.504866,train
11396,38.91593697359488,38.8597,train
574,98.65596999066533,98.823265,train
6278,27.727713592149392,27.670843,train
12686,35.06929068218894,34.92133,train
4293,193.8751524679473,194.14308,train
18992,89.38401259047933,89.505104,train
3660,64.87166628595628,64.91312,train
5472,13.792313484057486,13.827803,train
14555,18.448270263304188,18.583294,train
855,9.839051198642553,9.849857,train
13672,75.46351541383811,75.50715,train
7946,84.60291252746202,84.6208,train
12767,55.99893434087522,56.052456,train
17215,89.59649952596679,90.17414,train
18209,58.5236929318425,57.98073,train
8695,43.749455725793766,43.75151,train
2870,53.49135176226452,53.374943,train
11411,50.04341124314845,50.090683,train
18985,89.35596223722666,89.53482,train
10721,42.41210118412853,43.41717,train
18913,105.86133971445166,105.932556,train
7060,76.30367359186545,76.14329,train
16241,72.80691569376961,72.67616,train
16048,29.402411149110645,29.467646,train
15462,74.18155972707093,73.81939,train
1528,101.86758015295236,101.8043,train
1395,211.02994799979388,211.12189,train
16976,23.43298254652068,23.535202,train
1381,230.9901536612257,230.59537,train
1636,9.499438230882436,9.501294,train
18626,82.46105591073825,82.53718,train
1551,99.4907361299304,99.470345,train
9144,21.429473611547053,21.296007,train
8392,36.210240125305205,36.318737,train
5484,16.125116344342604,16.024097,train
6358,53.49135176226452,53.373207,train
17710,17.95913696269572,17.944515,train
8105,59.89579766367838,59.73547,train
13034,78.081523194867,78.55197,train
4344,136.76886894565047,136.73286,train
17253,89.98590815117426,89.90207,train
1054,136.76886894565047,137.14384,train
12571,60.456358375515045,60.50845,train
12712,37.48026356057577,37.10922,train
16143,89.57234360169679,90.08694,train
8851,49.29258108243957,49.07658,train
9302,72.52135855398946,72.49825,train
6106,123.0978685654898,123.37474,train
856,9.839051198642553,9.849857,train
11346,19.20192266480916,19.17752,train
6779,70.03363402017787,69.927055,train
17258,90.79293338634857,90.69404,train
5724,73.68374035525322,73.7552,train
18052,91.48002635649718,91.41616,train
9742,11.245979387941956,11.009185,train
749,38.10425093874939,38.109734,train
4958,18.731792724897712,18.768688,train
12770,55.99893434087522,56.303783,train
3737,35.86295586622186,35.57699,train
2458,46.20624283129268,45.76399,train
7158,80.25361829662151,80.57424,train
875,13.92854978889145,13.916968,train
8802,46.16640159983851,46.78646,train
19317,52.38623850151688,52.064487,train
7048,79.88545352007553,79.8033,train
5811,80.25361829662151,80.16466,train
5366,31.91051408188231,31.54427,train
5966,61.911697819840086,61.74184,train
5051,62.12878854692645,62.113365,train
10804,54.79280587614715,54.78081,train
9814,26.79723709025756,26.579731,train
10168,86.04998768751986,85.65874,train
5700,79.88545352007553,79.73738,train
5185,72.80691569376819,73.05463,train
3047,45.250987390322535,44.935856,train
14953,155.05412004324748,155.20555,train
8564,5.260504433154911,5.1478662,train
2153,2.9065837811274826,2.9311738,train
8648,25.51278413365878,25.587753,train
6050,179.04708701101467,179.63187,train
1024,166.17853479893557,166.32353,train
9497,84.60291252746008,84.41571,train
18503,95.84505322335384,96.20756,train
4715,26.657804872047155,26.484158,train
4848,72.52135855398946,72.49825,train
9606,79.9470355349353,79.85368,train
13167,79.3711852446667,79.09027,train
7887,75.52912062238612,76.03922,train
521,109.30466743726038,109.25093,train
6028,211.02994799979388,210.91116,train
937,34.113034957437215,34.095257,train
2305,38.91593697359398,38.8597,train
8133,75.24982629334554,75.07819,train
5594,48.41170998900376,48.098736,train
18402,84.01038592956453,83.9587,train
11844,115.23290406090766,115.42794,train
14895,50.439407630704494,49.918194,train
1439,145.24040847801632,145.55476,train
5420,53.62497940433934,53.821316,train
14485,90.34178504057668,90.11565,train
9979,18.42630454709299,19.070436,train
9746,11.245979387941956,11.299845,train
16332,48.56996296403304,49.411564,train
18577,77.93378927116997,78.02437,train
12585,69.76848318728075,69.748695,train
11306,9.839051198642553,9.849857,train
48,80.93195157639853,80.32901,train
989,230.9901536612257,231.11429,train
6858,60.81262844049596,61.01455,train
4671,18.448270263304188,18.672619,train
18157,37.34804120151974,37.16774,train
1524,101.86758015295236,102.26661,train
3987,37.34804120151974,37.618465,train
9740,11.245979387941956,10.690228,train
16014,18.89411765969292,18.911312,train
2261,19.20192266480916,19.17752,train
16872,90.79293338634857,90.74483,train
14300,44.66517096340306,44.647808,train
10125,104.48871564383238,104.67574,train
10268,89.77171705634251,89.5811,train
12047,115.23290406090766,115.5191,train
2029,26.620833128631787,26.51333,train
12705,37.48026356057577,37.58898,train
1390,211.02994799979388,210.89342,train
14577,21.429473611547053,21.4288,train
3518,15.826709276493416,16.356476,train
6593,74.77670776968583,74.673744,train
16555,90.56896135270873,91.05218,train
4041,63.896198456162885,63.621696,train
15680,43.749455725793766,43.75151,train
1265,13.53610473193936,13.554237,train
324,54.721475257382544,53.710945,train
1102,109.30466743726038,109.42025,train
14015,17.633485569278523,17.391191,train
12070,95.84505322335384,95.92625,train
3093,62.1233802776967,62.455845,train
901,19.20192266480916,19.17752,train
11313,11.747596709249317,11.700321,train
9176,26.657804872047155,26.403402,train
8490,60.456358375515045,60.70138,train
14780,16.774054817925467,16.498241,train
4662,62.12878854692645,62.113365,train
2526,74.77670776968583,74.560074,train
10339,49.52880914978266,49.876534,train
8046,35.46372651810452,35.641537,train
9487,82.25512726841218,82.20976,train
16239,72.80691569376961,72.86628,train
2216,9.839051198642553,9.849857,train
8862,51.56721782835394,51.21117,train
12523,43.604537301970495,43.57611,train
5386,39.33748405428104,39.202232,train
9439,75.52912062238612,75.948044,train
9260,53.00734926713273,52.543533,train
1971,14.147402430467531,14.554978,train
11612,70.13557868690133,69.88955,train
15232,83.29477154332817,83.13553,train
14371,158.73631998820795,158.5694,train
314,53.11407662346408,52.7576,train
4595,29.125965987027584,29.18679,train
5667,98.11718222077316,98.40355,train
13971,61.22157397051245,62.194748,train
10191,83.29477154332817,83.33258,train
13967,61.22157397051245,61.144157,train
12493,38.05130976592272,37.98193,train
13641,84.47098482884549,84.65225,train
4612,33.39074910958052,33.369724,train
3846,60.456358375515045,60.50845,train
15135,126.44708143304572,126.037926,train
18408,84.01038592956453,84.007416,train
5936,58.30263960140757,58.161613,train
4253,59.31238391810723,59.174854,train
12724,39.410668208964985,40.52714,train
17744,23.96684006413348,22.498627,train
5353,28.753615695926324,28.497833,train
7255,76.30367359186545,76.3383,train
17198,92.03325910726882,91.775276,train
7205,107.56024188438542,107.8774,train
10545,29.34578260289036,29.154867,train
5193,74.18155972707108,74.44301,train
17200,92.03325910726882,91.722984,train
11173,25.857534399290905,25.88882,train
288,51.334066206546574,51.18861,train
10088,126.44708143304572,126.037926,train
12140,78.04583599126548,78.17756,train
645,7.85908552453503,7.9066777,train
380,73.97103175765946,74.11628,train
6394,75.23466307522513,75.17982,train
1040,145.24040847801632,145.10797,train
13394,53.18976182780735,53.515377,train
5746,70.8998858391393,71.00957,train
14313,51.76031579593137,51.834587,train
10261,88.48216304859169,88.60413,train
224,62.20643544097513,61.73984,train
16715,163.4865892910184,163.66872,train
6730,46.48566476712182,46.622345,train
12677,34.635546819221005,34.800636,train
18452,134.13491032325388,133.93109,train
9288,62.1233802776967,62.335724,train
2724,83.09935595306658,83.19932,train
13138,72.34090204261534,72.199295,train
11159,19.20192266480916,19.17752,train
2161,2.9065837811274826,2.9311738,train
4261,65.47137652330578,65.522285,train
952,38.91593697359398,38.960907,train
17698,17.141358034855276,17.182278,train
17935,111.6113573414681,111.71032,train
18946,92.49960703964835,92.615746,train
13696,74.22415281450986,74.20026,train
11806,82.2895007905107,82.58533,train
7444,30.8733631927149,30.794773,train
546,101.86758015295236,101.63996,train
563,99.4907361299304,99.69921,train
15367,80.93195157639853,80.71417,train
7447,30.8733631927149,30.549007,train
3278,44.21359478458822,44.129055,train
16891,12.124975352206752,12.181203,train
10121,104.48871564383238,104.066795,train
10685,45.62472903888442,45.225426,train
9300,72.52135855398946,71.700874,train
215,66.58516636474155,64.50612,train
3986,37.34804120151974,37.512627,train
9937,11.245979387941956,11.480293,train
19402,79.48504113105551,79.2999,train
1595,4.196221297202333,4.204997,train
1637,9.499438230882436,9.501294,train
6337,44.597910972306806,44.559593,train
1872,25.935608876074404,26.061966,train
12524,43.604537301970495,43.954,train
13213,155.05412004324748,155.5626,train
1751,49.0086224925457,48.99863,train
1061,129.4267602168825,129.56306,train
5490,16.125116344342604,16.359585,train
13531,47.982575358036456,47.926575,train
9942,12.681740297286362,12.493738,train
6870,59.37382867606714,59.432526,train
18424,86.82293470300802,86.875595,train
221,62.20643544097513,63.35234,train
13863,19.273701242015807,19.159323,train
2683,73.22704486211128,73.05103,train
2476,52.561077422993925,52.66633,train
7325,73.22704486211002,73.03814,train
7321,71.78670881619715,71.55511,train
779,55.271872386990935,55.28068,train
3293,50.04341124314785,50.090683,train
17291,10.57203228982024,10.920115,train
2339,56.44692913934201,56.45331,train
3029,38.72775337298162,38.572956,train
9198,30.8733631927149,31.780998,train
12746,47.982575358036456,47.91816,train
1864,25.935608876074404,25.60239,train
10881,52.99398689569749,53.140114,train
5069,102.11244006090304,102.48801,train
12031,134.13491032325388,134.43414,train
5954,60.19466070864491,59.735443,train
13903,31.152134114795924,30.743654,train
16160,80.93195157639853,80.67358,train
3185,9.839051198642553,10.28264,train
1702,25.27984779576332,25.35617,train
10276,62.90876193978079,62.660416,train
186,83.53755060546071,83.95341,train
541,103.745126530115,103.77767,train
2506,64.95566127753861,64.755,train
14038,20.33936974007777,20.199677,train
1676,18.731792724897712,18.768688,train
14199,39.2928079640545,39.73377,train
3559,24.10159309622668,24.638346,train
6446,35.919888386123255,36.07838,train
17655,69.92772157818914,69.61684,train
16040,29.402411149110645,29.427898,train
14496,89.76736722751878,89.61564,train
17095,180.7969094795742,180.66588,train
10208,82.69911139745801,82.652435,train
10170,86.04998768751986,85.7157,train
10351,49.49174784981139,50.411514,train
6491,38.05130976592272,37.98193,train
1220,6.442036183009371,6.4377747,train
15974,9.570229866524786,9.544644,train
1122,103.745126530115,103.55273,train
2088,46.48566476712182,46.53502,train
7288,70.89988583913944,70.95293,train
9268,53.00734926713273,53.636948,train
17683,16.264210965298563,16.258566,train
8281,33.717244930192976,33.68749,train
6043,193.8751524679473,193.81679,train
14615,28.678520203607828,28.755127,train
9218,35.87508543765299,36.51083,train
3465,89.42090092796712,89.575745,train
14122,50.439407630704494,49.918194,train
16321,50.733368627516406,51.934998,train
536,103.745126530115,103.41052,train
8283,33.717244930192976,33.68749,train
12498,39.53055859179817,39.37323,train
16558,84.57638463785023,84.43796,train
7839,79.86598582053819,79.537834,train
14947,168.1502886891345,167.50566,train
7459,33.2646262088608,33.171425,train
11692,72.90167939974636,73.26827,train
1354,49.00862249254413,48.99863,train
12415,38.91834885517143,38.90702,train
4455,97.47338258073955,97.67921,train
10595,46.48566476712182,46.393627,train
17654,69.92772157818914,69.428345,train
12522,43.604537301970495,43.116272,train
17853,63.65496035831079,64.27556,train
1856,23.43298254652068,23.245565,train
15870,89.42090092796712,89.60908,train
15964,7.914848156370223,7.931517,train
18961,90.8660920550722,91.125015,train
1403,193.8751524679473,193.81679,train
18896,117.40677602978512,116.8592,train
6245,24.74816706908628,24.884186,train
13837,13.514492329014466,13.603836,train
10980,56.716123866601365,57.5044,train
14472,93.24564903744712,92.6493,train
7618,25.97444591185257,25.66673,train
15869,89.42090092796712,89.54614,train
776,55.271872386990935,55.278023,train
12532,46.20624283129268,45.637924,train
10309,52.99398689569749,52.588467,train
15945,5.260504433154911,5.1478662,train
16247,74.18155972707093,74.22959,train
15571,7.914848156370223,7.931517,train
5773,71.78670881619587,71.41378,train
14928,67.62832117387488,67.67365,train
9648,78.3521209153635,78.62163,train
16597,71.91197889308408,72.00297,train
8344,38.91834885517143,38.52957,train
8878,57.60964815073893,57.468918,train
2456,46.20624283129268,45.841118,train
11480,49.56838968278535,49.281116,train
1999,19.628813853406385,19.289598,train
6029,211.02994799979388,211.00525,train
10131,99.25129745411776,99.51903,train
15730,180.7969094795742,180.12476,train
14104,40.96669871801392,40.170895,train
14401,127.16182006600462,127.4581,train
14057,24.386290598811208,24.796988,train
7047,84.57638463785023,84.900795,train
9189,30.8733631927149,30.571722,train
12958,66.87499746459498,67.06233,train
7177,83.09935595306658,83.34552,train
6123,113.1117727502116,113.53855,train
3826,52.561077422995496,52.07288,train
17924,118.62582953904092,118.4772,train
16118,102.11244006090304,102.31547,train
17746,23.96684006413348,23.199827,train
16551,90.56896135270873,90.428024,train
8089,55.1604052272772,54.859158,train
9689,84.52419181559287,84.56942,train
8485,56.318371719454376,56.064857,train
3898,25.04050211213976,25.065285,train
403,230.9901536612257,231.16154,train
11410,44.21359478458911,44.378242,train
3963,31.73671877096429,31.93841,train
2227,11.747596709247082,11.700321,train
239,55.95115332265876,55.15053,train
11144,16.40524145944573,16.341652,train
12299,73.5169788308657,73.18439,train
16310,52.53979191594191,54.097885,train
11796,79.3711852446667,80.002556,train
3306,56.44692913934201,56.45331,train
2734,26.05871153969042,25.65664,train
2311,38.91593697359398,38.960907,train
13361,92.69393389813976,92.50871,train
6527,46.20624283129268,45.378155,train
8417,38.05130976592272,38.462566,train
5316,19.28254456595652,19.093527,train
17342,19.694692079282625,19.826042,train
2377,35.919888386123255,35.81475,train
7421,24.789633367188944,25.71467,train
3576,29.34578260289036,29.526272,train
16173,77.79019270718537,77.76679,train
6105,123.0978685654898,123.10715,train
13066,71.14396606839321,71.11474,train
10176,84.38693654155693,84.20085,train
1132,101.86758015295236,101.71551,train
15461,74.18155972707093,73.8913,train
14779,16.774054817925467,16.678253,train
4373,117.68636585320668,117.18843,train
7278,71.91197889308363,72.25444,train
9206,33.2646262088608,33.171425,train
17552,23.96684006413348,25.099056,train
8463,49.19054255336985,48.728607,train
11111,9.839051198642553,9.413671,train
10516,21.77517690158367,21.734262,train
5642,134.14502085001388,133.73454,train
8078,50.68801501365044,50.542587,train
119,71.91030133184738,72.41286,train
13663,76.86032352211669,76.760315,train
16752,118.62582953904092,118.775085,train
14733,67.18811819694378,67.480255,train
7804,94.83357335355618,95.36074,train
18172,40.76621946032643,40.623463,train
12152,77.93378927116997,78.2261,train
13192,85.05997393992781,84.99655,train
7438,28.678520203607828,28.492159,train
13468,35.06929068218894,35.067787,train
16236,72.80691569376961,73.02011,train
9962,16.25018195930533,16.12993,train
15876,89.42090092796712,89.45764,train
4431,100.48928695862324,100.06241,train
6796,89.61281744144841,90.09476,train
18842,182.32680590471207,182.41162,train
13916,35.03272103717059,35.03085,train
9773,16.25018195930533,16.096762,train
7079,71.91197889308408,72.00297,train
13316,93.38657295807928,93.440056,train
6556,56.318371719458256,56.525196,train
13979,16.314170769820958,16.120047,train
10794,51.72251594763205,51.840942,train
16137,89.57234360169679,90.51494,train
10536,26.620833128631787,26.358273,train
16836,89.59649952596679,89.36086,train
5532,23.43298254652068,23.980848,train
19225,58.6937159884268,59.02312,train
9363,94.83357335355618,95.05369,train
18171,40.76621946032643,40.946983,train
13166,79.3711852446667,78.98464,train
18409,84.01038592956453,83.96434,train
6435,36.41164086407028,36.276085,train
6726,46.48566476712182,46.393627,train
452,154.98431615588598,154.65883,train
614,4.196221297202333,4.204997,train
15801,101.0511292541869,100.870445,train
10467,83.55792357754082,83.57277,train
17591,35.05216416707113,35.925423,train
2092,46.48566476712182,46.976543,train
6009,77.7528643276994,77.79725,train
18476,115.23290406090766,115.52235,train
8186,6.4852329987035695,6.548349,train
18376,82.74203335367166,82.96816,train
16002,16.11129124792047,16.207216,train
19045,10.57203228982024,11.62724,train
1972,14.147402430467531,14.939249,train
10918,49.52880914978266,49.876534,train
6347,48.84238573144443,48.116043,train
5592,43.65657505930208,44.06109,train
9356,94.83357335355618,94.544426,train
3360,127.03771421016312,127.3558,train
6336,44.597910972306806,44.442574,train
2416,38.05130976592272,38.076023,train
12280,77.79019270718537,77.80147,train
10108,110.67568302020096,110.39939,train
9940,12.681740297286362,12.048165,train
18071,25.04050211213976,24.81532,train
18152,34.339930274970904,34.27062,train
13690,74.59089711105786,74.73714,train
4321,154.98431615588598,155.22076,train
16979,25.935608876074404,25.9675,train
4462,97.47338258073955,97.509544,train
4539,11.384421137066337,11.406518,train
2306,38.91593697359398,38.8597,train
10927,49.49174784981139,49.858913,train
11348,19.20192266480916,19.17752,train
16113,110.28871787139632,110.36747,train
10151,91.2397572047843,91.73649,train
5301,16.125116344342604,16.26345,train
9963,16.25018195930533,16.096762,train
17441,56.56699701702424,57.201817,train
16893,12.124975352206752,12.066382,train
3483,90.79293338634857,90.74483,train
8818,45.64933795175344,45.825436,train
18333,88.31993375128738,88.37114,train
16946,17.59043680885926,17.507889,train
6316,37.34804120151974,36.99116,train
10246,86.82293470300802,86.74894,train
15640,25.51278413365878,25.587753,train
4102,13.792313484057486,13.787444,train
5763,70.8890994699993,70.97318,train
13147,74.30450585772448,74.24703,train
16766,111.6113573414681,111.74413,train
15088,92.24483243250832,92.32509,train
9035,83.29477154332817,83.39696,train
15621,18.89411765969292,18.911312,train
8409,38.05130976592272,38.52407,train
12258,84.82941053361527,84.85149,train
17419,46.6663635563764,46.862064,train
3452,89.25950270069107,89.2863,train
5173,71.91030133184738,72.05227,train
9052,82.69911139745801,82.88634,train
7292,70.57768311562211,70.76206,train
18210,58.5236929318425,58.37487,train
6737,50.68801501365044,50.630047,train
10203,82.69911139745801,82.986046,train
1207,4.196221297202333,4.204997,train
18327,91.2397572047843,91.23821,train
4717,26.657804872047155,26.843239,train
6272,26.320863792397155,26.935057,train
15659,33.717244930192976,33.68749,train
13250,118.73948000326068,118.551735,train
7723,57.64076850782871,57.197483,train
9833,34.1577503463269,34.509224,train
4880,4.196221297202333,4.204997,train
1907,39.33748405428104,39.179222,train
12411,86.00802491357506,85.94133,train
12979,73.76729204182922,73.633354,train
5378,35.43032585388161,35.67125,train
7571,25.06787074771092,25.770508,train
15673,38.48840493675039,38.530453,train
3539,19.628813853406385,20.75951,train
15024,103.23350357813172,102.7927,train
1899,35.43032585388161,35.753666,train
9107,88.48216304859169,88.60413,train
8731,78.77344906209804,79.3248,train
19308,50.93322091321282,50.470253,train
17639,57.78179082659215,57.83349,train
14048,22.19104778233357,22.289078,train
12927,60.19466070864491,60.24122,train
14589,23.053352899871395,22.94602,train
16684,80.25361829662151,80.41153,train
12108,84.24741541524314,83.750694,train
9934,11.245979387941956,11.335633,train
2559,107.5602418843858,107.8774,train
4532,9.499438230882436,9.494648,train
19117,27.698995930992588,26.823996,train
4146,19.28254456595652,19.155155,train
17160,105.8033985466063,105.66557,train
16289,83.53755060546025,83.41754,train
17865,201.78551544430667,199.80104,train
17899,137.09122808053337,136.86552,train
12175,79.27542778284364,79.253815,train
13140,72.34090204261534,72.27269,train
14131,50.439407630704494,51.38708,train
17511,17.95913696269572,17.647793,train
1669,15.977335233233198,16.00739,train
19068,15.49099131419465,15.168692,train
8448,46.20624283129268,46.495102,train
10579,38.88107047950797,39.215347,train
4918,9.499438230882436,9.501294,train
5080,95.27995050133204,94.91141,train
16648,73.22704486211128,73.00138,train
18952,92.49960703964835,92.26593,train
18423,86.82293470300802,86.74894,train
19030,9.244705548457503,9.91163,train
15347,89.57234360169679,89.66915,train
17702,17.141358034855276,16.784649,train
11982,80.66666767817244,80.61447,train
10236,85.2707950135868,84.954094,train
6665,26.620833128631787,26.556675,train
570,99.4907361299304,99.44911,train
8272,29.402411149110645,29.427898,train
4876,4.196221297202333,4.204997,train
17420,46.6663635563764,46.724342,train
6356,53.49135176226452,53.374943,train
4099,12.885025212225244,13.076222,train
3374,111.6113573414681,111.53779,train
17684,16.57780018172115,16.078318,train
1568,97.47338258073955,97.69518,train
13440,35.5258604479491,35.183945,train
12982,73.76729204182922,73.71784,train
12998,96.6886854171183,96.27112,train
18642,86.49796272771329,86.21255,train
1099,109.30466743726038,109.045944,train
3379,111.6113573414681,112.16807,train
4219,39.33748405428104,39.728085,train
16019,22.019205815790663,22.058369,train
12221,110.28871787139632,110.520096,train
3931,26.320863792397155,26.37242,train
16803,94.254909093602,93.8732,train
4631,43.29863673312746,43.32351,train
7404,23.053352899871395,23.040556,train
8713,55.89167516914279,55.912247,train
12212,86.49796272771329,86.37333,train
18002,89.59649952596679,89.60258,train
10920,49.52880914978266,49.790066,train
3335,149.10252861042588,148.00883,train
17,102.11244006090304,102.04017,train
15027,99.73165781686828,100.1316,train
15391,75.33592393483191,75.00917,train
11057,2.9065837811274826,2.9311738,train
1078,117.68636585320668,117.69805,train
12961,66.87499746459498,67.23312,train
3818,49.19054255336985,49.112255,train
6658,24.10159309622668,24.046299,train
17356,24.782599128301666,24.87508,train
9545,101.3171290408814,101.12221,train
6119,117.68636585320668,117.18909,train
14951,155.05412004324748,154.9666,train
3674,70.03363402017787,70.202,train
8963,104.48871564383238,104.34033,train
6904,58.991170602037386,58.69782,train
18629,84.52419181559287,84.48331,train
3164,6.750079908713624,6.840165,train
18407,84.01038592956453,83.95511,train
7322,73.22704486211002,73.32753,train
4549,13.53610473193936,13.554237,train
16683,80.25361829662151,80.42686,train
8158,4.22054923341766,4.2420034,train
5329,21.22276810141124,21.393372,train
3935,26.320863792397155,26.571913,train
13707,74.34851013209767,74.307556,train
10245,86.82293470300802,86.90006,train
16963,21.22276810141124,20.990202,train
13731,76.01605659237786,75.47631,train
192,86.00802491357565,85.77785,train
12091,87.37869480347202,87.41711,train
7494,45.250987390322535,45.23106,train
14437,102.64150512184672,103.10756,train
18237,75.23466307522513,75.09598,train
14410,119.47607547303537,119.77573,train
756,43.29863673312664,43.32351,train
2695,75.16417987128504,75.30587,train
18538,81.7828321007955,81.48874,train
10875,55.4430882998278,55.45144,train
9042,82.74203335367166,82.79638,train
4666,18.448270263304188,18.438486,train
10718,42.41210118412853,42.65806,train
15903,91.48002635649718,91.41668,train
14191,42.58610637454368,43.5209,train
13990,16.08629542413324,16.472483,train
7990,21.77517690158367,21.805954,train
5583,43.65657505930208,43.1504,train
19195,56.56699701702424,56.936554,train
3946,27.727713592149392,27.693935,train
11343,19.20192266480916,19.17752,train
14069,26.936990316598862,27.19135,train
13817,10.839070650375335,10.793064,train
16576,76.30367359186545,75.99221,train
3041,41.84557272242807,41.82408,train
15716,201.78551544430667,201.8132,train
13773,86.46661268195652,86.63517,train
9925,10.014648675893918,9.96609,train
3812,49.19054255336985,49.16075,train
10628,59.89579766367838,59.692364,train
13792,8.90268272869505,8.344736,train
10682,45.62472903888442,45.79693,train
14097,36.858562352761474,37.278076,train
214,66.58516636474155,65.39907,train
6200,98.65596999066533,98.667496,train
3218,19.20192266480916,19.17752,train
15416,71.63339382759735,72.225464,train
745,38.10425093874939,38.1061,train
11754,69.70696214856945,69.83995,train
1577,2.606366123918593,2.6254888,train
5447,12.124975352206752,12.066382,train
10778,46.90905076121099,46.198357,train
13753,81.70522876686431,81.695244,train
2751,24.63527893831387,24.468931,train
6260,25.32142942667775,25.06624,train
9743,11.245979387941956,11.436247,train
8902,65.54060841010474,65.31219,train
431,179.04708701101467,178.4978,train
2584,90.56896135270873,90.44742,train
17313,13.681305189167857,14.325773,train
16224,71.5126952436544,71.75609,train
2084,46.48566476712182,45.872856,train
608,3.328531319289431,3.337573,train
5225,80.80332043496549,80.92055,train
3533,19.628813853406385,19.702702,train
13282,103.23350357813172,102.7927,train
10069,54.10904342509948,54.694794,train
9479,80.03415155888028,80.01261,train
8092,55.1604052272772,55.00519,train
18295,104.48871564383238,103.754265,train
3176,8.180433892801254,8.584318,train
12241,95.27995050133204,94.96428,train
17414,46.6663635563764,46.271427,train
10987,59.57543179697275,58.61887,train
13457,34.635546819221005,34.800636,train
18907,105.86133971445166,105.59093,train
15936,4.22054923341766,4.2420034,train
9003,88.31993375128738,88.28211,train
13793,8.90268272869505,8.350483,train
10335,49.52880914978266,49.389523,train
14778,16.774054817925467,17.059872,train
17247,89.98590815117426,89.80912,train
8110,64.87166628595628,64.3417,train
6063,166.17853479893557,165.90479,train
1912,39.33748405428104,39.728085,train
14903,50.439407630704494,50.96835,train
10130,99.25129745411776,99.457924,train
13685,74.59089711105786,74.436264,train
11664,81.59299887306369,80.67854,train
15371,80.93195157639853,80.67358,train
13471,35.06929068218894,35.075672,train
17579,31.74469640013553,31.936516,train
8104,59.89579766367838,59.692364,train
960,44.21359478458822,44.378242,train
1107,109.30466743726038,109.673,train
14726,67.18811819694378,66.65926,train
7837,82.51266906756706,82.72477,train
5370,31.91051408188231,32.249413,train
1358,55.271872386990935,55.278023,train
13018,85.80236635218084,85.86705,train
11584,57.60964815073893,57.64055,train
10919,49.52880914978266,49.748714,train
11952,77.93378927116997,78.02437,train
16877,90.79293338634857,90.71725,train
4331,145.24040847801632,145.55476,train
3241,25.857534399290905,25.88882,train
18938,94.77176287098274,94.164825,train
9505,134.13491032325388,133.93109,train
6788,75.24982629334554,75.07819,train
12554,52.561077422995496,52.929634,train
3640,55.1604052272772,55.29522,train
17387,34.36019909387007,34.658707,train
6794,89.61281744144841,89.57451,train
1426,154.98431615588598,155.03267,train
7343,77.53876431169658,77.60041,train
323,54.721475257382544,54.13476,train
5133,73.5169788308657,74.03488,train
12400,83.53755060546025,83.712326,train
8608,13.645628914737031,13.686924,train
5852,72.67230242637233,72.760475,train
2219,9.839051198642553,9.849857,train
12639,39.2928079640545,39.184063,train
3250,29.77075417333722,29.798998,train
13596,104.53191002397112,104.202126,train
18917,101.40176125573278,101.314095,train
8052,38.88107047950797,38.30488,train
14564,18.448270263304188,19.479584,train
14302,47.982575358036456,47.358765,train
7219,98.11718222077133,98.85125,train
11164,22.34386956684365,22.210978,train
17022,39.33748405428104,39.202232,train
14791,17.633485569278523,17.469439,train
1110,106.2025558056929,106.343155,train
11404,44.21359478458911,44.129055,train
19050,12.046394034663363,12.001185,train
14263,37.48026356057577,37.590824,train
17685,16.57780018172115,16.613422,train
8976,99.25129745411776,99.457924,train
11553,49.29258108243957,49.20718,train
3603,38.88107047950797,38.745293,train
5002,33.39074910958052,33.369724,train
5266,12.885025212225244,12.800112,train
12609,53.18976182780735,53.99855,train
13516,44.66517096340306,44.11076,train
8912,70.13557868690133,70.216515,train
5917,58.48566458724775,58.57877,train
13435,35.5258604479491,36.170746,train
8000,24.10159309622668,24.068232,train
12000,82.46105591073804,82.382996,train
10136,94.86192637572438,95.241425,train
9957,14.34267649792701,14.591819,train
16054,33.717244930192976,33.68749,train
6632,17.650012712740526,19.21051,train
8692,43.749455725793766,43.75151,train
1357,49.00862249254413,49.087788,train
8914,70.13557868690133,70.66665,train
2512,64.95566127753861,64.78445,train
18420,86.82293470300802,87.24902,train
4641,49.0086224925457,48.99863,train
10214,83.13470642646298,83.176704,train
5690,84.57638463785023,84.54642,train
8797,46.16640159983851,45.897114,train
4107,13.792313484057486,13.726273,train
3951,29.533535528411715,29.585348,train
14203,36.99469593104042,36.881283,train
1075,123.0978685654898,123.03057,train
19078,17.4903137095204,17.409086,train
1429,154.98431615588598,155.22076,train
12787,65.83077308186866,65.8657,train
17797,38.74855875286944,38.62893,train
16444,64.10443142186895,64.4862,train
4898,6.442036183009371,6.4377747,train
9116,89.77171705634251,89.667274,train
10306,52.99398689569749,53.050026,train
1118,103.745126530115,103.663345,train
899,19.20192266480916,19.17752,train
9110,89.77171705634251,89.642975,train
8064,42.55205181960314,42.579193,train
11274,5.527128574206158,5.477246,train
10528,24.10159309622668,23.889784,train
2109,55.1604052272772,54.96792,train
7851,77.87315181130059,77.58375,train
2317,44.21359478458822,44.129055,train
18406,84.01038592956453,83.97617,train
12222,110.28871787139632,110.31514,train
6465,36.210240125305205,36.607594,train
2847,44.597910972306806,43.649734,train
8237,16.11129124792047,16.207216,train
18878,133.10289781802356,133.39317,train
11232,56.44692913934201,56.45331,train
14796,18.82198014263801,18.291214,train
13228,143.8247661167656,144.10776,train
12059,107.7381594436571,107.59481,train
2766,24.74816706908628,24.55554,train
13084,69.14676947161414,69.182816,train
2303,38.91593697359398,38.8597,train
7912,78.1767164472726,78.08336,train
9945,12.681740297286362,12.936324,train
8642,22.019205815790663,22.058369,train
3850,64.95566127753808,65.08615,train
16680,80.25361829662151,80.16466,train
12945,61.911697819840086,61.932533,train
2919,80.57929170551442,80.44156,train
10696,44.130221195170286,44.167183,train
584,97.47338258073955,97.72361,train
7797,100.6187540373376,100.65405,train
4278,230.9901536612257,230.94298,train
287,51.178876353782414,52.15536,train
6825,68.70638879452079,68.80248,train
14375,158.73631998820795,157.20148,train
17878,180.7969094795742,180.12476,train
5982,66.87499746459498,67.24505,train
4335,136.76886894565047,136.74638,train
18069,25.04050211213976,25.128967,train
3030,38.72775337298162,38.664196,train
1272,15.977335233233198,16.013798,train
1189,3.328531319289431,3.337573,train
3670,70.03363402017787,69.93388,train
19403,79.48504113105551,79.51438,train
7077,73.68374035525322,73.93762,train
10594,46.48566476712182,46.471283,train
8750,62.25633543844163,62.605537,train
11441,69.43701604268931,69.823746,train
13838,13.514492329014466,13.678675,train
12556,56.318371719454376,56.30082,train
15824,94.254909093602,93.985954,train
9029,83.29477154332817,83.2359,train
3479,89.98590815117426,89.90207,train
3312,201.78551544430667,201.69505,train
8671,33.717244930192976,33.68749,train
14412,119.47607547303537,119.32774,train
156,76.00671399435818,75.72235,train
14127,50.439407630704494,50.741993,train
14050,22.19104778233357,22.850185,train
9023,84.38693654155693,84.29678,train
16449,64.10443142186895,62.8011,train
516,109.30466743726038,108.89172,train
12643,39.2928079640545,40.14688,train
5245,86.00802491357565,86.10957,train
17433,51.441846041956246,52.838394,train
14248,35.06929068218894,35.075672,train
13974,16.314170769820958,16.183086,train
19129,30.88595532017685,30.78333,train
10526,24.10159309622668,23.703693,train
10947,50.93322091321282,51.331482,train
14040,20.33936974007777,20.466835,train
6717,42.55205181960314,42.250557,train
18867,142.84762610413074,143.533,train
8601,11.473018356565088,11.504866,train
7793,100.6187540373376,100.441185,train
7081,71.91197889308408,72.285034,train
19356,62.87797862213373,63.012486,train
1096,113.1117727502116,113.234184,train
223,62.20643544097513,61.226627,train
848,8.180433892801254,8.071619,train
4632,43.29863673312746,43.32351,train
7449,30.8733631927149,30.850037,train
9441,75.52912062238612,75.89174,train
2412,36.94310571922444,37.44538,train
2016,24.10159309622668,23.977007,train
14943,168.1502886891345,169.01445,train
10284,58.6937159884268,59.04985,train
8950,117.94057501366258,117.85631,train
17987,90.5009001330304,90.73607,train
17842,57.78179082659215,59.15768,train
16856,89.42090092796712,89.45764,train
8240,18.89411765969292,18.911312,train
7739,62.845748849996326,63.042892,train
16507,152.8177784761153,152.46039,train
10372,52.38623850151688,52.790382,train
6781,70.03363402017787,70.285706,train
2917,80.57929170551442,80.373856,train
2274,25.857534399290905,25.88882,train
28,89.57234360169679,89.771225,train
12345,72.80691569376961,73.067406,train
17688,16.57780018172115,16.901295,train
15015,107.5197399548222,107.34631,train
14407,119.47607547303537,119.95959,train
10627,59.89579766367838,59.539715,train
11920,81.78283210079856,81.64707,train
11526,45.64933795175344,45.901047,train
436,166.17853479893557,166.90967,train
11126,11.747596709247082,11.700321,train
13395,47.10789941727601,47.199505,train
3334,149.10252861042588,148.40398,train
10207,82.69911139745801,82.79339,train
11720,69.14676947161414,68.9335,train
15046,96.9560797736986,96.95446,train
17571,28.80702918062262,29.478521,train
277,51.5337561017549,51.9931,train
8693,43.749455725793766,43.75151,train
6307,34.339930274970904,34.170742,train
15587,11.473018356565088,11.504866,train
15836,92.03325910726882,91.45511,train
16372,49.17258922572702,49.121998,train
3422,92.03325910726882,92.22599,train
11551,49.29258108243957,49.7488,train
13574,65.83077308186866,67.04819,train
4004,44.597910972306806,44.559593,train
7406,23.053352899871395,22.94602,train
17499,17.141358034855276,17.054129,train
8191,7.914848156370223,7.931517,train
7733,62.845748849996326,62.389473,train
10418,62.87797862213373,62.240757,train
1784,12.885025212225244,12.818392,train
8274,29.402411149110645,29.427898,train
1964,14.147402430467531,14.127201,train
17065,59.31238391810723,59.238514,train
7383,19.89991539202705,19.742804,train
12869,60.81262844049596,60.85424,train
18352,84.38693654155693,84.19025,train
3942,27.727713592149392,27.995998,train
2780,26.320863792397155,26.816523,train
21,95.27995050133204,95.158424,train
13159,76.6667816523841,76.43045,train
16658,75.16417987128504,75.146194,train
7761,135.2198141561254,135.52371,train
16830,89.59649952596679,90.17414,train
12440,36.41164086407028,36.048073,train
5600,48.41170998900376,48.70409,train
11627,75.02114224725477,75.42203,train
13657,78.80500521273352,78.807915,train
16888,91.48002635649718,91.19564,train
8665,29.402411149110645,29.467646,train
7240,84.57638463785023,84.22164,train
6738,50.68801501365044,50.55953,train
16067,38.48840493675039,38.530453,train
695,18.731792724897712,18.767061,train
13232,134.16905500217058,134.9433,train
6466,36.210240125305205,36.204906,train
1996,19.628813853406385,19.702702,train
7333,75.16417987128645,75.17663,train
8419,39.53055859179817,39.45479,train
7752,135.2198141561254,135.19768,train
14207,36.99469593104042,36.756386,train
15231,83.29477154332817,83.27113,train
5331,21.22276810141124,21.716677,train
3099,67.18811819694348,67.03688,train
17503,17.141358034855276,18.438162,train
4047,63.896198456162885,64.49955,train
11663,81.59299887306369,81.028046,train
18422,86.82293470300802,86.90006,train
5816,80.25361829662151,80.78957,train
14238,34.635546819221005,34.84531,train
16027,22.019205815790663,22.058369,train
9425,75.72806675637788,75.86691,train
739,33.39074910957999,33.369724,train
16208,71.63339382759735,71.643654,train
7581,24.5889875058797,25.524502,train
54,80.93195157639853,80.57445,train
16825,90.5009001330304,90.45095,train
8735,78.77344906209804,78.01662,train
9349,100.6187540373376,100.54707,train
13776,86.46661268195652,86.213776,train
4601,29.125965987027584,29.158512,train
4713,24.789633367188944,25.625965,train
9875,54.10904342509948,53.872993,train
16884,91.48002635649718,91.41616,train
17380,30.88595532017685,31.619625,train
9882,60.34709742131263,60.083797,train
9254,48.96526861625701,48.96967,train
1133,101.86758015295236,101.8043,train
1090,113.1117727502116,113.187515,train
12444,36.41164086407028,36.63732,train
15225,84.38693654155693,84.286285,train
4092,12.885025212225244,12.936545,train
17461,67.80500732074917,68.258385,train
17154,105.8033985466063,106.22171,train
3711,36.41164086407028,36.45805,train
2540,152.8177784761153,153.02042,train
3754,36.94310571922444,36.877323,train
16617,70.5776831156227,70.668846,train
8782,49.56838968278535,49.575172,train
12206,84.52419181559287,84.4113,train
6165,101.86758015295236,101.64737,train
14455,95.65935721790642,96.24704,train
7547,67.18811819694348,67.63116,train
1675,18.731792724897712,18.767061,train
19410,83.55792357754082,83.57277,train
11713,69.8994010800787,69.84066,train
16586,73.68374035525322,73.56079,train
16356,48.10528443505019,47.54148,train
3031,38.72775337298162,38.49571,train
10126,99.25129745411776,99.36236,train
5650,119.35792066219084,119.14004,train
5217,78.2395703036289,77.93983,train
14759,16.08629542413324,16.247976,train
1928,48.41170998900376,48.637505,train
11339,16.405241459442376,16.341652,train
12138,78.70967419713557,79.46597,train
13525,47.982575358036456,47.358765,train
12146,78.04583599126548,78.26509,train
7898,76.77816930527605,76.66134,train
17188,94.254909093602,93.8732,train
13988,16.08629542413324,16.529524,train
16151,84.82941053361527,84.88547,train
16661,75.16417987128504,75.097305,train
14007,16.774054817925467,16.498241,train
15029,99.73165781686828,99.75837,train
16112,110.28871787139632,110.31514,train
3859,64.95566127753808,64.78445,train
9867,48.39717757559769,48.63295,train
8224,13.645628914737031,13.686924,train
16735,137.09122808053337,136.72174,train
13711,74.34851013209767,74.40754,train
1178,2.606366123918593,2.6254888,train
16678,80.25361829662151,80.338844,train
3606,38.88107047950797,38.705265,train
8164,4.22054923341766,4.2420034,train
15526,3.3460458597073703,3.3082185,train
19084,17.4903137095204,18.379307,train
14899,50.439407630704494,50.832584,train
9091,86.82293470300802,86.90006,train
16115,110.28871787139632,110.11979,train
9428,75.72806675637788,75.986435,train
2768,25.32142942667775,25.48799,train
1252,11.384421137066337,11.406518,train
14265,37.48026356057577,37.41517,train
13146,74.30450585772448,74.126625,train
2493,60.456358375515045,60.652863,train
9788,18.42630454709299,19.02851,train
14413,119.47607547303537,118.50521,train
6736,50.68801501365044,50.631424,train
15547,5.260504433154911,5.1478662,train
9434,75.52912062238612,75.84959,train
11110,8.180433892801254,8.584318,train
6300,31.73671877096429,32.13119,train
2680,73.22704486211128,73.03814,train
10179,84.38693654155693,83.99213,train
16704,180.7969094795742,181.36038,train
4789,45.250987390322535,45.025436,train
1723,38.10425093875088,38.1061,train
5745,70.8998858391393,70.881584,train
10470,83.55792357754082,83.78442,train
15839,90.5009001330304,90.73607,train
12303,73.5169788308657,73.733894,train
8226,13.645628914737031,13.686924,train
18066,26.05871153969042,26.1219,train
13085,69.14676947161414,69.14566,train
3837,56.318371719454376,56.064857,train
13488,37.48026356057577,37.41517,train
217,66.58516636474155,67.40198,train
12576,64.95566127753808,65.100586,train
3709,37.38629228613615,37.434944,train
6570,60.456358375515045,60.36712,train
15454,72.80691569376961,72.77202,train
2516,69.76848318728358,69.49403,train
5287,14.865809293936342,14.842435,train
13948,49.2822347368218,49.63754,train
6656,24.10159309622668,23.977007,train
1550,99.4907361299304,99.44911,train
4497,5.227697523949966,5.272317,train
4667,18.448270263304188,18.49637,train
9098,86.82293470300802,87.038826,train
9590,81.7828321007955,82.34282,train
180,83.53755060546071,83.69536,train
8251,22.019205815790663,22.058369,train
14143,61.55125893730588,61.306587,train
1802,13.792313484057486,13.827803,train
18305,99.25129745411776,98.68535,train
4820,57.39162304208823,57.398907,train
17378,30.88595532017685,30.610275,train
5564,35.43032585388161,34.993633,train
4178,25.935608876074404,26.232615,train
7439,28.678520203607828,28.43094,train
2286,29.77075417333722,29.798998,train
2898,69.52453059841163,68.86512,train
12730,41.80739580968886,40.78278,train
13309,94.85645482862957,94.339226,train
4051,69.52453059841163,68.86512,train
17776,31.74469640013553,30.574957,train
1732,38.10425093875088,38.109734,train
13103,69.0602255325774,69.39423,train
12715,39.410668208964985,39.520985,train
3446,89.59649952596679,89.686066,train
6499,39.53055859179817,39.215645,train
10380,52.38623850151688,52.01588,train
18281,117.94057501366258,117.85631,train
10334,49.52880914978266,49.85962,train
9468,78.17671644727096,78.25333,train
17673,16.20097931775689,16.301691,train
8942,117.94057501366258,117.90979,train
10307,52.99398689569749,52.821487,train
9777,16.25018195930533,16.563759,train
1965,14.147402430467531,14.178031,train
312,53.11407662346408,52.374653,train
5415,53.62497940433934,53.25445,train
5640,152.8177784761153,153.02042,train
17263,90.79293338634857,90.699036,train
4774,38.72775337298162,38.88969,train
8330,62.85838899590023,62.84564,train
7646,30.322774918295444,29.828983,train
5085,89.57234360169679,90.51494,train
17696,17.141358034855276,17.1701,train
3782,41.380738858681696,41.711777,train
8319,55.89167516914279,55.912247,train
10289,58.6937159884268,57.76894,train
9131,19.89991539202705,19.570345,train
7536,62.1233802776967,62.391533,train
6945,66.87499746459498,67.13344,train
7749,68.41269006792136,68.6544,train
3012,33.2646262088608,32.90869,train
1284,18.731792724897712,18.768688,train
18844,182.32680590471207,182.07227,train
5913,58.48566458724775,58.657787,train
19014,90.55535075755104,90.51352,train
11443,69.43701604268931,71.13662,train
7259,76.30367359186545,76.35657,train
3470,89.98590815117426,90.17609,train
11474,52.60873127102636,52.029552,train
9914,8.967662639453113,8.860306,train
14220,35.5258604479491,35.97005,train
9327,115.30303150446332,115.45118,train
12296,73.5169788308657,73.5037,train
2913,75.23466307522513,75.611336,train
15746,149.10252861042588,148.76984,train
5399,43.65657505930208,43.961834,train
13620,92.83718812970534,93.29747,train
17741,22.02913768609874,22.685673,train
11181,29.77075417333722,29.736755,train
17181,97.23410613085656,97.1484,train
15624,18.89411765969292,18.911312,train
151,76.00671399435818,75.98608,train
4399,106.2025558056929,105.962494,train
5777,73.22704486211128,73.32753,train
2320,44.21359478458822,44.378242,train
18039,90.79293338634857,90.69364,train
17669,16.20097931775689,16.319546,train
6536,49.19054255336955,49.173725,train
15361,84.82941053361527,85.02166,train
3512,15.826709276493416,15.77135,train
2553,119.35792066219084,119.07569,train
14990,118.73948000326068,118.5509,train
5134,73.5169788308657,73.5037,train
5843,77.41176032874927,77.277435,train
16951,19.28254456595652,19.362429,train
17856,69.92772157818914,69.743256,train
16742,127.03771421016312,127.97897,train
4113,14.865809293936342,15.038185,train
18270,126.44708143304572,126.538666,train
846,8.180433892801254,8.071619,train
11039,79.48504113105551,79.51438,train
12308,72.29320847026757,72.04348,train
4708,24.789633367188944,24.627636,train
19177,51.441846041956246,50.937202,train
11025,75.03655084716752,74.65812,train
10517,21.77517690158367,21.304049,train
2020,24.10159309622668,24.028494,train
1116,106.2025558056929,105.9435,train
15946,5.260504433154911,5.1478662,train
15124,93.50643630226388,93.44377,train
15664,33.717244930192976,33.68749,train
6136,109.30466743726038,108.89172,train
2492,56.318371719458256,56.546078,train
1878,28.753615695926324,28.785961,train
9711,8.085620495190993,7.833195,train
9024,84.38693654155693,84.286285,train
16917,13.792313484057486,14.0003,train
9830,34.1577503463269,33.63571,train
10810,54.79280587614715,55.2068,train
9055,82.69911139745801,82.823616,train
8215,11.473018356565088,11.504866,train
6911,58.991170602037386,58.59582,train
7506,48.96526861625701,48.56339,train
1581,2.606366123918593,2.6254888,train
6454,35.86295586622186,36.207703,train
12298,73.5169788308657,73.37374,train
13797,8.90268272869505,8.788569,train
4659,62.12878854692645,62.113365,train
4782,41.84557272242807,42.083603,train
2103,55.1604052272772,55.29522,train
18757,31.06582383188345,29.166916,train
16568,79.88545352007553,79.51024,train
13385,53.18976182780735,53.43904,train
2272,22.34386956684365,22.653292,train
7109,70.8890994699993,71.44121,train
7794,100.6187540373376,100.54707,train
6144,106.2025558056929,106.11767,train
16408,53.47823699991465,52.729908,train
4245,53.62497940433934,53.75197,train
11767,72.34090204261534,72.36732,train
2482,52.561077422993925,52.929634,train
5344,25.935608876074404,25.60239,train
6464,36.210240125305205,36.509556,train
17904,137.09122808053337,136.89745,train
12970,70.098803480824,69.880135,train
12398,83.53755060546025,83.72428,train
2951,21.429473611547053,21.335878,train
11416,50.04341124314845,50.090683,train
14156,67.62832117387488,67.152985,train
13284,103.23350357813172,103.53161,train
12993,77.7528643276994,77.87474,train
7221,98.11718222077133,98.77677,train
4518,7.85908552453503,7.9066777,train
447,154.98431615588598,154.88538,train
5330,21.22276810141124,21.404392,train
8467,49.19054255336985,49.51489,train
4697,23.053352899871395,23.040556,train
5050,62.12878854692645,62.113365,train
10171,86.04998768751986,85.938385,train
3134,3.624115801788345,3.6457982,train
7620,25.97444591185257,26.158817,train
18773,34.52159133738391,35.584133,train
12281,77.79019270718537,77.74841,train
9109,89.77171705634251,89.6598,train
1896,35.43032585388161,35.204132,train
14449,98.77373433068,98.67962,train
15811,97.23410613085656,97.376396,train
7630,27.10406914375708,26.806261,train
12763,51.76031579593137,51.86315,train
15190,91.2397572047843,91.48173,train
6538,49.19054255336955,48.728607,train
15689,49.5370430474446,49.54989,train
10797,51.72251594763205,51.361492,train
16198,72.29320847026757,72.04348,train
235,58.69889415199623,57.80888,train
8403,36.94310571922444,36.687035,train
3346,137.09122808053337,136.72174,train
18851,167.15995000247077,166.30063,train
10924,49.49174784981139,49.394287,train
9688,84.52419181559287,84.57158,train
17597,38.74855875286944,38.62893,train
18976,89.35596223722666,89.22751,train
19360,62.87797862213373,62.067097,train
18089,24.74816706908628,24.884186,train
961,44.21359478458822,44.378242,train
3443,89.59649952596679,89.74099,train
16987,25.935608876074404,26.232615,train
11794,76.6667816523841,76.76202,train
11191,34.113034957437215,34.095257,train
7425,26.657804872047155,26.438696,train
11935,78.70967419713587,78.61066,train
7746,68.41269006792136,68.91385,train
12367,76.00671399435468,76.36461,train
4308,166.17853479893557,166.90967,train
16525,119.35792066219084,118.8445,train
7499,45.250987390322535,45.184357,train
11775,72.34090204261534,72.33179,train
548,101.86758015295236,101.8043,train
10932,49.964974571776985,50.159805,train
592,97.47338258073955,97.636856,train
3662,64.87166628595628,64.3417,train
16632,70.8890994699993,70.97318,train
3191,11.747596709247082,11.700321,train
1627,7.85908552453503,7.9066777,train
2902,69.52453059841163,69.375465,train
4486,4.196221297202333,4.204997,train
8412,38.05130976592272,37.983067,train
7339,75.16417987128645,75.161644,train
14623,28.678520203607828,29.006702,train
15966,7.914848156370223,7.931517,train
15999,16.11129124792047,16.207216,train
3080,57.39162304208823,57.27558,train
5695,84.57638463785023,84.22164,train
17064,59.31238391810723,59.474895,train
3131,3.624115801788345,3.5554862,train
18364,83.29477154332817,83.363144,train
4978,25.27984779576332,25.35617,train
13654,78.80500521273352,78.31396,train
6418,38.91834885517143,38.802532,train
833,6.750079908713624,6.5304766,train
18886,124.675830889654,124.83353,train
12131,78.70967419713557,78.65374,train
16313,50.733368627516406,50.617844,train
18770,34.52159133738391,33.24963,train
124,71.91030133184738,72.07515,train
2418,38.05130976592272,37.696667,train
12862,62.82498618409738,63.028435,train
18221,63.896198456162885,63.682194,train
3348,137.09122808053337,136.55998,train
3696,38.91834885517143,38.52957,train
11041,83.55792357754082,82.93673,train
4991,29.125965987027584,29.158512,train
9481,80.03415155888028,80.123535,train
9981,20.89376771053955,20.760881,train
15001,112.6599718133244,111.93221,train
12232,102.11244006090304,102.48801,train
5738,70.8998858391393,70.987114,train
12670,34.767713483007924,34.466652,train
12054,107.7381594436571,108.0721,train
7091,70.8998858391393,70.88589,train
4394,109.30466743726038,109.673,train
15346,89.57234360169679,89.771225,train
15219,86.04998768751986,86.00631,train
15826,94.254909093602,94.30458,train
8843,47.53432583996549,48.004612,train
4563,15.977335233233198,16.00739,train
9776,16.25018195930533,16.439459,train
11494,47.46331387653679,47.28268,train
1404,193.8751524679473,193.9494,train
15300,88.48216304859169,88.505844,train
9426,75.72806675637788,75.79787,train
18799,47.12291119309999,46.763847,train
8026,29.34578260289036,29.772373,train
7823,85.85337627290696,85.94471,train
17404,42.23549826962851,41.281628,train
16999,31.91051408188231,31.365007,train
4195,31.91051408188231,32.067623,train
7532,62.1233802776967,61.801266,train
1920,43.65657505930208,44.07967,train
5343,25.935608876074404,25.9675,train
6318,37.34804120151974,36.92004,train
15073,92.49987338269456,92.76344,train
5891,60.81262844049596,60.85424,train
15705,55.89167516914279,55.912247,train
13296,96.9560797736986,96.60189,train
15985,11.473018356565088,11.504866,train
8194,7.914848156370223,7.931517,train
13126,70.8035239631433,71.07706,train
10285,58.6937159884268,59.010197,train
1140,100.48928695862324,100.315636,train
8635,18.89411765969292,18.911312,train
10888,52.99398689569749,52.588467,train
16432,60.937760889072194,61.890934,train
15976,9.570229866524786,9.544644,train
4878,4.196221297202333,4.204997,train
17508,17.95913696269572,17.958519,train
1037,154.98431615588598,154.65883,train
8777,49.56838968278535,49.281116,train
16653,73.22704486211128,73.09905,train
6706,38.88107047950797,38.745293,train
8659,29.402411149110645,29.427898,train
4683,19.89991539202705,20.361694,train
15099,92.69393389813976,92.84785,train
10342,49.49174784981139,49.592995,train
11807,82.2895007905107,82.18315,train
3254,29.77075417333722,29.798998,train
18010,89.25950270069107,89.5271,train
16062,38.48840493675039,38.530453,train
18825,57.62164698064543,59.089962,train
6343,48.84238573144443,48.51808,train
13992,16.251795051003693,16.239462,train
2354,37.38629228613615,37.213825,train
10781,46.90905076121099,46.911556,train
13357,92.69393389813976,92.84785,train
1303,25.27984779576332,25.35617,train
7775,115.30303150446332,115.29552,train
5627,65.47137652330578,65.40065,train
15815,97.23410613085656,96.943306,train
10788,49.09810003248252,49.06864,train
9480,80.03415155888028,80.04082,train
12846,68.70638879452079,68.73118,train
6530,46.20624283129268,45.637924,train
8246,18.89411765969292,18.911312,train
10674,47.57393441184789,47.431984,train
8455,46.20624283129268,45.637924,train
1279,18.731792724897712,18.767061,train
1352,49.00862249254413,48.99863,train
14734,67.18811819694378,67.280075,train
17130,127.03771421016312,126.865456,train
12698,36.02701366128638,35.999367,train
10222,83.13470642646298,83.257454,train
16941,17.59043680885926,17.440369,train
17706,17.95913696269572,17.970264,train
6430,37.38629228613615,37.549854,train
14113,45.4925622387705,45.142063,train
16273,78.23957030362628,78.1103,train
1542,100.48928695862324,100.37349,train
11989,80.66666767817244,80.74821,train
2639,70.8998858391393,70.98921,train
9753,12.681740297286362,12.495666,train
480,129.4267602168825,129.11305,train
16779,101.0511292541869,100.61363,train
19111,24.782599128301666,25.2021,train
13472,35.06929068218894,35.309002,train
4216,39.33748405428104,39.728905,train
19361,62.87797862213373,62.240757,train
1655,13.53610473193936,13.554237,train
3084,57.39162304208823,57.528656,train
13364,92.69393389813976,92.6013,train
12420,38.91834885517143,38.802532,train
5778,73.22704486211128,73.27229,train
719,25.27984779576332,25.35617,train
9848,38.44992203777068,38.76794,train
10071,60.34709742131263,60.083797,train
7038,84.57638463785023,84.69423,train
8311,49.5370430474446,49.54989,train
2102,50.68801501365044,51.32193,train
19380,70.67888709810615,70.13366,train
12663,35.5258604479491,35.97005,train
7903,76.77816930527605,76.74368,train
14934,67.62832117387488,68.156784,train
267,52.42282758556679,53.812065,train
5687,84.57638463785023,84.69423,train
3457,89.25950270069107,89.56723,train
6434,36.41164086407028,36.45805,train
5513,21.22276810141124,21.029137,train
14258,36.02701366128638,35.66489,train
5113,77.79019270718656,77.77254,train
2275,25.857534399290905,25.88882,train
9280,62.1233802776967,61.717037,train
8479,56.318371719454376,56.30082,train
5995,70.098803480824,70.11877,train
2307,38.91593697359398,38.8597,train
13152,74.30450585772448,74.66794,train
1536,100.48928695862324,100.38317,train
2666,70.8890994699993,71.00051,train
2345,38.91834885517143,38.63942,train
11147,16.40524145944573,16.341652,train
2244,16.40524145944573,16.340355,train
6909,58.991170602037386,58.851948,train
999,211.02994799979388,211.12189,train
14005,16.774054817925467,17.059872,train
16560,84.57638463785023,84.69868,train
3455,89.25950270069107,89.28969,train
9780,18.42630454709299,17.69839,train
4405,103.745126530115,103.663345,train
5715,76.30367359186545,76.09723,train
11893,87.37869480347202,87.55173,train
9366,89.93891881356173,90.133736,train
9959,14.34267649792701,14.672668,train
15109,93.28231569539822,93.56779,train
13062,72.90167939974636,73.50506,train
2519,69.76848318728358,70.110504,train
9762,14.34267649792701,14.127016,train
4196,31.91051408188231,32.038887,train
7101,70.5776831156227,70.774796,train
2052,32.289249758728964,32.737614,train
15009,107.5197399548222,106.86267,train
17316,15.49099131419465,15.168692,train
18808,52.14885440372348,51.754047,train
7666,34.88593569122836,34.957417,train
2413,38.05130976592272,38.07008,train
9078,84.01038592956453,83.96434,train
19272,50.09922712517202,50.330044,train
5139,73.5169788308657,73.235176,train
18628,84.52419181559287,84.63847,train
1890,31.91051408188231,32.249413,train
13509,41.80739580968886,41.253918,train
2154,2.9065837811274826,2.9311738,train
15718,201.78551544430667,202.36295,train
675,13.53610473193936,13.554237,train
10566,35.46372651810452,35.331287,train
11330,13.92854978889145,13.922574,train
11848,115.23290406090766,115.58454,train
5333,23.43298254652068,22.928267,train
12174,79.27542778284364,79.123856,train
10923,49.49174784981139,49.678635,train
6766,64.87166628595628,64.777054,train
10805,54.79280587614715,54.860985,train
11783,74.30450585772448,74.19211,train
5929,58.30263960140757,58.14309,train
6080,145.24040847801632,145.12863,train
5983,66.87499746459498,67.23312,train
9201,33.2646262088608,33.18929,train
1834,19.28254456595652,19.049597,train
2081,42.55205181960314,43.292965,train
13042,78.081523194867,77.68432,train
17745,23.96684006413348,23.087358,train
13329,92.49987338269456,92.471725,train
11297,8.180433892801254,8.071619,train
3333,149.10252861042588,149.25272,train
17576,31.74469640013553,30.574957,train
13035,78.081523194867,78.012955,train
8537,2.618505311135724,2.6760576,train
16267,78.23957030362628,78.3705,train
8499,64.95566127753808,65.100586,train
599,2.606366123918593,2.6254888,train
2702,77.53876431170232,77.30157,train
17558,26.22042757385485,26.023413,train
14037,20.33936974007777,20.03787,train
6577,64.95566127753861,64.730225,train
16531,107.5602418843858,107.36626,train
13335,92.14301126701253,92.24298,train
7403,23.053352899871395,22.80288,train
11363,25.85753439928986,25.88882,train
9345,100.6187540373376,101.14703,train
13565,65.83077308186866,64.80074,train
8003,24.10159309622668,24.046299,train
8138,2.618505311135724,2.653271,train
9031,83.29477154332817,83.13553,train
7872,75.72806675637788,75.95438,train
7573,24.5889875058797,23.587442,train
11168,22.34386956684365,22.653292,train
511,113.1117727502116,113.234184,train
18777,38.33307963061296,37.37909,train
643,7.85908552453503,7.9066777,train
17069,65.47137652330578,64.64294,train
7784,107.39789478589,107.25064,train
16016,18.89411765969292,18.911312,train
17941,105.8033985466063,105.98187,train
5419,53.62497940433934,53.866196,train
8011,26.620833128631787,26.35618,train
15649,29.402411149110645,29.427898,train
12816,83.01808144823141,82.57808,train
16438,60.937760889072194,59.88127,train
8169,5.260504433154911,5.1478662,train
1621,6.442036183009371,6.4377747,train
1879,28.753615695926324,28.556334,train
2587,84.57638463785023,84.69423,train
7007,119.35792066219084,118.8445,train
8383,35.86295586622186,35.41084,train
3363,118.62582953904092,118.775085,train
7942,84.60291252746202,84.41571,train
8333,62.85838899590023,62.841156,train
13719,74.95067169957674,74.92764,train
18101,25.32142942667775,25.626308,train
1146,100.48928695862324,100.20015,train
15837,92.03325910726882,91.91374,train
8779,49.56838968278535,48.60308,train
19391,75.03655084716752,74.805885,train
2810,31.73671877096429,31.93841,train
11464,56.75820297103196,55.8318,train
14160,67.62832117387488,67.73456,train
18335,88.31993375128738,88.129524,train
6997,134.14502085001388,134.24054,train
8641,22.019205815790663,22.058369,train
376,69.71997296559415,70.05388,train
18719,20.307928329934253,19.594128,train
19327,54.316367961579786,54.602337,train
13692,74.22415281450986,73.80204,train
12011,84.52419181559615,84.56942,train
10158,88.31993375128738,88.129524,train
18804,47.12291119309999,47.88874,train
4607,33.39074910958052,33.380863,train
4283,211.02994799979388,211.60492,train
14026,18.82198014263801,18.921144,train
19137,34.36019909387007,33.050762,train
16021,22.019205815790663,22.058369,train
5761,70.8890994699993,70.67987,train
5896,60.81262844049596,60.55077,train
18444,89.77171705634251,89.4981,train
9197,30.8733631927149,30.725729,train
13181,82.2895007905107,82.452675,train
11476,52.60873127102636,53.062305,train
9391,82.51266906756706,82.2025,train
14561,18.448270263304188,18.672619,train
19366,66.59566485208973,66.640465,train
15889,90.79293338634857,91.09006,train
12162,78.3521209153635,78.40375,train
13182,82.2895007905107,82.56895,train
3684,75.24982629334554,75.01637,train
4942,13.53610473193936,13.554237,train
2363,36.41164086407028,36.635117,train
16693,83.09935595306658,83.19932,train
7561,72.52135855398946,72.788284,train
10914,49.52880914978266,49.389523,train
15738,163.4865892910184,163.38269,train
11438,78.77344906209804,78.01662,train
5730,71.91197889308408,72.285034,train
8142,2.618505311135724,2.653271,train
6460,35.86295586622186,35.57699,train
4362,123.0978685654898,123.03057,train
18299,104.48871564383238,103.888084,train
8747,62.25633543844163,62.110977,train
16414,55.61817953038767,56.160477,train
3992,40.76621946032643,40.639736,train
5864,68.70638879452079,68.54846,train
2301,34.113034957437215,34.270653,train
17422,46.6663635563764,47.54864,train
8235,16.11129124792047,16.207216,train
9637,77.93378927116997,78.20088,train
1587,3.328531319289431,3.337573,train
7134,73.22704486211128,73.05103,train
17675,16.264210965298563,16.229313,train
1979,15.826709276493416,15.753683,train
18559,78.70967419713557,78.65374,train
13253,118.73948000326068,118.48695,train
3371,111.6113573414681,111.87398,train
2190,5.527128574206158,5.699221,train
8295,38.48840493675039,38.530453,train
18925,101.40176125573278,101.3837,train
4866,3.328531319289431,3.337573,train
18118,27.727713592149392,27.771503,train
10754,43.79476634692401,43.45167,train
11924,79.94703553493463,79.93792,train
17486,16.57780018172115,16.841494,train
16713,163.4865892910184,163.86838,train
15736,163.4865892910184,163.33182,train
10,102.11244006090304,102.31547,train
13802,9.788304130248129,9.409529,train
2570,98.11718222077316,98.80778,train
865,11.747596709247082,11.700321,train
13513,41.80739580968886,41.50992,train
2601,79.88545352007553,79.039635,train
14159,67.62832117387488,67.81304,train
13912,35.03272103717059,34.360493,train
10365,50.93322091321282,50.470253,train
9739,10.014648675893918,10.368,train
2118,59.89579766367838,59.539715,train
8506,64.95566127753808,65.53842,train
17049,53.62497940433934,53.173378,train
27,95.27995050133204,95.1858,train
11028,75.03655084716752,74.9536,train
13100,68.87072465156034,69.117355,train
7662,34.88593569122836,34.334858,train
13749,79.44225220967748,79.270065,train
7606,25.15665334339559,25.402584,train
19091,19.694692079282625,19.745148,train
7918,80.03415155888104,79.92158,train
4483,3.328531319289431,3.337573,train
16132,95.27995050133204,94.91141,train
6663,26.620833128631787,26.410604,train
2726,83.09935595306658,83.34552,train
13543,51.76031579593137,51.86315,train
11727,68.87072465156034,69.4232,train
8820,45.64933795175344,45.706757,train
13270,107.5197399548222,107.36355,train
4162,23.43298254652068,23.130537,train
793,2.9065837811274826,2.9311738,train
17455,67.80500732074917,67.17154,train
13872,21.74656491623193,20.97622,train
10474,14.147402430467531,14.178031,train
2035,29.34578260289036,28.901499,train
15,102.11244006090304,101.58138,train
18687,14.802361789347977,13.537289,train
7715,52.83913101702683,52.672523,train
11276,5.527128574206158,5.699221,train
16754,118.62582953904092,118.17296,train
11390,34.11303495743982,34.270653,train
14635,33.2646262088608,33.356304,train
341,59.349496697382925,59.476707,train
9973,18.42630454709299,18.423258,train
16185,73.5169788308657,74.03488,train
3683,75.24982629334554,74.81566,train
5082,95.27995050133204,95.1858,train
10445,75.03655084716752,74.73667,train
8477,52.561077422995496,52.929634,train
4297,193.8751524679473,193.9494,train
7845,79.86598582053819,79.67533,train
8316,49.5370430474446,49.54989,train
13784,8.163467965221182,7.843508,train
11620,75.02114224725477,74.3507,train
4813,53.00734926713273,53.25966,train
5042,55.27187238699012,55.28068,train
16077,43.749455725793766,43.75151,train
9831,34.1577503463269,33.8409,train
2941,19.89991539202705,19.861284,train
14487,90.34178504057668,90.30803,train
13594,104.53191002397112,105.44033,train
17210,90.5009001330304,90.45095,train
2485,56.318371719458256,56.329796,train
6925,61.911697819840086,61.87771,train
1940,53.62497940433934,53.821316,train
4315,166.17853479893557,165.90479,train
11257,3.624115801788345,3.5554862,train
15905,91.48002635649718,91.245255,train
14462,95.65935721790642,95.6166,train
3856,64.95566127753808,65.15795,train
6614,15.826709276493416,15.749682,train
18654,9.788308558714837,10.986903,train
13441,35.5258604479491,35.698433,train
10874,55.4430882998278,55.039234,train
5474,14.865809293936342,14.78712,train
173,80.80332043496549,80.534874,train
15965,7.914848156370223,7.931517,train
3557,24.10159309622668,24.028494,train
12425,37.38629228613615,37.36279,train
19232,58.6937159884268,57.76894,train
1853,23.43298254652068,22.928267,train
6141,109.30466743726038,109.25093,train
2327,50.04341124314785,50.090683,train
15297,86.82293470300802,86.829056,train
17290,10.57203228982024,11.386513,train
10251,86.82293470300802,86.7555,train
4767,38.72775337298162,38.572956,train
13204,168.1502886891345,168.51967,train
11914,81.78283210079856,81.70917,train
532,106.2025558056929,106.372086,train
15712,62.85838899590023,62.841156,train
16219,71.5126952436544,71.83821,train
7145,75.16417987128504,75.161644,train
1251,11.384421137066337,11.406518,train
8697,43.749455725793766,43.75151,train
9032,83.29477154332817,83.06023,train
15224,84.38693654155693,84.29678,train
14920,61.55125893730588,61.640873,train
6559,56.318371719458256,55.70036,train
2933,18.448270263304188,18.672619,train
6865,59.37382867606714,59.374832,train
3930,26.320863792397155,26.425512,train
5434,65.47137652330578,65.522285,train
2653,70.5776831156227,70.81345,train
6770,64.87166628595628,65.27021,train
3280,44.21359478458822,44.129055,train
9418,76.50234292040042,76.385185,train
11150,16.40524145944573,16.88041,train
7767,124.5037870661705,124.204185,train
17331,17.4903137095204,18.081343,train
19184,51.441846041956246,51.752956,train
10846,71.55151215670094,71.06757,train
3878,74.77670776968412,74.907906,train
2730,26.05871153969042,25.270697,train
8082,50.68801501365044,50.630047,train
4877,4.196221297202333,4.204997,train
4116,14.865809293936342,14.807899,train
3062,48.96526861625701,48.96967,train
10273,62.90876193978079,63.270237,train
8363,36.41164086407028,36.048073,train
3752,36.94310571922444,37.25002,train
1593,4.196221297202333,4.204997,train
13349,92.24483243250832,92.40382,train
1292,21.824079935423136,21.875692,train
9449,75.8861492644395,75.96571,train
16817,92.03325910726882,91.91374,train
812,3.624115801788345,3.6457982,train
3659,59.89579766367838,60.09257,train
5166,71.5126952436544,71.758125,train
219,62.20643544097513,62.28423,train
17204,90.5009001330304,90.73607,train
11051,2.9065837811274826,2.9311738,train
15832,92.03325910726882,91.619804,train
9519,123.96214174002029,123.908585,train
13882,24.534383850610403,23.585386,train
8134,75.24982629334554,75.334274,train
4544,11.384421137066337,11.406518,train
6298,31.73671877096429,31.753874,train
14058,24.386290598811208,24.928797,train
1449,136.76886894565047,137.14384,train
5127,75.33592393483191,74.925514,train
12436,36.41164086407028,36.45805,train
14621,28.678520203607828,28.492159,train
8823,45.64933795175344,45.901047,train
18380,82.69911139745801,82.986046,train
879,13.92854978889145,13.922574,train
14730,67.18811819694378,67.63116,train
10910,50.09922712517202,49.745075,train
16848,89.25950270069107,89.434135,train
12611,53.18976182780735,51.53712,train
18083,24.63527893831387,23.967028,train
10512,21.77517690158367,21.566051,train
14591,23.053352899871395,22.60919,train
6163,101.86758015295236,102.063484,train
16909,13.792313484057486,13.731997,train
2528,74.77670776968583,74.5675,train
3399,101.0511292541869,101.65079,train
12757,51.76031579593137,51.76824,train
14771,16.251795051003693,16.825365,train
2846,40.76621946032643,41.439327,train
3704,37.38629228613615,37.040253,train
8586,7.914848156370223,7.931517,train
2446,43.604537301970495,44.268726,train
2491,56.318371719458256,56.51358,train
16397,51.68892331520587,50.761345,train
16819,90.5009001330304,90.73607,train
15845,90.5009001330304,90.45095,train
19076,17.4903137095204,16.71053,train
6509,41.380738858681696,40.706326,train
14470,93.24564903744712,92.825485,train
15259,82.69911139745801,83.16256,train
9186,28.678520203607828,28.43094,train
16477,75.34654859935269,74.72889,train
16682,80.25361829662151,80.34896,train
12219,110.28871787139632,110.14645,train
19023,91.1828236948467,91.22322,train
974,56.44692913934201,56.45331,train
18431,88.48216304859169,88.49593,train
13207,168.1502886891345,168.44472,train
18386,82.69911139745801,82.823616,train
2141,70.03363402017787,70.285706,train
16302,86.00802491357506,86.0168,train
7498,45.250987390322535,44.29186,train
10413,62.87797862213373,63.012486,train
4172,25.935608876074404,25.61341,train
17320,15.49099131419465,16.026121,train
4989,29.125965987027584,29.158512,train
11710,69.8994010800787,69.48715,train
13830,12.074428136633635,12.285213,train
5426,59.31238391810723,59.174854,train
5797,77.53876431170232,77.82569,train
16649,73.22704486211128,73.03814,train
16520,119.35792066219084,118.639465,train
17444,62.03409074627981,61.029778,train
19034,9.244705548457503,9.928328,train
9163,24.789633367188944,24.168653,train
16637,71.78670881619587,71.80506,train
12179,80.66666767817155,80.61447,train
13521,44.66517096340306,44.180195,train
1509,106.2025558056929,106.01326,train
16593,73.68374035525322,73.7552,train
1906,39.33748405428104,39.202232,train
10454,79.48504113105551,79.090866,train
18604,79.27542778284364,79.4509,train
15538,4.22054923341766,4.2420034,train
11743,69.0602255325774,69.18241,train
13397,47.10789941727601,46.593327,train
5020,43.29863673312746,43.32351,train
9919,8.967662639453113,9.182015,train
15877,89.42090092796712,89.40554,train
5568,35.43032585388161,35.67125,train
4509,6.442036183009371,6.4377747,train
18652,9.788308558714837,10.2425375,train
3208,16.40524145944573,16.340355,train
12687,35.06929068218894,35.274662,train
15271,84.01038592956453,84.02288,train
13944,49.2822347368218,49.408154,train
10393,56.716123866601365,57.462643,train
6846,62.82498618409738,62.69338,train
11012,70.67888709810615,70.826935,train
14528,90.86910077663212,90.67748,train
2477,52.561077422993925,52.313,train
17787,35.05216416707113,33.82663,train
15059,93.38657295807928,93.49987,train
17066,59.31238391810723,59.651134,train
12604,74.77670776968412,74.97292,train
16217,71.5126952436544,71.75498,train
5616,59.31238391810723,59.174854,train
9651,79.27542778284364,79.328285,train
18413,85.2707950135868,84.954094,train
17099,163.4865892910184,163.66872,train
7470,35.87508543765299,36.108562,train
9016,86.04998768751986,85.7157,train
2638,70.8998858391393,70.987114,train
5970,64.1404088665598,64.08307,train
17407,42.23549826962851,42.15017,train
11223,50.04341124314785,50.090683,train
11393,38.91593697359488,38.8597,train
10487,15.826709276493416,15.910532,train
5453,12.885025212225244,12.739803,train
19004,89.83454371793471,89.83226,train
995,211.02994799979388,210.89342,train
17619,47.383642487349135,47.061436,train
9804,23.676009316847548,23.466991,train
318,54.721475257382544,54.82594,train
11732,68.87072465156034,69.044365,train
4995,33.39074910958052,33.380863,train
8508,69.76848318728075,69.748695,train
17072,65.47137652330578,65.436066,train
3409,97.23410613085656,97.32814,train
1245,9.499438230882436,9.494648,train
18858,154.1130580278585,155.88855,train
3501,14.147402430467531,14.127201,train
12209,86.49796272771329,86.45653,train
1685,21.824079935423136,21.875692,train
2729,26.05871153969042,25.5619,train
13601,104.53191002397112,104.28525,train
8423,39.53055859179817,39.006973,train
12542,49.19054255336985,48.601173,train
16939,17.59043680885926,17.341724,train
15427,71.5126952436544,71.798676,train
13244,125.86447482244527,125.51878,train
3307,201.78551544430667,201.8132,train
4176,25.935608876074404,26.017103,train
1151,99.4907361299304,99.62274,train
8020,29.34578260289036,28.901499,train
14725,67.18811819694378,66.87246,train
11805,79.3711852446667,79.752205,train
4466,2.606366123918593,2.6254888,train
6610,14.147402430467531,14.318845,train
5575,39.33748405428104,38.769466,train
7070,73.68374035525322,73.386284,train
5437,65.47137652330578,65.40065,train
9750,12.681740297286362,12.048165,train
16591,73.68374035525322,73.32668,train
14650,35.87508543765299,35.775776,train
5661,107.5602418843858,107.8424,train
3361,118.62582953904092,118.67028,train
6283,29.533535528411715,29.110868,train
4776,41.84557272242807,41.388935,train
9799,20.89376771053955,21.655931,train
13774,86.46661268195652,86.55655,train
12180,80.66666767817155,80.70997,train
9399,79.86598582053819,79.757095,train
905,22.34386956684365,22.210978,train
8545,3.3460458597073703,3.458318,train
13341,92.14301126701253,92.29185,train
5808,80.25361829662151,80.26228,train
13937,44.07024791149557,44.24788,train
18837,182.32680590471207,182.62318,train
18702,16.438024087071643,17.13637,train
4596,29.125965987027584,29.18679,train
19384,70.67888709810615,71.28294,train
13683,74.59089711105786,74.371994,train
19371,66.59566485208973,65.66053,train
14800,18.82198014263801,19.097364,train
9119,18.448270263304188,18.583294,train
14214,35.5258604479491,35.41046,train
809,3.624115801788345,3.5554862,train
13535,51.76031579593137,49.86577,train
12203,84.52419181559287,84.43176,train
16488,79.40102080305233,79.360146,train
9149,23.053352899871395,23.087055,train
153,76.00671399435818,75.69106,train
15291,86.82293470300802,87.04098,train
3102,67.18811819694348,67.63116,train
19126,30.88595532017685,29.904982,train
7082,71.91197889308408,72.34558,train
4318,154.98431615588598,155.03267,train
10145,91.2397572047843,91.4632,train
16679,80.25361829662151,80.20081,train
11900,87.37869480347202,87.23996,train
15639,25.51278413365878,25.587753,train
9891,7.349844286016002,7.2374244,train
15615,16.11129124792047,16.207216,train
15671,38.48840493675039,38.530453,train
2936,18.448270263304188,19.479584,train
15912,2.618505311135724,2.653271,train
3909,24.63527893831387,24.782763,train
18606,79.27542778284364,79.47773,train
11486,49.56838968278535,50.07774,train
17759,26.22042757385485,25.818317,train
4201,35.43032585388161,34.993633,train
16464,71.35912677124634,71.46967,train
16625,70.5776831156227,70.859276,train
9556,95.84505322335384,96.20756,train
1709,29.125965987027584,29.158512,train
92,72.2932084702675,72.126396,train
15414,72.29320847026757,72.71709,train
4593,25.27984779576332,25.35617,train
5355,28.753615695926324,28.319248,train
19151,38.13815414182142,37.997726,train
792,62.12878854692645,62.113365,train
7629,27.10406914375708,27.043634,train
3100,67.18811819694348,66.701775,train
1678,18.731792724897712,18.768688,train
3932,26.320863792397155,26.557158,train
15022,103.23350357813172,103.205444,train
268,51.5337561017549,51.913925,train
13970,61.22157397051245,61.560753,train
18933,97.72361435380132,97.61163,train
12538,49.19054255336985,49.173725,train
15031,99.73165781686828,99.889366,train
3883,26.05871153969042,25.270697,train
4614,33.39074910958052,33.369724,train
12602,74.77670776968412,74.86002,train
13752,81.70522876686431,81.895424,train
14776,16.774054817925467,16.592888,train
9789,18.42630454709299,19.070436,train
8232,16.11129124792047,16.207216,train
11483,49.56838968278535,49.139187,train
15360,84.82941053361527,84.23789,train
11427,56.446929139341634,56.45331,train
8593,9.570229866524786,9.544644,train
9422,76.50234292040042,76.5374,train
16101,62.85838899590023,62.84564,train
635,6.442036183009371,6.4377747,train
1640,9.499438230882436,9.494648,train
7287,70.89988583913944,70.84919,train
12514,41.380738858681696,41.92225,train
18392,83.13470642646298,83.121346,train
17946,105.8033985466063,106.09279,train
18934,97.72361435380132,97.77095,train
2336,56.44692913934201,56.45331,train
11510,45.5844800104469,45.871742,train
13503,39.410668208964985,39.728386,train
7636,28.550776752841173,28.468525,train
16012,18.89411765969292,18.911312,train
16536,98.11718222077316,98.40355,train
6994,134.14502085001388,134.09515,train
791,62.12878854692645,62.113365,train
3403,97.23410613085656,97.0074,train
87,73.5169788308657,73.66961,train
4322,154.98431615588598,154.92917,train
10873,55.4430882998278,55.114975,train
18791,42.52531704241395,42.207077,train
3120,2.9065837811274826,2.9311738,train
6681,29.34578260289036,29.772373,train
15684,43.749455725793766,43.75151,train
2370,36.41164086407028,36.591293,train
10863,58.6937159884268,59.04985,train
3440,89.59649952596679,89.87332,train
8908,70.13557868690133,69.699646,train
15296,86.82293470300802,86.8329,train
14765,16.251795051003693,16.239462,train
2598,79.88545352007553,79.309135,train
8507,64.95566127753808,64.78445,train
17324,17.4903137095204,16.71053,train
5802,77.53876431170232,77.30157,train
18993,89.38401259047933,89.42577,train
283,51.178876353782414,51.608234,train
4427,100.48928695862324,100.315636,train
7927,80.03415155888104,80.37263,train
14601,24.789633367188944,24.60082,train
11106,8.180433892801254,8.071619,train
203,71.98462739387922,70.4143,train
2610,76.30367359186545,76.3383,train
8410,38.05130976592272,38.17068,train
1194,3.328531319289431,3.337573,train
2038,29.34578260289036,28.864836,train
8343,38.91834885517143,38.802532,train
18078,24.63527893831387,24.907879,train
13931,39.32963876961686,39.678463,train
14828,24.386290598811208,24.07725,train
5218,78.2395703036289,78.07489,train
5622,59.31238391810723,60.0938,train
2181,4.491537072359547,4.575762,train
9825,30.28249766674213,30.296602,train
16548,90.56896135270873,89.74544,train
17308,13.681305189167857,13.552345,train
5063,110.28871787139632,109.874466,train
5784,73.22704486211128,73.09905,train
7866,76.50234292040042,76.405945,train
13540,51.76031579593137,51.65995,train
1938,53.62497940433934,53.75197,train
13481,36.02701366128638,35.66489,train
16424,58.10615179076552,58.25509,train
16864,89.98590815117426,89.90552,train
17509,17.95913696269572,17.97301,train
8222,13.645628914737031,13.686924,train
787,62.12878854692645,62.113365,train
11329,13.92854978889145,13.922574,train
5448,12.124975352206752,12.028961,train
5991,70.098803480824,69.92318,train
4288,193.8751524679473,194.1263,train
925,29.77075417333722,29.798998,train
15193,91.2397572047843,91.50224,train
2443,43.604537301970495,44.36784,train
15004,112.6599718133244,112.21704,train
2731,26.05871153969042,25.384388,train
361,65.82792957452513,65.49976,train
9890,7.349844286016002,7.2374244,train
5147,72.2932084702675,72.126396,train
1125,103.745126530115,103.435265,train
17530,20.391351361528265,20.361944,train
19299,49.964974571776985,49.646534,train
17456,67.80500732074917,67.40121,train
16227,71.91030133184738,72.09688,train
14869,36.858562352761474,36.74419,train
14667,41.84557272242807,41.978783,train
18733,22.58567457678973,23.135939,train
3800,46.20624283129268,46.495102,train
1447,136.76886894565047,137.0741,train
5677,90.56896135270873,90.2508,train
12574,60.456358375515045,60.599438,train
9488,82.25512726841218,82.19852,train
8712,55.89167516914279,55.912247,train
18490,101.3171290408814,100.92993,train
10793,51.72251594763205,51.65106,train
12087,91.22443951098568,91.14145,train
16739,137.09122808053337,136.92966,train
4568,18.731792724897712,18.768688,train
2999,30.8733631927149,30.794773,train
17908,137.09122808053337,137.42148,train
17815,47.383642487349135,47.02674,train
13973,16.314170769820958,15.740353,train
7144,75.16417987128504,75.17789,train
16871,90.79293338634857,90.69364,train
691,15.977335233233198,16.00739,train
7397,21.429473611547053,21.296007,train
4002,44.597910972306806,44.814774,train
13185,85.05997393992781,84.92068,train
8280,33.717244930192976,33.68749,train
17945,105.8033985466063,105.90976,train
18080,24.63527893831387,24.724924,train
6053,179.04708701101467,178.99586,train
4447,98.65596999066533,98.7753,train
17244,89.98590815117426,90.17609,train
5918,58.132094825297145,58.27441,train
6941,64.1404088665598,64.05254,train
559,100.48928695862324,100.06241,train
7838,79.86598582053819,80.138664,train
9243,45.250987390322535,45.025436,train
7951,14.147402430467531,14.15922,train
8049,38.88107047950797,38.81872,train
14719,62.1233802776967,62.391533,train
374,69.71997296559415,69.9965,train
19204,62.03409074627981,62.324303,train
18823,57.62164698064543,57.68887,train
10699,44.130221195170286,44.200268,train
771,49.00862249254413,48.99863,train
9820,30.28249766674213,29.458336,train
14639,33.2646262088608,33.010788,train
18853,167.15995000247077,167.60458,train
17211,90.5009001330304,90.27221,train
3376,111.6113573414681,111.43207,train
18660,10.849469453369007,10.952045,train
15054,94.85645482862957,94.64118,train
6571,60.456358375515045,60.66006,train
14975,134.16905500217058,134.99236,train
7884,75.52912062238612,75.948044,train
14277,39.410668208964985,39.03081,train
310,53.11407662346408,53.164112,train
15926,3.3460458597073703,3.458318,train
3907,24.63527893831387,24.38742,train
6664,26.620833128631787,26.626043,train
3685,75.24982629334554,75.07819,train
11468,56.75820297103196,57.649258,train
13608,98.2154014561832,98.14944,train
18060,26.05871153969042,25.270697,train
8439,43.604537301970495,44.44274,train
18417,85.2707950135868,85.20569,train
13972,16.314170769820958,16.26288,train
3401,97.23410613085656,97.21221,train
4914,7.85908552453503,7.9066777,train
17299,12.046394034663363,12.213049,train
4237,48.41170998900376,48.70409,train
19251,52.99398689569749,52.809727,train
4141,19.28254456595652,19.049597,train
2410,36.94310571922444,37.14505,train
7484,41.84557272242807,41.978783,train
14740,72.52135855398811,72.88914,train
3921,25.32142942667775,25.48799,train
16822,90.5009001330304,90.451935,train
3259,34.113034957437215,34.095257,train
6185,99.4907361299304,99.68879,train
14299,44.66517096340306,44.682747,train
18983,89.35596223722666,89.81817,train
11105,8.180433892801254,8.071619,train
12139,78.04583599126548,78.00522,train
10886,52.99398689569749,52.821487,train
12256,84.82941053361527,84.71786,train
11600,65.54060841010474,64.99947,train
3530,19.628813853406385,19.09317,train
11073,4.491537072359547,4.313355,train
9208,33.2646262088608,33.68766,train
10117,104.48871564383238,104.34033,train
6970,73.76729204182922,73.71784,train
8390,36.210240125305205,36.607594,train
10397,56.716123866601365,56.248188,train
6287,29.533535528411715,29.371069,train
11903,84.24741541524314,83.76094,train
5511,19.28254456595652,19.496342,train
1170,97.47338258073955,97.77398,train
638,6.442036183009371,6.4377747,train
2368,36.41164086407028,36.048073,train
18067,25.04050211213976,25.120773,train
18474,115.23290406090766,115.54791,train
6637,19.628813853406385,19.467037,train
11170,22.34386956684365,22.653292,train
14586,23.053352899871395,22.80288,train
9527,115.23290406090766,115.54791,train
8258,25.51278413365878,25.587753,train
13828,12.074428136633635,12.372725,train
17250,89.98590815117426,89.57442,train
10973,56.716123866601365,57.29373,train
4615,38.10425093875088,38.1061,train
12989,77.7528643276994,77.84126,train
15326,110.28871787139632,110.11979,train
5431,59.31238391810723,59.60877,train
9486,82.25512726841218,82.191216,train
10409,59.57543179697275,59.76876,train
1642,9.499438230882436,9.494648,train
13827,12.074428136633635,11.908722,train
4475,3.328531319289431,3.337573,train
2319,44.21359478458822,44.129055,train
19139,34.36019909387007,34.658707,train
18493,101.3171290408814,101.03444,train
14094,36.858562352761474,36.03652,train
13209,155.05412004324748,154.9666,train
18340,86.04998768751986,86.47805,train
9171,26.657804872047155,26.843239,train
656,9.499438230882436,9.501294,train
14039,20.33936974007777,20.46854,train
14468,93.24564903744712,93.05443,train
12900,58.132094825297145,58.1978,train
9883,60.34709742131263,60.063057,train
13650,81.32847275704384,81.41631,train
6888,58.132094825297145,58.1978,train
10164,86.04998768751986,85.68935,train
13864,19.273701242015807,19.191793,train
18684,13.338584715915395,13.537179,train
5391,39.33748405428104,39.84168,train
17498,17.141358034855276,17.182278,train
5988,70.098803480824,69.94272,train
16818,92.03325910726882,92.035095,train
3495,91.48002635649718,91.41616,train
13450,34.767713483007924,34.466652,train
8969,104.48871564383238,103.7727,train
16827,90.5009001330304,90.44589,train
18416,85.2707950135868,85.25093,train
18135,29.533535528411715,29.8967,train
5598,48.41170998900376,48.637505,train
10472,14.147402430467531,14.353399,train
3255,29.77075417333722,29.798998,train
11505,46.16640159983851,46.78646,train
13921,35.03272103717059,35.92627,train
9500,84.60291252746008,84.511925,train
13976,16.314170769820958,16.35458,train
8178,6.4852329987035695,6.548349,train
16259,76.00671399435468,75.96938,train
10514,21.77517690158367,21.805954,train
8426,39.53055859179817,39.4795,train
1482,117.68636585320668,117.61924,train
15211,86.04998768751986,85.68935,train
14897,50.439407630704494,49.806843,train
2399,36.210240125305205,36.168213,train
6493,39.53055859179817,39.770218,train
18514,91.22443951098568,91.303604,train
15928,3.3460458597073703,3.458318,train
12511,41.380738858681696,40.706326,train
1156,99.4907361299304,99.470345,train
13765,84.17406753255614,84.37674,train
11629,96.6886854171183,96.74889,train
8136,75.24982629334554,75.473305,train
6806,83.01808144823141,83.01627,train
12628,42.58610637454368,42.715668,train
1408,179.04708701101467,178.2714,train
16782,101.0511292541869,101.18552,train
1036,154.98431615588598,154.61703,train
11715,69.8994010800787,70.54311,train
1109,106.2025558056929,106.11767,train
11440,69.43701604268931,70.315475,train
17636,57.78179082659215,57.41027,train
5779,73.22704486211128,73.00138,train
13324,93.38657295807928,93.598656,train
3610,42.55205181960314,42.276257,train
710,21.824079935423136,21.884987,train
11266,4.491537072359547,4.575762,train
14473,93.24564903744712,93.458595,train
16788,101.0511292541869,101.65079,train
7196,119.357920662184,119.14004,train
3839,56.318371719454376,56.546078,train
10854,62.90876193978079,62.35513,train
7580,24.5889875058797,24.982038,train
9947,12.681740297286362,12.898361,train
8896,65.54060841010474,65.06503,train
16490,79.40102080305233,79.64335,train
8611,13.645628914737031,13.686924,train
279,51.178876353782414,51.439854,train
13173,82.2895007905107,82.58533,train
7796,100.6187540373376,100.178566,train
939,34.113034957437215,34.270653,train
7214,98.11718222077133,98.98018,train
10272,89.77171705634251,90.33795,train
18795,42.52531704241395,43.45342,train
6573,64.95566127753861,65.08615,train
5493,17.59043680885926,17.341724,train
923,29.77075417333722,29.736755,train
18590,78.3521209153635,78.40375,train
2157,2.9065837811274826,2.9311738,train
14913,55.80060084695734,56.553207,train
10676,47.57393441184789,48.003696,train
13740,77.52447914202958,76.97226,train
4562,15.977335233233198,16.00739,train
1267,13.53610473193936,13.554237,train
18611,80.66666767817155,80.493004,train
12986,77.7528643276994,77.81071,train
3959,29.533535528411715,29.741903,train
11912,81.78283210079856,82.34282,train
9623,78.04583599126548,77.98133,train
7057,79.88545352007553,79.67848,train
3723,35.919888386123255,36.07838,train
6194,98.65596999066533,98.823265,train
19414,83.55792357754082,83.78442,train
4649,55.27187238699012,55.278023,train
1741,43.29863673312746,43.33353,train
16008,16.11129124792047,16.207216,train
9811,26.79723709025756,26.141285,train
3644,55.1604052272772,55.00519,train
5668,98.11718222077316,98.98018,train
15606,16.11129124792047,16.207216,train
7507,48.96526861625701,48.96967,train
2364,36.41164086407028,36.45805,train
1506,106.2025558056929,105.68646,train
6209,97.47338258073955,97.61555,train
4732,28.678520203607828,28.43094,train
18948,92.49960703964835,91.95421,train
19186,56.56699701702424,55.66606,train
8808,45.5844800104469,45.709995,train
13962,61.22157397051245,60.38651,train
1715,33.39074910958052,33.380863,train
10946,50.93322091321282,50.582233,train
8824,45.64933795175344,46.619804,train
17424,51.441846041956246,51.00989,train
823,5.527128574206158,5.477246,train
13768,84.17406753255614,83.997444,train
6325,40.76621946032643,40.639736,train
9666,80.66666767817155,80.76311,train
16753,118.62582953904092,117.944824,train
751,38.10425093874939,38.109734,train
7811,89.93891881356173,90.133736,train
3979,34.339930274970904,34.301147,train
2249,16.40524145944573,16.341652,train
15460,74.18155972707093,73.96687,train
7490,41.84557272242807,41.414,train
757,43.29863673312664,43.32351,train
13479,36.02701366128638,35.789474,train
8408,38.05130976592272,38.07008,train
13158,76.6667816523841,76.44577,train
9629,78.04583599126548,78.187904,train
14389,136.11990722925268,134.80748,train
17158,105.8033985466063,105.98187,train
9193,30.8733631927149,30.614407,train
108,71.5126952436544,72.15397,train
529,106.2025558056929,106.01326,train
18959,90.8660920550722,90.923706,train
15868,89.25950270069107,89.434135,train
7076,73.68374035525322,73.62137,train
8035,32.289249758728964,32.303925,train
9446,75.8861492644395,76.060295,train
17140,118.62582953904092,118.268555,train
2704,77.53876431170232,77.41541,train
7284,70.89988583913944,70.98921,train
15802,101.0511292541869,101.18552,train
1230,7.85908552453503,7.9066777,train
19042,10.57203228982024,11.386513,train
5976,64.1404088665598,64.199066,train
17630,52.35653033478938,52.15024,train
11757,70.8035239631433,70.73682,train
11194,34.113034957437215,34.095257,train
1570,97.47338258073955,97.509544,train
16035,25.51278413365878,25.587753,train
5663,107.5602418843858,107.435,train
11942,78.04583599126548,78.00522,train
16994,28.753615695926324,28.785961,train
17660,69.92772157818914,69.88798,train
16091,55.89167516914279,55.912247,train
6857,60.81262844049596,60.85424,train
8205,9.570229866524786,9.544644,train
5164,71.5126952436544,71.798676,train
10074,60.34709742131263,60.063057,train
9725,8.967662639453113,8.931216,train
15258,82.69911139745801,82.98408,train
2979,26.657804872047155,26.843239,train
12828,72.67230242637233,72.44513,train
7054,79.88545352007553,79.69383,train
11328,13.92854978889145,13.922574,train
11120,9.839051198642553,10.28264,train
620,4.196221297202333,4.204997,train
9512,134.13491032325388,134.43414,train
4316,166.17853479893557,166.65753,train
15345,95.27995050133204,95.1858,train
17195,92.03325910726882,91.90891,train
11454,62.25633543844163,62.394062,train
1578,2.606366123918593,2.6254888,train
17096,180.7969094795742,180.66588,train
11624,75.02114224725477,75.317535,train
19070,15.49099131419465,15.540473,train
6940,64.1404088665598,64.083336,train
8051,38.88107047950797,38.745293,train
9324,124.5037870661705,124.29851,train
8488,60.456358375515045,60.652863,train
11198,34.113034957437215,34.270653,train
11592,61.34974693767026,60.939816,train
8990,91.2397572047843,91.39868,train
13721,74.95067169957674,74.84692,train
18027,89.98590815117426,90.17609,train
13196,183.50675596781025,183.40732,train
2338,56.44692913934201,56.45331,train
16954,19.28254456595652,19.287996,train
18450,134.13491032325388,134.38051,train
12962,66.87499746459498,67.21807,train
4289,193.8751524679473,194.12605,train
17206,90.5009001330304,91.22275,train
11089,5.527128574206158,5.699221,train
10270,89.77171705634251,89.667274,train
16895,12.124975352206752,12.167575,train
13256,118.73948000326068,118.973305,train
3042,41.84557272242807,41.763073,train
15252,82.69911139745801,82.70441,train
6220,26.05871153969042,25.65664,train
16307,52.53979191594191,51.842186,train
10295,55.4430882998278,55.039234,train
5011,38.10425093875088,38.109734,train
19262,51.23740717945918,51.189087,train
2484,56.318371719458256,56.30082,train
3286,44.21359478458822,44.378242,train
13879,21.74656491623193,22.296993,train
12822,77.41176032874927,77.47458,train
11539,47.53432583996549,47.78834,train
11272,5.527128574206158,5.477246,train
14595,24.789633367188944,25.059502,train
10538,26.620833128631787,26.51333,train
9355,94.83357335355618,95.40014,train
5670,98.11718222077316,98.80778,train
3272,38.91593697359398,38.8597,train
15381,77.79019270718537,77.80147,train
13306,94.85645482862957,94.498184,train
18330,88.31993375128738,88.63043,train
7850,77.87315181130059,77.75723,train
1549,99.4907361299304,99.31202,train
7015,107.5602418843858,107.19753,train
12905,58.132094825297145,58.327507,train
14558,18.448270263304188,18.344553,train
9062,83.13470642646298,83.17793,train
3232,22.34386956684365,22.653292,train
14664,38.72775337298162,38.88969,train
2887,63.896198456162885,63.65356,train
12295,73.5169788308657,74.03488,train
3285,44.21359478458822,44.378242,train
11487,49.56838968278535,49.980927,train
16374,49.17258922572702,48.580788,train
5772,71.78670881619587,71.537415,train
6723,46.48566476712182,46.01385,train
19012,90.55535075755104,90.454834,train
6372,58.5236929318425,58.8221,train
10159,88.31993375128738,88.59394,train
16916,13.792313484057486,13.726273,train
7936,82.25512726841278,82.50553,train
17748,23.96684006413348,23.747894,train
14882,40.96669871801392,40.99047,train
4928,11.384421137066337,11.406518,train
9232,41.84557272242807,41.50096,train
13633,84.47098482884549,84.6596,train
14786,17.633485569278523,17.07227,train
1750,49.0086224925457,48.99863,train
11763,70.8035239631433,70.57604,train
1644,11.384421137066337,11.406518,train
11603,65.54060841010474,65.47403,train
7709,48.45056948106192,48.89965,train
11074,4.491537072359547,4.313355,train
7419,24.789633367188944,24.976704,train
14161,67.62832117387488,68.156784,train
11058,2.9065837811274826,2.9311738,train
2622,73.68374035525322,73.32668,train
12504,39.53055859179817,40.035217,train
4887,5.227697523949966,5.272317,train
1187,2.606366123918593,2.6254888,train
4271,230.9901536612257,231.11435,train
4364,123.0978685654898,123.417656,train
6986,152.8177784761153,153.12772,train
586,97.47338258073955,97.46439,train
19249,52.99398689569749,53.050026,train
3072,53.00734926713273,52.871582,train
111,71.5126952436544,71.758125,train
15192,91.2397572047843,91.4632,train
1437,145.24040847801632,145.57738,train
18488,101.3171290408814,101.426575,train
4175,25.935608876074404,25.806873,train
12636,39.2928079640545,39.024868,train
13136,72.34090204261534,72.359726,train
11988,80.66666767817244,80.76311,train
15402,73.5169788308657,73.235176,train
18751,27.940862928093075,27.490679,train
16039,29.402411149110645,29.427898,train
1953,65.47137652330578,64.64294,train
11575,54.343834943578464,54.71319,train
13089,69.14676947161414,69.12075,train
11084,5.527128574206158,5.477246,train
18160,37.34804120151974,36.99116,train
4868,3.328531319289431,3.337573,train
8569,6.4852329987035695,6.548349,train
19112,24.782599128301666,25.049309,train
2152,75.24982629334554,75.59649,train
10352,49.964974571776985,50.13041,train
7949,14.147402430467531,14.127201,train
7913,78.1767164472726,78.25333,train
16714,163.4865892910184,162.52832,train
11457,62.25633543844163,61.82489,train
9030,83.29477154332817,83.27113,train
16610,70.8998858391393,71.09998,train
11350,19.20192266480916,19.17752,train
4329,145.24040847801632,145.57738,train
3389,105.8033985466063,106.09279,train
1630,7.85908552453503,7.9066777,train
8434,41.380738858681696,40.706326,train
12667,34.767713483007924,34.65178,train
3720,35.919888386123255,36.362762,train
2437,41.380738858681696,41.368233,train
17739,22.02913768609874,22.401155,train
2934,18.448270263304188,19.09638,train
18339,88.31993375128738,88.63529,train
7675,37.70223435850963,37.51417,train
13428,36.99469593104042,36.820892,train
19174,46.6663635563764,47.54864,train
2024,26.620833128631787,26.626043,train
8716,55.89167516914279,55.912247,train
9653,79.27542778284364,79.29854,train
4567,18.731792724897712,18.767061,train
14028,18.82198014263801,18.786789,train
19043,10.57203228982024,10.920115,train
12457,35.86295586622186,35.89559,train
880,13.92854978889145,13.922574,train
14430,107.32601858936177,107.88306,train
12004,84.52419181559615,84.48331,train
4808,53.00734926713273,52.853027,train
6954,70.098803480824,69.94272,train
16011,18.89411765969292,18.911312,train
13396,47.10789941727601,46.786045,train
577,98.65596999066533,99.14127,train
14398,136.11990722925268,136.4519,train
15713,62.85838899590023,62.841156,train
9192,30.8733631927149,30.661623,train
16587,73.68374035525322,73.1226,train
7976,17.650012712740526,17.571037,train
3160,6.750079908713624,6.840165,train
17608,42.852961632253525,42.572113,train
17850,63.65496035831079,64.11099,train
6440,36.41164086407028,36.591293,train
8721,62.85838899590023,62.841156,train
19286,49.49174784981139,50.03309,train
13370,93.28231569539822,93.104866,train
11136,13.92854978889145,13.922574,train
1605,5.227697523949966,5.272317,train
11006,66.59566485208973,65.88848,train
17338,19.694692079282625,20.05706,train
2641,70.8998858391393,71.09998,train
9596,81.7828321007955,81.24936,train
10549,29.34578260289036,29.353964,train
19357,62.87797862213373,63.095066,train
547,101.86758015295236,101.71551,train
10444,75.03655084716752,74.9786,train
4324,154.98431615588598,154.65883,train
10604,50.68801501365044,50.559875,train
131,72.80691569376819,72.74371,train
14367,173.02629337346764,172.46716,train
16498,83.09327843384654,83.10297,train
18944,94.77176287098274,94.773796,train
4231,48.41170998900376,48.098736,train
15471,76.00671399435468,75.69106,train
3152,5.527128574206158,5.699221,train
12229,102.11244006090304,101.86663,train
7703,48.45056948106192,47.908756,train
18817,57.62164698064543,56.82714,train
12329,71.5126952436544,71.83821,train
503,113.1117727502116,113.53855,train
8960,110.67568302020096,110.057396,train
10855,62.90876193978079,62.660416,train
14503,89.76736722751878,89.706314,train
4944,13.53610473193936,13.554237,train
11923,79.94703553493463,79.81268,train
7906,76.77816930527605,76.679115,train
4832,62.1233802776967,62.967136,train
5499,17.59043680885926,17.66791,train
9137,19.89991539202705,20.361694,train
19086,19.694692079282625,18.89914,train
13078,69.8994010800787,70.130875,train
18480,107.7381594436571,108.02098,train
10097,117.94057501366258,118.28546,train
13421,39.2928079640545,39.156628,train
669,11.384421137066337,11.406518,train
12996,96.6886854171183,96.74889,train
10134,99.25129745411776,98.99949,train
4119,14.865809293936342,15.172736,train
9594,81.7828321007955,81.62892,train
8561,5.260504433154911,5.1478662,train
11669,78.081523194867,78.26173,train
11528,45.64933795175344,46.18424,train
5769,71.78670881619587,71.679276,train
13794,8.90268272869505,8.76436,train
16269,78.23957030362628,77.93983,train
7491,41.84557272242807,42.46466,train
1387,230.9901536612257,230.94298,train
5367,31.91051408188231,32.172653,train
7911,78.1767164472726,78.10809,train
13067,71.14396606839321,70.78319,train
7149,77.53876431170232,77.60041,train
16233,71.91030133184738,72.08633,train
14803,18.82198014263801,19.14265,train
12786,65.83077308186866,65.439316,train
14034,20.33936974007777,20.174334,train
13994,16.251795051003693,16.36071,train
2237,13.92854978889145,13.922574,train
10663,50.014011392149406,49.336887,train
6375,63.896198456162885,63.62687,train
13751,79.44225220967748,79.38081,train
6367,58.5236929318425,58.366745,train
18639,86.49796272771329,86.450935,train
17133,127.03771421016312,126.552185,train
12973,70.098803480824,70.11877,train
12884,59.37382867606714,59.334435,train
8458,49.19054255336985,50.514988,train
6974,77.7528643276994,77.81071,train
4443,99.4907361299304,99.470345,train
8945,117.94057501366258,118.09688,train
18175,40.76621946032643,40.54443,train
15784,111.6113573414681,111.77706,train
1221,6.442036183009371,6.4377747,train
3582,32.289249758728964,32.269215,train
12431,37.38629228613615,37.26813,train
15187,94.86192637572438,95.33987,train
11498,47.46331387653679,47.66777,train
11356,22.34386956684365,22.653292,train
3076,53.00734926713273,53.636948,train
1246,9.499438230882436,9.494648,train
16567,79.88545352007553,79.309135,train
18009,89.25950270069107,89.2863,train
9411,77.87315181130059,77.45237,train
12043,115.23290406090766,115.26751,train
13267,107.5197399548222,106.86267,train
2448,43.604537301970495,42.44073,train
14926,67.62832117387488,67.06037,train
2214,9.839051198642553,9.849857,train
1974,15.826709276493416,15.749682,train
13573,65.83077308186866,66.865265,train
13583,71.34845173855356,71.42352,train
5716,76.30367359186545,76.110054,train
15136,126.44708143304572,126.356766,train
6992,134.14502085001388,134.3781,train
8024,29.34578260289036,29.526272,train
16396,51.68892331520587,51.277668,train
4693,21.429473611547053,21.8418,train
1455,129.4267602168825,129.31442,train
17914,127.03771421016312,127.11506,train
17135,118.62582953904092,118.67028,train
664,11.384421137066337,11.406518,train
8083,50.68801501365044,50.55953,train
15543,4.22054923341766,4.2420034,train
8869,54.343834943578464,54.62988,train
663,11.384421137066337,11.406518,train
18223,63.896198456162885,63.99928,train
4765,38.72775337298162,38.31582,train
5680,90.56896135270873,89.864395,train
10022,34.1577503463269,33.80997,train
5311,17.59043680885926,17.564714,train
15960,7.914848156370223,7.931517,train
1514,103.745126530115,103.859184,train
19100,22.120024226901386,22.441399,train
1446,136.76886894565047,137.03738,train
17173,101.0511292541869,101.65079,train
12593,69.76848318728075,69.955,train
12991,77.7528643276994,77.91201,train
596,2.606366123918593,2.6254888,train
457,145.24040847801632,145.57738,train
10712,42.41210118412853,43.354385,train
5471,13.792313484057486,14.0003,train
5048,62.12878854692645,62.113365,train
15720,201.78551544430667,202.10912,train
12607,53.18976182780735,52.390633,train
17674,16.264210965298563,15.557073,train
8921,75.02114224725477,75.317535,train
6847,62.82498618409738,62.763783,train
12185,80.66666767817155,80.76311,train
18321,91.2397572047843,91.39868,train
5175,71.91030133184738,72.09688,train
4171,25.935608876074404,25.60239,train
17894,149.10252861042588,148.76984,train
10048,43.186882593766825,43.251297,train
13626,88.28473895319611,88.31278,train
13791,8.163467965221182,8.749135,train
10148,91.2397572047843,91.26966,train
7575,24.5889875058797,24.530378,train
17445,62.03409074627981,61.60732,train
12895,58.48566458724775,58.57877,train
4828,62.1233802776967,61.82455,train
12055,107.7381594436571,107.70457,train
1707,29.125965987027584,29.158512,train
10417,62.87797862213373,62.067097,train
5549,28.753615695926324,28.556334,train
1822,16.125116344342604,16.189238,train
10244,86.82293470300802,87.04098,train
13869,19.273701242015807,19.646374,train
8206,9.570229866524786,9.544644,train
7180,152.8177784761153,153.12772,train
9329,115.30303150446332,115.62618,train
14638,33.2646262088608,33.225307,train
19306,50.93322091321282,51.198273,train
18995,89.38401259047933,89.38745,train
16431,58.10615179076552,58.37933,train
6929,61.911697819840086,61.79042,train
1607,5.227697523949966,5.272317,train
6626,17.650012712740526,17.624046,train
9823,30.28249766674213,30.377312,train
18790,42.52531704241395,42.148407,train
19159,42.23549826962851,42.15017,train
18286,110.67568302020096,110.75226,train
16694,83.09935595306658,83.381516,train
14459,95.65935721790642,95.79231,train
8555,4.22054923341766,4.2420034,train
6281,27.727713592149392,27.87228,train
9036,83.29477154332817,83.34048,train
1991,17.650012712740526,17.571037,train
14101,36.858562352761474,38.05217,train
12610,53.18976182780735,51.02044,train
6703,38.88107047950797,38.416077,train
17062,59.31238391810723,59.174854,train
5888,60.81262844049596,61.323257,train
14992,118.73948000326068,118.551735,train
13965,61.22157397051245,61.229733,train
16769,105.8033985466063,106.22171,train
13563,60.69477696945295,61.247005,train
7212,107.56024188438542,108.391106,train
18079,24.63527893831387,24.949902,train
18151,34.339930274970904,34.170742,train
18921,101.40176125573278,100.99727,train
16386,50.2526064803528,49.196163,train
18931,97.72361435380132,97.75478,train
13720,74.95067169957674,74.864075,train
8266,25.51278413365878,25.587753,train
12319,71.63339382759735,71.54572,train
2394,36.210240125305205,36.509556,train
13470,35.06929068218894,34.78634,train
5059,110.28871787139632,110.36747,train
3079,57.39162304208823,57.147022,train
7308,70.8890994699993,70.97318,train
11585,57.60964815073893,57.66082,train
17594,38.74855875286944,37.99557,train
8621,16.11129124792047,16.207216,train
7141,75.16417987128504,75.153275,train
17802,38.74855875286944,39.40877,train
14884,40.96669871801392,42.271328,train
3952,29.533535528411715,29.471075,train
10522,24.10159309622668,23.783201,train
15030,99.73165781686828,100.03718,train
5377,35.43032585388161,35.027885,train
4990,29.125965987027584,29.158512,train
16210,71.63339382759735,71.84898,train
2174,4.491537072359547,4.313355,train
14836,26.936990316598862,26.23011,train
1619,6.442036183009371,6.4377747,train
7402,23.053352899871395,23.087055,train
18456,134.13491032325388,133.94725,train
10651,70.03363402017787,70.32531,train
85,73.5169788308657,73.320656,train
17522,19.038942421022504,19.24517,train
8890,61.34974693767026,60.842205,train
17821,47.383642487349135,47.89768,train
17982,92.03325910726882,91.594185,train
4150,21.22276810141124,21.029137,train
5759,70.8890994699993,71.18206,train
15087,92.24483243250832,92.489136,train
11730,68.87072465156034,68.82412,train
13975,16.314170769820958,16.284405,train
16692,83.09935595306658,82.97329,train
18399,83.13470642646298,83.257454,train
8102,59.89579766367838,60.09657,train
4179,25.935608876074404,26.061966,train
1445,136.76886894565047,136.71268,train
5651,119.35792066219084,118.639465,train
4871,3.328531319289431,3.337573,train
7052,79.88545352007553,79.039635,train
10322,50.09922712517202,50.219578,train
17396,38.13815414182142,36.740646,train
20,95.27995050133204,94.54938,train
17517,19.038942421022504,19.207037,train
16886,91.48002635649718,91.44682,train
18168,40.76621946032643,40.161358,train
17584,35.05216416707113,32.077034,train
10845,71.55151215670094,71.30509,train
1699,25.27984779576332,25.35617,train
17561,26.22042757385485,26.926708,train
5526,23.43298254652068,23.245565,train
15534,3.3460458597073703,3.458318,train
9553,95.84505322335384,95.298645,train
2017,24.10159309622668,23.703693,train
18742,25.122162434308752,25.091375,train
17623,47.383642487349135,48.171474,train
11492,47.46331387653679,46.789516,train
12939,61.911697819840086,62.128708,train
14165,53.18976182780735,53.466965,train
7273,71.91197889308363,72.00297,train
16253,74.18155972707093,73.886406,train
15513,86.00802491357506,86.0168,train
5495,17.59043680885926,17.440369,train
15880,89.98590815117426,90.16503,train
7169,83.09935595306658,83.02111,train
8875,54.343834943578464,55.148987,train
4070,80.57929170551442,80.373856,train
8567,5.260504433154911,5.462879,train
5492,16.125116344342604,16.189238,train
14326,55.99893434087522,56.079403,train
9748,11.245979387941956,11.641855,train
9028,84.38693654155693,84.436226,train
9020,84.38693654155693,84.152534,train
11287,6.750079908713624,6.840165,train
18140,31.73671877096429,31.93841,train
8591,9.570229866524786,9.544644,train
4422,101.86758015295236,101.677895,train
3521,17.650012712740526,17.528246,train
12474,36.210240125305205,36.617054,train
15043,96.9560797736986,96.66028,train
16755,118.62582953904092,118.268555,train
18653,9.788308558714837,10.490883,train
3460,89.42090092796712,89.54614,train
6742,50.68801501365044,51.32193,train
12252,89.57234360169679,89.76481,train
12111,81.7828321007955,81.70917,train
2582,90.56896135270873,90.428024,train
12340,71.91030133184738,71.964195,train
4209,35.43032585388161,35.959343,train
2875,53.49135176226452,53.86765,train
6276,27.727713592149392,27.917297,train
1831,17.59043680885926,17.564714,train
1913,43.65657505930208,43.1504,train
16988,25.935608876074404,26.061966,train
14900,50.439407630704494,50.741993,train
3540,21.77517690158367,21.566051,train
18901,111.16906764061592,110.81044,train
9331,115.30303150446332,115.22837,train
18747,27.940862928093075,26.332756,train
14372,158.73631998820795,158.93391,train
13325,92.49987338269456,92.71883,train
14083,33.159238156410005,32.31254,train
14520,90.1171147731606,90.33061,train
16184,75.33592393483191,75.82906,train
734,33.39074910957999,33.380863,train
17172,101.0511292541869,101.20843,train
9583,84.24741541524314,83.870605,train
9518,123.96214174002029,124.17606,train
12661,35.5258604479491,35.698433,train
17699,17.141358034855276,17.054129,train
3749,36.210240125305205,36.617054,train
1712,29.125965987027584,29.158512,train
5643,134.14502085001388,134.09515,train
3500,14.147402430467531,14.353399,train
18937,94.77176287098274,94.275,train
15309,88.48216304859169,88.54434,train
13399,47.10789941727601,47.48537,train
5270,12.885025212225244,12.916364,train
6247,24.74816706908628,25.118334,train
12997,96.6886854171183,95.665245,train
1543,99.4907361299304,99.69921,train
182,83.53755060546071,83.41754,train
11242,2.9065837811274826,2.9311738,train
18112,26.320863792397155,26.571913,train
18337,88.31993375128738,88.05317,train
1817,16.125116344342604,16.031952,train
8277,29.402411149110645,29.467646,train
9013,86.04998768751986,85.821434,train
6603,14.147402430467531,14.353399,train
9878,54.10904342509948,54.375107,train
11547,47.53432583996549,47.852646,train
4450,98.65596999066533,98.6913,train
8647,22.019205815790663,22.058369,train
8675,33.717244930192976,33.68749,train
4857,2.606366123918593,2.6254888,train
1716,33.39074910958052,33.369724,train
5728,71.91197889308408,72.00297,train
6477,36.94310571922444,36.877323,train
17476,16.264210965298563,16.088371,train
13755,81.70522876686431,81.59768,train
4674,18.448270263304188,19.479584,train
8328,62.85838899590023,62.84564,train
12249,89.57234360169679,89.66155,train
895,19.20192266480916,19.17752,train
1306,25.27984779576332,25.35617,train
12371,76.00671399435468,75.905556,train
8531,2.618505311135724,2.653271,train
16081,49.5370430474446,49.54989,train
7527,57.39162304208823,57.398907,train
2525,74.77670776968583,74.43331,train
14042,22.19104778233357,21.028513,train
11430,56.446929139341634,56.45331,train
17178,97.23410613085656,97.0721,train
10597,46.48566476712182,46.53502,train
10889,52.99398689569749,52.645054,train
10870,58.6937159884268,58.87466,train
17270,91.48002635650002,91.245255,train
10206,82.69911139745801,82.88634,train
10631,59.89579766367838,60.09257,train
4530,9.499438230882436,9.501294,train
16419,55.61817953038767,54.397537,train
19054,12.046394034663363,12.555367,train
11127,11.747596709247082,11.700321,train
5194,74.18155972707108,74.45248,train
9961,16.25018195930533,16.217482,train
343,59.349496697382925,59.458218,train
11243,2.9065837811274826,2.9311738,train
17216,89.59649952596679,89.59986,train
7873,75.72806675637788,75.986435,train
2684,73.22704486211128,73.09905,train
7689,40.89299824332066,41.381027,train
345,59.349496697382925,59.20305,train
9392,82.51266906756706,82.72477,train
10869,58.6937159884268,57.62694,train
12399,83.53755060546025,83.41754,train
17045,48.41170998900376,48.71725,train
7921,80.03415155888104,80.11706,train
696,18.731792724897712,18.768688,train
17714,19.038942421022504,18.548498,train
14194,39.2928079640545,38.83055,train
17035,43.65657505930208,43.961834,train
5839,83.01808144823141,82.7521,train
9960,16.25018195930533,15.357667,train
129,72.80691569376819,73.02011,train
11180,25.857534399290905,25.906042,train
11270,4.491537072359547,4.5734982,train
10610,50.68801501365044,50.662483,train
11311,11.747596709249317,11.700321,train
12325,71.5126952436544,72.15397,train
4816,57.39162304208823,56.977303,train
6365,58.5236929318425,57.98073,train
5203,76.00671399435818,76.30112,train
10917,49.52880914978266,49.79529,train
18873,133.10289781802356,133.28421,train
10515,21.77517690158367,21.66864,train
16088,49.5370430474446,49.54989,train
17832,52.35653033478938,53.14264,train
3194,11.747596709247082,11.700321,train
6467,36.210240125305205,36.318737,train
16347,48.1381815952728,48.22357,train
5950,60.19466070864491,60.000748,train
12577,64.95566127753808,64.5984,train
3106,67.18811819694348,67.280075,train
12484,36.94310571922444,37.44538,train
6652,21.77517690158367,22.49567,train
1411,179.04708701101467,178.4978,train
11628,75.02114224725477,75.62156,train
10684,45.62472903888442,45.319164,train
13430,36.99469593104042,36.756386,train
331,56.80098396250919,56.14549,train
5318,19.28254456595652,19.287996,train
159,78.2395703036289,78.3689,train
17348,22.120024226901386,22.441399,train
11574,54.343834943578464,54.58679,train
2579,90.56896135270873,89.74544,train
7161,80.25361829662151,80.20081,train
4602,29.125965987027584,29.158512,train
4130,17.59043680885926,17.341724,train
15392,75.33592393483191,74.9931,train
11214,44.21359478458822,44.129055,train
19124,27.698995930992588,29.062578,train
3719,36.41164086407028,36.63732,train
3252,29.77075417333722,29.798998,train
1172,97.47338258073955,97.55659,train
18043,90.79293338634857,90.53633,train
14458,95.65935721790642,95.92841,train
958,44.21359478458822,44.129055,train
13478,36.02701366128638,35.999367,train
9880,60.34709742131263,60.0786,train
3028,38.72775337298162,38.663864,train
3027,38.72775337298162,38.31582,train
4169,23.43298254652068,23.980848,train
11248,2.9065837811274826,2.9311738,train
11190,29.77075417333722,29.798998,train
7452,33.2646262088608,33.356304,train
3155,5.527128574206158,5.699221,train
64,77.79019270718656,77.74841,train
18475,115.23290406090766,115.5191,train
10166,86.04998768751986,85.98524,train
7238,84.57638463785023,84.699554,train
6155,103.745126530115,104.04039,train
10715,42.41210118412853,41.69462,train
16104,62.85838899590023,62.841156,train
3940,27.727713592149392,27.492579,train
8478,56.318371719454376,56.516846,train
488,123.0978685654898,123.125114,train
4506,6.442036183009371,6.4377747,train
15319,89.77171705634251,90.33795,train
8783,49.56838968278535,50.07774,train
7071,73.68374035525322,73.87424,train
10606,50.68801501365044,50.630047,train
18871,133.10289781802356,132.86386,train
6709,38.88107047950797,38.705265,train
2794,27.727713592149392,27.83367,train
18412,85.2707950135868,85.32195,train
442,166.17853479893557,165.72346,train
16910,13.792313484057486,13.912921,train
15272,84.01038592956453,83.9587,train
6310,34.339930274970904,34.501812,train
17573,28.80702918062262,29.34782,train
7195,134.14502085001527,134.69511,train
14205,36.99469593104042,36.820892,train
3587,32.289249758728964,32.303925,train
16384,50.2526064803528,49.69809,train
17114,149.10252861042588,149.50226,train
2813,31.73671877096429,31.594662,train
6579,64.95566127753861,65.15795,train
7353,80.25361829662114,80.26228,train
3245,25.857534399290905,25.906042,train
8836,47.53432583996549,47.78834,train
14222,34.767713483007924,35.199356,train
5380,35.43032585388161,35.92345,train
5828,89.61281744144841,89.57451,train
17077,65.47137652330578,65.57208,train
14845,29.8566124927783,29.082325,train
13881,21.74656491623193,22.202745,train
5339,23.43298254652068,23.528059,train
5840,83.01808144823141,83.01627,train
14948,168.1502886891345,167.84169,train
6208,97.47338258073955,97.69518,train
4520,7.85908552453503,7.9066777,train
18640,86.49796272771329,86.37333,train
4058,69.52453059841163,69.70933,train
1556,98.65596999066533,98.63039,train
16978,23.43298254652068,23.980848,train
6386,69.52453059841163,69.37868,train
5341,23.43298254652068,23.769905,train
11709,69.8994010800787,70.0685,train
7522,57.39162304208823,57.318844,train
11955,77.93378927116997,78.2261,train
10044,43.186882593766825,43.17235,train
12892,58.48566458724775,58.54059,train
14116,45.4925622387705,45.137276,train
7968,17.650012712740526,17.231766,train
16000,16.11129124792047,16.207216,train
4489,4.196221297202333,4.204997,train
16672,77.53876431170232,77.464165,train
4953,15.977335233233198,16.00739,train
16921,14.865809293936342,14.969698,train
7056,79.88545352007553,79.36112,train
10867,58.6937159884268,57.90039,train
5713,76.30367359186545,75.953156,train
6956,70.098803480824,69.9295,train
9718,8.085620495190993,8.277844,train
5945,58.991170602037386,58.59582,train
9624,78.04583599126548,78.32531,train
5031,49.0086224925457,48.99863,train
617,4.196221297202333,4.204997,train
3965,31.73671877096429,31.753874,train
14580,21.429473611547053,21.296007,train
1957,65.47137652330578,65.40065,train
2922,80.57929170551442,80.569176,train
13680,75.46351541383811,75.60825,train
18530,84.24741541524314,83.870605,train
3098,67.18811819694348,66.65926,train
8939,126.44708143304572,126.538666,train
8031,32.289249758728964,32.24854,train
7043,84.57638463785023,84.54326,train
11549,49.29258108243957,49.12449,train
17292,10.57203228982024,10.838673,train
12865,62.82498618409738,63.083305,train
18794,42.52531704241395,43.319412,train
13238,125.86447482244527,125.815155,train
10560,32.289249758728964,32.81179,train
7478,38.72775337298162,38.66499,train
1554,98.65596999066533,98.823265,train
1483,113.1117727502116,113.53855,train
13438,35.5258604479491,35.473278,train
9321,124.5037870661705,124.24711,train
10438,70.67888709810615,70.517624,train
18100,25.32142942667775,25.50113,train
7550,67.18811819694348,67.480255,train
2966,23.053352899871395,24.071596,train
17505,17.95913696269572,17.495878,train
17590,35.05216416707113,35.929413,train
14918,61.55125893730588,61.027367,train
8229,16.11129124792047,16.207216,train
19215,67.80500732074917,68.74489,train
7598,24.649355892468915,24.852139,train
3193,11.747596709247082,11.700321,train
7622,27.10406914375708,26.617716,train
11707,69.8994010800787,69.974846,train
150,76.00671399435818,76.36461,train
7011,107.5602418843858,107.906364,train
11558,49.29258108243957,48.99936,train
14530,90.86910077663212,90.84143,train
7669,34.88593569122836,34.919704,train
9858,43.186882593766825,43.251297,train
7242,79.88545352007381,79.8033,train
17978,92.03325910726882,91.90891,train
13294,99.73165781686828,100.472755,train
4907,7.85908552453503,7.9066777,train
16569,79.88545352007553,79.73738,train
13210,155.05412004324748,154.81935,train
10440,70.67888709810615,70.962776,train
16486,79.40102080305233,79.06327,train
4775,41.84557272242807,41.5119,train
8784,49.56838968278535,49.980927,train
9333,115.30303150446332,115.10312,train
10746,42.8512051051052,42.21174,train
19250,52.99398689569749,52.821487,train
4523,7.85908552453503,7.9066777,train
6099,129.4267602168825,129.40521,train
5239,83.53755060546071,83.583755,train
5480,14.865809293936342,14.999637,train
7576,24.5889875058797,24.644281,train
17722,19.038942421022504,19.24517,train
13033,81.59299887306369,81.37801,train
5152,72.2932084702675,72.719604,train
11098,6.750079908713624,6.840165,train
8180,6.4852329987035695,6.548349,train
7914,78.1767164472726,77.93916,train
6780,70.03363402017787,69.80653,train
2171,3.624115801788345,3.6457982,train
16359,48.10528443505019,47.490246,train
9087,85.2707950135868,85.37076,train
13231,134.16905500217058,134.63643,train
5885,62.82498618409738,62.918797,train
9793,20.89376771053955,20.674335,train
424,193.8751524679473,193.9494,train
13464,34.635546819221005,34.87209,train
17885,163.4865892910184,163.69218,train
4411,103.745126530115,103.55511,train
8519,74.77670776968412,74.75508,train
7928,82.25512726841278,82.50804,train
16695,83.09935595306658,83.34552,train
6323,40.76621946032643,40.52292,train
7137,73.22704486211128,73.45161,train
3405,97.23410613085656,97.200874,train
9697,86.49796272771329,86.36973,train
11326,13.92854978889145,13.922574,train
15677,43.749455725793766,43.75151,train
5404,48.41170998900376,48.098736,train
17961,97.23410613085656,97.0721,train
15441,71.91030133184738,71.964195,train
7855,77.87315181130059,77.61968,train
11032,79.48504113105551,79.158775,train
7960,15.826709276493416,15.77135,train
18835,63.547457434196325,63.853798,train
3915,24.74816706908628,25.012293,train
2406,36.94310571922444,37.0108,train
12211,86.49796272771329,86.450935,train
9312,135.2198141561254,135.66759,train
14546,92.33570202451632,92.37388,train
18926,101.40176125573278,101.387405,train
2385,35.86295586622186,35.89559,train
1916,43.65657505930208,43.20144,train
5275,13.792313484057486,13.787444,train
13015,85.80236635218084,85.49707,train
18186,44.597910972306806,45.321968,train
11747,69.70696214856945,70.067764,train
12041,115.23290406090766,115.42794,train
8853,49.29258108243957,49.645683,train
11382,34.11303495743982,34.095257,train
13981,16.314170769820958,16.564182,train
11398,38.91593697359488,38.960907,train
12910,58.30263960140757,58.123775,train
19176,51.441846041956246,51.00989,train
16799,94.254909093602,94.646324,train
10408,59.57543179697275,58.61887,train
1169,97.47338258073955,97.72361,train
10264,89.77171705634251,89.642975,train
11314,11.747596709249317,11.700321,train
18163,37.34804120151974,37.512627,train
15859,89.25950270069107,89.949974,train
8185,6.4852329987035695,6.548349,train
9984,20.89376771053955,20.832983,train
19024,91.1828236948467,91.157555,train
6524,46.20624283129268,46.895737,train
10940,49.964974571776985,50.500305,train
17361,24.782599128301666,25.643475,train
16295,86.00802491357506,85.755394,train
1821,16.125116344342604,16.26345,train
2067,38.88107047950797,38.30488,train
4434,100.48928695862324,100.37349,train
2205,8.180433892801254,8.071619,train
7295,70.57768311562211,70.774796,train
5590,43.65657505930208,44.07967,train
5973,64.1404088665598,64.08247,train
19217,62.90876193978079,62.536613,train
468,136.76886894565047,137.15045,train
11471,52.60873127102636,52.06638,train
13436,35.5258604479491,35.74957,train
6833,68.70638879452079,68.59198,train
15667,38.48840493675039,38.530453,train
4984,25.27984779576332,25.35617,train
2071,38.88107047950797,39.709095,train
6254,25.32142942667775,25.48799,train
17951,101.0511292541869,101.34375,train
14334,60.69477696945295,60.26925,train
248,53.87988875437848,53.712753,train
15672,38.48840493675039,38.530453,train
5401,43.65657505930208,44.05266,train
16337,48.56996296403304,48.76664,train
12953,64.1404088665598,64.05254,train
5373,35.43032585388161,34.976524,train
18301,104.48871564383238,104.14838,train
4620,38.10425093875088,38.109734,train
13009,90.79649380247676,90.85536,train
7695,44.47167879893512,44.226757,train
2719,83.09935595306658,83.01747,train
7762,124.5037870661705,124.61527,train
11047,83.55792357754082,83.684715,train
582,98.65596999066533,98.776146,train
18059,26.05871153969042,25.5619,train
938,34.113034957437215,34.095257,train
16894,12.124975352206752,12.028961,train
12750,47.982575358036456,48.008762,train
13850,15.18002375784278,15.483348,train
30,89.57234360169679,90.51494,train
8149,3.3460458597073703,3.3082185,train
18161,37.34804120151974,37.25902,train
9868,48.39717757559769,48.687008,train
4055,69.52453059841163,69.375465,train
13416,39.2928079640545,39.024868,train
12655,35.5258604479491,36.170746,train
8402,36.94310571922444,36.877323,train
11349,19.20192266480916,19.17752,train
6883,58.48566458724775,58.57877,train
12547,52.561077422995496,52.843258,train
14476,91.48707426187316,91.197426,train
3637,50.68801501365044,50.22908,train
13043,78.081523194867,78.21697,train
8968,104.48871564383238,103.888084,train
4490,4.196221297202333,4.204997,train
17909,127.03771421016312,127.11003,train
772,49.00862249254413,49.087788,train
4766,38.72775337298162,38.663864,train
10404,59.57543179697275,59.17683,train
7104,70.5776831156227,70.81345,train
6572,60.456358375515045,60.599438,train
10462,83.55792357754082,82.93673,train
10258,88.48216304859169,88.29013,train
2881,58.5236929318425,58.366745,train
7798,100.6187540373376,100.2909,train
12105,84.24741541524314,83.5354,train
17189,94.254909093602,93.985954,train
10315,51.23740717945918,51.231464,train
6199,98.65596999066533,98.6907,train
883,16.40524145944573,16.340355,train
8244,18.89411765969292,18.911312,train
798,2.9065837811274826,2.9311738,train
293,51.334066206546574,51.510002,train
3166,6.750079908713624,6.840165,train
11815,82.2895007905107,82.56895,train
14478,91.48707426187316,90.99749,train
15676,43.749455725793766,43.75151,train
9311,135.2198141561254,134.73276,train
1236,7.85908552453503,7.9066777,train
3688,75.24982629334554,75.473305,train
17364,27.698995930992588,26.717754,train
3793,43.604537301970495,44.268726,train
7659,32.43048383015692,32.11822,train
17282,9.244705548457503,9.928328,train
17931,111.6113573414681,111.53779,train
15545,4.22054923341766,4.2420034,train
13148,74.30450585772448,74.03796,train
11152,19.20192266480916,19.17752,train
10355,49.964974571776985,49.62324,train
17408,42.23549826962851,42.526474,train
14245,35.06929068218894,35.067787,train
12908,58.30263960140757,58.37876,train
16928,14.865809293936342,15.172736,train
3229,22.34386956684365,22.210978,train
14134,55.80060084695734,55.319126,train
8930,136.40586584491066,136.97578,train
12485,38.05130976592272,38.07008,train
12196,82.46105591073825,82.36915,train
12348,72.80691569376961,72.74371,train
13829,12.074428136633635,12.3711815,train
7961,15.826709276493416,15.867119,train
2242,13.92854978889145,13.922574,train
7408,23.053352899871395,22.60919,train
6544,52.561077422993925,52.319492,train
4583,21.824079935423136,21.884987,train
15996,13.645628914737031,13.686924,train
16015,18.89411765969292,18.911312,train
18322,91.2397572047843,91.4632,train
12432,37.38629228613615,37.549854,train
14756,16.08629542413324,16.03111,train
18269,126.44708143304572,126.60163,train
16970,23.43298254652068,22.838385,train
12759,51.76031579593137,51.743427,train
9139,21.429473611547053,21.170357,train
11929,79.94703553493463,79.74968,train
6620,15.826709276493416,15.932983,train
7853,77.87315181130059,77.77778,train
6871,59.37382867606714,59.276783,train
17256,90.79293338634857,90.69364,train
9810,26.79723709025756,26.244844,train
15199,91.2397572047843,92.68195,train
543,101.86758015295236,102.063484,train
13298,96.9560797736986,96.723145,train
1641,9.499438230882436,9.494648,train
6783,75.24982629334554,75.04032,train
12311,72.29320847026757,72.22058,train
6872,59.37382867606714,59.334435,train
3002,30.8733631927149,30.549007,train
16446,64.10443142186895,64.01994,train
4220,43.65657505930208,43.1504,train
11401,44.21359478458911,44.129055,train
18319,94.86192637572438,94.8282,train
16121,102.11244006090304,102.238556,train
2107,55.1604052272772,55.00519,train
10885,52.99398689569749,53.050026,train
13877,21.74656491623193,22.236177,train
1753,55.27187238699012,55.278023,train
3796,43.604537301970495,42.68331,train
6886,58.132094825297145,58.31538,train
5424,59.31238391810723,58.98134,train
10057,48.39717757559769,48.63295,train
8030,32.289249758728964,32.269215,train
18780,38.33307963061296,38.200386,train
1197,3.328531319289431,3.337573,train
17895,149.10252861042588,148.90277,train
9307,72.52135855398946,72.5639,train
19087,19.694692079282625,18.81643,train
8633,18.89411765969292,18.911312,train
4798,48.96526861625701,48.844254,train
18263,136.40586584491066,136.49716,train
5706,79.88545352007553,79.67848,train
9417,76.50234292040042,76.33383,train
2131,64.87166628595628,64.618225,train
12913,58.30263960140757,58.21196,train
17782,31.74469640013553,32.868767,train
14590,23.053352899871395,22.574429,train
6191,99.4907361299304,99.470345,train
11178,25.857534399290905,25.906042,train
1104,109.30466743726038,109.53553,train
1639,9.499438230882436,9.494648,train
9795,20.89376771053955,20.740288,train
419,193.8751524679473,193.72298,train
9451,75.8861492644395,76.06023,train
15028,99.73165781686828,99.70542,train
17734,22.02913768609874,21.286747,train
8646,22.019205815790663,22.058369,train
17657,69.92772157818914,69.78622,train
8661,29.402411149110645,29.427898,train
4048,63.896198456162885,64.39874,train
15086,92.14301126701253,92.1526,train
12463,35.86295586622186,35.782494,train
1219,6.442036183009371,6.4377747,train
16746,127.03771421016312,127.11506,train
1714,33.39074910958052,33.380863,train
18328,91.2397572047843,91.73649,train
4586,25.27984779576332,25.358246,train
15139,126.44708143304572,126.60163,train
1946,59.31238391810723,59.174854,train
4059,69.52453059841163,69.82353,train
5160,71.63339382759392,71.78477,train
12626,42.58610637454368,42.44726,train
17385,34.36019909387007,33.050762,train
10137,94.86192637572438,94.777725,train
6238,24.63527893831387,24.847967,train
15159,110.67568302020096,110.52288,train
11221,50.04341124314785,50.090683,train
1947,59.31238391810723,59.21229,train
4839,67.18811819694348,66.87531,train
11099,6.750079908713624,6.840165,train
5444,12.124975352206752,12.099515,train
7680,37.70223435850963,38.772625,train
16352,48.10528443505019,48.79006,train
4988,29.125965987027584,29.158512,train
7565,25.06787074771092,24.927336,train
11966,78.3521209153635,78.43187,train
17707,17.95913696269572,17.913836,train
17933,111.6113573414681,111.43207,train
5098,84.82941053361527,85.02166,train
7649,30.322774918295444,30.599743,train
1385,230.9901536612257,230.94298,train
16663,75.16417987128504,75.161644,train
13314,94.85645482862957,94.871605,train
19058,13.681305189167857,13.431318,train
10045,43.186882593766825,43.370285,train
11228,50.04341124314785,50.090683,train
247,55.95115332265876,57.42011,train
19152,38.13815414182142,38.1645,train
6286,29.533535528411715,29.410362,train
15055,94.85645482862957,94.87786,train
7963,15.826709276493416,15.910532,train
11577,54.343834943578464,54.47914,train
16342,48.1381815952728,48.96001,train
18246,75.23466307522513,75.81976,train
14539,91.77117363602072,91.50019,train
19271,50.09922712517202,50.344807,train
2189,5.527128574206158,5.699221,train
12350,72.80691569376961,72.690605,train
7768,124.5037870661705,123.91259,train
10600,46.48566476712182,46.496216,train
410,211.02994799979388,210.89342,train
2192,5.527128574206158,5.699221,train
2454,46.20624283129268,46.895737,train
7557,72.52135855398946,72.88914,train
8740,69.43701604268931,71.13662,train
9151,23.053352899871395,23.040556,train
15328,110.28871787139632,110.51137,train
19022,91.1828236948467,91.102615,train
6812,77.41176032874927,77.6701,train
10834,66.72644865783289,65.85012,train
16148,84.82941053361527,84.85149,train
1931,48.41170998900376,48.894768,train
8062,42.55205181960314,42.250557,train
15064,93.38657295807928,93.36221,train
9855,43.186882593766825,43.370285,train
14723,62.1233802776967,62.427353,train
14902,50.439407630704494,50.874653,train
11162,22.34386956684365,22.210978,train
4933,11.384421137066337,11.406518,train
12548,52.561077422995496,52.66633,train
16186,73.5169788308657,73.5037,train
5403,48.41170998900376,47.750965,train
10688,45.62472903888442,45.90861,train
9682,84.52419181559287,84.48331,train
6243,24.74816706908628,25.094088,train
8150,3.3460458597073703,3.3082185,train
18115,26.320863792397155,26.608229,train
11018,70.67888709810615,70.543106,train
17166,101.0511292541869,100.870445,train
712,21.824079935423136,21.884987,train
15962,7.914848156370223,7.931517,train
13241,125.86447482244527,126.4147,train
11199,34.113034957437215,34.270653,train
19005,89.83454371793471,89.8077,train
7085,71.91197889308408,72.10146,train
3586,32.289249758728964,32.201584,train
7294,70.57768311562211,70.894135,train
4067,75.23466307522513,75.37612,train
4152,21.22276810141124,21.174717,train
735,33.39074910957999,33.380863,train
16099,62.85838899590023,62.84564,train
14236,34.635546819221005,34.58951,train
6162,103.745126530115,104.047295,train
12251,89.57234360169679,90.00319,train
15214,86.04998768751986,85.821434,train
12236,95.27995050133204,95.41587,train
2039,29.34578260289036,29.526272,train
9430,75.72806675637788,75.913124,train
1083,117.68636585320668,117.22236,train
3303,56.44692913934201,56.45331,train
9431,75.72806675637788,75.98321,train
281,51.178876353782414,51.552315,train
1837,19.28254456595652,19.265215,train
8987,94.86192637572438,95.19638,train
10432,70.67888709810615,70.620445,train
17182,97.23410613085656,97.419106,train
6397,75.23466307522513,75.06198,train
17644,63.65496035831079,62.925793,train
9287,62.1233802776967,62.427353,train
3442,89.59649952596679,89.59986,train
12839,68.70638879452079,68.65596,train
9178,26.657804872047155,27.018375,train
3222,19.20192266480916,19.17752,train
6164,101.86758015295236,102.26661,train
6841,65.44228559506357,65.80633,train
16448,64.10443142186895,63.35159,train
7411,23.053352899871395,24.071596,train
1682,18.731792724897712,18.768688,train
2280,25.857534399290905,25.906042,train
11234,56.44692913934201,56.45331,train
1975,15.826709276493416,15.77135,train
6611,14.147402430467531,14.554978,train
12113,81.7828321007955,81.62892,train
14772,16.251795051003693,16.1833,train
3731,35.86295586622186,36.207703,train
16945,17.59043680885926,17.66791,train
8500,64.95566127753808,64.5984,train
12354,72.80691569376961,72.72832,train
7162,80.25361829662151,80.16466,train
18910,105.86133971445166,105.74452,train
3801,46.20624283129268,46.895737,train
2631,71.91197889308408,72.34558,train
19175,46.6663635563764,47.622276,train
1671,15.977335233233198,16.00739,train
9517,123.96214174002029,124.097626,train
17105,163.4865892910184,164.02423,train
2046,32.289249758728964,32.24854,train
16194,73.5169788308657,73.66961,train
16829,89.59649952596679,89.87332,train
9067,83.13470642646298,82.99421,train
5144,72.2932084702675,72.49286,train
9466,78.17671644727096,78.10809,train
10650,70.03363402017787,70.285706,train
2074,42.55205181960314,42.24262,train
7834,82.51266906756706,82.105,train
7923,80.03415155888104,79.88295,train
8744,69.43701604268931,66.42627,train
15160,110.67568302020096,110.30984,train
6636,19.628813853406385,19.702702,train
3388,105.8033985466063,105.90976,train
3588,32.289249758728964,32.81179,train
12079,95.84505322335384,96.59578,train
832,5.527128574206158,5.699221,train
15679,43.749455725793766,43.75151,train
14864,33.159238156410005,34.218468,train
19048,12.046394034663363,11.937861,train
17126,127.03771421016312,127.11003,train
567,99.4907361299304,99.4891,train
2681,73.22704486211128,73.02152,train
3219,19.20192266480916,19.17752,train
14044,22.19104778233357,21.95328,train
16237,72.80691569376961,73.05463,train
2359,37.38629228613615,37.26813,train
5012,38.10425093875088,38.109734,train
4710,24.789633367188944,24.399563,train
1689,21.824079935423136,21.875692,train
14483,91.48707426187316,91.458206,train
11873,95.84505322335384,95.92625,train
14074,29.8566124927783,28.59335,train
18748,27.940862928093075,26.5581,train
9951,14.34267649792701,14.128559,train
11535,46.3112758194042,46.702576,train
5350,25.935608876074404,26.296036,train
5007,38.10425093875088,38.1061,train
6707,38.88107047950797,38.30488,train
1815,16.125116344342604,16.026827,train
1466,123.0978685654898,123.37474,train
19055,12.046394034663363,13.194699,train
6739,50.68801501365044,50.08114,train
12120,79.9470355349353,79.81268,train
11143,16.40524145944573,16.340355,train
4460,97.47338258073955,97.69518,train
3635,50.68801501365044,50.55953,train
15092,92.24483243250832,92.43496,train
4445,98.65596999066533,98.7114,train
630,5.227697523949966,5.272317,train
3561,26.620833128631787,26.626043,train
7608,25.15665334339559,24.744917,train
11832,134.13491032325388,133.94725,train
1839,19.28254456595652,19.155155,train
8673,33.717244930192976,33.68749,train
6400,75.23466307522513,75.37612,train
9640,78.3521209153635,78.41772,train
18722,20.307928329934253,20.448946,train
1421,166.17853479893557,165.79326,train
14627,30.8733631927149,30.794773,train
3550,24.10159309622668,23.783201,train
12063,101.3171290408814,101.20645,train
3159,6.750079908713624,6.5304766,train
19393,75.03655084716752,75.872246,train
490,123.0978685654898,123.03057,train
13936,44.07024791149557,44.35129,train
3203,13.92854978889145,13.922574,train
6271,26.320863792397155,26.608229,train
8156,3.3460458597073703,3.458318,train
11690,72.90167939974636,72.42217,train
11957,77.93378927116997,78.20328,train
15863,89.25950270069107,89.687515,train
5123,75.33592393483191,75.525085,train
12578,64.95566127753808,64.755,train
13135,72.34090204261534,72.15303,train
15879,89.98590815117426,90.17609,train
9807,23.676009316847548,24.314037,train
7773,115.30303150446332,115.56104,train
15436,71.91030133184738,72.05227,train
814,4.491537072359547,4.313355,train
6470,36.210240125305205,36.409023,train
3463,89.42090092796712,89.78927,train
17143,118.62582953904092,118.552055,train
7718,52.83913101702683,52.79188,train
11509,45.5844800104469,45.900955,train
438,166.17853479893557,166.28708,train
16319,50.733368627516406,50.262157,train
12812,83.01808144823141,83.293175,train
14875,40.96669871801392,39.971874,train
2468,49.19054255336955,48.728607,train
7858,76.50234292040042,76.14586,train
18088,24.74816706908628,24.80279,train
8585,7.914848156370223,7.931517,train
19093,19.694692079282625,19.785011,train
12744,44.66517096340306,45.096745,train
9547,101.3171290408814,100.9339,train
13409,42.58610637454368,42.76089,train
3692,38.91834885517143,38.63942,train
13439,35.5258604479491,35.192776,train
17379,30.88595532017685,30.580307,train
4834,62.1233802776967,62.335724,train
19154,38.13815414182142,38.777233,train
11424,56.446929139341634,56.45331,train
12537,49.19054255336985,49.16075,train
9108,88.48216304859169,88.54434,train
10844,71.55151215670094,71.745224,train
11605,65.54060841010474,65.31219,train
11465,56.75820297103196,56.878334,train
9540,107.7381594436571,107.59481,train
2909,75.23466307522513,74.85416,train
2068,38.88107047950797,38.964993,train
8587,7.914848156370223,7.931517,train
16172,77.79019270718537,77.82545,train
14883,40.96669871801392,41.63816,train
16728,149.10252861042588,149.37039,train
13326,92.49987338269456,92.63515,train
440,166.17853479893557,166.19731,train
15065,93.38657295807928,93.5989,train
5475,14.865809293936342,14.969698,train
6719,42.55205181960314,42.579193,train
7841,79.86598582053819,79.82536,train
3937,26.320863792397155,26.465343,train
3716,36.41164086407028,36.10333,train
1235,7.85908552453503,7.9066777,train
13374,93.28231569539822,92.95411,train
7385,19.89991539202705,19.687115,train
11418,50.04341124314845,50.090683,train
15657,33.717244930192976,33.68749,train
7152,77.53876431170232,77.37151,train
18411,85.2707950135868,85.19844,train
2523,74.77670776968583,74.673744,train
2058,35.46372651810452,35.52992,train
6674,29.34578260289036,29.122139,train
15478,78.23957030362628,78.3705,train
8854,49.29258108243957,49.15831,train
15090,92.24483243250832,92.12218,train
4365,117.68636585320668,117.69805,train
1177,97.47338258073955,97.636856,train
14121,45.4925622387705,46.771133,train
4739,30.8733631927149,30.614407,train
3701,37.38629228613615,37.213825,train
17612,42.852961632253525,43.528305,train
16349,48.1381815952728,48.235588,train
11377,29.77075417333618,29.798998,train
2823,34.339930274970904,34.32349,train
2080,42.55205181960314,42.928135,train
18313,94.86192637572438,95.241425,train
16549,90.56896135270873,89.864395,train
15420,71.63339382759735,71.54572,train
5536,25.935608876074404,26.077414,train
15197,91.2397572047843,91.23821,train
3386,105.8033985466063,105.66557,train
3631,50.68801501365044,50.878613,train
15886,89.98590815117426,89.93136,train
16102,62.85838899590023,62.841156,train
11598,61.34974693767026,62.026615,train
2546,134.14502085001388,134.24054,train
12784,60.69477696945295,61.232,train
10110,110.67568302020096,110.142784,train
16685,80.25361829662151,80.78957,train
9798,20.89376771053955,21.679413,train
10581,38.88107047950797,39.163994,train
17906,137.09122808053337,136.46251,train
4904,6.442036183009371,6.4325237,train
1860,23.43298254652068,23.535202,train
6490,38.05130976592272,37.77723,train
397,78.3836967869071,78.85826,train
8216,11.473018356565088,11.504866,train
495,117.68636585320668,117.45595,train
2185,5.527128574206158,5.477246,train
1846,21.22276810141124,21.123043,train
12343,71.91030133184738,72.08633,train
4983,25.27984779576332,25.35617,train
16144,89.57234360169679,89.83119,train
1990,17.650012712740526,17.82622,train
10503,19.628813853406385,19.577816,train
11135,13.92854978889145,13.922574,train
13888,24.534383850610403,24.79887,train
17229,89.25950270069107,89.28969,train
8429,41.380738858681696,41.777615,train
16820,90.5009001330304,90.69708,train
13342,92.14301126701253,92.11078,train
9652,79.27542778284364,79.38348,train
16718,163.4865892910184,163.38269,train
5957,60.19466070864491,59.697247,train
272,51.5337561017549,51.457626,train
13322,93.38657295807928,93.36221,train
10234,85.2707950135868,85.19844,train
6661,24.10159309622668,24.587608,train
295,51.334066206546574,51.703697,train
15233,83.29477154332817,83.06023,train
14031,18.82198014263801,19.294651,train
9405,77.87315181130059,77.75723,train
12037,123.96214174002029,124.17606,train
12026,134.13491032325388,134.2333,train
11560,51.56721782835394,51.651344,train
16737,137.09122808053337,136.55998,train
19285,49.49174784981139,49.592995,train
14,102.11244006090304,102.48801,train
418,193.8751524679473,194.1196,train
7377,18.448270263304188,18.559721,train
10818,58.31738655168958,59.050644,train
14939,183.50675596781025,182.8204,train
2449,43.604537301970495,42.68331,train
15638,25.51278413365878,25.587753,train
8438,43.604537301970495,44.36784,train
18988,89.38401259047933,89.463295,train
3567,26.620833128631787,26.59692,train
6131,113.1117727502116,113.234184,train
9523,115.23290406090766,115.47297,train
5741,70.8998858391393,71.09998,train
15487,80.80332043496728,81.118004,train
8231,16.11129124792047,16.207216,train
18070,25.04050211213976,24.719091,train
6107,123.0978685654898,123.4377,train
11857,107.7381594436571,108.0721,train
2316,44.21359478458822,44.129055,train
18451,134.13491032325388,133.72879,train
4711,24.789633367188944,24.60082,train
6545,52.561077422993925,52.843258,train
18469,115.23290406090766,115.42794,train
9114,89.77171705634251,89.5811,train
873,13.92854978889145,13.916968,train
4650,55.27187238699012,55.278023,train
7755,135.2198141561254,135.66759,train
11638,90.79649380247676,91.313416,train
14011,16.774054817925467,18.204935,train
13598,104.53191002397112,104.555695,train
485,123.0978685654898,123.10715,train
553,100.48928695862324,101.01416,train
8512,69.76848318728075,69.93253,train
2300,34.113034957437215,34.270653,train
12707,37.48026356057577,37.47193,train
4421,101.86758015295236,101.78133,train
14337,60.69477696945295,60.38881,train
265,52.42282758556679,53.620255,train
13,102.11244006090304,102.238556,train
12529,46.20624283129268,45.378155,train
3833,56.318371719454376,56.525196,train
16031,25.51278413365878,25.587753,train
11817,85.05997393992781,84.61135,train
17108,149.10252861042588,148.00883,train
9299,72.52135855398946,72.10385,train
3973,34.339930274970904,34.335663,train
16161,80.93195157639853,80.57445,train
16721,163.4865892910184,164.02423,train
2442,41.380738858681696,41.92225,train
10483,15.826709276493416,15.749682,train
10833,66.72644865783289,66.48456,train
15342,95.27995050133204,94.96428,train
18120,27.727713592149392,27.917297,train
10354,49.964974571776985,49.974022,train
2544,134.14502085001388,134.74374,train
5562,31.91051408188231,32.836407,train
17611,42.852961632253525,43.434002,train
6449,35.919888386123255,35.7583,train
14889,45.4925622387705,45.137276,train
6856,60.81262844049596,60.711643,train
17723,19.038942421022504,19.42531,train
2148,75.24982629334554,75.07819,train
10934,49.964974571776985,49.62324,train
11268,4.491537072359547,4.575762,train
1754,55.27187238699012,55.278023,train
12083,91.22443951098568,91.00802,train
4701,23.053352899871395,22.60919,train
15838,92.03325910726882,92.035095,train
12675,34.635546819221005,35.09329,train
7902,76.77816930527605,76.815285,train
18819,57.62164698064543,57.114906,train
4075,80.57929170551442,80.569176,train
17862,69.92772157818914,69.99798,train
9709,7.349844286016002,7.700085,train
7279,71.91197889308363,72.10146,train
4792,45.250987390322535,45.184357,train
6167,101.86758015295236,101.71551,train
4326,154.98431615588598,155.21118,train
11087,5.527128574206158,5.699221,train
14411,119.47607547303537,119.63852,train
8284,33.717244930192976,33.68749,train
9702,7.349844286016002,7.309308,train
3502,14.147402430467531,14.178031,train
14435,102.64150512184672,103.25259,train
1459,129.4267602168825,129.40521,train
12106,84.24741541524314,83.65014,train
17169,101.0511292541869,101.00578,train
15486,80.80332043496728,81.585205,train
12827,77.41176032874927,77.697296,train
5062,110.28871787139632,110.11979,train
6142,109.30466743726038,109.673,train
1094,113.1117727502116,112.97656,train
9061,83.13470642646298,83.121346,train
9485,82.25512726841218,82.29847,train
9837,34.1577503463269,34.402786,train
10181,84.38693654155693,83.95781,train
11479,49.56838968278535,49.636208,train
8924,75.02114224725477,75.42203,train
1935,53.62497940433934,53.25445,train
15356,84.82941053361527,84.97146,train
893,19.20192266480916,19.17752,train
14651,35.87508543765299,35.55025,train
17147,111.6113573414681,111.73234,train
14794,17.633485569278523,18.899548,train
18779,38.33307963061296,38.239014,train
15588,11.473018356565088,11.504866,train
13604,98.2154014561832,97.512764,train
12834,72.67230242637233,72.37533,train
11878,95.84505322335384,96.20756,train
19372,66.59566485208973,66.811455,train
8300,43.749455725793766,43.75151,train
12133,78.70967419713557,78.80378,train
1764,62.12878854692645,62.12984,train
14339,60.69477696945295,61.18834,train
15304,88.48216304859169,88.29965,train
4032,58.5236929318425,57.98073,train
1983,17.650012712740526,17.231766,train
15083,92.14301126701253,92.29185,train
18776,34.52159133738391,35.291607,train
3819,49.19054255336985,49.51489,train
15376,77.79019270718537,77.77254,train
10619,55.1604052272772,55.104877,train
9685,84.52419181559287,84.44893,train
5788,75.16417987128504,75.17663,train
19038,10.57203228982024,10.464114,train
12239,95.27995050133204,94.85484,train
8153,3.3460458597073703,3.3082185,train
11773,72.34090204261534,72.27269,train
14276,39.410668208964985,38.943264,train
9414,76.50234292040042,76.20205,train
17457,67.80500732074917,67.77027,train
8420,39.53055859179817,39.442352,train
7706,48.45056948106192,47.980797,train
7539,62.1233802776967,62.967136,train
10738,42.30778972867124,42.432774,train
13699,74.22415281450986,74.15045,train
10741,42.30778972867124,42.57879,train
2815,31.73671877096429,32.08829,train
7822,85.85337627290696,86.15836,train
8726,62.85838899590023,62.841156,train
14743,72.52135855398811,72.5639,train
8674,33.717244930192976,33.68749,train
18165,37.34804120151974,37.458626,train
7299,70.57768311562211,70.71987,train
607,3.328531319289431,3.337573,train
1744,49.0086224925457,48.99863,train
3068,53.00734926713273,52.543533,train
12872,60.81262844049596,60.5972,train
14249,35.06929068218894,35.309002,train
13788,8.163467965221182,8.193067,train
4772,38.72775337298162,38.282146,train
17484,16.57780018172115,16.078318,train
4738,30.8733631927149,30.661623,train
1365,55.271872386990935,55.28068,train
2100,50.68801501365044,50.22908,train
191,86.00802491357565,85.94431,train
13610,98.2154014561832,97.98084,train
249,53.87988875437848,53.610775,train
18709,18.266090082633497,17.383432,train
12894,58.48566458724775,58.461452,train
11959,77.93378927116997,78.20088,train
15125,93.50643630226388,93.30357,train
11992,82.46105591073804,82.60489,train
10230,84.01038592956453,83.95511,train
10694,44.130221195170286,43.532852,train
4966,21.824079935423136,21.875692,train
4310,166.17853479893557,166.28708,train
14689,48.96526861625701,48.56339,train
14647,35.87508543765299,35.75812,train
7227,90.5689613527014,90.428024,train
16073,43.749455725793766,43.75151,train
17917,127.03771421016312,127.3558,train
5674,98.11718222077316,98.48458,train
14328,55.99893434087522,56.086166,train
16182,75.33592393483191,75.02487,train
14093,36.858562352761474,36.177143,train
1123,103.745126530115,103.66729,train
7068,73.68374035525322,73.56079,train
465,136.76886894565047,136.71268,train
8800,46.16640159983851,46.20481,train
11869,101.3171290408814,101.03444,train
12332,71.5126952436544,71.661125,train
6660,24.10159309622668,24.028494,train
11965,78.3521209153635,78.40375,train
15544,4.22054923341766,4.2420034,train
14935,183.50675596781025,183.4418,train
6103,123.0978685654898,123.09457,train
6560,56.318371719458256,56.064857,train
15732,180.7969094795742,180.66588,train
2745,25.04050211213976,25.065285,train
16543,98.11718222077316,98.48458,train
6427,37.38629228613615,37.040253,train
19399,79.48504113105551,79.33552,train
8486,56.318371719454376,56.51358,train
11552,49.29258108243957,49.851963,train
5461,12.885025212225244,12.748456,train
6662,24.10159309622668,24.638346,train
19315,52.38623850151688,52.790382,train
19388,75.03655084716752,74.73667,train
14348,65.83077308186866,65.71324,train
3136,3.624115801788345,3.6457982,train
15829,92.03325910726882,92.48077,train
12071,95.84505322335384,96.00165,train
10814,58.31738655168958,58.464912,train
4142,19.28254456595652,19.362429,train
5394,43.65657505930208,43.231335,train
18596,78.3521209153635,78.89511,train
5582,39.33748405428104,39.728085,train
14844,26.936990316598862,28.107843,train
10765,45.14459234822735,44.319653,train
14832,24.386290598811208,24.650911,train
1416,166.17853479893557,166.90967,train
8715,55.89167516914279,55.912247,train
19075,15.49099131419465,16.174881,train
14644,33.2646262088608,33.68766,train
4189,28.753615695926324,29.549866,train
19123,27.698995930992588,28.00209,train
6334,44.597910972306806,43.631863,train
19258,51.23740717945918,51.231464,train
9316,135.2198141561254,135.27922,train
19106,24.782599128301666,24.247763,train
9579,87.37869480347202,87.498985,train
9037,83.29477154332817,83.33258,train
13269,107.5197399548222,106.92263,train
17500,17.141358034855276,17.004534,train
4977,25.27984779576332,25.358246,train
3276,38.91593697359398,38.960907,train
18762,31.06582383188345,31.18747,train
8152,3.3460458597073703,3.3082185,train
13985,16.08629542413324,16.13289,train
5824,83.09935595306658,83.19932,train
18500,95.84505322335384,95.298645,train
4398,106.2025558056929,105.68646,train
17021,39.33748405428104,38.769466,train
10573,38.88107047950797,38.81872,train
16149,84.82941053361527,84.23789,train
6588,69.76848318728358,69.652824,train
15355,89.57234360169679,89.83119,train
15005,112.6599718133244,112.27541,train
86,73.5169788308657,73.733894,train
2162,2.9065837811274826,2.9311738,train
18167,40.76621946032643,40.52292,train
15857,89.59649952596679,89.544174,train
12032,123.96214174002029,123.93061,train
8380,35.86295586622186,35.89559,train
7869,75.72806675637788,75.89656,train
2651,70.5776831156227,70.49679,train
15990,13.645628914737031,13.686924,train
10880,55.4430882998278,56.68546,train
8858,51.56721782835394,51.598206,train
15470,76.00671399435468,75.96938,train
17720,19.038942421022504,19.034853,train
16180,75.33592393483191,75.00917,train
11738,69.0602255325774,69.56819,train
2706,77.53876431170232,77.71308,train
16257,76.00671399435468,76.36461,train
8699,49.5370430474446,49.54989,train
17570,28.80702918062262,28.813602,train
2591,84.57638463785023,84.69868,train
15840,90.5009001330304,90.69708,train
14294,44.66517096340306,44.112896,train
14867,36.858562352761474,36.03652,train
16378,49.17258922572702,48.910255,train
5421,53.62497940433934,54.0255,train
12859,62.82498618409738,62.763783,train
14081,29.8566124927783,30.991909,train
18241,75.23466307522513,75.06198,train
14227,34.767713483007924,34.466652,train
18144,31.73671877096429,32.13119,train
2994,28.678520203607828,28.43094,train
6750,55.1604052272772,55.104877,train
17145,111.6113573414681,111.87398,train
9571,87.37869480347202,87.55173,train
18599,79.27542778284364,79.38348,train
13323,93.38657295807928,93.5989,train
16203,72.29320847026757,72.71709,train
2101,50.68801501365044,50.662483,train
8986,94.86192637572438,95.33987,train
633,6.442036183009371,6.4377747,train
8040,35.46372651810452,35.319714,train
14995,118.73948000326068,118.48695,train
6091,136.76886894565047,136.63849,train
17294,12.046394034663363,11.472749,train
6791,75.24982629334554,75.473305,train
4747,33.2646262088608,33.18929,train
3900,24.63527893831387,25.105389,train
16904,12.885025212225244,12.785388,train
1363,55.271872386990935,55.278023,train
4500,5.227697523949966,5.272317,train
1624,7.85908552453503,7.9066777,train
17622,47.383642487349135,47.96584,train
2502,60.456358375515045,60.599438,train
7414,24.789633367188944,24.697615,train
19041,10.57203228982024,11.055405,train
3119,2.9065837811274826,2.9311738,train
16435,60.937760889072194,59.62717,train
7417,24.789633367188944,24.399563,train
6487,38.05130976592272,37.983067,train
5550,28.753615695926324,29.274353,train
15070,92.49987338269456,92.513725,train
8151,3.3460458597073703,3.3082185,train
18708,18.266090082633497,17.340405,train
3065,48.96526861625701,49.1848,train
6047,179.04708701101467,179.2697,train
11694,72.90167939974636,73.379074,train
1262,13.53610473193936,13.554237,train
527,106.2025558056929,105.962494,train
19,95.27995050133204,95.41587,train
15907,91.48002635649718,91.3199,train
18827,63.547457434196325,62.803684,train
11048,83.55792357754082,83.68831,train
17538,22.02913768609874,21.88047,train
15752,137.09122808053337,137.43944,train
7113,70.8890994699993,70.93974,train
13139,72.34090204261534,72.0672,train
14140,55.80060084695734,56.553207,train
1552,99.4907361299304,99.69014,train
5236,83.53755060546071,83.72428,train
15419,71.63339382759735,71.643654,train
9734,10.014648675893918,9.978802,train
1585,3.328531319289431,3.337573,train
15438,71.91030133184738,72.09688,train
11706,69.8994010800787,70.63115,train
17039,48.41170998900376,47.750965,train
269,51.5337561017549,51.974377,train
15137,126.44708143304572,126.63195,train
3490,91.48002635649718,91.765656,train
14432,107.32601858936177,107.43597,train
14494,90.34178504057668,90.565865,train
9435,75.52912062238612,76.00999,train
19298,49.964974571776985,49.62324,train
1337,38.10425093874939,38.109734,train
3751,36.94310571922444,36.914104,train
1256,11.384421137066337,11.406518,train
11200,34.113034957437215,34.270653,train
17447,62.03409074627981,61.45729,train
17789,35.05216416707113,35.36045,train
8562,5.260504433154911,5.1478662,train
12906,58.30263960140757,58.269424,train
9127,18.448270263304188,18.898434,train
16051,33.717244930192976,33.68749,train
308,53.11407662346408,53.404694,train
8262,25.51278413365878,25.587753,train
17791,35.05216416707113,35.925423,train
4680,19.89991539202705,19.892195,train
12723,39.410668208964985,39.728386,train
5863,68.70638879452079,68.92548,train
2850,44.597910972306806,44.442574,train
18425,86.82293470300802,86.84477,train
11599,65.54060841010474,65.06503,train
1836,19.28254456595652,19.093527,train
706,21.824079935423136,21.875692,train
6518,43.604537301970495,42.44073,train
4560,15.977335233233198,16.00739,train
8293,38.48840493675039,38.530453,train
18767,34.52159133738391,32.327,train
19090,19.694692079282625,20.05706,train
18304,99.25129745411776,99.25194,train
1608,5.227697523949966,5.272317,train
2378,35.919888386123255,35.99476,train
8389,36.210240125305205,36.509556,train
9274,57.39162304208823,57.398907,train
5756,70.5776831156227,70.859276,train
13330,92.49987338269456,92.70951,train
9106,88.48216304859169,88.259605,train
1086,117.68636585320668,117.18843,train
5138,73.5169788308657,73.28286,train
7714,52.83913101702683,51.46059,train
11703,71.14396606839321,70.91162,train
13675,75.46351541383811,74.827614,train
16777,105.8033985466063,105.90976,train
3705,37.38629228613615,37.171085,train
13273,107.5197399548222,107.34631,train
6172,101.86758015295236,102.40933,train
9359,94.83357335355618,95.36074,train
6154,103.745126530115,103.859184,train
18513,91.22443951098568,91.380135,train
12657,35.5258604479491,35.41046,train
8855,49.29258108243957,48.99936,train
7418,24.789633367188944,24.60082,train
7830,82.51266906756706,82.59897,train
3851,64.95566127753808,65.100586,train
16213,71.63339382759735,71.90832,train
7788,107.39789478589,107.82198,train
2682,73.22704486211128,73.01203,train
17460,67.80500732074917,68.09284,train
5363,31.91051408188231,31.365007,train
15896,90.79293338634857,90.529,train
17333,17.4903137095204,18.286863,train
7513,53.00734926713273,52.543533,train
1259,13.53610473193936,13.552571,train
17891,149.10252861042588,148.40398,train
9633,77.93378927116997,78.2261,train
14745,16.314170769820958,16.26288,train
2379,35.919888386123255,35.7583,train
5120,77.79019270718656,77.82545,train
16375,49.17258922572702,48.208954,train
17163,105.8033985466063,106.09279,train
14420,112.90513573952586,113.40384,train
15622,18.89411765969292,18.911312,train
6597,74.77670776968583,74.82944,train
3273,38.91593697359398,38.8597,train
8683,38.48840493675039,38.530453,train
3101,67.18811819694348,66.87531,train
14923,61.55125893730588,61.87479,train
10350,49.49174784981139,50.370163,train
7454,33.2646262088608,33.18929,train
7815,89.93891881356173,89.99496,train
1686,21.824079935423136,21.875692,train
9622,78.04583599126548,78.22202,train
2428,39.53055859179817,39.006973,train
18756,27.940862928093075,28.891823,train
6166,101.86758015295236,101.63996,train
13264,112.6599718133244,112.78345,train
6221,26.05871153969042,26.266762,train
8590,9.570229866524786,9.544644,train
5588,43.65657505930208,44.001186,train
14508,89.71465856252216,89.460724,train
14185,42.58610637454368,42.715668,train
4170,25.935608876074404,25.9675,train
14783,16.774054817925467,17.065918,train
1019,179.04708701101467,178.99586,train
6958,70.098803480824,69.880135,train
6942,64.1404088665598,64.199066,train
172,80.80332043496549,80.529915,train
1356,49.00862249254413,48.99863,train
4355,123.0978685654898,123.09457,train
13623,88.28473895319611,88.9921,train
11646,90.79649380247676,91.19609,train
245,55.95115332265876,56.05179,train
11910,84.24741541524314,83.67594,train
17029,43.65657505930208,43.1504,train
18481,107.7381594436571,107.85015,train
210,66.58516636474155,68.89945,train
4675,19.89991539202705,19.622213,train
2801,29.533535528411715,29.371069,train
5149,72.2932084702675,72.22058,train
12110,81.7828321007955,81.48874,train
15056,94.85645482862957,94.871605,train
8286,33.717244930192976,33.68749,train
17363,24.782599128301666,25.308111,train
3990,40.76621946032643,40.52292,train
8801,46.16640159983851,46.43491,train
17386,34.36019909387007,33.30656,train
10974,56.716123866601365,56.40844,train
7645,30.322774918295444,30.456066,train
14522,90.1171147731606,90.42862,train
4016,48.84238573144443,49.171524,train
9325,124.5037870661705,124.490326,train
18153,34.339930274970904,34.32349,train
11523,45.64933795175344,45.706757,train
14070,26.936990316598862,27.176184,train
5168,71.5126952436544,71.78019,train
5209,76.00671399435818,75.905556,train
13982,16.08629542413324,15.550283,train
1648,11.384421137066337,11.406518,train
9150,23.053352899871395,22.80288,train
1692,21.824079935423136,21.884987,train
16268,78.23957030362628,78.053604,train
4464,97.47338258073955,97.636856,train
5533,25.935608876074404,25.9675,train
2983,26.657804872047155,26.007881,train
7876,75.72806675637788,75.98321,train
9933,11.245979387941956,11.436247,train
732,29.12596598702036,29.158512,train
1114,106.2025558056929,106.01326,train
12735,44.66517096340306,44.848648,train
17770,28.80702918062262,28.813602,train
12374,76.00671399435468,75.92435,train
3171,8.180433892801254,8.071619,train
2293,34.113034957437215,34.095257,train
9335,107.39789478589,107.60697,train
1299,25.27984779576332,25.358246,train
12711,37.48026356057577,37.094673,train
15574,7.914848156370223,7.931517,train
1293,21.824079935423136,21.875692,train
8238,18.89411765969292,18.910645,train
16006,16.11129124792047,16.207216,train
12421,38.91834885517143,38.52957,train
16647,73.22704486211128,73.27229,train
7935,82.25512726841278,82.28247,train
6546,52.561077422993925,52.66633,train
9600,79.9470355349353,79.94213,train
1478,117.68636585320668,117.22236,train
12082,91.22443951098568,91.125206,train
10822,62.29899679862298,61.858795,train
16339,48.56996296403304,48.514168,train
5262,12.124975352206752,12.586946,train
13729,76.01605659237786,75.59188,train
8708,55.89167516914279,55.912247,train
4943,13.53610473193936,13.554237,train
1743,49.0086224925457,49.00694,train
14510,89.71465856252216,89.559555,train
13766,84.17406753255614,84.12325,train
3789,41.380738858681696,41.92225,train
4248,53.62497940433934,54.0255,train
9904,8.085620495190993,8.303087,train
9667,80.66666767817155,80.74821,train
17900,137.09122808053337,137.43944,train
6066,154.98431615588598,155.03267,train
17452,62.03409074627981,62.324303,train
18350,84.38693654155693,84.360466,train
2975,24.789633367188944,25.625965,train
411,211.02994799979388,211.60492,train
673,13.53610473193936,13.552571,train
11731,68.87072465156034,69.24628,train
14670,41.84557272242807,41.763073,train
15249,82.74203335367166,83.37618,train
9592,81.7828321007955,81.70917,train
4086,12.124975352206752,12.167575,train
849,8.180433892801254,8.071619,train
10698,44.130221195170286,44.517696,train
18728,22.58567457678973,21.724815,train
17635,57.78179082659215,57.111416,train
12115,81.7828321007955,81.24936,train
6532,46.20624283129268,46.774155,train
9836,34.1577503463269,34.439045,train
4698,23.053352899871395,22.993,train
6772,64.87166628595628,65.460014,train
3067,53.00734926713273,53.061222,train
6624,17.650012712740526,17.528246,train
7248,79.88545352007381,79.69383,train
11621,75.02114224725477,74.82701,train
15997,13.645628914737031,13.686924,train
16055,33.717244930192976,33.68749,train
18477,115.23290406090766,115.26843,train
11673,78.081523194867,78.06485,train
7090,70.8998858391393,70.98921,train
14415,119.47607547303537,120.003624,train
17307,13.681305189167857,13.896081,train
13636,84.47098482884549,84.827034,train
4280,211.02994799979388,210.91116,train
7441,28.678520203607828,28.967339,train
2703,77.53876431170232,77.464165,train
10726,42.16129665773079,41.5586,train
18005,89.59649952596679,89.544174,train
6625,17.650012712740526,17.739468,train
4433,100.48928695862324,100.20015,train
17421,46.6663635563764,46.74641,train
16063,38.48840493675039,38.530453,train
2255,19.20192266480916,19.17752,train
8315,49.5370430474446,49.54989,train
17607,42.852961632253525,42.46215,train
9628,78.04583599126548,78.46217,train
16933,16.125116344342604,16.031952,train
1432,154.98431615588598,154.65883,train
17632,52.35653033478938,53.14264,train
9989,20.89376771053955,21.655931,train
6387,69.52453059841163,69.96903,train
3554,24.10159309622668,23.703693,train
17563,26.22042757385485,27.229939,train
4843,67.18811819694348,67.480255,train
15576,9.570229866524786,9.544644,train
10551,29.34578260289036,29.656399,train
8121,70.03363402017787,69.58574,train
5163,71.5126952436544,72.15397,train
14239,34.635546819221005,34.853996,train
2705,77.53876431170232,77.6595,train
1089,113.1117727502116,112.945816,train
5278,13.792313484057486,13.746577,train
15415,72.29320847026757,72.719604,train
15614,16.11129124792047,16.207216,train
18342,86.04998768751986,85.803566,train
14010,16.774054817925467,17.065918,train
16805,94.254909093602,93.74722,train
11557,49.29258108243957,49.15831,train
14999,112.6599718133244,112.47041,train
16853,89.42090092796712,89.48197,train
14731,67.18811819694378,67.09673,train
13392,53.18976182780735,53.510567,train
2120,59.89579766367838,59.73547,train
5557,31.91051408188231,32.172653,train
13550,55.99893434087522,56.303783,train
8501,64.95566127753808,64.755,train
15658,33.717244930192976,33.68749,train
10996,62.87797862213373,62.067097,train
12268,80.93195157639853,79.67518,train
3437,90.5009001330304,90.27221,train
8239,18.89411765969292,18.910645,train
12362,74.18155972707093,73.86918,train
10427,66.59566485208973,65.88848,train
5892,60.81262844049596,61.01455,train
2748,24.63527893831387,24.907879,train
5213,78.2395703036289,78.66503,train
17148,111.6113573414681,111.53779,train
6364,58.5236929318425,58.110474,train
5786,73.22704486211128,73.45161,train
17495,17.141358034855276,17.1083,train
17334,19.694692079282625,18.89914,train
12159,78.3521209153635,78.41772,train
8946,117.94057501366258,118.16364,train
2735,26.05871153969042,26.266762,train
11093,6.750079908713624,6.5304766,train
1493,109.30466743726038,109.68506,train
5930,58.30263960140757,58.37876,train
17293,10.57203228982024,11.62724,train
15321,110.28871787139632,109.29301,train
5781,73.22704486211128,73.02152,train
3906,24.63527893831387,23.967028,train
816,4.491537072359547,4.313355,train
4301,179.04708701101467,178.1973,train
10009,26.79723709025756,27.501772,train
370,69.71997296559415,69.357796,train
16764,111.6113573414681,111.77706,train
17103,163.4865892910184,163.43927,train
1748,49.0086224925457,48.99863,train
2989,28.678520203607828,28.793558,train
8123,70.03363402017787,70.391136,train
12899,58.132094825297145,58.464737,train
5955,60.19466070864491,59.658382,train
13785,8.163467965221182,8.310446,train
5606,53.62497940433934,53.40689,train
6193,98.65596999066533,98.7114,train
8503,64.95566127753808,64.850296,train
10658,75.24982629334554,75.334274,train
12743,44.66517096340306,44.647808,train
2696,75.16417987128504,75.572784,train
8187,6.4852329987035695,6.548349,train
6432,37.38629228613615,37.434944,train
18405,84.01038592956453,83.84054,train
5539,25.935608876074404,26.017103,train
17524,20.391351361528265,20.022314,train
16615,70.8998858391393,71.00957,train
694,18.731792724897712,18.767061,train
16097,55.89167516914279,55.912247,train
9765,14.34267649792701,14.598047,train
6946,66.87499746459498,67.06233,train
12656,35.5258604479491,35.74957,train
3404,97.23410613085656,97.0721,train
98,71.63339382759392,72.225464,train
8345,38.91834885517143,38.88501,train
3611,42.55205181960314,42.24262,train
123,71.91030133184738,71.964195,train
17809,42.852961632253525,42.680782,train
12460,35.86295586622186,35.41084,train
7633,28.550776752841173,28.075607,train
11821,85.05997393992781,85.21553,train
1196,3.328531319289431,3.337573,train
881,13.92854978889145,13.922574,train
11685,75.20136128981777,75.41997,train
8650,25.51278413365878,25.587753,train
17119,137.09122808053337,136.4398,train
12088,91.22443951098568,91.19228,train
15433,71.5126952436544,71.661125,train
16927,14.865809293936342,14.816431,train
8454,46.20624283129268,46.099392,train
19278,49.52880914978266,49.389523,train
18676,12.027122960554882,13.48419,train
11453,62.25633543844163,62.605537,train
15307,88.48216304859169,88.259605,train
16796,97.23410613085656,97.1484,train
10301,55.4430882998278,56.68546,train
13798,8.90268272869505,8.984379,train
11353,22.34386956684365,22.210978,train
18624,82.46105591073825,82.36915,train
1204,4.196221297202333,4.204997,train
5110,80.93195157639853,80.67894,train
18782,38.33307963061296,38.827446,train
9846,38.44992203777068,38.743767,train
17848,63.65496035831079,63.66527,train
14739,72.52135855398811,72.461945,train
1290,21.824079935423136,21.875692,train
12718,39.410668208964985,39.54768,train
10122,104.48871564383238,103.888084,train
15508,86.00802491357506,86.10957,train
15897,90.79293338634857,90.71725,train
12980,73.76729204182922,73.90739,train
12137,78.70967419713557,78.90347,train
7423,26.657804872047155,26.87989,train
10925,49.49174784981139,49.255653,train
16972,23.43298254652068,23.245565,train
4157,21.22276810141124,21.404392,train
10529,24.10159309622668,24.028494,train
13706,74.34851013209767,74.36327,train
6089,136.76886894565047,137.14384,train
10476,14.147402430467531,14.267633,train
11245,2.9065837811274826,2.9311738,train
296,51.334066206546574,51.19867,train
8341,38.91834885517143,38.631687,train
17999,89.59649952596679,89.59986,train
1618,6.442036183009371,6.4377747,train
1869,25.935608876074404,26.017103,train
14753,16.314170769820958,16.593855,train
18840,182.32680590471207,182.50418,train
18367,83.29477154332817,83.34048,train
3240,25.857534399290905,25.88882,train
2462,46.20624283129268,46.774155,train
518,109.30466743726038,109.27475,train
7032,90.56896135270873,90.58187,train
6574,64.95566127753861,65.100586,train
11791,76.6667816523841,76.44577,train
7792,100.6187540373376,100.69356,train
104,71.63339382759392,71.76834,train
15299,86.82293470300802,87.038826,train
7335,75.16417987128645,75.153275,train
11533,46.3112758194042,46.646523,train
14065,26.936990316598862,27.006416,train
14701,53.00734926713273,53.26366,train
8294,38.48840493675039,38.530453,train
15314,89.77171705634251,89.4981,train
14777,16.774054817925467,16.742191,train
4893,5.227697523949966,5.272317,train
15394,75.33592393483191,75.49979,train
18183,44.597910972306806,44.14708,train
6484,38.05130976592272,38.52407,train
10681,47.57393441184789,47.490696,train
11273,5.527128574206158,5.477246,train
1171,97.47338258073955,97.46439,train
12662,35.5258604479491,35.500443,train
15779,118.62582953904092,119.19649,train
14592,23.053352899871395,22.742584,train
15580,9.570229866524786,9.544644,train
10695,44.130221195170286,43.963806,train
1260,13.53610473193936,13.554237,train
969,50.04341124314785,50.090683,train
16326,49.424339205446245,48.982586,train
15995,13.645628914737031,13.686924,train
7745,68.41269006792136,67.85125,train
6678,29.34578260289036,28.864836,train
13555,60.69477696945295,59.48554,train
8534,2.618505311135724,2.653271,train
363,65.82792957452513,65.527214,train
14588,23.053352899871395,22.993,train
12598,74.77670776968412,74.560074,train
13855,17.09241641846016,16.6616,train
781,55.271872386990935,55.28068,train
884,16.40524145944573,16.340355,train
15598,13.645628914737031,13.686924,train
8106,59.89579766367838,60.048542,train
19119,27.698995930992588,27.634731,train
12671,34.767713483007924,35.05013,train
18586,77.93378927116997,78.147545,train
9865,48.39717757559769,48.614857,train
7422,26.657804872047155,26.484158,train
7442,30.8733631927149,30.571722,train
4279,230.9901536612257,230.94298,train
11908,84.24741541524314,83.5354,train
6951,66.87499746459498,67.386665,train
8780,49.56838968278535,49.139187,train
17083,201.78551544430667,202.02687,train
718,25.27984779576332,25.35617,train
10212,82.69911139745801,83.16256,train
14675,45.250987390322535,44.935856,train
6698,35.46372651810452,35.52992,train
15439,71.91030133184738,72.054405,train
17034,43.65657505930208,44.001186,train
12575,64.95566127753808,65.08615,train
11288,6.750079908713624,6.840165,train
13344,92.14301126701253,92.1526,train
5617,59.31238391810723,59.21229,train
19328,54.316367961579786,54.085346,train
7316,71.78670881619715,71.551735,train
4034,58.5236929318425,58.366745,train
4471,2.606366123918593,2.6254888,train
15715,62.85838899590023,62.841156,train
16450,64.10443142186895,64.60464,train
15719,201.78551544430667,202.7263,train
6633,19.628813853406385,19.09317,train
2469,49.19054255336955,48.941235,train
3612,42.55205181960314,42.41876,train
7578,24.5889875058797,24.7899,train
1473,117.68636585320668,117.69805,train
18169,40.76621946032643,40.639736,train
5449,12.124975352206752,12.167575,train
44,84.82941053361527,84.88547,train
254,53.87988875437848,52.66286,train
12795,71.34845173855356,71.013596,train
17593,35.05216416707113,36.042297,train
10310,52.99398689569749,52.645054,train
3790,43.604537301970495,44.36784,train
15350,89.57234360169679,89.66155,train
2342,56.44692913934201,56.45331,train
1375,62.12878854692645,62.113365,train
6021,230.9901536612257,230.59537,train
1431,154.98431615588598,154.61703,train
10949,50.93322091321282,51.3997,train
572,99.4907361299304,99.69014,train
19325,54.316367961579786,54.97416,train
13332,92.49987338269456,92.55338,train
11676,78.081523194867,78.21697,train
1163,98.65596999066533,98.6913,train
2627,71.91197889308408,72.640236,train
12531,46.20624283129268,46.099392,train
5874,65.44228559506357,65.656204,train
18906,111.16906764061592,111.51121,train
8617,13.645628914737031,13.686924,train
15856,89.59649952596679,89.36086,train
9877,54.10904342509948,54.38493,train
7434,28.678520203607828,28.793558,train
16411,53.47823699991465,55.0104,train
13523,44.66517096340306,44.647808,train
15457,74.18155972707093,74.45248,train
16861,89.98590815117426,90.14487,train
6471,36.210240125305205,36.48118,train
5542,25.935608876074404,26.061966,train
2048,32.289249758728964,31.98786,train
17330,17.4903137095204,18.115454,train
12097,87.37869480347202,87.23996,train
16256,76.00671399435468,76.26967,train
4226,43.65657505930208,43.961834,train
7058,76.30367359186545,75.99221,train
8381,35.86295586622186,35.9659,train
4246,53.62497940433934,53.866196,train
4760,35.87508543765299,35.775776,train
1737,43.29863673312746,43.32351,train
3596,35.46372651810452,35.339893,train
5654,119.35792066219084,119.13954,train
12093,87.37869480347202,87.32474,train
4757,35.87508543765299,35.75812,train
603,3.328531319289431,3.337573,train
11286,6.750079908713624,6.840165,train
8269,29.402411149110645,29.427898,train
13072,71.14396606839321,71.7748,train
3071,53.00734926713273,52.876472,train
14802,18.82198014263801,18.86644,train
6002,73.76729204182922,73.90739,train
12776,60.69477696945295,60.032368,train
16106,62.85838899590023,62.841156,train
5521,21.22276810141124,21.716677,train
1631,7.85908552453503,7.9066777,train
1635,9.499438230882436,9.501294,train
11325,13.92854978889145,13.922574,train
2085,46.48566476712182,46.471283,train
2401,36.210240125305205,36.48118,train
5607,53.62497940433934,53.341038,train
3506,14.147402430467531,14.391522,train
15194,91.2397572047843,91.32287,train
7222,90.5689613527014,90.2508,train
1598,4.196221297202333,4.204997,train
13542,51.76031579593137,51.744205,train
7907,76.77816930527605,76.78027,train
11601,65.54060841010474,65.6577,train
7348,77.53876431169658,77.464165,train
5336,23.43298254652068,23.245565,train
6617,15.826709276493416,15.851071,train
15385,77.79019270718537,78.00607,train
13725,76.01605659237786,75.70956,train
6433,36.41164086407028,36.635117,train
661,9.499438230882436,9.494648,train
2928,18.448270263304188,18.438486,train
10659,75.24982629334554,75.24975,train
14797,18.82198014263801,18.264688,train
16082,49.5370430474446,49.54989,train
11798,79.3711852446667,79.347145,train
16729,149.10252861042588,148.74617,train
7016,107.5602418843858,107.50203,train
2387,35.86295586622186,35.550823,train
18612,80.66666767817155,80.58795,train
6483,38.05130976592272,38.07008,train
13702,74.34851013209767,73.94163,train
6510,41.380738858681696,40.737537,train
2538,152.8177784761153,152.46039,train
4061,75.23466307522513,75.17982,train
7355,80.25361829662114,80.20081,train
12145,78.04583599126548,78.285164,train
14228,34.767713483007924,35.05013,train
3202,13.92854978889145,13.922574,train
3270,38.91593697359398,38.8597,train
5210,76.00671399435818,75.73154,train
18486,107.7381594436571,107.45801,train
8016,26.620833128631787,26.805857,train
5810,80.25361829662151,80.20081,train
7143,75.16417987128504,75.097305,train
19205,62.03409074627981,62.469086,train
4256,59.31238391810723,59.238514,train
6550,52.561077422993925,52.273655,train
15126,93.50643630226388,93.26013,train
11607,65.54060841010474,65.965706,train
3008,33.2646262088608,33.637035,train
7370,83.09935595306598,83.381516,train
18438,88.48216304859169,88.60413,train
12257,84.82941053361527,85.02497,train
13117,69.70696214856945,69.95095,train
18472,115.23290406090766,115.707695,train
6727,46.48566476712182,46.11491,train
4793,45.250987390322535,45.26384,train
5267,12.885025212225244,12.668636,train
18361,83.29477154332817,83.27113,train
750,38.10425093874939,38.109734,train
5255,12.124975352206752,12.181203,train
15895,90.79293338634857,90.53633,train
6639,19.628813853406385,19.289598,train
1210,5.227697523949966,5.272317,train
14147,61.55125893730588,61.640873,train
11564,51.56721782835394,51.23289,train
9305,72.52135855398946,72.65872,train
14965,143.8247661167656,144.53784,train
5857,72.67230242637233,72.34574,train
650,7.85908552453503,7.9066777,train
11748,69.70696214856945,69.67012,train
11258,3.624115801788345,3.6457982,train
16563,84.57638463785023,84.24482,train
3575,29.34578260289036,28.864836,train
1322,33.39074910957999,33.369724,train
9263,53.00734926713273,52.876472,train
17638,57.78179082659215,57.93717,train
2096,50.68801501365044,50.631424,train
12810,83.01808144823141,82.435394,train
3791,43.604537301970495,44.44274,train
17818,47.383642487349135,47.06955,train
11378,29.77075417333618,29.798998,train
19268,50.09922712517202,50.19353,train
2980,26.657804872047155,26.438696,train
10135,99.25129745411776,99.42061,train
12240,95.27995050133204,95.42583,train
5395,43.65657505930208,43.346443,train
6561,56.318371719458256,56.51358,train
2742,25.04050211213976,24.998835,train
16831,89.59649952596679,89.59986,train
2861,48.84238573144443,48.116043,train
8444,43.604537301970495,42.68331,train
6576,64.95566127753861,64.755,train
8161,4.22054923341766,4.2420034,train
7932,82.25512726841278,82.20976,train
8863,51.56721782835394,50.799606,train
19028,9.244705548457503,8.970517,train
7931,82.25512726841278,82.191216,train
18371,82.74203335367166,82.998146,train
1364,55.271872386990935,55.28068,train
8188,7.914848156370223,7.931517,train
11264,4.491537072359547,4.313355,train
2620,73.68374035525322,73.87424,train
8093,55.1604052272772,54.516865,train
14542,91.77117363602072,91.54654,train
1662,13.53610473193936,13.554237,train
11930,79.94703553493463,79.8088,train
4340,136.76886894565047,137.15045,train
9102,88.48216304859169,88.45226,train
4285,211.02994799979388,211.12189,train
14942,183.50675596781025,183.46295,train
4528,9.499438230882436,9.501294,train
7885,75.52912062238612,75.780846,train
12641,39.2928079640545,39.156628,train
19266,50.09922712517202,50.566074,train
16965,21.22276810141124,21.393372,train
5360,28.753615695926324,29.274353,train
6567,60.456358375515045,60.402283,train
4089,12.124975352206752,12.586946,train
14929,67.62832117387488,67.152985,train
18300,104.48871564383238,103.7727,train
13242,125.86447482244527,126.48118,train
9856,43.186882593766825,43.266872,train
18035,89.98590815117426,89.92839,train
8822,45.64933795175344,45.932014,train
12496,39.53055859179817,39.45479,train
1873,28.753615695926324,28.497833,train
7777,115.30303150446332,115.27272,train
2577,90.56896135270873,90.2508,train
634,6.442036183009371,6.4377747,train
12886,58.48566458724775,58.552567,train
15245,82.74203335367166,82.72649,train
18214,58.5236929318425,58.52737,train
13480,36.02701366128638,35.543293,train
1007,193.8751524679473,193.694,train
15459,74.18155972707093,74.10995,train
6908,58.991170602037386,59.055454,train
12616,47.10789941727601,46.786045,train
18064,26.05871153969042,25.65664,train
16631,70.8890994699993,70.93974,train
17398,38.13815414182142,38.39918,train
19173,46.6663635563764,46.74641,train
11515,45.5844800104469,46.247017,train
18919,101.40176125573278,100.805084,train
11083,5.527128574206158,5.477246,train
12407,86.00802491357506,86.10957,train
18419,85.2707950135868,85.20478,train
14018,17.633485569278523,17.469439,train
642,6.442036183009371,6.4325237,train
11094,6.750079908713624,6.840165,train
7265,73.68374035525031,73.87424,train
2155,2.9065837811274826,2.9311738,train
8565,5.260504433154911,5.1478662,train
533,103.745126530115,103.663345,train
5182,71.91030133184738,72.08726,train
1103,109.30466743726038,109.27475,train
1850,21.22276810141124,21.404392,train
12124,79.9470355349353,80.02718,train
15860,89.25950270069107,89.17224,train
10087,136.40586584491066,136.47696,train
14427,107.32601858936177,108.15731,train
6308,34.339930274970904,34.27062,train
4323,154.98431615588598,154.61703,train
14202,36.99469593104042,37.37604,train
17007,31.91051408188231,32.073166,train
11947,78.04583599126548,78.26174,train
17287,10.57203228982024,10.892673,train
18774,34.52159133738391,35.483242,train
18914,105.86133971445166,106.1467,train
13910,31.152134114795924,31.801643,train
2245,16.40524145944573,16.340355,train
6301,31.73671877096429,32.08829,train
16430,58.10615179076552,58.481506,train
697,18.731792724897712,18.768688,train
8871,54.343834943578464,54.58679,train
18802,47.12291119309999,46.808994,train
460,145.24040847801632,145.12863,train
15763,127.03771421016312,127.1415,train
17950,101.0511292541869,101.18552,train
13224,143.8247661167656,144.5135,train
10204,82.69911139745801,82.87632,train
3491,91.48002635649718,91.4776,train
8841,47.53432583996549,47.354008,train
5251,86.00802491357565,86.02074,train
18850,167.15995000247077,167.06075,train
8724,62.85838899590023,62.841156,train
13188,85.05997393992781,85.21553,train
2905,69.52453059841163,69.70933,train
6071,154.98431615588598,154.61703,train
8494,60.456358375515045,60.50845,train
4274,230.9901536612257,230.904,train
2334,56.44692913934201,56.45331,train
9187,28.678520203607828,29.006702,train
19247,52.99398689569749,52.98122,train
15177,99.25129745411776,99.457924,train
6124,113.1117727502116,112.945816,train
3732,35.86295586622186,35.89559,train
3892,25.04050211213976,25.128967,train
5793,75.16417987128504,75.17789,train
2621,73.68374035525322,73.76539,train
137,72.80691569376819,72.72832,train
15145,117.94057501366258,117.79604,train
4975,25.27984779576332,25.358246,train
14242,35.06929068218894,35.21567,train
11969,78.3521209153635,78.634155,train
17534,22.02913768609874,21.286747,train
3480,90.79293338634857,91.09006,train
13893,27.66127153640531,27.239069,train
12248,89.57234360169679,90.24947,train
1015,179.04708701101467,179.63187,train
15743,149.10252861042588,148.40398,train
13004,96.6886854171183,97.16676,train
13507,41.80739580968886,42.7757,train
14708,57.39162304208823,57.27558,train
17553,23.96684006413348,24.979647,train
12244,95.27995050133204,95.1858,train
5441,65.47137652330578,65.57208,train
4053,69.52453059841163,69.37868,train
2853,44.597910972306806,44.14708,train
14176,47.10789941727601,47.48537,train
1162,98.65596999066533,99.14127,train
390,78.3836967869071,77.88626,train
16532,107.5602418843858,107.435,train
5968,64.1404088665598,64.22702,train
10671,50.014011392149406,49.93067,train
1498,109.30466743726038,109.27475,train
16934,16.125116344342604,16.199835,train
3381,105.8033985466063,106.325096,train
16235,72.80691569376961,73.067406,train
9869,48.39717757559769,48.687008,train
18894,117.40677602978512,117.35642,train
19283,49.52880914978266,49.748714,train
3087,62.1233802776967,61.801266,train
8122,70.03363402017787,70.202,train
12699,36.02701366128638,35.789474,train
826,5.527128574206158,5.477246,train
6274,27.727713592149392,27.771503,train
10535,26.620833128631787,26.35618,train
10660,75.24982629334554,75.473305,train
17227,89.25950270069107,89.5271,train
18410,85.2707950135868,85.42634,train
8791,47.46331387653679,47.28268,train
10530,24.10159309622668,24.587608,train
10046,43.186882593766825,43.266872,train
10313,51.23740717945918,51.22263,train
11608,65.54060841010474,66.58838,train
16441,60.937760889072194,61.61605,train
7957,14.147402430467531,14.939249,train
5361,28.753615695926324,29.73713,train
5597,48.41170998900376,48.001698,train
7500,45.250987390322535,45.26384,train
15787,111.6113573414681,111.71032,train
9662,80.66666767817155,80.65586,train
17239,89.42090092796712,89.575745,train
17155,105.8033985466063,106.325096,train
3006,30.8733631927149,31.780998,train
15266,83.13470642646298,83.09063,train
9388,82.51266906756706,82.288284,train
5974,64.1404088665598,64.083336,train
12573,60.456358375515045,60.66006,train
16922,14.865809293936342,15.038185,train
13417,39.2928079640545,38.83055,train
10139,94.86192637572438,94.944626,train
3629,46.48566476712182,46.976543,train
13632,84.47098482884549,84.99119,train
12116,81.7828321007955,81.68289,train
425,193.8751524679473,193.9494,train
4712,24.789633367188944,24.976704,train
10050,48.39717757559769,47.781136,train
10493,17.650012712740526,17.528246,train
12612,53.18976182780735,53.510567,train
2955,21.429473611547053,21.8418,train
11696,71.14396606839321,71.733505,train
1982,15.826709276493416,16.256115,train
14624,28.678520203607828,28.967339,train
4252,59.31238391810723,59.023724,train
1925,48.41170998900376,48.098736,train
13777,86.46661268195652,86.455,train
11700,71.14396606839321,70.78319,train
13891,24.534383850610403,25.02094,train
8825,45.64933795175344,46.18424,train
9954,14.34267649792701,14.1886015,train
12254,89.57234360169679,89.83119,train
653,9.499438230882436,9.501294,train
16394,51.68892331520587,51.454796,train
5064,110.28871787139632,110.51137,train
1064,129.4267602168825,129.40521,train
71,75.33592393483191,75.17835,train
7781,107.39789478589,107.47615,train
18598,79.27542778284364,79.328285,train
13589,111.93267880814516,112.865715,train
17002,31.91051408188231,31.54427,train
5698,79.88545352007553,79.309135,train
7191,134.14502085001527,134.48672,train
9175,26.657804872047155,26.007881,train
14966,143.8247661167656,144.5135,train
1858,23.43298254652068,23.510338,train
7586,24.456458411821725,24.630552,train
1625,7.85908552453503,7.9066777,train
19340,56.716123866601365,56.248188,train
10452,79.48504113105551,79.24907,train
7854,77.87315181130059,77.82628,train
6147,106.2025558056929,105.962494,train
15650,29.402411149110645,29.427898,train
19392,75.03655084716752,74.9536,train
11080,4.491537072359547,4.5734982,train
3078,57.39162304208823,56.977303,train
19056,13.681305189167857,12.980149,train
7940,84.60291252746202,84.49014,train
13350,92.24483243250832,92.43496,train
4934,11.384421137066337,11.406518,train
18356,84.38693654155693,83.99213,train
10759,43.79476634692401,44.13536,train
7186,152.8177784761153,153.02042,train
7738,62.845748849996326,63.354683,train
18389,82.69911139745801,83.16256,train
7651,30.322774918295444,31.483809,train
7757,135.2198141561254,135.2632,train
14985,125.86447482244527,125.939514,train
741,33.39074910957999,33.369724,train
5327,21.22276810141124,20.990202,train
6285,29.533535528411715,29.471075,train
17651,63.65496035831079,63.970886,train
7849,77.87315181130059,77.528046,train
6513,43.604537301970495,44.36784,train
199,71.98462739387922,73.02055,train
7521,53.00734926713273,53.636948,train
407,230.9901536612257,230.94298,train
2271,22.34386956684365,22.653292,train
8405,36.94310571922444,37.14505,train
7350,77.53876431169658,77.6595,train
12788,65.83077308186866,65.61071,train
14187,42.58610637454368,42.901398,train
15603,13.645628914737031,13.686924,train
16504,152.8177784761153,153.12772,train
15675,38.48840493675039,38.544476,train
16193,73.5169788308657,73.733894,train
5142,73.5169788308657,73.66961,train
303,51.9827380963932,51.974087,train
7740,62.845748849996326,63.66895,train
13658,78.80500521273352,78.795784,train
3153,5.527128574206158,5.699221,train
3186,9.839051198642553,10.28264,train
16997,28.753615695926324,29.73713,train
13519,44.66517096340306,44.97225,train
9966,16.25018195930533,16.439459,train
2670,71.78670881619587,71.33306,train
18298,104.48871564383238,104.066795,train
15203,88.31993375128738,88.37114,train
2344,38.91834885517143,38.914356,train
2848,44.597910972306806,43.631863,train
18275,117.94057501366258,117.79604,train
649,7.85908552453503,7.9066777,train
4721,26.657804872047155,26.007881,train
8524,74.77670776968412,74.502594,train
1512,106.2025558056929,106.372086,train
14545,92.33570202451632,92.4186,train
11158,19.20192266480916,19.17752,train
4899,6.442036183009371,6.4377747,train
16913,13.792313484057486,13.925087,train
6293,31.73671877096429,31.738659,train
4769,38.72775337298162,38.49571,train
4159,21.22276810141124,21.71966,train
13566,65.83077308186866,65.439316,train
15899,91.48002635649718,91.765656,train
1076,123.0978685654898,123.01402,train
16620,70.5776831156227,70.49679,train
4842,67.18811819694348,67.73685,train
1657,13.53610473193936,13.554237,train
6252,24.74816706908628,24.55554,train
14529,90.86910077663212,90.81683,train
10021,34.1577503463269,33.8409,train
4554,13.53610473193936,13.554237,train
2297,34.113034957437215,34.095257,train
677,13.53610473193936,13.554237,train
9245,45.250987390322535,44.29186,train
2747,24.63527893831387,25.105389,train
4895,6.442036183009371,6.4377747,train
12782,60.69477696945295,61.18834,train
11931,79.94703553493463,80.13057,train
13356,92.69393389813976,92.82019,train
7231,90.5689613527014,91.05218,train
3118,2.9065837811274826,2.9311738,train
16957,19.28254456595652,19.496342,train
769,49.00862249254413,48.99863,train
721,25.27984779576332,25.35617,train
748,38.10425093874939,38.109734,train
5488,16.125116344342604,16.199835,train
2104,55.1604052272772,54.859158,train
17771,28.80702918062262,29.478521,train
2619,73.68374035525322,73.386284,train
12364,74.18155972707093,74.20665,train
14376,158.73631998820795,158.7833,train
18951,92.49960703964835,92.5414,train
12262,84.82941053361527,84.77896,train
14017,17.633485569278523,17.939672,train
8606,11.473018356565088,11.504866,train
17437,56.56699701702424,55.635742,train
4266,65.47137652330578,65.40587,train
14980,125.86447482244527,125.815155,train
8898,65.54060841010474,65.6577,train
1985,17.650012712740526,17.739468,train
13154,76.6667816523841,76.6925,train
1794,13.792313484057486,13.912921,train
6112,123.0978685654898,123.417656,train
19194,56.56699701702424,57.006092,train
7693,44.47167879893512,43.537445,train
17944,105.8033985466063,106.069984,train
1048,136.76886894565047,136.74638,train
7046,84.57638463785023,84.22164,train
15515,86.00802491357506,86.17882,train
9964,16.25018195930533,16.088783,train
14713,57.39162304208823,57.5431,train
12428,37.38629228613615,37.309586,train
10458,79.48504113105551,79.34166,train
1063,129.4267602168825,129.98515,train
16238,72.80691569376961,72.74371,train
17940,105.8033985466063,105.830956,train
5977,64.1404088665598,64.2921,train
14124,50.439407630704494,49.806843,train
14125,50.439407630704494,49.786884,train
14594,23.053352899871395,24.071596,train
12835,72.67230242637233,72.34574,train
11387,34.11303495743982,34.270653,train
58,77.79019270718656,77.77254,train
15722,201.78551544430667,201.87143,train
2452,43.604537301970495,43.954,train
1397,193.8751524679473,194.12605,train
13406,42.58610637454368,42.44726,train
15562,6.4852329987035695,6.548349,train
11619,75.02114224725477,74.364685,train
6842,65.44228559506357,65.64549,train
18225,63.896198456162885,64.39874,train
11359,22.34386956684365,22.653292,train
15770,118.62582953904092,118.67028,train
11175,25.857534399290905,25.88882,train
17793,35.05216416707113,36.042297,train
15121,93.50643630226388,93.69342,train
3144,4.491537072359547,4.575762,train
648,7.85908552453503,7.9066777,train
5036,55.27187238699012,55.278023,train
14781,16.774054817925467,17.126688,train
11432,78.77344906209804,78.81525,train
17585,35.05216416707113,33.943516,train
5523,23.43298254652068,22.928267,train
351,62.36217072729759,61.46893,train
9805,23.676009316847548,23.26804,train
14305,47.982575358036456,48.333775,train
12336,71.91030133184738,72.41286,train
14611,26.657804872047155,26.007881,train
10525,24.10159309622668,23.977007,train
18664,10.849469453369007,11.398086,train
7631,27.10406914375708,28.490519,train
14075,29.8566124927783,29.485834,train
7512,53.00734926713273,53.061222,train
4112,14.865809293936342,14.969698,train
9749,11.245979387941956,11.555887,train
6038,193.8751524679473,194.1196,train
7453,33.2646262088608,33.637035,train
17107,149.10252861042588,148.40398,train
16140,89.57234360169679,89.69133,train
4756,35.87508543765299,35.81503,train
14566,19.89991539202705,19.742804,train
16433,60.937760889072194,61.332382,train
17954,101.0511292541869,101.261024,train
17234,89.42090092796712,89.54614,train
18929,97.72361435380132,97.3395,train
11765,70.8035239631433,70.86445,train
14350,65.83077308186866,66.865265,train
8007,24.10159309622668,24.638346,train
8421,39.53055859179817,39.37323,train
15774,118.62582953904092,118.17296,train
11860,107.7381594436571,107.822365,train
8141,2.618505311135724,2.653271,train
3513,15.826709276493416,15.867119,train
3413,94.254909093602,93.79844,train
9401,79.86598582053819,79.610344,train
7504,48.96526861625701,48.819252,train
10548,29.34578260289036,29.526272,train
11562,51.56721782835394,51.306892,train
14643,33.2646262088608,33.4774,train
13291,99.73165781686828,99.63568,train
12918,58.991170602037386,59.08303,train
12192,82.46105591073825,82.38573,train
13069,71.14396606839321,70.92043,train
10550,29.34578260289036,29.772373,train
7537,62.1233802776967,62.174778,train
17879,180.7969094795742,180.66588,train
5102,84.82941053361527,84.90552,train
14400,127.16182006600462,127.467995,train
14717,62.1233802776967,62.079464,train
5729,71.91197889308408,72.08683,train
7306,70.8890994699993,70.67987,train
15891,90.79293338634857,90.69364,train
11781,74.30450585772448,74.03796,train
7642,30.322774918295444,30.319864,train
5529,23.43298254652068,23.528059,train
3281,44.21359478458822,44.129055,train
18838,182.32680590471207,182.02715,train
9340,107.39789478589,107.17966,train
17015,35.43032585388161,35.753666,train
17425,51.441846041956246,50.937202,train
853,9.839051198642553,9.413671,train
18332,88.31993375128738,88.35011,train
13174,82.2895007905107,82.18315,train
3415,94.254909093602,93.985954,train
10488,15.826709276493416,15.753683,train
12389,80.80332043496728,80.529915,train
18745,25.122162434308752,25.88428,train
18636,84.52419181559287,84.56942,train
13894,27.66127153640531,27.171953,train
16711,180.7969094795742,180.66588,train
4410,103.745126530115,103.66729,train
3757,36.94310571922444,37.14505,train
9143,21.429473611547053,21.335878,train
6360,53.49135176226452,53.428818,train
6340,44.597910972306806,44.86866,train
6473,36.94310571922444,37.103745,train
12934,60.19466070864491,59.733845,test
13096,68.87072465156034,68.75804,test
7842,79.86598582053819,80.022095,test
13225,143.8247661167656,143.25337,test
9647,78.3521209153635,78.634155,test
11962,78.3521209153635,78.41772,test
5935,58.30263960140757,58.21196,test
2615,76.30367359186545,76.09723,test
4127,16.125116344342604,16.359585,test
13254,118.73948000326068,118.053566,test
15791,105.8033985466063,106.009544,test
11303,9.839051198642553,9.849857,test
11101,8.180433892801254,7.958251,test
8594,9.570229866524786,9.544644,test
14763,16.08629542413324,16.472483,test
3187,11.747596709247082,11.700321,test
1213,5.227697523949966,5.272317,test
5552,28.753615695926324,29.549866,test
3466,89.42090092796712,89.582954,test
1613,6.442036183009371,6.4377747,test
439,166.17853479893557,166.32353,test
11840,123.96214174002029,124.097626,test
15709,62.85838899590023,62.841156,test
4575,21.824079935423136,21.875692,test
2315,44.21359478458822,44.129055,test
445,154.98431615588598,154.82565,test
7657,32.43048383015692,31.944128,test
17843,57.78179082659215,59.245148,test
10811,54.79280587614715,56.265045,test
11729,68.87072465156034,68.75804,test
18020,89.42090092796712,89.78927,test
3352,127.03771421016312,127.11003,test
7123,71.78670881619587,71.537415,test
972,50.04341124314785,50.090683,test
11115,9.839051198642553,9.849857,test
10299,55.4430882998278,55.64727,test
2565,107.5602418843858,107.50203,test
18056,91.48002635649718,91.19564,test
6327,40.76621946032643,40.946983,test
10618,55.1604052272772,54.96792,test
3548,21.77517690158367,22.502514,test
7009,107.5602418843858,107.74081,test
1773,12.124975352206752,12.11107,test
797,2.9065837811274826,2.9311738,test
7332,75.16417987128645,75.1637,test
163,78.2395703036289,78.07489,test
4746,33.2646262088608,33.637035,test
10657,75.24982629334554,75.07819,test
9380,85.85337627290696,85.84159,test
11301,9.839051198642553,9.413671,test
14818,22.19104778233357,21.602694,test
1540,100.48928695862324,100.17203,test
19162,42.23549826962851,42.44605,test
4190,31.91051408188231,31.365007,test
2796,27.727713592149392,28.439587,test
14232,34.635546819221005,35.09329,test
8734,78.77344906209804,73.92484,test
18763,31.06582383188345,30.930845,test
10402,59.57543179697275,59.95083,test
11425,56.446929139341634,56.45331,test
93,72.2932084702675,72.286835,test
6694,35.46372651810452,35.441875,test
15553,5.260504433154911,5.1478662,test
13255,118.73948000326068,118.53534,test
13115,69.70696214856945,69.67012,test
9117,89.77171705634251,89.63415,test
19326,54.316367961579786,54.825035,test
4768,38.72775337298162,38.664196,test
15908,91.48002635649718,91.19564,test
3295,50.04341124314785,50.090683,test
18759,31.06582383188345,29.380642,test
1719,33.39074910958052,33.369724,test
3845,60.456358375515045,60.117332,test
16388,50.2526064803528,49.964546,test
11932,78.70967419713587,78.59857,test
18497,101.3171290408814,100.94976,test
3052,45.250987390322535,45.134277,test
8821,45.64933795175344,46.15166,test
6964,73.76729204182922,73.56233,test
11482,49.56838968278535,48.60308,test
359,65.82792957452513,63.940468,test
10942,50.93322091321282,51.198273,test
8577,6.4852329987035695,6.548349,test
15482,78.23957030362628,77.88814,test
4420,101.86758015295236,101.8043,test
6936,64.1404088665598,64.08307,test
17800,38.74855875286944,39.082867,test
276,51.5337561017549,51.288593,test
4439,99.4907361299304,99.4891,test
14281,39.410668208964985,40.52714,test
2629,71.91197889308408,72.08683,test
334,56.80098396250919,55.32166,test
11026,75.03655084716752,74.559204,test
14260,36.02701366128638,35.933838,test
10114,110.67568302020096,110.057396,test
7965,15.826709276493416,15.932983,test
14854,29.8566124927783,30.991909,test
18963,90.8660920550722,90.9591,test
14846,29.8566124927783,28.882792,test
6677,29.34578260289036,28.99602,test
8925,75.02114224725477,75.62156,test
600,2.606366123918593,2.6254888,test
15262,83.13470642646298,83.121346,test
12773,55.99893434087522,56.20958,test
2427,39.53055859179817,39.18309,test
1759,55.27187238699012,55.28068,test
14067,26.936990316598862,27.499401,test
3073,53.00734926713273,53.26366,test
11256,3.624115801788345,3.5554862,test
2556,119.35792066219084,118.8445,test
4104,13.792313484057486,13.925087,test
18317,94.86192637572438,95.33987,test
4456,97.47338258073955,97.72361,test
3277,44.21359478458822,44.129055,test
6934,64.1404088665598,64.22702,test
3508,14.147402430467531,14.554978,test
15020,103.23350357813172,102.9583,test
14736,72.52135855398811,71.700874,test
11005,66.59566485208973,66.28266,test
11681,75.20136128981777,74.2574,test
7319,71.78670881619715,71.572945,test
16126,95.27995050133204,95.41587,test
227,62.20643544097513,65.52205,test
15082,92.14301126701253,92.39553,test
14898,50.439407630704494,49.786884,test
7763,124.5037870661705,124.32371,test
10638,64.87166628595628,65.267845,test
622,4.196221297202333,4.204997,test
14080,29.8566124927783,30.43184,test
4188,28.753615695926324,29.73713,test
423,193.8751524679473,193.81679,test
10981,59.57543179697275,59.95083,test
13865,19.273701242015807,19.164503,test
12469,36.210240125305205,36.318737,test
15269,83.13470642646298,83.257454,test
9844,38.44992203777068,38.663425,test
3675,70.03363402017787,70.391136,test
13053,72.90167939974636,73.38728,test
7124,71.78670881619587,71.41378,test
8432,41.380738858681696,41.368233,test
8660,29.402411149110645,29.427898,test
9022,84.38693654155693,84.20085,test
3369,118.62582953904092,118.552055,test
2453,46.20624283129268,46.495102,test
11209,38.91593697359398,38.960907,test
2059,35.46372651810452,35.339893,test
7330,73.22704486211002,73.273926,test
14672,41.84557272242807,42.083603,test
908,22.34386956684365,22.653292,test
18021,89.42090092796712,89.48197,test
398,230.9901536612257,230.63889,test
8789,47.46331387653679,46.789516,test
6804,83.01808144823141,82.57808,test
10708,43.06499944176368,43.854786,test
12094,87.37869480347202,87.06878,test
7769,124.5037870661705,124.29851,test
15930,4.22054923341766,4.2420034,test
12143,78.04583599126548,78.32531,test
6431,37.38629228613615,37.735985,test
9202,33.2646262088608,33.225307,test
13963,61.22157397051245,60.36577,test
16841,89.25950270069107,89.2863,test
17230,89.25950270069107,89.39454,test
10403,59.57543179697275,59.864502,test
4804,48.96526861625701,49.336548,test
13593,111.93267880814516,112.52366,test
3173,8.180433892801254,8.071619,test
8664,29.402411149110645,29.427898,test
3192,11.747596709247082,11.700321,test
7583,24.456458411821725,23.480093,test
12684,34.635546819221005,34.87209,test
17070,65.47137652330578,65.522285,test
3225,19.20192266480916,19.17752,test
6910,58.991170602037386,58.687656,test
184,83.53755060546071,83.583755,test
8803,46.16640159983851,46.80373,test
10648,70.03363402017787,69.927055,test
11735,68.87072465156034,69.20993,test
4624,38.10425093875088,38.109734,test
1120,103.745126530115,104.04039,test
3956,29.533535528411715,29.756115,test
3650,59.89579766367838,60.025642,test
15066,93.38657295807928,93.598656,test
1782,12.124975352206752,12.586946,test
9663,80.66666767817155,80.51266,test
6751,55.1604052272772,55.343235,test
7831,82.51266906756706,82.45796,test
4790,45.250987390322535,45.134277,test
6317,37.34804120151974,37.25902,test
7867,76.50234292040042,76.5374,test
9501,84.60291252746008,84.6208,test
3516,15.826709276493416,15.753683,test
15468,76.00671399435468,76.36461,test
13537,51.76031579593137,51.76824,test
16703,201.78551544430667,201.87143,test
15374,80.93195157639853,80.43942,test
7705,48.45056948106192,47.187965,test
8720,62.85838899590023,62.84564,test
15146,117.94057501366258,118.09688,test
12373,76.00671399435468,75.72235,test
9997,23.676009316847548,24.314037,test
7612,25.97444591185257,25.028917,test
18854,154.1130580278585,156.0942,test
9972,18.42630454709299,18.298958,test
196,86.00802491357565,86.02074,test
9710,8.085620495190993,7.8164735,test
2708,80.25361829662151,80.26228,test
1427,154.98431615588598,154.88538,test
1910,39.33748405428104,39.695126,test
1479,117.68636585320668,117.18909,test
5179,71.91030133184738,72.07515,test
13016,85.80236635218084,85.385056,test
16001,16.11129124792047,16.207216,test
19243,55.4430882998278,54.71258,test
7610,25.15665334339559,25.646929,test
8907,70.13557868690133,69.91519,test
14320,51.76031579593137,51.86315,test
3982,37.34804120151974,37.406017,test
12201,84.52419181559287,84.48331,test
333,56.80098396250919,55.499496,test
13156,76.6667816523841,76.33296,test
2018,24.10159309622668,24.046299,test
3678,70.03363402017787,70.285706,test
4461,97.47338258073955,97.61555,test
14977,134.16905500217058,134.09094,test
13998,16.251795051003693,16.825365,test
14570,19.89991539202705,19.892195,test
1388,211.02994799979388,210.91116,test
388,78.3836967869071,76.91798,test
1497,109.30466743726038,109.42025,test
1731,38.10425093875088,38.109734,test
4550,13.53610473193936,13.554237,test
11469,52.60873127102636,52.69484,test
9471,78.17671644727096,78.202705,test
2136,70.03363402017787,69.58574,test
17740,22.02913768609874,22.543041,test
14525,90.86910077663212,91.23278,test
7167,80.25361829662151,80.78957,test
4370,117.68636585320668,117.22236,test
8834,46.3112758194042,47.31154,test
5649,134.14502085001388,134.69511,test
6801,83.01808144823141,83.386604,test
9407,77.87315181130059,77.68823,test
2373,35.919888386123255,36.362762,test
17304,13.681305189167857,12.980149,test
1084,117.68636585320668,117.18909,test
270,51.5337561017549,51.522438,test
9284,62.1233802776967,62.174778,test
6026,230.9901536612257,230.94298,test
2567,98.11718222077316,98.40355,test
1775,12.124975352206752,12.181203,test
1560,98.65596999066533,98.667496,test
9736,10.014648675893918,10.100421,test
3867,69.76848318728075,70.014725,test
8443,43.604537301970495,42.44073,test
2787,27.727713592149392,27.492579,test
13286,99.73165781686828,99.70542,test
5435,65.47137652330578,65.55655,test
218,62.20643544097513,63.44047,test
4618,38.10425093875088,38.1061,test
9872,54.10904342509948,53.462086,test
9598,81.7828321007955,81.64707,test
1424,166.17853479893557,166.65753,test
8915,70.13557868690133,70.67911,test
17526,20.391351361528265,20.4078,test
7302,70.8890994699993,70.91796,test
17858,69.92772157818914,69.62031,test
4619,38.10425093875088,38.1061,test
2498,60.456358375515045,60.117332,test
16646,73.22704486211128,73.32753,test
10120,104.48871564383238,103.80441,test
489,123.0978685654898,123.08376,test
5799,77.53876431170232,77.34113,test
17376,30.88595532017685,29.659533,test
10226,84.01038592956453,83.96403,test
17911,127.03771421016312,127.1415,test
2225,11.747596709247082,11.700321,test
5506,19.28254456595652,19.093527,test
6864,59.37382867606714,59.72975,test
18329,91.2397572047843,92.68195,test
18614,80.66666767817155,80.74821,test
7300,70.57768311562211,70.72129,test
4786,45.250987390322535,44.689148,test
2752,24.63527893831387,24.847967,test
5258,12.124975352206752,12.028961,test
4743,30.8733631927149,30.725729,test
7987,19.628813853406385,20.75951,test
6648,21.77517690158367,21.304049,test
7681,37.70223435850963,38.750374,test
7080,71.91197889308408,72.08683,test
1574,2.606366123918593,2.6254888,test
12015,86.49796272771187,86.37333,test
7962,15.826709276493416,15.851071,test
13280,103.23350357813172,103.205444,test
1538,100.48928695862324,100.352036,test
1986,17.650012712740526,17.624046,test
4729,28.678520203607828,28.110172,test
18106,25.32142942667775,25.113276,test
12877,59.37382867606714,59.374832,test
8189,7.914848156370223,7.931517,test
15442,71.91030133184738,72.07515,test
5554,31.91051408188231,31.408974,test
9782,18.42630454709299,18.298958,test
13585,111.93267880814516,114.029305,test
17116,137.09122808053337,136.86552,test
13956,54.992252475314366,54.65249,test
16083,49.5370430474446,49.54989,test
14507,89.71465856252216,89.39149,test
1623,7.85908552453503,7.9066777,test
15695,49.5370430474446,49.54989,test
11003,66.59566485208973,66.46019,test
5118,77.79019270718656,77.80147,test
6138,109.30466743726038,109.27475,test
97,72.2932084702675,72.719604,test
6686,32.289249758728964,32.24854,test
14691,48.96526861625701,48.997658,test
11897,87.37869480347202,87.06878,test
9277,57.39162304208823,57.5431,test
16252,74.18155972707093,73.86918,test
14027,18.82198014263801,19.097364,test
2667,71.78670881619587,72.328476,test
3884,26.05871153969042,25.384388,test
16145,84.82941053361527,84.97146,test
13302,96.9560797736986,96.76005,test
8888,61.34974693767026,60.59226,test
4800,48.96526861625701,48.96967,test
12854,65.44228559506357,65.64549,test
11666,81.59299887306369,81.37801,test
5371,31.91051408188231,32.073166,test
11224,50.04341124314785,50.090683,test
12377,78.23957030362628,78.3705,test
6840,65.44228559506357,65.656204,test
4367,117.68636585320668,117.45595,test
13955,54.992252475314366,54.583843,test
6708,38.88107047950797,38.964993,test
10661,75.24982629334554,75.59649,test
4396,106.2025558056929,106.11767,test
3420,92.03325910726882,92.48077,test
15156,110.67568302020096,110.75226,test
3984,37.34804120151974,37.25902,test
7756,135.2198141561254,135.76389,test
12292,75.33592393483191,75.02487,test
7173,83.09935595306658,83.122765,test
11455,62.25633543844163,61.056667,test
11572,54.343834943578464,54.62988,test
18362,83.29477154332817,83.13553,test
15872,89.42090092796712,89.78927,test
14665,41.84557272242807,41.5119,test
10343,49.49174784981139,50.03309,test
12963,66.87499746459498,67.386665,test
12551,52.561077422995496,52.07288,test
7469,35.87508543765299,35.92951,test
13367,93.28231569539822,93.56779,test
15437,71.91030133184738,72.41286,test
19394,75.03655084716752,76.36872,test
7975,17.650012712740526,17.82622,test
10056,48.39717757559769,48.77955,test
400,230.9901536612257,230.75728,test
15069,92.49987338269456,92.52528,test
5740,70.8998858391393,70.88589,test
19354,59.57543179697275,60.980885,test
14166,53.18976182780735,53.99855,test
18258,136.40586584491066,136.05367,test
14332,60.69477696945295,59.48554,test
18714,18.266090082633497,18.197033,test
1863,25.935608876074404,25.9675,test
41,84.82941053361527,84.85149,test
1695,25.27984779576332,25.358246,test
5407,48.41170998900376,48.001698,test
3419,94.254909093602,94.22305,test
9763,14.34267649792701,14.113763,test
16624,70.5776831156227,70.72129,test
5946,58.991170602037386,58.666634,test
9591,81.7828321007955,81.48874,test
8256,22.019205815790663,22.058369,test
10055,48.39717757559769,48.614857,test
16664,75.16417987128504,75.30587,test
5586,43.65657505930208,43.20144,test
1666,15.977335233233198,16.013798,test
12313,72.29320847026757,72.71709,test
4115,14.865809293936342,15.017814,test
11828,134.13491032325388,133.93109,test
12919,58.991170602037386,58.790684,test
8827,46.3112758194042,46.535217,test
7171,83.09935595306658,83.182014,test
7760,135.2198141561254,135.33983,test
15688,49.5370430474446,49.54989,test
9199,33.2646262088608,33.356304,test
868,11.747596709247082,11.700321,test
5845,77.41176032874927,77.59596,test
16701,201.78551544430667,201.69505,test
6068,154.98431615588598,155.1975,test
11490,47.46331387653679,47.08021,test
9847,38.44992203777068,38.764645,test
14351,65.83077308186866,67.04819,test
10013,30.28249766674213,30.377312,test
2012,21.77517690158367,22.49567,test
3450,89.25950270069107,89.949974,test
17068,59.31238391810723,60.0938,test
6913,58.991170602037386,58.719654,test
16254,74.18155972707093,74.20665,test
17928,111.6113573414681,111.87398,test
10411,59.57543179697275,60.980885,test
13738,77.52447914202958,77.10801,test
18170,40.76621946032643,40.363937,test
1792,12.885025212225244,13.076222,test
11337,16.405241459442376,16.341652,test
9873,54.10904342509948,53.829388,test
4556,15.977335233233198,16.013798,test
16334,48.56996296403304,48.65464,test
1851,21.22276810141124,21.716677,test
2023,26.620833128631787,26.410604,test
15282,85.2707950135868,85.32195,test
2481,52.561077422993925,52.560604,test
12214,86.49796272771329,86.21255,test
11682,75.20136128981777,75.64849,test
4764,35.87508543765299,36.51083,test
12881,59.37382867606714,59.297222,test
17346,22.120024226901386,22.23433,test
4149,19.28254456595652,19.750454,test
7893,75.8861492644395,76.2157,test
2356,37.38629228613615,37.309586,test
8074,46.48566476712182,46.692863,test
8995,91.2397572047843,91.5521,test
742,33.39074910957999,33.369724,test
3770,39.53055859179817,39.770218,test
7833,82.51266906756706,82.288284,test
6920,60.19466070864491,59.735443,test
698,18.731792724897712,18.768688,test
15353,89.57234360169679,89.76481,test
8101,59.89579766367838,59.74788,test
11826,134.13491032325388,134.38051,test
3767,38.05130976592272,37.77723,test
7025,98.11718222077316,98.48458,test
9344,100.6187540373376,100.67998,test
16282,80.80332043496728,80.71736,test
9927,10.014648675893918,10.074831,test
7782,107.39789478589,107.81451,test
994,211.02994799979388,211.00525,test
12615,47.10789941727601,47.199505,test
16260,76.00671399435468,75.69106,test
242,55.95115332265876,55.274254,test
15504,83.53755060546025,83.95341,test
6007,73.76729204182922,73.91858,test
17901,137.09122808053337,136.63506,test
7164,80.25361829662151,80.34896,test
13530,47.982575358036456,48.008762,test
15560,6.4852329987035695,6.548349,test
15264,83.13470642646298,83.037636,test
1494,109.30466743726038,109.045944,test
1487,113.1117727502116,113.081345,test
13522,44.66517096340306,44.682747,test
7075,73.68374035525322,73.7552,test
14732,67.18811819694378,67.73685,test
19098,22.120024226901386,22.23433,test
8887,61.34974693767026,61.029438,test
16676,80.25361829662151,80.57424,test
11278,5.527128574206158,5.699221,test
4068,75.23466307522513,75.8535,test
4730,28.678520203607828,28.18147,test
13452,34.767713483007924,34.84401,test
10761,43.79476634692401,44.505802,test
15500,83.53755060546025,83.41754,test
16284,80.80332043496728,80.95916,test
13845,15.18002375784278,14.969783,test
18534,84.24741541524314,83.65014,test
16750,118.62582953904092,118.67028,test
19053,12.046394034663363,12.642097,test
9282,62.1233802776967,61.82455,test
5556,31.91051408188231,31.54427,test
8348,37.38629228613615,37.36279,test
18231,69.52453059841163,69.96903,test
8166,4.22054923341766,4.2420034,test
11960,77.93378927116997,78.41615,test
7474,38.72775337298162,38.572956,test
7362,83.09935595306598,83.05574,test
651,7.85908552453503,7.9066777,test
6987,152.8177784761153,152.76283,test
9135,19.89991539202705,20.224514,test
1684,21.824079935423136,21.875692,test
6863,60.81262844049596,60.643867,test
12984,73.76729204182922,73.96808,test
4670,18.448270263304188,18.559721,test
18958,90.8660920550722,91.32657,test
512,113.1117727502116,113.86195,test
6869,59.37382867606714,59.297222,test
78,73.5169788308657,74.03488,test
13520,44.66517096340306,44.27848,test
4225,43.65657505930208,44.001186,test
2194,6.750079908713624,6.5304766,test
1874,28.753615695926324,28.385086,test
6046,179.04708701101467,178.69093,test
15261,83.13470642646298,83.176704,test
4309,166.17853479893557,165.7178,test
12981,73.76729204182922,73.74531,test
3918,24.74816706908628,24.664461,test
3214,16.40524145944573,16.341652,test
5844,77.41176032874927,77.47458,test
3966,31.73671877096429,31.594662,test
3780,41.380738858681696,41.732418,test
14562,18.448270263304188,19.09638,test
16535,107.5602418843858,108.391106,test
13560,60.69477696945295,60.38881,test
505,113.1117727502116,113.187515,test
6453,35.86295586622186,36.74518,test
13582,71.34845173855356,71.53565,test
1849,21.22276810141124,21.393372,test
8414,38.05130976592272,37.77637,test
2774,25.32142942667775,25.06624,test
9310,135.2198141561254,134.84267,test
9457,76.77816930527784,76.815285,test
13666,76.86032352211669,76.18443,test
1787,12.885025212225244,12.668636,test
11255,3.624115801788345,3.5554862,test
16899,12.885025212225244,12.739803,test
9082,85.2707950135868,84.954094,test
7035,90.56896135270873,90.44742,test
11137,13.92854978889145,13.922574,test
8379,35.86295586622186,36.207703,test
4605,33.39074910958052,33.380863,test
3699,38.91834885517143,39.044918,test
7692,44.47167879893512,43.35596,test
10240,85.2707950135868,85.20569,test
4375,113.1117727502116,113.53855,test
8084,50.68801501365044,50.08114,test
5538,25.935608876074404,25.806873,test
3330,163.4865892910184,163.43927,test
3708,37.38629228613615,37.735985,test
3035,38.72775337298162,39.27302,test
3358,127.03771421016312,126.86456,test
11975,79.27542778284148,79.29854,test
13886,24.534383850610403,23.720505,test
19062,13.681305189167857,14.063432,test
6216,26.05871153969042,25.270697,test
9656,79.27542778284364,79.253815,test
16524,119.35792066219084,118.904396,test
2228,11.747596709247082,11.700321,test
11661,81.59299887306369,81.59243,test
4926,11.384421137066337,11.406518,test
14748,16.314170769820958,16.284405,test
2599,79.88545352007553,79.51024,test
5273,13.792313484057486,13.731997,test
17807,42.852961632253525,42.46215,test
13308,94.85645482862957,94.52934,test
18238,75.23466307522513,75.17982,test
12755,51.76031579593137,49.86577,test
7049,79.88545352007553,79.309135,test
2962,23.053352899871395,22.574429,test
8998,91.2397572047843,92.68195,test
118,71.91030133184738,72.05227,test
1840,19.28254456595652,19.454927,test
4558,15.977335233233198,16.013798,test
3064,48.96526861625701,48.77394,test
15956,6.4852329987035695,6.548349,test
250,53.87988875437848,52.62338,test
18257,136.40586584491066,136.53941,test
14533,90.86910077663212,90.96345,test
13673,75.46351541383811,74.7959,test
4036,58.5236929318425,58.83639,test
17965,97.23410613085656,97.419106,test
12467,36.210240125305205,36.607594,test
4294,193.8751524679473,193.694,test
9733,10.014648675893918,9.978802,test
17176,97.23410613085656,97.376396,test
12404,83.53755060546025,83.927315,test
16470,71.35912677124634,71.61232,test
15498,83.53755060546025,83.69536,test
19343,56.716123866601365,57.020706,test
14905,55.80060084695734,55.319458,test
16226,71.91030133184738,72.41286,test
11792,76.6667816523841,76.43045,test
11027,75.03655084716752,74.805885,test
4063,75.23466307522513,75.02333,test
4526,9.499438230882436,9.501294,test
17543,22.02913768609874,22.889166,test
11801,79.3711852446667,79.03986,test
19260,51.23740717945918,51.14468,test
7266,73.68374035525031,73.76539,test
10106,110.67568302020096,110.293274,test
11839,123.96214174002029,124.15574,test
9010,86.04998768751986,85.68935,test
10421,62.87797862213373,64.27679,test
7609,25.15665334339559,25.072918,test
10944,50.93322091321282,50.470253,test
13203,168.1502886891345,168.52469,test
10753,43.79476634692401,43.593613,test
17340,19.694692079282625,20.074207,test
62,77.79019270718656,77.67626,test
15644,25.51278413365878,25.587753,test
8864,51.56721782835394,50.689194,test
9599,81.7828321007955,81.59085,test
10317,51.23740717945918,51.14468,test
16293,83.53755060546025,83.95341,test
284,51.178876353782414,51.52243,test
15805,101.0511292541869,101.00044,test
6072,154.98431615588598,154.65883,test
3246,25.857534399290905,25.906042,test
19060,13.681305189167857,13.552345,test
13195,183.50675596781025,182.93088,test
1830,17.59043680885926,17.507889,test
14200,39.2928079640545,40.14688,test
15798,105.8033985466063,106.09279,test
143,74.18155972707108,73.8913,test
18902,111.16906764061592,111.04584,test
3287,50.04341124314785,50.090683,test
6441,36.41164086407028,36.714397,test
12307,72.29320847026757,72.39271,test
6447,35.919888386123255,35.81475,test
10405,59.57543179697275,58.581894,test
11375,29.77075417333618,29.798998,test
10948,50.93322091321282,51.13534,test
15739,163.4865892910184,163.43927,test
13812,10.839070650375335,10.276121,test
16078,43.749455725793766,43.75151,test
2515,69.76848318728358,69.559715,test
433,179.04708701101467,178.99586,test
12369,76.00671399435468,75.96938,test
9638,77.93378927116997,78.41615,test
8905,65.54060841010474,66.58838,test
6457,35.86295586622186,35.550823,test
10030,38.44992203777068,36.69251,test
6957,70.098803480824,69.92318,test
1489,113.1117727502116,112.97656,test
17531,20.391351361528265,20.572706,test
15537,4.22054923341766,4.2420034,test
494,117.68636585320668,117.16629,test
68,75.33592393483191,75.525085,test
8941,126.44708143304572,126.37083,test
8002,24.10159309622668,23.703693,test
3009,33.2646262088608,33.18929,test
5315,19.28254456595652,19.362429,test
15227,84.38693654155693,84.09011,test
815,4.491537072359547,4.313355,test
9917,8.967662639453113,9.117012,test
1085,117.68636585320668,117.11723,test
7429,26.657804872047155,26.403402,test
18430,88.48216304859169,88.505844,test
8714,55.89167516914279,55.912247,test
9827,30.28249766674213,30.264486,test
18174,40.76621946032643,41.257496,test
18543,81.7828321007955,81.24936,test
6764,64.87166628595628,65.06281,test
5856,72.67230242637233,72.37533,test
7053,79.88545352007553,79.181435,test
18443,89.77171705634251,89.61579,test
6160,103.745126530115,103.435265,test
3154,5.527128574206158,5.699221,test
4519,7.85908552453503,7.9066777,test
18226,63.896198456162885,64.742455,test
18905,111.16906764061592,111.86291,test
2560,107.5602418843858,107.906364,test
13368,93.28231569539822,93.1289,test
902,19.20192266480916,19.17752,test
12754,47.982575358036456,48.463146,test
6700,35.46372651810452,35.86523,test
13846,15.18002375784278,15.621799,test
16387,50.2526064803528,49.78263,test
15429,71.5126952436544,71.758125,test
9578,87.37869480347202,87.23996,test
943,38.91593697359398,38.8597,test
2533,152.8177784761153,151.68495,test
18529,84.24741541524314,83.861465,test
17235,89.42090092796712,89.60908,test
6760,59.89579766367838,59.73547,test
5548,28.753615695926324,28.785961,test
15265,83.13470642646298,83.00344,test
3877,74.77670776968412,74.86002,test
14847,29.8566124927783,28.59335,test
19395,79.48504113105551,79.24907,test
12451,35.919888386123255,35.7583,test
14139,55.80060084695734,56.844368,test
18177,44.597910972306806,43.649734,test
628,5.227697523949966,5.272317,test
13977,16.314170769820958,16.05713,test
9617,78.70967419713557,78.71205,test
6443,35.919888386123255,36.362762,test
6244,24.74816706908628,24.80279,test
11251,3.624115801788345,3.5554862,test
9077,84.01038592956453,84.007416,test
6807,83.01808144823141,83.082794,test
16596,71.91197889308408,72.640236,test
13524,44.66517096340306,45.096745,test
7688,40.89299824332066,41.270687,test
12870,60.81262844049596,61.01455,test
1664,15.977335233233198,16.013798,test
6015,77.7528643276994,77.87474,test
18585,77.93378927116997,78.41615,test
8866,54.343834943578464,54.53966,test
7127,71.78670881619587,71.55511,test
12365,76.00671399435468,76.30112,test
3975,34.339930274970904,34.27062,test
3242,25.857534399290905,25.88882,test
15373,80.93195157639853,80.67894,test
10332,49.52880914978266,49.877804,test
1121,103.745126530115,103.41052,test
6016,77.7528643276994,77.84388,test
4211,39.33748405428104,38.78571,test
155,76.00671399435818,75.73154,test
17804,42.852961632253525,41.16994,test
17835,57.78179082659215,57.111416,test
860,9.839051198642553,9.849857,test
3226,19.20192266480916,19.17752,test
16064,38.48840493675039,38.530453,test
3747,36.210240125305205,36.409023,test
16530,107.5602418843858,107.8424,test
6993,134.14502085001388,133.73454,test
1826,17.59043680885926,17.362293,test
4538,11.384421137066337,11.406518,test
8278,33.717244930192976,33.68749,test
2612,76.30367359186545,75.482346,test
17652,63.65496035831079,63.914936,test
8868,54.343834943578464,53.86198,test
13849,15.18002375784278,15.077832,test
3727,35.919888386123255,36.32728,test
10144,91.2397572047843,91.39868,test
1374,62.12878854692645,62.113365,test
14527,90.86910077663212,90.6184,test
14324,55.99893434087522,56.052456,test
13079,69.8994010800787,69.85541,test
12333,71.5126952436544,71.75357,test
4424,101.86758015295236,102.40933,test
7708,48.45056948106192,48.08866,test
9860,48.39717757559769,47.781136,test
17545,23.96684006413348,23.087358,test
1264,13.53610473193936,13.554237,test
16590,73.68374035525322,73.76539,test
1250,11.384421137066337,11.406518,test
14108,40.96669871801392,40.917168,test
10016,30.28249766674213,30.202549,test
6101,129.4267602168825,129.31276,test
3875,74.77670776968412,74.5675,test
1796,13.792313484057486,13.826736,test
9353,100.6187540373376,100.2909,test
15407,72.29320847026757,72.49286,test
395,78.3836967869071,78.494774,test
11408,44.21359478458911,44.378242,test
8036,32.289249758728964,32.81179,test
4872,3.328531319289431,3.337573,test
3237,25.857534399290905,25.88882,test
7569,25.06787074771092,25.665894,test
12395,83.53755060546025,84.10097,test
19193,56.56699701702424,57.201817,test
1208,5.227697523949966,5.272317,test
2365,36.41164086407028,36.276085,test
17438,56.56699701702424,55.91158,test
11488,49.56838968278535,49.664463,test
18669,12.027122960554882,11.663823,test
16561,84.57638463785023,84.54326,test
7008,119.35792066219084,119.43574,test
5010,38.10425093875088,38.109734,test
5720,73.68374035525322,73.87424,test
14613,26.657804872047155,26.38416,test
17930,111.6113573414681,111.73234,test
17430,51.441846041956246,51.84916,test
9156,23.053352899871395,22.742584,test
14569,19.89991539202705,19.861284,test
3430,90.5009001330304,90.73607,test
14012,17.633485569278523,16.732227,test
8972,99.25129745411776,99.36236,test
3894,25.04050211213976,24.81532,test
7938,84.60291252746202,84.38192,test
5281,13.792313484057486,14.0003,test
7881,75.52912062238612,75.87487,test
5965,61.911697819840086,61.754066,test
9738,10.014648675893918,10.057786,test
9967,16.25018195930533,16.563759,test
15275,84.01038592956453,83.84054,test
16404,53.47823699991465,53.141003,test
3178,9.839051198642553,9.849857,test
3112,72.52135855398946,72.88914,test
11983,80.66666767817244,80.70997,test
1544,99.4907361299304,99.67785,test
1214,5.227697523949966,5.272317,test
7640,28.550776752841173,29.396334,test
531,106.2025558056929,105.9435,test
7821,85.85337627290696,86.14301,test
13671,76.86032352211669,76.73689,test
14841,26.936990316598862,27.368784,test
2114,59.89579766367838,59.787968,test
12452,35.919888386123255,36.32728,test
14850,29.8566124927783,29.480486,test
3873,74.77670776968412,74.560074,test
18969,89.83219912234955,90.00717,test
19218,62.90876193978079,62.35513,test
16614,70.8998858391393,70.881584,test
14784,16.774054817925467,18.204935,test
18764,31.06582383188345,30.883467,test
5159,71.63339382759392,71.76834,test
19188,56.56699701702424,55.511818,test
10558,32.289249758728964,32.201584,test
753,43.29863673312664,43.341644,test
14231,34.767713483007924,35.736183,test
7632,28.550776752841173,28.13911,test
16243,72.80691569376961,72.77202,test
4049,63.896198456162885,64.742455,test
9558,95.84505322335384,96.22395,test
3885,26.05871153969042,25.549198,test
2552,119.35792066219084,119.56956,test
16120,102.11244006090304,102.2743,test
14583,21.429473611547053,21.8418,test
18211,58.5236929318425,58.366745,test
2923,80.57929170551442,80.45421,test
9730,10.014648675893918,9.490615,test
10250,86.82293470300802,86.829056,test
1433,154.98431615588598,155.21118,test
16209,71.63339382759735,71.54572,test
11538,46.3112758194042,46.898617,test
2064,38.88107047950797,38.81872,test
18191,48.84238573144443,48.116043,test
11979,79.27542778284148,79.4509,test
7440,28.678520203607828,29.006702,test
3304,56.44692913934201,56.45331,test
3961,31.73671877096429,32.05341,test
17391,34.36019909387007,35.516422,test
13603,98.2154014561832,99.03927,test
17190,94.254909093602,93.74722,test
6204,97.47338258073955,97.72361,test
4580,21.824079935423136,21.875692,test
13055,72.90167939974636,72.67274,test
6224,25.04050211213976,25.115986,test
10362,50.93322091321282,51.108387,test
14360,71.34845173855356,71.42352,test
10842,71.55151215670094,70.2973,test
2187,5.527128574206158,5.477246,test
13669,76.86032352211669,76.44849,test
16582,76.30367359186545,75.953156,test
6775,70.03363402017787,69.677345,test
15933,4.22054923341766,4.2420034,test
8704,49.5370430474446,49.54989,test
3646,55.1604052272772,54.96792,test
9204,33.2646262088608,32.90869,test
4417,101.86758015295236,101.64737,test
17752,23.96684006413348,25.099056,test
5086,89.57234360169679,90.24947,test
9136,19.89991539202705,19.793625,test
1035,154.98431615588598,154.92917,test
8842,47.53432583996549,47.223408,test
2259,19.20192266480916,19.17752,test
14690,48.96526861625701,48.96967,test
5418,53.62497940433934,53.75197,test
15071,92.49987338269456,92.471725,test
1615,6.442036183009371,6.4377747,test
4810,53.00734926713273,52.871582,test
14029,18.82198014263801,18.86644,test
13429,36.99469593104042,36.715126,test
9395,79.86598582053819,79.81735,test
4831,62.1233802776967,62.455845,test
19227,58.6937159884268,59.04985,test
1932,48.41170998900376,48.918404,test
10953,52.38623850151688,52.064487,test
13240,125.86447482244527,126.42921,test
5289,14.865809293936342,14.807899,test
19334,54.316367961579786,56.006767,test
885,16.40524145944573,16.340355,test
14164,53.18976182780735,52.390633,test
9905,8.085620495190993,8.248284,test
13489,37.48026356057577,37.16342,test
69,75.33592393483191,75.39578,test
3234,22.34386956684365,22.653292,test
6031,211.02994799979388,211.60492,test
11637,96.6886854171183,97.16676,test
6898,58.30263960140757,58.123775,test
14813,20.33936974007777,20.466835,test
204,71.98462739387922,68.35607,test
10192,83.29477154332817,83.75143,test
6828,68.70638879452079,68.86798,test
17104,163.4865892910184,163.32262,test
1346,43.29863673312664,43.33353,test
7226,90.5689613527014,90.58187,test
8723,62.85838899590023,62.841156,test
16677,80.25361829662151,80.26228,test
300,51.9827380963932,51.939705,test
14234,34.635546819221005,34.800636,test
15760,137.09122808053337,137.42148,test
773,55.271872386990935,55.278023,test
10435,70.67888709810615,70.29177,test
1903,39.33748405428104,38.806686,test
12178,79.27542778284364,79.47773,test
12701,36.02701366128638,35.66489,test
10931,49.964974571776985,50.13041,test
4686,21.429473611547053,21.31547,test
12920,58.991170602037386,59.055454,test
9303,72.52135855398946,72.461945,test
7223,90.5689613527014,89.90529,test
1656,13.53610473193936,13.554237,test
6894,58.30263960140757,58.269424,test
9469,78.17671644727096,77.93916,test
7574,24.5889875058797,24.349262,test
6502,39.53055859179817,40.035217,test
9000,88.31993375128738,88.12809,test
16545,98.11718222077316,98.77677,test
9854,43.186882593766825,43.17235,test
2649,70.5776831156227,70.894135,test
19321,52.38623850151688,52.080532,test
4065,75.23466307522513,75.242134,test
4993,29.125965987027584,29.158512,test
10460,79.48504113105551,79.51438,test
8050,38.88107047950797,38.73988,test
3748,36.210240125305205,36.48118,test
2633,71.91197889308408,72.25444,test
4118,14.865809293936342,14.816431,test
19183,51.441846041956246,51.725098,test
11491,47.46331387653679,46.82741,test
867,11.747596709247082,11.700321,test
3863,69.76848318728075,69.49403,test
8563,5.260504433154911,5.1478662,test
2927,18.448270263304188,18.583294,test
18019,89.42090092796712,89.864204,test
4628,43.29863673312746,43.32351,test
3220,19.20192266480916,19.17752,test
13191,85.05997393992781,84.98258,test
4281,211.02994799979388,211.00525,test
1280,18.731792724897712,18.767061,test
4008,44.597910972306806,45.055897,test
17474,16.264210965298563,15.557073,test
15994,13.645628914737031,13.686924,test
138,74.18155972707108,74.44301,test
12151,77.93378927116997,78.07063,test
8303,43.749455725793766,43.75151,test
4013,48.84238573144443,48.90619,test
12024,134.13491032325388,133.93109,test
179,83.53755060546071,83.895515,test
11095,6.750079908713624,6.840165,test
2733,26.05871153969042,24.573105,test
19009,90.55535075755104,90.601,test
2812,31.73671877096429,31.753874,test
9159,24.789633367188944,25.059502,test
723,29.12596598702036,29.18679,test
5006,38.10425093875088,38.1061,test
3778,39.53055859179817,39.4795,test
15424,71.63339382759735,71.90832,test
8375,35.919888386123255,36.32728,test
2990,28.678520203607828,28.522547,test
9433,75.52912062238612,75.82522,test
5485,16.125116344342604,16.026827,test
10802,54.79280587614715,53.82789,test
11215,44.21359478458822,44.129055,test
9097,86.82293470300802,86.7555,test
4913,7.85908552453503,7.9066777,test
1597,4.196221297202333,4.204997,test
9803,23.676009316847548,23.432764,test
17736,22.02913768609874,21.956308,test
6673,29.34578260289036,28.680332,test
14933,67.62832117387488,67.73456,test
10228,84.01038592956453,83.84054,test
16178,75.33592393483191,75.17835,test
16159,80.93195157639853,80.03101,test
5563,35.43032585388161,34.976524,test
2642,70.8998858391393,70.84919,test
1724,38.10425093875088,38.1061,test
13907,31.152134114795924,31.049078,test
9770,16.25018195930533,15.357667,test
8667,29.402411149110645,29.467646,test
1285,18.731792724897712,18.768688,test
9525,115.23290406090766,115.707695,test
11667,78.081523194867,78.55197,test
11196,34.113034957437215,34.095257,test
17311,13.681305189167857,13.872371,test
1492,113.1117727502116,113.86195,test
17760,26.22042757385485,26.716883,test
1510,106.2025558056929,105.84829,test
5505,19.28254456595652,19.362429,test
4930,11.384421137066337,11.406518,test
2822,34.339930274970904,34.27062,test
15953,6.4852329987035695,6.548349,test
2203,8.180433892801254,7.958251,test
1409,179.04708701101467,178.1973,test
6514,43.604537301970495,44.44274,test
16634,70.8890994699993,70.8547,test
11177,25.857534399290905,25.906042,test
16898,12.124975352206752,12.586946,test
2761,24.74816706908628,25.118334,test
12638,39.2928079640545,39.204033,test
2981,26.657804872047155,26.183178,test
2033,29.34578260289036,28.680332,test
12312,72.29320847026757,72.26428,test
8788,47.46331387653679,46.82741,test
3378,111.6113573414681,111.71032,test
7352,80.25361829662114,80.57424,test
12728,41.80739580968886,41.16,test
6749,55.1604052272772,54.96792,test
12831,72.67230242637233,72.93409,test
14880,40.96669871801392,41.741634,test
13996,16.251795051003693,16.677563,test
6814,77.41176032874927,77.68883,test
18099,25.32142942667775,25.34477,test
956,44.21359478458822,44.129055,test
2140,70.03363402017787,69.80653,test
12749,47.982575358036456,48.415287,test
3382,105.8033985466063,106.009544,test
4135,17.59043680885926,17.392952,test
16643,71.78670881619587,71.572945,test
5428,59.31238391810723,59.474895,test
10737,42.30778972867124,41.49731,test
8620,16.11129124792047,16.207216,test
15943,5.260504433154911,5.1478662,test
3321,180.7969094795742,180.12476,test
9296,67.18811819694348,67.73685,test
704,21.824079935423136,21.875692,test
8919,75.02114224725477,74.524895,test
12779,60.69477696945295,60.40784,test
1861,23.43298254652068,23.769905,test
11298,8.180433892801254,8.071619,test
14998,118.73948000326068,118.973305,test
11009,66.59566485208973,67.03343,test
2907,75.23466307522513,75.09598,test
8094,55.1604052272772,54.96792,test
6134,109.30466743726038,109.045944,test
19239,55.4430882998278,55.45144,test
4802,48.96526861625701,48.77394,test
15260,83.13470642646298,83.40042,test
13700,74.22415281450986,74.32769,test
14620,28.678520203607828,28.18147,test
18617,82.46105591073825,82.60489,test
17074,65.47137652330578,66.05081,test
12674,34.767713483007924,35.736183,test
5009,38.10425093875088,38.1061,test
15549,5.260504433154911,5.1478662,test
19408,83.55792357754082,83.67692,test
17834,57.78179082659215,57.221004,test
1149,99.4907361299304,99.67785,test
7041,84.57638463785023,84.54642,test
15033,99.73165781686828,99.63568,test
60,77.79019270718656,77.48481,test
3094,62.1233802776967,62.967136,test
8542,3.3460458597073703,3.3082185,test
10267,89.77171705634251,89.4981,test
18244,75.23466307522513,75.37612,test
6359,53.49135176226452,53.548874,test
5383,39.33748405428104,38.806686,test
9436,75.52912062238612,75.87487,test
17831,52.35653033478938,52.550133,test
4402,106.2025558056929,105.84829,test
4449,98.65596999066533,99.14127,test
3864,69.76848318728075,69.93253,test
3879,74.77670776968412,74.97292,test
14385,146.55486384356334,144.21382,test
7373,18.448270263304188,18.438486,test
1900,35.43032585388161,35.92345,test
99,71.63339382759392,72.42824,test
15276,84.01038592956453,83.97617,test
16985,25.935608876074404,26.017103,test
4126,16.125116344342604,16.08779,test
18084,24.63527893831387,24.38742,test
13781,86.46661268195652,86.82753,test
2351,38.91834885517143,39.060482,test
17423,46.6663635563764,47.622276,test
9158,23.053352899871395,24.071596,test
16783,101.0511292541869,101.34375,test
4882,4.196221297202333,4.204997,test
5753,70.5776831156227,70.81345,test
9800,23.676009316847548,23.126513,test
11904,84.24741541524314,83.861465,test
10026,34.1577503463269,34.439045,test
19320,52.38623850151688,52.028225,test
16840,89.25950270069107,89.17224,test
11321,13.92854978889145,13.916968,test
16179,75.33592393483191,74.925514,test
7435,28.678520203607828,28.522547,test
17578,31.74469640013553,31.916862,test
17717,19.038942421022504,19.207037,test
7467,35.87508543765299,35.775776,test
6370,58.5236929318425,58.52737,test
1023,166.17853479893557,166.28708,test
16492,83.09327843384654,82.01632,test
817,4.491537072359547,4.575762,test
15981,11.473018356565088,11.504866,test
1326,33.39074910957999,33.369724,test
18525,87.37869480347202,87.23996,test
16125,102.11244006090304,102.04017,test
2574,98.11718222077316,98.48458,test
15822,94.254909093602,93.79844,test
12550,52.561077422995496,52.432594,test
5807,80.25361829662151,80.57424,test
17005,31.91051408188231,32.038887,test
18930,97.72361435380132,98.147125,test
888,16.40524145944573,16.341652,test
6391,69.52453059841163,69.70933,test
17124,137.09122808053337,136.92966,test
12813,83.01808144823141,83.386604,test
19375,70.67888709810615,70.620445,test
17649,63.65496035831079,63.871258,test
12045,115.23290406090766,115.58454,test
14825,24.386290598811208,23.495108,test
1742,43.29863673312746,43.33353,test
9691,86.49796272771329,86.42461,test
4513,6.442036183009371,6.4377747,test
17136,118.62582953904092,119.6762,test
322,54.721475257382544,53.983547,test
12351,72.80691569376961,72.67616,test
3536,19.628813853406385,19.289598,test
5021,43.29863673312746,43.32351,test
1448,136.76886894565047,137.15045,test
7495,45.250987390322535,44.933815,test
1705,29.125965987027584,29.18679,test
4541,11.384421137066337,11.406518,test
2634,71.91197889308408,72.10146,test
18096,24.74816706908628,24.55554,test
4533,9.499438230882436,9.494648,test
2568,98.11718222077316,98.98018,test
10909,50.09922712517202,49.614346,test
16901,12.885025212225244,12.936545,test
8001,24.10159309622668,23.977007,test
1880,28.753615695926324,29.274353,test
11946,78.04583599126548,78.32531,test
9021,84.38693654155693,84.19025,test
14596,24.789633367188944,24.488445,test
17993,90.5009001330304,90.45095,test
17327,17.4903137095204,17.195553,test
12098,87.37869480347202,87.498985,test
17518,19.038942421022504,19.278204,test
8838,47.53432583996549,47.870308,test
17870,201.78551544430667,201.87143,test
16301,86.00802491357506,85.94133,test
13501,39.410668208964985,39.104397,test
6672,26.620833128631787,27.722595,test
975,56.44692913934201,56.45331,test
17434,56.56699701702424,55.66606,test
17061,59.31238391810723,59.023724,test
15723,201.78551544430667,201.87143,test
3977,34.339930274970904,34.501812,test
14625,30.8733631927149,30.571722,test
18846,167.15995000247077,169.97075,test
17903,137.09122808053337,136.72174,test
9112,89.77171705634251,89.61579,test
5826,83.09935595306658,83.34552,test
9101,88.48216304859169,88.42116,test
17876,180.7969094795742,180.46167,test
9826,30.28249766674213,30.202549,test
2248,16.40524145944573,16.341652,test
15244,82.74203335367166,82.87929,test
6033,211.02994799979388,211.12189,test
16277,80.80332043496728,80.92055,test
9314,135.2198141561254,135.2632,test
10062,54.10904342509948,53.462086,test
5785,73.22704486211128,73.273926,test
9100,88.48216304859169,88.49593,test
231,58.69889415199623,59.209362,test
19311,50.93322091321282,51.331482,test
1752,49.0086224925457,49.087788,test
5979,66.87499746459498,67.13344,test
8833,46.3112758194042,47.221405,test
897,19.20192266480916,19.17752,test
17051,53.62497940433934,53.25445,test
14452,98.77373433068,98.42323,test
1136,101.86758015295236,102.01249,test
5899,59.37382867606714,59.374832,test
15452,72.80691569376961,72.67616,test
4982,25.27984779576332,25.35617,test
14347,65.83077308186866,66.01965,test
9240,45.250987390322535,44.689148,test
18749,27.940862928093075,26.54518,test
7549,67.18811819694348,67.73685,test
3485,90.79293338634857,90.51821,test
7006,119.35792066219084,118.904396,test
10319,51.23740717945918,51.189087,test
13045,75.20136128981777,75.33686,test
19256,51.23740717945918,51.22263,test
15338,95.27995050133204,94.54938,test
5898,59.37382867606714,59.72975,test
4569,18.731792724897712,18.768688,test
17868,201.78551544430667,202.10912,test
17959,97.23410613085656,97.376396,test
15018,103.23350357813172,103.492935,test
4084,12.124975352206752,12.066382,test
13337,92.14301126701253,92.038155,test
14417,112.90513573952586,114.462616,test
16474,75.34654859935269,74.76272,test
17566,28.80702918062262,27.582626,test
6836,65.44228559506357,65.55008,test
18941,94.77176287098274,94.22579,test
16761,111.6113573414681,112.7167,test
16726,149.10252861042588,148.76984,test
2842,40.76621946032643,40.623463,test
12823,77.41176032874927,77.59596,test
8067,42.55205181960314,43.452427,test
8741,69.43701604268931,68.017624,test
3507,14.147402430467531,14.318845,test
3337,149.10252861042588,148.76984,test
17196,92.03325910726882,92.22599,test
14394,136.11990722925268,134.23375,test
12361,74.18155972707093,73.81939,test
8655,25.51278413365878,25.587753,test
443,166.17853479893557,165.90479,test
4491,4.196221297202333,4.204997,test
10340,49.52880914978266,49.748714,test
17890,149.10252861042588,149.25272,test
14554,92.33570202451632,92.21391,test
9096,86.82293470300802,86.829056,test
6587,69.76848318728358,69.93253,test
11103,8.180433892801254,8.071619,test
6590,69.76848318728358,70.014725,test
7672,37.70223435850963,36.322765,test
578,98.65596999066533,98.6913,test
12148,78.04583599126548,78.187904,test
14806,20.33936974007777,19.14536,test
12665,34.767713483007924,35.199356,test
15711,62.85838899590023,62.841156,test
18752,27.940862928093075,27.700506,test
18197,53.49135176226452,53.465363,test
14578,21.429473611547053,21.36858,test
9334,107.39789478589,107.05783,test
15315,89.77171705634251,89.5811,test
4972,21.824079935423136,21.884987,test
14373,158.73631998820795,159.21422,test
17024,39.33748405428104,39.45302,test
15841,90.5009001330304,91.22275,test
8967,104.48871564383238,104.066795,test
16190,73.5169788308657,73.28286,test
17283,9.244705548457503,9.753891,test
13917,35.03272103717059,35.03085,test
1589,3.328531319289431,3.337573,test
17359,24.782599128301666,25.2021,test
7359,80.25361829662114,80.42686,test
7719,52.83913101702683,52.56906,test
8243,18.89411765969292,18.911312,test
11954,77.93378927116997,78.07063,test
14673,41.84557272242807,41.414,test
6740,50.68801501365044,50.22908,test
6756,59.89579766367838,59.74788,test
4719,26.657804872047155,26.183178,test
6368,58.5236929318425,58.48443,test
4022,53.49135176226452,53.509613,test
0,110.28871787139632,110.14645,test
7863,76.50234292040042,76.385185,test
18555,79.9470355349353,79.8088,test
1992,17.650012712740526,19.21051,test
12875,60.81262844049596,60.643867,test
5476,14.865809293936342,15.038185,test
1885,31.91051408188231,31.415007,test
550,101.86758015295236,101.677895,test
8727,62.85838899590023,62.841156,test
9968,16.25018195930533,16.536469,test
11759,70.8035239631433,71.07706,test
9165,24.789633367188944,24.60082,test
7563,25.06787074771092,23.172386,test
18686,13.338584715915395,14.22047,test
7331,73.22704486211002,73.45161,test
10189,83.29477154332817,83.39696,test
12265,80.93195157639853,80.32901,test
103,71.63339382759392,71.84898,test
14025,18.82198014263801,18.202198,test
18000,89.59649952596679,89.74099,test
125,71.91030133184738,72.05843,test
16768,111.6113573414681,112.16807,test
15366,80.93195157639853,80.32901,test
6818,72.67230242637233,72.760475,test
8778,49.56838968278535,48.768356,test
5469,13.792313484057486,13.936187,test
11779,74.30450585772448,74.126625,test
8738,69.43701604268931,69.823746,test
15924,3.3460458597073703,3.3082185,test
401,230.9901536612257,230.59537,test
4349,129.4267602168825,129.53934,test
2350,38.91834885517143,38.88501,test
3313,201.78551544430667,201.87143,test
1412,179.04708701101467,178.51353,test
16350,48.1381815952728,48.574875,test
3728,35.919888386123255,36.44415,test
7890,75.8861492644395,75.85635,test
12644,39.2928079640545,41.096943,test
11611,70.13557868690133,69.699646,test
7482,41.84557272242807,41.5119,test
17568,28.80702918062262,28.985563,test
11733,68.87072465156034,69.117355,test
11824,85.05997393992781,84.98258,test
8560,5.260504433154911,5.1478662,test
5264,12.885025212225244,12.818392,test
5837,83.01808144823141,83.14419,test
7154,77.53876431170232,77.464165,test
15558,6.4852329987035695,6.548349,test
4105,13.792313484057486,13.746577,test
7394,21.429473611547053,21.4288,test
4888,5.227697523949966,5.272317,test
7690,40.89299824332066,41.283237,test
14607,26.657804872047155,26.843239,test
16879,91.48002635649718,91.765656,test
1234,7.85908552453503,7.9066777,test
8849,49.29258108243957,49.851963,test
12169,79.27542778284364,79.223206,test
1166,98.65596999066533,98.59721,test
15685,43.749455725793766,43.75151,test
3139,4.491537072359547,4.313355,test
2357,37.38629228613615,37.040253,test
16139,89.57234360169679,89.66155,test
19314,50.93322091321282,52.24723,test
19127,30.88595532017685,29.960533,test
5099,84.82941053361527,84.88547,test
266,52.42282758556679,53.027393,test
3324,163.4865892910184,163.86838,test
7311,70.8890994699993,71.00051,test
3911,24.74816706908628,24.80279,test
13926,39.32963876961686,39.600143,test
16108,62.85838899590023,62.841156,test
16880,91.48002635649718,91.4776,test
1776,12.124975352206752,12.266352,test
9118,89.77171705634251,90.33795,test
14425,107.32601858936177,108.67205,test
17365,27.698995930992588,26.823996,test
16616,70.5776831156227,70.76206,test
8255,22.019205815790663,22.058369,test
11019,70.67888709810615,70.962776,test
13809,9.788304130248129,9.9602785,test
19359,62.87797862213373,62.64842,test
16201,72.29320847026757,72.22058,test
5305,17.59043680885926,17.440369,test
4210,39.33748405428104,38.806686,test
18830,63.547457434196325,63.351257,test
7548,67.18811819694348,67.09673,test
13495,39.410668208964985,39.520985,test
11641,90.79649380247676,91.78594,test
1788,12.885025212225244,12.785388,test
523,106.2025558056929,105.66061,test
18222,63.896198456162885,63.552883,test
7525,57.39162304208823,57.27558,test
4108,13.792313484057486,14.0003,test
12570,60.456358375515045,60.117332,test
14190,42.58610637454368,42.87839,test
12472,36.210240125305205,36.409023,test
6345,48.84238573144443,48.609283,test
17120,137.09122808053337,136.72174,test
16585,76.30367359186545,76.110054,test
198,71.98462739387922,76.35857,test
13841,13.514492329014466,13.894786,test
4336,136.76886894565047,137.24666,test
6108,123.0978685654898,123.125114,test
5924,58.132094825297145,58.30367,test
15939,5.260504433154911,5.1478662,test
18859,154.1130580278585,156.25797,test
1886,31.91051408188231,31.54427,test
2930,18.448270263304188,18.344553,test
13424,39.2928079640545,41.096943,test
18218,63.896198456162885,63.621696,test
11655,85.80236635218084,85.21219,test
7545,67.18811819694348,66.701775,test
1806,14.865809293936342,15.038185,test
16459,67.58928448046117,66.69845,test
18049,91.48002635649718,91.5194,test
13857,17.09241641846016,17.24816,test
6687,32.289249758728964,32.28366,test
8198,9.570229866524786,9.544644,test
2830,37.34804120151974,36.99116,test
6558,56.318371719458256,56.563118,test
19221,62.90876193978079,65.22098,test
12898,58.132094825297145,58.31538,test
19252,52.99398689569749,52.588467,test
1797,13.792313484057486,13.925087,test
12832,72.67230242637233,72.76745,test
164,78.2395703036289,77.88814,test
2600,79.88545352007553,79.73738,test
7481,38.72775337298162,38.88969,test
11420,50.04341124314845,50.090683,test
18131,29.533535528411715,29.371069,test
16763,111.6113573414681,111.53779,test
8830,46.3112758194042,46.646523,test
6130,113.1117727502116,113.0601,test
14197,39.2928079640545,39.204662,test
9257,48.96526861625701,49.1848,test
3387,105.8033985466063,106.069984,test
2984,26.657804872047155,26.403402,test
2573,98.11718222077316,98.85125,test
4912,7.85908552453503,7.9066777,test
17038,43.65657505930208,44.06109,test
10004,26.79723709025756,26.579731,test
4651,55.27187238699012,55.28068,test
11422,56.446929139341634,56.45331,test
6743,55.1604052272772,55.29522,test
15923,3.3460458597073703,3.3082185,test
16671,77.53876431170232,77.30157,test
14078,29.8566124927783,30.865435,test
5455,12.885025212225244,12.936545,test
8297,38.48840493675039,38.544476,test
14788,17.633485569278523,17.391191,test
12931,60.19466070864491,59.680687,test
684,15.977335233233198,16.013798,test
5446,12.124975352206752,12.266352,test
7320,71.78670881619715,71.41088,test
12552,52.561077422995496,52.273655,test
13372,93.28231569539822,93.02538,test
8322,55.89167516914279,55.912247,test
7623,27.10406914375708,26.233377,test
12403,83.53755060546025,83.95341,test
13141,72.34090204261534,72.20889,test
3673,70.03363402017787,69.58574,test
12709,37.48026356057577,37.16342,test
3323,180.7969094795742,180.66588,test
7505,48.96526861625701,48.844254,test
6258,25.32142942667775,24.696255,test
13360,92.69393389813976,92.68048,test
4258,59.31238391810723,59.60877,test
12678,34.635546819221005,34.67364,test
7832,82.51266906756706,82.496826,test
5615,59.31238391810723,59.023724,test
17093,180.7969094795742,178.80696,test
13899,27.66127153640531,28.451712,test
7840,79.86598582053819,79.81735,test
16523,119.35792066219084,119.13954,test
168,80.80332043496549,81.585205,test
3761,38.05130976592272,38.52407,test
5943,58.991170602037386,58.851948,test
9723,8.967662639453113,9.029235,test
17224,89.25950270069107,89.949974,test
11591,61.34974693767026,60.59226,test
17875,180.7969094795742,180.30936,test
4413,103.745126530115,103.77767,test
2176,4.491537072359547,4.313355,test
11633,96.6886854171183,97.24821,test
11906,84.24741541524314,83.806244,test
15900,91.48002635649718,91.4776,test
4166,23.43298254652068,23.528059,test
4250,59.31238391810723,58.548344,test
9605,79.9470355349353,80.02718,test
10539,26.620833128631787,26.59692,test
16427,58.10615179076552,56.711636,test
1074,123.0978685654898,123.08376,test
11186,29.77075417333722,29.798998,test
18869,142.84762610413074,143.32014,test
15628,22.019205815790663,22.058369,test
3163,6.750079908713624,6.840165,test
4901,6.442036183009371,6.4377747,test
6143,106.2025558056929,105.66061,test
3161,6.750079908713624,6.840165,test
15172,104.48871564383238,104.67574,test
18557,78.70967419713557,78.59857,test
15519,2.618505311135724,2.653271,test
2268,22.34386956684365,22.653292,test
5481,14.865809293936342,14.816431,test
9235,41.84557272242807,41.94051,test
17063,59.31238391810723,59.21229,test
8529,2.618505311135724,2.653271,test
8645,22.019205815790663,22.058369,test
16875,90.79293338634857,90.53633,test
15750,149.10252861042588,149.64711,test
5169,71.5126952436544,71.73885,test
12868,60.81262844049596,60.711643,test
4723,26.657804872047155,26.38416,test
3167,8.180433892801254,7.958251,test
5543,28.753615695926324,28.497833,test
9813,26.79723709025756,26.553152,test
15794,105.8033985466063,105.67431,test
4083,12.124975352206752,12.266352,test
13499,39.410668208964985,38.943264,test
14453,98.77373433068,98.29335,test
11366,25.85753439928986,25.88882,test
12559,56.318371719454376,56.097294,test
3871,74.77670776968412,74.75508,test
10766,45.14459234822735,44.721577,test
19300,49.964974571776985,50.22834,test
1021,166.17853479893557,166.90967,test
8550,4.22054923341766,4.2420034,test
17231,89.25950270069107,89.56723,test
8131,75.24982629334554,74.81566,test
4296,193.8751524679473,193.9494,test
11413,50.04341124314845,50.090683,test
13562,60.69477696945295,61.18834,test
15352,89.57234360169679,90.00319,test
14366,173.02629337346764,171.55698,test
13058,72.90167939974636,73.64508,test
17921,118.62582953904092,117.944824,test
1454,129.4267602168825,129.64935,test
17953,101.0511292541869,101.00044,test
16748,127.03771421016312,126.552185,test
7587,24.456458411821725,24.680182,test
15625,18.89411765969292,18.911312,test
3239,25.857534399290905,25.88882,test
9938,11.245979387941956,11.641855,test
3469,89.42090092796712,89.591156,test
19279,49.52880914978266,49.28112,test
16618,70.5776831156227,70.894135,test
4777,41.84557272242807,41.978783,test
4356,123.0978685654898,122.71218,test
1065,129.4267602168825,129.11305,test
12808,89.61281744144841,90.09476,test
17605,42.852961632253525,41.990845,test
12010,84.52419181559615,84.57158,test
9352,100.6187540373376,100.65405,test
2376,35.919888386123255,36.07838,test
1113,106.2025558056929,105.983475,test
243,55.95115332265876,55.67154,test
14349,65.83077308186866,66.059105,test
2097,50.68801501365044,50.630047,test
18130,29.533535528411715,29.410362,test
13246,125.86447482244527,126.20476,test
12058,107.7381594436571,107.45801,test
7759,135.2198141561254,135.27922,test
17642,57.78179082659215,59.15768,test
2865,48.84238573144443,49.26273,test
7984,19.628813853406385,19.289598,test
2234,13.92854978889145,13.916968,test
52,80.93195157639853,80.03101,test
8321,55.89167516914279,55.912247,test
17839,57.78179082659215,57.83349,test
1314,29.12596598702036,29.158512,test
7430,26.657804872047155,26.38416,test
790,62.12878854692645,62.113365,test
10253,88.48216304859169,88.505844,test
4952,15.977335233233198,16.00739,test
12352,72.80691569376961,72.94907,test
7546,67.18811819694348,66.87531,test
12215,86.49796272771329,86.375824,test
1398,193.8751524679473,194.1196,test
10555,32.289249758728964,32.24854,test
12172,79.27542778284364,79.29854,test
18507,95.84505322335384,96.59578,test
13315,93.38657295807928,93.30904,test
498,117.68636585320668,117.22236,test
14471,93.24564903744712,92.95388,test
14030,18.82198014263801,19.14265,test
1359,55.271872386990935,55.278023,test
15280,85.2707950135868,85.42634,test
2299,34.113034957437215,34.270653,test
16279,80.80332043496728,80.529915,test
8057,38.88107047950797,39.163994,test
10527,24.10159309622668,24.046299,test
13048,75.20136128981777,74.2574,test
12527,46.20624283129268,47.110817,test
4134,17.59043680885926,17.44119,test
6110,123.0978685654898,123.03057,test
5914,58.48566458724775,58.54059,test
6012,77.7528643276994,77.92446,test
2254,19.20192266480916,19.17752,test
16274,78.23957030362628,78.03443,test
6299,31.73671877096429,31.594662,test
18566,78.70967419713557,79.46597,test
12447,35.919888386123255,35.66714,test
14866,36.858562352761474,36.177143,test
1331,38.10425093874939,38.1061,test
8017,26.620833128631787,27.722595,test
15253,82.69911139745801,82.88634,test
4511,6.442036183009371,6.4377747,test
10075,60.34709742131263,60.807465,test
2906,69.52453059841163,69.82353,test
2360,37.38629228613615,37.549854,test
13070,71.14396606839321,70.91162,test
15116,93.28231569539822,92.95411,test
1650,11.384421137066337,11.406518,test
14278,39.410668208964985,39.104397,test
12160,78.3521209153635,78.26734,test
8358,36.41164086407028,36.635117,test
13047,75.20136128981777,74.46966,test
12275,77.79019270718537,77.77254,test
3459,89.25950270069107,89.434135,test
12975,70.098803480824,70.38418,test
16964,21.22276810141124,21.351957,test
15000,112.6599718133244,112.54959,test
10998,62.87797862213373,62.182465,test
17010,35.43032585388161,34.993633,test
5743,70.8998858391393,70.95293,test
5280,13.792313484057486,13.726273,test
17117,137.09122808053337,137.43944,test
16004,16.11129124792047,16.207216,test
2251,16.40524145944573,16.341652,test
19156,42.23549826962851,41.281628,test
924,29.77075417333722,29.736755,test
1212,5.227697523949966,5.272317,test
8069,46.48566476712182,45.872856,test
16191,73.5169788308657,73.235176,test
2402,36.210240125305205,36.617054,test
17161,105.8033985466063,106.069984,test
9701,7.349844286016002,7.2374244,test
16810,92.03325910726882,91.90891,test
13208,168.1502886891345,169.23453,test
5354,28.753615695926324,28.385086,test
14023,18.82198014263801,18.291214,test
2347,38.91834885517143,38.629906,test
18548,79.9470355349353,79.81268,test
18001,89.59649952596679,89.86429,test
5671,98.11718222077316,98.86657,test
915,25.857534399290905,25.88882,test
16785,101.0511292541869,101.00044,test
16377,49.17258922572702,48.85211,test
2276,25.857534399290905,25.88882,test
12533,46.20624283129268,46.073605,test
14358,71.34845173855356,71.53565,test
9140,21.429473611547053,21.31547,test
13063,71.14396606839321,71.733505,test
8614,13.645628914737031,13.686924,test
973,56.44692913934201,56.411892,test
10645,70.03363402017787,69.58574,test
2939,19.89991539202705,19.570345,test
14255,36.02701366128638,35.999367,test
5286,14.865809293936342,15.038185,test
882,13.92854978889145,13.922574,test
3127,3.624115801788345,3.5554862,test
11536,46.3112758194042,47.221405,test
5076,95.27995050133204,95.158424,test
15520,2.618505311135724,2.653271,test
17836,57.78179082659215,57.41027,test
14062,26.936990316598862,25.938738,test
866,11.747596709247082,11.700321,test
149,76.00671399435818,76.26967,test
9155,23.053352899871395,22.60919,test
4438,99.4907361299304,99.62274,test
4021,53.49135176226452,53.058926,test
11725,69.14676947161414,69.87771,test
5904,59.37382867606714,59.432526,test
17480,16.264210965298563,16.171494,test
17323,15.49099131419465,16.174881,test
14755,16.08629542413324,15.550283,test
14721,62.1233802776967,62.455845,test
2211,8.180433892801254,8.584318,test
23,95.27995050133204,95.42583,test
1456,129.4267602168825,129.56306,test
383,73.97103175765946,73.48617,test
5623,65.47137652330578,64.64294,test
9385,82.51266906756706,82.59897,test
17269,91.48002635650002,91.41616,test
11496,47.46331387653679,47.57838,test
12205,84.52419181559287,84.43614,test
12685,35.06929068218894,35.21567,test
1962,65.47137652330578,65.6363,test
9635,77.93378927116997,78.20328,test
8365,36.41164086407028,36.591293,test
7218,98.11718222077133,98.941765,test
19377,70.67888709810615,70.304016,test
17852,63.65496035831079,63.914936,test
10857,62.90876193978079,65.22098,test
7172,83.09935595306658,83.14981,test
9253,48.96526861625701,48.56339,test
3574,29.34578260289036,28.99602,test
12141,78.04583599126548,78.22202,test
16720,163.4865892910184,163.32262,test
737,33.39074910957999,33.369724,test
10809,54.79280587614715,55.16807,test
2716,80.25361829662151,80.78957,test
18796,42.52531704241395,43.346508,test
9229,41.84557272242807,41.5119,test
11996,82.46105591073804,82.2178,test
430,179.04708701101467,179.63187,test
16416,55.61817953038767,54.67447,test
4425,100.48928695862324,101.01416,test
18724,20.307928329934253,20.784912,test
2295,34.113034957437215,34.095257,test
1770,62.12878854692645,62.113365,test
10070,60.34709742131263,60.0786,test
7305,70.8890994699993,71.06241,test
5037,55.27187238699012,55.278023,test
8367,36.41164086407028,36.63732,test
9308,72.52135855398946,72.788284,test
18668,12.027122960554882,11.057664,test
18022,89.42090092796712,89.575745,test
55,80.93195157639853,80.67894,test
1799,13.792313484057486,13.936187,test
14041,20.33936974007777,21.399435,test
17549,23.96684006413348,24.579165,test
19228,58.6937159884268,59.010197,test
6601,74.77670776968583,74.907906,test
10336,49.52880914978266,49.28112,test
1186,2.606366123918593,2.6254888,test
3563,26.620833128631787,26.35618,test
9089,86.82293470300802,87.24902,test
11697,71.14396606839321,71.28534,test
14991,118.73948000326068,117.48226,test
3860,69.76848318728075,69.748695,test
13351,92.24483243250832,92.26628,test
11670,78.081523194867,78.31433,test
2958,23.053352899871395,22.80288,test
14275,39.410668208964985,39.54768,test
8748,62.25633543844163,61.396965,test
13125,70.8035239631433,70.723305,test
8116,64.87166628595628,64.618225,test
17052,53.62497940433934,53.40689,test
7307,70.8890994699993,70.93974,test
8248,22.019205815790663,22.058369,test
542,103.745126530115,104.047295,test
12805,89.61281744144841,89.21022,test
9767,14.34267649792701,14.591819,test
14087,33.159238156410005,33.48433,test
18143,31.73671877096429,31.594662,test
11063,3.624115801788345,3.5554862,test
8143,2.618505311135724,2.653271,test
6973,73.76729204182922,73.91858,test
16636,71.78670881619587,72.328476,test
7428,26.657804872047155,26.007881,test
6380,63.896198456162885,64.49955,test
2776,25.32142942667775,25.113276,test
5427,59.31238391810723,59.21229,test
14380,146.55486384356334,144.25085,test
11335,16.405241459442376,16.341652,test
8371,35.919888386123255,36.07838,test
11197,34.113034957437215,34.270653,test
17139,118.62582953904092,118.17296,test
537,103.745126530115,103.55273,test
17749,23.96684006413348,24.579165,test
16065,38.48840493675039,38.530453,test
11886,91.22443951098568,91.57486,test
7267,73.68374035525031,73.32668,test
17523,19.038942421022504,19.42531,test
10371,50.93322091321282,52.24723,test
17394,38.13815414182142,36.797302,test
6853,62.82498618409738,63.083305,test
7712,52.83913101702683,51.45486,test
4869,3.328531319289431,3.337573,test
5165,71.5126952436544,71.75498,test
8137,75.24982629334554,75.59649,test
15180,99.25129745411776,99.41671,test
17871,201.78551544430667,201.87143,test
18734,22.58567457678973,23.444717,test
959,44.21359478458822,44.129055,test
1521,103.745126530115,103.77767,test
540,103.745126530115,103.435265,test
9099,88.48216304859169,88.505844,test
13239,125.86447482244527,125.040764,test
67,77.79019270718656,78.00607,test
2111,55.1604052272772,55.343235,test
12056,107.7381594436571,107.94845,test
8217,11.473018356565088,11.504866,test
4202,35.43032585388161,35.040043,test
19008,90.55535075755104,90.66466,test
13258,112.6599718133244,112.54959,test
2142,70.03363402017787,70.32531,test
9313,135.2198141561254,135.76389,test
1266,13.53610473193936,13.554237,test
3695,38.91834885517143,38.802532,test
377,69.71997296559415,70.61248,test
12322,71.63339382759735,71.78477,test
14636,33.2646262088608,33.637035,test
10081,136.40586584491066,136.05367,test
8252,22.019205815790663,22.058369,test
17464,16.20097931775689,15.632348,test
18544,81.7828321007955,81.68289,test
316,53.11407662346408,52.303463,test
4291,193.8751524679473,193.72298,test
8690,43.749455725793766,43.75151,test
6711,38.88107047950797,39.709095,test
4090,12.885025212225244,12.739803,test
6787,75.24982629334554,75.01637,test
13876,21.74656491623193,21.389338,test
6078,145.24040847801632,145.05272,test
4806,53.00734926713273,52.543533,test
15597,13.645628914737031,13.686924,test
10941,50.93322091321282,51.108387,test
140,74.18155972707108,74.22959,test
16847,89.25950270069107,89.23466,test
15320,110.28871787139632,110.14645,test
5989,70.098803480824,70.01782,test
15548,5.260504433154911,5.1478662,test
18132,29.533535528411715,29.31289,test
8999,88.31993375128738,88.63043,test
4957,18.731792724897712,18.767061,test
14096,36.858562352761474,36.74419,test
11229,50.04341124314785,50.090683,test
17281,9.244705548457503,9.692719,test
18141,31.73671877096429,31.617699,test
5384,39.33748405428104,38.78571,test
1614,6.442036183009371,6.4377747,test
1504,106.2025558056929,106.11767,test
16642,71.78670881619587,71.41378,test
10824,62.29899679862298,62.00005,test
15493,80.80332043496728,80.71736,test
3316,180.7969094795742,179.7027,test
9900,8.085620495190993,7.8164735,test
18016,89.25950270069107,89.434135,test
13727,76.01605659237786,75.49491,test
16544,98.11718222077316,98.761,test
14162,53.18976182780735,53.43904,test
7485,41.84557272242807,41.50096,test
130,72.80691569376819,73.05463,test
3447,89.59649952596679,89.36086,test
14381,146.55486384356334,145.11354,test
4818,57.39162304208823,57.27558,test
6251,24.74816706908628,24.664461,test
2662,70.8890994699993,70.93974,test
15343,95.27995050133204,94.91141,test
66,77.79019270718656,77.76679,test
11161,22.34386956684365,22.210978,test
10997,62.87797862213373,62.240757,test
11823,85.05997393992781,85.03209,test
14252,36.02701366128638,35.554527,test
8228,16.11129124792047,16.207216,test
17650,63.65496035831079,64.11099,test
12583,64.95566127753808,65.53842,test
5125,75.33592393483191,75.35051,test
8859,51.56721782835394,51.306892,test
16516,134.14502085001388,133.93854,test
1653,13.53610473193936,13.552571,test
16794,97.23410613085656,97.200874,test
14426,107.32601858936177,108.82437,test
10006,26.79723709025756,26.672873,test
3129,3.624115801788345,3.5554862,test
3969,31.73671877096429,32.33258,test
10279,62.90876193978079,62.752407,test
15444,71.91030133184738,72.08633,test
5923,58.132094825297145,58.49269,test
14175,47.10789941727601,47.240593,test
2198,6.750079908713624,6.840165,test
10096,117.94057501366258,117.90979,test
13423,39.2928079640545,40.14688,test
15384,77.79019270718537,77.76679,test
14021,17.633485569278523,18.899548,test
16155,80.93195157639853,80.32901,test
3359,127.03771421016312,126.552185,test
14548,92.33570202451632,92.45836,test
19149,38.13815414182142,37.775795,test
13162,76.6667816523841,76.81042,test
12507,41.380738858681696,41.711777,test
9939,11.245979387941956,11.555887,test
392,78.3836967869071,78.52641,test
11029,75.03655084716752,75.872246,test
18849,167.15995000247077,168.96567,test
145,74.18155972707108,73.86918,test
18,102.11244006090304,102.9388,test
2808,31.73671877096429,32.05341,test
16216,71.5126952436544,71.798676,test
13754,81.70522876686431,81.59304,test
2834,37.34804120151974,37.618465,test
6116,117.68636585320668,117.87919,test
14346,65.83077308186866,65.78916,test
10344,49.49174784981139,49.678635,test
14036,20.33936974007777,20.015724,test
3775,39.53055859179817,39.006973,test
11740,69.0602255325774,69.13254,test
6378,63.896198456162885,63.552883,test
11722,69.14676947161414,69.12075,test
19003,89.83454371793471,89.95313,test
6595,74.77670776968583,74.43331,test
7591,24.456458411821725,26.01517,test
16866,89.98590815117426,89.93136,test
12237,95.27995050133204,94.54938,test
10353,49.964974571776985,50.159805,test
17252,89.98590815117426,89.92839,test
8624,16.11129124792047,16.207216,test
15590,11.473018356565088,11.504866,test
12948,64.1404088665598,64.08307,test
8159,4.22054923341766,4.2420034,test
19071,15.49099131419465,15.514318,test
8973,99.25129745411776,99.25194,test
14680,45.250987390322535,45.134277,test
11813,82.2895007905107,82.08305,test
1687,21.824079935423136,21.875692,test
11066,3.624115801788345,3.5554862,test
6222,26.05871153969042,26.1219,test
15469,76.00671399435468,75.98608,test
17718,19.038942421022504,19.278204,test
2874,53.49135176226452,53.428818,test
928,29.77075417333722,29.798998,test
17112,149.10252861042588,149.37039,test
10304,52.99398689569749,52.98122,test
18786,38.33307963061296,39.28714,test
3633,50.68801501365044,50.631424,test
15417,71.63339382759735,72.42824,test
12690,35.06929068218894,34.78634,test
14106,40.96669871801392,40.783756,test
18648,9.788308558714837,9.021126,test
15016,107.5197399548222,107.64464,test
500,117.68636585320668,117.11723,test
18960,90.8660920550722,91.08895,test
18826,57.62164698064543,59.300236,test
19202,62.03409074627981,62.09028,test
4187,28.753615695926324,29.274353,test
4029,53.49135176226452,54.22322,test
18625,82.46105591073825,82.382996,test
10701,44.130221195170286,44.8504,test
1419,166.17853479893557,166.32353,test
16812,92.03325910726882,91.619804,test
5077,95.27995050133204,94.85484,test
3617,42.55205181960314,42.928135,test
12535,49.19054255336985,50.514988,test
3760,38.05130976592272,38.07008,test
7603,25.15665334339559,24.591444,test
9822,30.28249766674213,30.395386,test
10897,51.23740717945918,51.246975,test
14253,36.02701366128638,36.234123,test
10450,75.03655084716752,75.872246,test
4640,49.0086224925457,48.99863,test
16629,70.8890994699993,71.06241,test
5906,59.37382867606714,59.334435,test
10326,50.09922712517202,49.804016,test
3759,36.94310571922444,37.44538,test
6104,123.0978685654898,122.71218,test
6373,63.896198456162885,63.65356,test
12883,59.37382867606714,59.276783,test
12375,78.23957030362628,78.66503,test
9589,84.24741541524314,83.750694,test
16094,55.89167516914279,55.912247,test
2545,134.14502085001388,134.48672,test
3434,90.5009001330304,90.55205,test
5993,70.098803480824,70.16692,test
16480,75.34654859935269,77.059616,test
7117,70.8890994699993,71.00051,test
18202,53.49135176226452,53.373207,test
11833,134.13491032325388,134.0322,test
2474,52.561077422993925,52.319492,test
16169,77.79019270718537,77.67626,test
15568,7.914848156370223,7.931517,test
10277,62.90876193978079,61.995453,test
11997,82.46105591073804,82.37955,test
17664,16.20097931775689,15.632348,test
6297,31.73671877096429,31.617699,test
683,15.977335233233198,16.013798,test
3059,48.96526861625701,48.819252,test
8068,46.48566476712182,46.01385,test
7364,83.09935595306598,83.01747,test
10900,51.23740717945918,51.610405,test
8819,45.64933795175344,45.76562,test
2800,29.533535528411715,29.410362,test
12164,78.3521209153635,78.311935,test
3441,89.59649952596679,90.17414,test
7327,73.22704486211002,73.01203,test
10773,46.90905076121099,46.221443,test
6004,73.76729204182922,73.71784,test
10412,62.87797862213373,62.375465,test
190,86.00802491357565,86.10957,test
6852,62.82498618409738,63.028473,test
5302,16.125116344342604,16.189238,test
1987,17.650012712740526,17.643795,test
10710,43.06499944176368,43.254,test
16426,58.10615179076552,56.91598,test
15882,89.98590815117426,89.80912,test
15717,201.78551544430667,199.80104,test
11677,75.20136128981777,75.13431,test
16651,73.22704486211128,73.01203,test
15662,33.717244930192976,33.68749,test
3740,36.210240125305205,36.216503,test
7679,37.70223435850963,38.339283,test
450,154.98431615588598,154.92917,test
1604,5.227697523949966,5.272317,test
1072,123.0978685654898,123.4377,test
10182,84.38693654155693,84.436226,test
3528,17.650012712740526,17.571037,test
3488,90.79293338634857,90.71725,test
11451,62.25633543844163,61.396965,test
9045,82.74203335367166,82.96816,test
6135,109.30466743726038,109.7822,test
18999,89.83454371793471,89.843376,test
18242,75.23466307522513,75.242134,test
15234,83.29477154332817,83.363144,test
8111,64.87166628595628,64.777054,test
2886,58.5236929318425,58.8221,test
4799,48.96526861625701,48.56339,test
10546,29.34578260289036,28.99602,test
19406,83.55792357754082,83.14607,test
11446,69.43701604268931,64.1569,test
4498,5.227697523949966,5.272317,test
18044,90.79293338634857,90.529,test
11235,56.44692913934201,56.45331,test
4057,69.52453059841163,69.52333,test
12228,102.11244006090304,102.31547,test
9835,34.1577503463269,34.439045,test
19267,50.09922712517202,50.317818,test
57,80.93195157639853,80.80415,test
654,9.499438230882436,9.501294,test
17041,48.41170998900376,48.098736,test
4817,57.39162304208823,57.147022,test
15790,105.8033985466063,106.325096,test
17191,94.254909093602,94.30458,test
4238,48.41170998900376,48.894768,test
3991,40.76621946032643,40.161358,test
5356,28.753615695926324,28.661217,test
4040,63.896198456162885,63.65356,test
7743,68.41269006792136,67.3679,test
6927,61.911697819840086,62.128708,test
3834,56.318371719454376,56.097294,test
12040,123.96214174002029,124.57082,test
4791,45.250987390322535,44.29186,test
2686,73.22704486211128,73.45161,test
11369,25.85753439928986,25.906042,test
14706,57.39162304208823,56.977303,test
9408,77.87315181130059,77.77778,test
12363,74.18155972707093,73.886406,test
5614,59.31238391810723,58.98134,test
17569,28.80702918062262,28.83021,test
3418,94.254909093602,94.187965,test
10647,70.03363402017787,70.391136,test
18343,86.04998768751986,85.98524,test
17841,57.78179082659215,58.11124,test
14568,19.89991539202705,19.687115,test
8717,55.89167516914279,55.912247,test
17565,28.80702918062262,27.583012,test
2935,18.448270263304188,18.898434,test
10363,50.93322091321282,51.198273,test
15397,73.5169788308657,73.5037,test
17326,17.4903137095204,17.409086,test
16962,21.22276810141124,21.123043,test
10269,89.77171705634251,89.430504,test
12039,123.96214174002029,123.96183,test
18847,167.15995000247077,168.94835,test
13928,39.32963876961686,39.70785,test
15596,13.645628914737031,13.686924,test
18972,89.83219912234955,90.18308,test
15902,91.48002635649718,91.44202,test
10463,83.55792357754082,83.14607,test
8571,6.4852329987035695,6.548349,test
12660,35.5258604479491,35.183945,test
15847,90.5009001330304,90.44589,test
16774,105.8033985466063,105.67431,test
12127,79.9470355349353,79.8088,test
4386,109.30466743726038,109.045944,test
10770,45.14459234822735,45.336773,test
16527,107.5602418843858,107.74081,test
1582,2.606366123918593,2.6254888,test
11659,81.59299887306369,81.57998,test
8073,46.48566476712182,46.53502,test
3083,57.39162304208823,57.453915,test
18062,26.05871153969042,25.549198,test
19316,52.38623850151688,52.59236,test
9154,23.053352899871395,22.574429,test
15511,86.00802491357506,85.9641,test
1854,23.43298254652068,22.838385,test
3474,89.98590815117426,90.06519,test
10500,17.650012712740526,17.571037,test
11052,2.9065837811274826,2.9311738,test
1501,109.30466743726038,109.25093,test
1561,98.65596999066533,98.59721,test
12359,74.18155972707093,73.96687,test
8514,69.76848318728075,70.110504,test
2658,70.8890994699993,71.44121,test
13131,70.8035239631433,70.741554,test
627,5.227697523949966,5.272317,test
11233,56.44692913934201,56.45331,test
4706,24.789633367188944,24.488445,test
4819,57.39162304208823,57.267326,test
16738,137.09122808053337,136.46251,test
7309,70.8890994699993,70.86296,test
13097,68.87072465156034,68.82412,test
18204,53.49135176226452,53.428818,test
3848,60.456358375515045,60.66006,test
3939,26.320863792397155,26.935057,test
583,97.47338258073955,97.67921,test
11504,46.16640159983851,46.43491,test
10709,43.06499944176368,43.354782,test
4841,67.18811819694348,67.09673,test
12625,42.58610637454368,42.586803,test
14333,60.69477696945295,60.032368,test
15701,55.89167516914279,55.912247,test
14059,24.386290598811208,24.650911,test
4193,31.91051408188231,31.54427,test
11008,66.59566485208973,66.811455,test
9494,84.60291252746008,84.46443,test
1690,21.824079935423136,21.884987,test
9362,94.83357335355618,94.59159,test
6294,31.73671877096429,32.05341,test
2791,27.727713592149392,27.654726,test
17152,111.6113573414681,111.71032,test
1436,145.24040847801632,145.53375,test
6721,42.55205181960314,43.292965,test
16393,51.68892331520587,52.003654,test
12489,38.05130976592272,37.983067,test
6405,80.57929170551442,80.44156,test
3702,37.38629228613615,37.3598,test
2258,19.20192266480916,19.17752,test
416,193.8751524679473,194.1263,test
9293,67.18811819694348,66.87531,test
14098,36.858562352761474,37.14585,test
1308,29.12596598702036,29.18679,test
1283,18.731792724897712,18.768688,test
6277,27.727713592149392,27.654726,test
10328,50.09922712517202,50.344807,test
11588,57.60964815073893,59.10021,test
2184,5.527128574206158,5.477246,test
5400,43.65657505930208,44.07967,test
3146,4.491537072359547,4.5734982,test
10180,84.38693654155693,84.09011,test
6273,27.727713592149392,27.492579,test
19168,46.6663635563764,46.36043,test
8743,69.43701604268931,64.1569,test
1158,98.65596999066533,98.7114,test
17044,48.41170998900376,48.637505,test
13896,27.66127153640531,27.167326,test
15961,7.914848156370223,7.931517,test
147,74.18155972707108,74.20665,test
6409,80.57929170551442,80.45421,test
7611,25.15665334339559,25.625362,test
7168,83.09935595306658,83.05574,test
15400,73.5169788308657,73.18439,test
2743,25.04050211213976,24.06029,test
2121,59.89579766367838,60.048542,test
7826,85.85337627290696,85.77734,test
15541,4.22054923341766,4.2420034,test
522,109.30466743726038,109.673,test
10792,51.72251594763205,51.914177,test
4573,18.731792724897712,18.768688,test
15150,117.94057501366258,117.92048,test
19101,22.120024226901386,22.144325,test
14605,26.657804872047155,26.484158,test
17383,30.88595532017685,32.23163,test
2241,13.92854978889145,13.922574,test
2457,46.20624283129268,45.378155,test
6753,59.89579766367838,60.025642,test
15476,78.23957030362628,78.66503,test
2129,64.87166628595628,65.267845,test
5653,119.35792066219084,119.07569,test
473,129.4267602168825,129.10693,test
5335,23.43298254652068,23.130537,test
13984,16.08629542413324,15.867584,test
18012,89.25950270069107,89.28969,test
12439,36.41164086407028,36.206806,test
16854,89.42090092796712,89.575745,test
4963,18.731792724897712,18.768688,test
11579,57.60964815073893,57.37927,test
8162,4.22054923341766,4.2420034,test
1087,117.68636585320668,117.61924,test
15025,103.23350357813172,102.90204,test
15552,5.260504433154911,5.1478662,test
944,38.91593697359398,38.8597,test
16697,201.78551544430667,199.80104,test
13050,75.20136128981777,75.049965,test
8176,5.260504433154911,5.462879,test
12121,79.9470355349353,79.93792,test
7978,19.628813853406385,19.09317,test
15972,9.570229866524786,9.544644,test
8911,70.13557868690133,70.13306,test
6914,60.19466070864491,60.167717,test
11244,2.9065837811274826,2.9311738,test
8844,47.53432583996549,47.852646,test
6000,73.76729204182922,73.72567,test
14871,36.858562352761474,37.14585,test
3230,22.34386956684365,22.210978,test
5227,80.80332043496549,80.529915,test
7128,73.22704486211128,73.32753,test
1010,193.8751524679473,193.9494,test
3584,32.289249758728964,32.28366,test
8663,29.402411149110645,29.427898,test
10959,52.38623850151688,52.01588,test
9207,33.2646262088608,33.4774,test
1393,211.02994799979388,211.12189,test
10664,50.014011392149406,49.761406,test
777,55.271872386990935,55.278023,test
11092,6.750079908713624,6.5304766,test
940,34.113034957437215,34.270653,test
15883,89.98590815117426,90.06519,test
3476,89.98590815117426,89.57442,test
11253,3.624115801788345,3.5554862,test
14716,62.1233802776967,61.717037,test
13502,39.410668208964985,38.855053,test
9073,84.01038592956453,83.676,test
4599,29.125965987027584,29.158512,test
3642,55.1604052272772,54.727066,test
14130,50.439407630704494,50.96835,test
11065,3.624115801788345,3.5554862,test
18643,86.49796272771329,86.375824,test
3423,92.03325910726882,91.619804,test
16197,72.29320847026757,72.39271,test
17777,31.74469640013553,30.595669,test
17201,92.03325910726882,91.45511,test
16454,67.58928448046117,67.662445,test
9994,23.676009316847548,23.466991,test
12521,43.604537301970495,42.68331,test
1418,166.17853479893557,166.28708,test
6150,106.2025558056929,105.84829,test
15747,149.10252861042588,148.90277,test
9839,34.1577503463269,35.18826,test
10908,50.09922712517202,50.330044,test
2697,77.53876431170232,77.82569,test
8407,36.94310571922444,37.44538,test
6877,58.48566458724775,58.67988,test
5735,71.91197889308408,71.98196,test
13268,107.5197399548222,107.01585,test
14707,57.39162304208823,57.147022,test
5912,58.48566458724775,58.423813,test
18589,78.3521209153635,78.42887,test
6492,38.05130976592272,38.462566,test
11501,46.16640159983851,45.89623,test
18142,31.73671877096429,31.753874,test
4423,101.86758015295236,102.01249,test
11688,72.90167939974636,72.67274,test
12267,80.93195157639853,79.95124,test
17132,127.03771421016312,126.86456,test
8883,57.60964815073893,58.101524,test
18388,82.69911139745801,82.98408,test
15089,92.24483243250832,92.23935,test
18189,48.84238573144443,48.609283,test
17054,53.62497940433934,53.75197,test
2856,44.597910972306806,45.321968,test
5999,73.76729204182922,73.60074,test
18729,22.58567457678973,21.77095,test
13821,10.839070650375335,11.286931,test
9261,53.00734926713273,52.93961,test
12600,74.77670776968412,74.5675,test
11279,5.527128574206158,5.699221,test
1345,43.29863673312664,43.32351,test
2656,70.5776831156227,70.859276,test
1901,35.43032585388161,35.61477,test
3263,34.113034957437215,34.270653,test
1749,49.0086224925457,48.99863,test
7062,76.30367359186545,75.62971,test
9717,8.085620495190993,8.277844,test
2894,63.896198456162885,64.49955,test
15567,7.914848156370223,7.931517,test
18754,27.940862928093075,27.848902,test
17463,67.80500732074917,68.74489,test
5416,53.62497940433934,53.40689,test
4137,17.59043680885926,17.507889,test
16294,83.53755060546025,83.927315,test
2692,75.16417987128504,75.097305,test
3177,9.839051198642553,9.413671,test
14687,48.96526861625701,48.819252,test
10602,50.68801501365044,50.542587,test
13580,71.34845173855356,71.28542,test
2814,31.73671877096429,32.13119,test
16400,51.68892331520587,51.228924,test
14809,20.33936974007777,20.015724,test
306,51.9827380963932,51.65567,test
11368,25.85753439928986,25.906042,test
4897,6.442036183009371,6.4377747,test
7286,70.89988583913944,71.09998,test
16708,180.7969094795742,180.46167,test
7000,134.14502085001388,134.69511,test
2888,63.896198456162885,63.621696,test
11011,70.67888709810615,70.620445,test
6133,109.30466743726038,109.68506,test
765,49.00862249254413,48.99863,test
16371,48.45410543881178,49.553795,test
12410,86.00802491357506,85.9641,test
335,56.80098396250919,56.440697,test
5392,39.33748405428104,39.728085,test
17854,69.92772157818914,69.428345,test
4856,2.606366123918593,2.6254888,test
18007,89.25950270069107,89.949974,test
15655,29.402411149110645,29.467646,test
2688,75.16417987128504,75.17663,test
2809,31.73671877096429,31.75106,test
14264,37.48026356057577,37.47193,test
6482,36.94310571922444,37.44538,test
12358,74.18155972707093,74.10995,test
932,29.77075417333722,29.798998,test
5466,13.792313484057486,13.826736,test
16469,71.35912677124634,71.03128,test
2423,39.53055859179817,39.770218,test
18519,87.37869480347202,87.41711,test
14839,26.936990316598862,26.9056,test
3236,22.34386956684365,22.653292,test
17980,92.03325910726882,91.619804,test
17989,90.5009001330304,91.22275,test
6377,63.896198456162885,63.682194,test
10053,48.39717757559769,48.48478,test
4636,49.0086224925457,48.99863,test
18982,89.35596223722666,89.656,test
12339,71.91030133184738,72.269485,test
1004,193.8751524679473,193.72298,test
19072,15.49099131419465,16.026121,test
12988,77.7528643276994,77.86912,test
13968,61.22157397051245,61.144157,test
9555,95.84505322335384,96.31836,test
15949,6.4852329987035695,6.548349,test
17923,118.62582953904092,118.268555,test
11347,19.20192266480916,19.17752,test
3661,64.87166628595628,65.06281,test
12225,110.28871787139632,110.11979,test
10965,54.316367961579786,53.71496,test
10468,83.55792357754082,83.684715,test
16733,137.09122808053337,136.63506,test
3957,29.533535528411715,29.475943,test
18478,115.23290406090766,115.09284,test
19276,49.52880914978266,49.879025,test
16936,16.125116344342604,16.359585,test
14876,40.96669871801392,40.355637,test
12765,55.99893434087522,54.574574,test
15349,89.57234360169679,90.24947,test
2829,37.34804120151974,37.406017,test
6423,37.38629228613615,37.36279,test
14345,65.83077308186866,65.61071,test
7710,48.45056948106192,49.161045,test
426,179.04708701101467,178.69093,test
14167,53.18976182780735,51.02044,test
5049,62.12878854692645,62.113365,test
17676,16.264210965298563,16.088371,test
14356,71.34845173855356,71.52261,test
17808,42.852961632253525,42.572113,test
18564,78.70967419713557,78.71205,test
17544,23.96684006413348,22.498627,test
4005,44.597910972306806,45.040276,test
6642,19.628813853406385,20.75951,test
8983,94.86192637572438,94.777725,test
2465,49.19054255336955,49.16075,test
15351,89.57234360169679,89.69133,test
11679,75.20136128981777,74.50102,test
26,95.27995050133204,95.26251,test
16932,16.125116344342604,16.022396,test
17373,27.698995930992588,28.979324,test
2150,75.24982629334554,75.24975,test
16192,73.5169788308657,73.320656,test
9484,82.25512726841218,82.19116,test
2882,58.5236929318425,58.48443,test
11291,8.180433892801254,7.958251,test
13858,17.09241641846016,17.325603,test
16607,70.8998858391393,70.987114,test
11698,71.14396606839321,71.041115,test
13119,69.70696214856945,69.72182,test
8927,136.40586584491066,136.05367,test
1697,25.27984779576332,25.35617,test
8781,49.56838968278535,49.244835,test
491,123.0978685654898,123.01402,test
5226,80.80332043496549,80.834435,test
12388,80.80332043496728,80.834435,test
827,5.527128574206158,5.477246,test
15129,136.40586584491066,136.22081,test
16460,67.58928448046117,67.85805,test
3690,38.91834885517143,38.90702,test
502,117.68636585320668,117.61924,test
10434,70.67888709810615,70.304016,test
2821,34.339930274970904,34.170742,test
3960,31.73671877096429,31.738659,test
11275,5.527128574206158,5.477246,test
12017,86.49796272771187,86.21255,test
15006,112.6599718133244,112.78345,test
7901,76.77816930527605,76.67853,test
12061,101.3171290408814,101.61889,test
13834,13.514492329014466,13.028297,test
4847,72.52135855398946,72.434395,test
11202,38.91593697359398,38.8597,test
15773,118.62582953904092,117.944824,test
13742,79.44225220967748,79.32307,test
13898,27.66127153640531,27.184067,test
2956,21.429473611547053,22.48194,test
17236,89.42090092796712,89.864204,test
7514,53.00734926713273,52.93961,test
16340,48.56996296403304,49.074932,test
13442,35.5258604479491,35.500443,test
14858,33.159238156410005,32.921734,test
8059,42.55205181960314,42.24262,test
8682,38.48840493675039,38.530453,test
12386,80.80332043496728,81.118004,test
14766,16.251795051003693,16.19978,test
545,101.86758015295236,101.64737,test
6315,37.34804120151974,37.406017,test
8829,46.3112758194042,46.187065,test
5865,68.70638879452079,68.67463,test
2569,98.11718222077316,99.02248,test
18695,14.802361789347977,15.787001,test
4534,9.499438230882436,9.494648,test
2007,21.77517690158367,21.734262,test
18758,31.06582383188345,29.376507,test
8491,60.456358375515045,60.803658,test
13946,49.2822347368218,49.53823,test
11714,69.8994010800787,70.67001,test
19224,62.90876193978079,64.32592,test
3671,70.03363402017787,69.6308,test
10040,43.186882593766825,42.430614,test
11887,91.22443951098568,91.380135,test
18554,79.9470355349353,79.74968,test
7722,57.64076850782871,57.023285,test
10020,34.1577503463269,33.63571,test
15971,9.570229866524786,9.544644,test
16843,89.25950270069107,89.687515,test
3445,89.59649952596679,89.60258,test
12402,83.53755060546025,84.01934,test
5292,14.865809293936342,15.172736,test
12165,78.3521209153635,78.591446,test
11386,34.11303495743982,34.095257,test
12476,36.94310571922444,36.914104,test
7233,84.57638463785023,84.3494,test
13179,82.2895007905107,82.16171,test
14148,61.55125893730588,61.974255,test
6981,77.7528643276994,77.87474,test
7647,30.322774918295444,29.752789,test
1423,166.17853479893557,165.90479,test
4822,57.39162304208823,57.528656,test
2284,29.77075417333722,29.736755,test
3147,5.527128574206158,5.477246,test
18050,91.48002635649718,91.44202,test
3689,75.24982629334554,75.59649,test
5248,86.00802491357565,85.9641,test
16611,70.8998858391393,70.84919,test
4551,13.53610473193936,13.554237,test
304,51.9827380963932,52.2932,test
3114,72.52135855398946,72.46847,test
3844,60.456358375515045,60.402283,test
10743,42.8512051051052,42.15859,test
4337,136.76886894565047,136.71268,test
16479,75.34654859935269,75.51892,test
7889,75.8861492644395,76.08275,test
7260,76.30367359186545,76.09723,test
5436,65.47137652330578,65.436066,test
16481,75.34654859935269,77.07061,test
17747,23.96684006413348,23.823198,test
16977,23.43298254652068,23.769905,test
9041,82.74203335367166,83.01297,test
13155,76.6667816523841,76.67051,test
9409,77.87315181130059,77.82628,test
5774,71.78670881619587,71.572945,test
13312,94.85645482862957,94.64118,test
15855,89.59649952596679,89.686066,test
3305,56.44692913934201,56.45331,test
3014,33.2646262088608,33.171425,test
12301,73.5169788308657,73.235176,test
6580,64.95566127753861,64.87873,test
15788,111.6113573414681,112.16807,test
2404,36.94310571922444,36.914104,test
11913,81.78283210079856,81.48874,test
10643,70.03363402017787,69.6308,test
18105,25.32142942667775,25.245548,test
307,51.9827380963932,52.86152,test
6768,64.87166628595628,64.85773,test
6173,100.48928695862324,101.01416,test
12053,107.7381594436571,107.85015,test
16487,79.40102080305233,79.30286,test
11125,11.747596709247082,11.700321,test
4319,154.98431615588598,154.88538,test
17351,22.120024226901386,22.505823,test
2711,80.25361829662151,80.16466,test
6240,24.63527893831387,24.38742,test
12437,36.41164086407028,36.276085,test
13718,74.95067169957674,74.72983,test
5701,79.88545352007553,79.039635,test
4095,12.885025212225244,12.785388,test
18553,79.9470355349353,79.85368,test
10385,54.316367961579786,54.085346,test
15767,127.03771421016312,126.86456,test
13616,92.83718812970534,93.465866,test
4400,106.2025558056929,105.983475,test
12540,49.19054255336985,48.728607,test
9698,86.49796272771329,86.373665,test
18224,63.896198456162885,64.49955,test
16440,60.937760889072194,60.88968,test
18736,22.58567457678973,24.254534,test
16154,84.82941053361527,84.90552,test
576,98.65596999066533,98.63039,test
10686,45.62472903888442,45.514038,test
18670,12.027122960554882,11.845001,test
2082,42.55205181960314,43.452427,test
13177,82.2895007905107,82.041435,test
534,103.745126530115,103.859184,test
5319,19.28254456595652,19.155155,test
6589,69.76848318728358,70.110504,test
1988,17.650012712740526,17.337688,test
13637,84.47098482884549,85.28099,test
9046,82.74203335367166,82.941826,test
18610,80.66666767817155,80.51266,test
3787,41.380738858681696,40.737537,test
14433,107.32601858936177,107.90659,test
9090,86.82293470300802,87.04098,test
10007,26.79723709025756,26.640652,test
16024,22.019205815790663,22.058369,test
413,211.02994799979388,211.12189,test
13387,53.18976182780735,52.390633,test
18505,95.84505322335384,96.22395,test
6621,15.826709276493416,16.356476,test
18128,29.533535528411715,29.585348,test
861,9.839051198642553,10.28264,test
339,59.349496697382925,58.82918,test
18038,90.79293338634857,90.78081,test
11037,79.48504113105551,79.34166,test
3168,8.180433892801254,8.071619,test
15911,2.618505311135724,2.653271,test
15377,77.79019270718537,77.544685,test
6303,34.339930274970904,34.327984,test
15566,7.914848156370223,7.931517,test
117,71.5126952436544,71.75609,test
869,11.747596709247082,11.700321,test
17819,47.383642487349135,47.061436,test
2310,38.91593697359398,38.960907,test
4251,59.31238391810723,58.98134,test
5613,59.31238391810723,58.548344,test
1271,15.977335233233198,16.013798,test
6867,59.37382867606714,59.63759,test
3645,55.1604052272772,54.516865,test
17000,31.91051408188231,31.408974,test
5835,83.01808144823141,83.386604,test
13681,75.46351541383811,75.44622,test
18595,78.3521209153635,78.62163,test
13950,49.2822347368218,49.60664,test
16665,75.16417987128504,75.572784,test
14019,17.633485569278523,17.731762,test
6875,58.48566458724775,58.55371,test
2613,76.30367359186545,75.953156,test
15421,71.63339382759735,71.84898,test
6085,136.76886894565047,136.71268,test
7877,75.72806675637788,76.12356,test
16462,71.35912677124634,71.66214,test
15782,111.6113573414681,111.73234,test
19365,66.59566485208973,67.10343,test
11320,11.747596709249317,11.700321,test
7579,24.5889875058797,25.209028,test
5776,71.78670881619587,71.55511,test
2693,75.16417987128504,75.17789,test
909,22.34386956684365,22.653292,test
188,86.00802491357565,85.755394,test
15721,201.78551544430667,201.69505,test
2250,16.40524145944573,16.341652,test
17728,20.391351361528265,20.553314,test
8061,42.55205181960314,42.253304,test
12983,73.76729204182922,73.89569,test
7189,134.14502085001527,134.09515,test
2220,9.839051198642553,9.849857,test
12969,70.098803480824,69.92318,test
4672,18.448270263304188,19.09638,test
1977,15.826709276493416,15.851071,test
9700,7.349844286016002,7.2374244,test
6169,101.86758015295236,101.78133,test
13775,86.46661268195652,86.49004,test
4094,12.885025212225244,12.668636,test
18166,37.34804120151974,38.165905,test
6419,38.91834885517143,38.52957,test
652,7.85908552453503,7.9066777,test
10220,83.13470642646298,83.252785,test
10895,51.23740717945918,50.82706,test
4045,63.896198456162885,63.552883,test
2223,11.747596709247082,11.700321,test
2440,41.380738858681696,40.737537,test
282,51.178876353782414,51.521,test
19407,83.55792357754082,83.63183,test
6830,68.70638879452079,68.54846,test
15854,89.59649952596679,89.60258,test
13080,69.8994010800787,69.84066,test
13333,92.49987338269456,92.64962,test
7900,76.77816930527605,76.685486,test
17995,90.5009001330304,90.44589,test
11376,29.77075417333618,29.798998,test
9757,12.681740297286362,12.898361,test
19337,56.716123866601365,57.29373,test
15290,86.82293470300802,87.24902,test
15888,89.98590815117426,89.90207,test
10613,55.1604052272772,54.859158,test
10556,32.289249758728964,32.28366,test
19161,42.23549826962851,42.346905,test
14655,38.72775337298162,38.31582,test
6037,193.8751524679473,194.12605,test
154,76.00671399435818,75.905556,test
13726,76.01605659237786,75.50284,test
157,76.00671399435818,75.92435,test
6319,37.34804120151974,37.512627,test
8474,52.561077422995496,52.07288,test
16409,53.47823699991465,52.67686,test
16376,49.17258922572702,48.10159,test
4679,19.89991539202705,19.861284,test
2828,37.34804120151974,36.99861,test
19190,56.56699701702424,55.91158,test
5279,13.792313484057486,13.936187,test
15198,91.2397572047843,91.73649,test
9861,48.39717757559769,47.999474,test
4501,5.227697523949966,5.272317,test
795,2.9065837811274826,2.9311738,test
16816,92.03325910726882,91.45511,test
14685,48.96526861625701,48.69446,test
16390,50.2526064803528,50.114746,test
10068,54.10904342509948,54.375107,test
10184,83.29477154332817,83.27113,test
10115,110.67568302020096,110.72299,test
5528,23.43298254652068,23.510338,test
1626,7.85908552453503,7.9066777,test
5417,53.62497940433934,53.341038,test
18018,89.42090092796712,89.60908,test
10714,42.41210118412853,43.280685,test
18932,97.72361435380132,97.92989,test
1422,166.17853479893557,165.72346,test
5187,72.80691569376819,72.86628,test
6074,154.98431615588598,155.21118,test
15890,90.79293338634857,90.78081,test
15426,71.5126952436544,72.15397,test
7269,73.68374035525031,73.7552,test
18073,25.04050211213976,24.06029,test
13640,84.47098482884549,84.80632,test
15143,117.94057501366258,117.90979,test
5276,13.792313484057486,13.826736,test
2030,26.620833128631787,26.59692,test
11165,22.34386956684365,22.653292,test
4919,9.499438230882436,9.501294,test
19284,49.52880914978266,49.790066,test
13347,92.24483243250832,92.23935,test
17122,137.09122808053337,136.55998,test
9242,45.250987390322535,44.933815,test
7263,73.68374035525031,73.1226,test
10860,62.90876193978079,64.32592,test
13120,69.70696214856945,69.66562,test
12794,65.83077308186866,67.04819,test
8160,4.22054923341766,4.2420034,test
15358,84.82941053361527,85.02497,test
2992,28.678520203607828,28.18147,test
13532,47.982575358036456,48.155552,test
9272,57.39162304208823,57.27558,test
11506,46.16640159983851,46.80373,test
17325,17.4903137095204,16.488815,test
3356,127.03771421016312,126.865456,test
10093,126.44708143304572,126.538666,test
18455,134.13491032325388,134.06134,test
9271,57.39162304208823,57.147022,test
12416,38.91834885517143,38.914356,test
728,29.12596598702036,29.158512,test
15602,13.645628914737031,13.686924,test
17861,69.92772157818914,69.99798,test
12815,83.01808144823141,83.14419,test
11040,79.48504113105551,79.74818,test
3402,97.23410613085656,97.376396,test
4735,30.8733631927149,30.571722,test
13695,74.22415281450986,73.962814,test
4908,7.85908552453503,7.9066777,test
4164,23.43298254652068,23.316029,test
15102,92.69393389813976,92.68048,test
12689,35.06929068218894,34.784508,test
5387,39.33748405428104,39.179222,test
10360,49.964974571776985,50.579227,test
1701,25.27984779576332,25.35617,test
7272,71.91197889308363,72.640236,test
18014,89.25950270069107,89.56723,test
10150,91.2397572047843,91.23821,test
12189,82.46105591073825,82.60489,test
13644,81.32847275704384,80.749565,test
2925,80.57929170551442,80.605316,test
18911,105.86133971445166,105.43312,test
3910,24.74816706908628,25.094088,test
6752,55.1604052272772,55.683678,test
1378,230.9901536612257,230.63889,test
12915,58.30263960140757,58.261734,test
8775,52.60873127102636,53.609074,test
9675,82.46105591073825,82.37955,test
4826,62.1233802776967,61.717037,test
9785,18.42630454709299,18.97703,test
5090,89.57234360169679,89.76481,test
13759,81.70522876686431,81.28276,test
5707,76.30367359186545,75.99221,test
455,145.24040847801632,145.10797,test
10063,54.10904342509948,53.829388,test
8276,29.402411149110645,29.467646,test
17621,47.383642487349135,47.89768,test
14678,45.250987390322535,44.933815,test
6744,55.1604052272772,54.859158,test
17668,16.20097931775689,16.577053,test
6949,66.87499746459498,67.23312,test
10141,94.86192637572438,95.19638,test
5884,62.82498618409738,63.028435,test
13631,88.28473895319611,88.62548,test
19253,52.99398689569749,52.645054,test
3882,26.05871153969042,25.5619,test
15002,112.6599718133244,112.07751,test
15931,4.22054923341766,4.2420034,test
11341,19.20192266480916,19.17752,test
9735,10.014648675893918,9.96609,test
11309,9.839051198642553,10.28264,test
18185,44.597910972306806,45.055897,test
1918,43.65657505930208,44.001186,test
19229,58.6937159884268,58.74878,test
253,53.87988875437848,53.129707,test
12259,84.82941053361527,84.23789,test
555,100.48928695862324,100.315636,test
19335,56.716123866601365,57.580185,test
6408,80.57929170551442,80.569176,test
18545,81.7828321007955,81.64707,test
1420,166.17853479893557,166.19731,test
19066,15.49099131419465,14.113832,test
6797,89.61281744144841,90.51896,test
12002,84.52419181559615,84.73885,test
7958,15.826709276493416,15.650571,test
13379,93.50643630226388,93.69342,test
5056,110.28871787139632,109.29301,test
362,65.82792957452513,64.97825,test
3795,43.604537301970495,42.44073,test
4505,6.442036183009371,6.4377747,test
14149,61.55125893730588,62.019886,test
2341,56.44692913934201,56.45331,test
1376,62.12878854692645,62.113365,test
585,97.47338258073955,97.77398,test
1298,25.27984779576332,25.358246,test
16196,72.29320847026757,72.49286,test
18680,13.338584715915395,12.993562,test
12539,49.19054255336985,49.13068,test
15295,86.82293470300802,86.84477,test
17796,38.74855875286944,38.674618,test
12035,123.96214174002029,124.15574,test
2583,90.56896135270873,90.503105,test
2580,90.56896135270873,89.864395,test
3569,26.620833128631787,27.722595,test
15067,92.49987338269456,92.71883,test
5501,17.59043680885926,17.564714,test
9056,82.69911139745801,82.98484,test
14536,91.77117363602072,91.74696,test
3560,26.620833128631787,26.410604,test
2678,73.22704486211128,73.27229,test
2749,24.63527893831387,24.949902,test
12062,101.3171290408814,100.92993,test
16204,72.29320847026757,72.719604,test
14646,35.87508543765299,35.81503,test
8364,36.41164086407028,36.10333,test
13408,42.58610637454368,42.715668,test
18667,12.027122960554882,10.711356,test
16206,71.63339382759735,72.42824,test
10507,19.628813853406385,19.574224,test
10424,66.59566485208973,66.46019,test
16292,83.53755060546025,84.01934,test
9539,107.7381594436571,107.45801,test
14226,34.767713483007924,34.6432,test
6257,25.32142942667775,25.626308,test
19141,34.36019909387007,34.20335,test
11007,66.59566485208973,65.66053,test
417,193.8751524679473,194.12605,test
18523,87.37869480347202,86.94339,test
18717,20.307928329934253,18.458342,test
2213,9.839051198642553,9.413671,test
3320,180.7969094795742,179.7511,test
11787,76.6667816523841,76.6925,test
3614,42.55205181960314,42.250557,test
1978,15.826709276493416,15.910532,test
5039,55.27187238699012,55.278023,test
17844,63.65496035831079,62.925793,test
953,44.21359478458822,44.129055,test
3175,8.180433892801254,8.584318,test
7791,100.6187540373376,100.52954,test
14820,22.19104778233357,22.137077,test
14467,93.24564903744712,93.03349,test
6861,60.81262844049596,60.5498,test
11634,96.6886854171183,96.594055,test
18584,77.93378927116997,78.20088,test
5823,83.09935595306658,82.97329,test
1237,7.85908552453503,7.9066777,test
5527,23.43298254652068,23.316029,test
8992,91.2397572047843,91.50224,test
13957,54.992252475314366,55.388485,test
2455,46.20624283129268,47.110817,test
8307,43.749455725793766,43.75151,test
11645,90.79649380247676,90.73678,test
2424,39.53055859179817,39.45479,test
17487,16.57780018172115,17.332912,test
7463,35.87508543765299,35.81503,test
10422,66.59566485208973,67.10343,test
17008,31.91051408188231,32.836407,test
5023,43.29863673312746,43.33353,test
6912,58.991170602037386,58.666634,test
16619,70.5776831156227,70.774796,test
6269,26.320863792397155,26.792545,test
8366,36.41164086407028,36.714397,test
15216,86.04998768751986,86.147255,test
12009,84.52419181559615,84.4113,test
15165,104.48871564383238,103.754265,test
12940,61.911697819840086,61.68839,test
1572,97.47338258073955,97.636856,test
10475,14.147402430467531,14.15922,test
9828,30.28249766674213,31.073,test
16716,163.4865892910184,163.33182,test
11267,4.491537072359547,4.575762,test
7112,70.8890994699993,70.67987,test
4492,4.196221297202333,4.204997,test
2691,75.16417987128504,75.03426,test
3862,69.76848318728075,69.559715,test
1594,4.196221297202333,4.204997,test
3745,36.210240125305205,36.032787,test
6289,29.533535528411715,29.756115,test
1008,193.8751524679473,193.81679,test
9267,53.00734926713273,53.25966,test
15623,18.89411765969292,18.911312,test
12592,69.76848318728075,70.014725,test
14169,53.18976182780735,53.510567,test
120,71.91030133184738,72.09688,test
15288,85.2707950135868,85.37076,test
15502,83.53755060546025,83.583755,test
17942,105.8033985466063,105.67431,test
9491,82.25512726841218,82.50553,test
5635,152.8177784761153,153.12772,test
5915,58.48566458724775,58.425686,test
14619,28.678520203607828,28.110172,test
14863,33.159238156410005,34.256954,test
19189,56.56699701702424,55.635742,test
18198,53.49135176226452,53.058926,test
15864,89.25950270069107,89.28969,test
17345,22.120024226901386,20.981142,test
6280,27.727713592149392,27.83367,test
7405,23.053352899871395,22.993,test
5783,73.22704486211128,73.05103,test
17218,89.59649952596679,89.86429,test
9896,7.349844286016002,7.6687217,test
6879,58.48566458724775,58.657787,test
15284,85.2707950135868,85.24173,test
17249,89.98590815117426,89.90552,test
1609,5.227697523949966,5.272317,test
315,53.11407662346408,52.356052,test
8354,37.38629228613615,37.26813,test
9147,21.429473611547053,21.8418,test
2659,70.8890994699993,71.18206,test
6511,41.380738858681696,40.87699,test
2145,75.24982629334554,74.6593,test
2495,60.456358375515045,60.70138,test
13281,103.23350357813172,102.9368,test
6798,83.01808144823141,82.435394,test
19132,30.88595532017685,31.619625,test
3302,56.44692913934201,56.45331,test
13635,84.47098482884549,84.33002,test
7981,19.628813853406385,19.702702,test
8431,41.380738858681696,41.55864,test
11163,22.34386956684365,22.210978,test
14261,36.02701366128638,36.09138,test
13818,10.839070650375335,10.790623,test
9597,81.7828321007955,81.68289,test
3349,137.09122808053337,136.46251,test
18194,48.84238573144443,48.63627,test
7731,57.64076850782871,60.041843,test
10703,43.06499944176368,43.28868,test
8378,35.86295586622186,36.74518,test
6109,123.0978685654898,123.08376,test
10617,55.1604052272772,54.516865,test
2308,38.91593697359398,38.8597,test
325,54.721475257382544,53.52287,test
9726,8.967662639453113,9.114201,test
3664,64.87166628595628,64.78542,test
11699,71.14396606839321,71.11474,test
15336,102.11244006090304,102.04017,test
15894,90.79293338634857,90.51821,test
8398,36.94310571922444,37.103745,test
18678,13.338584715915395,12.361927,test
14188,42.58610637454368,41.591198,test
13883,24.534383850610403,23.921532,test
2382,35.919888386123255,36.23276,test
15979,11.473018356565088,11.504866,test
6684,32.289249758728964,31.966667,test
1032,154.98431615588598,154.88538,test
13630,88.28473895319611,88.60557,test
9613,78.70967419713557,78.61066,test
12775,60.69477696945295,59.48554,test
7721,52.83913101702683,53.977646,test
6223,25.04050211213976,25.120773,test
10749,42.8512051051052,43.116226,test
7920,80.03415155888104,80.154366,test
11583,57.60964815073893,57.193672,test
17781,31.74469640013553,31.581152,test
3549,21.77517690158367,22.49567,test
623,5.227697523949966,5.272317,test
1276,15.977335233233198,16.00739,test
4867,3.328531319289431,3.337573,test
8509,69.76848318728075,69.411194,test
4023,53.49135176226452,53.374943,test
1082,117.68636585320668,117.40463,test
18346,86.04998768751986,86.147255,test
3636,50.68801501365044,50.08114,test
8622,16.11129124792047,16.207216,test
19067,15.49099131419465,14.578431,test
14434,107.32601858936177,108.53809,test
5908,58.48566458724775,58.552567,test
5178,71.91030133184738,71.964195,test
14729,67.18811819694378,66.87531,test
8199,9.570229866524786,9.544644,test
6011,77.7528643276994,77.84126,test
13151,74.30450585772448,74.3187,test
1137,101.86758015295236,102.40933,test
18086,24.63527893831387,24.782763,test
15529,3.3460458597073703,3.3082185,test
7356,80.25361829662114,80.16466,test
16205,71.63339382759735,72.225464,test
9546,101.3171290408814,101.03444,test
10064,54.10904342509948,53.748474,test
4406,103.745126530115,103.859184,test
9901,8.085620495190993,7.833195,test
13810,9.788304130248129,9.975788,test
4865,3.328531319289431,3.337573,test
16724,149.10252861042588,148.00883,test
10235,85.2707950135868,85.32195,test
14486,90.34178504057668,90.33104,test
4622,38.10425093875088,38.109734,test
13571,65.83077308186866,65.71324,test
8860,51.56721782835394,51.80885,test
11259,3.624115801788345,3.6457982,test
6425,37.38629228613615,37.3598,test
836,6.750079908713624,6.840165,test
17442,56.56699701702424,57.006092,test
3279,44.21359478458822,44.129055,test
6362,53.49135176226452,54.22322,test
237,58.69889415199623,60.369766,test
16657,75.16417987128504,75.17663,test
76,75.33592393483191,75.49979,test
15007,107.5197399548222,106.875145,test
7596,24.649355892468915,24.926977,test
9563,91.22443951098568,91.125206,test
15423,71.63339382759735,71.78477,test
11489,47.46331387653679,47.913437,test
7480,38.72775337298162,39.27302,test
2879,58.5236929318425,57.98073,test
12455,35.86295586622186,36.74518,test
6950,66.87499746459498,67.21807,test
1507,106.2025558056929,105.962494,test
10495,17.650012712740526,17.624046,test
12976,73.76729204182922,73.56233,test
7655,32.43048383015692,31.181128,test
4725,28.678520203607828,28.755127,test
15058,93.38657295807928,93.440056,test
6309,34.339930274970904,34.32349,test
16655,73.22704486211128,73.45161,test
16906,12.885025212225244,12.916364,test
12188,80.66666767817155,80.779205,test
10496,17.650012712740526,17.643795,test
9985,20.89376771053955,20.740288,test
12263,84.82941053361527,84.97708,test
17805,42.852961632253525,41.990845,test
18663,10.849469453369007,11.754203,test
6385,69.52453059841163,69.11304,test
8056,38.88107047950797,39.709095,test
11755,69.70696214856945,69.76378,test
9681,84.52419181559287,84.63847,test
11993,82.46105591073804,82.49219,test
2472,49.19054255336955,49.51489,test
14382,146.55486384356334,145.32463,test
17580,31.74469640013553,31.60083,test
11822,85.05997393992781,84.90918,test
8327,55.89167516914279,55.912247,test
6455,35.86295586622186,35.89559,test
5103,80.93195157639853,80.32901,test
7382,19.89991539202705,19.622213,test
14201,39.2928079640545,41.096943,test
16633,70.8890994699993,70.86296,test
13880,21.74656491623193,22.286966,test
10211,82.69911139745801,82.98408,test
10742,42.8512051051052,43.746258,test
13559,60.69477696945295,60.40784,test
15382,77.79019270718537,77.74841,test
2312,38.91593697359398,38.960907,test
6450,35.919888386123255,36.32728,test
2679,73.22704486211128,73.00138,test
3355,127.03771421016312,126.395424,test
16955,19.28254456595652,19.155155,test
1968,14.147402430467531,14.295524,test
14956,155.05412004324748,155.17236,test
7667,34.88593569122836,34.65463,test
16589,73.68374035525322,73.87424,test
1807,14.865809293936342,14.842435,test
3471,89.98590815117426,90.16503,test
18045,90.79293338634857,90.71725,test
12726,41.80739580968886,42.56588,test
16844,89.25950270069107,89.28969,test
12829,72.67230242637233,72.58117,test
1612,5.227697523949966,5.272317,test
9956,14.34267649792701,14.598047,test
10644,70.03363402017787,69.677345,test
1548,99.4907361299304,99.28148,test
8940,126.44708143304572,126.33544,test
13217,155.05412004324748,154.82938,test
17542,22.02913768609874,22.961985,test
5410,48.41170998900376,48.70409,val
13133,72.34090204261534,72.39054,val
8889,61.34974693767026,60.939816,val
8610,13.645628914737031,13.686924,val
5544,28.753615695926324,28.385086,val
10256,88.48216304859169,88.45226,val
15786,111.6113573414681,111.74413,val
15341,95.27995050133204,95.42583,val
14287,41.80739580968886,40.78278,val
5174,71.91030133184738,72.41286,val
13764,84.17406753255614,84.439705,val
8459,49.19054255336985,49.480453,val
5890,60.81262844049596,60.711643,val
15208,88.31993375128738,88.21944,val
8165,4.22054923341766,4.2420034,val
13390,53.18976182780735,51.02044,val
549,101.86758015295236,101.78133,val
2193,6.750079908713624,6.5304766,val
1738,43.29863673312746,43.32351,val
2325,50.04341124314785,50.090683,val
15973,9.570229866524786,9.544644,val
10819,58.31738655168958,59.510403,val
17628,52.35653033478938,51.87197,val
14819,22.19104778233357,22.036394,val
10626,59.89579766367838,60.09657,val
4429,100.48928695862324,100.37664,val
13289,99.73165781686828,99.889366,val
347,59.349496697382925,60.920536,val
5230,80.80332043496549,80.71736,val
12135,78.70967419713557,78.72463,val
18095,24.74816706908628,24.664461,val
904,22.34386956684365,22.210978,val
6884,58.132094825297145,58.27441,val
19220,62.90876193978079,61.995453,val
2712,80.25361829662151,80.29799,val
6692,32.289249758728964,32.737614,val
2128,64.87166628595628,64.85773,val
18181,44.597910972306806,44.559593,val
12885,59.37382867606714,59.452286,val
15151,117.94057501366258,117.85631,val
7778,115.30303150446332,115.10312,val
17892,149.10252861042588,148.00883,val
382,73.97103175765946,73.180725,val
12809,89.61281744144841,90.51896,val
6810,77.41176032874927,77.47458,val
18429,86.82293470300802,87.038826,val
18437,88.48216304859169,88.259605,val
6479,36.94310571922444,36.77075,val
4858,2.606366123918593,2.6254888,val
18190,48.84238573144443,48.90619,val
14032,20.33936974007777,19.242643,val
8994,91.2397572047843,91.26966,val
14961,143.8247661167656,143.5223,val
13787,8.163467965221182,8.517725,val
11395,38.91593697359488,38.8597,val
6401,75.23466307522513,75.8535,val
15237,83.29477154332817,83.34048,val
9935,11.245979387941956,11.371938,val
19353,59.57543179697275,59.60159,val
7363,83.09935595306598,83.02111,val
10518,21.77517690158367,22.085136,val
10954,52.38623850151688,51.94242,val
16966,21.22276810141124,21.404392,val
6564,60.456358375515045,60.71238,val
1231,7.85908552453503,7.9066777,val
18440,89.77171705634251,89.6598,val
18126,27.727713592149392,28.439587,val
1112,106.2025558056929,105.962494,val
16420,55.61817953038767,55.584167,val
6991,152.8177784761153,153.02042,val
11402,44.21359478458911,44.129055,val
18760,31.06582383188345,29.504305,val
12187,80.66666767817155,80.765366,val
4295,193.8751524679473,193.81679,val
2790,27.727713592149392,27.917297,val
8974,99.25129745411776,98.68535,val
18471,115.23290406090766,115.26751,val
10669,50.014011392149406,51.632076,val
10784,49.09810003248252,49.35111,val
17388,34.36019909387007,34.238266,val
5986,66.87499746459498,67.261795,val
7197,119.357920662184,118.639465,val
19338,56.716123866601365,56.40844,val
6203,97.47338258073955,97.67921,val
17838,57.78179082659215,57.93717,val
8043,35.46372651810452,35.52992,val
36,89.57234360169679,90.08694,val
9786,18.42630454709299,18.90736,val
2571,98.11718222077316,98.86657,val
2674,71.78670881619587,71.572945,val
1532,101.86758015295236,102.40933,val
3934,26.320863792397155,26.530876,val
8230,16.11129124792047,16.207216,val
3817,49.19054255336985,48.601173,val
8745,69.43701604268931,66.90758,val
15411,72.29320847026757,72.286835,val
16163,80.93195157639853,80.43942,val
18003,89.59649952596679,89.686066,val
1713,33.39074910958052,33.380863,val
1942,53.62497940433934,54.45936,val
693,18.731792724897712,18.767061,val
6823,72.67230242637233,72.34574,val
16852,89.42090092796712,89.78927,val
10542,29.34578260289036,28.680332,val
4935,13.53610473193936,13.552571,val
6093,129.4267602168825,129.10693,val
7686,40.89299824332066,40.803005,val
18058,26.05871153969042,25.880089,val
15522,2.618505311135724,2.653271,val
9603,79.9470355349353,80.0319,val
4474,2.606366123918593,2.6254888,val
9123,18.448270263304188,18.330679,val
13260,112.6599718133244,112.07751,val
9643,78.3521209153635,78.40375,val
10666,50.014011392149406,50.097622,val
3188,11.747596709247082,11.700321,val
2374,35.919888386123255,36.045746,val
3266,34.113034957437215,34.270653,val
18694,14.802361789347977,15.768711,val
7827,85.85337627290696,86.482376,val
17280,9.244705548457503,9.94779,val
17792,35.05216416707113,36.250313,val
1159,98.65596999066533,98.823265,val
1680,18.731792724897712,18.768688,val
15647,29.402411149110645,29.427898,val
18253,80.57929170551442,80.45421,val
6353,53.49135176226452,53.465363,val
11753,69.70696214856945,69.66562,val
6891,58.132094825297145,58.273575,val
6059,166.17853479893557,166.32353,val
7026,98.11718222077316,98.761,val
5990,70.098803480824,69.9295,val
3453,89.25950270069107,89.5271,val
9724,8.967662639453113,8.860306,val
17332,17.4903137095204,18.379307,val
12335,71.91030133184738,72.05227,val
2532,74.77670776968583,74.97292,val
3721,35.919888386123255,36.045746,val
4442,99.4907361299304,99.44911,val
5157,71.63339382759392,71.54572,val
5686,90.56896135270873,91.05218,val
10960,52.38623850151688,53.03715,val
9766,14.34267649792701,14.598047,val
4728,28.678520203607828,28.522547,val
8250,22.019205815790663,22.058369,val
1361,55.271872386990935,55.278023,val
4981,25.27984779576332,25.35617,val
6392,69.52453059841163,69.82353,val
7676,37.70223435850963,37.08358,val
5143,72.2932084702675,72.58755,val
18810,52.14885440372348,51.89723,val
3121,2.9065837811274826,2.9311738,val
11711,69.8994010800787,70.130875,val
4403,106.2025558056929,105.9435,val
3454,89.25950270069107,89.687515,val
11138,13.92854978889145,13.922574,val
19293,49.49174784981139,50.370163,val
9459,76.77816930527784,76.7308,val
713,25.27984779576332,25.358246,val
18097,25.32142942667775,26.07411,val
16902,12.885025212225244,12.800112,val
14576,21.429473611547053,21.31547,val
4875,4.196221297202333,4.204997,val
4780,41.84557272242807,41.763073,val
17192,94.254909093602,94.187965,val
14095,36.858562352761474,36.977303,val
1216,5.227697523949966,5.272317,val
8917,75.02114224725477,74.3507,val
15507,86.00802491357506,85.74294,val
14744,72.52135855398811,72.788284,val
4985,29.125965987027584,29.18679,val
949,38.91593697359398,38.8597,val
9094,86.82293470300802,86.84477,val
9562,91.22443951098568,91.14838,val
8209,11.473018356565088,11.504866,val
15273,84.01038592956453,83.96403,val
17470,16.20097931775689,16.053898,val
11803,79.3711852446667,79.309944,val
11616,70.13557868690133,70.17871,val
2083,46.48566476712182,46.01385,val
5112,80.93195157639853,80.80415,val
2471,49.19054255336955,49.112255,val
10576,38.88107047950797,38.30488,val
15916,2.618505311135724,2.653271,val
17341,19.694692079282625,19.785011,val
10186,83.29477154332817,83.06023,val
13114,69.70696214856945,70.067764,val
13170,79.3711852446667,79.309944,val
5712,76.30367359186545,75.482346,val
19401,79.48504113105551,79.34166,val
6020,230.9901536612257,230.75728,val
15957,6.4852329987035695,6.548349,val
16484,79.40102080305233,78.710785,val
208,66.58516636474155,70.57755,val
1304,25.27984779576332,25.35617,val
187,83.53755060546071,83.927315,val
17393,34.36019909387007,35.24415,val
8088,55.1604052272772,55.29522,val
18732,22.58567457678973,22.822826,val
17088,180.7969094795742,181.36038,val
2318,44.21359478458822,44.129055,val
11716,69.14676947161414,69.34572,val
8196,7.914848156370223,7.931517,val
3958,29.533535528411715,29.8967,val
5581,39.33748405428104,39.84168,val
357,62.36217072729759,64.161385,val
12294,75.33592393483191,75.82906,val
17582,31.74469640013553,32.868767,val
4298,179.04708701101467,178.69093,val
12964,66.87499746459498,67.261795,val
3209,16.40524145944573,16.340355,val
15406,72.29320847026757,72.58755,val
16020,22.019205815790663,22.058369,val
877,13.92854978889145,13.922574,val
18870,142.84762610413074,143.67151,val
18885,124.675830889654,125.043655,val
15583,9.570229866524786,9.544644,val
16630,70.8890994699993,70.67987,val
14395,136.11990722925268,133.81642,val
9687,84.52419181559287,84.4113,val
2514,69.76848318728358,69.411194,val
16038,25.51278413365878,25.587753,val
5309,17.59043680885926,17.66791,val
5971,64.1404088665598,64.13103,val
6197,98.65596999066533,99.14127,val
4153,21.22276810141124,21.123043,val
770,49.00862249254413,48.99863,val
16638,71.78670881619587,71.679276,val
19355,62.87797862213373,62.375465,val
15593,11.473018356565088,11.504866,val
2066,38.88107047950797,38.745293,val
12994,77.7528643276994,77.84388,val
15098,92.69393389813976,92.82019,val
13748,79.44225220967748,79.25495,val
2291,29.77075417333722,29.798998,val
1173,97.47338258073955,97.69518,val
4203,35.43032585388161,35.204132,val
9043,82.74203335367166,82.87929,val
15617,18.89411765969292,18.910645,val
17209,90.5009001330304,90.4093,val
10614,55.1604052272772,54.727066,val
18761,31.06582383188345,30.339706,val
5737,70.8998858391393,71.02412,val
356,62.36217072729759,63.606255,val
12320,71.63339382759735,71.84898,val
15694,49.5370430474446,49.54989,val
7517,53.00734926713273,52.871582,val
10459,79.48504113105551,79.2999,val
9764,14.34267649792701,14.1886015,val
19063,13.681305189167857,13.872371,val
11981,79.27542778284148,79.47773,val
11217,44.21359478458822,44.129055,val
17583,31.74469640013553,33.728268,val
8691,43.749455725793766,43.75151,val
18800,47.12291119309999,46.79189,val
7102,70.5776831156227,70.49679,val
5566,35.43032585388161,35.204132,val
11652,85.80236635218084,85.86311,val
13612,92.83718812970534,93.5244,val
14722,62.1233802776967,62.967136,val
12635,39.2928079640545,39.32856,val
12289,75.33592393483191,74.925514,val
8441,43.604537301970495,44.268726,val
8264,25.51278413365878,25.587753,val
16595,73.68374035525322,73.93762,val
18816,52.14885440372348,53.420944,val
13805,9.788304130248129,9.73905,val
2282,25.857534399290905,25.906042,val
514,109.30466743726038,109.045944,val
16669,77.53876431170232,77.28145,val
9864,48.39717757559769,48.48478,val
4479,3.328531319289431,3.337573,val
6122,117.68636585320668,117.61924,val
17750,23.96684006413348,24.186695,val
15573,7.914848156370223,7.931517,val
17454,67.80500732074917,67.29504,val
17274,9.244705548457503,9.280729,val
3392,101.0511292541869,100.870445,val
9676,82.46105591073825,82.36465,val
83,73.5169788308657,73.28286,val
12836,72.67230242637233,72.94216,val
2470,49.19054255336955,48.601173,val
15601,13.645628914737031,13.686924,val
2405,36.94310571922444,37.25002,val
6563,60.456358375515045,60.652863,val
12074,95.84505322335384,96.31836,val
5268,12.885025212225244,12.785388,val
12052,107.7381594436571,108.02098,val
3925,25.32142942667775,24.696255,val
9728,8.967662639453113,9.244137,val
471,136.76886894565047,136.63849,val
4000,44.597910972306806,43.649734,val
13054,72.90167939974636,72.85595,val
12077,95.84505322335384,96.22395,val
2778,26.320863792397155,26.37242,val
6084,136.76886894565047,137.24666,val
12617,47.10789941727601,46.593327,val
3822,52.561077422995496,52.843258,val
13448,34.767713483007924,34.879204,val
3108,72.52135855398946,71.700874,val
10280,62.90876193978079,62.60318,val
10391,54.316367961579786,56.006767,val
2827,37.34804120151974,37.16774,val
5540,25.935608876074404,26.296036,val
11171,25.857534399290905,25.88882,val
13266,107.5197399548222,107.59835,val
4585,25.27984779576332,25.358246,val
7735,62.845748849996326,62.123238,val
783,62.12878854692645,62.12984,val
1876,28.753615695926324,28.661217,val
9464,78.17671644727096,77.8104,val
19142,34.36019909387007,34.959133,val
19291,49.49174784981139,49.858913,val
632,5.227697523949966,5.272317,val
12349,72.80691569376961,72.86628,val
5067,102.11244006090304,102.2743,val
17203,92.03325910726882,92.035095,val
16744,127.03771421016312,126.395424,val
7635,28.550776752841173,27.960009,val
10274,62.90876193978079,62.536613,val
7254,76.30367359186545,76.14329,val
3829,52.561077422995496,52.929634,val
19179,51.441846041956246,50.83882,val
10901,50.09922712517202,50.219578,val
2451,43.604537301970495,43.57611,val
10852,62.90876193978079,63.270237,val
9173,26.657804872047155,26.183178,val
6253,25.32142942667775,26.07411,val
11299,8.180433892801254,8.584318,val
13645,81.32847275704384,80.85152,val
7562,25.06787074771092,22.89371,val
7243,79.88545352007381,79.309135,val
19001,89.83454371793471,89.92759,val
18111,26.320863792397155,26.530876,val
16511,134.14502085001388,133.73454,val
1198,4.196221297202333,4.204997,val
14512,89.71465856252216,89.75741,val
17985,92.03325910726882,91.91374,val
10625,59.89579766367838,59.74788,val
18692,14.802361789347977,15.012493,val
14489,90.34178504057668,89.915825,val
17087,201.78551544430667,201.87143,val
2940,19.89991539202705,19.687115,val
17735,22.02913768609874,21.604414,val
3544,21.77517690158367,21.734262,val
7303,70.8890994699993,71.44121,val
2208,8.180433892801254,8.071619,val
7765,124.5037870661705,124.40345,val
18526,87.37869480347202,87.498985,val
829,5.527128574206158,5.699221,val
16366,48.45410543881178,47.86862,val
2915,75.23466307522513,75.8535,val
19211,67.80500732074917,67.86419,val
2022,24.10159309622668,24.638346,val
10014,30.28249766674213,30.40319,val
19000,89.83454371793471,90.00285,val
11192,34.113034957437215,34.095257,val
2355,37.38629228613615,37.3598,val
15472,76.00671399435468,75.905556,val
4703,23.053352899871395,23.162304,val
14827,24.386290598811208,23.280306,val
12397,83.53755060546025,83.69536,val
17998,89.59649952596679,90.17414,val
19237,55.4430882998278,55.114975,val
830,5.527128574206158,5.699221,val
5644,134.14502085001388,134.74374,val
19233,58.6937159884268,57.62694,val
15204,88.31993375128738,88.28211,val
256,53.87988875437848,54.111137,val
14944,168.1502886891345,168.97821,val
16995,28.753615695926324,28.556334,val
15958,6.4852329987035695,6.548349,val
13618,92.83718812970534,93.250305,val
9236,41.84557272242807,42.083603,val
3432,90.5009001330304,91.22275,val
4642,49.0086224925457,48.99863,val
5704,79.88545352007553,79.40412,val
17310,13.681305189167857,14.063432,val
18971,89.83219912234955,90.12021,val
13518,44.66517096340306,44.01012,val
2841,40.76621946032643,40.946983,val
4215,39.33748405428104,39.45302,val
14460,95.65935721790642,95.39153,val
8298,43.749455725793766,43.75151,val
6330,40.76621946032643,41.257496,val
3375,111.6113573414681,111.77706,val
18935,97.72361435380132,97.83141,val
15944,5.260504433154911,5.1478662,val
644,7.85908552453503,7.9066777,val
2014,24.10159309622668,24.006054,val
11586,57.60964815073893,58.101524,val
16030,25.51278413365878,25.587753,val
4314,166.17853479893557,165.72346,val
6682,29.34578260289036,29.656399,val
11548,47.53432583996549,47.702717,val
16508,152.8177784761153,152.18251,val
391,78.3836967869071,78.23809,val
13180,82.2895007905107,82.08305,val
10376,52.38623850151688,51.8745,val
1736,43.29863673312746,43.32351,val
11961,77.93378927116997,78.147545,val
1066,129.4267602168825,129.31276,val
9230,41.84557272242807,41.388935,val
15808,101.0511292541869,101.65079,val
7625,27.10406914375708,27.082184,val
2037,29.34578260289036,28.99602,val
18812,52.14885440372348,51.917385,val
14581,21.429473611547053,21.16366,val
3706,37.38629228613615,37.26813,val
18578,77.93378927116997,78.121864,val
17975,94.254909093602,94.187965,val
3329,163.4865892910184,163.38269,val
16061,38.48840493675039,38.530453,val
1384,230.9901536612257,231.11429,val
12112,81.7828321007955,81.646164,val
16057,33.717244930192976,33.68749,val
12669,34.767713483007924,34.6432,val
15618,18.89411765969292,18.911312,val
8702,49.5370430474446,49.54989,val
17693,16.57780018172115,16.689695,val
3794,43.604537301970495,43.09607,val
5967,61.911697819840086,61.932533,val
2473,52.561077422993925,52.308853,val
11522,45.64933795175344,45.76562,val
2960,23.053352899871395,22.993,val
12338,71.91030133184738,72.054405,val
6754,59.89579766367838,59.787968,val
6983,77.7528643276994,77.76033,val
1457,129.4267602168825,129.53934,val
14465,93.24564903744712,93.53824,val
10414,62.87797862213373,63.095066,val
2411,36.94310571922444,37.37797,val
18178,44.597910972306806,43.631863,val
15741,163.4865892910184,164.02423,val
18707,18.266090082633497,16.210146,val
13111,69.0602255325774,69.41262,val
174,80.80332043496549,80.50063,val
16458,67.58928448046117,66.18577,val
19164,42.23549826962851,43.319645,val
9167,24.789633367188944,25.625965,val
2168,3.624115801788345,3.5554862,val
5928,58.30263960140757,58.269424,val
7147,75.16417987128504,75.572784,val
14235,34.635546819221005,34.67364,val
5659,107.5602418843858,107.8774,val
10722,42.16129665773079,42.918774,val
3033,38.72775337298162,38.66499,val
15474,76.00671399435468,75.72235,val
10199,82.74203335367166,82.96816,val
11064,3.624115801788345,3.5554862,val
18229,69.52453059841163,69.11304,val
10835,66.72644865783289,65.72009,val
1127,103.745126530115,104.047295,val
1181,2.606366123918593,2.6254888,val
4521,7.85908552453503,7.9066777,val
591,97.47338258073955,97.43926,val
15248,82.74203335367166,82.94106,val
14456,95.65935721790642,95.77595,val
6246,24.74816706908628,25.00816,val
15921,3.3460458597073703,3.3082185,val
8254,22.019205815790663,22.058369,val
9845,38.44992203777068,38.718323,val
17806,42.852961632253525,42.561733,val
7789,100.6187540373376,100.67998,val
16784,101.0511292541869,101.00578,val
6608,14.147402430467531,14.295524,val
9821,30.28249766674213,30.020807,val
12553,52.561077422995496,52.560604,val
8832,46.3112758194042,46.702576,val
552,101.86758015295236,102.40933,val
3244,25.857534399290905,25.906042,val
9427,75.72806675637788,75.95438,val
5183,72.80691569376819,73.067406,val
3656,59.89579766367838,59.692364,val
9760,14.34267649792701,13.38856,val
18594,78.3521209153635,78.634155,val
13211,155.05412004324748,155.20555,val
5234,83.53755060546071,83.895515,val
15699,55.89167516914279,55.912247,val
10634,64.87166628595628,64.3417,val
14077,29.8566124927783,29.480486,val
16868,89.98590815117426,89.90207,val
9406,77.87315181130059,77.58375,val
11987,80.66666767817244,80.58795,val
10639,64.87166628595628,65.27021,val
3600,38.88107047950797,38.416077,val
4093,12.885025212225244,12.800112,val
19010,90.55535075755104,90.5439,val
8022,29.34578260289036,28.99602,val
3096,62.1233802776967,62.335724,val
19015,90.55535075755104,90.5121,val
9922,10.014648675893918,9.622954,val
1043,145.24040847801632,145.05272,val
5199,74.18155972707108,73.81939,val
5850,72.67230242637233,72.44513,val
16471,71.35912677124634,72.923065,val
7277,71.91197889308363,71.95636,val
9703,7.349844286016002,7.5380096,val
1282,18.731792724897712,18.768688,val
8657,25.51278413365878,25.587753,val
9881,60.34709742131263,60.083797,val
1651,11.384421137066337,11.406518,val
16604,71.91197889308408,71.98196,val
8357,37.38629228613615,37.434944,val
4014,48.84238573144443,48.116043,val
3714,36.41164086407028,36.206806,val
18390,83.13470642646298,83.40042,val
4205,35.43032585388161,35.67125,val
4299,179.04708701101467,179.2697,val
14390,136.11990722925268,134.71007,val
13835,13.514492329014466,13.749036,val
14931,67.62832117387488,67.78725,val
19196,62.03409074627981,61.029778,val
428,179.04708701101467,178.2714,val
2386,35.86295586622186,35.9659,val
16562,84.57638463785023,84.699554,val
4395,106.2025558056929,105.66061,val
16443,64.10443142186895,64.35067,val
10655,75.24982629334554,74.81566,val
18428,86.82293470300802,86.7555,val
1894,35.43032585388161,34.993633,val
12382,78.23957030362628,77.87895,val
16991,28.753615695926324,28.319248,val
1334,38.10425093874939,38.109734,val
16912,13.792313484057486,13.826736,val
19323,52.38623850151688,52.01588,val
17826,52.35653033478938,51.792873,val
11602,65.54060841010474,65.178375,val
19031,9.244705548457503,9.539299,val
12654,36.99469593104042,38.777195,val
14318,51.76031579593137,51.92091,val
9928,10.014648675893918,10.057786,val
10032,38.44992203777068,37.598824,val
17725,20.391351361528265,20.130848,val
11280,5.527128574206158,5.699221,val
17413,42.23549826962851,43.473457,val
913,25.857534399290905,25.88882,val
9383,82.51266906756706,83.018394,val
16022,22.019205815790663,22.058369,val
15458,74.18155972707093,74.22959,val
13215,155.05412004324748,155.11177,val
13833,13.514492329014466,12.973815,val
8597,9.570229866524786,9.544644,val
12703,36.02701366128638,35.933838,val
18432,88.48216304859169,88.42116,val
4946,15.977335233233198,16.013798,val
11293,8.180433892801254,8.071619,val
13674,75.46351541383811,74.82676,val
17127,127.03771421016312,127.97897,val
14291,41.80739580968886,42.138855,val
13137,72.34090204261534,72.08641,val
16033,25.51278413365878,25.587753,val
19364,62.87797862213373,64.27679,val
14526,90.86910077663212,91.01522,val
3665,64.87166628595628,64.85773,val
5222,78.2395703036289,78.03443,val
12226,110.28871787139632,109.874466,val
16129,95.27995050133204,94.85484,val
7384,19.89991539202705,19.570345,val
2125,64.87166628595628,64.3417,val
8360,36.41164086407028,36.276085,val
1100,109.30466743726038,109.7822,val
2732,26.05871153969042,25.549198,val
15594,11.473018356565088,11.504866,val
13086,69.14676947161414,68.897964,val
17347,22.120024226901386,21.960875,val
16790,97.23410613085656,97.21221,val
4414,103.745126530115,104.047295,val
1105,109.30466743726038,109.41189,val
16640,71.78670881619587,71.551735,val
16491,79.40102080305233,79.9569,val
12833,72.67230242637233,72.71689,val
8004,24.10159309622668,23.889784,val
38,84.82941053361527,84.97146,val
7135,73.22704486211128,73.09905,val
13098,68.87072465156034,69.24628,val
11318,11.747596709249317,11.700321,val
14892,45.4925622387705,45.731796,val
7204,107.56024188438542,107.74081,val
19214,67.80500732074917,68.280266,val
9609,79.9470355349353,80.13057,val
1190,3.328531319289431,3.337573,val
5697,79.88545352007553,79.8033,val
9238,41.84557272242807,42.46466,val
11463,56.75820297103196,56.87917,val
5714,76.30367359186545,76.35657,val
11169,22.34386956684365,22.653292,val
9745,11.245979387941956,11.371938,val
7588,24.456458411821725,25.080648,val
18103,25.32142942667775,24.78229,val
4851,72.52135855398946,72.65872,val
1833,19.28254456595652,19.070042,val
11104,8.180433892801254,8.071619,val
19082,17.4903137095204,18.115454,val
3541,21.77517690158367,21.691452,val
6476,36.94310571922444,37.0108,val
19297,49.964974571776985,49.974022,val
14958,155.05412004324748,155.49593,val
8582,7.914848156370223,7.931517,val
7443,30.8733631927149,31.074734,val
13013,90.79649380247676,91.19609,val
15281,85.2707950135868,85.19844,val
18228,69.52453059841163,68.86512,val
11964,78.3521209153635,78.42887,val
11656,85.80236635218084,85.78011,val
11799,79.3711852446667,78.98464,val
9360,94.83357335355618,94.51833,val
16124,102.11244006090304,102.072395,val
5397,43.65657505930208,43.344387,val
230,58.69889415199623,58.59207,val
5518,21.22276810141124,21.351957,val
4303,179.04708701101467,178.4978,val
6180,100.48928695862324,100.17203,val
15378,77.79019270718537,77.48481,val
6176,100.48928695862324,100.38317,val
17101,163.4865892910184,163.69218,val
18459,134.13491032325388,134.43414,val
15959,7.914848156370223,7.931517,val
13028,81.59299887306369,81.59243,val
6720,42.55205181960314,42.928135,val
18581,77.93378927116997,78.16711,val
16272,78.23957030362628,77.87895,val
17682,16.264210965298563,16.281956,val
2618,73.68374035525322,73.1226,val
15274,84.01038592956453,83.676,val
14969,143.8247661167656,143.74123,val
16251,74.18155972707093,73.81939,val
6161,103.745126530115,103.77767,val
15955,6.4852329987035695,6.548349,val
6045,193.8751524679473,193.9494,val
14115,45.4925622387705,44.88084,val
3831,56.318371719454376,56.30082,val
4366,117.68636585320668,117.16629,val
9174,26.657804872047155,25.771996,val
5100,84.82941053361527,84.77896,val
18375,82.74203335367166,82.72649,val
176,80.80332043496549,80.63234,val
16482,79.40102080305233,78.24932,val
18382,82.69911139745801,82.70441,val
14829,24.386290598811208,24.220238,val
10001,26.79723709025756,26.141285,val
13590,111.93267880814516,112.8015,val
19386,75.03655084716752,75.17239,val
3213,16.40524145944573,16.341652,val
348,62.36217072729759,61.77726,val
13380,93.50643630226388,93.46721,val
15920,3.3460458597073703,3.3082185,val
17620,47.383642487349135,48.047245,val
16244,72.80691569376961,72.72832,val
19273,50.09922712517202,49.614346,val
17615,47.383642487349135,47.02674,val
18741,25.122162434308752,25.09426,val
11517,45.5844800104469,46.531105,val
971,50.04341124314785,50.090683,val
7917,78.1767164472726,78.15069,val
8785,49.56838968278535,49.664463,val
7111,70.8890994699993,71.06241,val
4890,5.227697523949966,5.272317,val
13334,92.49987338269456,92.61367,val
5369,31.91051408188231,32.038887,val
2346,38.91834885517143,38.631687,val
16037,25.51278413365878,25.587753,val
12234,102.11244006090304,102.072395,val
5340,23.43298254652068,23.535202,val
7729,57.64076850782871,58.116398,val
18542,81.7828321007955,81.57598,val
2191,5.527128574206158,5.699221,val
3010,33.2646262088608,33.225307,val
16968,21.22276810141124,21.71966,val
16010,18.89411765969292,18.910645,val
18250,80.57929170551442,80.33008,val
15885,89.98590815117426,89.57442,val
17765,28.80702918062262,27.583012,val
5097,84.82941053361527,84.23789,val
8935,126.44708143304572,126.356766,val
1428,154.98431615588598,155.1975,val
4197,31.91051408188231,32.249413,val
16398,51.68892331520587,51.361004,val
7372,18.448270263304188,18.583294,val
7312,71.78670881619715,72.328476,val
6086,136.76886894565047,137.03738,val
10926,49.49174784981139,49.655323,val
15873,89.42090092796712,89.48197,val
10675,47.57393441184789,47.51153,val
5055,110.28871787139632,110.14645,val
16381,49.17258922572702,49.071423,val
16903,12.885025212225244,12.668636,val
14016,17.633485569278523,17.328701,val
982,56.44692913934201,56.45331,val
14506,89.71465856252216,89.72958,val
14114,45.4925622387705,44.94454,val
6819,72.67230242637233,72.93409,val
7818,85.85337627290696,86.600296,val
17905,137.09122808053337,136.55998,val
16599,71.91197889308408,72.285034,val
17785,35.05216416707113,33.943516,val
11527,45.64933795175344,46.619804,val
18063,26.05871153969042,24.573105,val
10541,26.620833128631787,27.722595,val
14384,146.55486384356334,145.4027,val
8634,18.89411765969292,18.911312,val
2878,58.5236929318425,58.110474,val
6042,193.8751524679473,193.694,val
4570,18.731792724897712,18.768688,val
6907,58.991170602037386,58.790684,val
9802,23.676009316847548,23.451916,val
11723,69.14676947161414,69.18902,val
5813,80.25361829662151,80.34896,val
3842,60.456358375515045,60.70138,val
16533,107.5602418843858,107.19753,val
6715,42.55205181960314,42.41876,val
16029,25.51278413365878,25.587753,val
9256,48.96526861625701,48.77394,val
17322,15.49099131419465,16.21617,val
18743,25.122162434308752,25.109417,val
727,29.12596598702036,29.158512,val
1529,101.86758015295236,101.78133,val
4066,75.23466307522513,75.611336,val
12441,36.41164086407028,36.10333,val
17255,90.79293338634857,90.78081,val
18705,16.438024087071643,17.202438,val
12515,43.604537301970495,44.36784,val
8698,49.5370430474446,49.297264,val
12955,64.1404088665598,64.2921,val
2987,28.678520203607828,28.755127,val
3514,15.826709276493416,15.851071,val
8547,3.3460458597073703,3.458318,val
16828,90.5009001330304,90.60762,val
2758,24.74816706908628,24.80279,val
18592,78.3521209153635,78.311935,val
5877,65.44228559506357,65.811775,val
9373,85.85337627290696,86.600296,val
13549,55.99893434087522,56.079403,val
10178,84.38693654155693,84.286285,val
18370,82.74203335367166,82.72176,val
19275,49.52880914978266,49.877804,val
7497,45.250987390322535,45.134277,val
1092,113.1117727502116,113.081345,val
4208,35.43032585388161,35.61477,val
13184,85.05997393992781,84.61135,val
2221,9.839051198642553,10.28264,val
7018,98.11718222077316,98.40355,val
2517,69.76848318728358,69.93253,val
17574,31.74469640013553,30.39952,val
12449,35.919888386123255,35.81475,val
4244,53.62497940433934,53.341038,val
15311,89.77171705634251,89.642975,val
16775,105.8033985466063,105.66557,val
9195,30.8733631927149,30.45485,val
2509,64.95566127753861,65.15795,val
4161,23.43298254652068,22.838385,val
17086,201.78551544430667,201.87143,val
5247,86.00802491357565,85.77785,val
7535,62.1233802776967,61.82455,val
16801,94.254909093602,94.163414,val
18284,110.67568302020096,110.91385,val
16392,51.68892331520587,52.015686,val
2805,29.533535528411715,29.8967,val
17091,180.7969094795742,180.30936,val
8600,11.473018356565088,11.504866,val
2199,6.750079908713624,6.840165,val
241,55.95115332265876,55.624367,val
6056,166.17853479893557,166.90967,val
12513,41.380738858681696,40.87699,val
14505,89.71465856252216,90.04676,val
17242,89.42090092796712,89.40554,val
8959,110.67568302020096,110.30984,val
11739,69.0602255325774,68.84507,val
17833,52.35653033478938,53.097233,val
4873,3.328531319289431,3.337573,val
10359,49.964974571776985,50.500427,val
16961,21.22276810141124,21.174717,val
4039,58.5236929318425,58.8221,val
7206,107.56024188438542,107.906364,val
5718,73.68374035525322,73.1226,val
5260,12.124975352206752,12.278806,val
14709,57.39162304208823,57.267326,val
5478,14.865809293936342,15.017814,val
7103,70.5776831156227,70.82818,val
9608,79.9470355349353,79.8088,val
18351,84.38693654155693,84.152534,val
5963,61.911697819840086,61.79042,val
11090,5.527128574206158,5.699221,val
10129,99.25129745411776,98.76077,val
13245,125.86447482244527,126.46437,val
896,19.20192266480916,19.17752,val
2799,29.533535528411715,29.471075,val
4955,18.731792724897712,18.767061,val
1342,43.29863673312664,43.32351,val
11970,78.3521209153635,78.62163,val
106,71.63339382759392,71.90832,val
7381,18.448270263304188,19.479584,val
12170,79.27542778284364,79.328285,val
11238,56.44692913934201,56.45331,val
15481,78.23957030362628,78.07489,val
12555,56.318371719454376,56.516846,val
16940,17.59043680885926,17.278852,val
4114,14.865809293936342,14.842435,val
7245,79.88545352007381,79.73738,val
1233,7.85908552453503,7.9066777,val
18957,90.8660920550722,90.50327,val
12923,58.991170602037386,58.59582,val
9797,20.89376771053955,21.543621,val
4524,7.85908552453503,7.9066777,val
15451,72.80691569376961,72.690605,val
2218,9.839051198642553,9.849857,val
13444,35.5258604479491,36.209087,val
18341,86.04998768751986,85.68935,val
499,117.68636585320668,117.18909,val
3827,52.561077422995496,52.273655,val
4229,43.65657505930208,44.06109,val
4227,43.65657505930208,44.07967,val
17353,22.120024226901386,22.402857,val
15182,99.25129745411776,99.42061,val
4584,21.824079935423136,21.884987,val
13763,84.17406753255614,84.6268,val
530,106.2025558056929,105.84829,val
19032,9.244705548457503,9.94779,val
8241,18.89411765969292,18.911312,val
3416,94.254909093602,93.74722,val
18974,89.83219912234955,90.04433,val
15980,11.473018356565088,11.504866,val
14962,143.8247661167656,144.88467,val
11045,83.55792357754082,83.74523,val
7021,98.11718222077316,98.80778,val
1157,99.4907361299304,99.69014,val
17073,65.47137652330578,65.40065,val
8872,54.343834943578464,54.71319,val
11973,79.27542778284148,79.328285,val
15702,55.89167516914279,55.912247,val
1602,4.196221297202333,4.204997,val
13205,168.1502886891345,167.50566,val
5662,107.5602418843858,107.36626,val
31,89.57234360169679,90.24947,val
1014,179.04708701101467,178.1973,val
302,51.9827380963932,52.272873,val
5585,43.65657505930208,43.346443,val
7031,90.56896135270873,89.864395,val
9713,8.085620495190993,8.111783,val
9530,115.23290406090766,115.26843,val
5696,84.57638463785023,84.900795,val
9672,82.46105591073825,82.44625,val
1041,145.24040847801632,145.53375,val
2195,6.750079908713624,6.5304766,val
11211,44.21359478458822,44.129055,val
3126,2.9065837811274826,2.9311738,val
18620,82.46105591073825,82.38573,val
4082,12.124975352206752,12.181203,val
4097,12.885025212225244,12.916364,val
13586,111.93267880814516,110.97607,val
12142,78.04583599126548,77.98133,val
16389,50.2526064803528,50.198677,val
15080,92.14301126701253,92.078766,val
12747,47.982575358036456,48.218773,val
13871,19.273701242015807,20.679192,val
12019,86.49796272771187,86.36973,val
6321,37.34804120151974,37.458626,val
3018,35.87508543765299,35.81503,val
2777,26.320863792397155,26.425512,val
4883,4.196221297202333,4.204997,val
12642,39.2928079640545,39.73377,val
4060,75.23466307522513,75.09598,val
2997,30.8733631927149,30.571722,val
18195,48.84238573144443,49.26273,val
7045,84.57638463785023,84.24482,val
8897,65.54060841010474,64.99947,val
16116,110.28871787139632,109.874466,val
8804,46.16640159983851,47.08875,val
7835,82.51266906756706,82.14267,val
18962,90.8660920550722,91.08778,val
1576,2.606366123918593,2.6254888,val
7602,25.15665334339559,23.563042,val
13187,85.05997393992781,84.74847,val
4945,15.977335233233198,16.013798,val
9128,18.448270263304188,19.479584,val
16357,48.10528443505019,47.96078,val
8696,43.749455725793766,43.75151,val
7462,35.87508543765299,35.824696,val
16860,89.98590815117426,90.16503,val
14795,18.82198014263801,18.4142,val
18453,134.13491032325388,134.30534,val
13741,77.52447914202958,76.94539,val
2392,35.86295586622186,35.6262,val
6985,152.8177784761153,152.7997,val
9227,38.72775337298162,39.27302,val
446,154.98431615588598,155.03267,val
14694,48.96526861625701,49.336548,val
13556,60.69477696945295,60.032368,val
9454,76.77816930527784,76.83845,val
2499,60.456358375515045,60.50845,val
8880,57.60964815073893,57.193672,val
13068,71.14396606839321,71.16427,val
6192,99.4907361299304,99.69014,val
988,230.9901536612257,231.16154,val
135,72.80691569376819,72.94907,val
7905,76.77816930527605,76.51933,val
10521,21.77517690158367,22.49567,val
11876,95.84505322335384,95.26577,val
12693,35.06929068218894,35.19774,val
17443,56.56699701702424,56.936554,val
15388,75.33592393483191,75.35051,val
14450,98.77373433068,98.23988,val
16577,76.30367359186545,76.03541,val
7083,71.91197889308408,71.95636,val
16674,77.53876431170232,77.6595,val
9978,18.42630454709299,19.02851,val
7334,75.16417987128645,75.146194,val
15496,83.53755060546025,84.10097,val
17528,20.391351361528265,20.553314,val
15412,72.29320847026757,72.22058,val
2576,98.11718222077316,98.77677,val
11447,69.43701604268931,66.42627,val
13887,24.534383850610403,24.166866,val
1835,19.28254456595652,19.362429,val
2605,79.88545352007553,79.36112,val
3109,72.52135855398946,72.434395,val
18048,91.48002635649718,91.4776,val
17596,38.74855875286944,38.674618,val
9907,8.085620495190993,8.277844,val
15238,83.29477154332817,83.33258,val
13003,96.6886854171183,97.34667,val
17337,19.694692079282625,19.390596,val
18256,80.57929170551442,80.58931,val
5747,70.5776831156227,70.76206,val
16103,62.85838899590023,62.841156,val
2044,32.289249758728964,31.966667,val
11868,101.3171290408814,101.12221,val
12921,58.991170602037386,58.851948,val
11307,9.839051198642553,9.849857,val
14959,155.05412004324748,154.82938,val
11365,25.85753439928986,25.88882,val
13163,79.3711852446667,80.002556,val
14774,16.251795051003693,16.62525,val
5137,73.5169788308657,73.18439,val
13461,34.635546819221005,34.84531,val
16315,50.733368627516406,49.71855,val
17213,90.5009001330304,90.60762,val
15305,88.48216304859169,88.29013,val
14556,18.448270263304188,18.438486,val
2144,75.24982629334554,75.20336,val
2555,119.35792066219084,118.904396,val
17089,180.7969094795742,179.7027,val
6668,26.620833128631787,26.542093,val
14907,55.80060084695734,55.319126,val
12,102.11244006090304,102.2743,val
4814,53.00734926713273,53.636948,val
5486,16.125116344342604,16.022396,val
8302,43.749455725793766,43.75151,val
14099,36.858562352761474,37.276737,val
6539,49.19054255336955,48.941235,val
10163,86.04998768751986,86.47805,val
13932,44.07024791149557,43.10537,val
1438,145.24040847801632,145.05272,val
14138,55.80060084695734,56.317974,val
6622,15.826709276493416,16.256115,val
14439,102.64150512184672,102.80385,val
18396,83.13470642646298,83.09063,val
7217,98.11718222077133,98.86657,val
12086,91.22443951098568,91.303604,val
9489,82.25512726841218,82.28512,val
4892,5.227697523949966,5.272317,val
1047,145.24040847801632,145.21902,val
18026,89.42090092796712,89.591156,val
9084,85.2707950135868,85.08878,val
5465,13.792313484057486,13.787444,val
5338,23.43298254652068,23.510338,val
7393,21.429473611547053,21.31547,val
7904,76.77816930527605,76.7308,val
13386,53.18976182780735,52.520603,val
6955,70.098803480824,70.01782,val
113,71.5126952436544,71.78019,val
2273,25.857534399290905,25.88882,val
5094,84.82941053361527,84.71786,val
16156,80.93195157639853,80.71417,val
3577,29.34578260289036,29.353964,val
9658,79.27542778284364,79.45124,val
12549,52.561077422995496,52.313,val
18893,117.40677602978512,117.16914,val
3484,90.79293338634857,90.69404,val
3899,25.04050211213976,25.006348,val
15365,84.82941053361527,84.90552,val
12006,84.52419181559615,84.43176,val
2725,83.09935595306658,83.381516,val
11898,87.37869480347202,86.94339,val
11004,66.59566485208973,66.692345,val
2892,63.896198456162885,63.552883,val
2027,26.620833128631787,26.358273,val
15166,104.48871564383238,104.04591,val
15052,94.85645482862957,94.57315,val
371,69.71997296559415,69.140144,val
9696,86.49796272771329,86.375824,val
15757,137.09122808053337,136.55998,val
4911,7.85908552453503,7.9066777,val
17557,26.22042757385485,25.828623,val
11391,38.91593697359488,38.8597,val
17625,52.35653033478938,51.86692,val
2510,64.95566127753861,64.87873,val
6390,69.52453059841163,69.52333,val
13814,10.839070650375335,10.621187,val
2263,22.34386956684365,22.210978,val
1249,11.384421137066337,11.406518,val
16202,72.29320847026757,72.26428,val
11100,6.750079908713624,6.840165,val
2648,70.5776831156227,70.668846,val
11461,56.75820297103196,56.512146,val
2302,34.113034957437215,34.270653,val
12243,95.27995050133204,95.26251,val
16581,76.30367359186545,75.482346,val
2497,60.456358375515045,60.402283,val
11990,80.66666767817244,80.765366,val
5131,75.33592393483191,75.49979,val
3920,25.32142942667775,26.07411,val
9532,107.7381594436571,107.72046,val
4052,69.52453059841163,69.11304,val
16188,73.5169788308657,73.37374,val
6424,37.38629228613615,37.213825,val
16362,48.45410543881178,48.762417,val
14383,146.55486384356334,145.2147,val
4581,21.824079935423136,21.875692,val
16626,70.8890994699993,70.91796,val
13112,69.0602255325774,69.262825,val
13345,92.24483243250832,92.489136,val
9965,16.25018195930533,16.789648,val
5497,17.59043680885926,17.44119,val
17897,149.10252861042588,148.74617,val
2547,134.14502085001388,133.93854,val
16981,25.935608876074404,25.61341,val
14538,91.77117363602072,91.46677,val
11849,115.23290406090766,115.54791,val
5207,76.00671399435818,75.96938,val
3046,41.84557272242807,42.46466,val
8338,38.91834885517143,38.90702,val
14307,47.982575358036456,48.008762,val
7795,100.6187540373376,100.07518,val
14987,125.86447482244527,126.46437,val
17648,63.65496035831079,63.66527,val
449,154.98431615588598,155.22076,val
18468,123.96214174002029,124.57082,val
13895,27.66127153640531,27.21769,val
12849,65.44228559506357,65.23086,val
11508,46.16640159983851,46.691895,val
6118,117.68636585320668,117.22236,val
7257,76.30367359186545,75.482346,val
12830,72.67230242637233,72.760475,val
10984,59.57543179697275,58.581894,val
4812,53.00734926713273,53.21536,val
18635,84.52419181559287,84.57158,val
14499,89.76736722751878,89.41611,val
4881,4.196221297202333,4.204997,val
12951,64.1404088665598,64.08247,val
3013,33.2646262088608,33.41932,val
18159,37.34804120151974,37.406017,val
10155,88.31993375128738,88.35011,val
5181,71.91030133184738,72.08633,val
9507,134.13491032325388,134.2333,val
330,56.80098396250919,56.157513,val
2116,59.89579766367838,59.74788,val
6990,152.8177784761153,152.18251,val
11210,38.91593697359398,38.960907,val
497,117.68636585320668,117.40463,val
14514,89.71465856252216,89.9848,val
13172,79.3711852446667,79.752205,val
4243,53.62497940433934,53.40689,val
321,54.721475257382544,54.15045,val
2645,70.8998858391393,70.881584,val
10039,38.44992203777068,38.76794,val
3211,16.40524145944573,16.341652,val
4823,57.39162304208823,57.5431,val
1399,193.8751524679473,193.72298,val
13248,118.73948000326068,118.5509,val
11518,45.5844800104469,46.068516,val
4327,145.24040847801632,145.10797,val
16736,137.09122808053337,136.89745,val
6691,32.289249758728964,32.81179,val
10692,44.130221195170286,44.547527,val
6735,50.68801501365044,50.559875,val
1518,103.745126530115,103.66729,val
18077,24.63527893831387,25.105389,val
6054,179.04708701101467,178.99586,val
19348,59.57543179697275,58.581894,val
5491,16.125116344342604,16.26345,val
14979,125.86447482244527,125.322914,val
1003,193.8751524679473,194.1196,val
1470,123.0978685654898,123.03057,val
852,8.180433892801254,8.584318,val
19121,27.698995930992588,28.218533,val
14090,33.159238156410005,34.256954,val
926,29.77075417333722,29.798998,val
17955,101.0511292541869,101.20843,val
8469,52.561077422995496,52.319492,val
16885,91.48002635649718,91.245255,val
11269,4.491537072359547,4.575762,val
280,51.178876353782414,51.540276,val
1474,117.68636585320668,117.16629,val
10693,44.130221195170286,43.22413,val
14237,34.635546819221005,34.43235,val
3228,22.34386956684365,22.210978,val
1184,2.606366123918593,2.6254888,val
6215,26.05871153969042,25.5619,val
13966,61.22157397051245,61.090214,val
11859,107.7381594436571,107.94845,val
12591,69.76848318728075,70.110504,val
5987,66.87499746459498,67.58895,val
12314,72.29320847026757,72.719604,val
10076,60.34709742131263,60.55983,val
6675,29.34578260289036,28.901499,val
4451,98.65596999066533,98.6907,val
4360,123.0978685654898,123.125114,val
4860,2.606366123918593,2.6254888,val
7178,152.8177784761153,151.68495,val
10593,46.48566476712182,45.872856,val
10991,62.87797862213373,62.375465,val
11225,50.04341124314785,50.090683,val
4167,23.43298254652068,23.535202,val
6948,66.87499746459498,67.24505,val
10374,52.38623850151688,52.064487,val
5171,71.5126952436544,71.75357,val
18008,89.25950270069107,89.17224,val
7199,119.357920662184,119.07569,val
15492,80.80332043496728,80.50063,val
13736,77.52447914202958,77.005936,val
1182,2.606366123918593,2.6254888,val
4019,48.84238573144443,49.40704,val
6885,58.132094825297145,58.280228,val
15865,89.25950270069107,89.39454,val
4837,67.18811819694348,67.03688,val
3579,29.34578260289036,29.656399,val
7496,45.250987390322535,45.025436,val
15821,94.254909093602,94.163414,val
5467,13.792313484057486,13.925087,val
9264,53.00734926713273,52.871582,val
2931,18.448270263304188,18.330679,val
18861,154.1130580278585,154.0862,val
2996,28.678520203607828,28.967339,val
12785,65.83077308186866,64.80074,val
4357,123.0978685654898,123.10715,val
8471,52.561077422995496,52.66633,val
6005,73.76729204182922,73.89569,val
10195,82.74203335367166,83.01297,val
15698,55.89167516914279,55.912247,val
8623,16.11129124792047,16.207216,val
15678,43.749455725793766,43.75151,val
6075,145.24040847801632,145.10797,val
14668,41.84557272242807,41.50096,val
1058,129.4267602168825,129.10693,val
2006,21.77517690158367,21.66864,val
14981,125.86447482244527,125.040764,val
17471,16.20097931775689,16.045649,val
12075,95.84505322335384,96.20756,val
17144,118.62582953904092,119.19649,val
4343,136.76886894565047,136.63849,val
8373,35.919888386123255,35.99476,val
7726,57.64076850782871,58.092327,val
16107,62.85838899590023,62.841156,val
4629,43.29863673312746,43.32351,val
6296,31.73671877096429,31.93841,val
11507,46.16640159983851,47.08875,val
1877,28.753615695926324,28.883059,val
8502,64.95566127753808,64.730225,val
889,16.40524145944573,16.341652,val
9424,75.72806675637788,75.89656,val
6557,56.318371719458256,56.097294,val
10187,83.29477154332817,83.363144,val
13044,75.20136128981777,75.13431,val
17098,163.4865892910184,162.52832,val
14370,158.73631998820795,159.74057,val
1592,3.328531319289431,3.337573,val
6421,38.91834885517143,39.060482,val
11071,4.491537072359547,4.313355,val
15528,3.3460458597073703,3.3082185,val
11804,79.3711852446667,79.39029,val
16948,17.59043680885926,18.171888,val
9787,18.42630454709299,19.051855,val
7466,35.87508543765299,35.600742,val
9892,7.349844286016002,7.309308,val
18434,88.48216304859169,88.29965,val
463,136.76886894565047,136.74638,val
17289,10.57203228982024,11.055405,val
8515,69.76848318728075,70.014725,val
17436,56.56699701702424,55.511818,val
5862,68.70638879452079,68.86798,val
17737,22.02913768609874,22.052038,val
18123,27.727713592149392,27.693935,val
8725,62.85838899590023,62.841156,val
14085,33.159238156410005,32.921734,val
11820,85.05997393992781,84.74847,val
11691,72.90167939974636,73.64508,val
7988,21.77517690158367,21.566051,val
13813,10.839070650375335,10.221318,val
16727,149.10252861042588,148.90277,val
18441,89.77171705634251,89.642975,val
2371,36.41164086407028,36.714397,val
9679,82.46105591073825,82.53718,val
16855,89.42090092796712,89.582954,val
5274,13.792313484057486,13.912921,val
2741,25.04050211213976,24.81532,val
9920,10.014648675893918,9.490615,val
12802,71.34845173855356,71.53565,val
3427,92.03325910726882,91.45511,val
11956,77.93378927116997,78.16711,val
4540,11.384421137066337,11.406518,val
14852,29.8566124927783,30.64907,val
13701,74.22415281450986,74.310646,val
6506,41.380738858681696,41.55864,val
1725,38.10425093875088,38.1061,val
1006,193.8751524679473,194.14308,val
15037,96.9560797736986,97.45694,val
3503,14.147402430467531,14.15922,val
11762,70.8035239631433,70.6432,val
6795,89.61281744144841,89.87144,val
7473,38.72775337298162,38.663864,val
4749,33.2646262088608,33.010788,val
7361,80.25361829662114,80.78957,val
12331,71.5126952436544,71.73885,val
12965,66.87499746459498,67.58895,val
966,50.04341124314785,50.090683,val
1088,113.1117727502116,113.53855,val
13020,85.80236635218084,85.18611,val
4997,33.39074910958052,33.380863,val
16246,74.18155972707093,74.45248,val
2262,19.20192266480916,19.17752,val
13927,39.32963876961686,39.681244,val
4699,23.053352899871395,22.94602,val
17219,89.59649952596679,89.60258,val
13651,81.32847275704384,82.1735,val
19259,51.23740717945918,50.82706,val
17245,89.98590815117426,90.16503,val
6092,136.76886894565047,136.73286,val
15330,102.11244006090304,101.86663,val
12640,39.2928079640545,39.204662,val
8406,36.94310571922444,37.37797,val
2908,75.23466307522513,75.17982,val
17368,27.698995930992588,27.418987,val
2178,4.491537072359547,4.575762,val
5155,71.63339382759392,72.038445,val
14773,16.251795051003693,16.705008,val
17354,24.782599128301666,24.247763,val
4787,45.250987390322535,45.23106,val
8746,69.43701604268931,69.46797,val
19358,62.87797862213373,62.56704,val
1762,55.27187238699012,55.28068,val
1464,123.0978685654898,122.71218,val
12168,78.3521209153635,78.89511,val
10054,48.39717757559769,48.48478,val
14831,24.386290598811208,24.928797,val
19294,49.49174784981139,50.411514,val
1945,59.31238391810723,59.023724,val
8893,61.34974693767026,62.315243,val
8559,5.260504433154911,5.1478662,val
11014,70.67888709810615,70.29177,val
4081,12.124975352206752,12.099515,val
987,230.9901536612257,230.904,val
2164,3.624115801788345,3.5554862,val
11340,16.405241459442376,16.88041,val
11758,70.8035239631433,70.723305,val
13575,71.34845173855356,71.013596,val
6554,56.318371719458256,56.30082,val
6051,179.04708701101467,178.4978,val
3734,35.86295586622186,35.550823,val
6815,77.41176032874927,77.697296,val
15369,80.93195157639853,79.67518,val
18355,84.38693654155693,84.286285,val
5460,12.885025212225244,12.916364,val
5833,83.01808144823141,82.59321,val
2597,79.88545352007553,79.8033,val
10072,60.34709742131263,60.083797,val
4906,7.85908552453503,7.9066777,val
317,53.11407662346408,54.349686,val
12627,42.58610637454368,42.075527,val
7407,23.053352899871395,22.574429,val
8630,18.89411765969292,18.911312,val
3677,70.03363402017787,69.80653,val
5834,83.01808144823141,83.293175,val
385,73.97103175765946,74.60006,val
10425,66.59566485208973,66.692345,val
16564,84.57638463785023,84.22164,val
14582,21.429473611547053,21.565804,val
13475,36.02701366128638,35.554527,val
16911,13.792313484057486,13.787444,val
18704,16.438024087071643,17.358381,val
8130,75.24982629334554,74.6593,val
4598,29.125965987027584,29.158512,val
18787,42.52531704241395,40.747025,val
14963,143.8247661167656,144.64229,val
7727,57.64076850782871,57.719048,val
7093,70.8998858391393,70.84919,val
17701,17.141358034855276,16.902842,val
9059,83.13470642646298,83.40042,val
4027,53.49135176226452,53.428818,val
5870,65.44228559506357,65.55008,val
13490,37.48026356057577,37.279896,val
5482,14.865809293936342,15.172736,val
6591,69.76848318728358,69.955,val
14312,51.76031579593137,49.86577,val
4380,113.1117727502116,112.96148,val
6233,24.63527893831387,25.105389,val
968,50.04341124314785,50.090683,val
2226,11.747596709247082,11.700321,val
7643,30.322774918295444,29.83443,val
17679,16.264210965298563,16.33515,val
7806,94.83357335355618,94.92658,val
80,73.5169788308657,73.16964,val
14873,36.858562352761474,37.522846,val
7160,80.25361829662151,80.338844,val
2380,35.919888386123255,36.32728,val
14645,35.87508543765299,35.824696,val
5035,55.27187238699012,55.278023,val
13697,74.22415281450986,74.204506,val
3792,43.604537301970495,44.41009,val
14327,55.99893434087522,56.303783,val
666,11.384421137066337,11.406518,val
3545,21.77517690158367,21.304049,val
17963,97.23410613085656,96.943306,val
3063,48.96526861625701,48.997658,val
8140,2.618505311135724,2.653271,val
9930,11.245979387941956,10.690228,val
5867,68.70638879452079,68.59198,val
17094,180.7969094795742,180.12476,val
9126,18.448270263304188,19.09638,val
3201,13.92854978889145,13.922574,val
12544,49.19054255336985,49.51489,val
11933,78.70967419713587,78.76357,val
5569,35.43032585388161,35.753666,val
11519,45.64933795175344,45.61368,val
15669,38.48840493675039,38.530453,val
1809,14.865809293936342,14.807899,val
3903,24.63527893831387,24.724924,val
15195,91.2397572047843,91.26966,val
1533,100.48928695862324,101.01416,val
7465,35.87508543765299,35.569183,val
11305,9.839051198642553,9.849857,val
14211,36.99469593104042,38.777195,val
14964,143.8247661167656,144.5294,val
6217,26.05871153969042,25.384388,val
2643,70.8998858391393,70.95293,val
6968,73.76729204182922,73.90739,val
14377,158.73631998820795,161.3113,val
14259,36.02701366128638,35.709534,val
19051,12.046394034663363,12.213049,val
14464,95.65935721790642,95.95483,val
350,62.36217072729759,61.780262,val
7232,84.57638463785023,84.69423,val
8287,33.717244930192976,33.68749,val
5893,60.81262844049596,60.49367,val
14270,37.48026356057577,37.05567,val
4151,21.22276810141124,20.66207,val
1211,5.227697523949966,5.272317,val
11157,19.20192266480916,19.17752,val
8119,70.03363402017787,69.6308,val
5752,70.5776831156227,70.82818,val
8895,61.34974693767026,62.026615,val
18839,182.32680590471207,181.57199,val
13093,68.87072465156034,69.46458,val
14221,35.5258604479491,36.209087,val
7337,75.16417987128645,75.097305,val
3275,38.91593697359398,38.960907,val
1124,103.745126530115,103.55511,val
14120,45.4925622387705,45.406193,val
1300,25.27984779576332,25.358246,val
6543,52.561077422993925,52.308853,val
13410,42.58610637454368,42.901398,val
10702,43.06499944176368,44.588245,val
3311,201.78551544430667,202.10912,val
15303,88.48216304859169,88.45226,val
9829,30.28249766674213,31.278204,val
11142,16.40524145944573,16.340355,val
9413,76.50234292040042,76.14586,val
11631,96.6886854171183,96.27112,val
13340,92.14301126701253,92.39553,val
17567,28.80702918062262,28.744394,val
2954,21.429473611547053,21.565804,val
7933,82.25512726841278,82.19852,val
8147,2.618505311135724,2.6760576,val
767,49.00862249254413,48.99863,val
10775,46.90905076121099,46.25203,val
4206,35.43032585388161,35.753666,val
11853,115.23290406090766,115.09284,val
6975,77.7528643276994,77.79725,val
5727,71.91197889308408,72.640236,val
11793,76.6667816523841,76.372925,val
5313,19.28254456595652,19.070042,val
2746,25.04050211213976,25.006348,val
6805,83.01808144823141,82.7521,val
3694,38.91834885517143,38.629906,val
8384,35.86295586622186,35.622677,val
15179,99.25129745411776,99.46026,val
13546,55.99893434087522,56.228767,val
6331,40.76621946032643,40.54443,val
3538,19.628813853406385,20.375645,val
18876,133.10289781802356,133.63933,val
7354,80.25361829662114,80.338844,val
19254,52.99398689569749,53.571095,val
493,117.68636585320668,117.69805,val
17877,180.7969094795742,179.7511,val
13128,70.8035239631433,70.66147,val
14826,24.386290598811208,23.27956,val
12306,72.29320847026757,72.49286,val
11512,45.5844800104469,45.38722,val
13945,49.2822347368218,49.408154,val
5337,23.43298254652068,23.316029,val
14336,60.69477696945295,60.40784,val
8482,56.318371719454376,56.097294,val
14086,33.159238156410005,33.667774,val
9072,84.01038592956453,83.96403,val
8678,38.48840493675039,38.530453,val
10387,54.316367961579786,53.831264,val
13991,16.08629542413324,16.576231,val
6366,58.5236929318425,58.37487,val
6413,38.91834885517143,38.90702,val
3195,11.747596709247082,11.700321,val
11388,34.11303495743982,34.270653,val
18558,78.70967419713557,78.76357,val
16969,23.43298254652068,22.928267,val
19342,56.716123866601365,55.110817,val
3843,60.456358375515045,60.803658,val
13169,79.3711852446667,79.14473,val
14842,26.936990316598862,27.19135,val
11571,54.343834943578464,53.86198,val
5832,83.01808144823141,82.435394,val
1728,38.10425093875088,38.109734,val
3605,38.88107047950797,38.964993,val
9859,43.186882593766825,43.30897,val
6696,35.46372651810452,35.38315,val
4535,11.384421137066337,11.406518,val
18227,69.52453059841163,69.08618,val
8172,5.260504433154911,5.1478662,val
15301,88.48216304859169,88.49593,val
19246,52.99398689569749,53.07264,val
18556,79.9470355349353,80.13057,val
556,100.48928695862324,100.38317,val
11726,68.87072465156034,69.46458,val
11448,69.43701604268931,66.90758,val
14396,136.11990722925268,134.5885,val
14049,22.19104778233357,22.698694,val
2672,71.78670881619587,71.537415,val
8487,56.318371719454376,56.546078,val
16466,71.35912677124634,70.41714,val
6177,100.48928695862324,100.37664,val
15152,117.94057501366258,118.325966,val
8033,32.289249758728964,31.98786,val
95,72.2932084702675,72.26428,val
14671,41.84557272242807,41.94051,val
15835,92.03325910726882,91.722984,val
7994,21.77517690158367,22.085136,val
6926,61.911697819840086,62.07474,val
13832,13.514492329014466,13.065788,val
7017,107.5602418843858,108.391106,val
11015,70.67888709810615,70.00103,val
1520,103.745126530115,103.435265,val
4071,80.57929170551442,80.2765,val
18484,107.7381594436571,107.94845,val
9496,84.60291252746008,84.34005,val
12518,43.604537301970495,44.268726,val
4788,45.250987390322535,44.933815,val
15051,94.85645482862957,94.339226,val
12766,55.99893434087522,56.228767,val
3971,34.339930274970904,34.168934,val
14681,45.250987390322535,44.29186,val
6769,64.87166628595628,65.267845,val
15079,92.14301126701253,92.038155,val
8466,49.19054255336985,49.112255,val
17990,90.5009001330304,90.451935,val
774,55.271872386990935,55.278023,val
17780,31.74469640013553,31.60083,val
5068,102.11244006090304,102.238556,val
10378,52.38623850151688,52.080532,val
17121,137.09122808053337,136.89745,val
7166,80.25361829662151,80.41153,val
8628,18.89411765969292,18.910645,val
18928,97.72361435380132,97.20965,val
4098,12.885025212225244,12.748456,val
1405,193.8751524679473,193.9494,val
9729,8.967662639453113,9.182015,val
3666,64.87166628595628,65.267845,val
15327,110.28871787139632,109.874466,val
2431,39.53055859179817,39.4795,val
18265,126.44708143304572,126.037926,val
3797,43.604537301970495,43.116272,val
6292,29.533535528411715,29.741903,val
17468,16.20097931775689,16.577053,val
13092,69.14676947161414,69.87771,val
2699,77.53876431170232,77.34113,val
13377,93.50643630226388,93.84809,val
14319,51.76031579593137,51.744205,val
18881,124.675830889654,123.90302,val
6035,211.02994799979388,211.12189,val
16283,80.80332043496728,80.63234,val
6082,145.24040847801632,145.21902,val
13851,15.18002375784278,15.5110235,val
1013,179.04708701101467,178.2714,val
18980,89.35596223722666,89.40692,val
7880,75.52912062238612,76.00999,val
8430,41.380738858681696,41.711777,val
15323,110.28871787139632,110.31514,val
12727,41.80739580968886,42.7757,val
8117,64.87166628595628,65.460014,val
13276,103.23350357813172,103.492935,val
8076,46.48566476712182,46.496216,val
18895,117.40677602978512,117.022446,val
2434,41.380738858681696,41.777615,val
5013,38.10425093875088,38.109734,val
5731,71.91197889308408,72.34558,val
11129,11.747596709247082,11.700321,val
13500,39.410668208964985,39.03081,val
5237,83.53755060546071,83.41754,val
9660,80.66666767817155,80.61447,val
8236,16.11129124792047,16.207216,val
15169,104.48871564383238,103.888084,val
13476,36.02701366128638,36.234123,val
14301,44.66517096340306,45.096745,val
12995,77.7528643276994,77.76033,val
14767,16.251795051003693,16.36071,val
6525,46.20624283129268,47.110817,val
4441,99.4907361299304,99.31202,val
14860,33.159238156410005,33.48433,val
8689,43.749455725793766,43.75151,val
6444,35.919888386123255,36.045746,val
6967,73.76729204182922,73.633354,val
8356,37.38629228613615,37.735985,val
10103,117.94057501366258,117.92048,val
7258,76.30367359186545,75.953156,val
13684,74.59089711105786,74.42626,val
10612,55.1604052272772,55.29522,val
5116,77.79019270718656,77.20999,val
17113,149.10252861042588,148.74617,val
16943,17.59043680885926,17.44119,val
1033,154.98431615588598,155.1975,val
18011,89.25950270069107,89.687515,val
7809,89.93891881356173,90.08032,val
4566,18.731792724897712,18.767061,val
4035,58.5236929318425,58.48443,val
4031,58.5236929318425,58.110474,val
17504,17.95913696269572,17.207394,val
13722,76.01605659237786,75.33301,val
7713,52.83913101702683,51.43298,val
18864,142.84762610413074,143.3872,val
10429,66.59566485208973,66.811455,val
4956,18.731792724897712,18.767061,val
17370,27.698995930992588,28.064747,val
1270,15.977335233233198,16.013798,val
12468,36.210240125305205,36.204906,val
17490,16.57780018172115,16.51599,val
2673,71.78670881619587,71.41378,val
729,29.12596598702036,29.158512,val
16305,52.53979191594191,53.17092,val
4129,16.125116344342604,16.189238,val
8416,38.05130976592272,37.98193,val
837,6.750079908713624,6.840165,val
2160,2.9065837811274826,2.9311738,val
492,123.0978685654898,123.417656,val
297,51.334066206546574,52.13936,val
736,33.39074910957999,33.369724,val
11423,56.446929139341634,56.45331,val
5141,73.5169788308657,73.733894,val
11132,13.92854978889145,13.916968,val
7582,24.456458411821725,22.847479,val
13467,35.06929068218894,35.274662,val
6250,24.74816706908628,24.21803,val
10177,84.38693654155693,84.29678,val
1755,55.27187238699012,55.278023,val
9057,82.69911139745801,82.98408,val
5633,152.8177784761153,151.68495,val
19033,9.244705548457503,9.692719,val
7297,70.57768311562211,70.82818,val
11971,78.3521209153635,78.89511,val
6290,29.533535528411715,29.475943,val
11354,22.34386956684365,22.210978,val
8568,6.4852329987035695,6.548349,val
7734,62.845748849996326,62.33116,val
7179,152.8177784761153,152.7997,val
16318,50.733368627516406,52.653786,val
8218,13.645628914737031,13.686924,val
7281,71.91197889308363,72.054344,val
1108,106.2025558056929,105.66061,val
11281,6.750079908713624,6.5304766,val
7572,24.5889875058797,22.168762,val
11811,82.2895007905107,82.105286,val
3555,24.10159309622668,24.046299,val
11672,78.081523194867,78.44909,val
1093,113.1117727502116,112.96148,val
17536,22.02913768609874,21.956308,val
7340,75.16417987128645,75.30587,val
8796,46.16640159983851,46.72326,val
14230,34.767713483007924,35.1999,val
14126,50.439407630704494,50.832584,val
14954,155.05412004324748,155.57397,val
14752,16.314170769820958,16.120047,val
14315,51.76031579593137,51.78148,val
17042,48.41170998900376,48.094276,val
4979,25.27984779576332,25.35617,val
5821,83.09935595306658,83.14981,val
10938,49.964974571776985,50.500427,val
6214,26.05871153969042,25.880089,val
2718,83.09935595306658,83.02111,val
3298,56.44692913934201,56.45331,val
13164,79.3711852446667,79.41655,val
13757,81.70522876686431,81.41783,val
6478,36.94310571922444,36.687035,val
3085,57.39162304208823,57.5431,val
141,74.18155972707108,74.10995,val
11596,61.34974693767026,62.315243,val
9840,38.44992203777068,36.69251,val
10584,42.55205181960314,42.41876,val
15915,2.618505311135724,2.653271,val
2522,69.76848318728358,70.11996,val
7559,72.52135855398946,72.46847,val
11442,69.43701604268931,70.775154,val
9531,115.23290406090766,115.09284,val
18316,94.86192637572438,94.944626,val
8694,43.749455725793766,43.75151,val
8605,11.473018356565088,11.504866,val
17883,163.4865892910184,163.66872,val
15793,105.8033985466063,105.98187,val
8401,36.94310571922444,37.0108,val
1309,29.12596598702036,29.18679,val
8292,38.48840493675039,38.530453,val
12207,84.52419181559287,84.57158,val
3876,74.77670776968412,74.502594,val
14868,36.858562352761474,36.977303,val
2895,63.896198456162885,64.39874,val
11475,52.60873127102636,52.56848,val
16195,72.29320847026757,72.58755,val
1798,13.792313484057486,13.746577,val
1228,7.85908552453503,7.9066777,val
16725,149.10252861042588,148.2638,val
10031,38.44992203777068,37.618492,val
4548,13.53610473193936,13.554237,val
2112,55.1604052272772,55.683678,val
10080,136.40586584491066,136.53941,val
11010,66.59566485208973,67.10539,val
10580,38.88107047950797,39.709095,val
17185,94.254909093602,94.22172,val
366,65.82792957452513,66.35939,val
14479,91.48707426187316,90.83206,val
15310,89.77171705634251,89.6598,val
9009,86.04998768751986,86.47805,val
13485,37.48026356057577,37.58898,val
11531,46.3112758194042,46.292618,val
18358,84.38693654155693,83.95781,val
12269,80.93195157639853,80.03101,val
5362,28.753615695926324,29.549866,val
7234,84.57638463785023,84.43796,val
3739,35.86295586622186,35.6262,val
4177,25.935608876074404,26.296036,val
15316,89.77171705634251,89.430504,val
17515,19.038942421022504,18.99546,val
5809,80.25361829662151,80.338844,val
10128,99.25129745411776,98.68535,val
5136,73.5169788308657,73.37374,val
14910,55.80060084695734,56.518192,val
16229,71.91030133184738,72.269485,val
5161,71.63339382759392,71.90832,val
16248,74.18155972707093,74.10995,val
6448,35.919888386123255,35.99476,val
14392,136.11990722925268,134.60379,val
5219,78.2395703036289,77.88814,val
5308,17.59043680885926,17.392952,val
18492,101.3171290408814,101.12221,val
19413,83.55792357754082,83.78442,val
8200,9.570229866524786,9.544644,val
979,56.44692913934201,56.45331,val
13391,53.18976182780735,51.53712,val
17023,39.33748405428104,39.179222,val
10815,58.31738655168958,58.383377,val
3632,50.68801501365044,50.559875,val
9115,89.77171705634251,89.430504,val
19373,66.59566485208973,67.03343,val
18570,78.04583599126548,77.98133,val
1562,98.65596999066533,98.776146,val
12780,60.69477696945295,60.38881,val
8637,18.89411765969292,18.911312,val
3264,34.113034957437215,34.270653,val
14698,53.00734926713273,52.853027,val
4085,12.124975352206752,12.028961,val
17025,39.33748405428104,39.728905,val
16304,86.00802491357506,86.17882,val
7924,80.03415155888104,80.01261,val
4457,97.47338258073955,97.77398,val
3396,101.0511292541869,101.00044,val
16613,70.8998858391393,70.893234,val
10862,58.6937159884268,59.033066,val
13107,69.0602255325774,69.13254,val
14849,29.8566124927783,29.76149,val
13847,15.18002375784278,15.287319,val
1458,129.4267602168825,129.98515,val
680,13.53610473193936,13.554237,val
7891,75.8861492644395,76.060295,val
10641,64.87166628595628,65.460014,val
13297,96.9560797736986,96.80188,val
13824,12.074428136633635,11.594559,val
10248,86.82293470300802,86.84477,val
16802,94.254909093602,93.79844,val
18618,82.46105591073825,82.49219,val
11717,69.14676947161414,69.182816,val
5104,80.93195157639853,80.71417,val
1475,117.68636585320668,117.45595,val
15844,90.5009001330304,90.4093,val
2844,40.76621946032643,41.257496,val
9576,87.37869480347202,86.94339,val
10583,42.55205181960314,42.24262,val
5425,59.31238391810723,59.023724,val
6459,35.86295586622186,35.622677,val
11421,56.446929139341634,56.411892,val
13947,49.2822347368218,49.52543,val
5514,21.22276810141124,20.66207,val
1882,28.753615695926324,29.549866,val
14775,16.774054817925467,16.496332,val
2539,152.8177784761153,152.18251,val
9498,84.60291252746008,84.37297,val
14768,16.251795051003693,16.892788,val
7909,78.1767164472726,77.8104,val
14724,62.1233802776967,62.335724,val
9387,82.51266906756706,82.496826,val
2616,76.30367359186545,76.110054,val
10731,42.16129665773079,43.888985,val
16838,89.59649952596679,89.71946,val
18400,84.01038592956453,84.29335,val
177,80.80332043496549,80.95916,val
7972,17.650012712740526,17.643795,val
5352,25.935608876074404,26.061966,val
3886,26.05871153969042,24.573105,val
7119,71.78670881619587,71.80506,val
1350,49.00862249254413,48.99863,val
1052,136.76886894565047,137.0741,val
14679,45.250987390322535,45.025436,val
6712,38.88107047950797,39.163994,val
14378,158.73631998820795,161.3113,val
4038,58.5236929318425,58.450096,val
4143,19.28254456595652,19.093527,val
1057,136.76886894565047,136.73286,val
2002,19.628813853406385,20.75951,val
11540,47.53432583996549,47.704937,val
10800,51.72251594763205,51.27614,val
9475,80.03415155888028,80.154366,val
13363,92.69393389813976,92.56884,val
2015,24.10159309622668,24.068232,val
10665,50.014011392149406,49.78408,val
4663,62.12878854692645,62.113365,val
12738,44.66517096340306,44.01012,val
2660,70.8890994699993,71.06241,val
811,3.624115801788345,3.6457982,val
3274,38.91593697359398,38.960907,val
15795,105.8033985466063,105.66557,val
7966,15.826709276493416,16.356476,val
18510,91.22443951098568,91.125206,val
6474,36.94310571922444,36.914104,val
1215,5.227697523949966,5.272317,val
11632,96.6886854171183,97.18245,val
1881,28.753615695926324,29.73713,val
8539,3.3460458597073703,3.3082185,val
17641,57.78179082659215,58.11124,val
9374,85.85337627290696,86.16728,val
1302,25.27984779576332,25.35617,val
8757,56.75820297103196,56.025764,val
11771,72.34090204261534,72.199295,val
453,154.98431615588598,155.21118,val
11657,81.59299887306369,81.28352,val
10755,43.79476634692401,43.14679,val
1998,19.628813853406385,19.574224,val
18032,89.98590815117426,89.90552,val
590,97.47338258073955,97.509544,val
2463,49.19054255336955,50.514988,val
11076,4.491537072359547,4.575762,val
5430,59.31238391810723,59.651134,val
19057,13.681305189167857,12.772778,val
6602,74.77670776968583,74.97292,val
10165,86.04998768751986,85.803566,val
13338,92.14301126701253,92.078766,val
18539,81.7828321007955,81.70917,val
12158,77.93378927116997,78.147545,val
13494,37.48026356057577,37.988228,val
8792,47.46331387653679,47.65876,val
12190,82.46105591073825,82.49219,val
3998,40.76621946032643,40.54443,val
4213,39.33748405428104,39.202232,val
12666,34.767713483007924,35.301582,val
9403,77.87315181130059,77.67751,val
6666,26.620833128631787,26.35618,val
1530,101.86758015295236,101.677895,val
10848,71.55151215670094,71.5451,val
6369,58.5236929318425,58.83639,val
2961,23.053352899871395,22.94602,val
444,166.17853479893557,166.65753,val
5641,134.14502085001388,134.3781,val
14782,16.774054817925467,17.222956,val
18651,9.788308558714837,10.258316,val
18964,90.8660920550722,91.116066,val
15306,88.48216304859169,88.32001,val
1704,29.125965987027584,29.18679,val
10012,30.28249766674213,30.395386,val
19163,42.23549826962851,42.64199,val
722,25.27984779576332,25.35617,val
15922,3.3460458597073703,3.3082185,val
6081,145.24040847801632,145.03397,val
10399,56.716123866601365,55.110817,val
11745,69.0602255325774,69.262825,val
15729,180.7969094795742,179.7511,val
2158,2.9065837811274826,2.9311738,val
12118,81.7828321007955,81.59085,val
5005,38.10425093875088,38.1061,val
8350,37.38629228613615,37.3598,val
10358,49.964974571776985,50.2298,val
6415,38.91834885517143,38.63942,val
12285,75.33592393483191,75.525085,val
13091,69.14676947161414,70.03696,val
2422,38.05130976592272,38.462566,val
9564,91.22443951098568,91.00802,val
17560,26.22042757385485,26.716883,val
5271,12.885025212225244,12.748456,val
9286,62.1233802776967,62.967136,val
8554,4.22054923341766,4.2420034,val
2353,37.38629228613615,37.36279,val
12516,43.604537301970495,44.44274,val
5711,76.30367359186545,75.62971,val
12882,59.37382867606714,59.432526,val
3258,34.113034957437215,34.095257,val
1467,123.0978685654898,123.4377,val
4574,18.731792724897712,18.768688,val
9924,10.014648675893918,9.978802,val
305,51.9827380963932,51.914253,val
17179,97.23410613085656,97.200874,val
8453,46.20624283129268,45.76399,val
10090,126.44708143304572,126.63195,val
15660,33.717244930192976,33.68749,val
4527,9.499438230882436,9.501294,val
16278,80.80332043496728,80.834435,val
1239,9.499438230882436,9.501294,val
19288,49.49174784981139,49.394287,val
9328,115.30303150446332,115.56104,val
7181,152.8177784761153,152.76283,val
2375,35.919888386123255,35.66714,val
5860,68.70638879452079,68.54833,val
7396,21.429473611547053,21.335878,val
19277,49.52880914978266,49.85962,val
1174,97.47338258073955,97.61555,val
4241,53.62497940433934,53.230003,val
18360,83.29477154332817,83.2359,val
18046,90.79293338634857,90.699036,val
16612,70.8998858391393,70.95293,val
18977,89.35596223722666,89.36746,val
17520,19.038942421022504,19.034853,val
8497,60.456358375515045,60.599438,val
17102,163.4865892910184,163.38269,val
3122,2.9065837811274826,2.9311738,val
13906,31.152134114795924,31.030642,val
19116,27.698995930992588,26.717754,val
15334,102.11244006090304,101.58138,val
7213,98.11718222077133,98.40355,val
10751,42.8512051051052,43.216293,val
16717,163.4865892910184,163.69218,val
8904,65.54060841010474,65.965706,val
1980,15.826709276493416,15.932983,val
8891,61.34974693767026,61.508453,val
3686,75.24982629334554,75.334274,val
8707,49.5370430474446,49.54989,val
15432,71.5126952436544,71.73885,val
7301,70.57768311562211,70.859276,val
5611,53.62497940433934,54.0255,val
15807,101.0511292541869,101.20843,val
12800,71.34845173855356,71.28542,val
3509,14.147402430467531,14.939249,val
7825,85.85337627290696,85.84159,val
9988,20.89376771053955,21.679413,val
4604,29.125965987027584,29.158512,val
15467,76.00671399435468,76.26967,val
954,44.21359478458822,44.129055,val
16005,16.11129124792047,16.207216,val
7531,57.39162304208823,57.483162,val
5130,75.33592393483191,75.02487,val
1555,98.65596999066533,98.7753,val
9129,19.89991539202705,19.622213,val
19136,34.36019909387007,32.846653,val
637,6.442036183009371,6.4377747,val
13648,81.32847275704384,81.644356,val
738,33.39074910957999,33.369724,val
5949,60.19466070864491,60.24122,val
17090,180.7969094795742,180.72,val
12792,65.83077308186866,66.059105,val
13420,39.2928079640545,39.204662,val
2447,43.604537301970495,43.09607,val
12385,80.80332043496728,81.585205,val
15331,102.11244006090304,102.2743,val
8175,5.260504433154911,5.1478662,val
10587,42.55205181960314,42.27842,val
352,62.36217072729759,61.951862,val
16833,89.59649952596679,89.86429,val
3021,35.87508543765299,35.600742,val
4123,16.125116344342604,16.022396,val
14502,89.76736722751878,89.346565,val
5900,59.37382867606714,59.351334,val
2330,50.04341124314785,50.090683,val
13930,39.32963876961686,39.568638,val
14284,41.80739580968886,42.7757,val
7146,75.16417987128504,75.30587,val
5625,65.47137652330578,65.55655,val
16436,60.937760889072194,58.825184,val
16255,76.00671399435468,76.30112,val
19105,22.120024226901386,22.402857,val
8285,33.717244930192976,33.68749,val
18311,99.25129745411776,98.99949,val
1392,211.02994799979388,211.02756,val
17262,90.79293338634857,90.71725,val
14003,16.774054817925467,16.592888,val
5758,70.8890994699993,71.44121,val
6944,66.87499746459498,67.207756,val
2611,76.30367359186545,75.62971,val
14024,18.82198014263801,18.264688,val
17695,17.141358034855276,17.1083,val
466,136.76886894565047,137.03738,val
5665,107.5602418843858,107.50203,val
8749,62.25633543844163,62.362892,val
16808,94.254909093602,94.22305,val
5332,21.22276810141124,21.71966,val
4803,48.96526861625701,49.1848,val
12825,77.41176032874927,77.278175,val
4647,55.27187238699012,55.278023,val
2632,71.91197889308408,71.95636,val
14403,127.16182006600462,127.60132,val
1026,166.17853479893557,165.79326,val
4896,6.442036183009371,6.4377747,val
6036,193.8751524679473,194.1263,val
15078,92.14301126701253,92.220505,val
482,129.4267602168825,129.73975,val
17047,48.41170998900376,48.894768,val
5836,83.01808144823141,83.3688,val
4182,28.753615695926324,28.319248,val
4740,30.8733631927149,30.549007,val
1567,97.47338258073955,97.55659,val
7941,84.60291252746202,84.34005,val
1,110.28871787139632,109.29301,val
17409,42.23549826962851,42.346905,val
18671,12.027122960554882,12.090255,val
9949,12.681740297286362,13.279514,val
5795,75.16417987128504,75.30587,val
360,65.82792957452513,64.58754,val
4154,21.22276810141124,20.990202,val
13782,8.163467965221182,7.8746076,val
2361,37.38629228613615,37.735985,val
7886,75.52912062238612,75.89174,val
18860,154.1130580278585,155.30205,val
17799,38.74855875286944,39.212673,val
16795,97.23410613085656,96.943306,val
13275,103.23350357813172,103.05578,val
646,7.85908552453503,7.9066777,val
3478,89.98590815117426,89.92839,val
9657,79.27542778284364,79.4509,val
16740,137.09122808053337,137.42148,val
7844,79.86598582053819,79.757095,val
6249,24.74816706908628,23.912361,val
7318,71.78670881619715,71.41378,val
5215,78.2395703036289,78.3705,val
9306,72.52135855398946,72.46847,val
16550,90.56896135270873,90.58187,val
10562,35.46372651810452,35.574043,val
7369,83.09935595306598,83.19932,val
7401,21.429473611547053,22.48194,val
3643,55.1604052272772,54.911205,val
4547,13.53610473193936,13.554237,val
12315,71.63339382759735,72.225464,val
3074,53.00734926713273,53.21536,val
10728,42.16129665773079,42.407272,val
17882,163.4865892910184,162.52832,val
4378,113.1117727502116,113.62645,val
16990,28.753615695926324,28.385086,val
15501,83.53755060546025,83.712326,val
8758,56.75820297103196,56.512146,val
13938,44.07024791149557,44.24788,val
18579,77.93378927116997,78.07063,val
3132,3.624115801788345,3.5554862,val
9683,84.52419181559287,84.67955,val
12454,35.919888386123255,36.23276,val
16574,79.88545352007553,79.36112,val
5046,62.12878854692645,62.12984,val
1022,166.17853479893557,165.7178,val
17754,26.22042757385485,24.902832,val
10011,30.28249766674213,30.020807,val
19231,58.6937159884268,57.90039,val
3082,57.39162304208823,57.398907,val
13745,79.44225220967748,79.076965,val
18188,48.84238573144443,48.735832,val
3652,59.89579766367838,59.736317,val
1343,43.29863673312664,43.32351,val
11958,77.93378927116997,78.15958,val
12942,61.911697819840086,61.62045,val
18942,94.77176287098274,94.43307,val
122,71.91030133184738,72.269485,val
18699,16.438024087071643,16.472433,val
10966,54.316367961579786,53.831264,val
13653,78.80500521273352,78.51458,val
12022,134.13491032325388,134.38051,val
14013,17.633485569278523,17.07227,val
13613,92.83718812970534,93.27181,val
14405,127.16182006600462,126.703835,val
2337,56.44692913934201,56.45331,val
17913,127.03771421016312,126.865456,val
13101,68.87072465156034,69.33128,val
5757,70.8890994699993,70.91796,val
5907,59.37382867606714,59.452286,val
19396,79.48504113105551,79.158775,val
11639,90.79649380247676,90.82147,val
14183,42.58610637454368,42.44726,val
19201,62.03409074627981,62.38989,val
1698,25.27984779576332,25.35617,val
14945,168.1502886891345,168.52469,val
8071,46.48566476712182,46.393627,val
16276,80.80332043496728,81.118004,val
5502,17.59043680885926,18.171888,val
5306,17.59043680885926,17.362293,val
562,100.48928695862324,100.37349,val
10491,15.826709276493416,16.256115,val
5075,95.27995050133204,94.54938,val
14890,45.4925622387705,45.725582,val
6900,58.30263960140757,58.22133,val
2548,134.14502085001388,133.89389,val
12909,58.30263960140757,58.05215,val
5685,90.56896135270873,90.05583,val
3832,56.318371719454376,56.329796,val
886,16.40524145944573,16.341652,val
17060,59.31238391810723,58.98134,val
7472,38.72775337298162,38.31582,val
11511,45.5844800104469,45.709995,val
18436,88.48216304859169,88.32001,val
2060,35.46372651810452,35.86523,val
4454,98.65596999066533,98.776146,val
3835,56.318371719454376,56.563118,val
4020,53.49135176226452,53.465363,val
13943,49.2822347368218,49.4822,val
12950,64.1404088665598,64.01329,val
2224,11.747596709247082,11.700321,val
7650,30.322774918295444,30.754753,val
6461,35.86295586622186,35.782494,val
5291,14.865809293936342,14.816431,val
18730,22.58567457678973,22.484056,val
6618,15.826709276493416,15.910532,val
7985,19.628813853406385,18.9929,val
17223,89.59649952596679,89.71946,val
5483,16.125116344342604,16.152843,val
15390,75.33592393483191,74.925514,val
2243,16.40524145944573,16.340355,val
17927,118.62582953904092,119.19649,val
2383,35.86295586622186,36.74518,val
7044,84.57638463785023,84.699554,val
16285,83.53755060546025,84.10097,val
589,97.47338258073955,97.61555,val
2646,70.8998858391393,71.00957,val
16370,48.45410543881178,49.958206,val
12721,39.410668208964985,39.104397,val
7725,57.64076850782871,56.71408,val
16222,71.5126952436544,71.661125,val
2637,70.8998858391393,71.02412,val
17257,90.79293338634857,90.74483,val
13708,74.34851013209767,74.30602,val
5754,70.5776831156227,70.71987,val
5960,61.911697819840086,62.07474,val
12960,66.87499746459498,67.24505,val
15035,99.73165781686828,99.76565,val
6486,38.05130976592272,38.076023,val
8504,64.95566127753808,65.15795,val
4468,2.606366123918593,2.6254888,val
1205,4.196221297202333,4.204997,val
5216,78.2395703036289,78.053604,val
3881,26.05871153969042,25.880089,val
3325,163.4865892910184,162.52832,val
17824,52.35653033478938,51.345833,val
162,78.2395703036289,77.93983,val
16453,67.58928448046117,67.719315,val
10736,42.30778972867124,41.587334,val
1081,117.68636585320668,117.87919,val
2432,39.53055859179817,40.035217,val
12623,47.10789941727601,47.1174,val
15874,89.42090092796712,89.575745,val
12096,87.37869480347202,87.284386,val
2957,23.053352899871395,23.087055,val
17302,12.046394034663363,12.555367,val
6748,55.1604052272772,54.516865,val
8325,55.89167516914279,55.912247,val
414,211.02994799979388,211.12189,val
5232,80.80332043496549,80.95916,val
5439,65.47137652330578,65.40587,val
8795,47.46331387653679,47.66777,val
10629,59.89579766367838,59.73547,val
19044,10.57203228982024,10.838673,val
8422,39.53055859179817,39.18309,val
7716,52.83913101702683,52.7494,val
9200,33.2646262088608,33.637035,val
5571,35.43032585388161,35.61477,val
12967,70.098803480824,70.01782,val
13060,72.90167939974636,73.24923,val
7570,25.06787074771092,26.78945,val
14289,41.80739580968886,41.476665,val
2543,134.14502085001388,134.09515,val
11260,3.624115801788345,3.6457982,val
15804,101.0511292541869,101.00578,val
19351,59.57543179697275,58.61887,val
10791,49.09810003248252,48.934288,val
1628,7.85908552453503,7.9066777,val
18259,136.40586584491066,136.22081,val
13304,96.9560797736986,96.95446,val
10757,43.79476634692401,43.91713,val
11252,3.624115801788345,3.5554862,val
19081,17.4903137095204,17.718742,val
10123,104.48871564383238,103.7727,val
18149,34.339930274970904,34.421646,val
7280,71.91197889308363,71.98196,val
1503,106.2025558056929,105.66061,val
7616,25.97444591185257,25.888882,val
16231,71.91030133184738,72.07515,val
17040,48.41170998900376,48.098736,val
17779,31.74469640013553,31.936516,val
18710,18.266090082633497,18.263876,val
16261,76.00671399435468,75.905556,val
13853,17.09241641846016,16.74296,val
12227,110.28871787139632,110.51137,val
7543,67.18811819694348,66.65926,val
15413,72.29320847026757,72.26428,val
17512,17.95913696269572,18.224728,val
12606,53.18976182780735,52.520603,val
9319,124.5037870661705,124.61527,val
6001,73.76729204182922,73.633354,val
166,78.2395703036289,78.1103,val
12968,70.098803480824,69.9295,val
11206,38.91593697359398,38.8597,val
17550,23.96684006413348,24.186695,val
14735,72.52135855398811,72.10385,val
14692,48.96526861625701,48.77394,val
13728,76.01605659237786,75.434845,val
17587,35.05216416707113,33.82663,val
7200,119.357920662184,119.13954,val
8848,49.29258108243957,49.7488,val
5599,48.41170998900376,48.71725,val
8553,4.22054923341766,4.2420034,val
15775,118.62582953904092,118.268555,val
9053,82.69911139745801,82.79339,val
17390,34.36019909387007,34.959133,val
11374,29.77075417333618,29.798998,val
9586,84.24741541524314,83.5354,val
9279,62.1233802776967,61.801266,val
14033,20.33936974007777,19.14536,val
17729,20.391351361528265,20.382967,val
8376,35.919888386123255,36.44415,val
15364,84.82941053361527,84.97708,val
17399,38.13815414182142,37.997726,val
17690,16.57780018172115,16.51599,val
11808,82.2895007905107,82.120895,val
4727,28.678520203607828,28.793558,val
15246,82.74203335367166,82.96816,val
8947,117.94057501366258,118.24677,val
16792,97.23410613085656,97.0074,val
7954,14.147402430467531,14.391522,val
8023,29.34578260289036,28.864836,val
10986,59.57543179697275,57.984344,val
15340,95.27995050133204,94.85484,val
12861,62.82498618409738,62.20437,val
2076,42.55205181960314,42.253304,val
5334,23.43298254652068,22.838385,val
916,25.857534399290905,25.88882,val
5664,107.5602418843858,107.19753,val
15012,107.5197399548222,107.36355,val
10892,51.23740717945918,51.22263,val
1450,136.76886894565047,136.2545,val
7479,38.72775337298162,38.282146,val
15600,13.645628914737031,13.686924,val
15570,7.914848156370223,7.931517,val
4223,43.65657505930208,43.20144,val
11370,25.85753439928986,25.906042,val
5015,43.29863673312746,43.341644,val
11770,72.34090204261534,72.08641,val
1580,2.606366123918593,2.6254888,val
2065,38.88107047950797,38.73988,val
9071,84.01038592956453,83.9587,val
2890,63.896198456162885,63.81278,val
16373,49.17258922572702,49.437283,val
15605,13.645628914737031,13.686924,val
6077,145.24040847801632,145.57738,val
8424,39.53055859179817,39.215645,val
11304,9.839051198642553,9.849857,val
207,71.98462739387922,76.317276,val
12732,41.80739580968886,41.476665,val
16280,80.80332043496728,80.534874,val
12060,101.3171290408814,101.426575,val
3135,3.624115801788345,3.6457982,val
12631,42.58610637454368,41.591198,val
15242,82.74203335367166,83.01297,val
9432,75.72806675637788,76.12356,val
2322,44.21359478458822,44.378242,val
1155,99.4907361299304,99.44911,val
18334,88.31993375128738,88.28211,val
13605,98.2154014561832,97.68411,val
3267,38.91593697359398,38.8597,val
15240,82.74203335367166,82.72176,val
18834,63.547457434196325,63.87744,val
13770,84.17406753255614,84.31904,val
15690,49.5370430474446,49.54989,val
4001,44.597910972306806,43.631863,val
4552,13.53610473193936,13.554237,val
17601,38.74855875286944,39.378532,val
1101,109.30466743726038,108.89172,val
4559,15.977335233233198,16.013798,val
13625,88.28473895319611,88.90372,val
464,136.76886894565047,137.24666,val
12793,65.83077308186866,66.865265,val
1888,31.91051408188231,32.067623,val
16174,77.79019270718537,78.00607,val
8415,38.05130976592272,37.77723,val
74,75.33592393483191,74.9931,val
13017,85.80236635218084,85.515205,val
1305,25.27984779576332,25.35617,val
195,86.00802491357565,86.0168,val
14891,45.4925622387705,45.786884,val
6210,97.47338258073955,97.509544,val
13011,90.79649380247676,90.32892,val
13437,35.5258604479491,35.41046,val
1332,38.10425093874939,38.1061,val
847,8.180433892801254,8.071619,val
17846,63.65496035831079,63.858536,val
9343,107.39789478589,107.82198,val
5853,72.67230242637233,72.93409,val
13737,77.52447914202958,76.97477,val
19330,54.316367961579786,53.831264,val
6566,60.456358375515045,60.803658,val
5842,77.41176032874927,77.18884,val
15210,86.04998768751986,86.47805,val
409,211.02994799979388,211.00525,val
2518,69.76848318728358,69.652824,val
19103,22.120024226901386,22.505823,val
5985,66.87499746459498,67.386665,val
15796,105.8033985466063,106.069984,val
15626,22.019205815790663,22.058369,val
8636,18.89411765969292,18.911312,val
12889,58.48566458724775,58.67988,val
18750,27.940862928093075,26.2844,val
15250,82.69911139745801,82.986046,val
14254,36.02701366128638,36.10133,val
18884,124.675830889654,125.15053,val
5628,65.47137652330578,66.05081,val
12589,69.76848318728075,69.93253,val
927,29.77075417333722,29.798998,val
16500,83.09327843384654,83.206764,val
8245,18.89411765969292,18.911312,val
13006,90.79649380247676,90.82147,val
5705,79.88545352007553,79.36112,val
10559,32.289249758728964,32.303925,val
9529,115.23290406090766,115.52235,val
18454,134.13491032325388,134.2333,val
3448,89.59649952596679,89.544174,val
11452,62.25633543844163,62.362892,val
6041,193.8751524679473,194.14308,val
9063,83.13470642646298,83.037636,val
15533,3.3460458597073703,3.458318,val
7653,32.43048383015692,31.824686,val
8085,50.68801501365044,50.22908,val
13993,16.251795051003693,16.19978,val
17709,17.95913696269572,17.97301,val
6827,68.70638879452079,68.65596,val
6218,26.05871153969042,25.549198,val
16881,91.48002635649718,91.5194,val
13983,16.08629542413324,16.03111,val
14340,60.69477696945295,61.247005,val
544,101.86758015295236,102.26661,val
15215,86.04998768751986,85.65874,val
6724,46.48566476712182,45.872856,val
437,166.17853479893557,165.7178,val
16513,134.14502085001388,134.74374,val
15970,9.570229866524786,9.544644,val
6638,19.628813853406385,19.574224,val
5121,77.79019270718656,77.76679,val
859,9.839051198642553,9.849857,val
5587,43.65657505930208,43.344387,val
18427,86.82293470300802,86.829056,val
6067,154.98431615588598,154.88538,val
10395,56.716123866601365,56.40844,val
1934,53.62497940433934,53.230003,val
10173,84.38693654155693,84.360466,val
10501,17.650012712740526,19.21051,val
14365,173.02629337346764,169.99203,val
929,29.77075417333722,29.798998,val
17784,35.05216416707113,32.077034,val
9554,95.84505322335384,95.26577,val
13607,98.2154014561832,98.954666,val
9222,38.72775337298162,38.664196,val
1545,99.4907361299304,99.68879,val
15117,93.50643630226388,93.83236,val
211,66.58516636474155,69.701065,val
4836,67.18811819694348,66.65926,val
4495,5.227697523949966,5.272317,val
16130,95.27995050133204,95.42583,val
10958,52.38623850151688,52.090168,val
11133,13.92854978889145,13.916968,val
1502,109.30466743726038,109.673,val
14976,134.16905500217058,134.92068,val
2349,38.91834885517143,38.52957,val
10398,56.716123866601365,55.692997,val
4571,18.731792724897712,18.768688,val
911,22.34386956684365,22.653292,val
19148,38.13815414182142,36.740646,val
19319,52.38623850151688,51.8745,val
3993,40.76621946032643,40.363937,val
9894,7.349844286016002,7.6070423,val
17572,28.80702918062262,29.683495,val
15893,90.79293338634857,90.69404,val
4218,39.33748405428104,39.84168,val
18927,97.72361435380132,98.101845,val
12844,68.70638879452079,68.56601,val
18673,12.027122960554882,12.190549,val
14369,173.02629337346764,174.019,val
18318,94.86192637572438,95.19638,val
4545,13.53610473193936,13.552571,val
838,6.750079908713624,6.840165,val
18297,104.48871564383238,103.80441,val
5922,58.132094825297145,58.1978,val
7882,75.52912062238612,75.96727,val
17362,24.782599128301666,25.401844,val
19073,15.49099131419465,15.94456,val
3573,29.34578260289036,29.154867,val
6480,36.94310571922444,37.14505,val
16212,71.63339382759735,71.78477,val
11939,78.70967419713587,78.71205,val
1330,38.10425093874939,38.1061,val
16228,71.91030133184738,72.054405,val
996,211.02994799979388,211.60492,val
15463,74.18155972707093,73.86918,val
5359,28.753615695926324,28.556334,val
16475,75.34654859935269,74.4221,val
5379,35.43032585388161,35.753666,val
1209,5.227697523949966,5.272317,val
5454,12.885025212225244,12.818392,val
17037,43.65657505930208,44.05266,val
10572,38.88107047950797,38.416077,val
5637,152.8177784761153,152.71819,val
7073,73.68374035525322,73.32668,val
7250,79.88545352007381,79.36112,val
2388,35.86295586622186,35.41084,val
10896,51.23740717945918,51.14468,val
1367,55.271872386990935,55.28068,val
4173,25.935608876074404,26.077414,val
1377,62.12878854692645,62.113365,val
10653,75.24982629334554,75.20336,val
16152,84.82941053361527,84.77896,val
10282,58.6937159884268,59.02312,val
14901,50.439407630704494,50.827896,val
6489,38.05130976592272,37.77637,val
18547,79.9470355349353,79.94213,val
5494,17.59043680885926,17.278852,val
16798,97.23410613085656,97.32814,val
11265,4.491537072359547,4.575762,val
14793,17.633485569278523,17.81824,val
15113,93.28231569539822,92.869606,val
7605,25.15665334339559,25.516937,val
9693,86.49796272771329,86.37333,val
7801,94.83357335355618,94.544426,val
8045,35.46372651810452,35.86523,val
8317,49.5370430474446,49.54989,val
14684,45.250987390322535,45.631325,val
6630,17.650012712740526,17.82622,val
3783,41.380738858681696,41.55864,val
10591,42.55205181960314,43.452427,val
5396,43.65657505930208,43.20144,val
11950,78.04583599126548,78.46217,val
10677,47.57393441184789,48.03162,val
18836,63.547457434196325,64.63344,val
7697,44.47167879893512,44.42647,val
15932,4.22054923341766,4.2420034,val
13202,168.1502886891345,168.97821,val
4929,11.384421137066337,11.406518,val
17199,92.03325910726882,91.594185,val
6129,113.1117727502116,112.97656,val
121,71.91030133184738,72.054405,val
14587,23.053352899871395,23.040556,val
11593,61.34974693767026,60.842205,val
629,5.227697523949966,5.272317,val
1557,98.65596999066533,99.14127,val
11654,85.80236635218084,84.944496,val
9148,21.429473611547053,22.48194,val
10109,110.67568302020096,110.75226,val
3141,4.491537072359547,4.575762,val
6295,31.73671877096429,31.75106,val
11635,96.6886854171183,96.95072,val
17300,12.046394034663363,11.982723,val
2167,3.624115801788345,3.5554862,val
18404,84.01038592956453,83.676,val
13964,61.22157397051245,60.36577,val
1829,17.59043680885926,17.66791,val
13149,74.30450585772448,74.228096,val
1261,13.53610473193936,13.554237,val
17956,101.0511292541869,101.65079,val
12300,73.5169788308657,73.28286,val
11537,46.3112758194042,47.31154,val
16974,23.43298254652068,23.510338,val
11429,56.446929139341634,56.45331,val
3866,69.76848318728075,70.110504,val
3618,42.55205181960314,43.292965,val
6361,53.49135176226452,53.86765,val
4718,26.657804872047155,26.438696,val
4588,25.27984779576332,25.35617,val
2372,36.41164086407028,36.63732,val
6302,31.73671877096429,32.33258,val
3336,149.10252861042588,148.2638,val
17898,149.10252861042588,149.64711,val
17516,19.038942421022504,19.162354,val
5546,28.753615695926324,28.661217,val
3048,45.250987390322535,44.689148,val
19312,50.93322091321282,51.13534,val
12181,80.66666767817155,80.65586,val
16095,55.89167516914279,55.912247,val
9906,8.085620495190993,7.9666624,val
12424,38.91834885517143,39.044918,val
3142,4.491537072359547,4.575762,val
4835,67.18811819694348,66.87246,val
9164,24.789633367188944,24.399563,val
2855,44.597910972306806,45.055897,val
6529,46.20624283129268,46.099392,val
19085,17.4903137095204,18.286863,val
11835,134.13491032325388,134.43414,val
7379,18.448270263304188,19.09638,val
17279,9.244705548457503,9.539299,val
10706,43.06499944176368,43.15764,val
3184,9.839051198642553,9.849857,val
16687,83.09935595306658,83.02111,val
9665,80.66666767817155,80.58795,val
15848,90.5009001330304,90.60762,val
13771,84.17406753255614,84.24022,val
12076,95.84505322335384,95.89939,val
2,110.28871787139632,110.520096,val
4668,18.448270263304188,18.344553,val
5224,80.80332043496549,81.118004,val
9504,134.13491032325388,133.72879,val
18888,117.40677602978512,116.150444,val
17692,16.57780018172115,16.585636,val
14266,37.48026356057577,37.16342,val
13486,37.48026356057577,37.590824,val
4999,33.39074910958052,33.369724,val
11643,90.79649380247676,90.37266,val
14814,20.33936974007777,21.399435,val
9065,83.13470642646298,83.09063,val
8533,2.618505311135724,2.653271,val
17830,52.35653033478938,52.15024,val
7568,25.06787074771092,24.959091,val
11189,29.77075417333722,29.798998,val
13369,93.28231569539822,93.130516,val
7142,75.16417987128504,75.03426,val
9292,67.18811819694348,66.701775,val
4236,48.41170998900376,48.71725,val
862,9.839051198642553,10.28264,val
9620,78.04583599126548,78.00522,val
5847,77.41176032874927,77.278175,val
15569,7.914848156370223,7.931517,val
10780,46.90905076121099,46.638798,val
18872,133.10289781802356,133.15514,val
12673,34.767713483007924,35.1999,val
1939,53.62497940433934,53.866196,val
14817,22.19104778233357,21.95328,val
9707,7.349844286016002,7.3567624,val
9074,84.01038592956453,83.84054,val
9604,79.9470355349353,79.912895,val
11561,51.56721782835394,51.598206,val
320,54.721475257382544,55.089817,val
1115,106.2025558056929,105.84829,val
4684,19.89991539202705,20.673954,val
9247,45.250987390322535,45.26384,val
17153,111.6113573414681,112.16807,val
3143,4.491537072359547,4.575762,val
16756,118.62582953904092,118.4772,val
13909,31.152134114795924,31.557003,val
12530,46.20624283129268,45.76399,val
5669,98.11718222077316,99.02248,val
4626,43.29863673312746,43.32351,val
18646,86.49796272771329,86.5762,val
16415,55.61817953038767,54.71701,val
16650,73.22704486211128,73.02152,val
15021,103.23350357813172,102.763626,val
18954,92.49960703964835,92.57916,val
11302,9.839051198642553,9.849857,val
8468,52.561077422995496,52.308853,val
825,5.527128574206158,5.477246,val
8538,3.3460458597073703,3.3082185,val
9141,21.429473611547053,21.4288,val
15986,11.473018356565088,11.504866,val
551,101.86758015295236,102.01249,val
16791,97.23410613085656,97.376396,val
13504,39.410668208964985,40.52714,val
9086,85.2707950135868,85.20569,val
8652,25.51278413365878,25.587753,val
16644,71.78670881619587,71.41088,val
19167,46.6663635563764,46.993553,val
5817,83.09935595306658,83.05574,val
18110,26.320863792397155,26.816523,val
526,106.2025558056929,105.68646,val
17761,26.22042757385485,26.926708,val
18605,79.27542778284364,79.45124,val
3564,26.620833128631787,26.358273,val
5294,16.125116344342604,16.024097,val
18674,12.027122960554882,12.877259,val
4557,15.977335233233198,16.013798,val
2803,29.533535528411715,29.756115,val
12042,115.23290406090766,115.47297,val
13049,75.20136128981777,75.64849,val
6777,70.03363402017787,70.202,val
1758,55.27187238699012,55.278023,val
4076,80.57929170551442,80.45421,val
4637,49.0086224925457,48.99863,val
10051,48.39717757559769,47.999474,val
19097,22.120024226901386,20.981142,val
10890,52.99398689569749,53.571095,val
17991,90.5009001330304,90.55205,val
18665,10.849469453369007,12.247637,val
18857,154.1130580278585,156.17963,val
18293,104.48871564383238,104.20133,val
8906,70.13557868690133,69.32961,val
7859,76.50234292040042,76.20205,val
3537,19.628813853406385,18.9929,val
3265,34.113034957437215,34.270653,val
8928,136.40586584491066,136.22081,val
13491,37.48026356057577,37.094673,val
12297,73.5169788308657,73.16964,val
6320,37.34804120151974,37.618465,val
209,66.58516636474155,68.127686,val
5277,13.792313484057486,13.925087,val
8391,36.210240125305205,36.204906,val
10294,55.4430882998278,55.114975,val
7155,77.53876431170232,77.41541,val
8025,29.34578260289036,29.353964,val
10481,14.147402430467531,14.939249,val
472,136.76886894565047,136.73286,val
12929,60.19466070864491,60.16122,val
12772,55.99893434087522,56.289482,val
17613,42.852961632253525,43.547714,val
5358,28.753615695926324,28.785961,val
10569,35.46372651810452,35.86523,val
252,53.87988875437848,52.721664,val
7291,70.89988583913944,71.00957,val
1042,145.24040847801632,145.57738,val
18746,25.122162434308752,25.839138,val
16421,55.61817953038767,57.146328,val
3895,25.04050211213976,24.998835,val
11559,51.56721782835394,51.257896,val
15938,4.22054923341766,4.2420034,val
11674,78.081523194867,77.82685,val
13222,143.8247661167656,144.5294,val
2797,29.533535528411715,29.110868,val
14429,107.32601858936177,107.816826,val
9251,48.96526861625701,48.819252,val
12679,34.635546819221005,34.58951,val
6069,154.98431615588598,155.22076,val
18550,79.9470355349353,80.0319,val
12876,59.37382867606714,59.72975,val
16797,97.23410613085656,97.419106,val
15475,76.00671399435468,75.92435,val
14840,26.936990316598862,27.499401,val
1028,166.17853479893557,165.90479,val
12568,60.456358375515045,60.803658,val
17312,13.681305189167857,14.4218855,val
16070,43.749455725793766,43.75151,val
7615,25.97444591185257,26.478111,val
2409,36.94310571922444,36.77075,val
6338,44.597910972306806,45.040276,val
9542,101.3171290408814,101.61889,val
13407,42.58610637454368,42.075527,val
3534,19.628813853406385,19.467037,val
19074,15.49099131419465,16.21617,val
1406,179.04708701101467,178.69093,val
6024,230.9901536612257,231.11429,val
4742,30.8733631927149,30.850037,val
12912,58.30263960140757,58.22133,val
14683,45.250987390322535,45.26384,val
15884,89.98590815117426,89.90552,val
1341,43.29863673312664,43.32351,val
5570,35.43032585388161,35.92345,val
19370,66.59566485208973,65.88848,val
14446,98.77373433068,99.450935,val
9180,28.678520203607828,28.980642,val
15138,126.44708143304572,126.459885,val
273,51.5337561017549,51.957035,val
3810,49.19054255336985,50.514988,val
15171,104.48871564383238,104.14838,val
13724,76.01605659237786,75.67812,val
9124,18.448270263304188,18.559721,val
2075,42.55205181960314,42.41876,val
17339,19.694692079282625,19.745148,val
3887,26.05871153969042,25.65664,val
8066,42.55205181960314,43.292965,val
11838,123.96214174002029,123.64265,val
14940,183.50675596781025,182.89836,val
12080,91.22443951098568,91.357445,val
2767,25.32142942667775,26.07411,val
8978,99.25129745411776,99.46026,val
4714,24.789633367188944,25.71467,val
4436,99.4907361299304,99.67785,val
7741,62.845748849996326,63.6241,val
7420,24.789633367188944,25.625965,val
10972,56.716123866601365,57.462643,val
13401,47.10789941727601,45.26348,val
7518,53.00734926713273,53.26366,val
5325,21.22276810141124,21.174717,val
11925,79.94703553493463,80.0319,val
615,4.196221297202333,4.204997,val
3137,4.491537072359547,4.313355,val
4026,53.49135176226452,53.548874,val
12470,36.210240125305205,36.032787,val
18738,25.122162434308752,24.141188,val
18644,86.49796272771329,86.36973,val
13200,183.50675596781025,183.46295,val
17403,38.13815414182142,38.90182,val
483,123.0978685654898,123.09457,val
14223,34.767713483007924,35.301582,val
18091,24.74816706908628,25.118334,val
4603,29.125965987027584,29.158512,val
19210,67.80500732074917,67.152374,val
14243,35.06929068218894,34.92133,val
15131,136.40586584491066,136.97578,val
16947,17.59043680885926,17.564714,val
10713,42.41210118412853,43.110146,val
15173,99.25129745411776,99.36236,val
11437,78.77344906209804,73.92484,val
13451,34.767713483007924,35.05013,val
16382,50.2526064803528,50.987286,val
1889,31.91051408188231,32.038887,val
13919,35.03272103717059,35.904057,val
16528,107.5602418843858,107.8774,val
10933,49.964974571776985,49.974022,val
4426,100.48928695862324,100.33726,val
13431,36.99469593104042,36.567303,val
17705,17.95913696269572,17.495878,val
9719,8.085620495190993,8.347386,val
7210,107.56024188438542,107.19753,val
19187,56.56699701702424,55.483738,val
2217,9.839051198642553,9.849857,val
1909,39.33748405428104,39.728905,val
10609,50.68801501365044,50.22908,val
10772,46.90905076121099,46.962303,val
3180,9.839051198642553,9.849857,val
14068,26.936990316598862,27.368784,val
9,110.28871787139632,110.51137,val
12167,78.3521209153635,78.62163,val
15572,7.914848156370223,7.931517,val
10000,26.79723709025756,26.244844,val
13557,60.69477696945295,60.26925,val
1584,3.328531319289431,3.337573,val
2358,37.38629228613615,37.171085,val
14972,134.16905500217058,134.94852,val
441,166.17853479893557,165.79326,val
19265,50.09922712517202,50.219578,val
18656,9.788308558714837,10.893233,val
18279,117.94057501366258,117.90452,val
10320,51.23740717945918,50.94505,val
19269,50.09922712517202,49.804016,val
4939,13.53610473193936,13.554237,val
2329,50.04341124314785,50.090683,val
3408,97.23410613085656,97.419106,val
2133,70.03363402017787,69.93388,val
14298,44.66517096340306,44.180195,val
12977,73.76729204182922,73.60074,val
9909,8.085620495190993,8.347386,val
14996,118.73948000326068,118.053566,val
13336,92.14301126701253,92.220505,val
5969,64.1404088665598,64.31583,val
16743,127.03771421016312,127.1415,val
19244,55.4430882998278,56.68546,val
7042,84.57638463785023,84.69868,val
1000,211.02994799979388,211.12189,val
3487,90.79293338634857,90.529,val
7996,21.77517690158367,22.502514,val
146,74.18155972707108,73.886406,val
12078,95.84505322335384,96.193504,val
7282,70.89988583913944,71.02412,val
11984,80.66666767817244,80.65586,val
598,2.606366123918593,2.6254888,val
8681,38.48840493675039,38.530453,val
17957,97.23410613085656,97.2007,val
17217,89.59649952596679,89.74099,val
15834,92.03325910726882,91.594185,val
14653,35.87508543765299,36.108562,val
14614,26.657804872047155,27.018375,val
12719,39.410668208964985,38.943264,val
5061,110.28871787139632,109.895096,val
15014,107.5197399548222,107.45215,val
6555,56.318371719458256,56.329796,val
2010,21.77517690158367,22.056982,val
5925,58.132094825297145,58.273575,val
9050,82.69911139745801,82.87632,val
5584,43.65657505930208,43.231335,val
13220,143.8247661167656,144.88467,val
12751,47.982575358036456,47.926575,val
8308,49.5370430474446,49.297264,val
1097,113.1117727502116,113.86195,val
5998,73.76729204182922,73.56233,val
8518,74.77670776968412,74.673744,val
1307,25.27984779576332,25.35617,val
5876,65.44228559506357,65.64549,val
7702,48.45056948106192,47.016174,val
5889,60.81262844049596,60.730488,val
13339,92.14301126701253,92.46345,val
9841,38.44992203777068,37.618492,val
9060,83.13470642646298,83.176704,val
5438,65.47137652330578,66.05081,val
16882,91.48002635649718,91.44202,val
1056,136.76886894565047,136.63849,val
3604,38.88107047950797,38.30488,val
7696,44.47167879893512,44.312412,val
10632,64.87166628595628,64.91312,val
2108,55.1604052272772,54.516865,val
2139,70.03363402017787,69.927055,val
10428,66.59566485208973,65.66053,val
6581,64.95566127753861,65.53842,val
5609,53.62497940433934,53.866196,val
1180,2.606366123918593,2.6254888,val
9005,88.31993375128738,88.59394,val
11861,107.7381594436571,107.45801,val
12594,69.76848318728075,70.11996,val
18693,14.802361789347977,15.761579,val
9397,79.86598582053819,80.022095,val
10902,50.09922712517202,50.566074,val
8184,6.4852329987035695,6.548349,val
10994,62.87797862213373,62.56704,val
7947,84.60291252746202,84.64862,val
9153,23.053352899871395,22.94602,val
12487,38.05130976592272,38.17068,val
175,80.80332043496549,80.71736,val
11845,115.23290406090766,115.47297,val
9064,83.13470642646298,83.00344,val
4627,43.29863673312746,43.32351,val
11239,56.44692913934201,56.45331,val
11879,95.84505322335384,95.89939,val
8120,70.03363402017787,69.677345,val
7698,44.47167879893512,44.08951,val
7268,73.68374035525031,73.64881,val
4467,2.606366123918593,2.6254888,val
682,13.53610473193936,13.554237,val
10668,50.014011392149406,52.836014,val
5154,71.63339382759392,72.42824,val
6596,74.77670776968583,74.560074,val
14830,24.386290598811208,24.796988,val
6052,179.04708701101467,178.51353,val
10451,75.03655084716752,76.36872,val
1371,62.12878854692645,62.113365,val
9252,48.96526861625701,48.844254,val
2793,27.727713592149392,27.693935,val
17469,16.20097931775689,16.319546,val
8885,57.60964815073893,59.10021,val
8115,64.87166628595628,65.27021,val
15477,78.23957030362628,78.3689,val
13862,19.273701242015807,19.356834,val
4748,33.2646262088608,33.225307,val
10989,59.57543179697275,59.60159,val
14718,62.1233802776967,61.82455,val
14930,67.62832117387488,67.4496,val
9784,18.42630454709299,18.395967,val
285,51.178876353782414,51.881485,val
17988,90.5009001330304,90.69708,val
2314,44.21359478458822,44.129055,val
621,4.196221297202333,4.204997,val
126,71.91030133184738,72.08633,val
3464,89.42090092796712,89.48197,val
5559,31.91051408188231,32.038887,val
14629,30.8733631927149,30.614407,val
13039,78.081523194867,78.44909,val
12720,39.410668208964985,39.03081,val
2738,25.04050211213976,25.115986,val
7066,76.30367359186545,76.09723,val
2138,70.03363402017787,70.391136,val
12490,38.05130976592272,37.696667,val
6313,37.34804120151974,37.16774,val
7897,75.8861492644395,76.19015,val
14421,112.90513573952586,112.91843,val
10327,50.09922712517202,50.234516,val
1336,38.10425093874939,38.109734,val
2049,32.289249758728964,32.201584,val
11338,16.405241459442376,16.341652,val
3482,90.79293338634857,90.69364,val
3736,35.86295586622186,35.622677,val
1386,230.9901536612257,230.94298,val
14919,61.55125893730588,61.045452,val
12242,95.27995050133204,94.91141,val
5328,21.22276810141124,21.351957,val
8627,16.11129124792047,16.207216,val
10237,85.2707950135868,85.24173,val
16776,105.8033985466063,106.069984,val
11556,49.29258108243957,49.645683,val
12235,102.11244006090304,102.04017,val
1926,48.41170998900376,48.094276,val
11308,9.839051198642553,9.849857,val
7475,38.72775337298162,38.664196,val
6149,106.2025558056929,106.01326,val
2687,75.16417987128504,75.1637,val
8835,46.3112758194042,46.898617,val
6785,75.24982629334554,74.6593,val
5452,12.124975352206752,12.586946,val
4716,26.657804872047155,26.87989,val
17896,149.10252861042588,149.37039,val
18771,34.52159133738391,34.666553,val
508,113.1117727502116,112.96148,val
12302,73.5169788308657,73.320656,val
12714,37.48026356057577,37.988228,val
11394,38.91593697359488,38.8597,val
12119,79.9470355349353,79.94213,val
17938,105.8033985466063,106.325096,val
1941,53.62497940433934,54.0255,val
12264,84.82941053361527,84.90552,val
10704,43.06499944176368,43.33971,val
12637,39.2928079640545,38.83055,val
4827,62.1233802776967,62.079464,val
5087,89.57234360169679,89.66155,val
1396,193.8751524679473,194.1263,val
11497,47.46331387653679,48.185844,val
11160,19.20192266480916,19.17752,val
705,21.824079935423136,21.875692,val
7413,24.789633367188944,24.488445,val
11695,72.90167939974636,73.50506,val
18289,110.67568302020096,110.52288,val
6701,35.46372651810452,35.641537,val
19131,30.88595532017685,30.580307,val
13477,36.02701366128638,36.10133,val
841,6.750079908713624,6.840165,val
15744,149.10252861042588,148.00883,val
11911,84.24741541524314,83.750694,val
3061,48.96526861625701,48.56339,val
11896,87.37869480347202,87.32474,val
10533,26.620833128631787,26.626043,val
8886,61.34974693767026,60.931572,val
18518,87.37869480347202,87.55173,val
10147,91.2397572047843,91.32287,val
9393,79.86598582053819,80.138664,val
12183,80.66666767817155,80.493004,val
7564,25.06787074771092,24.130312,val
15691,49.5370430474446,49.54989,val
15608,16.11129124792047,16.207216,val
1961,65.47137652330578,65.57208,val
11941,78.70967419713587,79.46597,val
3162,6.750079908713624,6.840165,val
13383,93.50643630226388,93.30357,val
5683,90.56896135270873,90.503105,val
2607,76.30367359186545,75.99221,val
17036,43.65657505930208,44.07967,val
8810,45.5844800104469,45.90247,val
9755,12.681740297286362,12.936324,val
18655,9.788308558714837,10.793573,val
6979,77.7528643276994,77.91201,val
3595,35.46372651810452,35.52992,val
8543,3.3460458597073703,3.3082185,val
9210,35.87508543765299,35.81503,val
4446,98.65596999066533,98.823265,val
12462,35.86295586622186,35.57699,val
15008,107.5197399548222,107.59835,val
4007,44.597910972306806,44.86866,val
7888,75.8861492644395,75.952065,val
18287,110.67568302020096,110.142784,val
1175,97.47338258073955,97.509544,val
5530,23.43298254652068,23.535202,val
16690,83.09935595306658,83.14981,val
6679,29.34578260289036,29.526272,val
3024,35.87508543765299,35.92951,val
13030,81.59299887306369,81.028046,val
657,9.499438230882436,9.501294,val
951,38.91593697359398,38.960907,val
1739,43.29863673312746,43.32351,val
611,3.328531319289431,3.337573,val
14811,20.33936974007777,20.199677,val
3836,56.318371719454376,55.70036,val
6468,36.210240125305205,36.032787,val
15061,93.38657295807928,93.24612,val
15765,127.03771421016312,126.865456,val
10456,79.48504113105551,79.33552,val
12316,71.63339382759735,72.42824,val
8179,6.4852329987035695,6.548349,val
14343,65.83077308186866,65.439316,val
16514,134.14502085001388,134.48672,val
4003,44.597910972306806,44.442574,val
11581,57.60964815073893,57.468918,val
2290,29.77075417333722,29.798998,val
18458,134.13491032325388,134.0771,val
11785,74.30450585772448,74.66794,val
487,123.0978685654898,123.4377,val
15604,13.645628914737031,13.686924,val
2926,80.57929170551442,80.58931,val
2557,119.35792066219084,119.43574,val
14475,91.48707426187316,91.45351,val
200,71.98462739387922,74.188995,val
12680,34.635546819221005,34.43235,val
4692,21.429473611547053,21.565804,val
7627,27.10406914375708,26.962128,val
10582,42.55205181960314,42.276257,val
8982,94.86192637572438,95.241425,val
7224,90.5689613527014,89.74544,val
14091,33.159238156410005,34.218468,val
11648,85.80236635218084,85.49707,val
2953,21.429473611547053,21.16366,val
6311,34.339930274970904,34.349236,val
5940,58.991170602037386,59.08303,val
15205,88.31993375128738,88.129524,val
11837,123.96214174002029,123.81402,val
6878,58.48566458724775,58.423813,val
15977,9.570229866524786,9.544644,val
4348,129.4267602168825,129.56306,val
11417,50.04341124314845,50.090683,val
11336,16.405241459442376,16.341652,val
1783,12.885025212225244,12.739803,val
16878,90.79293338634857,90.699036,val
13150,74.30450585772448,74.19211,val
1091,113.1117727502116,113.62645,val
24,95.27995050133204,94.96428,val
17266,91.48002635650002,91.5194,val
9932,11.245979387941956,11.009185,val
19096,22.120024226901386,21.133171,val
9838,34.1577503463269,34.771866,val
10673,47.57393441184789,47.056602,val
6115,117.68636585320668,117.45595,val
13873,21.74656491623193,21.384987,val
13230,134.16905500217058,134.94852,val
3300,56.44692913934201,56.45331,val
9203,33.2646262088608,33.010788,val
5374,35.43032585388161,34.993633,val
7660,32.43048383015692,33.090424,val
17533,20.391351361528265,21.45182,val
15132,136.40586584491066,136.27374,val
