idx,actual,predicted,split
3324,19.89991539202705,20.267927,train
10255,43.65657505930208,42.974453,train
4248,69.52453059841163,69.402306,train
11433,50.04341124314785,50.046593,train
8582,7.017482350592017,7.2096467,train
13063,39.2928079640545,39.2243,train
10439,61.911697819840086,61.572575,train
1197,3.624115801788345,3.4979146,train
3022,25.935608876074404,25.886793,train
4088,25.04050211213976,25.216984,train
2348,3.328531319289431,3.3485863,train
11559,69.0602255325774,69.333984,train
10751,26.620833128631787,26.455595,train
3956,107.5197399548222,109.02411,train
5401,73.22704486211128,73.22182,train
11707,94.86192637572438,94.83991,train
1482,43.604537301970495,43.080566,train
8990,89.93891881356173,90.27605,train
14125,30.88595532017685,31.09264,train
14197,62.03409074627981,62.50715,train
7120,75.52912062238612,75.738365,train
7048,89.93891881356173,89.9402,train
13622,71.34845173855356,71.20727,train
6452,26.320863792397155,26.241945,train
5028,43.29863673312664,43.34936,train
4503,84.82941053361527,85.042114,train
483,123.0978685654898,122.15926,train
2240,25.935608876074404,26.25681,train
7654,123.0978685654898,122.66158,train
3104,59.31238391810723,59.902725,train
1708,34.113034957437215,34.002846,train
13599,60.69477696945295,59.911434,train
11861,16.264210965298563,16.79165,train
4257,75.23466307522513,74.967,train
13396,64.63130975413613,64.58965,train
12657,117.94057501366258,118.37687,train
87,56.19046936462432,56.455677,train
14500,76.10569077995255,75.96886,train
5969,73.22704486211128,72.8633,train
6743,64.1404088665598,64.18826,train
10453,64.1404088665598,63.638393,train
7941,49.53704304744422,49.47516,train
8109,34.113034957437215,34.287853,train
8878,52.561077422995496,53.41005,train
8640,19.398995908192024,19.622856,train
14341,92.49987338269456,93.026505,train
8700,44.17585277653098,43.99656,train
9748,25.22774623249076,25.242224,train
376,69.12845902908616,69.51129,train
1569,2.9065837811274826,2.9177651,train
5215,57.39162304208823,57.087196,train
9036,76.50234292040042,75.91618,train
9855,37.63391748347983,38.929626,train
5036,49.00862249254413,49.022285,train
9946,48.56996296403304,49.01939,train
12023,63.65496035831079,62.617435,train
13756,75.57765272049815,76.43232,train
1982,179.04708701101467,177.64952,train
13335,49.5567795038002,49.719322,train
9837,31.69861229808904,33.420677,train
10234,31.91051408188231,32.6341,train
11839,89.77171705634251,89.06014,train
9536,57.05450517605655,57.194233,train
14426,101.51368217124082,102.32712,train
9757,25.22774623249076,26.900072,train
10131,12.885025212225244,12.663141,train
6033,134.14502085001388,134.28368,train
6482,31.73671877096429,31.987755,train
14017,93.50643630226388,93.28349,train
5889,79.88545352007553,80.04787,train
4360,39.53055859179817,38.978584,train
14173,51.441846041956246,51.320602,train
570,99.4907361299304,99.42213,train
1850,123.0978685654898,123.18528,train
6622,77.41176032874927,77.32932,train
8000,5.527128574206158,5.8426633,train
7257,76.30367359186545,75.93833,train
7874,22.019205815790816,21.726625,train
2032,129.4267602168825,130.24811,train
8795,36.210240125305205,36.002758,train
13826,86.84139842568032,86.8873,train
6789,77.7528643276994,77.84669,train
8275,36.85856235276155,35.663853,train
10295,65.47137652330578,64.82291,train
3829,71.78670881619587,71.43731,train
12453,58.6937159884268,57.184082,train
4152,29.533535528411715,29.512524,train
1696,25.857534399290905,25.902805,train
2145,97.47338258073955,97.42891,train
10321,77.41176032874927,76.97101,train
4849,62.12878854692645,62.13978,train
10083,71.35912677124634,71.449615,train
14052,13.681305189167857,13.714421,train
5575,52.561077422993925,53.052395,train
5611,64.95566127753861,65.73311,train
2674,50.68801501365044,50.75116,train
3102,59.31238391810723,58.854126,train
3359,26.657804872047155,26.70077,train
9242,40.76621946032643,41.474724,train
1731,44.21359478458822,44.251316,train
12695,94.86192637572438,94.83991,train
9324,134.13491032325388,133.01236,train
264,39.33265262833491,39.237274,train
12369,72.80691569376961,73.013084,train
4098,24.63527893831387,24.810663,train
2342,2.606366123918593,2.5885131,train
5276,107.5602418843858,106.44178,train
1282,16.40524145944573,16.451323,train
10944,85.85337627290696,86.06629,train
7249,79.88545352007553,80.04787,train
12162,49.29258108243957,49.623344,train
2934,12.124975352206752,12.197548,train
4544,73.5169788308657,73.309296,train
12806,86.82293470300802,86.54064,train
8020,8.180433892801254,8.095884,train
11211,53.00734926713273,52.33525,train
14155,42.23549826962851,42.80233,train
14499,76.10569077995255,75.53785,train
4670,3.328531319289431,3.3485863,train
6045,107.5602418843858,108.56929,train
12158,47.53432583996549,47.39641,train
9506,84.52419181559287,84.436424,train
259,39.33265262833491,39.28315,train
5896,79.88545352007553,79.904816,train
9052,75.72806675637788,76.155716,train
10854,64.87166628595628,64.87466,train
6565,63.896198456162885,63.9163,train
1024,5.227697523949966,5.220631,train
9696,68.7218064382226,69.27024,train
9468,78.3521209153635,78.77643,train
211,39.9122322296036,40.16277,train
9988,49.17258922572702,48.541977,train
13570,47.982575358036456,47.81423,train
8949,115.30303150446332,115.48713,train
11202,48.96526861625701,48.839233,train
13238,60.40667057436809,60.491966,train
13987,92.24483243250832,92.41471,train
2983,17.59043680885926,17.869051,train
9424,79.9470355349353,79.263954,train
9060,75.52912062238612,75.738365,train
13096,34.767713483007924,34.967415,train
10657,49.54087768021748,49.421974,train
6928,62.48827997014724,62.652767,train
12992,55.99893434087522,55.978416,train
3411,38.72775337298162,38.988903,train
4797,29.12596598702036,29.164534,train
13360,55.05208924433604,54.952316,train
9031,77.87315181130059,77.73133,train
57,58.305762831138,59.46889,train
13312,48.08623281605109,47.71849,train
9412,81.7828321007955,81.13102,train
10333,72.67230242637233,73.151634,train
12557,56.716123866601365,56.741253,train
12326,73.5169788308657,73.48146,train
10647,44.32847378550269,43.587044,train
10353,65.44228559506357,65.71768,train
8232,24.386290598811208,22.923603,train
1919,100.48928695862324,100.46041,train
4064,93.50643630226388,93.8855,train
7379,18.448270263304188,18.248869,train
6088,79.88545352007553,80.04548,train
9426,79.9470355349353,79.41534,train
5639,12.124975352206752,12.401071,train
1284,16.40524145944573,16.451323,train
13856,143.8247661167656,144.38599,train
5249,152.8177784761153,152.41454,train
7236,90.56896135270873,91.152214,train
12958,41.80739580968886,42.183826,train
11160,35.87508543765299,35.47007,train
9174,26.320863792397155,26.241945,train
12379,74.18155972707093,74.55651,train
13461,39.2928079640545,38.859592,train
14282,107.5197399548222,107.40333,train
5446,38.91834885517143,38.124878,train
3753,79.88545352007553,80.04787,train
10721,19.628813853406385,19.574045,train
5228,62.1233802776967,62.294556,train
10079,71.35912677124634,70.72424,train
13620,71.34845173855356,70.54845,train
14200,67.80500732074917,67.08109,train
5769,39.33748405428104,39.913082,train
4047,92.69393389813976,92.731575,train
10330,72.67230242637233,73.59157,train
9256,48.84238573144443,48.858887,train
12283,84.82941053361527,84.91343,train
10967,79.86598582053819,80.17514,train
8157,16.314170769820958,16.516926,train
8371,107.7381594436571,106.51495,train
5041,55.271872386990935,55.26333,train
9700,73.1915613079784,72.88863,train
2664,46.48566476712182,46.30904,train
6627,72.67230242637233,73.292175,train
12407,80.80332043496728,81.6444,train
8495,79.27542778284364,79.18736,train
12077,56.75820297103196,55.324753,train
11911,20.391351361528265,20.788279,train
550,101.86758015295236,101.49462,train
12640,136.40586584491066,137.24805,train
4558,72.29320847026757,72.64818,train
13988,92.24483243250832,92.26428,train
6193,80.25361829662151,80.46891,train
2353,3.328531319289431,3.3485863,train
12601,70.67888709810615,69.907,train
9493,82.46105591073825,82.416374,train
1309,25.857534399290905,25.89554,train
1371,56.44692913934201,56.475014,train
61,57.10888254437111,57.010284,train
12594,66.59566485208973,67.76291,train
10218,28.753615695926324,28.729422,train
6656,62.82498618409738,62.415638,train
1408,35.919888386123255,35.9478,train
13406,68.7218064382226,68.7374,train
539,103.745126530115,103.557205,train
7487,41.84557272242807,41.351597,train
12456,55.4430882998278,55.936306,train
8775,35.919888386123255,35.930195,train
6703,58.30263960140757,58.674053,train
3287,50.04341124314785,50.060677,train
14271,118.73948000326068,117.62835,train
1412,35.919888386123255,36.328354,train
2630,35.46372651810452,35.6732,train
4306,35.919888386123255,35.222942,train
9714,77.83754965179875,77.63551,train
13219,71.34845173855356,70.26654,train
6503,37.34804120151974,37.152355,train
14039,12.046394034663363,11.356593,train
3876,83.09935595306658,83.10134,train
12873,36.99469593104042,37.296196,train
8166,16.08629542413324,15.970206,train
7549,67.18811819694348,67.10187,train
10842,59.89579766367838,59.82753,train
7914,38.4884049367477,38.59918,train
10445,61.911697819840086,61.527668,train
5180,45.250987390322535,44.56711,train
14445,90.99196236438706,90.83446,train
3142,4.491537072359547,4.5777535,train
6239,17.650012712740526,17.391165,train
4938,11.384421137066337,11.389216,train
11847,16.20097931775689,16.247326,train
7207,119.35792066219084,119.72807,train
7878,22.019205815790816,21.726625,train
7272,73.68374035525322,72.86915,train
655,9.499438230882436,9.491684,train
11199,45.250987390322535,45.602497,train
5049,62.12878854692645,62.13978,train
6802,69.0298957457494,69.38853,train
956,100.48928695862324,100.909225,train
12927,36.02701366128638,35.83653,train
4217,53.49135176226452,53.646248,train
6675,59.37382867606714,59.190624,train
4756,15.977335233233198,15.995449,train
2857,48.84238573144443,48.619,train
3792,70.8998858391393,71.58951,train
12218,65.54060841010474,65.65197,train
11630,82.2895007905107,81.88494,train
5741,28.753615695926324,29.331951,train
3789,71.91197889308408,71.80643,train
3964,103.23350357813172,102.8031,train
5071,19.89991539202705,19.809881,train
13297,48.34358630374402,48.520832,train
11489,78.081523194867,77.186935,train
7973,3.624115801788345,3.4979146,train
7,73.3559439690645,71.91666,train
8167,16.08629542413324,16.21904,train
1821,145.24040847801632,144.4857,train
8154,16.314170769820958,16.048449,train
2899,69.52453059841163,69.2358,train
8832,41.380738858681696,41.383755,train
7100,76.50234292040042,76.273994,train
13055,42.58610637454368,42.677597,train
8818,38.05130976592272,38.53797,train
4157,31.73671877096429,31.68184,train
8172,16.251795051003693,15.607161,train
2329,65.47137652330578,65.53647,train
8076,22.34386956684365,22.507294,train
11794,84.01038592956453,84.17267,train
13417,73.1915613079784,73.52645,train
4691,5.227697523949966,5.220631,train
13448,47.10789941727601,47.952744,train
2279,39.33748405428104,38.526848,train
5050,62.12878854692645,62.100945,train
5460,37.38629228613615,37.39963,train
13741,75.59158411003656,75.49689,train
9051,75.72806675637788,75.85831,train
4683,4.196221297202333,4.2176785,train
3614,42.55205181960314,42.901146,train
10754,26.620833128631787,27.0513,train
11948,28.80702918062262,28.7651,train
13043,47.10789941727601,47.316498,train
14302,99.73165781686828,99.7607,train
6702,58.30263960140757,58.499813,train
14291,103.23350357813172,103.50938,train
14376,92.69393389813976,92.375755,train
5393,73.22704486211128,73.20884,train
3386,30.8733631927149,31.991617,train
7651,129.4267602168825,129.6121,train
6806,69.0298957457494,68.75598,train
11335,11.747596709247082,11.706337,train
39,60.032163690610005,59.76152,train
11944,28.80702918062262,27.465786,train
1626,8.180433892801254,8.572685,train
13520,36.02701366128638,36.205383,train
9306,75.23466307522513,75.04121,train
2198,17.59043680885926,17.242071,train
13060,39.2928079640545,38.798508,train
1182,62.12878854692645,62.100945,train
11210,53.00734926713273,52.498444,train
5465,36.41164086407028,36.331795,train
10227,31.91051408188231,31.368294,train
6872,56.21134114752307,56.537308,train
1330,34.113034957437215,34.002846,train
2599,26.620833128631787,26.370972,train
1025,5.227697523949966,5.220631,train
5819,65.47137652330578,65.59412,train
4059,93.28231569539822,93.27486,train
6695,58.132094825297145,58.304943,train
6629,72.67230242637233,73.151634,train
9209,31.73671877096429,31.505913,train
7006,115.30303150446332,115.50927,train
5597,60.456358375515045,60.34614,train
12793,85.2707950135868,84.93585,train
5515,38.05130976592272,38.05574,train
7577,211.02994799979388,210.82059,train
1843,123.0978685654898,122.15926,train
14436,95.82256261856072,95.928406,train
1868,113.1117727502116,112.85745,train
8327,61.551258937303125,61.654415,train
1317,29.77075417333722,29.68344,train
13701,80.83497267860338,81.35105,train
8103,34.113034957437215,34.002846,train
13128,36.02701366128638,35.86445,train
7674,113.1117727502116,112.864746,train
2858,48.84238573144443,48.42859,train
13135,37.48026356057577,37.254566,train
12398,78.23957030362628,79.0084,train
8476,77.93378927116997,78.17705,train
11091,21.429473611547053,21.062145,train
4052,92.69393389813976,92.520935,train
6570,63.896198456162885,64.582275,train
11600,74.30450585772448,74.24186,train
11864,16.57780018172115,16.11237,train
1916,100.48928695862324,100.200096,train
6470,27.727713592149392,28.364288,train
9189,27.727713592149392,27.762371,train
1313,25.857534399290905,25.902805,train
14004,93.28231569539822,92.98042,train
12228,70.13557868690133,70.26693,train
10722,19.628813853406385,19.596891,train
628,5.227697523949966,5.220631,train
174,74.15381360397033,73.38962,train
187,78.0347307986556,78.116646,train
3503,14.147402430467531,14.357005,train
7520,53.00734926713273,52.759827,train
9511,86.49796272771329,86.34743,train
5644,12.885025212225244,12.758137,train
3776,73.68374035525322,72.86915,train
13494,34.767713483007924,34.5182,train
11392,29.77075417333722,29.68344,train
6803,69.0298957457494,68.84915,train
11951,28.80702918062262,29.680248,train
244,38.49172622988656,39.16389,train
1337,38.91593697359398,38.889015,train
3537,21.77517690158367,21.008434,train
2117,99.4907361299304,99.75607,train
10929,94.83357335355618,94.61799,train
7559,72.52135855398946,72.44226,train
2209,19.28254456595652,19.076628,train
12385,74.18155972707093,74.17152,train
12086,52.60873127102636,52.93135,train
1334,34.113034957437215,34.287853,train
5879,84.57638463785023,84.841225,train
10045,60.937760889072194,60.985287,train
10968,79.86598582053819,79.74152,train
2253,28.753615695926324,28.788296,train
4151,29.533535528411715,29.499607,train
7931,43.74945572579272,43.7372,train
14047,12.046394034663363,12.632339,train
1834,129.4267602168825,130.03374,train
9102,80.03415155888028,80.17685,train
9841,34.44495678366445,33.1332,train
10727,21.77517690158367,21.333347,train
12629,83.55792357754082,83.128654,train
12777,83.13470642646298,83.04481,train
12661,117.94057501366258,118.06399,train
13146,39.410668208964985,39.49309,train
4895,5.227697523949966,5.220631,train
6073,84.57638463785023,84.841225,train
10546,13.757667367208375,12.643425,train
3463,57.39162304208823,57.087196,train
8941,124.5037870661705,123.66888,train
10847,64.87166628595628,64.82379,train
6865,56.347326863317264,56.655884,train
13092,34.767713483007924,34.940994,train
6744,64.1404088665598,64.144585,train
14405,115.99146512869038,116.483406,train
7252,79.88545352007553,79.81192,train
6389,70.03363402017787,70.26969,train
3561,26.620833128631787,26.032904,train
5026,43.29863673312664,43.34936,train
2678,55.1604052272772,54.890385,train
2443,18.731792724897712,18.79858,train
847,154.98431615588598,155.05888,train
2327,65.47137652330578,64.82291,train
12600,70.67888709810615,70.12739,train
1204,3.624115801788345,3.6877751,train
10064,64.10443142186895,65.48124,train
12160,47.53432583996549,47.57134,train
9105,82.25512726841218,82.41469,train
3135,3.624115801788345,3.6877751,train
7921,38.4884049367477,38.59918,train
9621,49.5567795038002,49.1941,train
9143,24.63527893831387,25.171124,train
13008,60.69477696945295,61.36739,train
6306,35.46372651810452,35.25305,train
2430,15.977335233233198,15.995449,train
862,136.76886894565047,135.86461,train
8228,22.19104778233357,22.64737,train
6014,83.09935595306658,83.09708,train
9375,95.84505322335384,95.22291,train
11865,16.57780018172115,16.49785,train
13839,168.1502886891345,167.36014,train
12908,34.635546819221005,34.74799,train
7767,2.618505311135724,2.4686174,train
5877,84.57638463785023,84.338936,train
12224,70.13557868690133,70.42242,train
10040,58.10615179076552,56.96067,train
2830,37.34804120151974,36.974342,train
5980,75.16417987128504,75.171,train
11035,78.17671644727096,78.14919,train
6346,50.68801501365044,50.325047,train
14272,118.73948000326068,119.278366,train
10378,59.37382867606714,59.04397,train
13683,86.92916151125281,86.93189,train
6048,107.5602418843858,107.53071,train
979,97.47338258073955,97.58241,train
1984,179.04708701101467,179.53664,train
1221,5.527128574206158,5.59856,train
6604,89.61281744144841,90.83481,train
7102,76.50234292040042,76.55184,train
4855,62.12878854692645,62.14138,train
5023,43.29863673312664,43.34936,train
13109,35.06929068218894,35.629826,train
5248,72.52135855398946,72.974045,train
6008,83.09935595306658,83.02027,train
12817,88.48216304859169,88.57597,train
12979,51.76031579593137,50.99969,train
6650,65.44228559506357,65.41781,train
545,101.86758015295236,101.470276,train
2019,136.76886894565047,136.5796,train
6111,71.91197889308408,72.2956,train
7300,70.5776831156227,70.74647,train
8986,89.93891881356173,90.57141,train
4265,80.57929170551442,80.44566,train
14332,93.38657295807928,93.812294,train
3049,35.43032585388161,34.909378,train
3996,94.85645482862957,95.02401,train
8630,16.622909808932246,16.473038,train
5245,72.52135855398946,72.59317,train
10399,58.132094825297145,58.304943,train
1433,36.210240125305205,36.002758,train
9440,78.04583599126548,78.28709,train
12612,75.03655084716752,74.43893,train
611,3.328531319289431,3.375473,train
6606,83.01808144823141,82.17598,train
9833,31.69861229808904,31.682072,train
6113,71.91197889308408,72.59007,train
8690,38.93464249503359,38.7577,train
4139,27.727713592149392,27.762371,train
7507,48.96526861625701,48.71547,train
13023,71.34845173855356,71.20727,train
8723,56.26207912881144,56.080215,train
6207,83.09935595306658,83.07792,train
8673,29.87847222265743,29.853815,train
5514,38.05130976592272,38.51038,train
8379,107.7381594436571,107.15547,train
10167,17.59043680885926,17.675146,train
7282,71.91197889308408,71.56728,train
10035,58.10615179076552,58.429066,train
7479,38.72775337298162,38.90892,train
10165,17.59043680885926,17.460567,train
4988,25.27984779576332,25.3728,train
1276,13.92854978889145,13.888378,train
12481,51.23740717945918,51.478123,train
12641,136.40586584491066,135.61937,train
12207,61.34974693767026,61.429867,train
5161,38.72775337298162,38.90892,train
11577,70.8035239631433,71.048874,train
6679,59.37382867606714,60.51114,train
11262,2.9065837811274826,2.9177651,train
10625,31.40638173133023,32.22807,train
11473,85.80236635218084,85.28006,train
14458,86.92916151125281,86.470634,train
3310,18.448270263304188,18.441872,train
9770,24.152412660023124,24.833883,train
11583,70.8035239631433,70.51549,train
9677,60.97999362421386,60.76368,train
5157,35.87508543765299,36.00031,train
8095,29.77075417333722,29.68344,train
8887,56.318371719454376,56.364338,train
12112,46.16640159983851,45.806755,train
5865,98.11718222077316,98.1465,train
5396,73.22704486211128,73.31161,train
4973,21.824079935423136,21.890541,train
13062,39.2928079640545,39.126488,train
3097,59.31238391810723,58.588562,train
2192,16.125116344342604,16.230154,train
13999,93.28231569539822,93.68222,train
14485,78.70427049849316,78.81926,train
9235,40.76621946032643,40.962475,train
11388,25.857534399290905,25.902805,train
8441,79.9470355349353,80.133545,train
5693,19.28254456595652,18.870237,train
10572,17.33846922503352,17.627298,train
14045,12.046394034663363,11.874745,train
3295,50.04341124314785,50.046593,train
6489,31.73671877096429,31.747446,train
6668,60.81262844049596,60.944443,train
11488,78.081523194867,77.76492,train
13197,55.99893434087522,56.640594,train
5915,73.68374035525322,74.24492,train
4484,95.27995050133204,96.24162,train
3497,14.147402430467531,14.2521305,train
6808,69.0298957457494,67.79676,train
396,78.79814514174707,78.97101,train
8570,5.7950658060046285,5.2575326,train
7276,73.68374035525322,73.97819,train
8591,8.444298436388001,8.195818,train
1630,9.839051198642553,9.784307,train
11136,28.678520203607828,28.375834,train
7074,79.86598582053819,79.065506,train
2901,69.52453059841163,69.74247,train
1662,16.40524145944573,16.451323,train
7168,82.25512726841218,81.96329,train
2067,109.30466743726038,109.97588,train
10513,9.141045624325722,9.514628,train
665,11.384421137066337,11.382449,train
5895,79.88545352007553,79.76603,train
5495,36.210240125305205,36.39136,train
2166,12.885025212225244,13.007046,train
6930,65.07118569106198,65.830505,train
13427,77.83754965179875,77.90647,train
10955,82.51266906756706,82.71796,train
12287,80.93195157639853,81.121414,train
6252,21.77517690158367,21.333347,train
10048,60.937760889072194,60.373486,train
5008,33.39074910957999,33.42985,train
2441,18.731792724897712,18.79858,train
11380,25.857534399290905,25.89554,train
4884,4.196221297202333,4.2176785,train
8026,9.839051198642553,9.784307,train
9106,82.25512726841218,82.15868,train
9110,82.25512726841218,82.1589,train
4922,9.499438230882436,9.491684,train
4227,58.5236929318425,58.551228,train
6677,59.37382867606714,59.35464,train
4405,52.561077422993925,53.052395,train
1007,4.196221297202333,4.2176785,train
1659,16.40524145944573,16.485981,train
12130,45.5844800104469,47.50082,train
11197,45.250987390322535,45.340748,train
7141,76.77816930527784,76.894295,train
1633,9.839051198642553,9.784307,train
8176,16.251795051003693,16.038084,train
4044,92.69393389813976,92.70708,train
12143,46.3112758194042,46.221806,train
186,78.0347307986556,78.1609,train
8251,26.93699031659804,27.930979,train
11370,22.34386956684365,22.306236,train
7089,77.87315181130059,77.62487,train
1364,50.04341124314785,50.046593,train
4667,2.606366123918593,2.5885131,train
7785,4.22054923341766,4.1632366,train
1366,50.04341124314785,50.046593,train
13091,34.767713483007924,34.624714,train
10624,31.40638173133023,32.56557,train
4286,37.38629228613615,36.79336,train
1665,16.40524145944573,16.451323,train
12931,37.48026356057577,37.38459,train
14333,93.38657295807928,93.53277,train
1668,19.20192266480916,19.095121,train
5806,59.31238391810723,59.21446,train
4543,73.5169788308657,73.276695,train
3259,34.113034957437215,34.002846,train
5650,12.885025212225244,12.68915,train
7623,154.98431615588598,155.05888,train
3550,24.10159309622668,24.092453,train
9026,77.87315181130059,77.347115,train
8542,3.157574944909513,3.249113,train
12940,39.410668208964985,38.921482,train
8050,13.92854978889145,13.888378,train
9218,34.339930274970904,34.039783,train
13642,108.1849630836454,109.12571,train
13524,36.02701366128638,36.098354,train
12914,35.06929068218894,35.055,train
14462,83.56214469765372,83.89767,train
143,64.3427073914329,63.305305,train
9436,78.70967419713557,78.507706,train
5474,35.919888386123255,35.9478,train
8584,7.017482350592017,7.2096467,train
7105,75.72806675637788,76.11343,train
13755,75.57765272049815,75.93632,train
7774,3.3460458597073703,3.542901,train
4431,60.456358375515045,60.483078,train
4087,25.04050211213976,25.04077,train
549,101.86758015295236,101.492004,train
9604,48.08623281605109,48.253193,train
5373,70.8890994699993,71.11721,train
6906,58.62478073631361,57.396317,train
7311,70.8890994699993,70.508995,train
6052,98.11718222077316,99.1872,train
9507,84.52419181559287,84.48447,train
13065,39.2928079640545,39.286457,train
11662,126.44708143304572,127.61497,train
8706,44.17585277653098,43.99656,train
661,9.499438230882436,9.4823885,train
7661,123.0978685654898,123.46462,train
2652,42.55205181960314,42.760796,train
184,78.0347307986556,77.823296,train
635,6.442036183009371,6.465546,train
5863,98.11718222077316,98.23964,train
6857,56.980886431131886,56.547523,train
8796,36.210240125305205,36.39392,train
13160,44.66517096340306,44.253136,train
9527,60.40667057436809,59.14669,train
93,56.43271139946915,56.94563,train
6755,66.87499746459498,67.125984,train
5308,84.57638463785023,84.130424,train
2436,15.977335233233198,15.995449,train
11342,13.92854978889145,13.855272,train
3136,3.624115801788345,3.6877751,train
9517,86.49796272771329,86.37188,train
6370,59.89579766367838,60.11459,train
8306,50.43940763070308,49.93024,train
3702,134.14502085001388,134.21608,train
12068,62.25633543844163,59.72406,train
4633,80.80332043496728,80.24996,train
10241,35.43032585388161,35.542675,train
591,97.47338258073955,97.566055,train
1452,38.05130976592272,37.577343,train
4075,26.05871153969042,25.718132,train
12105,47.46331387653679,46.860554,train
12742,83.29477154332817,82.704865,train
3215,16.40524145944573,16.451323,train
12580,62.87797862213373,62.21355,train
6848,58.13900410472736,59.122746,train
11520,71.14396606839321,70.050415,train
6769,70.098803480824,70.33776,train
2403,9.499438230882436,9.4823885,train
10260,43.65657505930208,43.768837,train
10644,39.58683345367714,40.013123,train
1578,3.624115801788345,3.4979146,train
5408,75.16417987128504,74.96795,train
4527,77.79019270718537,78.09802,train
3784,71.91197889308408,72.524864,train
2907,75.23466307522513,74.61203,train
9672,60.97999362421386,61.093113,train
12425,83.53755060546025,83.721886,train
12156,47.53432583996549,47.15032,train
110,58.27067223232277,58.324978,train
6350,50.68801501365044,51.145863,train
2355,3.328531319289431,3.3485863,train
9691,68.7218064382226,67.93837,train
7385,18.448270263304188,18.896692,train
8171,16.08629542413324,16.299847,train
5803,59.31238391810723,58.588562,train
14248,134.16905500217058,135.73584,train
227,38.59019696142197,39.32682,train
342,56.555790586714224,56.475967,train
4996,29.12596598702036,29.164534,train
11939,26.22042757385485,26.995838,train
12123,45.5844800104469,45.891823,train
5255,152.8177784761153,153.05574,train
657,9.499438230882436,9.4823885,train
8590,8.444298436388001,8.11893,train
1611,6.750079908713624,6.5180326,train
1933,98.65596999066533,99.01703,train
11560,69.0602255325774,68.948135,train
3774,73.68374035525322,73.63487,train
9251,44.597910972306806,44.870934,train
3060,39.33748405428104,38.838367,train
8746,38.91834885517143,39.14733,train
6292,32.289249758728964,32.074333,train
2308,53.62497940433934,53.342674,train
13778,78.37770085810139,78.090546,train
5869,90.56896135270873,89.799225,train
9364,101.3171290408814,101.49062,train
7587,193.8751524679473,193.67345,train
3290,50.04341124314785,50.046593,train
8624,14.162925999312623,14.11281,train
6976,79.03051139114216,78.19346,train
12438,62.90876193978079,62.351723,train
5081,21.429473611547053,21.808239,train
14191,62.03409074627981,62.268337,train
7650,129.4267602168825,128.94719,train
9974,48.10528443505019,49.40694,train
1351,44.21359478458822,44.251316,train
13056,42.58610637454368,42.15613,train
8227,22.19104778233357,22.065466,train
6696,58.132094825297145,57.988094,train
11324,9.839051198642553,9.784307,train
11148,30.8733631927149,30.572224,train
6665,60.81262844049596,59.96175,train
7083,77.87315181130059,77.535484,train
6854,56.980886431131886,56.92077,train
8516,82.46105591073825,82.351326,train
1683,22.34386956684365,22.507294,train
10201,23.43298254652068,23.849062,train
1271,13.92854978889145,13.855272,train
5432,80.25361829662151,80.35883,train
13460,39.2928079640545,38.798508,train
10177,19.28254456595652,19.076628,train
10259,43.65657505930208,43.395477,train
11105,23.053352899871395,23.48467,train
1447,38.05130976592272,38.23238,train
11603,74.30450585772448,74.38151,train
6409,26.05871153969042,26.200397,train
10122,12.124975352206752,12.197548,train
1244,8.180433892801254,8.095884,train
9512,86.49796272771329,86.35338,train
5170,41.84557272242807,41.364998,train
1035,6.442036183009371,6.465546,train
9370,101.3171290408814,102.64112,train
3285,44.21359478458822,44.356483,train
11571,69.70696214856945,69.51465,train
8555,3.883984274506569,3.9498596,train
5303,84.57638463785023,84.338936,train
7797,5.260504433154911,5.26385,train
11275,3.624115801788345,3.6672137,train
743,38.10425093875088,38.100716,train
13923,99.73165781686828,98.35719,train
2466,25.27984779576332,25.3728,train
2603,26.620833128631787,26.379417,train
7303,70.5776831156227,70.846855,train
11880,17.141358034855276,17.629602,train
3711,119.35792066219084,119.72807,train
3501,14.147402430467531,14.056814,train
794,230.9901536612257,230.827,train
11228,57.39162304208823,57.739143,train
815,193.8751524679473,193.92966,train
9637,50.944218333228456,50.599884,train
6595,80.57929170551442,80.58715,train
13786,78.37770085810139,78.33658,train
1700,29.77075417333722,29.68344,train
10052,60.937760889072194,61.188297,train
6325,42.55205181960314,42.406372,train
11579,70.8035239631433,70.53096,train
8414,87.37869480347202,87.51091,train
8646,19.398995908192024,19.828989,train
11815,86.82293470300802,86.736115,train
10598,24.78528594550229,24.502272,train
9519,86.49796272771329,87.423836,train
11647,136.40586584491066,136.97354,train
10799,42.55205181960314,42.520454,train
1674,19.20192266480916,19.301252,train
13894,112.6599718133244,114.170685,train
10108,83.09327843384654,83.298965,train
5046,55.271872386990935,55.34347,train
6136,70.5776831156227,71.054924,train
9814,27.490995490790755,27.4836,train
3490,72.52135855398946,72.59314,train
9316,80.57929170551442,80.63314,train
7056,85.85337627290696,86.09712,train
12366,71.91030133184738,72.33247,train
4648,83.53755060546025,83.68736,train
10161,16.125116344342604,16.25237,train
9973,48.10528443505019,49.381645,train
14514,75.59158411003656,75.81214,train
2769,25.32142942667775,25.476345,train
1490,46.20624283129268,45.864323,train
14260,125.86447482244527,124.862434,train
12566,59.57543179697275,59.926105,train
12848,47.10789941727601,47.952744,train
6756,66.87499746459498,67.130005,train
7595,179.04708701101467,179.63483,train
2288,43.65657505930208,43.094746,train
13103,34.635546819221005,35.062664,train
686,15.977335233233198,15.995449,train
10899,115.30303150446332,115.50261,train
13363,55.05208924433604,54.94441,train
1054,9.499438230882436,9.4823885,train
3380,30.8733631927149,30.707428,train
7847,13.645628914737031,13.711275,train
9284,63.896198456162885,63.57961,train
4668,2.606366123918593,2.5885131,train
607,3.328531319289431,3.3485863,train
11587,72.34090204261534,72.55334,train
1041,7.85908552453503,7.8486624,train
11159,33.2646262088608,33.809376,train
2938,12.885025212225244,12.758137,train
7545,62.1233802776967,62.230255,train
7660,123.0978685654898,123.18528,train
2902,69.52453059841163,69.402306,train
10712,17.650012712740526,17.755945,train
12085,52.60873127102636,52.74173,train
7474,35.87508543765299,35.91152,train
6146,70.8890994699993,70.98585,train
7458,33.2646262088608,33.247787,train
12662,110.67568302020096,109.89928,train
1804,154.98431615588598,154.86914,train
6123,70.8998858391393,71.46021,train
7844,13.645628914737031,13.711275,train
7369,83.09935595306658,82.93783,train
9921,52.53979191594191,53.2646,train
6856,56.980886431131886,56.56757,train
9465,78.3521209153635,78.32074,train
6071,84.57638463785023,84.338936,train
8326,61.551258937303125,61.231968,train
14435,95.82256261856072,95.90069,train
10198,23.43298254652068,23.53266,train
11643,85.05997393992781,84.930595,train
8184,16.774054817925467,16.952177,train
1079,15.977335233233198,15.995449,train
3297,56.44692913934201,56.441246,train
7330,73.22704486211128,73.31161,train
10352,65.44228559506357,66.26382,train
4488,95.27995050133204,95.65188,train
14521,75.57765272049815,75.983154,train
8299,45.49256223877087,45.79809,train
3674,70.03363402017787,69.98662,train
12616,79.48504113105551,79.32171,train
9642,52.77367077007368,52.58307,train
1165,49.00862249254413,49.167248,train
10196,23.43298254652068,22.336487,train
11181,41.84557272242807,41.364998,train
4223,58.5236929318425,58.27197,train
4839,55.271872386990935,55.281967,train
1440,36.94310571922444,37.104702,train
8186,16.774054817925467,17.10914,train
6107,73.68374035525322,73.293884,train
11246,67.18811819694348,67.64768,train
2875,53.49135176226452,53.536102,train
10705,15.826709276493416,15.924517,train
11755,83.29477154332817,83.13699,train
6480,29.533535528411715,29.512524,train
10749,26.620833128631787,26.471313,train
6799,73.77568009618804,72.79086,train
774,55.27187238699012,55.26333,train
602,3.328531319289431,3.3485863,train
3685,75.24982629334554,75.34399,train
6135,70.5776831156227,70.44172,train
9834,31.69861229808904,31.631453,train
4785,25.27984779576332,25.3728,train
13294,48.34358630374402,48.540092,train
1782,193.8751524679473,193.96939,train
2384,6.442036183009371,6.465546,train
4083,25.04050211213976,25.360582,train
3026,25.935608876074404,26.337881,train
12595,66.59566485208973,67.71386,train
4865,2.606366123918593,2.5885131,train
13613,65.83077308186866,65.70547,train
2128,98.65596999066533,99.01703,train
12482,51.23740717945918,52.24925,train
1928,99.4907361299304,99.420616,train
10384,59.37382867606714,60.41179,train
4887,4.196221297202333,4.2176785,train
4116,25.32142942667775,25.785467,train
700,18.731792724897712,18.79858,train
13845,155.05412004324748,155.49332,train
1949,97.47338258073955,97.46263,train
2326,59.31238391810723,59.7709,train
3848,75.16417987128504,75.389175,train
419,193.8751524679473,193.44923,train
11717,91.2397572047843,90.57886,train
9172,25.32142942667775,25.078257,train
12132,45.64933795175344,46.10427,train
14274,112.6599718133244,112.443146,train
9035,76.50234292040042,76.58661,train
8162,16.08629542413324,15.856004,train
6708,58.30263960140757,58.353313,train
9207,31.73671877096429,31.68184,train
5752,31.91051408188231,32.6341,train
7271,73.68374035525322,73.23743,train
9442,78.04583599126548,78.03764,train
8127,44.21359478458822,44.251316,train
10628,35.28853714924939,35.493042,train
2154,12.124975352206752,12.197548,train
11557,69.0602255325774,69.74217,train
445,154.98431615588598,155.01675,train
5095,23.053352899871395,22.342949,train
8204,18.82198014263801,18.337418,train
5655,13.792313484057486,13.836253,train
12891,34.767713483007924,34.624714,train
3395,33.2646262088608,33.6219,train
8341,67.6283211738766,68.59554,train
12591,66.59566485208973,66.14626,train
4725,9.499438230882436,9.4823885,train
2911,75.23466307522513,74.967,train
4810,38.10425093874939,38.100716,train
8564,4.756993192217126,4.872234,train
14001,93.28231569539822,93.318085,train
8369,115.23290406090766,114.862724,train
462,136.76886894565047,136.18433,train
13519,36.02701366128638,35.4083,train
8428,84.24741541524314,83.90235,train
7619,154.98431615588598,155.81001,train
5421,77.53876431170232,77.58191,train
3513,15.826709276493416,15.748926,train
6712,58.991170602037386,59.28187,train
327,53.12049932369545,53.04243,train
3507,15.826709276493416,15.538785,train
9900,60.77778500000022,60.226585,train
7524,53.00734926713273,53.398075,train
3019,25.935608876074404,25.575977,train
13976,92.14301126701253,92.75704,train
11580,70.8035239631433,70.441574,train
12040,69.92772157818914,69.44245,train
2868,53.49135176226452,52.992317,train
8393,95.84505322335384,96.03769,train
6084,79.88545352007553,79.97721,train
11724,88.31993375128738,88.49974,train
12881,35.5258604479491,36.041843,train
7989,4.491537072359547,4.5777535,train
98,57.128108492674905,56.897,train
14312,96.9560797736986,97.13152,train
13567,44.66517096340306,44.53151,train
1944,97.47338258073955,97.58241,train
13997,92.69393389813976,92.63425,train
10666,55.25020379636824,54.573677,train
11079,18.448270263304188,18.7998,train
10904,107.39789478589,107.45358,train
11682,110.67568302020096,110.057365,train
170,74.15381360397033,74.31413,train
10496,8.4007707299833,8.601422,train
866,136.76886894565047,137.19708,train
12518,49.964974571776985,50.146996,train
14021,9.244705548457503,8.934108,train
4608,74.18155972707093,73.99162,train
8995,85.85337627290696,86.5176,train
3325,19.89991539202705,20.224121,train
14420,108.1849630836454,108.95225,train
4081,26.05871153969042,26.200397,train
6922,62.48827997014724,62.498417,train
12194,57.60964815073893,58.022144,train
1492,46.20624283129268,45.880585,train
1956,230.9901536612257,231.4126,train
6773,73.76729204182922,73.57347,train
13929,96.9560797736986,96.78033,train
3338,23.053352899871395,22.929955,train
4718,7.85908552453503,8.007407,train
6972,79.03051139114216,78.543785,train
8082,25.857534399290905,25.89554,train
8353,123.96214174002029,124.06614,train
9563,50.36965316093952,50.36178,train
2611,29.34578260289036,28.47664,train
6613,83.01808144823141,82.95276,train
1250,9.839051198642553,9.784307,train
206,41.2027500139872,41.930893,train
3890,168.1502886891345,168.25713,train
4390,46.20624283129268,45.691532,train
12409,80.80332043496728,81.334984,train
10432,60.19466070864491,60.06779,train
12537,52.38623850151688,52.072174,train
2578,21.77517690158367,21.333347,train
1131,33.39074910957999,33.42985,train
7076,79.86598582053819,79.52728,train
7292,70.8998858391393,70.61612,train
7837,11.473018356565088,11.611689,train
5444,38.91834885517143,38.72481,train
4294,36.41164086407028,36.403477,train
11859,16.264210965298563,16.34567,train
5627,74.77670776968583,74.84654,train
1070,13.53610473193936,13.570401,train
11725,88.31993375128738,88.37755,train
12842,47.10789941727601,47.54656,train
5037,49.00862249254413,49.167248,train
4084,25.04050211213976,24.944044,train
9086,78.17671644727096,78.37828,train
11964,35.05216416707113,33.128128,train
6568,63.896198456162885,64.03794,train
11932,23.96684006413348,25.532602,train
33,62.33053491715185,61.598915,train
1571,2.9065837811274826,2.9177651,train
10662,49.54087768021748,49.594162,train
13327,48.60542794913941,48.74726,train
5201,53.00734926713273,52.567017,train
9275,58.5236929318425,58.08872,train
5890,79.88545352007553,79.97721,train
13773,76.98958830258586,77.118355,train
14415,108.1849630836454,108.497665,train
9444,78.04583599126548,78.042175,train
595,2.606366123918593,2.5885131,train
8322,61.551258937303125,60.32849,train
3028,28.753615695926324,28.17849,train
8282,40.966698718012495,40.299065,train
4925,9.499438230882436,9.4823885,train
4953,15.977335233233198,15.995449,train
7966,2.9065837811274826,2.9177651,train
12516,49.964974571776985,49.58611,train
9315,80.57929170551442,80.44566,train
8609,11.995094370873645,11.659844,train
6383,70.03363402017787,69.895485,train
7658,123.0978685654898,123.49937,train
12474,52.99398689569749,53.25231,train
5273,119.35792066219084,119.72807,train
8292,45.49256223877087,44.08461,train
10706,17.650012712740526,17.342613,train
4606,74.18155972707093,73.83115,train
3575,29.34578260289036,29.789915,train
3394,33.2646262088608,33.02228,train
13057,42.58610637454368,42.480267,train
9395,87.37869480347202,87.51091,train
9255,48.84238573144443,48.477417,train
2155,12.124975352206752,12.385472,train
11650,136.40586584491066,137.78934,train
13412,73.1915613079784,72.95729,train
1163,49.00862249254413,49.022285,train
4461,74.77670776968583,74.80966,train
12042,69.92772157818914,69.76025,train
6639,68.70638879452079,69.252266,train
8526,84.52419181559287,84.48447,train
4213,53.49135176226452,53.331394,train
6456,26.320863792397155,26.343803,train
9120,84.60291252746008,84.67659,train
5927,70.8998858391393,71.36617,train
503,113.1117727502116,112.710945,train
7726,100.48928695862324,100.200096,train
12082,52.60873127102636,51.22021,train
7481,38.72775337298162,38.988903,train
12169,49.29258108243957,48.65629,train
10578,19.521311513476668,19.214226,train
699,18.731792724897712,18.79858,train
12469,52.99398689569749,53.194183,train
8910,69.76848318728075,69.547516,train
9671,60.97999362421386,60.721,train
9956,48.1381815952728,48.762173,train
3574,29.34578260289036,29.522072,train
827,179.04708701101467,178.93442,train
4323,36.210240125305205,36.642265,train
14544,76.98958830258586,76.545586,train
5709,21.22276810141124,21.489853,train
3828,71.78670881619587,71.69884,train
11410,38.91593697359398,38.889015,train
10416,58.991170602037386,59.28187,train
14136,34.36019909387007,34.767998,train
12129,45.5844800104469,47.098198,train
2365,4.196221297202333,4.2176785,train
1747,56.44692913934201,56.441246,train
13792,80.17803902352684,79.86166,train
3531,19.628813853406385,19.303915,train
4792,29.12596598702036,29.164534,train
691,15.977335233233198,15.995449,train
965,99.4907361299304,99.42213,train
572,98.65596999066533,98.80887,train
2653,42.55205181960314,43.00332,train
5089,23.053352899871395,22.671068,train
3267,38.91593697359398,38.889015,train
2036,129.4267602168825,129.6121,train
9398,87.37869480347202,86.63683,train
9475,79.27542778284364,79.28685,train
14179,56.56699701702424,55.588413,train
6411,25.04050211213976,25.360582,train
1695,25.857534399290905,25.902805,train
6556,58.5236929318425,58.411667,train
13791,80.17803902352684,79.80314,train
6312,38.88107047950797,38.510113,train
8991,89.93891881356173,89.82522,train
11959,31.74469640013553,31.447538,train
1774,211.02994799979388,210.86295,train
8925,74.77670776968412,74.92359,train
10193,21.22276810141124,21.859158,train
972,98.65596999066533,98.67805,train
1403,36.41164086407028,36.269077,train
648,7.85908552453503,7.8486624,train
10827,55.1604052272772,54.890385,train
7468,35.87508543765299,35.386963,train
5572,49.19054255336955,49.527855,train
5576,52.561077422993925,52.706364,train
4383,46.20624283129268,46.391037,train
8426,84.24741541524314,83.77923,train
10185,21.22276810141124,20.698324,train
13690,83.56214469765372,83.89767,train
9473,79.27542778284364,79.359245,train
11366,19.20192266480916,19.301252,train
4899,6.442036183009371,6.465546,train
7227,90.56896135270873,90.544815,train
7694,106.2025558056929,106.288506,train
2568,19.628813853406385,19.388369,train
8929,135.2198141561254,135.90556,train
7462,33.2646262088608,32.89305,train
11445,56.44692913934201,56.475014,train
8421,84.24741541524314,83.73128,train
4477,102.11244006090304,101.33532,train
5271,119.35792066219084,119.01128,train
14020,9.244705548457503,8.646088,train
3908,143.8247661167656,143.36803,train
12920,36.02701366128638,36.205383,train
2139,97.47338258073955,97.58241,train
13866,134.16905500217058,135.73584,train
7538,62.1233802776967,61.514088,train
4962,18.731792724897712,18.79858,train
4124,26.320863792397155,26.241945,train
334,53.12049932369545,53.23963,train
3936,118.73948000326068,119.011406,train
4060,93.28231569539822,92.96164,train
6997,135.2198141561254,135.62408,train
6004,80.25361829662151,80.112305,train
7351,77.53876431170232,77.66643,train
11516,72.90167939974636,73.1039,train
12658,117.94057501366258,118.41355,train
600,2.606366123918593,2.5885131,train
9317,80.57929170551442,80.58715,train
4894,5.227697523949966,5.220631,train
958,99.4907361299304,99.62697,train
4597,72.80691569376961,72.65147,train
11358,16.40524145944573,16.451323,train
4592,72.80691569376961,72.92208,train
888,117.68636585320668,117.236,train
8712,49.93884663241446,49.624886,train
3508,15.826709276493416,15.79261,train
3877,83.09935595306658,83.07792,train
317,50.06812082695872,50.171227,train
2704,64.87166628595628,64.76584,train
4689,5.227697523949966,5.220631,train
2035,129.4267602168825,128.94719,train
234,38.59019696142197,39.127773,train
4714,7.85908552453503,7.8486624,train
1124,29.12596598702036,29.164534,train
7496,41.84557272242807,42.33679,train
8063,19.20192266480916,19.095121,train
8248,26.93699031659804,28.012222,train
9927,50.733368627516406,50.672707,train
2465,25.27984779576332,25.3728,train
12222,70.13557868690133,69.99931,train
3921,134.16905500217058,135.27113,train
12093,49.56838968278535,47.868484,train
10734,21.77517690158367,22.066484,train
10460,66.87499746459498,67.130005,train
10341,68.70638879452079,68.27124,train
1528,60.456358375515045,60.10656,train
3504,14.147402430467531,14.283004,train
7353,77.53876431170232,77.50041,train
10263,43.65657505930208,44.38075,train
2052,117.68636585320668,116.89803,train
6575,69.52453059841163,69.74247,train
9016,79.86598582053819,79.52728,train
1346,38.91593697359398,38.889015,train
8269,33.15923815640949,34.084946,train
5825,152.8177784761153,152.8819,train
12501,49.52880914978266,49.380745,train
12783,84.01038592956453,84.01228,train
1432,36.210240125305205,35.62404,train
12170,49.29258108243957,48.84402,train
6371,64.87166628595628,64.8606,train
9681,64.63130975413613,64.30984,train
1472,41.380738858681696,40.694874,train
6705,58.30263960140757,58.509777,train
10826,55.1604052272772,55.097538,train
8120,38.91593697359398,38.889015,train
11628,82.2895007905107,82.31665,train
10738,24.10159309622668,24.3378,train
1969,211.02994799979388,210.86295,train
2759,24.74816706908628,25.041542,train
1973,193.8751524679473,193.83714,train
13650,101.51368217124082,101.217445,train
4043,92.69393389813976,92.84202,train
5315,79.88545352007553,80.04787,train
12408,80.80332043496728,81.480316,train
3190,11.747596709247082,11.706337,train
6044,107.5602418843858,106.44178,train
10690,14.147402430467531,14.056814,train
8423,84.24741541524314,84.41893,train
8524,84.52419181559287,84.43903,train
5132,30.8733631927149,30.707428,train
62,57.10888254437111,57.620193,train
2622,32.289249758728964,32.272346,train
5659,13.792313484057486,13.675819,train
5759,35.43032585388161,35.542675,train
4293,36.41164086407028,36.824398,train
4979,25.27984779576332,25.3728,train
10863,70.03363402017787,69.98662,train
4290,37.38629228613615,37.39963,train
2387,7.85908552453503,7.8486624,train
3381,30.8733631927149,30.73069,train
101,57.128108492674905,57.449207,train
12262,95.27995050133204,96.24162,train
13119,36.02701366128638,35.4083,train
11442,56.44692913934201,56.441246,train
837,166.17853479893557,165.64131,train
12299,77.79019270718537,77.45947,train
8527,84.52419181559287,84.86271,train
2871,53.49135176226452,53.646248,train
4798,29.12596598702036,29.164534,train
7620,154.98431615588598,155.08774,train
8750,37.38629228613615,37.357613,train
12211,65.54060841010474,65.20434,train
914,109.30466743726038,109.05028,train
6258,21.77517690158367,21.895151,train
13506,34.635546819221005,34.82709,train
10427,60.19466070864491,60.511,train
9154,24.74816706908628,25.149466,train
13965,92.49987338269456,93.0714,train
9952,48.56996296403304,48.474495,train
4325,36.210240125305205,36.39136,train
6628,72.67230242637233,72.41551,train
13885,118.73948000326068,117.86921,train
890,117.68636585320668,117.47972,train
4878,3.328531319289431,3.375473,train
10702,15.826709276493416,15.748926,train
3253,29.77075417333722,29.68344,train
5685,17.59043680885926,17.675146,train
7177,84.60291252746008,84.49365,train
8399,95.84505322335384,96.27186,train
13349,52.77367077007368,52.994602,train
5251,152.8177784761153,152.8819,train
6116,71.91197889308408,71.56728,train
12991,55.99893434087522,55.86318,train
6242,19.628813853406385,19.388369,train
5184,45.250987390322535,45.431564,train
5322,79.88545352007553,79.904816,train
6012,83.09935595306658,83.10134,train
11882,17.141358034855276,19.328657,train
10329,72.67230242637233,73.083565,train
4657,86.00802491357506,85.94184,train
11214,53.00734926713273,52.96277,train
94,56.43271139946915,56.11689,train
4917,7.85908552453503,7.8486624,train
315,47.39132880100697,47.277485,train
5544,43.604537301970495,44.09993,train
10993,75.72806675637788,75.571526,train
5696,19.28254456595652,19.123316,train
7766,2.618505311135724,2.4686174,train
5749,31.91051408188231,32.106277,train
2680,55.1604052272772,54.753662,train
347,60.376848442270685,59.378136,train
2663,46.48566476712182,46.50158,train
1388,37.38629228613615,37.357613,train
3783,71.91197889308408,72.59007,train
59,57.10888254437111,57.211964,train
1603,5.527128574206158,5.59856,train
1180,62.12878854692645,62.100945,train
12367,72.80691569376961,73.10146,train
2493,38.10425093874939,38.109303,train
10270,48.41170998900376,48.745525,train
8478,77.93378927116997,78.58099,train
7952,62.858388995900896,62.81541,train
8216,20.33936974007777,20.138906,train
6977,79.03051139114216,79.03764,train
12447,58.6937159884268,59.53167,train
3013,23.43298254652068,23.849062,train
48,58.305762831138,58.876873,train
8810,38.05130976592272,38.51038,train
9941,49.424339205446245,49.597115,train
6034,119.35792066219084,118.56488,train
8459,78.04583599126548,78.28709,train
10977,77.87315181130059,77.58032,train
7439,28.678520203607828,28.93409,train
14430,95.82256261856072,96.02972,train
10764,29.34578260289036,29.789915,train
12584,62.87797862213373,62.8436,train
10240,35.43032585388161,35.50305,train
3825,71.78670881619587,71.56575,train
4146,29.533535528411715,29.378944,train
4814,38.10425093874939,38.100716,train
11899,19.038942421022504,19.330584,train
11828,88.48216304859169,87.910576,train
7929,43.74945572579272,43.7372,train
6096,76.30367359186545,76.53875,train
10323,77.41176032874927,77.67746,train
9177,26.320863792397155,26.288343,train
2135,98.65596999066533,98.66757,train
399,230.9901536612257,230.827,train
10222,28.753615695926324,28.794262,train
7022,107.39789478589,107.2062,train
4319,35.86295586622186,35.810448,train
977,97.47338258073955,97.783264,train
11131,28.678520203607828,28.70218,train
10525,10.027769629293385,10.431001,train
7491,41.84557272242807,41.879284,train
6693,58.132094825297145,58.58964,train
12515,49.49174784981139,50.426117,train
13810,84.6747137742003,84.74465,train
160,70.51384660091139,70.87962,train
1459,39.53055859179817,39.766994,train
11605,74.30450585772448,74.07665,train
12645,126.44708143304572,126.027695,train
13771,76.98958830258586,76.543846,train
6164,73.22704486211128,73.31161,train
6070,90.56896135270873,91.152214,train
8955,107.39789478589,107.40914,train
9425,79.9470355349353,79.619316,train
6746,64.1404088665598,64.069176,train
5015,38.10425093874939,38.109303,train
7265,76.30367359186545,76.30677,train
6141,70.8890994699993,71.11721,train
6431,24.74816706908628,24.905273,train
630,5.227697523949966,5.220631,train
4930,11.384421137066337,11.382449,train
7340,75.16417987128504,75.171,train
1015,4.196221297202333,4.2176785,train
6467,27.727713592149392,27.762371,train
2887,63.896198456162885,63.572266,train
11190,45.250987390322535,44.51127,train
10471,70.098803480824,70.04158,train
6804,69.0298957457494,68.97795,train
8918,69.76848318728075,70.38015,train
5600,60.456358375515045,60.223446,train
3002,21.22276810141124,21.478024,train
11126,26.657804872047155,26.853872,train
12530,50.93322091321282,50.559734,train
3152,5.527128574206158,5.59856,train
12145,46.3112758194042,46.392155,train
10874,75.24982629334554,75.34399,train
7438,28.678520203607828,28.70218,train
11236,62.1233802776967,62.64364,train
10181,19.28254456595652,19.13067,train
4267,80.57929170551442,80.58715,train
5186,45.250987390322535,45.340748,train
4639,83.53755060546025,84.05076,train
1535,60.456358375515045,60.483078,train
9460,78.3521209153635,78.700325,train
2212,19.28254456595652,19.130913,train
197,81.83523066971891,82.265045,train
8224,22.19104778233357,21.80697,train
7476,35.87508543765299,36.343937,train
5790,48.41170998900376,48.78423,train
9144,24.63527893831387,24.878103,train
2649,42.55205181960314,42.713707,train
13550,41.80739580968886,41.934288,train
11611,76.6667816523841,76.46725,train
6179,75.16417987128504,75.41331,train
9359,107.7381594436571,107.6105,train
5911,73.68374035525322,73.23743,train
1577,3.624115801788345,3.4979146,train
178,78.0347307986556,77.94088,train
3178,9.839051198642553,9.784307,train
1298,22.34386956684365,22.306236,train
12038,69.92772157818914,69.51405,train
9701,73.1915613079784,72.24224,train
7372,83.09935595306658,83.10134,train
5409,75.16417987128504,75.24446,train
3120,2.9065837811274826,2.9177651,train
2232,23.43298254652068,23.537079,train
10037,58.10615179076552,58.287663,train
7808,6.4852329987035695,6.4940386,train
1723,38.91593697359398,38.889015,train
1338,38.91593697359398,38.889015,train
12051,78.77344906209804,79.209175,train
757,43.29863673312746,43.34936,train
4103,24.74816706908628,24.905273,train
7853,16.11129124792047,16.360985,train
5196,48.96526861625701,48.995842,train
2530,62.12878854692645,62.100945,train
3844,75.16417987128504,75.171,train
8291,40.966698718012495,42.024895,train
2411,11.384421137066337,11.382449,train
9349,115.23290406090766,116.110176,train
6259,21.77517690158367,22.066484,train
4980,25.27984779576332,25.3728,train
13426,77.83754965179875,77.90647,train
10975,77.87315181130059,77.650826,train
10554,13.757667367208375,14.234506,train
9577,49.12984125237405,49.268887,train
8779,35.86295586622186,36.127625,train
2843,40.76621946032643,40.580288,train
9147,24.63527893831387,24.57698,train
7287,70.8998858391393,71.36617,train
1897,103.745126530115,104.05705,train
2956,13.792313484057486,13.829479,train
2282,39.33748405428104,39.12659,train
8940,124.5037870661705,124.55799,train
2143,97.47338258073955,97.88837,train
3238,25.857534399290905,25.89554,train
8405,91.22443951098568,90.86988,train
12350,71.5126952436544,71.99412,train
12989,55.99893434087522,54.784885,train
1752,56.44692913934201,56.475014,train
86,56.19046936462432,56.262547,train
11868,16.57780018172115,16.836102,train
3334,21.429473611547053,21.458221,train
250,38.74234435378403,38.3772,train
14119,30.88595532017685,28.656134,train
2473,29.12596598702036,29.164534,train
2292,43.65657505930208,43.768837,train
11644,85.05997393992781,85.10792,train
9773,24.152412660023124,23.284056,train
437,166.17853479893557,166.05438,train
8840,43.604537301970495,44.09993,train
4394,49.19054255336955,49.89626,train
12899,34.635546819221005,35.18353,train
1009,4.196221297202333,4.2176785,train
307,47.39132880100697,47.393867,train
11198,45.250987390322535,45.10383,train
2900,69.52453059841163,69.12973,train
2586,21.77517690158367,22.4591,train
2876,53.49135176226452,53.94252,train
3188,11.747596709247082,11.706337,train
11140,30.8733631927149,30.48318,train
846,154.98431615588598,155.25247,train
13754,75.57765272049815,76.03442,train
12223,70.13557868690133,69.97646,train
3232,22.34386956684365,22.507294,train
319,50.06812082695872,49.94187,train
909,109.30466743726038,109.58083,train
5181,45.250987390322535,45.099483,train
5823,152.8177784761153,152.41454,train
12231,75.02114224725477,74.16875,train
9544,54.29787772679955,54.8569,train
6357,55.1604052272772,55.128452,train
13545,39.410668208964985,39.423214,train
2092,103.745126530115,104.05705,train
444,154.98431615588598,154.86914,train
1260,11.747596709247082,11.706337,train
1870,113.1117727502116,112.75312,train
3228,22.34386956684365,22.306236,train
10597,24.78528594550229,24.601017,train
6142,70.8890994699993,71.18902,train
1246,8.180433892801254,8.572685,train
9840,34.44495678366445,33.132744,train
14295,103.23350357813172,102.730804,train
985,97.47338258073955,97.42891,train
11715,91.2397572047843,91.117905,train
13653,101.51368217124082,102.53028,train
12653,117.94057501366258,117.170616,train
14123,30.88595532017685,30.630268,train
2147,12.124975352206752,11.80343,train
6501,37.34804120151974,37.09239,train
4219,53.49135176226452,53.64551,train
1661,16.40524145944573,16.451323,train
9264,53.49135176226452,52.992317,train
3741,84.57638463785023,84.338936,train
5365,70.5776831156227,71.069885,train
7169,82.25512726841218,81.97812,train
6117,71.91197889308408,71.96929,train
8962,107.39789478589,107.2062,train
9539,57.05450517605655,57.190735,train
5086,21.429473611547053,21.458221,train
35,62.33053491715185,61.85693,train
10661,49.54087768021748,49.645065,train
3189,11.747596709247082,11.706337,train
10091,75.34654859935269,74.74145,train
7221,98.11718222077316,98.42758,train
394,78.79814514174707,78.83047,train
11789,83.13470642646298,82.84176,train
13607,60.69477696945295,61.15134,train
6155,71.78670881619587,71.56575,train
3474,62.1233802776967,62.274876,train
6587,75.23466307522513,74.99941,train
1135,33.39074910957999,33.42985,train
5841,119.35792066219084,118.93089,train
255,38.74234435378403,38.710735,train
12131,45.64933795175344,45.616608,train
6145,70.8890994699993,70.508995,train
375,69.12845902908616,69.37728,train
12707,91.2397572047843,90.56404,train
11235,62.1233802776967,62.07221,train
6541,53.49135176226452,53.331394,train
10355,65.44228559506357,65.73443,train
11280,4.491537072359547,3.9090438,train
434,166.17853479893557,165.72778,train
14429,95.82256261856072,95.25334,train
8813,38.05130976592272,37.576805,train
4786,25.27984779576332,25.3728,train
473,129.4267602168825,129.43854,train
7314,70.8890994699993,70.87736,train
8119,38.91593697359398,38.889015,train
3422,41.84557272242807,41.87987,train
14506,76.10569077995255,76.42962,train
6542,53.49135176226452,52.992317,train
704,21.824079935423136,21.890541,train
8110,34.113034957437215,34.287853,train
13025,71.34845173855356,71.54196,train
8602,10.096319714222924,9.792488,train
4915,7.85908552453503,7.8486624,train
2685,55.1604052272772,55.10616,train
12178,51.56721782835394,50.550888,train
4221,53.49135176226452,53.536102,train
10327,77.41176032874927,77.516235,train
2864,48.84238573144443,49.196903,train
9645,52.77367077007368,52.493713,train
9122,84.60291252746008,84.68175,train
2984,17.59043680885926,17.740475,train
6612,83.01808144823141,82.434,train
13843,155.05412004324748,155.3916,train
13575,47.982575358036456,47.86461,train
7926,43.74945572579272,43.7372,train
2628,35.46372651810452,35.005135,train
5758,35.43032585388161,35.50305,train
9940,49.424339205446245,49.406704,train
4974,21.824079935423136,21.890541,train
9845,34.44495678366445,35.3243,train
8065,19.20192266480916,19.301252,train
2963,14.865809293936342,14.755678,train
10951,82.51266906756706,82.18002,train
12995,55.99893434087522,55.79266,train
7415,23.053352899871395,22.81374,train
9585,48.34358630374402,48.540092,train
3283,44.21359478458822,44.251316,train
2647,42.55205181960314,42.115147,train
8743,38.91834885517143,38.700535,train
641,6.442036183009371,6.465546,train
6171,75.16417987128504,75.028885,train
6298,32.289249758728964,32.435596,train
7086,77.87315181130059,77.347115,train
784,62.12878854692645,62.100945,train
11679,110.67568302020096,111.276405,train
340,56.555790586714224,55.997417,train
7795,5.260504433154911,5.26385,train
9310,75.23466307522513,75.25315,train
11333,11.747596709247082,11.706337,train
2400,9.499438230882436,9.491684,train
11359,16.40524145944573,16.451323,train
8217,20.33936974007777,19.551582,train
13465,39.2928079640545,39.286457,train
11260,2.9065837811274826,2.9177651,train
8988,89.93891881356173,89.9402,train
4388,46.20624283129268,45.880585,train
3662,64.87166628595628,65.022125,train
12297,77.79019270718537,78.28862,train
8084,25.857534399290905,25.89554,train
8870,52.561077422995496,52.51056,train
7815,7.914848156370223,8.151059,train
13744,75.59158411003656,75.924706,train
9710,77.83754965179875,77.10473,train
1080,15.977335233233198,15.995449,train
14346,92.49987338269456,92.456955,train
9968,48.10528443505019,47.72662,train
8502,80.66666767817155,80.42592,train
8695,38.93464249503359,38.86214,train
524,106.2025558056929,106.288506,train
2588,24.10159309622668,23.924612,train
3605,38.88107047950797,39.231335,train
10730,21.77517690158367,21.380707,train
1272,13.92854978889145,13.855272,train
4680,4.196221297202333,4.2176785,train
4712,7.85908552453503,7.8486624,train
9109,82.25512726841218,81.97812,train
3902,155.05412004324748,154.68584,train
6428,24.63527893831387,24.629463,train
13380,60.97999362421386,60.721,train
9807,26.017457290686817,26.151428,train
13411,73.1915613079784,72.88264,train
10071,67.58928448046117,67.07502,train
10223,28.753615695926324,29.331951,train
5119,28.678520203607828,27.959976,train
11299,5.527128574206158,5.8426633,train
6356,55.1604052272772,54.91465,train
5045,55.271872386990935,55.26333,train
14010,93.50643630226388,93.8855,train
768,49.0086224925457,49.022285,train
13864,134.16905500217058,136.13162,train
12149,46.3112758194042,46.56009,train
11208,48.96526861625701,49.614594,train
10912,100.6187540373376,101.26142,train
5662,13.792313484057486,13.829479,train
5338,73.68374035525322,72.86915,train
8825,39.53055859179817,38.8387,train
8308,50.43940763070308,50.843723,train
2939,12.885025212225244,13.051417,train
11664,126.44708143304572,126.59379,train
3733,90.56896135270873,89.799225,train
11786,83.13470642646298,83.01533,train
7669,117.68636585320668,118.25894,train
1474,41.380738858681696,41.13188,train
7338,75.16417987128504,75.006485,train
9648,52.77367077007368,52.402733,train
14326,94.85645482862957,94.55102,train
11470,85.80236635218084,85.40316,train
8858,46.20624283129268,46.966183,train
8790,36.210240125305205,36.625183,train
91,56.43271139946915,57.244938,train
196,81.83523066971891,81.98441,train
5826,152.8177784761153,152.31595,train
1320,29.77075417333722,29.68344,train
13468,39.2928079640545,39.307323,train
5786,48.41170998900376,48.308357,train
2658,46.48566476712182,45.990513,train
7135,76.77816930527784,76.91864,train
7635,136.76886894565047,135.74495,train
3304,56.44692913934201,56.475014,train
10123,12.124975352206752,12.385472,train
1148,43.29863673312664,43.34936,train
14571,82.32445746323637,81.90152,train
3468,62.1233802776967,61.514088,train
13040,47.10789941727601,47.1221,train
11673,117.94057501366258,118.06399,train
3116,65.47137652330578,65.54062,train
7210,107.5602418843858,106.44178,train
7349,77.53876431170232,77.435104,train
2297,48.41170998900376,48.12925,train
14481,78.70427049849316,77.98554,train
7195,134.14502085001388,133.7993,train
1138,38.10425093874939,38.100716,train
4682,4.196221297202333,4.2176785,train
5937,70.5776831156227,70.88884,train
1666,16.40524145944573,16.451323,train
12496,49.52880914978266,50.30667,train
582,97.47338258073955,97.783264,train
3534,19.628813853406385,19.137405,train
4868,2.606366123918593,2.5885131,train
7157,80.03415155888028,79.92051,train
11680,110.67568302020096,111.33031,train
136,61.88227452014178,61.497845,train
14227,155.05412004324748,155.49332,train
5467,36.41164086407028,36.475185,train
596,2.606366123918593,2.5885131,train
1411,35.919888386123255,35.974213,train
2891,63.896198456162885,63.9163,train
4071,93.50643630226388,93.28349,train
1612,6.750079908713624,7.0540876,train
2376,5.227697523949966,5.220631,train
4263,80.57929170551442,79.924164,train
2351,3.328531319289431,3.3485863,train
2964,14.865809293936342,14.961182,train
7768,2.618505311135724,2.4686174,train
12363,71.91030133184738,71.928856,train
7421,24.789633367188944,24.937218,train
2953,13.792313484057486,13.675819,train
14366,92.24483243250832,92.20926,train
12060,69.43701604268931,69.38169,train
8245,26.93699031659804,26.566446,train
8094,29.77075417333722,29.68344,train
14403,115.99146512869038,115.583664,train
466,136.76886894565047,136.86719,train
1174,55.271872386990935,55.34347,train
9707,73.1915613079784,73.27519,train
7362,80.25361829662151,80.25926,train
2417,13.53610473193936,13.578428,train
3229,22.34386956684365,22.306236,train
10577,19.521311513476668,19.146473,train
10786,38.88107047950797,38.228325,train
11785,83.13470642646298,82.914955,train
9183,27.727713592149392,27.68039,train
5675,16.125116344342604,16.02731,train
5918,71.91197889308408,72.31668,train
1192,2.9065837811274826,2.9278867,train
4380,43.604537301970495,42.852943,train
5689,17.59043680885926,17.869051,train
5871,90.56896135270873,90.160355,train
10972,77.87315181130059,78.337685,train
8268,33.15923815640949,32.841877,train
5543,43.604537301970495,44.106354,train
11207,48.96526861625701,48.995842,train
13003,60.69477696945295,60.382675,train
13858,143.8247661167656,144.31175,train
14192,62.03409074627981,61.512745,train
8946,115.30303150446332,115.50927,train
6765,70.098803480824,69.70784,train
10335,72.67230242637233,72.90498,train
6291,32.289249758728964,31.920458,train
13825,86.84139842568032,86.81898,train
13373,57.78612866760917,58.26791,train
13730,76.10569077995255,75.31291,train
8456,78.70967419713557,78.63313,train
11438,50.04341124314785,50.046593,train
26,65.25916422455259,64.53095,train
13456,42.58610637454368,42.15613,train
13508,34.635546819221005,34.74799,train
2096,103.745126530115,103.51277,train
3352,24.789633367188944,24.01136,train
10605,24.78528594550229,25.84285,train
1526,56.318371719458256,56.28256,train
4978,21.824079935423136,21.8916,train
1179,62.12878854692645,62.100945,train
12574,59.57543179697275,59.40777,train
7237,84.57638463785023,84.338936,train
8425,84.24741541524314,83.80441,train
1342,38.91593697359398,38.889015,train
4538,75.33592393483191,75.489296,train
2012,145.24040847801632,145.12865,train
11897,19.038942421022504,18.52383,train
12463,55.4430882998278,55.079018,train
6429,24.63527893831387,24.444601,train
10252,39.33748405428104,39.951324,train
14335,93.38657295807928,93.10995,train
3126,2.9065837811274826,2.9278867,train
4734,11.384421137066337,11.382449,train
8597,8.444298436388001,8.673058,train
5426,80.25361829662151,80.205025,train
10693,14.147402430467531,14.283004,train
1902,101.86758015295236,102.13324,train
5498,36.210240125305205,35.62404,train
14212,183.50675596781025,183.0333,train
3804,70.5776831156227,70.74647,train
5648,12.885025212225244,12.808706,train
6771,70.098803480824,70.37487,train
760,43.29863673312746,43.34936,train
5277,107.5602418843858,108.56929,train
6952,71.44838330678776,71.09708,train
14457,86.92916151125281,86.30908,train
9334,123.96214174002029,124.06614,train
3517,17.650012712740526,17.342613,train
11935,26.22042757385485,24.891233,train
11480,81.59299887306369,82.27106,train
14367,92.24483243250832,92.16606,train
9227,37.34804120151974,37.215977,train
8141,50.04341124314785,50.046593,train
4125,26.320863792397155,26.61645,train
5579,52.561077422993925,52.502556,train
3777,73.68374035525322,73.293884,train
3101,59.31238391810723,59.28805,train
5234,67.18811819694348,67.84053,train
6661,62.82498618409738,62.757084,train
12663,110.67568302020096,110.59537,train
6731,60.19466070864491,59.915432,train
1684,22.34386956684365,22.507294,train
5359,70.8998858391393,70.97728,train
5229,67.18811819694348,66.59193,train
5718,23.43298254652068,23.537079,train
13179,51.76031579593137,50.99969,train
4244,69.52453059841163,69.25637,train
7946,55.891675169143376,55.864098,train
11745,84.38693654155693,84.71464,train
1562,74.77670776968583,74.6596,train
14470,80.83497267860338,80.540474,train
1002,3.328531319289431,3.3485863,train
10231,31.91051408188231,32.106277,train
6086,79.88545352007553,79.81192,train
13606,60.69477696945295,61.21234,train
13028,71.34845173855356,71.63781,train
3175,8.180433892801254,8.095884,train
4808,33.39074910957999,33.42985,train
1466,39.53055859179817,40.363457,train
4576,71.5126952436544,71.36231,train
9781,24.33686745588429,24.484022,train
1552,69.76848318728358,69.51249,train
13039,47.10789941727601,47.06462,train
9785,24.33686745588429,23.87008,train
10877,135.2198141561254,134.67316,train
450,154.98431615588598,155.08774,train
1519,56.318371719458256,56.392273,train
14237,143.8247661167656,143.6047,train
10305,89.61281744144841,90.08044,train
6459,26.320863792397155,26.425556,train
4507,84.82941053361527,85.10545,train
10611,27.913859585699885,27.585487,train
7889,25.51278413365885,25.649954,train
8159,16.314170769820958,16.321915,train
5021,43.29863673312664,43.34936,train
2574,19.628813853406385,19.137405,train
9661,57.78612866760917,57.309635,train
9140,25.04050211213976,24.700535,train
10883,135.2198141561254,135.077,train
8345,134.13491032325388,135.74223,train
5812,59.31238391810723,59.7709,train
2086,106.2025558056929,106.34811,train
8589,8.444298436388001,8.11893,train
8229,22.19104778233357,23.2654,train
2696,59.89579766367838,60.11459,train
5517,38.05130976592272,37.576805,train
1637,11.747596709247082,11.706337,train
5774,43.65657505930208,43.094746,train
8362,115.23290406090766,114.58396,train
9023,77.87315181130059,77.535484,train
8638,16.622909808932246,17.164541,train
11568,69.70696214856945,70.060074,train
5846,119.35792066219084,119.21069,train
11712,94.86192637572438,93.99936,train
6185,77.53876431170232,77.66643,train
1463,39.53055859179817,38.8387,train
6552,58.5236929318425,58.056263,train
14208,67.80500732074917,68.88291,train
2582,21.77517690158367,21.199009,train
6882,56.553861435166894,57.41933,train
11266,2.9065837811274826,2.9278867,train
8148,56.44692913934201,56.475014,train
1634,9.839051198642553,9.784307,train
305,45.080962845763935,45.067074,train
6216,14.147402430467531,14.290309,train
10592,21.99579802176319,23.23617,train
9351,115.23290406090766,115.52777,train
13497,34.767713483007924,34.93321,train
5820,65.47137652330578,65.62978,train
548,101.86758015295236,101.61326,train
9717,77.83754965179875,77.90647,train
13304,47.99809684590056,48.535347,train
1974,193.8751524679473,193.44923,train
171,74.15381360397033,74.38409,train
1655,13.92854978889145,13.888378,train
10490,77.7528643276994,77.875496,train
9939,49.424339205446245,49.38485,train
5121,28.678520203607828,28.93409,train
8011,6.750079908713624,7.0540876,train
11273,3.624115801788345,3.4979146,train
2004,154.98431615588598,155.81001,train
7533,57.39162304208823,57.087196,train
5810,59.31238391810723,59.902725,train
8881,56.318371719454376,56.392273,train
9240,40.76621946032643,40.91114,train
215,39.9122322296036,39.199142,train
3227,22.34386956684365,22.306236,train
13600,60.69477696945295,60.50105,train
1604,5.527128574206158,5.8426633,train
11411,38.91593697359398,38.889015,train
3806,70.5776831156227,71.054924,train
2289,43.65657505930208,43.04155,train
1598,5.527128574206158,5.127069,train
2407,11.384421137066337,11.382449,train
4050,92.69393389813976,92.63378,train
6685,58.48566458724775,58.57326,train
12495,50.09922712517202,50.21915,train
14575,82.32445746323637,82.28201,train
2636,35.46372651810452,36.056194,train
9421,79.9470355349353,80.20249,train
2281,39.33748405428104,38.722485,train
8009,6.750079908713624,7.0540876,train
14443,90.99196236438706,90.87458,train
10522,10.027769629293385,10.160418,train
12929,37.48026356057577,37.402172,train
7090,77.87315181130059,77.58032,train
10732,21.77517690158367,22.185669,train
10282,53.62497940433934,53.805992,train
8657,22.51608457834825,23.06564,train
6272,26.620833128631787,26.619518,train
13422,77.83754965179875,77.92906,train
10389,58.48566458724775,58.57326,train
2778,26.320863792397155,26.241945,train
9868,45.39928951266095,43.198086,train
2543,14.147402430467531,14.357005,train
1378,38.91834885517143,38.72481,train
3369,28.678520203607828,28.93409,train
7592,193.8751524679473,193.96939,train
8520,84.52419181559287,84.63882,train
4222,53.49135176226452,53.94252,train
7024,100.6187540373376,100.11609,train
11302,6.750079908713624,6.5180326,train
4280,38.91834885517143,39.14733,train
3063,39.33748405428104,39.913082,train
4758,15.977335233233198,15.995449,train
332,53.12049932369545,52.72981,train
13502,34.635546819221005,35.21096,train
11487,81.59299887306369,81.87431,train
8547,3.157574944909513,3.249113,train
4684,4.196221297202333,4.2176785,train
4262,75.23466307522513,75.8645,train
9088,78.17671644727096,78.14919,train
5541,41.380738858681696,41.176327,train
5962,71.78670881619587,71.44013,train
5736,28.753615695926324,28.729422,train
12161,49.29258108243957,49.367577,train
9603,48.08623281605109,47.71849,train
12744,83.29477154332817,83.17079,train
13145,39.410668208964985,39.423214,train
12853,42.58610637454368,42.438343,train
455,145.24040847801632,146.1742,train
6476,29.533535528411715,29.286518,train
11762,83.29477154332817,83.70904,train
9825,29.38334863141901,30.06141,train
5859,98.11718222077316,97.81335,train
5559,46.20624283129268,45.89381,train
6800,73.77568009618804,73.69459,train
8820,39.53055859179817,39.82125,train
4561,71.63339382759735,71.88313,train
9602,48.08623281605109,47.94512,train
13963,92.49987338269456,92.50658,train
4392,46.20624283129268,46.966183,train
2918,80.57929170551442,80.19862,train
3602,38.88107047950797,39.009693,train
9970,48.10528443505019,48.257614,train
10247,39.33748405428104,38.526848,train
10137,13.792313484057486,13.836253,train
8879,56.318371719454376,56.277824,train
10664,49.54087768021748,49.73474,train
12849,42.58610637454368,42.2236,train
3361,26.657804872047155,26.492147,train
352,60.376848442270685,59.792824,train
132,61.88227452014178,60.61382,train
6891,57.36151983905263,58.185482,train
2768,25.32142942667775,25.432634,train
13880,125.86447482244527,126.55081,train
10404,58.132094825297145,57.73499,train
10557,15.424596218027991,14.314803,train
9614,48.60542794913941,48.587753,train
568,99.4907361299304,99.420616,train
11256,72.52135855398946,72.59317,train
3461,57.39162304208823,57.729656,train
11051,82.25512726841218,82.34579,train
14598,86.84139842568032,86.8873,train
115,58.27067223232277,57.58433,train
11977,38.74855875286944,38.774685,train
11253,72.52135855398946,72.59314,train
4863,2.606366123918593,2.5885131,train
8080,22.34386956684365,22.507294,train
1243,8.180433892801254,8.095884,train
470,136.76886894565047,136.18718,train
6419,25.04050211213976,24.889671,train
3316,18.448270263304188,18.7998,train
4046,92.69393389813976,92.653595,train
456,145.24040847801632,145.52725,train
4090,25.04050211213976,24.700535,train
3959,107.5197399548222,107.58171,train
4129,26.320863792397155,26.48453,train
3688,152.8177784761153,152.39119,train
3402,35.87508543765299,35.69869,train
13447,47.10789941727601,46.676533,train
11675,110.67568302020096,110.59537,train
10065,67.58928448046117,68.48686,train
2617,32.289249758728964,31.920458,train
7779,3.3460458597073703,3.542901,train
5232,67.18811819694348,67.06852,train
11031,78.17671644727096,78.193054,train
5793,53.62497940433934,53.106033,train
11164,35.87508543765299,35.687725,train
3132,3.624115801788345,3.6672137,train
1335,34.113034957437215,34.287853,train
4134,27.727713592149392,28.21634,train
5972,73.22704486211128,73.30544,train
14365,92.24483243250832,92.18955,train
6646,65.44228559506357,65.05086,train
8042,13.92854978889145,13.855272,train
1373,56.44692913934201,56.475014,train
299,45.080962845763935,45.00883,train
1646,11.747596709247082,11.706337,train
6399,75.24982629334554,75.34399,train
4493,89.57234360169679,89.755325,train
10532,11.079698144729212,11.185267,train
11723,91.2397572047843,92.76851,train
8191,16.774054817925467,19.968704,train
11894,19.038942421022504,17.747993,train
1880,109.30466743726038,108.954124,train
6653,62.82498618409738,62.199623,train
9081,76.77816930527784,76.894295,train
9399,87.37869480347202,87.80918,train
9464,78.3521209153635,78.39561,train
809,211.02994799979388,210.86295,train
1566,74.77670776968583,74.99631,train
11443,56.44692913934201,56.475014,train
4136,27.727713592149392,27.897425,train
8284,40.966698718012495,40.60048,train
6516,40.76621946032643,40.9188,train
2318,59.31238391810723,59.536415,train
4898,5.227697523949966,5.220631,train
9200,29.533535528411715,29.266382,train
3916,143.8247661167656,145.1117,train
6280,26.620833128631787,27.616774,train
14018,93.50643630226388,93.25972,train
9551,52.08281461664617,52.101257,train
564,99.4907361299304,100.1331,train
13163,44.66517096340306,44.495216,train
4886,4.196221297202333,4.2176785,train
12799,86.82293470300802,87.16677,train
1465,39.53055859179817,39.504395,train
738,33.39074910958052,33.42985,train
6745,64.1404088665598,64.1968,train
5427,80.25361829662151,80.35408,train
7164,82.25512726841218,82.34579,train
4936,11.384421137066337,11.389216,train
7898,29.402411149110645,29.774786,train
7712,101.86758015295236,102.13324,train
4968,18.731792724897712,18.79858,train
6535,48.84238573144443,48.46393,train
1479,43.604537301970495,43.953922,train
3955,107.5197399548222,107.434555,train
14120,30.88595532017685,29.300688,train
10681,61.47666898968674,61.499607,train
11243,67.18811819694348,67.06852,train
4074,26.05871153969042,25.467136,train
7053,85.85337627290696,86.010605,train
8149,56.44692913934201,56.475014,train
7913,38.4884049367477,38.59918,train
3715,107.5602418843858,108.56929,train
4652,86.00802491357506,85.99107,train
3562,26.620833128631787,26.455595,train
8908,64.95566127753808,64.96293,train
3795,70.8998858391393,70.85728,train
3906,155.05412004324748,154.5391,train
12870,36.99469593104042,36.41416,train
4370,41.380738858681696,41.13188,train
11756,83.29477154332817,82.704865,train
1341,38.91593697359398,38.889015,train
2557,17.650012712740526,17.342613,train
2809,31.73671877096429,31.766176,train
12673,104.48871564383238,104.85088,train
6001,80.25361829662151,80.35408,train
10017,53.47823699991465,53.24392,train
10599,24.78528594550229,24.33071,train
14342,92.49987338269456,93.171104,train
4458,74.77670776968583,74.6596,train
1047,9.499438230882436,9.491684,train
308,47.39132880100697,47.513927,train
9266,53.49135176226452,53.425674,train
10106,83.09327843384654,82.87334,train
4457,74.77670776968583,74.84654,train
14437,95.82256261856072,95.023445,train
11802,84.01038592956453,84.123245,train
2706,64.87166628595628,65.35463,train
4193,44.597910972306806,44.2347,train
5824,152.8177784761153,152.39119,train
12800,86.82293470300802,86.78558,train
1139,38.10425093874939,38.100716,train
4386,46.20624283129268,45.864323,train
828,179.04708701101467,178.93442,train
9434,78.70967419713557,78.216675,train
6228,15.826709276493416,15.95637,train
14042,12.046394034663363,12.349662,train
12971,47.982575358036456,48.124454,train
1004,3.328531319289431,3.3485863,train
11393,29.77075417333722,29.68344,train
13012,65.83077308186866,65.58197,train
3472,62.1233802776967,62.07221,train
12701,91.2397572047843,91.57808,train
8618,11.995094370873645,12.810704,train
4676,3.328531319289431,3.3485863,train
13301,47.99809684590056,47.510555,train
7912,38.4884049367477,38.59918,train
3271,38.91593697359398,38.889015,train
2927,12.124975352206752,11.80343,train
11990,42.852961632253525,43.417576,train
3653,59.89579766367838,59.82753,train
868,129.4267602168825,129.43854,train
2141,97.47338258073955,97.756226,train
913,109.30466743726038,109.42389,train
11117,24.789633367188944,24.25528,train
4816,38.10425093874939,38.109303,train
8594,8.444298436388001,8.673058,train
3299,56.44692913934201,56.441246,train
2101,101.86758015295236,101.46148,train
3764,76.30367359186545,75.978035,train
12090,52.60873127102636,53.052998,train
12010,52.35653033478938,53.44458,train
5259,134.14502085001388,133.8555,train
7132,75.8861492644395,76.22377,train
14480,78.70427049849316,77.71248,train
12506,49.49174784981139,49.743374,train
5490,35.86295586622186,36.041145,train
9221,34.339930274970904,34.820477,train
10311,83.01808144823141,82.601364,train
8342,134.13491032325388,133.8341,train
10205,25.935608876074404,25.475578,train
2869,53.49135176226452,53.32576,train
4835,49.00862249254413,49.022285,train
9583,48.34358630374402,47.63361,train
6887,56.553861435166894,55.912907,train
10171,17.59043680885926,17.869051,train
4528,77.79019270718537,78.456566,train
14562,80.17803902352684,79.76672,train
10954,82.51266906756706,82.78072,train
4032,92.14301126701253,92.40001,train
7331,73.22704486211128,73.08114,train
8821,39.53055859179817,39.766994,train
11552,68.87072465156034,68.51523,train
9114,84.60291252746008,84.52923,train
13276,50.36965316093952,49.958683,train
13235,60.40667057436809,60.288578,train
7334,73.22704486211128,73.00925,train
8330,61.551258937303125,61.857418,train
1896,103.745126530115,103.7832,train
13881,118.73948000326068,117.70663,train
4509,80.93195157639853,81.121414,train
8074,22.34386956684365,22.306236,train
8785,35.86295586622186,35.810448,train
7618,154.98431615588598,155.04747,train
4415,56.318371719458256,56.392273,train
7648,129.4267602168825,128.99098,train
1306,22.34386956684365,22.507294,train
12058,69.43701604268931,66.3519,train
3471,62.1233802776967,62.35348,train
640,6.442036183009371,6.465546,train
459,145.24040847801632,145.7465,train
13418,73.1915613079784,73.77454,train
11437,50.04341124314785,50.046593,train
10911,100.6187540373376,100.11609,train
5876,90.56896135270873,91.152214,train
9274,58.5236929318425,58.056263,train
13559,44.66517096340306,43.914505,train
9605,48.08623281605109,48.54329,train
6093,76.30367359186545,76.26785,train
8622,14.162925999312623,13.943347,train
12699,91.2397572047843,91.625175,train
7109,75.72806675637788,76.00947,train
14117,27.698995930992588,28.50795,train
4315,35.86295586622186,35.745144,train
4153,31.73671877096429,31.783262,train
8680,34.179775749222635,33.958317,train
7297,70.5776831156227,70.88884,train
11272,3.624115801788345,3.4979146,train
13632,115.99146512869038,116.80456,train
5112,26.657804872047155,26.75049,train
4333,36.94310571922444,37.384216,train
7727,100.48928695862324,99.87875,train
14114,27.698995930992588,28.647884,train
4600,74.18155972707093,74.60622,train
4516,80.93195157639853,81.31358,train
10062,64.10443142186895,63.96755,train
2847,44.597910972306806,44.2347,train
6203,83.09935595306658,82.93783,train
4949,15.977335233233198,15.995449,train
3546,21.77517690158367,22.4591,train
13546,39.410668208964985,39.49309,train
10966,79.86598582053819,79.39094,train
6472,29.533535528411715,29.966042,train
8206,18.82198014263801,18.551725,train
4842,55.271872386990935,55.26333,train
5854,107.5602418843858,107.53071,train
10956,82.51266906756706,82.461815,train
8957,107.39789478589,107.45358,train
11999,47.383642487349135,48.04035,train
1222,5.527128574206158,5.59856,train
4318,35.86295586622186,35.960205,train
13069,36.99469593104042,37.492054,train
9463,78.3521209153635,78.21097,train
9912,66.94929169823543,66.9296,train
5965,71.78670881619587,71.43731,train
2986,17.59043680885926,18.821552,train
8434,81.7828321007955,81.366394,train
9178,26.320863792397155,26.343803,train
7320,71.78670881619587,71.24285,train
4417,56.318371719458256,56.192642,train
12116,46.16640159983851,46.399082,train
5624,74.77670776968583,74.5651,train
6569,63.896198456162885,64.08789,train
9254,48.84238573144443,48.42859,train
4630,80.80332043496728,81.480316,train
7666,117.68636585320668,116.80874,train
1029,6.442036183009371,6.465546,train
9619,48.60542794913941,49.144554,train
8565,4.756993192217126,4.901273,train
13295,48.34358630374402,48.52058,train
4496,89.57234360169679,89.21918,train
5829,152.8177784761153,153.05574,train
10262,43.65657505930208,44.361256,train
7904,33.71724493019231,33.976,train
13243,57.05450517605655,57.730633,train
5177,41.84557272242807,41.924976,train
5316,79.88545352007553,79.97721,train
12307,75.33592393483191,75.835815,train
7445,28.678520203607828,28.92009,train
7266,76.30367359186545,76.31562,train
3516,15.826709276493416,15.924517,train
5368,70.5776831156227,71.054924,train
7668,117.68636585320668,117.77595,train
6378,64.87166628595628,64.76584,train
542,101.86758015295236,102.13324,train
6401,26.05871153969042,26.225237,train
122,59.85653291285112,59.64626,train
6131,70.5776831156227,70.88884,train
13945,94.85645482862957,94.16113,train
10737,24.10159309622668,23.924612,train
3978,99.73165781686828,98.70726,train
5058,62.12878854692645,62.14138,train
4513,80.93195157639853,80.46951,train
10841,59.89579766367838,59.465923,train
3469,62.1233802776967,61.728405,train
13031,53.18976182780735,52.78021,train
13515,35.06929068218894,35.161373,train
12464,55.4430882998278,54.523136,train
3241,25.857534399290905,25.902805,train
288,43.12759497575015,42.78294,train
7962,2.9065837811274826,2.9177651,train
1538,64.95566127753861,64.689575,train
8419,84.24741541524314,85.20542,train
2602,26.620833128631787,26.455595,train
12999,60.69477696945295,59.911434,train
11601,74.30450585772448,74.40576,train
14093,22.120024226901386,21.789839,train
9488,80.66666767817155,80.64111,train
2239,25.935608876074404,25.575977,train
1014,4.196221297202333,4.2176785,train
2842,40.76621946032643,40.9188,train
933,103.745126530115,103.8769,train
6464,27.727713592149392,27.897425,train
10830,55.1604052272772,54.55997,train
166,70.51384660091139,70.93194,train
7170,82.25512726841218,82.1589,train
2722,75.24982629334554,75.19051,train
13093,34.767713483007924,34.702747,train
5110,26.657804872047155,26.296125,train
9962,48.1381815952728,48.197308,train
13892,112.6599718133244,112.443146,train
248,38.74234435378403,39.19131,train
2377,6.442036183009371,6.465546,train
8374,107.7381594436571,108.08867,train
845,154.98431615588598,155.08774,train
7301,70.5776831156227,70.44172,train
1422,35.86295586622186,35.960205,train
9546,54.29787772679955,54.234608,train
7037,94.83357335355618,94.5279,train
12285,84.82941053361527,85.10545,train
145,64.3427073914329,63.270775,train
5252,152.8177784761153,152.31595,train
1237,8.180433892801254,8.045279,train
4514,80.93195157639853,80.552765,train
11486,81.59299887306369,80.88747,train
5206,53.00734926713273,53.398075,train
5336,73.68374035525322,73.63487,train
6728,60.19466070864491,60.06779,train
11594,72.34090204261534,72.48752,train
5374,70.8890994699993,71.18902,train
13697,80.83497267860338,81.70181,train
4951,15.977335233233198,15.995449,train
3723,98.11718222077316,97.81335,train
12302,77.79019270718537,77.431526,train
2779,26.320863792397155,26.61645,train
7862,18.89411765969292,19.188337,train
7894,29.402411149110645,29.774786,train
11027,76.77816930527784,76.741615,train
5807,59.31238391810723,59.28805,train
12324,73.5169788308657,72.58616,train
2372,5.227697523949966,5.220631,train
10980,76.50234292040042,76.13757,train
2107,100.48928695862324,100.81572,train
4765,18.731792724897712,18.79858,train
2947,13.792313484057486,13.495607,train
8781,35.86295586622186,35.745144,train
679,13.53610473193936,13.570401,train
12564,56.716123866601365,56.345978,train
14146,38.13815414182142,38.095886,train
1798,166.17853479893557,167.33725,train
1693,25.857534399290905,25.902805,train
4517,80.93195157639853,80.828575,train
3128,3.624115801788345,3.4979146,train
5691,17.59043680885926,18.134644,train
8866,49.19054255336985,48.75205,train
464,136.76886894565047,136.5796,train
10790,38.88107047950797,38.71269,train
5466,36.41164086407028,35.941,train
4736,11.384421137066337,11.389216,train
9403,84.24741541524314,83.850136,train
7393,19.89991539202705,20.47914,train
1958,230.9901536612257,231.17438,train
1430,36.210240125305205,35.88138,train
3250,29.77075417333722,29.68344,train
4176,37.34804120151974,36.974342,train
1327,34.113034957437215,34.002846,train
13249,54.29787772679955,54.038383,train
13940,94.85645482862957,95.05785,train
10442,61.911697819840086,61.22627,train
10303,65.47137652330578,65.8209,train
9435,78.70967419713557,78.57381,train
9462,78.3521209153635,78.108894,train
1487,46.20624283129268,46.391037,train
11968,35.05216416707113,35.196037,train
9338,123.96214174002029,124.88194,train
8280,36.85856235276155,37.33634,train
3354,24.789633367188944,24.25528,train
530,106.2025558056929,105.88004,train
9990,49.17258922572702,48.985798,train
8398,95.84505322335384,95.24325,train
3744,84.57638463785023,84.69092,train
996,2.606366123918593,2.5885131,train
1537,64.95566127753861,64.578,train
2549,15.826709276493416,15.89258,train
3296,50.04341124314785,50.046593,train
2079,106.2025558056929,106.288506,train
3555,24.10159309622668,24.315777,train
6635,68.70638879452079,69.62119,train
10038,58.10615179076552,57.94507,train
12095,49.56838968278535,48.763035,train
13949,93.38657295807928,93.72405,train
6265,24.10159309622668,23.94026,train
12642,136.40586584491066,136.19653,train
2585,21.77517690158367,22.066484,train
7068,82.51266906756706,82.71796,train
9378,95.84505322335384,94.972084,train
3113,65.47137652330578,65.59412,train
3967,103.23350357813172,102.730804,train
14196,62.03409074627981,62.391777,train
9066,75.8861492644395,75.92729,train
9188,27.727713592149392,27.866194,train
7190,152.8177784761153,153.05574,train
11439,50.04341124314785,50.046593,train
3864,80.25361829662151,80.205025,train
11483,81.59299887306369,81.48865,train
7147,78.17671644727096,78.25467,train
8628,14.162925999312623,15.821026,train
12514,49.49174784981139,50.549465,train
6021,152.8177784761153,153.35208,train
8177,16.251795051003693,16.440851,train
8470,77.93378927116997,78.30641,train
14557,78.37770085810139,78.339294,train
14507,76.10569077995255,76.17408,train
3043,31.91051408188231,32.106277,train
4260,75.23466307522513,75.25315,train
1305,22.34386956684365,22.507294,train
5207,53.00734926713273,53.25458,train
12314,75.33592393483191,74.41513,train
2915,75.23466307522513,75.69347,train
3983,96.9560797736986,96.78033,train
14006,93.28231569539822,92.96164,train
2645,38.88107047950797,39.231335,train
1954,230.9901536612257,230.827,train
9480,80.66666767817155,80.385994,train
14315,96.9560797736986,96.21994,train
490,123.0978685654898,123.18528,train
10613,27.913859585699885,28.043558,train
11313,8.180433892801254,8.095884,train
9643,52.77367077007368,52.542152,train
5986,75.16417987128504,75.50805,train
1152,43.29863673312664,43.34936,train
2570,19.628813853406385,19.601408,train
6640,68.70638879452079,69.04507,train
4502,84.82941053361527,83.499825,train
11823,88.48216304859169,88.70258,train
10767,32.289249758728964,32.074333,train
13071,36.99469593104042,36.810886,train
7125,75.8861492644395,75.83906,train
2230,23.43298254652068,23.53266,train
12807,86.82293470300802,86.426796,train
12445,62.90876193978079,63.603596,train
14022,9.244705548457503,9.204969,train
14408,115.99146512869038,115.22858,train
8136,50.04341124314785,50.046593,train
1111,25.27984779576332,25.3728,train
856,145.24040847801632,144.4857,train
2989,19.28254456595652,19.076628,train
12917,35.06929068218894,34.97845,train
11019,75.8861492644395,76.22377,train
10405,58.132094825297145,58.132137,train
11250,72.52135855398946,72.179214,train
1691,25.857534399290905,25.902805,train
12259,95.27995050133204,95.52936,train
9992,49.17258922572702,49.478043,train
4239,63.896198456162885,63.809254,train
14466,83.56214469765372,84.0072,train
11146,30.8733631927149,30.46753,train
5320,79.88545352007553,80.04548,train
9,73.3559439690645,73.55569,train
1129,33.39074910957999,33.42985,train
6424,24.63527893831387,24.532187,train
8755,37.38629228613615,37.11434,train
443,166.17853479893557,166.61868,train
12109,47.46331387653679,48.32408,train
587,97.47338258073955,97.5188,train
6016,83.09935595306658,83.300934,train
4747,13.53610473193936,13.570401,train
1620,8.180433892801254,8.095884,train
842,154.98431615588598,155.03357,train
4279,38.91834885517143,38.512363,train
3360,26.657804872047155,26.75049,train
908,109.30466743726038,108.752594,train
5389,71.78670881619587,71.6087,train
6328,42.55205181960314,42.901146,train
3907,143.8247661167656,145.43945,train
1457,39.53055859179817,39.76579,train
11503,75.20136128981777,75.28997,train
4636,80.80332043496728,80.32543,train
11793,84.01038592956453,84.57945,train
1134,33.39074910957999,33.42985,train
13157,41.80739580968886,42.052883,train
13605,60.69477696945295,61.2317,train
9145,24.63527893831387,24.534248,train
1381,38.91834885517143,38.700535,train
12797,85.2707950135868,85.36808,train
13324,48.60542794913941,48.527493,train
8285,40.966698718012495,40.81134,train
7836,11.473018356565088,11.611689,train
8046,13.92854978889145,13.855272,train
9353,107.7381594436571,107.93391,train
12401,78.23957030362628,78.34529,train
3015,23.43298254652068,23.813871,train
7149,78.17671644727096,78.044914,train
5091,23.053352899871395,23.231987,train
4629,80.80332043496728,81.6444,train
1068,13.53610473193936,13.578428,train
12275,89.57234360169679,89.74987,train
4880,4.196221297202333,4.2176785,train
1299,22.34386956684365,22.306236,train
2913,75.23466307522513,74.99941,train
1737,50.04341124314785,50.060677,train
558,100.48928695862324,100.20841,train
10699,15.826709276493416,15.885726,train
12818,88.48216304859169,88.75659,train
5463,36.41164086407028,36.824398,train
9059,75.52912062238612,75.75494,train
11750,84.38693654155693,84.04743,train
14357,92.14301126701253,91.95241,train
2134,98.65596999066533,98.38569,train
12286,84.82941053361527,85.29975,train
12572,59.57543179697275,57.891476,train
9933,50.733368627516406,50.323883,train
1231,6.750079908713624,6.5180326,train
7027,100.6187540373376,100.269806,train
2168,13.792313484057486,13.982587,train
2332,65.47137652330578,65.78629,train
13964,92.49987338269456,92.456955,train
177,74.15381360397033,74.743385,train
9744,26.58523738686569,26.963726,train
11500,75.20136128981777,74.52544,train
8469,77.93378927116997,78.15645,train
2056,117.68636585320668,118.03412,train
8106,34.113034957437215,34.287853,train
1790,179.04708701101467,178.75491,train
3525,17.650012712740526,17.391165,train
4026,92.14301126701253,92.362045,train
3612,42.55205181960314,42.760796,train
8156,16.314170769820958,16.280373,train
8705,44.17585277653098,43.99656,train
2505,43.29863673312664,43.34936,train
4447,69.76848318728358,70.21914,train
10676,61.47666898968674,61.282394,train
5525,39.53055859179817,39.766994,train
1238,8.180433892801254,8.045279,train
1910,101.86758015295236,101.49462,train
941,101.86758015295236,101.46148,train
4123,26.320863792397155,26.336197,train
11954,31.74469640013553,30.19102,train
6109,73.68374035525322,74.24492,train
6737,61.911697819840086,61.559925,train
1945,97.47338258073955,97.16948,train
5000,33.39074910957999,33.42985,train
14350,92.49987338269456,92.90811,train
1540,64.95566127753861,64.78493,train
10461,66.87499746459498,66.77241,train
11720,91.2397572047843,90.88984,train
11775,82.69911139745801,82.400406,train
8072,22.34386956684365,22.306236,train
4407,52.561077422993925,52.733273,train
8372,107.7381594436571,107.93391,train
2961,14.865809293936342,14.725729,train
2336,65.47137652330578,65.54062,train
668,11.384421137066337,11.389216,train
13641,108.1849630836454,108.36355,train
4885,4.196221297202333,4.2176785,train
13377,57.78612866760917,57.834637,train
8484,78.3521209153635,78.32074,train
12724,86.04998768751986,86.1414,train
1563,74.77670776968583,74.92359,train
7615,154.98431615588598,155.01675,train
5816,65.47137652330578,64.96109,train
13782,78.37770085810139,77.83748,train
4716,7.85908552453503,7.8486624,train
2082,106.2025558056929,106.36982,train
5808,59.31238391810723,58.854126,train
13640,108.1849630836454,107.32178,train
3337,23.053352899871395,22.671068,train
8774,35.919888386123255,36.328354,train
4963,18.731792724897712,18.79858,train
6683,58.48566458724775,59.660206,train
10112,83.09327843384654,83.19722,train
3242,25.857534399290905,25.902805,train
8963,107.39789478589,107.21504,train
2968,16.125116344342604,15.693031,train
1584,3.624115801788345,3.6877751,train
10457,66.87499746459498,67.20208,train
12795,85.2707950135868,85.12811,train
12210,61.34974693767026,62.187496,train
12021,57.78179082659215,58.20272,train
2173,13.792313484057486,13.675819,train
6576,69.52453059841163,69.402306,train
2916,75.23466307522513,75.8645,train
798,230.9901536612257,231.17438,train
11415,38.91593697359398,38.889015,train
7391,19.89991539202705,20.075949,train
1679,22.34386956684365,22.306236,train
13639,108.1849630836454,107.5979,train
137,61.88227452014178,62.442356,train
13155,41.80739580968886,42.06015,train
4278,38.91834885517143,38.84693,train
2350,3.328531319289431,3.3485863,train
7477,38.72775337298162,38.25842,train
1856,117.68636585320668,116.80874,train
1861,117.68636585320668,118.03412,train
7184,152.8177784761153,152.39119,train
986,97.47338258073955,97.566055,train
13603,60.69477696945295,60.382675,train
11316,8.180433892801254,8.095884,train
618,4.196221297202333,4.2176785,train
7290,70.8998858391393,70.70787,train
9948,48.56996296403304,47.84945,train
8183,16.774054817925467,17.077559,train
1764,230.9901536612257,231.11064,train
13731,76.10569077995255,75.76857,train
2774,25.32142942667775,24.695988,train
13015,65.83077308186866,65.94734,train
356,60.376848442270685,60.86327,train
6339,46.48566476712182,46.50478,train
10054,60.937760889072194,62.099815,train
2175,13.792313484057486,13.855521,train
7522,53.00734926713273,53.45841,train
11776,82.69911139745801,82.415985,train
3081,48.41170998900376,47.91991,train
8914,69.76848318728075,69.51249,train
4170,34.339930274970904,34.514675,train
10606,27.913859585699885,26.648767,train
5699,19.28254456595652,19.13067,train
12201,61.34974693767026,61.26721,train
10654,44.32847378550269,44.65956,train
4530,75.33592393483191,74.85691,train
8199,17.633485569278523,17.982874,train
3657,64.87166628595628,64.8606,train
6540,48.84238573144443,49.325783,train
6910,60.336165845635456,61.121765,train
5335,73.68374035525322,73.799194,train
5033,49.00862249254413,49.022285,train
6343,50.68801501365044,50.62385,train
8347,134.13491032325388,135.25122,train
7247,79.88545352007553,79.799934,train
11383,25.857534399290905,25.902805,train
9380,95.84505322335384,96.27186,train
10691,14.147402430467531,14.290309,train
3872,83.09935595306658,83.02027,train
5703,21.22276810141124,20.698324,train
1168,55.271872386990935,55.26333,train
13568,44.66517096340306,45.37631,train
7607,166.17853479893557,166.05438,train
7026,100.6187540373376,100.02209,train
9013,79.86598582053819,80.89001,train
8247,26.93699031659804,26.746443,train
12113,46.16640159983851,46.000954,train
3085,48.41170998900376,49.244022,train
5534,41.380738858681696,41.72193,train
7590,193.8751524679473,193.92966,train
2546,14.147402430467531,14.795089,train
5136,30.8733631927149,30.611885,train
8797,36.210240125305205,36.3135,train
2114,100.48928695862324,100.46041,train
6615,83.01808144823141,83.22132,train
12402,78.23957030362628,77.68057,train
9241,40.76621946032643,40.53881,train
12521,49.964974571776985,49.366623,train
7224,98.11718222077316,98.20356,train
9660,57.78612866760917,57.28767,train
9402,84.24741541524314,83.73128,train
7980,3.624115801788345,3.6877751,train
14038,10.57203228982024,11.602335,train
1006,3.328531319289431,3.375473,train
999,3.328531319289431,3.3485863,train
12417,83.53755060546025,84.05076,train
13817,86.84139842568032,86.76972,train
1995,166.17853479893557,166.10231,train
4345,38.05130976592272,38.05574,train
7558,72.52135855398946,71.6794,train
6586,75.23466307522513,75.163345,train
14026,9.244705548457503,9.89256,train
6567,63.896198456162885,63.809254,train
4984,25.27984779576332,25.3728,train
5267,119.35792066219084,118.93089,train
8350,134.13491032325388,134.14566,train
6714,58.991170602037386,59.34224,train
7399,21.429473611547053,21.808239,train
11505,75.20136128981777,74.97857,train
6835,59.85944449766063,59.977966,train
11205,48.96526861625701,49.09767,train
9089,78.17671644727096,78.044914,train
879,123.0978685654898,122.66158,train
2863,48.84238573144443,49.025597,train
5407,75.16417987128504,75.32466,train
2888,63.896198456162885,63.57961,train
11947,28.80702918062262,28.788666,train
5756,35.43032585388161,34.733425,train
1339,38.91593697359398,38.889015,train
4039,92.24483243250832,92.16606,train
5811,59.31238391810723,59.743557,train
1682,22.34386956684365,22.507294,train
6226,15.826709276493416,15.816963,train
10933,89.93891881356173,90.57141,train
12551,54.316367961579786,53.23632,train
12440,62.90876193978079,63.3218,train
480,129.4267602168825,128.94719,train
372,69.12845902908616,69.41238,train
11585,70.8035239631433,71.12206,train
12819,89.77171705634251,89.86933,train
4086,25.04050211213976,24.805939,train
13993,92.69393389813976,92.731575,train
4972,21.824079935423136,21.890541,train
11400,34.113034957437215,34.002846,train
10697,15.826709276493416,15.79261,train
11695,99.25129745411776,98.85675,train
7508,48.96526861625701,48.572872,train
8672,29.87847222265743,29.853815,train
13807,84.6747137742003,84.636955,train
5941,70.5776831156227,70.44172,train
10169,17.59043680885926,17.576525,train
8627,14.162925999312623,14.11281,train
4100,24.63527893831387,24.629463,train
14144,38.13815414182142,37.608856,train
11494,78.081523194867,76.74535,train
9749,25.22774623249076,25.335714,train
7505,45.250987390322535,45.10383,train
12439,62.90876193978079,62.10828,train
9448,78.04583599126548,78.493675,train
9832,31.69861229808904,31.165018,train
2615,29.34578260289036,29.789915,train
905,113.1117727502116,112.75312,train
3962,107.5197399548222,108.77221,train
3155,5.527128574206158,5.8426633,train
14240,143.8247661167656,144.31175,train
981,97.47338258073955,97.756226,train
6969,79.03051139114216,79.008125,train
7678,113.1117727502116,112.85745,train
11606,74.30450585772448,74.60863,train
12583,62.87797862213373,62.952827,train
11870,16.57780018172115,16.370344,train
9253,48.84238573144443,48.619,train
4923,9.499438230882436,9.4823885,train
8097,29.77075417333722,29.68344,train
10771,32.289249758728964,32.272346,train
3046,31.91051408188231,32.6341,train
3023,25.935608876074404,26.602875,train
578,98.65596999066533,98.63053,train
8402,91.22443951098568,91.907715,train
7784,4.22054923341766,4.1632366,train
8921,74.77670776968412,74.53945,train
11635,82.2895007905107,82.355995,train
12694,94.86192637572438,95.72185,train
6359,55.1604052272772,55.10616,train
3176,8.180433892801254,8.572685,train
4371,41.380738858681696,41.176327,train
1824,136.76886894565047,136.5796,train
7095,76.50234292040042,76.58661,train
7817,7.914848156370223,8.151059,train
9786,24.33686745588429,24.611887,train
5641,12.124975352206752,12.385472,train
4211,48.84238573144443,49.053825,train
10188,21.22276810141124,20.652275,train
10782,35.46372651810452,35.41293,train
12124,45.5844800104469,45.66992,train
4553,72.29320847026757,72.03457,train
7993,5.527128574206158,5.127069,train
10069,67.58928448046117,66.620415,train
6448,25.32142942667775,24.695988,train
10170,17.59043680885926,17.68941,train
5173,41.84557272242807,41.879284,train
2029,129.4267602168825,130.03374,train
6686,58.48566458724775,58.575134,train
3220,19.20192266480916,19.301252,train
7428,26.657804872047155,26.296125,train
6303,35.46372651810452,35.373882,train
12874,36.99469593104042,37.43515,train
13526,36.02701366128638,35.708706,train
8702,44.17585277653098,43.99656,train
7792,5.260504433154911,5.26385,train
7150,78.17671644727096,78.05006,train
11960,31.74469640013553,31.454256,train
13492,34.767713483007924,34.940994,train
13138,37.48026356057577,37.4585,train
10528,11.079698144729212,11.07104,train
715,25.27984779576332,25.3728,train
5195,48.96526861625701,48.97399,train
9195,29.533535528411715,29.512505,train
4133,27.727713592149392,27.68039,train
5542,41.380738858681696,42.132267,train
9141,25.04050211213976,24.889671,train
2710,70.03363402017787,69.51679,train
4981,25.27984779576332,25.3728,train
12522,49.964974571776985,49.540188,train
7728,100.48928695862324,100.20841,train
11014,75.8861492644395,76.23243,train
3578,32.289249758728964,32.074333,train
7850,13.645628914737031,13.711275,train
2690,59.89579766367838,60.029427,train
954,100.48928695862324,100.46041,train
7043,94.83357335355618,95.63564,train
1980,179.04708701101467,179.63483,train
1527,60.456358375515045,60.304653,train
1892,103.745126530115,103.48608,train
9950,48.56996296403304,48.154144,train
425,179.04708701101467,179.63483,train
12680,104.48871564383238,104.22116,train
2748,24.63527893831387,24.878103,train
345,56.555790586714224,56.91877,train
7012,115.30303150446332,115.50261,train
881,123.0978685654898,123.27762,train
7130,75.8861492644395,75.94442,train
8382,101.3171290408814,101.594406,train
1464,39.53055859179817,38.978584,train
11622,79.3711852446667,79.24177,train
10029,55.61817953038767,54.840805,train
4494,89.57234360169679,89.641624,train
2088,103.745126530115,103.975815,train
12893,34.767713483007924,34.702747,train
8567,4.756993192217126,4.901273,train
6415,25.04050211213976,25.04077,train
6058,98.11718222077316,98.20356,train
7804,6.4852329987035695,6.3357587,train
10840,59.89579766367838,59.847828,train
4459,74.77670776968583,74.92359,train
4334,36.94310571922444,37.353268,train
6506,37.34804120151974,36.880283,train
3099,59.31238391810723,59.139088,train
8052,16.40524145944573,16.485981,train
1187,2.9065837811274826,2.9177651,train
4419,56.318371719458256,56.08493,train
5671,14.865809293936342,14.896745,train
3382,30.8733631927149,30.340412,train
2093,103.745126530115,103.8769,train
4016,92.49987338269456,92.618484,train
4568,71.63339382759735,71.98204,train
7949,55.891675169143376,55.864098,train
11801,84.01038592956453,83.94695,train
4137,27.727713592149392,27.793585,train
5587,56.318371719458256,56.192642,train
12391,76.00671399435468,75.75512,train
1789,179.04708701101467,179.53664,train
8151,56.44692913934201,56.475014,train
1140,38.10425093874939,38.100716,train
6403,26.05871153969042,25.718132,train
662,11.384421137066337,11.382449,train
131,61.88227452014178,61.430454,train
9208,31.73671877096429,31.60564,train
5626,74.77670776968583,74.82856,train
10418,58.991170602037386,59.34224,train
2924,80.57929170551442,80.62067,train
2712,70.03363402017787,70.54149,train
1374,56.44692913934201,56.475014,train
12360,71.91030133184738,72.105804,train
12779,84.01038592956453,84.57945,train
3288,50.04341124314785,50.060677,train
77,56.41096371227875,56.610817,train
9594,47.99809684590056,48.106007,train
2816,31.73671877096429,33.033363,train
12214,65.54060841010474,65.35582,train
10301,65.47137652330578,65.59412,train
276,40.259092491267545,40.974514,train
10402,58.132094825297145,57.918205,train
802,211.02994799979388,210.82059,train
1454,38.05130976592272,37.81097,train
9131,26.05871153969042,26.200397,train
8903,64.95566127753808,65.06118,train
3543,21.77517690158367,22.185669,train
1749,56.44692913934201,56.441246,train
536,103.745126530115,103.7832,train
7231,90.56896135270873,90.160355,train
2926,80.57929170551442,80.599556,train
4336,36.94310571922444,37.104702,train
12766,82.69911139745801,82.773605,train
1040,7.85908552453503,7.8486624,train
10701,15.826709276493416,15.816963,train
13347,50.944218333228456,51.080776,train
7740,99.4907361299304,99.42213,train
12476,51.23740717945918,51.332993,train
599,2.606366123918593,2.5885131,train
9191,27.727713592149392,27.524494,train
2865,48.84238573144443,49.053825,train
7970,2.9065837811274826,2.9278867,train
13635,115.99146512869038,116.23475,train
2537,14.147402430467531,14.2521305,train
8124,44.21359478458822,44.251316,train
6237,17.650012712740526,17.755945,train
7557,72.52135855398946,72.179214,train
6106,73.68374035525322,72.86915,train
2017,136.76886894565047,136.18433,train
4499,84.82941053361527,84.87037,train
5191,48.96526861625701,48.839233,train
6811,69.0298957457494,69.89301,train
3318,19.89991539202705,19.380749,train
4918,7.85908552453503,8.007407,train
11690,104.48871564383238,104.01073,train
14494,77.1364912669906,76.8278,train
13154,41.80739580968886,41.76488,train
13111,35.06929068218894,35.473846,train
7374,83.09935595306658,83.09708,train
9960,48.1381815952728,48.1238,train
13079,35.5258604479491,36.024254,train
6318,38.88107047950797,38.584156,train
13265,52.08281461664617,51.969837,train
10267,48.41170998900376,48.051174,train
10279,53.62497940433934,53.391636,train
4846,55.271872386990935,55.34347,train
301,45.080962845763935,44.003098,train
12193,57.60964815073893,57.79774,train
12261,95.27995050133204,94.68804,train
1860,117.68636585320668,117.66771,train
1877,109.30466743726038,109.43491,train
2006,154.98431615588598,155.25247,train
13339,50.944218333228456,50.552334,train
9725,31.36358082816288,30.627947,train
14344,92.49987338269456,92.618484,train
7183,152.8177784761153,152.41454,train
6534,48.84238573144443,48.858887,train
14492,77.1364912669906,76.683846,train
8450,78.70967419713557,78.90924,train
142,64.3427073914329,64.42817,train
3529,19.628813853406385,19.499573,train
8883,56.318371719454376,56.192642,train
14307,99.73165781686828,99.04083,train
7705,103.745126530115,103.39083,train
9564,50.36965316093952,50.486305,train
10680,61.47666898968674,61.365044,train
10068,67.58928448046117,67.377785,train
14392,93.50643630226388,93.8855,train
12763,82.69911139745801,82.81923,train
13649,101.51368217124082,101.52441,train
10530,11.079698144729212,10.950822,train
8550,3.883984274506569,3.6445823,train
14552,78.37770085810139,78.28159,train
13423,77.83754965179875,77.63551,train
12484,51.23740717945918,52.113663,train
7771,2.618505311135724,2.4686174,train
9486,80.66666767817155,80.486275,train
3041,31.91051408188231,31.958763,train
5629,74.77670776968583,74.92359,train
1509,52.561077422993925,53.052395,train
4696,5.227697523949966,5.220631,train
1057,11.384421137066337,11.382449,train
9560,50.36965316093952,50.565052,train
5346,71.91197889308408,72.524864,train
9080,76.77816930527784,76.741615,train
8736,63.18646167076461,63.536396,train
14319,96.9560797736986,96.77162,train
6349,50.68801501365044,51.025845,train
1515,52.561077422993925,52.38776,train
8482,78.3521209153635,78.21097,train
11586,70.8035239631433,71.27339,train
12850,42.58610637454368,42.01016,train
14228,155.05412004324748,154.4738,train
9803,26.017457290686817,25.285654,train
4174,37.34804120151974,36.81595,train
601,2.606366123918593,2.5885131,train
10285,59.31238391810723,58.588562,train
9641,52.77367077007368,52.803867,train
12618,79.48504113105551,78.958305,train
1293,19.20192266480916,19.301252,train
7028,100.6187540373376,100.17458,train
7058,85.85337627290696,86.22116,train
3729,98.11718222077316,98.1465,train
14336,93.38657295807928,93.39073,train
991,2.606366123918593,2.5885131,train
13487,35.5258604479491,35.478256,train
7604,166.17853479893557,165.72778,train
6815,65.21758392694511,64.77177,train
4824,43.29863673312664,43.34936,train
6220,14.147402430467531,14.795089,train
10568,17.33846922503352,16.632242,train
1918,100.48928695862324,100.20841,train
13816,84.6747137742003,84.973274,train
5012,38.10425093874939,38.100716,train
14263,118.73948000326068,117.70663,train
1003,3.328531319289431,3.3485863,train
13705,80.83497267860338,80.48075,train
8364,115.23290406090766,116.05982,train
6054,98.11718222077316,98.23132,train
3812,70.8890994699993,71.18902,train
4732,11.384421137066337,11.382449,train
11844,16.20097931775689,15.656662,train
11546,69.14676947161414,70.24673,train
612,4.196221297202333,4.2176785,train
7787,4.22054923341766,4.1632366,train
10970,77.87315181130059,77.535484,train
5683,17.59043680885926,17.460567,train
10031,55.61817953038767,54.30513,train
10958,82.51266906756706,82.17954,train
718,25.27984779576332,25.3728,train
9640,52.77367077007368,52.994602,train
12380,74.18155972707093,74.375916,train
1471,41.380738858681696,41.284595,train
14512,75.59158411003656,75.535,train
3547,24.10159309622668,23.968742,train
2075,109.30466743726038,108.954124,train
10007,51.68892331520587,51.07313,train
6462,27.727713592149392,28.21634,train
967,98.65596999066533,98.80887,train
7143,78.17671644727096,78.192795,train
7206,119.35792066219084,119.21069,train
11225,57.39162304208823,57.358273,train
6522,44.597910972306806,44.29755,train
13797,82.32445746323637,82.47557,train
9471,79.27542778284364,79.14797,train
7413,23.053352899871395,22.342949,train
10621,31.40638173133023,30.38438,train
12525,49.964974571776985,50.592197,train
300,45.080962845763935,44.536156,train
5679,16.125116344342604,16.25237,train
13752,75.57765272049815,75.91376,train
6837,59.85944449766063,60.520493,train
7158,80.03415155888028,79.872826,train
13511,35.06929068218894,35.473846,train
12071,56.75820297103196,56.14754,train
1717,38.91593697359398,38.889015,train
14059,15.49099131419465,14.823003,train
3400,35.87508543765299,36.15651,train
10949,85.85337627290696,86.81598,train
3891,168.1502886891345,168.57129,train
12679,104.48871564383238,102.6441,train
3441,48.96526861625701,48.944218,train
7380,18.448270263304188,18.441872,train
10723,19.628813853406385,19.137405,train
4149,29.533535528411715,29.484598,train
3592,35.46372651810452,35.25305,train
11149,30.8733631927149,31.991617,train
13120,36.02701366128638,36.205383,train
12022,57.78179082659215,58.81562,train
8045,13.92854978889145,13.855272,train
1387,37.38629228613615,37.47832,train
10468,70.098803480824,69.922966,train
6700,58.132094825297145,57.73499,train
9294,69.52453059841163,69.25637,train
12083,52.60873127102636,52.33556,train
14077,17.4903137095204,18.206991,train
7343,75.16417987128504,75.24446,train
3433,45.250987390322535,45.146194,train
13350,52.77367077007368,52.803867,train
5973,73.22704486211128,72.95287,train
11286,4.491537072359547,4.5777535,train
12397,78.23957030362628,79.09046,train
3339,23.053352899871395,23.231987,train
3938,118.73948000326068,118.1631,train
12753,82.74203335367166,82.781624,train
953,100.48928695862324,100.20841,train
7173,84.60291252746008,84.51853,train
2753,24.63527893831387,24.036362,train
2608,29.34578260289036,29.523891,train
6761,66.87499746459498,67.501755,train
8676,29.87847222265743,30.14371,train
9943,49.424339205446245,49.523792,train
11986,42.852961632253525,42.115486,train
6305,35.46372651810452,35.03117,train
11315,8.180433892801254,8.095884,train
9735,28.59149940899789,28.451714,train
6555,58.5236929318425,58.551228,train
14154,42.23549826962851,42.720993,train
3809,70.5776831156227,70.76415,train
9326,134.13491032325388,135.74223,train
9697,68.7218064382226,68.7374,train
4450,69.76848318728358,69.69112,train
13879,125.86447482244527,126.397545,train
11538,69.14676947161414,69.852,train
10947,85.85337627290696,85.85446,train
2031,129.4267602168825,129.04076,train
7097,76.50234292040042,75.97144,train
6715,58.991170602037386,59.0684,train
4763,18.731792724897712,18.79858,train
8129,44.21359478458822,44.356483,train
9244,44.597910972306806,44.29755,train
7119,75.52912062238612,75.75494,train
3073,43.65657505930208,44.04871,train
269,40.259092491267545,39.995274,train
9298,69.52453059841163,69.402306,train
9942,49.424339205446245,49.340195,train
2951,13.792313484057486,13.809383,train
6247,19.628813853406385,19.596891,train
9238,40.76621946032643,40.9188,train
4426,60.456358375515045,60.58972,train
10659,49.54087768021748,49.392014,train
13693,83.56214469765372,84.59087,train
8346,134.13491032325388,135.58833,train
13496,34.767713483007924,34.967415,train
14576,82.32445746323637,81.98711,train
6984,82.6921619327566,82.85186,train
11242,67.18811819694348,67.10187,train
2305,48.41170998900376,49.244022,train
5478,35.919888386123255,36.328354,train
5224,62.1233802776967,62.07221,train
6322,42.55205181960314,42.431248,train
3470,62.1233802776967,61.33575,train
14339,93.38657295807928,93.53179,train
13227,71.34845173855356,71.63781,train
10515,9.141045624325722,9.552987,train
11713,94.86192637572438,96.46607,train
8477,77.93378927116997,78.53718,train
2480,33.39074910957999,33.42985,train
6592,80.57929170551442,80.19862,train
14226,155.05412004324748,154.34389,train
11536,69.8994010800787,70.86251,train
191,81.83523066971891,82.05021,train
8264,33.15923815640949,32.32031,train
3292,50.04341124314785,50.046593,train
11196,45.250987390322535,45.146194,train
4585,71.91030133184738,71.928856,train
8658,22.51608457834825,23.06564,train
11879,17.141358034855276,17.198996,train
961,99.4907361299304,99.893845,train
10564,15.424596218027991,15.988629,train
9283,63.896198456162885,63.572266,train
2301,48.41170998900376,47.91991,train
13432,53.18976182780735,53.747868,train
2300,48.41170998900376,48.308357,train
14464,83.56214469765372,84.2015,train
10209,25.935608876074404,25.997763,train
12127,45.5844800104469,46.29853,train
3615,42.55205181960314,42.876614,train
3466,57.39162304208823,58.021626,train
6632,72.67230242637233,73.34375,train
8411,87.37869480347202,87.33364,train
8465,78.04583599126548,77.97368,train
4245,69.52453059841163,69.2358,train
14041,12.046394034663363,11.469192,train
5953,70.8890994699993,71.157646,train
3261,34.113034957437215,34.287853,train
3481,67.18811819694348,67.06694,train
9203,31.73671877096429,31.783262,train
5862,98.11718222077316,98.41307,train
12926,36.02701366128638,35.708706,train
11011,75.8861492644395,75.91719,train
12510,49.49174784981139,48.856472,train
10892,124.5037870661705,124.48183,train
9505,84.52419181559287,84.43903,train
159,70.51384660091139,71.465324,train
12720,86.04998768751986,86.30521,train
6603,89.61281744144841,90.260254,train
6511,40.76621946032643,40.48518,train
1712,34.113034957437215,34.287853,train
12196,57.60964815073893,57.606728,train
9103,82.25512726841218,82.57819,train
4881,4.196221297202333,4.2176785,train
14279,112.6599718133244,113.497604,train
12381,74.18155972707093,74.31198,train
2471,29.12596598702036,29.164534,train
10725,19.628813853406385,20.452904,train
4048,92.69393389813976,92.375755,train
9920,52.53979191594191,51.768402,train
6780,73.76729204182922,73.73493,train
9704,73.1915613079784,73.33906,train
6288,29.34578260289036,29.522072,train
11052,82.25512726841218,82.41469,train
100,57.128108492674905,57.50661,train
14202,67.80500732074917,67.58739,train
9998,50.2526064803528,49.12763,train
14216,183.50675596781025,183.38528,train
5145,33.2646262088608,32.849815,train
3528,19.628813853406385,19.388369,train
5148,33.2646262088608,33.809376,train
8295,45.49256223877087,44.889313,train
2469,29.12596598702036,29.164534,train
284,41.522611277483854,40.391598,train
6553,58.5236929318425,58.08872,train
14048,12.046394034663363,13.099647,train
7151,78.17671644727096,78.2144,train
4745,13.53610473193936,13.570401,train
1302,22.34386956684365,22.507294,train
3564,26.620833128631787,27.228214,train
13625,71.34845173855356,71.54196,train
1927,99.4907361299304,98.96975,train
5364,70.5776831156227,70.84615,train
8146,56.44692913934201,56.475014,train
13757,76.04901284854375,75.94199,train
8944,124.5037870661705,124.10812,train
787,62.12878854692645,62.100945,train
4285,37.38629228613615,37.2975,train
3204,13.92854978889145,13.888378,train
7180,84.60291252746008,84.67659,train
4291,37.38629228613615,37.50922,train
9791,24.963663940738886,24.746525,train
13818,86.84139842568032,87.188576,train
4368,41.380738858681696,40.694874,train
1882,106.2025558056929,105.95131,train
6345,50.68801501365044,50.56005,train
10494,77.7528643276994,77.876465,train
85,56.19046936462432,56.24835,train
6616,77.41176032874927,77.214455,train
13402,68.7218064382226,68.41377,train
11735,86.04998768751986,86.56813,train
8725,56.26207912881144,56.080215,train
14169,51.441846041956246,50.138344,train
14270,118.73948000326068,118.00152,train
11053,82.25512726841218,82.15868,train
8325,61.551258937303125,60.893044,train
1531,60.456358375515045,60.34614,train
7994,5.527128574206158,5.59856,train
698,18.731792724897712,18.79858,train
12604,70.67888709810615,70.94814,train
2874,53.49135176226452,53.449036,train
4313,35.86295586622186,36.127625,train
10145,14.865809293936342,14.89572,train
10612,27.913859585699885,28.172636,train
3770,76.30367359186545,76.31562,train
7985,4.491537072359547,4.5777535,train
1214,4.491537072359547,4.5777535,train
14422,101.51368217124082,101.217445,train
4795,29.12596598702036,29.164534,train
13740,75.59158411003656,75.535,train
5185,45.250987390322535,45.146194,train
6711,58.30263960140757,58.433613,train
14536,76.04901284854375,76.02762,train
265,39.33265262833491,39.6715,train
13440,47.10789941727601,47.1221,train
14130,34.36019909387007,32.677166,train
12761,82.69911139745801,82.400406,train
13167,44.66517096340306,44.53151,train
9267,53.49135176226452,53.646248,train
6792,73.77568009618804,73.19534,train
11869,16.57780018172115,16.551392,train
2455,21.824079935423136,21.8916,train
12399,78.23957030362628,78.997086,train
2580,21.77517690158367,21.55294,train
6518,40.76621946032643,40.91114,train
1219,5.527128574206158,5.59856,train
9817,27.490995490790755,27.910175,train
3509,15.826709276493416,15.89258,train
12994,55.99893434087522,56.449917,train
8608,10.096319714222924,10.299746,train
6361,59.89579766367838,59.75779,train
824,179.04708701101467,179.53664,train
8250,26.93699031659804,27.441696,train
10055,64.10443142186895,63.987198,train
14410,115.99146512869038,115.9683,train
14262,125.86447482244527,126.55081,train
7273,73.68374035525322,73.293884,train
3419,41.84557272242807,41.818546,train
13543,39.410668208964985,39.392822,train
10444,61.911697819840086,61.245525,train
1431,36.210240125305205,36.079857,train
2503,43.29863673312664,43.34936,train
8777,35.919888386123255,36.0838,train
6351,55.1604052272772,55.097538,train
11862,16.264210965298563,16.755842,train
10111,83.09327843384654,83.24121,train
3691,152.8177784761153,153.35208,train
14209,183.50675596781025,183.30684,train
292,43.12759497575015,41.82987,train
3577,32.289249758728964,31.920458,train
12711,88.31993375128738,88.33768,train
5550,43.604537301970495,42.852943,train
5371,70.5776831156227,70.76415,train
13220,71.34845173855356,70.54845,train
224,39.0547337639536,39.54649,train
2575,19.628813853406385,20.234411,train
11382,25.857534399290905,25.89554,train
825,179.04708701101467,178.75491,train
1966,211.02994799979388,211.15405,train
3182,9.839051198642553,9.784307,train
1173,55.271872386990935,55.26333,train
7909,33.71724493019231,33.976,train
5788,48.41170998900376,48.745525,train
12050,78.77344906209804,78.56637,train
5313,79.88545352007553,79.799934,train
6531,48.84238573144443,48.619,train
11806,85.2707950135868,84.91953,train
7551,67.18811819694348,67.06694,train
6833,59.85944449766063,59.489124,train
8519,84.52419181559287,84.62788,train
659,9.499438230882436,9.4823885,train
1407,35.919888386123255,36.054474,train
6010,83.09935595306658,83.0485,train
9820,29.38334863141901,28.388779,train
10424,58.991170602037386,58.96294,train
10433,60.19466070864491,59.819794,train
10844,59.89579766367838,60.49309,train
14265,118.73948000326068,117.17053,train
1694,25.857534399290905,25.902805,train
13629,115.99146512869038,116.5321,train
9521,60.40667057436809,60.173183,train
13643,108.1849630836454,108.497665,train
14030,10.57203228982024,9.822881,train
12897,34.767713483007924,34.93321,train
1281,16.40524145944573,16.451323,train
1865,113.1117727502116,115.03595,train
12986,51.76031579593137,52.1716,train
13684,86.92916151125281,86.33044,train
3616,42.55205181960314,43.083218,train
3033,28.753615695926324,28.788296,train
7431,26.657804872047155,26.492147,train
2476,29.12596598702036,29.164534,train
11987,42.852961632253525,42.130512,train
1421,35.86295586622186,35.900734,train
2478,33.39074910957999,33.42985,train
14078,17.4903137095204,18.64793,train
14211,183.50675596781025,183.36143,train
2070,109.30466743726038,108.88957,train
5344,71.91197889308408,72.31668,train
5404,75.16417987128504,75.006485,train
694,18.731792724897712,18.79858,train
4091,25.04050211213976,24.889671,train
64,57.10888254437111,56.775192,train
6047,107.5602418843858,108.0959,train
3375,28.678520203607828,28.92009,train
2751,24.63527893831387,24.57698,train
10203,23.43298254652068,23.813871,train
2740,25.04050211213976,24.805939,train
6175,75.16417987128504,75.32466,train
7205,119.35792066219084,119.01128,train
4235,63.896198456162885,63.779366,train
2409,11.384421137066337,11.382449,train
14402,115.99146512869038,114.61859,train
7794,5.260504433154911,5.26385,train
6087,79.88545352007553,79.67092,train
5019,43.29863673312664,43.34936,train
12735,84.38693654155693,84.00177,train
13141,39.410668208964985,39.038757,train
12637,136.40586584491066,136.31111,train
13832,183.50675596781025,182.01694,train
4656,86.00802491357506,85.90555,train
13127,36.02701366128638,35.83653,train
8849,46.20624283129268,46.391037,train
9628,49.5567795038002,49.970905,train
2202,17.59043680885926,17.68941,train
4967,18.731792724897712,18.79858,train
1101,21.824079935423136,21.890541,train
3035,28.753615695926324,29.331951,train
3563,26.620833128631787,26.379417,train
4329,36.210240125305205,36.002758,train
6978,79.03051139114216,79.1693,train
12492,50.09922712517202,49.916546,train
3926,125.86447482244527,125.285995,train
6217,14.147402430467531,14.357005,train
7582,211.02994799979388,210.86295,train
13390,64.63130975413613,64.30984,train
10859,70.03363402017787,69.51679,train
1802,166.17853479893557,165.64131,train
12523,49.964974571776985,50.920597,train
2810,31.73671877096429,31.831873,train
3583,32.289249758728964,32.549664,train
9504,84.52419181559287,84.43398,train
9525,60.40667057436809,61.27929,train
8087,25.857534399290905,25.902805,train
11871,16.57780018172115,17.178404,train
4906,6.442036183009371,6.465546,train
10325,77.41176032874927,76.82751,train
5545,43.604537301970495,43.953922,train
2233,23.43298254652068,23.849062,train
378,73.95193879191451,73.090416,train
7267,73.68374035525322,73.70931,train
9357,107.7381594436571,108.41408,train
7248,79.88545352007553,79.5379,train
3208,16.40524145944573,16.485981,train
8861,49.19054255336985,48.81167,train
5103,24.789633367188944,24.937218,train
14558,78.37770085810139,78.33658,train
14527,75.57765272049815,75.93632,train
519,109.30466743726038,109.05028,train
13156,41.80739580968886,42.311512,train
3243,25.857534399290905,25.902805,train
12770,83.13470642646298,83.07893,train
11454,96.6886854171183,96.6277,train
12365,71.91030133184738,72.16044,train
4910,7.85908552453503,7.8486624,train
8789,36.210240125305205,36.642265,train
9111,82.25512726841218,82.21662,train
622,5.227697523949966,5.220631,train
7229,90.56896135270873,89.799225,train
14526,75.57765272049815,76.03442,train
3565,26.620833128631787,27.0513,train
11807,85.2707950135868,84.93585,train
12721,86.04998768751986,86.56813,train
8592,8.444298436388001,8.195818,train
6589,75.23466307522513,75.69347,train
3039,31.91051408188231,31.368294,train
38,60.032163690610005,60.78224,train
5821,65.47137652330578,65.8209,train
1713,34.113034957437215,34.287853,train
7610,166.17853479893557,166.10231,train
7580,211.02994799979388,211.24374,train
2725,75.24982629334554,75.34399,train
9484,80.66666767817155,80.40514,train
3899,155.05412004324748,155.49332,train
10010,51.68892331520587,51.15275,train
7395,19.89991539202705,20.224121,train
14002,93.28231569539822,93.49478,train
10153,14.865809293936342,14.896745,train
3944,118.73948000326068,119.278366,train
1278,16.40524145944573,16.485981,train
2644,38.88107047950797,38.584156,train
6092,76.30367359186545,75.69087,train
3090,53.62497940433934,53.42105,train
5652,12.885025212225244,13.007046,train
8099,29.77075417333722,29.68344,train
9004,82.51266906756706,82.18002,train
9097,80.03415155888028,79.92051,train
6948,68.06824537618436,68.649956,train
6598,80.57929170551442,80.62067,train
6035,119.35792066219084,118.93089,train
14321,94.85645482862957,94.52558,train
499,117.68636585320668,118.25894,train
11908,20.391351361528265,20.113708,train
476,129.4267602168825,129.04076,train
12652,117.94057501366258,118.03997,train
11781,82.69911139745801,82.92089,train
5922,71.91197889308408,71.56728,train
10698,15.826709276493416,15.89258,train
2711,70.03363402017787,70.23801,train
3651,59.89579766367838,59.847828,train
6099,76.30367359186545,76.30677,train
7646,129.4267602168825,129.04076,train
2159,12.885025212225244,13.051417,train
3476,62.1233802776967,62.294556,train
7239,84.57638463785023,84.841225,train
3499,14.147402430467531,14.128533,train
4445,69.76848318728358,69.79622,train
3357,26.657804872047155,26.175613,train
7821,7.914848156370223,8.151059,train
12840,47.10789941727601,47.1221,train
7573,230.9901536612257,231.17438,train
11191,45.250987390322535,44.56711,train
4856,62.12878854692645,62.14138,train
8351,134.13491032325388,134.00287,train
7492,41.84557272242807,41.87987,train
2957,14.865809293936342,14.89572,train
644,7.85908552453503,7.8486624,train
10805,42.55205181960314,43.083218,train
12568,59.57543179697275,59.720005,train
8580,7.017482350592017,6.571296,train
11012,75.8861492644395,75.83906,train
10594,21.99579802176319,23.105446,train
3274,38.91593697359398,38.889015,train
10455,64.1404088665598,64.183266,train
5406,75.16417987128504,75.171,train
6295,32.289249758728964,31.74171,train
3786,71.91197889308408,71.56728,train
2694,59.89579766367838,60.020126,train
8713,49.93884663241446,49.784225,train
2859,48.84238573144443,48.477417,train
14104,24.782599128301666,25.379534,train
14369,92.24483243250832,92.41471,train
3979,99.73165781686828,99.04083,train
4005,93.38657295807928,93.53277,train
12892,34.767713483007924,34.940994,train
4382,43.604537301970495,44.034134,train
4173,37.34804120151974,37.09239,train
11599,74.30450585772448,74.38407,train
208,39.9122322296036,40.07264,train
10581,19.521311513476668,20.579067,train
12831,53.18976182780735,52.78021,train
1258,11.747596709247082,11.706337,train
4883,4.196221297202333,4.2176785,train
11058,82.25512726841218,82.21662,train
1622,8.180433892801254,8.095884,train
14516,75.59158411003656,75.924706,train
13926,99.73165781686828,99.69388,train
1380,38.91834885517143,38.124878,train
11778,82.69911139745801,82.801384,train
8551,3.883984274506569,3.6445823,train
6893,57.36151983905263,57.961174,train
6332,46.48566476712182,45.990513,train
2861,48.84238573144443,48.46393,train
3866,80.25361829662151,80.25926,train
11373,22.34386956684365,22.306236,train
10833,55.1604052272772,55.040672,train
13051,42.58610637454368,42.01727,train
13912,103.23350357813172,103.3729,train
8899,64.95566127753808,64.578,train
14105,24.782599128301666,25.484509,train
9341,123.96214174002029,123.82548,train
10030,55.61817953038767,54.416504,train
12164,49.29258108243957,49.42488,train
1394,37.38629228613615,37.39963,train
2811,31.73671877096429,31.68184,train
4772,21.824079935423136,21.890541,train
533,103.745126530115,103.975815,train
4875,3.328531319289431,3.3485863,train
8066,19.20192266480916,19.301252,train
8718,49.93884663241446,49.764313,train
11970,35.05216416707113,35.695538,train
7622,154.98431615588598,155.05888,train
11982,38.74855875286944,39.644108,train
7703,103.745126530115,103.975815,train
7814,7.914848156370223,8.151059,train
220,39.0547337639536,38.140896,train
2295,43.65657505930208,44.38075,train
7888,25.51278413365885,25.649954,train
12749,82.74203335367166,83.74689,train
13790,80.17803902352684,79.76672,train
13016,65.83077308186866,66.45844,train
4266,80.57929170551442,80.63314,train
9415,81.7828321007955,81.366394,train
2448,21.824079935423136,21.890541,train
13131,37.48026356057577,37.38459,train
5730,25.935608876074404,26.501438,train
608,3.328531319289431,3.3485863,train
11319,8.180433892801254,8.572685,train
3738,90.56896135270873,90.340515,train
6590,75.23466307522513,75.8645,train
10126,12.885025212225244,12.758137,train
5496,36.210240125305205,35.88138,train
8661,26.00016013994612,25.903555,train
5402,73.22704486211128,73.76752,train
10820,50.68801501365044,50.56005,train
4299,36.41164086407028,36.269077,train
7750,98.65596999066533,98.66757,train
4161,31.73671877096429,31.747446,train
1397,36.41164086407028,36.824398,train
3421,41.84557272242807,41.879284,train
10735,21.77517690158367,22.4591,train
14380,92.69393389813976,92.520935,train
13722,77.1364912669906,76.8278,train
11798,84.01038592956453,84.01046,train
3822,71.78670881619587,71.63369,train
7489,41.84557272242807,41.818546,train
9937,49.424339205446245,48.504208,train
11068,84.60291252746008,84.65177,train
12683,99.25129745411776,98.85675,train
3141,4.491537072359547,4.5777535,train
12747,83.29477154332817,83.25149,train
13574,47.982575358036456,47.898136,train
8681,34.179775749222635,33.958317,train
5674,16.125116344342604,15.693031,train
10367,60.81262844049596,60.230644,train
4598,72.80691569376961,73.25417,train
4021,92.49987338269456,92.9171,train
4225,58.5236929318425,58.08872,train
11773,82.69911139745801,83.632,train
810,193.8751524679473,194.05234,train
13627,71.34845173855356,71.63781,train
10794,38.88107047950797,39.231335,train
2785,26.320863792397155,26.425556,train
586,97.47338258073955,97.756226,train
14303,99.73165781686828,99.54049,train
9883,50.01044157412626,50.206944,train
7819,7.914848156370223,8.151059,train
7419,24.789633367188944,24.759245,train
12598,70.67888709810615,70.39268,train
8400,91.22443951098568,92.22692,train
9587,48.34358630374402,48.46952,train
5920,71.91197889308408,72.524864,train
9842,34.44495678366445,33.567177,train
13717,77.1364912669906,77.866196,train
4025,92.14301126701253,92.15251,train
11922,22.02913768609874,23.017778,train
1997,166.17853479893557,165.64131,train
2765,24.74816706908628,24.689999,train
823,179.04708701101467,177.46169,train
2091,103.745126530115,103.7832,train
5287,98.11718222077316,98.42758,train
5357,70.8998858391393,70.85728,train
13271,50.36965316093952,50.28851,train
6667,60.81262844049596,60.209236,train
11472,85.80236635218084,85.825905,train
11038,78.17671644727096,78.2144,train
6418,25.04050211213976,24.700535,train
3712,107.5602418843858,107.83141,train
9601,48.08623281605109,47.76415,train
3401,35.87508543765299,35.687725,train
2699,64.87166628595628,64.65267,train
9925,52.53979191594191,52.008484,train
5897,76.30367359186545,75.93833,train
3491,72.52135855398946,72.73618,train
6903,58.62478073631361,58.848503,train
4929,11.384421137066337,11.382449,train
3448,53.00734926713273,52.33525,train
2850,44.597910972306806,44.58044,train
3667,70.03363402017787,69.93339,train
8147,56.44692913934201,56.475014,train
12700,91.2397572047843,91.117905,train
2108,100.48928695862324,100.71848,train
2610,29.34578260289036,28.932192,train
3407,38.72775337298162,38.25842,train
5907,73.68374035525322,73.70931,train
5885,84.57638463785023,84.49868,train
10124,12.124975352206752,12.668792,train
3750,84.57638463785023,84.50711,train
7867,18.89411765969292,19.188337,train
9125,26.05871153969042,25.718132,train
2502,43.29863673312664,43.34936,train
11612,76.6667816523841,76.68864,train
2801,29.533535528411715,29.39034,train
1588,4.491537072359547,4.5777535,train
2949,13.792313484057486,13.836253,train
7019,107.39789478589,107.56168,train
12372,72.80691569376961,72.65042,train
13021,71.34845173855356,71.10864,train
14031,10.57203228982024,10.079002,train
3078,48.41170998900376,48.051174,train
5723,25.935608876074404,25.475578,train
10152,14.865809293936342,14.961182,train
13311,48.08623281605109,47.94512,train
10814,46.48566476712182,46.50478,train
9935,49.424339205446245,49.620174,train
11654,136.40586584491066,136.56375,train
667,11.384421137066337,11.382449,train
8950,115.30303150446332,115.21376,train
6225,15.826709276493416,15.800065,train
11364,19.20192266480916,19.301252,train
11076,18.448270263304188,18.682518,train
4994,29.12596598702036,29.164534,train
8174,16.251795051003693,16.689646,train
13889,118.73948000326068,117.62835,train
6248,19.628813853406385,19.137405,train
4616,76.00671399435468,75.26483,train
4578,71.5126952436544,72.05631,train
6797,73.77568009618804,73.814896,train
7217,98.11718222077316,97.72814,train
14281,107.5197399548222,107.892494,train
14556,78.37770085810139,78.04518,train
14071,17.4903137095204,17.028507,train
14361,92.24483243250832,92.586845,train
2788,27.727713592149392,28.21634,train
4131,26.320863792397155,26.425556,train
11343,13.92854978889145,13.855272,train
1710,34.113034957437215,34.002846,train
2826,34.339930274970904,34.929558,train
10506,9.141045624325722,8.954827,train
14573,82.32445746323637,81.94666,train
7161,80.03415155888028,80.12727,train
7659,123.0978685654898,123.39627,train
8260,29.856612492782848,30.364481,train
2946,12.885025212225244,13.007046,train
4070,93.50643630226388,93.31317,train
13189,55.99893434087522,54.784885,train
4424,60.456358375515045,60.10656,train
7219,98.11718222077316,97.81335,train
10996,75.72806675637788,76.00947,train
185,78.0347307986556,77.544525,train
10979,77.87315181130059,78.01122,train
8432,81.7828321007955,80.39242,train
3457,57.39162304208823,56.82377,train
146,64.3427073914329,64.21739,train
4572,71.5126952436544,71.99412,train
902,113.1117727502116,112.93305,train
12736,84.38693654155693,84.04743,train
9309,75.23466307522513,74.99941,train
6878,56.21134114752307,56.71158,train
8805,36.94310571922444,36.638897,train
9297,69.52453059841163,69.74247,train
535,103.745126530115,103.39083,train
11257,72.52135855398946,72.762955,train
14377,92.69393389813976,92.46475,train
3107,65.47137652330578,64.82291,train
6647,65.44228559506357,64.72,train
6036,119.35792066219084,119.55313,train
8126,44.21359478458822,44.251316,train
2497,43.29863673312664,43.34936,train
8751,37.38629228613615,37.2975,train
2629,35.46372651810452,35.373882,train
9024,77.87315181130059,77.83067,train
9285,63.896198456162885,63.779366,train
2293,43.65657505930208,44.04871,train
6214,14.147402430467531,14.198435,train
7484,38.72775337298162,38.59051,train
5794,53.62497940433934,53.342674,train
6234,17.650012712740526,17.640043,train
8069,19.20192266480916,19.301252,train
12500,49.52880914978266,48.977673,train
7960,62.858388995900896,62.81541,train
11046,80.03415155888028,79.851265,train
2065,113.1117727502116,112.75312,train
988,2.606366123918593,2.5885131,train
4799,33.39074910957999,33.42985,train
5899,76.30367359186545,76.26785,train
13484,35.5258604479491,34.99002,train
13801,82.32445746323637,81.94666,train
2619,32.289249758728964,32.16589,train
11783,83.13470642646298,83.72426,train
790,62.12878854692645,62.14138,train
9162,24.74816706908628,24.819693,train
10894,115.30303150446332,115.20354,train
1739,50.04341124314785,50.046593,train
3001,21.22276810141124,20.842152,train
10774,32.289249758728964,32.985172,train
8568,4.756993192217126,4.901273,train
10688,14.147402430467531,14.128533,train
9819,29.38334863141901,28.333662,train
3835,73.22704486211128,73.08114,train
5902,76.30367359186545,76.53875,train
10533,11.079698144729212,11.384524,train
5577,52.561077422993925,52.733273,train
31,62.33053491715185,61.48566,train
5651,12.885025212225244,12.914359,train
14449,86.92916151125281,87.362175,train
10004,50.2526064803528,49.897587,train
8845,43.604537301970495,42.55329,train
14194,62.03409074627981,62.163254,train
6235,17.650012712740526,17.519032,train
13068,39.2928079640545,39.307323,train
13194,55.99893434087522,56.449917,train
2180,14.865809293936342,14.945129,train
1304,22.34386956684365,22.507294,train
7529,57.39162304208823,56.868797,train
13089,34.767713483007924,35.167473,train
119,59.85653291285112,59.81879,train
5768,39.33748405428104,39.12659,train
2724,75.24982629334554,75.309494,train
12499,49.52880914978266,48.89175,train
274,40.259092491267545,39.944576,train
3984,96.9560797736986,97.13152,train
11886,17.95913696269572,17.698675,train
2820,34.339930274970904,34.151405,train
3420,41.84557272242807,41.828064,train
12847,47.10789941727601,46.676533,train
12651,126.44708143304572,126.59379,train
13538,37.48026356057577,37.4585,train
11349,13.92854978889145,13.888378,train
8696,38.93464249503359,38.86214,train
4715,7.85908552453503,7.8486624,train
1988,179.04708701101467,178.93442,train
9190,27.727713592149392,27.649464,train
8410,87.37869480347202,86.01867,train
889,117.68636585320668,116.82686,train
8726,56.26207912881144,56.080215,train
4724,9.499438230882436,9.4823885,train
2352,3.328531319289431,3.3485863,train
12941,39.410668208964985,39.038757,train
12974,47.982575358036456,47.898136,train
4013,92.49987338269456,93.026505,train
4132,26.320863792397155,27.017809,train
8190,16.774054817925467,17.092278,train
12046,78.77344906209804,79.44559,train
9409,84.24741541524314,83.90235,train
11367,19.20192266480916,19.301252,train
7400,21.429473611547053,21.703712,train
1544,64.95566127753861,65.30718,train
6251,21.77517690158367,21.008434,train
5370,70.5776831156227,70.82271,train
14055,13.681305189167857,14.258948,train
12517,49.964974571776985,50.36309,train
2416,11.384421137066337,11.389216,train
11686,104.48871564383238,103.45456,train
5372,70.5776831156227,70.852806,train
8415,87.37869480347202,86.622116,train
8919,74.77670776968412,74.54734,train
9293,69.52453059841163,69.33924,train
12226,70.13557868690133,70.08586,train
11456,96.6886854171183,97.19833,train
11955,31.74469640013553,30.353098,train
4413,56.318371719458256,56.277824,train
9531,57.05450517605655,57.67527,train
12337,71.63339382759735,72.08238,train
3988,96.9560797736986,96.559875,train
4755,15.977335233233198,15.995449,train
5014,38.10425093874939,38.100716,train
12864,39.2928079640545,39.25072,train
9265,53.49135176226452,53.32576,train
9929,50.733368627516406,51.547894,train
10590,21.99579802176319,22.240978,train
5720,23.43298254652068,23.78155,train
14075,17.4903137095204,18.01439,train
5479,35.919888386123255,35.930195,train
6267,24.10159309622668,23.7916,train
7410,23.053352899871395,23.333712,train
10648,44.32847378550269,43.94294,train
14097,22.120024226901386,23.290003,train
1300,22.34386956684365,22.306236,train
5464,36.41164086407028,36.403477,train
14289,107.5197399548222,108.49579,train
14301,99.73165781686828,100.608505,train
8900,64.95566127753808,64.689575,train
7250,79.88545352007553,79.97721,train
9798,26.017457290686817,26.37518,train
1939,98.65596999066533,98.38569,train
13254,54.29787772679955,54.72897,train
11748,84.38693654155693,84.257034,train
1587,4.491537072359547,3.9090438,train
5297,90.56896135270873,90.160355,train
2883,58.5236929318425,58.3316,train
4687,4.196221297202333,4.2176785,train
9358,107.7381594436571,108.33287,train
3212,16.40524145944573,16.451323,train
3997,94.85645482862957,94.22909,train
2449,21.824079935423136,21.890541,train
12227,70.13557868690133,70.3932,train
2903,69.52453059841163,69.45244,train
1781,193.8751524679473,194.98624,train
5489,35.86295586622186,35.810448,train
12531,50.93322091321282,50.379627,train
1811,154.98431615588598,155.25247,train
8083,25.857534399290905,25.89554,train
10202,23.43298254652068,23.78155,train
5327,76.30367359186545,76.69339,train
1091,18.731792724897712,18.79858,train
4847,55.271872386990935,55.34347,train
7209,107.5602418843858,107.734634,train
7281,71.91197889308408,71.95168,train
11303,6.750079908713624,6.5180326,train
12581,62.87797862213373,61.545696,train
8575,5.7950658060046285,6.0666656,train
7734,99.4907361299304,100.1331,train
8088,25.857534399290905,25.902805,train
8792,36.210240125305205,35.88138,train
56,58.305762831138,58.405792,train
13528,36.02701366128638,35.86445,train
3957,107.5197399548222,108.27138,train
13495,34.767713483007924,35.032574,train
12048,78.77344906209804,76.956314,train
1505,49.19054255336955,48.94652,train
6031,134.14502085001388,134.17383,train
10081,71.35912677124634,71.103096,train
4719,9.499438230882436,9.491684,train
4171,34.339930274970904,34.820477,train
3520,17.650012712740526,17.640043,train
12313,75.33592393483191,74.59749,train
13513,35.06929068218894,35.14716,train
10569,17.33846922503352,16.619698,train
4717,7.85908552453503,7.8486624,train
3742,84.57638463785023,84.80321,train
1841,129.4267602168825,129.6121,train
12751,82.74203335367166,82.55715,train
13002,60.69477696945295,60.71079,train
391,78.79814514174707,78.71654,train
49,58.305762831138,58.066097,train
8213,20.33936974007777,19.35176,train
3827,71.78670881619587,71.6087,train
3540,21.77517690158367,21.55294,train
1141,38.10425093874939,38.100716,train
13794,80.17803902352684,80.12807,train
5750,31.91051408188231,32.161903,train
10368,60.81262844049596,59.779037,train
17,68.8978010059695,68.300674,train
12190,54.343834943578464,55.151325,train
6194,80.25361829662151,80.205025,train
9846,34.44495678366445,35.391075,train
9100,80.03415155888028,80.00747,train
7475,35.87508543765299,36.00031,train
861,136.76886894565047,136.86719,train
9683,64.63130975413613,64.31463,train
3510,15.826709276493416,15.885726,train
9477,79.27542778284364,79.166084,train
13046,47.10789941727601,45.903126,train
10200,23.43298254652068,23.537079,train
3086,48.41170998900376,49.249016,train
5717,23.43298254652068,23.534418,train
8234,24.386290598811208,22.819523,train
12830,53.18976182780735,52.751335,train
6749,64.1404088665598,63.638393,train
12396,76.00671399435468,76.38648,train
11998,47.383642487349135,47.425632,train
12946,39.410668208964985,39.49309,train
10609,27.913859585699885,27.513716,train
12206,61.34974693767026,61.43485,train
4271,80.57929170551442,80.62135,train
3635,50.68801501365044,51.025845,train
12698,94.86192637572438,94.942215,train
8289,40.966698718012495,41.69959,train
2158,12.885025212225244,12.758137,train
930,103.745126530115,103.39083,train
200,41.2027500139872,40.819057,train
13586,51.76031579593137,52.1716,train
4645,83.53755060546025,83.23453,train
12103,47.46331387653679,46.539974,train
10900,115.30303150446332,115.256065,train
4545,73.5169788308657,73.01084,train
9830,31.69861229808904,30.814867,train
3083,48.41170998900376,48.78423,train
1468,41.380738858681696,41.72193,train
12978,47.982575358036456,48.732613,train
13323,48.60542794913941,48.587753,train
11925,23.96684006413348,23.13448,train
7041,94.83357335355618,94.152275,train
10392,58.48566458724775,58.90716,train
4375,43.604537301970495,43.953922,train
690,15.977335233233198,15.995449,train
9761,24.43615168584176,25.24639,train
4948,13.53610473193936,13.570401,train
10694,14.147402430467531,14.545687,train
8252,29.856612492782848,28.02374,train
6940,68.06824537618436,69.29324,train
1133,33.39074910957999,33.42985,train
5561,46.20624283129268,45.977425,train
7284,71.91197889308408,72.02872,train
13853,143.8247661167656,145.43945,train
12242,110.28871787139632,109.603134,train
6027,134.14502085001388,133.8555,train
3289,50.04341124314785,50.046593,train
9904,60.77778500000022,61.227016,train
7680,113.1117727502116,112.75312,train
3911,143.8247661167656,144.25313,train
5657,13.792313484057486,13.809383,train
2215,19.28254456595652,19.983175,train
12005,52.35653033478938,52.04785,train
3343,23.053352899871395,22.342949,train
6498,34.339930274970904,34.514675,train
5555,46.20624283129268,47.05172,train
6847,58.13900410472736,57.972054,train
5964,71.78670881619587,71.69884,train
7140,76.77816930527784,76.741615,train
1218,5.527128574206158,5.127069,train
6577,69.52453059841163,69.45244,train
12791,85.2707950135868,85.361496,train
2832,37.34804120151974,36.880283,train
10908,107.39789478589,107.05874,train
1288,19.20192266480916,19.095121,train
9596,47.99809684590056,48.45966,train
4934,11.384421137066337,11.382449,train
10138,13.792313484057486,13.7711735,train
9850,37.63391748347983,38.021824,train
408,211.02994799979388,211.14124,train
9655,55.05208924433604,54.6424,train
13351,52.77367077007368,52.58307,train
11916,22.02913768609874,21.473206,train
13188,51.76031579593137,52.114914,train
9318,80.57929170551442,80.58715,train
7965,2.9065837811274826,2.9177651,train
1886,106.2025558056929,106.12078,train
6817,65.21758392694511,64.64254,train
364,64.57695773677871,64.48938,train
14234,155.05412004324748,154.5391,train
7810,6.4852329987035695,6.4940386,train
3159,6.750079908713624,6.5180326,train
2757,24.74816706908628,24.905273,train
5960,71.78670881619587,71.24285,train
3915,143.8247661167656,142.7933,train
13772,76.98958830258586,76.545586,train
6255,21.77517690158367,21.380707,train
3125,2.9065837811274826,2.9278867,train
9712,77.83754965179875,77.59478,train
1126,29.12596598702036,29.164534,train
11103,23.053352899871395,23.333712,train
4841,55.271872386990935,55.26333,train
3714,107.5602418843858,106.44178,train
10963,79.86598582053819,79.52728,train
11826,88.48216304859169,88.29169,train
1647,13.92854978889145,13.855272,train
6108,73.68374035525322,73.29604,train
6147,70.8890994699993,71.157646,train
1066,11.384421137066337,11.389216,train
7299,70.5776831156227,71.069885,train
7408,23.053352899871395,22.929955,train
9522,60.40667057436809,60.68369,train
156,67.22734142322994,66.61517,train
10275,53.62497940433934,53.106033,train
8982,94.83357335355618,94.61799,train
12808,86.82293470300802,87.44773,train
7368,83.09935595306658,83.02027,train
8139,50.04341124314785,50.046593,train
8670,29.87847222265743,29.853815,train
6609,83.01808144823141,83.31342,train
9586,48.34358630374402,48.52058,train
2792,27.727713592149392,27.866194,train
9360,107.7381594436571,107.15547,train
11004,75.52912062238612,75.50041,train
3413,38.72775337298162,39.02565,train
11042,80.03415155888028,80.10604,train
15,68.8978010059695,69.40442,train
2025,136.76886894565047,136.18718,train
1689,25.857534399290905,25.89554,train
2258,31.91051408188231,31.40106,train
9934,50.733368627516406,50.89278,train
13938,96.9560797736986,97.31922,train
5257,134.14502085001388,134.96986,train
12347,71.5126952436544,71.933105,train
7480,38.72775337298162,38.98588,train
12906,34.635546819221005,34.82709,train
8937,135.2198141561254,135.62408,train
10388,58.48566458724775,58.80917,train
13985,92.24483243250832,92.16606,train
6732,61.911697819840086,61.67267,train
6492,34.339930274970904,34.085373,train
12771,83.13470642646298,82.914955,train
9355,107.7381594436571,108.08867,train
8360,123.96214174002029,123.82548,train
719,25.27984779576332,25.3728,train
1,73.3559439690645,73.52253,train
9345,115.23290406090766,116.05982,train
6003,80.25361829662151,80.205215,train
1979,193.8751524679473,194.06828,train
8868,49.19054255336985,49.527855,train
10159,16.125116344342604,15.961047,train
8893,60.456358375515045,60.34614,train
724,29.125965987027584,29.164534,train
11113,24.789633367188944,25.129097,train
2018,136.76886894565047,137.82352,train
1410,35.919888386123255,35.222942,train
4096,24.63527893831387,24.532187,train
429,179.04708701101467,179.53664,train
3587,35.46372651810452,35.321564,train
8035,11.747596709247082,11.706337,train
1975,193.8751524679473,193.92966,train
2793,27.727713592149392,27.762371,train
6509,37.34804120151974,37.451733,train
10658,49.54087768021748,49.39852,train
2251,28.753615695926324,28.957153,train
1039,7.85908552453503,7.8486624,train
13139,39.410668208964985,38.964912,train
12740,83.29477154332817,84.19611,train
12349,71.5126952436544,72.0605,train
2498,43.29863673312664,43.34936,train
2201,17.59043680885926,17.576525,train
3974,99.73165781686828,99.7607,train
4685,4.196221297202333,4.2176785,train
3947,112.6599718133244,113.131256,train
7456,30.8733631927149,31.991617,train
9187,27.727713592149392,27.793585,train
7092,77.87315181130059,78.01122,train
4708,6.442036183009371,6.465546,train
9759,24.43615168584176,25.353285,train
8430,81.7828321007955,80.84723,train
10740,24.10159309622668,23.94026,train
10158,16.125116344342604,16.08454,train
3727,98.11718222077316,98.23964,train
9964,48.1381815952728,49.188717,train
7013,115.30303150446332,115.256065,train
10989,76.50234292040042,76.55184,train
10180,19.28254456595652,19.130913,train
10420,58.991170602037386,58.9363,train
1706,29.77075417333722,30.16478,train
9135,25.04050211213976,25.152378,train
10326,77.41176032874927,77.32932,train
626,5.227697523949966,5.220631,train
14094,22.120024226901386,22.46899,train
14385,93.28231569539822,93.08489,train
1032,6.442036183009371,6.465546,train
109,58.27067223232277,58.62139,train
222,39.0547337639536,39.73788,train
2479,33.39074910957999,33.42985,train
769,49.0086224925457,49.022285,train
11397,29.77075417333722,29.68344,train
14351,92.14301126701253,92.40708,train
13729,76.10569077995255,76.06842,train
4434,64.95566127753861,64.689575,train
5355,70.8998858391393,71.46021,train
6342,50.68801501365044,50.188652,train
11564,69.0602255325774,69.50146,train
11814,86.82293470300802,86.78558,train
8182,16.774054817925467,15.870364,train
5880,84.57638463785023,84.69092,train
8467,78.04583599126548,78.493675,train
8824,39.53055859179817,39.245472,train
1186,62.12878854692645,62.14138,train
6781,73.76729204182922,73.589935,train
2607,29.34578260289036,29.162434,train
9230,37.34804120151974,37.67915,train
4237,63.896198456162885,63.9163,train
9598,47.99809684590056,48.211483,train
11258,72.52135855398946,72.736534,train
12244,110.28871787139632,110.75527,train
2151,12.124975352206752,12.344075,train
2782,26.320863792397155,26.343803,train
5664,14.865809293936342,14.749386,train
9438,78.70967419713557,78.82331,train
14395,93.50643630226388,93.696396,train
2584,21.77517690158367,21.895151,train
7968,2.9065837811274826,2.9278867,train
9953,48.56996296403304,49.226692,train
2111,100.48928695862324,100.200096,train
11495,78.081523194867,77.124084,train
6521,44.597910972306806,44.2347,train
9296,69.52453059841163,69.12973,train
25,65.25916422455259,65.15381,train
7586,193.8751524679473,193.65483,train
11522,71.14396606839321,71.489136,train
13169,47.982575358036456,47.358543,train
6163,73.22704486211128,72.8633,train
5957,71.78670881619587,72.0949,train
13712,78.70427049849316,78.59798,train
4028,92.14301126701253,92.118515,train
13618,65.83077308186866,66.18491,train
11926,23.96684006413348,23.24461,train
8008,6.750079908713624,7.0540876,train
7697,106.2025558056929,106.36982,train
11638,85.05997393992781,84.35465,train
11001,75.52912062238612,75.96821,train
1220,5.527128574206158,5.59856,train
11550,68.87072465156034,68.53406,train
2508,49.00862249254413,49.022285,train
9408,84.24741541524314,83.536446,train
1507,52.561077422993925,52.180183,train
11244,67.18811819694348,67.06694,train
9508,84.52419181559287,84.86271,train
6678,59.37382867606714,60.3564,train
10511,9.141045624325722,9.121992,train
2442,18.731792724897712,18.79858,train
14183,56.56699701702424,56.486618,train
8529,86.49796272771329,86.120255,train
10747,26.620833128631787,26.619518,train
5140,33.2646262088608,33.247787,train
6327,42.55205181960314,43.00332,train
12198,57.60964815073893,57.65006,train
12907,34.635546819221005,34.760826,train
7196,134.14502085001388,133.64252,train
13375,57.78612866760917,57.750725,train
3405,35.87508543765299,36.00031,train
4247,69.52453059841163,69.74247,train
1734,44.21359478458822,44.356483,train
5213,57.39162304208823,57.729656,train
3185,9.839051198642553,10.242538,train
11022,76.77816930527784,76.91864,train
10614,27.913859585699885,28.577826,train
10398,58.132094825297145,58.787796,train
1795,166.17853479893557,166.42114,train
8707,44.17585277653098,43.925007,train
2066,113.1117727502116,113.060326,train
13207,60.69477696945295,61.15134,train
0,73.3559439690645,73.20662,train
9665,57.78612866760917,58.299755,train
11867,16.57780018172115,15.955976,train
291,43.12759497575015,42.492435,train
10586,21.99579802176319,21.471413,train
3270,38.91593697359398,38.889015,train
11327,9.839051198642553,9.784307,train
696,18.731792724897712,18.79858,train
10817,50.68801501365044,50.188652,train
5238,67.18811819694348,67.61565,train
2542,14.147402430467531,14.290309,train
10207,25.935608876074404,25.575977,train
12252,102.11244006090304,102.3267,train
5114,26.657804872047155,26.64027,train
8856,46.20624283129268,45.691532,train
10890,124.5037870661705,124.60374,train
5101,24.789633367188944,24.759245,train
10125,12.885025212225244,12.664854,train
3981,99.73165781686828,99.33791,train
9046,75.72806675637788,75.571526,train
3096,53.62497940433934,54.38383,train
13521,36.02701366128638,36.15718,train
11429,44.21359478458822,44.356483,train
6414,25.04050211213976,24.805939,train
11386,25.857534399290905,25.902805,train
8931,135.2198141561254,134.33694,train
6796,73.77568009618804,73.04202,train
322,50.06812082695872,49.797184,train
1671,19.20192266480916,19.301252,train
7833,11.473018356565088,11.611689,train
1008,4.196221297202333,4.2176785,train
13667,90.99196236438706,91.354416,train
10907,107.39789478589,107.7,train
10134,12.885025212225244,13.007046,train
6299,32.289249758728964,32.985172,train
5419,77.53876431170232,77.50041,train
2980,17.59043680885926,17.225601,train
10302,65.47137652330578,65.62978,train
12110,47.46331387653679,48.469296,train
5598,60.456358375515045,60.234993,train
811,193.8751524679473,193.65483,train
8780,35.86295586622186,35.755642,train
2836,37.34804120151974,37.659603,train
8359,123.96214174002029,123.95786,train
11034,78.17671644727096,78.25467,train
6046,107.5602418843858,108.117386,train
1445,36.94310571922444,36.996597,train
10449,64.1404088665598,64.1968,train
11906,20.391351361528265,19.044605,train
6408,26.05871153969042,25.953556,train
9432,78.70967419713557,78.85269,train
3830,71.78670881619587,71.49409,train
11187,41.84557272242807,41.765747,train
7637,136.76886894565047,135.86461,train
6920,62.48827997014724,63.428146,train
4373,43.604537301970495,44.106354,train
1624,8.180433892801254,8.095884,train
835,166.17853479893557,166.10231,train
13950,93.38657295807928,93.812294,train
2161,12.885025212225244,12.898198,train
13072,36.99469593104042,37.26529,train
7983,4.491537072359547,4.5777535,train
496,117.68636585320668,116.80874,train
9186,27.727713592149392,27.897425,train
9134,25.04050211213976,24.944044,train
6578,69.52453059841163,69.69843,train
10382,59.37382867606714,60.3564,train
10736,24.10159309622668,23.968742,train
8060,16.40524145944573,16.451323,train
13745,75.59158411003656,75.80335,train
10443,61.911697819840086,61.340378,train
2361,4.196221297202333,4.2176785,train
10220,28.753615695926324,28.737852,train
9760,24.43615168584176,24.5612,train
2640,38.88107047950797,38.589832,train
3952,112.6599718133244,113.201515,train
8153,16.314170769820958,15.6434965,train
12829,53.18976182780735,54.290527,train
14124,30.88595532017685,30.360044,train
6007,83.09935595306658,82.9647,train
4605,74.18155972707093,73.84144,train
14153,42.23549826962851,42.1257,train
2631,35.46372651810452,35.03117,train
12810,88.48216304859169,88.51338,train
2642,38.88107047950797,39.009693,train
875,129.4267602168825,128.94719,train
10939,89.93891881356173,90.197556,train
5590,56.318371719458256,56.352142,train
606,3.328531319289431,3.3485863,train
12465,55.4430882998278,56.662235,train
1911,101.86758015295236,101.9446,train
10982,76.50234292040042,76.58661,train
3960,107.5197399548222,107.98664,train
11971,35.05216416707113,36.131115,train
4308,35.919888386123255,36.328354,train
5744,31.91051408188231,31.40106,train
1143,38.10425093874939,38.109303,train
11098,21.429473611547053,21.317226,train
8923,74.77670776968412,74.84654,train
3412,38.72775337298162,38.903553,train
898,113.1117727502116,112.710945,train
10039,58.10615179076552,57.189987,train
1644,11.747596709247082,11.706337,train
3038,31.91051408188231,31.40106,train
7576,230.9901536612257,231.11064,train
7579,211.02994799979388,210.22757,train
11782,82.69911139745801,83.196014,train
8287,40.966698718012495,42.021187,train
10090,75.34654859935269,74.61232,train
7601,179.04708701101467,178.53008,train
7350,77.53876431170232,77.32083,train
8997,85.85337627290696,86.06629,train
454,145.24040847801632,145.37465,train
9730,28.59149940899789,26.8206,train
3006,21.22276810141124,21.759878,train
13058,42.58610637454368,44.934,train
14292,103.23350357813172,102.8031,train
14441,90.99196236438706,92.1436,train
2723,75.24982629334554,75.022354,train
7015,107.39789478589,107.40914,train
7223,98.11718222077316,98.23964,train
5414,77.53876431170232,77.30991,train
4900,6.442036183009371,6.465546,train
13548,39.410668208964985,39.412308,train
11369,19.20192266480916,19.354261,train
8650,22.51608457834825,22.644878,train
3541,21.77517690158367,21.380707,train
12031,63.65496035831079,64.049934,train
2523,55.271872386990935,55.26333,train
14589,86.84139842568032,86.76972,train
7611,166.17853479893557,165.474,train
6881,56.553861435166894,57.28505,train
381,73.95193879191451,73.92641,train
1514,52.561077422993925,52.378445,train
9389,91.22443951098568,90.72861,train
5740,28.753615695926324,28.794262,train
11666,117.94057501366258,117.170616,train
13442,47.10789941727601,47.54656,train
123,59.85653291285112,58.676064,train
2360,4.196221297202333,4.2176785,train
7346,75.16417987128504,75.50805,train
4465,110.28871787139632,109.95475,train
14187,56.56699701702424,57.64848,train
14329,94.85645482862957,94.81414,train
11652,136.40586584491066,135.61937,train
10140,13.792313484057486,13.615967,train
3918,134.16905500217058,136.13162,train
6132,70.5776831156227,70.84615,train
8999,85.85337627290696,85.724304,train
8274,36.85856235276155,35.498646,train
14574,82.32445746323637,82.01204,train
3807,70.5776831156227,70.846855,train
4504,84.82941053361527,84.84712,train
6630,72.67230242637233,73.05828,train
12147,46.3112758194042,46.277283,train
9280,58.5236929318425,58.821323,train
11608,76.6667816523841,76.79979,train
3252,29.77075417333722,29.68344,train
4422,56.318371719458256,56.28256,train
1832,129.4267602168825,129.21019,train
706,21.824079935423136,21.890541,train
9923,52.53979191594191,52.86111,train
9079,76.77816930527784,76.891846,train
839,154.98431615588598,154.86914,train
5866,98.11718222077316,98.42598,train
5072,19.89991539202705,19.965235,train
3329,21.429473611547053,21.808239,train
7283,71.91197889308408,71.96929,train
9816,27.490995490790755,27.74057,train
457,145.24040847801632,145.12865,train
3374,28.678520203607828,28.61912,train
4990,29.12596598702036,29.1604,train
12343,71.63339382759735,71.93683,train
11013,75.8861492644395,75.92729,train
14314,96.9560797736986,96.91004,train
5724,25.935608876074404,25.364368,train
5935,70.8998858391393,70.90009,train
8571,5.7950658060046285,5.7954335,train
11434,50.04341124314785,50.046593,train
4284,37.38629228613615,37.357613,train
1425,35.86295586622186,36.212025,train
11562,69.0602255325774,68.75905,train
2750,24.63527893831387,24.532187,train
10019,53.47823699991465,52.898544,train
9891,55.131604537436736,55.20511,train
12443,62.90876193978079,63.59437,train
13498,34.767713483007924,34.847298,train
560,100.48928695862324,100.243706,train
7536,57.39162304208823,58.021626,train
5362,70.8998858391393,70.95271,train
6340,46.48566476712182,47.372215,train
14428,101.51368217124082,102.01528,train
620,4.196221297202333,4.2176785,train
3156,5.527128574206158,5.8426633,train
5701,19.28254456595652,19.983175,train
14147,38.13815414182142,38.58078,train
6143,70.8890994699993,70.69567,train
3765,76.30367359186545,76.69339,train
7707,103.745126530115,104.05705,train
5533,41.380738858681696,41.53564,train
4430,60.456358375515045,60.223446,train
12845,47.10789941727601,45.94949,train
6465,27.727713592149392,27.793585,train
4903,6.442036183009371,6.465546,train
692,18.731792724897712,18.788692,train
12950,41.80739580968886,41.934288,train
13715,78.70427049849316,77.66046,train
13601,60.69477696945295,60.39371,train
12137,45.64933795175344,45.965343,train
3647,59.89579766367838,59.75779,train
3349,24.789633367188944,24.759245,train
5782,43.65657505930208,44.66304,train
11752,84.38693654155693,84.71032,train
12389,76.00671399435468,76.649254,train
3595,35.46372651810452,35.60025,train
687,15.977335233233198,15.995449,train
6319,38.88107047950797,39.231335,train
12268,89.57234360169679,89.67336,train
13309,48.08623281605109,48.10688,train
10635,35.28853714924939,36.24418,train
11047,80.03415155888028,80.00747,train
4035,92.24483243250832,92.48811,train
11692,104.48871564383238,104.22116,train
11462,90.79649380247676,90.715256,train
9753,25.22774623249076,23.77402,train
13476,36.99469593104042,37.529514,train
10733,21.77517690158367,21.895151,train
5233,67.18811819694348,67.06694,train
6729,60.19466070864491,59.819794,train
12111,46.16640159983851,47.014977,train
1829,136.76886894565047,136.709,train
7469,35.87508543765299,35.700447,train
1767,211.02994799979388,210.82059,train
1496,46.20624283129268,46.966183,train
4788,25.27984779576332,25.3728,train
7531,57.39162304208823,57.729656,train
10818,50.68801501365044,50.62385,train
13800,82.32445746323637,82.20001,train
11736,86.04998768751986,85.931564,train
1110,25.27984779576332,25.3728,train
203,41.2027500139872,41.202423,train
2798,29.533535528411715,29.966042,train
3754,79.88545352007553,79.97721,train
11326,9.839051198642553,9.784307,train
1844,123.0978685654898,122.66158,train
6444,25.32142942667775,25.785467,train
3368,28.678520203607828,28.70218,train
10851,64.87166628595628,65.022125,train
9439,78.70967419713557,79.034454,train
11714,91.2397572047843,91.625175,train
2345,2.606366123918593,2.5885131,train
4111,24.74816706908628,24.689999,train
7550,67.18811819694348,67.06852,train
3218,19.20192266480916,19.095121,train
3737,90.56896135270873,90.33947,train
11860,16.264210965298563,16.442318,train
4057,93.28231569539822,93.08489,train
9098,80.03415155888028,79.872826,train
3200,13.92854978889145,13.855272,train
8378,107.7381594436571,107.6105,train
452,154.98431615588598,155.05888,train
7485,38.72775337298162,38.789223,train
13698,80.83497267860338,80.540474,train
10103,79.40102080305233,79.742546,train
1893,103.745126530115,103.975815,train
9865,41.27982950557314,42.289562,train
4954,15.977335233233198,15.995449,train
5452,38.91834885517143,39.911404,train
6876,56.21134114752307,56.527935,train
8691,38.93464249503359,38.7577,train
6504,37.34804120151974,36.974342,train
5043,55.271872386990935,55.26333,train
12181,54.343834943578464,53.659073,train
14060,15.49099131419465,14.566432,train
10074,67.58928448046117,68.60686,train
13968,92.49987338269456,92.90811,train
4575,71.5126952436544,71.797874,train
12416,80.80332043496728,81.04563,train
5521,38.05130976592272,38.05716,train
4778,21.824079935423136,21.8916,train
11065,84.60291252746008,84.52713,train
10807,46.48566476712182,45.990513,train
12935,37.48026356057577,37.254566,train
6423,24.63527893831387,24.534248,train
13223,71.34845173855356,71.20727,train
11957,31.74469640013553,30.712894,train
11665,117.94057501366258,118.03997,train
2960,14.865809293936342,14.945129,train
6554,58.5236929318425,58.57959,train
2440,18.731792724897712,18.79858,train
12455,58.6937159884268,60.24071,train
4834,49.00862249254413,49.022285,train
7511,48.96526861625701,48.944218,train
9074,76.77816930527784,76.77588,train
6583,75.23466307522513,74.731735,train
6140,70.5776831156227,70.852806,train
7542,62.1233802776967,62.07221,train
3624,46.48566476712182,46.30904,train
3484,67.18811819694348,67.75633,train
8558,3.883984274506569,3.9498596,train
7401,21.429473611547053,21.791204,train
7152,78.17671644727096,78.341705,train
7629,145.24040847801632,145.7465,train
13459,39.2928079640545,39.33919,train
6662,60.81262844049596,60.824917,train
12284,84.82941053361527,84.26597,train
6015,83.09935595306658,83.34111,train
13887,118.73948000326068,117.620186,train
11759,83.29477154332817,83.53848,train
4362,39.53055859179817,40.363457,train
4147,29.533535528411715,29.39034,train
5588,56.318371719458256,56.344265,train
3853,77.53876431170232,77.435104,train
1670,19.20192266480916,19.301252,train
1118,29.12596598702036,29.1604,train
8674,29.87847222265743,29.837437,train
4104,24.74816706908628,25.149466,train
729,29.125965987027584,29.164534,train
2302,48.41170998900376,48.745525,train
13018,65.83077308186866,66.18491,train
3652,59.89579766367838,59.465923,train
36,62.33053491715185,62.144947,train
6062,90.56896135270873,91.04332,train
9747,26.58523738686569,27.690453,train
1285,16.40524145944573,16.451323,train
3589,35.46372651810452,35.373882,train
13615,65.83077308186866,65.94734,train
9713,77.83754965179875,77.92906,train
5981,75.16417987128504,75.32466,train
1203,3.624115801788345,3.6672137,train
8286,40.966698718012495,40.998226,train
2529,62.12878854692645,62.100945,train
11030,78.17671644727096,78.192795,train
11426,44.21359478458822,44.251316,train
12174,51.56721782835394,50.988388,train
647,7.85908552453503,7.8486624,train
5551,43.604537301970495,43.757935,train
4902,6.442036183009371,6.465546,train
5088,21.429473611547053,22.066208,train
1565,74.77670776968583,74.80966,train
5520,38.05130976592272,37.81097,train
1548,69.76848318728358,69.547516,train
9198,29.533535528411715,29.286518,train
7969,2.9065837811274826,2.9278867,train
948,100.48928695862324,100.71848,train
12556,56.716123866601365,57.206234,train
4860,2.606366123918593,2.5885131,train
5725,25.935608876074404,25.575977,train
2370,5.227697523949966,5.220631,train
13293,48.34358630374402,48.161476,train
4921,9.499438230882436,9.491684,train
901,113.1117727502116,112.577446,train
7426,24.789633367188944,25.053284,train
6121,70.8998858391393,71.36617,train
7500,45.250987390322535,45.09821,train
12745,83.29477154332817,83.53848,train
6633,68.70638879452079,68.31192,train
497,117.68636585320668,116.89803,train
13695,83.56214469765372,83.647446,train
6441,25.32142942667775,25.656149,train
12738,84.38693654155693,84.71032,train
10724,19.628813853406385,20.234411,train
7471,35.87508543765299,35.687725,train
12312,75.33592393483191,75.03184,train
10742,24.10159309622668,23.7916,train
6173,75.16417987128504,75.22509,train
10425,58.991170602037386,59.160915,train
3256,29.77075417333722,30.16478,train
135,61.88227452014178,60.835987,train
7430,26.657804872047155,26.75049,train
7675,113.1117727502116,115.03595,train
2193,16.125116344342604,16.25237,train
7743,98.65596999066533,99.01703,train
3488,72.52135855398946,71.6794,train
14345,92.49987338269456,92.50658,train
3994,94.85645482862957,95.05785,train
4848,55.271872386990935,55.34347,train
9673,60.97999362421386,61.1033,train
6334,46.48566476712182,46.319885,train
7435,26.657804872047155,27.19863,train
5482,35.919888386123255,36.322876,train
11096,21.429473611547053,21.647495,train
7863,18.89411765969292,19.188337,train
10902,107.39789478589,107.40914,train
10898,115.30303150446332,115.47479,train
5292,98.11718222077316,98.42598,train
8175,16.251795051003693,16.535736,train
2749,24.63527893831387,24.534248,train
11178,38.72775337298162,38.789223,train
8730,63.18646167076461,62.699944,train
4607,74.18155972707093,74.17152,train
1950,97.47338258073955,97.42891,train
4609,76.00671399435468,76.62242,train
13470,36.99469593104042,36.41416,train
13143,39.410668208964985,39.392822,train
14089,22.120024226901386,21.00548,train
9271,53.49135176226452,53.536102,train
5708,21.22276810141124,21.478024,train
41,60.032163690610005,59.87176,train
13232,60.40667057436809,59.976295,train
3788,71.91197889308408,72.02872,train
781,55.27187238699012,55.34347,train
1932,98.65596999066533,98.80887,train
8429,81.7828321007955,81.81315,train
10005,51.68892331520587,51.830917,train
6655,62.82498618409738,62.27598,train
9491,82.46105591073825,82.07942,train
14142,38.13815414182142,37.072933,train
13996,92.69393389813976,92.63378,train
3524,17.650012712740526,17.901424,train
2439,18.731792724897712,18.79858,train
12943,39.410668208964985,39.392822,train
11702,99.25129745411776,98.82719,train
13774,76.98958830258586,76.67422,train
758,43.29863673312746,43.34936,train
814,193.8751524679473,193.44923,train
13514,35.06929068218894,35.055,train
1744,50.04341124314785,50.046593,train
4038,92.24483243250832,92.20926,train
155,67.22734142322994,67.045166,train
13436,53.18976182780735,53.08114,train
13421,77.83754965179875,77.59478,train
5892,79.88545352007553,79.81192,train
9783,24.33686745588429,23.833044,train
4411,52.561077422993925,52.38776,train
10920,100.6187540373376,100.26421,train
9050,75.72806675637788,75.89669,train
13687,83.56214469765372,84.41319,train
7062,85.85337627290696,86.81598,train
916,109.30466743726038,109.34491,train
11200,48.96526861625701,48.71547,train
14532,76.04901284854375,75.73925,train
8471,77.93378927116997,77.832054,train
10046,60.937760889072194,60.845356,train
121,59.85653291285112,60.427776,train
1848,123.0978685654898,123.49937,train
11539,69.14676947161414,69.80698,train
5437,83.09935595306658,82.98601,train
8391,95.84505322335384,96.50616,train
8644,19.398995908192024,19.828989,train
13937,96.9560797736986,96.77162,train
13621,71.34845173855356,71.10864,train
5519,38.05130976592272,37.590103,train
8531,86.49796272771329,86.35338,train
1154,43.29863673312664,43.34936,train
8572,5.7950658060046285,5.7954335,train
11227,57.39162304208823,57.690723,train
12144,46.3112758194042,46.54893,train
2402,9.499438230882436,9.4823885,train
6884,56.553861435166894,56.94044,train
11641,85.05997393992781,84.851456,train
487,123.0978685654898,122.70017,train
8812,38.05130976592272,38.085167,train
14054,13.681305189167857,14.024416,train
14207,67.80500732074917,68.48019,train
13348,50.944218333228456,51.343002,train
1522,56.318371719458256,56.344265,train
2187,16.125116344342604,15.662814,train
7264,76.30367359186545,76.310326,train
4357,39.53055859179817,39.4353,train
1435,36.210240125305205,36.3135,train
7434,26.657804872047155,26.466824,train
8686,34.179775749222635,34.469246,train
11874,17.141358034855276,16.934027,train
12910,35.06929068218894,34.912846,train
14389,93.28231569539822,93.0463,train
1676,19.20192266480916,19.354261,train
2450,21.824079935423136,21.890541,train
8652,22.51608457834825,22.644878,train
420,193.8751524679473,193.92966,train
10092,75.34654859935269,75.059105,train
13596,55.99893434087522,56.148422,train
1582,3.624115801788345,3.6672137,train
8504,80.66666767817155,80.42924,train
8392,95.84505322335384,96.00013,train
14468,83.56214469765372,84.02465,train
6262,24.10159309622668,23.924612,train
6410,26.05871153969042,26.173517,train
12265,95.27995050133204,94.57449,train
13591,55.99893434087522,55.86318,train
7220,98.11718222077316,98.23132,train
8562,4.756993192217126,4.872234,train
2635,35.46372651810452,35.60025,train
10277,53.62497940433934,53.342674,train
10211,25.935608876074404,26.602875,train
822,179.04708701101467,177.64952,train
11667,117.94057501366258,116.18152,train
12348,71.5126952436544,72.13077,train
11974,38.74855875286944,38.08058,train
860,136.76886894565047,135.74495,train
12936,37.48026356057577,37.286076,train
7944,55.891675169143376,55.728836,train
1915,100.48928695862324,100.89306,train
4187,40.76621946032643,41.11716,train
8877,52.561077422995496,52.38776,train
10135,13.792313484057486,13.495607,train
2115,100.48928695862324,100.243706,train
12148,46.3112758194042,46.580303,train
12274,89.57234360169679,89.21918,train
7987,4.491537072359547,4.5777535,train
488,123.0978685654898,123.49937,train
1385,38.91834885517143,39.197544,train
3089,53.62497940433934,53.342674,train
12548,54.316367961579786,54.00407,train
12479,51.23740717945918,51.855396,train
1367,56.44692913934201,56.441246,train
14061,15.49099131419465,15.165597,train
6150,70.8890994699993,70.841896,train
13785,78.37770085810139,78.339294,train
5656,13.792313484057486,13.7711735,train
6200,80.25361829662151,80.35883,train
11689,104.48871564383238,104.10048,train
6400,75.24982629334554,75.498924,train
11135,28.678520203607828,28.650946,train
9871,45.39928951266095,45.692215,train
5159,38.72775337298162,38.25842,train
13116,35.06929068218894,34.987034,train
3554,24.10159309622668,24.082737,train
13872,125.86447482244527,125.285995,train
7793,5.260504433154911,5.26385,train
13225,71.34845173855356,71.54196,train
298,45.080962845763935,45.534866,train
1209,4.491537072359547,4.5777535,train
6645,65.44228559506357,65.29517,train
9620,49.5567795038002,49.261765,train
14334,93.38657295807928,92.84827,train
10645,39.58683345367714,40.152435,train
6453,26.320863792397155,26.61645,train
7906,33.71724493019231,33.976,train
5546,43.604537301970495,43.94393,train
10922,94.83357335355618,95.86547,train
12780,84.01038592956453,84.17267,train
11138,28.678520203607828,28.92009,train
11325,9.839051198642553,9.784307,train
8472,77.93378927116997,77.823586,train
7773,3.3460458597073703,3.542901,train
8409,87.37869480347202,88.66302,train
13248,57.05450517605655,57.190735,train
12565,56.716123866601365,57.610367,train
2823,34.339930274970904,34.20358,train
1404,36.41164086407028,36.283127,train
3340,23.053352899871395,23.333712,train
13013,65.83077308186866,65.70547,train
7681,113.1117727502116,113.060326,train
4214,53.49135176226452,52.992317,train
10909,107.39789478589,107.2062,train
8180,16.251795051003693,16.492926,train
7647,129.4267602168825,130.24811,train
111,58.27067223232277,57.983265,train
5857,98.11718222077316,97.72814,train
10930,94.83357335355618,95.63564,train
14454,86.92916151125281,87.091255,train
3820,70.8890994699993,70.841896,train
10903,107.39789478589,106.29104,train
12646,126.44708143304572,127.10189,train
4697,5.227697523949966,5.220631,train
3533,19.628813853406385,19.596891,train
1127,33.39074910957999,33.42985,train
8822,39.53055859179817,39.392124,train
4051,92.69393389813976,92.63425,train
4401,49.19054255336955,48.94652,train
9578,49.12984125237405,49.374657,train
8487,78.3521209153635,78.77643,train
9858,41.27982950557314,40.282967,train
13086,35.5258604479491,35.39499,train
12444,62.90876193978079,61.922497,train
8854,46.20624283129268,45.880585,train
8864,49.19054255336985,48.928875,train
12570,59.57543179697275,59.045307,train
4870,3.328531319289431,3.3485863,train
161,70.51384660091139,70.44974,train
5443,38.91834885517143,39.482086,train
13720,77.1364912669906,76.683846,train
10917,100.6187540373376,100.008606,train
12059,69.43701604268931,68.7727,train
13286,49.12984125237405,49.268887,train
13177,47.982575358036456,48.340134,train
3230,22.34386956684365,22.306236,train
5661,13.792313484057486,13.855521,train
13361,55.05208924433604,54.823112,train
836,166.17853479893557,165.474,train
7039,94.83357335355618,94.380104,train
6970,79.03051139114216,78.0917,train
8967,100.6187540373376,100.269806,train
4497,89.57234360169679,89.74987,train
14238,143.8247661167656,144.38599,train
1481,43.604537301970495,43.085903,train
7087,77.87315181130059,77.23273,train
7696,106.2025558056929,106.12078,train
13329,49.5567795038002,49.261765,train
337,56.555790586714224,56.49333,train
613,4.196221297202333,4.2176785,train
11621,79.3711852446667,79.253456,train
13407,68.7218064382226,69.05194,train
10560,15.424596218027991,15.11617,train
11514,72.90167939974636,73.83655,train
12431,86.00802491357506,85.863495,train
13978,92.14301126701253,92.40001,train
4551,72.29320847026757,72.6849,train
10519,10.027769629293385,9.737866,train
5004,33.39074910957999,33.42985,train
9346,115.23290406090766,115.98502,train
8310,50.43940763070308,51.41433,train
8833,41.380738858681696,41.284595,train
13452,42.58610637454368,42.55377,train
12956,41.80739580968886,42.311512,train
12592,66.59566485208973,65.97969,train
9138,25.04050211213976,25.216984,train
561,100.48928695862324,100.909225,train
4448,69.76848318728358,69.51249,train
7699,106.2025558056929,106.38104,train
6890,57.36151983905263,58.28318,train
9812,27.490995490790755,26.699,train
5625,74.77670776968583,74.53945,train
12405,78.23957030362628,77.920975,train
3515,15.826709276493416,16.36126,train
865,136.76886894565047,136.18718,train
126,59.85653291285112,59.445404,train
353,60.376848442270685,60.39654,train
12535,50.93322091321282,50.920708,train
1543,64.95566127753861,64.698524,train
3068,43.65657505930208,43.094746,train
11517,71.14396606839321,71.96731,train
14116,27.698995930992588,28.092602,train
8312,55.80060084695615,54.778683,train
9268,53.49135176226452,53.66611,train
232,38.59019696142197,39.39914,train
6610,83.01808144823141,82.580215,train
7877,22.019205815790816,21.726625,train
13493,34.767713483007924,34.702747,train
1539,64.95566127753861,64.98001,train
2316,53.62497940433934,54.38383,train
1151,43.29863673312664,43.34936,train
6437,24.74816706908628,24.157675,train
6834,59.85944449766063,59.425144,train
10415,58.30263960140757,58.433613,train
7636,136.76886894565047,136.86719,train
12774,83.13470642646298,83.04561,train
10603,24.78528594550229,26.069273,train
6190,77.53876431170232,77.91764,train
11350,16.40524145944573,16.485981,train
2579,21.77517690158367,21.33589,train
4727,9.499438230882436,9.4823885,train
10186,21.22276810141124,20.745012,train
11055,82.25512726841218,81.96329,train
2643,38.88107047950797,38.905846,train
2721,75.24982629334554,74.98833,train
8447,79.9470355349353,80.418205,train
6196,80.25361829662151,80.25926,train
3658,64.87166628595628,64.82379,train
10540,12.31628944406271,12.162123,train
3773,73.68374035525322,73.799194,train
14245,134.16905500217058,133.43495,train
10114,83.09327843384654,83.4455,train
5227,62.1233802776967,62.230255,train
8262,33.15923815640949,31.614883,train
13472,36.99469593104042,37.26529,train
12787,84.01038592956453,83.94695,train
6229,15.826709276493416,16.36126,train
10837,59.89579766367838,59.63657,train
4298,36.41164086407028,36.452435,train
11158,33.2646262088608,33.6219,train
471,136.76886894565047,137.19708,train
6379,64.87166628595628,64.87466,train
11927,23.96684006413348,23.818508,train
10041,58.10615179076552,56.38012,train
4737,11.384421137066337,11.389216,train
12798,85.2707950135868,85.75332,train
5111,26.657804872047155,26.70077,train
6724,60.19466070864491,60.15334,train
818,193.8751524679473,194.06828,train
2043,123.0978685654898,123.49937,train
3108,65.47137652330578,65.38965,train
12813,88.48216304859169,88.1388,train
7444,28.678520203607828,28.61912,train
2698,64.87166628595628,64.82379,train
13578,47.982575358036456,48.732613,train
11493,78.081523194867,76.736664,train
14259,125.86447482244527,125.35429,train
5384,71.78670881619587,71.63369,train
11848,16.20097931775689,16.744022,train
2140,97.47338258073955,97.16948,train
8272,36.85856235276155,35.034935,train
12150,46.3112758194042,46.139584,train
9311,75.23466307522513,75.69347,train
4768,18.731792724897712,18.79858,train
8188,16.774054817925467,17.027601,train
4341,36.94310571922444,36.996597,train
13364,55.05208924433604,54.6424,train
5797,53.62497940433934,53.391636,train
1813,154.98431615588598,155.05888,train
9193,29.533535528411715,29.32267,train
7324,71.78670881619587,71.69884,train
9651,55.05208924433604,54.952316,train
13558,41.80739580968886,42.183826,train
9343,115.23290406090766,114.58396,train
6966,75.14911418145515,74.38976,train
3740,90.56896135270873,91.152214,train
3455,53.00734926713273,53.25458,train
11671,117.94057501366258,117.749626,train
4206,48.84238573144443,48.858887,train
13014,65.83077308186866,66.00269,train
3654,59.89579766367838,60.020126,train
6221,15.826709276493416,15.538785,train
11632,82.2895007905107,81.84131,train
13795,80.17803902352684,79.89315,train
12486,50.09922712517202,50.465195,train
6314,38.88107047950797,38.589832,train
2545,14.147402430467531,14.545687,train
2153,12.124975352206752,12.401071,train
5621,69.76848318728358,69.9585,train
13750,75.57765272049815,75.55615,train
13910,103.23350357813172,102.8031,train
3600,38.88107047950797,38.589832,train
8850,46.20624283129268,46.56044,train
6026,134.14502085001388,133.96198,train
3498,14.147402430467531,14.125556,train
11000,75.52912062238612,75.724625,train
5330,76.30367359186545,76.310326,train
12983,51.76031579593137,51.639347,train
13959,92.49987338269456,93.026505,train
8319,55.80060084695615,56.106216,train
9210,31.73671877096429,31.824429,train
869,129.4267602168825,130.03374,train
3745,84.57638463785023,84.33315,train
3216,16.40524145944573,16.451323,train
8971,100.6187540373376,100.07121,train
7213,107.5602418843858,108.0959,train
6810,69.0298957457494,68.55842,train
2491,38.10425093874939,38.100716,train
7730,100.48928695862324,100.243706,train
2152,12.124975352206752,12.266336,train
6768,70.098803480824,70.006744,train
10906,107.39789478589,107.56168,train
10756,29.34578260289036,29.162434,train
10761,29.34578260289036,29.183527,train
13549,41.80739580968886,41.172813,train
9631,50.944218333228456,50.89851,train
14058,13.681305189167857,14.439787,train
8207,18.82198014263801,18.868093,train
2790,27.727713592149392,27.897425,train
8014,8.180433892801254,8.095884,train
14049,13.681305189167857,12.542998,train
10434,60.19466070864491,59.938984,train
14160,46.6663635563764,46.700542,train
12415,80.80332043496728,80.92559,train
1847,123.0978685654898,122.70017,train
12382,74.18155972707093,73.81041,train
4289,37.38629228613615,37.11434,train
9886,50.01044157412626,50.358162,train
6738,61.911697819840086,61.22627,train
10194,21.22276810141124,21.759878,train
3560,26.620833128631787,26.471313,train
14222,168.1502886891345,166.69661,train
34,62.33053491715185,61.66521,train
2482,33.39074910957999,33.42985,train
13647,108.1849630836454,107.16379,train
5858,98.11718222077316,99.1872,train
7018,107.39789478589,107.62636,train
14594,86.84139842568032,86.53772,train
5486,35.86295586622186,35.42514,train
8413,87.37869480347202,87.419205,train
8548,3.157574944909513,3.249113,train
1959,230.9901536612257,231.11064,train
13966,92.49987338269456,92.71091,train
8466,78.04583599126548,78.310295,train
2204,17.59043680885926,17.740475,train
9163,25.32142942667775,25.656149,train
4565,71.63339382759735,71.93683,train
2784,26.320863792397155,26.549273,train
7872,22.019205815790816,21.726625,train
5809,59.31238391810723,59.587593,train
11528,69.8994010800787,70.03544,train
5537,41.380738858681696,41.284595,train
6051,98.11718222077316,97.72814,train
775,55.27187238699012,55.26333,train
21,65.25916422455259,64.64721,train
8936,135.2198141561254,135.077,train
876,129.4267602168825,129.6121,train
9456,77.93378927116997,78.07364,train
5523,39.53055859179817,39.76579,train
12692,94.86192637572438,95.624466,train
9258,48.84238573144443,49.027103,train
9381,91.22443951098568,92.22692,train
9884,50.01044157412626,50.129814,train
7851,13.645628914737031,13.711275,train
12726,86.04998768751986,86.20889,train
4537,75.33592393483191,75.832924,train
11259,72.52135855398946,72.974045,train
13994,92.69393389813976,92.375755,train
8635,16.622909808932246,16.473038,train
9149,24.63527893831387,24.036362,train
424,193.8751524679473,194.06828,train
6156,71.78670881619587,71.44013,train
7499,45.250987390322535,45.099483,train
2393,7.85908552453503,7.8486624,train
11226,57.39162304208823,57.087196,train
939,101.86758015295236,102.01872,train
2110,100.48928695862324,100.89306,train
12232,75.02114224725477,74.37714,train
5601,60.456358375515045,60.483078,train
5716,23.43298254652068,23.53266,train
7051,89.93891881356173,89.82522,train
6520,40.76621946032643,41.474724,train
14496,77.1364912669906,77.658844,train
11490,78.081523194867,78.23192,train
8578,5.7950658060046285,6.0666656,train
8497,79.27542778284364,79.519775,train
2405,9.499438230882436,9.4823885,train
5785,48.41170998900376,48.051174,train
7609,166.17853479893557,165.62688,train
133,61.88227452014178,60.929165,train
14508,76.10569077995255,76.58051,train
2697,64.87166628595628,64.8606,train
4400,49.19054255336955,48.75205,train
12154,47.53432583996549,47.500866,train
14461,83.56214469765372,83.889496,train
4721,9.499438230882436,9.491684,train
10714,17.650012712740526,17.391165,train
2169,13.792313484057486,13.836253,train
4302,36.41164086407028,37.200207,train
1119,29.12596598702036,29.164534,train
6787,77.7528643276994,77.63074,train
5511,36.94310571922444,36.996597,train
11817,86.82293470300802,86.56315,train
4821,43.29863673312664,43.34936,train
13855,143.8247661167656,143.6047,train
3833,73.22704486211128,72.8633,train
12074,56.75820297103196,56.287575,train
10437,61.911697819840086,61.94346,train
11006,75.52912062238612,75.75494,train
8187,16.774054817925467,17.024214,train
3449,53.00734926713273,52.567017,train
9277,58.5236929318425,58.551228,train
975,98.65596999066533,98.66757,train
11941,26.22042757385485,26.866745,train
8301,45.49256223877087,46.784832,train
13692,83.56214469765372,84.2015,train
11563,69.0602255325774,69.1577,train
4889,5.227697523949966,5.220631,train
5040,55.271872386990935,55.26333,train
5527,39.53055859179817,39.4353,train
11810,85.2707950135868,84.8639,train
6075,84.57638463785023,84.33315,train
8032,11.747596709247082,11.706337,train
12859,39.2928079640545,39.33919,train
12292,80.93195157639853,80.552765,train
113,58.27067223232277,57.731415,train
8049,13.92854978889145,13.888378,train
11310,8.180433892801254,8.045279,train
12494,50.09922712517202,50.287727,train
11379,22.34386956684365,22.507294,train
12832,53.18976182780735,53.747868,train
13378,57.78612866760917,58.767017,train
275,40.259092491267545,40.321754,train
574,98.65596999066533,98.48835,train
14069,17.4903137095204,15.846804,train
10600,24.78528594550229,24.376263,train
5574,52.561077422993925,52.51056,train
6998,135.2198141561254,135.59512,train
14264,118.73948000326068,119.011406,train
9048,75.72806675637788,76.18324,train
13445,47.10789941727601,45.94949,train
10423,58.991170602037386,58.701866,train
13322,48.60542794913941,48.46863,train
1023,5.227697523949966,5.220631,train
12691,99.25129745411776,99.101166,train
14597,86.84139842568032,86.81898,train
13805,82.32445746323637,82.16708,train
89,56.43271139946915,56.553867,train
12383,74.18155972707093,73.84144,train
13370,57.78612866760917,57.309635,train
9042,76.50234292040042,76.55184,train
10870,75.24982629334554,74.98833,train
6886,56.553861435166894,55.9984,train
10350,65.44228559506357,65.05086,train
12436,86.00802491357506,86.7475,train
11740,86.04998768751986,86.20889,train
11668,117.94057501366258,118.162895,train
7789,4.22054923341766,4.1632366,train
12823,89.77171705634251,89.486786,train
11694,99.25129745411776,99.5934,train
10852,64.87166628595628,64.63206,train
7429,26.657804872047155,26.70077,train
935,103.745126530115,103.3405,train
13289,48.34358630374402,48.69261,train
14137,34.36019909387007,34.80288,train
2845,40.76621946032643,40.53881,train
13584,51.76031579593137,52.02045,train
7701,106.2025558056929,106.34811,train
13037,53.18976182780735,52.755154,train
1594,4.491537072359547,4.5777535,train
3257,34.113034957437215,34.002846,train
3582,32.289249758728964,32.272346,train
1267,13.92854978889145,13.855272,train
12187,54.343834943578464,54.462063,train
9790,24.963663940738886,24.86645,train
1121,29.12596598702036,29.164534,train
6523,44.597910972306806,44.64407,train
448,154.98431615588598,155.04747,train
4705,6.442036183009371,6.465546,train
9387,91.22443951098568,90.89928,train
14465,83.56214469765372,84.59087,train
13183,51.76031579593137,51.639347,train
3268,38.91593697359398,38.889015,train
11984,42.852961632253525,41.770035,train
6560,58.5236929318425,59.291218,train
13877,125.86447482244527,125.35429,train
10149,14.865809293936342,14.725729,train
12895,34.767713483007924,35.032574,train
2189,16.125116344342604,16.02731,train
2718,75.24982629334554,75.15196,train
3040,31.91051408188231,31.473116,train
949,100.48928695862324,100.51356,train
4120,25.32142942667775,24.695988,train
8230,22.19104778233357,23.075996,train
14572,82.32445746323637,82.20001,train
6566,63.896198456162885,63.408875,train
314,47.39132880100697,46.74116,train
2306,48.41170998900376,49.249016,train
12759,82.69911139745801,83.632,train
3071,43.65657505930208,43.395477,train
4914,7.85908552453503,7.8486624,train
11779,82.69911139745801,82.64336,train
10397,58.132094825297145,58.58964,train
4604,74.18155972707093,73.81041,train
2819,34.339930274970904,34.190357,train
3286,44.21359478458822,44.356483,train
850,145.24040847801632,146.1742,train
11194,45.250987390322535,45.353493,train
10855,64.87166628595628,65.35463,train
3759,79.88545352007553,79.76603,train
1898,103.745126530115,103.8769,train
12975,47.982575358036456,47.86461,train
13212,65.83077308186866,65.58197,train
2046,123.0978685654898,123.46462,train
912,109.30466743726038,109.43491,train
2419,13.53610473193936,13.578428,train
1172,55.271872386990935,55.26333,train
4264,80.57929170551442,80.19862,train
3514,15.826709276493416,15.95637,train
2613,29.34578260289036,29.774336,train
10097,79.40102080305233,78.780075,train
11523,71.14396606839321,71.3866,train
3018,25.935608876074404,25.364368,train
12765,82.69911139745801,82.64336,train
2512,49.00862249254413,49.022285,train
6992,135.2198141561254,136.39,train
8462,78.04583599126548,77.86949,train
1891,106.2025558056929,106.34811,train
8942,124.5037870661705,124.688965,train
13255,54.29787772679955,54.234608,train
11088,19.89991539202705,20.224121,train
10551,13.757667367208375,13.617938,train
8333,67.6283211738766,66.709656,train
7953,62.858388995900896,62.81541,train
3842,75.16417987128504,75.006485,train
13354,52.77367077007368,52.493713,train
6020,152.8177784761153,152.31595,train
2200,17.59043680885926,17.225601,train
678,13.53610473193936,13.570401,train
7807,6.4852329987035695,6.4940386,train
11427,44.21359478458822,44.356483,train
3191,11.747596709247082,11.706337,train
10216,28.753615695926324,28.17849,train
11950,28.80702918062262,29.154799,train
1784,193.8751524679473,194.06828,train
6499,34.339930274970904,34.820477,train
9931,50.733368627516406,51.504322,train
7706,103.745126530115,103.7832,train
11322,9.839051198642553,9.784307,train
7504,45.250987390322535,45.340748,train
13828,183.50675596781025,183.22752,train
2772,25.32142942667775,24.424686,train
4031,92.14301126701253,92.39663,train
14578,82.32445746323637,82.690704,train
12856,42.58610637454368,42.15613,train
5798,53.62497940433934,53.720493,train
12306,77.79019270718537,78.456566,train
12996,55.99893434087522,56.148422,train
10845,59.89579766367838,60.11459,train
1164,49.00862249254413,49.022285,train
14195,62.03409074627981,62.484528,train
11648,136.40586584491066,136.31111,train
8860,49.19054255336985,49.89626,train
14534,76.04901284854375,76.011024,train
5770,39.33748405428104,39.951324,train
383,73.95193879191451,74.43215,train
12852,42.58610637454368,42.55377,train
4836,49.00862249254413,49.022285,train
10704,15.826709276493416,16.36126,train
3100,59.31238391810723,59.21446,train
1109,25.27984779576332,25.3728,train
14472,80.83497267860338,80.88152,train
12750,82.74203335367166,83.02642,train
858,136.76886894565047,137.82352,train
3912,143.8247661167656,144.31175,train
4183,40.76621946032643,40.48518,train
11996,47.383642487349135,47.092216,train
7319,71.78670881619587,71.57929,train
3758,79.88545352007553,80.04548,train
10687,14.147402430467531,14.125556,train
8137,50.04341124314785,50.046593,train
6282,29.34578260289036,29.523891,train
10834,55.1604052272772,55.10616,train
72,56.41096371227875,56.94393,train
192,81.83523066971891,81.82761,train
6232,17.650012712740526,17.572124,train
13140,39.410668208964985,38.921482,train
5062,18.448270263304188,18.441872,train
1574,2.9065837811274826,2.9278867,train
8537,86.49796272771329,86.39217,train
5732,25.935608876074404,26.337881,train
13214,65.83077308186866,66.00269,train
9029,77.87315181130059,77.62487,train
12529,50.93322091321282,50.443226,train
9559,52.08281461664617,51.980072,train
152,67.22734142322994,66.64351,train
3881,183.50675596781025,183.30684,train
10053,60.937760889072194,62.066277,train
3746,84.57638463785023,84.130424,train
10025,55.61817953038767,55.799706,train
11478,81.59299887306369,81.654366,train
29,62.33053491715185,62.62954,train
10147,14.865809293936342,14.70631,train
13117,35.06929068218894,34.97845,train
4240,63.896198456162885,64.03794,train
4532,75.33592393483191,74.743614,train
6053,98.11718222077316,97.81335,train
9372,95.84505322335384,96.50616,train
6128,70.8998858391393,71.18582,train
13278,50.36965316093952,50.03908,train
1473,41.380738858681696,40.609516,train
1202,3.624115801788345,3.6672137,train
5311,84.57638463785023,84.49868,train
4939,13.53610473193936,13.578428,train
4236,63.896198456162885,63.410664,train
13973,92.14301126701253,92.50956,train
2501,43.29863673312664,43.34936,train
8727,56.26207912881144,56.080215,train
5435,83.09935595306658,82.93783,train
4830,49.00862249254413,49.022285,train
4167,34.339930274970904,33.85273,train
3694,152.8177784761153,153.05574,train
10436,61.911697819840086,61.67267,train
9116,84.60291252746008,84.575806,train
9804,26.017457290686817,25.34183,train
8105,34.113034957437215,34.002846,train
9944,49.424339205446245,49.379387,train
333,53.12049932369545,53.39763,train
2621,32.289249758728964,31.74171,train
13659,95.82256261856072,96.01107,train
4268,80.57929170551442,80.58715,train
5152,35.87508543765299,36.15651,train
2651,42.55205181960314,42.406372,train
5239,72.52135855398946,72.179214,train
6519,40.76621946032643,40.53881,train
1225,5.527128574206158,5.8426633,train
10793,38.88107047950797,38.584156,train
5166,38.72775337298162,38.59051,train
3887,183.50675596781025,183.38528,train
1796,166.17853479893557,166.11937,train
8952,115.30303150446332,115.50261,train
13862,143.8247661167656,145.1117,train
9018,79.86598582053819,79.48751,train
13553,41.80739580968886,41.78526,train
3656,59.89579766367838,60.11459,train
544,101.86758015295236,102.01872,train
8133,50.04341124314785,50.060677,train
12361,71.91030133184738,72.1131,train
13989,92.69393389813976,92.84202,train
231,38.59019696142197,38.87452,train
13610,65.83077308186866,65.62482,train
14118,27.698995930992588,28.867422,train
11435,50.04341124314785,50.046593,train
5663,14.865809293936342,14.89572,train
701,18.731792724897712,18.79858,train
10775,32.289249758728964,33.046074,train
13017,65.83077308186866,66.804924,train
1064,11.384421137066337,11.389216,train
656,9.499438230882436,9.4823885,train
14083,19.694692079282625,19.862219,train
8800,36.94310571922444,37.353268,train
9220,34.339930274970904,34.514675,train
4888,4.196221297202333,4.2176785,train
4281,38.91834885517143,39.197544,train
7930,43.74945572579272,43.7372,train
5938,70.5776831156227,70.84615,train
2576,19.628813853406385,20.452904,train
10151,14.865809293936342,14.755678,train
5339,73.68374035525322,73.293884,train
1405,36.41164086407028,36.376556,train
4501,84.82941053361527,84.78191,train
13531,37.48026356057577,37.38459,train
14204,67.80500732074917,67.95719,train
13287,49.12984125237405,49.374657,train
2521,55.271872386990935,55.26333,train
5631,74.77670776968583,74.80966,train
12524,49.964974571776985,50.497112,train
2137,97.47338258073955,97.783264,train
883,123.0978685654898,123.49937,train
2470,29.12596598702036,29.164534,train
9772,24.152412660023124,24.457289,train
3735,90.56896135270873,90.160355,train
5312,84.57638463785023,84.50711,train
11501,75.20136128981777,74.446556,train
2102,101.86758015295236,101.56274,train
12854,42.58610637454368,42.395653,train
4492,89.57234360169679,88.3335,train
7528,57.39162304208823,56.73905,train
10620,31.40638173133023,30.254833,train
4330,36.210240125305205,36.39392,train
5253,152.8177784761153,153.35208,train
6276,26.620833128631787,26.455595,train
10481,73.76729204182922,74.01004,train
3975,99.73165781686828,99.54049,train
8386,101.3171290408814,101.14025,train
13059,39.2928079640545,39.33919,train
13592,55.99893434087522,55.978416,train
6260,21.77517690158367,22.4591,train
3972,103.23350357813172,103.79766,train
2467,29.12596598702036,29.1604,train
13245,57.05450517605655,57.194233,train
8809,38.05130976592272,38.23238,train
4764,18.731792724897712,18.79858,train
5952,70.8890994699993,70.98585,train
14103,24.782599128301666,24.979246,train
11653,136.40586584491066,136.19653,train
2514,49.00862249254413,49.022285,train
13925,99.73165781686828,99.04083,train
614,4.196221297202333,4.2176785,train
13852,155.05412004324748,154.5391,train
2783,26.320863792397155,26.48453,train
1384,38.91834885517143,39.14733,train
5787,48.41170998900376,47.91991,train
13934,96.9560797736986,96.559875,train
9554,52.08281461664617,51.870888,train
12394,76.00671399435468,75.26483,train
5285,98.11718222077316,97.81335,train
9718,77.83754965179875,77.90647,train
8281,36.85856235276155,37.906643,train
10370,60.81262844049596,60.35319,train
2742,25.04050211213976,25.216984,train
7974,3.624115801788345,3.4979146,train
13958,93.38657295807928,93.41428,train
486,123.0978685654898,123.27762,train
4068,93.50643630226388,93.515976,train
2908,75.23466307522513,75.12024,train
9955,48.1381815952728,49.74243,train
13982,92.24483243250832,92.52646,train
3326,19.89991539202705,20.784784,train
2805,29.533535528411715,29.499607,train
3855,77.53876431170232,77.66643,train
4442,64.95566127753861,64.96293,train
7270,73.68374035525322,73.63487,train
9262,48.84238573144443,49.325783,train
13893,112.6599718133244,113.131256,train
7589,193.8751524679473,193.44923,train
11296,5.527128574206158,5.59856,train
5212,57.39162304208823,57.43734,train
7080,79.86598582053819,80.17514,train
9626,49.5567795038002,49.719322,train
183,78.0347307986556,78.00267,train
5867,90.56896135270873,90.544815,train
2771,25.32142942667775,25.545847,train
3298,56.44692913934201,56.441246,train
10142,13.792313484057486,13.652866,train
2648,42.55205181960314,42.431248,train
12547,54.316367961579786,54.370945,train
8294,45.49256223877087,44.99365,train
3780,73.68374035525322,73.97819,train
50,58.305762831138,57.96152,train
12032,63.65496035831079,64.75817,train
13161,44.66517096340306,44.0908,train
9290,63.896198456162885,64.03794,train
2367,5.227697523949966,5.220631,train
14393,93.50643630226388,93.46769,train
7682,109.30466743726038,109.97588,train
11747,84.38693654155693,83.88934,train
11991,42.852961632253525,43.959095,train
3174,8.180433892801254,8.095884,train
6507,37.34804120151974,37.73048,train
11949,28.80702918062262,28.749275,train
11346,13.92854978889145,13.888378,train
4121,25.32142942667775,25.27009,train
9137,25.04050211213976,25.04077,train
4695,5.227697523949966,5.220631,train
9541,54.29787772679955,54.4341,train
10631,35.28853714924939,35.597504,train
708,21.824079935423136,21.890541,train
747,38.10425093875088,38.100716,train
7796,5.260504433154911,5.26385,train
2673,50.68801501365044,50.371655,train
8848,43.604537301970495,44.034134,train
14566,80.17803902352684,80.12807,train
8192,17.633485569278523,17.527224,train
11128,26.657804872047155,27.19863,train
6037,119.35792066219084,118.66772,train
3447,53.00734926713273,52.498444,train
13274,50.36965316093952,50.730213,train
528,106.2025558056929,106.27653,train
3056,35.43032585388161,36.012913,train
3845,75.16417987128504,75.32466,train
10362,62.82498618409738,62.396553,train
9738,28.59149940899789,29.215752,train
6918,60.336165845635456,60.58977,train
12623,79.48504113105551,79.626595,train
2925,80.57929170551442,80.62135,train
9427,79.9470355349353,79.626434,train
14525,75.57765272049815,75.78951,train
1167,55.271872386990935,55.281967,train
14330,94.85645482862957,94.48235,train
12153,47.53432583996549,47.69419,train
3332,21.429473611547053,21.348215,train
1145,38.10425093874939,38.109303,train
11171,38.72775337298162,38.343727,train
893,117.68636585320668,117.77595,train
11757,83.29477154332817,82.82113,train
7042,94.83357335355618,94.61799,train
14106,24.782599128301666,25.454878,train
5971,73.22704486211128,73.08114,train
12789,85.2707950135868,85.54938,train
7943,55.891675169143376,55.728836,train
4854,62.12878854692645,62.100945,train
13218,65.83077308186866,66.18491,train
9709,73.1915613079784,73.77454,train
6986,82.6921619327566,82.792046,train
12333,72.29320847026757,72.020195,train
7535,57.39162304208823,57.739143,train
2231,23.43298254652068,23.534418,train
1872,109.30466743726038,109.97588,train
7411,23.053352899871395,23.215778,train
12309,75.33592393483191,74.93436,train
896,117.68636585320668,118.03412,train
12030,63.65496035831079,64.11551,train
5936,70.8998858391393,70.95271,train
13158,41.80739580968886,42.183826,train
1368,56.44692913934201,56.441246,train
6907,58.62478073631361,58.680706,train
3768,76.30367359186545,76.310326,train
3791,70.8998858391393,71.36617,train
14221,168.1502886891345,167.36014,train
8874,52.561077422995496,52.37651,train
6263,24.10159309622668,24.3378,train
10451,64.1404088665598,63.939777,train
7895,29.402411149110645,29.774786,train
14323,94.85645482862957,94.70338,train
10373,60.81262844049596,61.17008,train
1399,36.41164086407028,36.331795,train
3998,94.85645482862957,94.55102,train
8610,11.995094370873645,11.659844,train
8816,38.05130976592272,37.81097,train
11787,83.13470642646298,83.14214,train
952,100.48928695862324,99.87875,train
9711,77.83754965179875,77.90045,train
2856,44.597910972306806,44.90803,train
2090,103.745126530115,103.39083,train
11372,22.34386956684365,22.306236,train
28,65.25916422455259,65.98555,train
3054,35.43032585388161,35.600494,train
154,67.22734142322994,66.07369,train
223,39.0547337639536,39.47625,train
10623,31.40638173133023,31.806213,train
6861,56.347326863317264,56.94112,train
8808,36.94310571922444,36.82499,train
2965,14.865809293936342,14.896745,train
4820,43.29863673312664,43.34936,train
326,50.06812082695872,50.262783,train
12879,35.5258604479491,36.024254,train
10374,60.81262844049596,61.22502,train
1816,145.24040847801632,145.52725,train
7868,18.89411765969292,19.188337,train
13967,92.49987338269456,92.9171,train
3308,18.448270263304188,18.521479,train
6182,77.53876431170232,77.30991,train
95,56.43271139946915,56.527718,train
12368,72.80691569376961,73.50268,train
13033,53.18976182780735,53.79104,train
6904,58.62478073631361,58.053127,train
4703,6.442036183009371,6.465546,train
3808,70.5776831156227,70.82271,train
10931,89.93891881356173,89.85842,train
8027,9.839051198642553,9.784307,train
8015,8.180433892801254,8.095884,train
2404,9.499438230882436,9.4823885,train
6877,56.21134114752307,56.196068,train
6198,80.25361829662151,80.112305,train
2950,13.792313484057486,13.7711735,train
14023,9.244705548457503,9.559892,train
3771,73.68374035525322,73.70931,train
4077,26.05871153969042,25.860104,train
1105,21.824079935423136,21.8916,train
6879,56.553861435166894,57.23579,train
6487,31.73671877096429,31.505913,train
6889,57.36151983905263,58.091156,train
5608,64.95566127753861,64.957375,train
4460,74.77670776968583,74.84786,train
1921,100.48928695862324,100.909225,train
849,145.24040847801632,145.37465,train
2528,62.12878854692645,62.100945,train
7919,38.4884049367477,38.59918,train
9993,49.17258922572702,49.581932,train
5141,33.2646262088608,33.04884,train
9061,75.52912062238612,75.79156,train
6836,59.85944449766063,59.90774,train
12633,83.55792357754082,83.54166,train
13537,37.48026356057577,37.310764,train
10057,64.10443142186895,64.57119,train
13523,36.02701366128638,35.887714,train
9916,66.94929169823543,67.6457,train
4882,4.196221297202333,4.2176785,train
5569,49.19054255336955,48.87243,train
654,9.499438230882436,9.491684,train
4338,36.94310571922444,36.357044,train
3991,96.9560797736986,96.77162,train
12835,53.18976182780735,52.025673,train
2499,43.29863673312664,43.34936,train
346,56.555790586714224,56.804634,train
1169,55.271872386990935,55.26333,train
2044,123.0978685654898,123.39627,train
10804,42.55205181960314,42.876614,train
5223,62.1233802776967,62.35348,train
5814,65.47137652330578,65.38965,train
14479,78.70427049849316,78.641785,train
8684,34.179775749222635,34.145275,train
8855,46.20624283129268,45.89381,train
12900,34.635546819221005,34.566402,train
10810,46.48566476712182,46.734596,train
3311,18.448270263304188,18.625572,train
6826,62.19468556359693,61.103954,train
8038,11.747596709247082,11.706337,train
390,78.79814514174707,78.96794,train
7760,97.47338258073955,97.42891,train
11474,85.80236635218084,84.917274,train
2571,19.628813853406385,19.303915,train
5263,134.14502085001388,134.17383,train
10550,13.757667367208375,13.732944,train
2822,34.339930274970904,34.039783,train
5010,38.10425093874939,38.100716,train
9320,80.57929170551442,80.62067,train
14490,77.1364912669906,76.256195,train
12968,44.66517096340306,45.37631,train
4192,40.76621946032643,41.474724,train
1638,11.747596709247082,11.706337,train
5074,19.89991539202705,20.285542,train
6515,40.76621946032643,41.11716,train
3307,18.448270263304188,18.63969,train
3579,32.289249758728964,32.16589,train
6362,59.89579766367838,59.63657,train
6510,37.34804120151974,37.659603,train
12320,73.5169788308657,72.79993,train
13314,48.08623281605109,48.54329,train
13883,118.73948000326068,117.17053,train
4150,29.533535528411715,29.266382,train
3601,38.88107047950797,38.71269,train
3143,4.491537072359547,4.5777535,train
12844,47.10789941727601,46.911858,train
792,230.9901536612257,230.50969,train
6348,50.68801501365044,50.75116,train
3588,35.46372651810452,35.005135,train
9015,79.86598582053819,79.47318,train
5295,90.56896135270873,89.799225,train
12877,36.99469593104042,37.588898,train
14128,30.88595532017685,32.416817,train
13356,52.77367077007368,52.550297,train
1262,11.747596709247082,11.706337,train
8679,34.179775749222635,33.958317,train
2016,145.24040847801632,144.4857,train
11308,6.750079908713624,7.0540876,train
11761,83.29477154332817,83.25149,train
9204,31.73671877096429,31.987755,train
6206,83.09935595306658,83.10134,train
12555,54.316367961579786,55.561394,train
11838,89.77171705634251,89.515236,train
4853,62.12878854692645,62.100945,train
1393,37.38629228613615,37.11434,train
11531,69.8994010800787,68.89582,train
543,101.86758015295236,102.12333,train
4449,69.76848318728358,69.6424,train
3824,71.78670881619587,71.24285,train
107,57.128108492674905,58.52729,train
6582,75.23466307522513,75.12024,train
11399,29.77075417333722,30.16478,train
2054,117.68636585320668,118.25894,train
11082,19.89991539202705,19.809881,train
4246,69.52453059841163,69.12973,train
1504,49.19054255336955,48.75205,train
5642,12.124975352206752,12.668792,train
10102,79.40102080305233,79.55688,train
13137,37.48026356057577,37.310764,train
1885,106.2025558056929,105.98624,train
10710,17.650012712740526,17.519032,train
5524,39.53055859179817,39.82125,train
4702,6.442036183009371,6.465546,train
13504,34.635546819221005,34.692142,train
5947,70.8890994699993,71.11721,train
5710,21.22276810141124,21.589254,train
2398,9.499438230882436,9.491684,train
3396,33.2646262088608,33.809376,train
10101,79.40102080305233,78.99515,train
14046,12.046394034663363,12.574334,train
7253,79.88545352007553,79.67092,train
5144,33.2646262088608,32.89305,train
6776,73.76729204182922,74.41301,train
3888,183.50675596781025,183.38528,train
5020,43.29863673312664,43.34936,train
8331,61.551258937303125,62.57474,train
1778,193.8751524679473,193.83714,train
12716,88.31993375128738,87.623344,train
3201,13.92854978889145,13.855272,train
7809,6.4852329987035695,6.4940386,train
4108,24.74816706908628,24.97831,train
12932,37.48026356057577,37.373875,train
3115,65.47137652330578,65.8209,train
13074,36.99469593104042,37.43515,train
4891,5.227697523949966,5.220631,train
8665,26.00016013994612,26.155014,train
3495,72.52135855398946,72.736534,train
1656,13.92854978889145,13.888378,train
4943,13.53610473193936,13.570401,train
11311,8.180433892801254,8.045279,train
4487,95.27995050133204,94.57449,train
6753,66.87499746459498,67.20208,train
6923,62.48827997014724,61.839592,train
6999,124.5037870661705,125.43374,train
10286,59.31238391810723,59.536415,train
7461,33.2646262088608,33.170017,train
10832,55.1604052272772,55.128452,train
3856,77.53876431170232,77.27915,train
9278,58.5236929318425,58.411667,train
13784,78.37770085810139,78.04518,train
1711,34.113034957437215,34.287853,train
4425,60.456358375515045,60.2193,train
5994,77.53876431170232,77.56058,train
1398,36.41164086407028,36.403477,train
13471,36.99469593104042,36.810886,train
676,13.53610473193936,13.570401,train
2488,38.10425093874939,38.100716,train
1780,193.8751524679473,193.92966,train
4631,80.80332043496728,81.334984,train
997,3.328531319289431,3.3485863,train
4975,21.824079935423136,21.890541,train
5993,77.53876431170232,77.50041,train
12918,35.06929068218894,34.95714,train
1011,4.196221297202333,4.2176785,train
9034,76.50234292040042,76.66144,train
9411,81.7828321007955,80.84723,train
13115,35.06929068218894,35.161373,train
240,38.49172622988656,38.711735,train
10371,60.81262844049596,60.209236,train
3896,168.1502886891345,168.99196,train
894,117.68636585320668,118.25894,train
7612,166.17853479893557,165.64131,train
11384,25.857534399290905,25.902805,train
147,64.3427073914329,64.84079,train
422,193.8751524679473,193.96939,train
7103,75.72806675637788,75.870384,train
12454,58.6937159884268,58.972466,train
190,81.83523066971891,82.220955,train
5850,107.5602418843858,106.44178,train
13914,103.23350357813172,103.74564,train
2987,19.28254456595652,18.870237,train
11567,69.70696214856945,70.56589,train
99,57.128108492674905,57.458233,train
6355,55.1604052272772,54.55997,train
7422,24.789633367188944,24.01136,train
6324,42.55205181960314,42.520454,train
1461,39.53055859179817,39.4353,train
7605,166.17853479893557,166.42114,train
10873,75.24982629334554,75.309494,train
4283,37.38629228613615,37.47832,train
11419,38.91593697359398,38.889015,train
3821,71.78670881619587,72.0949,train
12400,78.23957030362628,78.33874,train
2754,24.63527893831387,24.629463,train
4783,25.27984779576332,25.3728,train
11777,82.69911139745801,82.81923,train
589,97.47338258073955,97.46263,train
778,55.27187238699012,55.26333,train
14580,84.6747137742003,84.989334,train
9461,78.3521209153635,78.204094,train
6574,69.52453059841163,69.12973,train
2045,123.0978685654898,123.18528,train
6333,46.48566476712182,46.577286,train
13658,95.82256261856072,96.02972,train
7916,38.4884049367477,38.59918,train
11962,31.74469640013553,33.153126,train
9745,26.58523738686569,26.75135,train
1994,166.17853479893557,165.62688,train
10264,43.65657505930208,44.66304,train
10380,59.37382867606714,59.112495,train
5174,41.84557272242807,41.87987,train
8843,43.604537301970495,43.085903,train
10499,8.4007707299833,8.354704,train
5454,37.38629228613615,37.357613,train
1602,5.527128574206158,5.59856,train
12540,52.38623850151688,52.069397,train
9994,49.17258922572702,49.366463,train
3726,98.11718222077316,98.41307,train
8404,91.22443951098568,90.99789,train
13228,71.34845173855356,71.63781,train
1235,6.750079908713624,7.0540876,train
10959,82.51266906756706,82.61201,train
9532,57.05450517605655,57.731865,train
10381,59.37382867606714,59.35464,train
8981,94.83357335355618,94.152275,train
1835,129.4267602168825,129.95163,train
5754,35.43032585388161,34.879215,train
1001,3.328531319289431,3.3485863,train
4876,3.328531319289431,3.3485863,train
10562,15.424596218027991,15.080208,train
3246,25.857534399290905,25.902805,train
14074,17.4903137095204,17.459711,train
3637,55.1604052272772,55.097538,train
833,166.17853479893557,167.33725,train
12498,49.52880914978266,50.055172,train
6022,152.8177784761153,152.29869,train
10486,77.7528643276994,77.519905,train
1755,56.44692913934201,56.475014,train
4803,33.39074910957999,33.42985,train
3282,44.21359478458822,44.251316,train
9430,78.70967419713557,78.471954,train
11924,23.96684006413348,23.090683,train
3248,29.77075417333722,29.68344,train
9472,79.27542778284364,79.227806,train
9775,24.152412660023124,23.778402,train
13388,60.97999362421386,61.685658,train
3144,4.491537072359547,4.5777535,train
4781,25.27984779576332,25.3728,train
10063,64.10443142186895,63.8937,train
8703,44.17585277653098,43.99656,train
4589,72.80691569376961,73.10146,train
10549,13.757667367208375,13.3622055,train
6727,60.19466070864491,60.133835,train
4398,49.19054255336955,48.928875,train
5189,48.96526861625701,48.71547,train
6845,58.13900410472736,57.60487,train
11887,17.95913696269572,17.65867,train
4844,55.271872386990935,55.26333,train
13918,103.23350357813172,103.79766,train
3542,21.77517690158367,21.199009,train
5946,70.5776831156227,70.852806,train
534,103.745126530115,104.34743,train
12427,86.00802491357506,85.69525,train
1217,5.527128574206158,5.127069,train
6157,71.78670881619587,71.6087,train
4463,110.28871787139632,109.90665,train
8728,56.26207912881144,56.080215,train
6573,69.52453059841163,69.2358,train
8064,19.20192266480916,19.095121,train
6788,77.7528643276994,77.966736,train
3272,38.91593697359398,38.889015,train
3301,56.44692913934201,56.475014,train
2406,9.499438230882436,9.4823885,train
5928,70.8998858391393,71.58951,train
5549,43.604537301970495,42.55329,train
7630,145.24040847801632,145.25061,train
666,11.384421137066337,11.382449,train
1907,101.86758015295236,101.56274,train
7354,77.53876431170232,77.56058,train
3850,75.16417987128504,75.50805,train
12733,84.38693654155693,83.88934,train
12043,78.77344906209804,79.11913,train
10094,75.34654859935269,76.386696,train
11277,3.624115801788345,3.6877751,train
8160,16.314170769820958,16.662046,train
7555,67.18811819694348,67.45048,train
8163,16.08629542413324,15.324128,train
8475,77.93378927116997,78.07364,train
5975,73.22704486211128,73.22182,train
8208,18.82198014263801,18.871864,train
5607,64.95566127753861,65.06118,train
6009,83.09935595306658,82.93783,train
3211,16.40524145944573,16.451323,train
797,230.9901536612257,229.70288,train
2132,98.65596999066533,98.67805,train
9011,82.51266906756706,82.17954,train
9722,31.36358082816288,30.151686,train
4548,73.5169788308657,73.48146,train
4825,43.29863673312664,43.34936,train
7112,75.72806675637788,76.155716,train
7261,76.30367359186545,76.69339,train
6129,70.8998858391393,70.90009,train
11627,82.2895007905107,82.771194,train
3284,44.21359478458822,44.356483,train
6436,24.74816706908628,24.97831,train
10755,26.620833128631787,27.616774,train
11656,126.44708143304572,126.43227,train
3166,6.750079908713624,7.0540876,train
9669,57.78612866760917,58.767017,train
6138,70.5776831156227,70.82271,train
10932,89.93891881356173,89.92894,train
9429,79.9470355349353,80.103485,train
8698,38.93464249503359,38.86214,train
4389,46.20624283129268,45.89381,train
10351,65.44228559506357,64.72,train
3668,70.03363402017787,69.423775,train
1332,34.113034957437215,34.287853,train
6883,56.553861435166894,57.01913,train
5127,28.678520203607828,28.92009,train
1470,41.380738858681696,41.383755,train
13777,78.37770085810139,78.726906,train
4952,15.977335233233198,15.995449,train
11929,23.96684006413348,24.936466,train
10310,83.01808144823141,82.17598,train
2051,117.68636585320668,116.80874,train
6777,73.76729204182922,74.01004,train
9470,79.27542778284364,79.298965,train
4779,25.27984779576332,25.3728,train
14258,125.86447482244527,125.60621,train
9572,49.12984125237405,48.124424,train
11300,6.750079908713624,6.5180326,train
11142,30.8733631927149,30.575293,train
343,56.555790586714224,56.406986,train
4056,93.28231569539822,93.49478,train
8853,46.20624283129268,45.867588,train
6740,61.911697819840086,61.245525,train
9743,26.58523738686569,25.42775,train
6474,29.533535528411715,29.378944,train
12467,52.99398689569749,52.201435,train
9880,50.01044157412626,49.54638,train
3879,83.09935595306658,83.34111,train
11163,35.87508543765299,36.15651,train
11819,86.82293470300802,86.57342,train
4073,26.05871153969042,26.225237,train
13675,90.99196236438706,90.34291,train
12659,117.94057501366258,117.749626,train
9384,91.22443951098568,91.94133,train
9728,31.36358082816288,31.918701,train
8452,78.70967419713557,78.257484,train
11165,35.87508543765299,35.69869,train
13780,78.37770085810139,78.28159,train
11502,75.20136128981777,73.57981,train
11770,82.74203335367166,82.62804,train
5230,67.18811819694348,66.15699,train
8442,79.9470355349353,79.267914,train
14498,77.1364912669906,76.90215,train
13036,53.18976182780735,53.08114,train
6657,62.82498618409738,61.58659,train
9363,101.3171290408814,101.594406,train
1130,33.39074910957999,33.42985,train
2714,70.03363402017787,69.98662,train
1627,9.839051198642553,9.784307,train
4381,43.604537301970495,43.757935,train
1195,2.9065837811274826,2.9278867,train
8349,134.13491032325388,133.11859,train
12098,49.56838968278535,51.150608,train
7455,30.8733631927149,30.572224,train
90,56.43271139946915,56.39394,train
3707,119.35792066219084,118.66772,train
9763,24.43615168584176,23.478796,train
13727,76.10569077995255,75.53785,train
1545,64.95566127753861,65.73311,train
3629,50.68801501365044,50.62385,train
6763,70.098803480824,69.60223,train
9870,45.39928951266095,45.251213,train
11812,85.2707950135868,85.75332,train
6422,24.63527893831387,24.878103,train
8200,17.633485569278523,17.708387,train
11216,53.00734926713273,53.35957,train
6995,135.2198141561254,135.30678,train
2935,12.124975352206752,12.385472,train
6982,82.6921619327566,82.77561,train
12888,35.5258604479491,35.486397,train
5361,70.8998858391393,70.90009,train
7670,117.68636585320668,117.66771,train
7971,2.9065837811274826,2.9278867,train
2058,113.1117727502116,112.710945,train
6420,25.04050211213976,25.004782,train
11157,33.2646262088608,33.02228,train
10534,11.079698144729212,11.755265,train
13814,84.6747137742003,84.68467,train
5835,134.14502085001388,133.7993,train
13788,80.17803902352684,79.900536,train
10472,70.098803480824,70.006744,train
4144,29.533535528411715,29.966042,train
3581,32.289249758728964,31.74171,train
10801,42.55205181960314,42.760796,train
8601,10.096319714222924,9.792488,train
8059,16.40524145944573,16.451323,train
1686,22.34386956684365,22.507294,train
10881,135.2198141561254,135.94507,train
13216,65.83077308186866,66.45844,train
6254,21.77517690158367,21.55294,train
4635,80.80332043496728,80.425156,train
5615,69.76848318728358,69.79622,train
13291,48.34358630374402,47.45034,train
5178,41.84557272242807,42.33679,train
9639,50.944218333228456,51.343002,train
3409,38.72775337298162,38.90892,train
12858,42.58610637454368,44.934,train
2982,17.59043680885926,17.68941,train
5556,46.20624283129268,45.864323,train
14446,90.99196236438706,90.771614,train
8880,56.318371719454376,55.92279,train
8173,16.251795051003693,15.847647,train
3435,45.250987390322535,45.10383,train
3672,70.03363402017787,70.54149,train
11997,47.383642487349135,47.114483,train
13464,39.2928079640545,39.25072,train
2837,40.76621946032643,40.48518,train
2060,113.1117727502116,115.03595,train
2122,99.4907361299304,98.96975,train
12250,102.11244006090304,102.39646,train
11507,72.90167939974636,73.234116,train
9705,73.1915613079784,73.40956,train
13381,60.97999362421386,61.093113,train
5516,38.05130976592272,38.085167,train
10531,11.079698144729212,11.261506,train
8041,11.747596709247082,11.706337,train
2272,35.43032585388161,35.50305,train
13941,94.85645482862957,94.70338,train
5208,53.00734926713273,53.05436,train
14529,76.04901284854375,75.94199,train
13933,96.9560797736986,96.21994,train
4838,49.00862249254413,49.167248,train
1810,154.98431615588598,155.08774,train
532,103.745126530115,103.48608,train
11976,38.74855875286944,38.659386,train
971,98.65596999066533,100.35254,train
4079,26.05871153969042,25.50674,train
3682,75.24982629334554,75.19051,train
8168,16.08629542413324,16.163734,train
11835,89.77171705634251,89.855415,train
9774,24.152412660023124,23.810026,train
9909,66.94929169823543,66.34755,train
14056,13.681305189167857,14.607323,train
11002,75.52912062238612,75.57668,train
9756,25.22774623249076,26.486908,train
9032,77.87315181130059,78.01122,train
10015,53.47823699991465,53.805313,train
12552,54.316367961579786,53.22019,train
6512,40.76621946032643,40.523716,train
5989,77.53876431170232,77.435104,train
9222,34.339930274970904,34.929558,train
7643,129.4267602168825,129.43854,train
12676,104.48871564383238,103.71956,train
9902,60.77778500000022,61.198383,train
1923,99.4907361299304,99.62697,train
7885,25.51278413365885,25.649954,train
5439,83.09935595306658,83.07792,train
8579,7.017482350592017,6.571296,train
4209,48.84238573144443,49.025597,train
1319,29.77075417333722,29.68344,train
9815,27.490995490790755,27.24927,train
11071,18.448270263304188,18.521479,train
9866,41.27982950557314,43.168182,train
4491,89.57234360169679,89.09061,train
270,40.259092491267545,39.986217,train
10056,64.10443142186895,63.927097,train
8541,3.157574944909513,3.249113,train
9549,54.29787772679955,54.421993,train
118,59.85653291285112,60.171337,train
7556,67.18811819694348,67.61565,train
8344,134.13491032325388,133.42903,train
7513,48.96526861625701,48.97399,train
8543,3.157574944909513,3.249113,train
13064,39.2928079640545,39.25072,train
9568,50.36965316093952,49.89193,train
10026,55.61817953038767,55.586887,train
1551,69.76848318728358,70.21914,train
10197,23.43298254652068,23.102919,train
7649,129.4267602168825,129.083,train
4521,77.79019270718537,77.45947,train
8142,56.44692913934201,56.441246,train
1462,39.53055859179817,39.245472,train
14505,76.10569077995255,76.035614,train
2002,154.98431615588598,155.03357,train
1839,129.4267602168825,129.083,train
11834,89.77171705634251,90.27968,train
12166,49.29258108243957,49.05506,train
5944,70.5776831156227,70.82271,train
14407,115.99146512869038,116.23475,train
10541,12.31628944406271,12.343961,train
12781,84.01038592956453,83.91035,train
272,40.259092491267545,39.908688,train
7289,70.8998858391393,71.46021,train
1709,34.113034957437215,34.002846,train
4982,25.27984779576332,25.3728,train
4160,31.73671877096429,31.824429,train
1931,99.4907361299304,99.514084,train
12487,50.09922712517202,49.883926,train
5461,37.38629228613615,37.50922,train
4469,110.28871787139632,109.228745,train
2573,19.628813853406385,19.596891,train
1018,5.227697523949966,5.220631,train
10178,19.28254456595652,19.123316,train
910,109.30466743726038,108.88957,train
7052,89.93891881356173,90.197556,train
3951,112.6599718133244,113.497604,train
10175,19.28254456595652,18.870237,train
102,57.128108492674905,57.24729,train
7933,49.53704304744422,49.47516,train
78,56.19046936462432,56.234882,train
6772,73.76729204182922,73.46914,train
735,33.39074910958052,33.42985,train
5800,53.62497940433934,53.805992,train
7241,84.57638463785023,84.33315,train
199,41.2027500139872,41.224632,train
3790,71.91197889308408,72.11902,train
9680,64.63130975413613,64.39644,train
205,41.2027500139872,41.619476,train
14320,96.9560797736986,97.31922,train
7198,134.14502085001388,134.21608,train
13332,49.5567795038002,49.514687,train
853,145.24040847801632,145.0241,train
12470,52.99398689569749,52.527462,train
13724,77.1364912669906,77.658844,train
8324,61.551258937303125,61.656925,train
14009,93.50643630226388,93.80747,train
13084,35.5258604479491,34.99002,train
1621,8.180433892801254,8.095884,train
9321,80.57929170551442,80.62135,train
10022,53.47823699991465,52.477825,train
12163,49.29258108243957,49.084484,train
5124,28.678520203607828,28.650946,train
5425,80.25361829662151,80.46891,train
13027,71.34845173855356,71.63781,train
10219,28.753615695926324,28.957153,train
10215,28.753615695926324,28.301027,train
8383,101.3171290408814,101.49062,train
14533,76.04901284854375,75.73142,train
9821,29.38334863141901,28.055119,train
11179,38.72775337298162,38.947315,train
4003,93.38657295807928,93.72405,train
871,129.4267602168825,129.04076,train
13943,94.85645482862957,94.22909,train
1654,13.92854978889145,13.888378,train
7356,77.53876431170232,77.91764,train
1583,3.624115801788345,3.6672137,train
12689,99.25129745411776,98.839905,train
3320,19.89991539202705,19.965235,train
5438,83.09935595306658,83.10134,train
13728,76.10569077995255,75.96886,train
6124,70.8998858391393,70.70787,train
6064,90.56896135270873,89.58923,train
3580,32.289249758728964,32.39974,train
10466,70.098803480824,69.55964,train
7396,19.89991539202705,20.784784,train
8197,17.633485569278523,17.90868,train
2536,62.12878854692645,62.14138,train
8744,38.91834885517143,38.84693,train
2637,38.88107047950797,38.228325,train
14484,78.70427049849316,78.59798,train
6602,89.61281744144841,89.58915,train
13306,47.99809684590056,48.328896,train
5505,36.94310571922444,37.324047,train
3970,103.23350357813172,103.1806,train
6588,75.23466307522513,75.25315,train
14482,78.70427049849316,78.00868,train
13525,36.02701366128638,36.122044,train
10337,68.70638879452079,68.31192,train
4879,4.196221297202333,4.2176785,train
2241,25.935608876074404,25.997763,train
182,78.0347307986556,77.96403,train
2247,28.753615695926324,28.301027,train
9344,115.23290406090766,114.30256,train
2681,55.1604052272772,54.55997,train
6019,152.8177784761153,152.8819,train
8970,100.6187540373376,100.008606,train
4877,3.328531319289431,3.3485863,train
1255,9.839051198642553,10.242538,train
9908,66.94929169823543,66.34755,train
11672,117.94057501366258,117.983345,train
516,109.30466743726038,109.28048,train
149,67.22734142322994,67.59865,train
11402,34.113034957437215,34.002846,train
3995,94.85645482862957,94.70338,train
2438,18.731792724897712,18.788692,train
3553,24.10159309622668,23.7916,train
5034,49.00862249254413,49.022285,train
3315,18.448270263304188,18.896692,train
4919,9.499438230882436,9.491684,train
5638,12.124975352206752,12.266336,train
4346,38.05130976592272,38.085167,train
5963,71.78670881619587,71.6087,train
12822,89.77171705634251,89.560005,train
2309,53.62497940433934,53.342674,train
9366,101.3171290408814,101.15494,train
11631,82.2895007905107,81.80074,train
68,56.41096371227875,56.61727,train
14121,30.88595532017685,29.564358,train
13699,80.83497267860338,81.06857,train
7008,115.30303150446332,115.4448,train
14091,22.120024226901386,22.080532,train
12826,89.77171705634251,89.75883,train
2604,26.620833128631787,27.228214,train
7315,70.8890994699993,70.76665,train
3408,38.72775337298162,38.343727,train
4110,24.74816706908628,24.494324,train
13587,51.76031579593137,52.30482,train
3473,62.1233802776967,62.64364,train
3861,80.25361829662151,80.160484,train
10563,15.424596218027991,16.286057,train
11182,41.84557272242807,41.818546,train
12838,53.18976182780735,53.96623,train
13671,90.99196236438706,90.87458,train
1345,38.91593697359398,38.889015,train
9272,53.49135176226452,53.94252,train
12140,45.64933795175344,46.267822,train
9447,78.04583599126548,78.310295,train
6545,53.49135176226452,53.646248,train
14550,78.37770085810139,78.090546,train
3275,38.91593697359398,38.889015,train
4453,74.77670776968583,74.54734,train
5104,24.789633367188944,24.01136,train
3199,13.92854978889145,13.855272,train
6354,55.1604052272772,54.753662,train
9356,107.7381594436571,108.39937,train
7806,6.4852329987035695,6.4940386,train
8265,33.15923815640949,32.681736,train
5149,35.87508543765299,35.47007,train
8498,79.27542778284364,79.57736,train
816,193.8751524679473,194.98624,train
617,4.196221297202333,4.2176785,train
6072,84.57638463785023,84.80321,train
2525,55.271872386990935,55.34347,train
12839,47.10789941727601,47.06462,train
5667,14.865809293936342,14.725729,train
720,25.27984779576332,25.3728,train
11436,50.04341124314785,50.046593,train
6367,59.89579766367838,59.82753,train
4754,15.977335233233198,15.995449,train
2315,53.62497940433934,53.97127,train
7093,76.50234292040042,76.13757,train
3762,76.30367359186545,75.69087,train
11458,96.6886854171183,96.763176,train
12769,83.13470642646298,83.72426,train
11041,80.03415155888028,80.21075,train
10344,68.70638879452079,69.04507,train
493,117.68636585320668,117.236,train
5591,56.318371719458256,56.364338,train
10717,19.628813853406385,19.388369,train
11237,62.1233802776967,62.274876,train
14127,30.88595532017685,31.06316,train
7033,100.6187540373376,100.26421,train
4624,78.23957030362628,77.68057,train
3195,11.747596709247082,11.706337,train
1572,2.9065837811274826,2.9278867,train
6344,50.68801501365044,50.622326,train
2717,75.24982629334554,74.60499,train
6043,107.5602418843858,107.734634,train
14358,92.14301126701253,92.75704,train
8445,79.9470355349353,79.41534,train
1525,56.318371719458256,56.364338,train
2659,46.48566476712182,46.577286,train
5557,46.20624283129268,45.867588,train
4563,71.63339382759735,72.055786,train
3151,5.527128574206158,5.59856,train
1718,38.91593697359398,38.889015,train
9132,26.05871153969042,26.173517,train
1261,11.747596709247082,11.706337,train
7193,134.14502085001388,133.8555,train
553,100.48928695862324,100.71848,train
8836,41.380738858681696,41.13188,train
14005,93.28231569539822,93.27486,train
7754,97.47338258073955,97.58241,train
7412,23.053352899871395,23.48467,train
4752,15.977335233233198,15.995449,train
9445,78.04583599126548,78.28675,train
13669,90.99196236438706,92.1436,train
777,55.27187238699012,55.26333,train
6076,84.57638463785023,84.130424,train
14247,134.16905500217058,134.37843,train
11607,76.6667816523841,77.14603,train
11732,88.31993375128738,87.92006,train
2357,4.196221297202333,4.2176785,train
14431,95.82256261856072,96.01107,train
5923,71.91197889308408,71.96929,train
7998,5.527128574206158,5.59856,train
7113,75.52912062238612,75.724625,train
10858,70.03363402017787,69.895485,train
11185,41.84557272242807,41.87987,train
13645,108.1849630836454,108.295845,train
409,211.02994799979388,210.22757,train
2307,53.62497940433934,53.106033,train
4220,53.49135176226452,53.449036,train
5134,30.8733631927149,30.340412,train
9792,24.963663940738886,24.42379,train
6013,83.09935595306658,83.07792,train
1499,49.19054255336955,48.81167,train
6850,56.980886431131886,57.53875,train
3160,6.750079908713624,6.5180326,train
10758,29.34578260289036,29.07134,train
11980,38.74855875286944,39.485004,train
3084,48.41170998900376,48.78423,train
6166,73.22704486211128,73.30544,train
2912,75.23466307522513,75.163345,train
11413,38.91593697359398,38.889015,train
11498,75.20136128981777,75.89918,train
9659,55.05208924433604,56.491543,train
10886,124.5037870661705,125.43374,train
12512,49.49174784981139,49.214916,train
4119,25.32142942667775,24.770252,train
4650,86.00802491357506,86.03271,train
3319,19.89991539202705,19.809881,train
10307,89.61281744144841,90.260254,train
6449,25.32142942667775,25.27009,train
11961,31.74469640013553,33.287647,train
598,2.606366123918593,2.5885131,train
4034,92.24483243250832,92.23428,train
5080,21.429473611547053,21.062145,train
6823,62.19468556359693,61.593426,train
3678,75.24982629334554,75.15196,train
12599,70.67888709810615,70.53916,train
8953,115.30303150446332,115.256065,train
11334,11.747596709247082,11.706337,train
9616,48.60542794913941,48.818333,train
2598,26.620833128631787,26.619518,train
5286,98.11718222077316,98.23132,train
10070,67.58928448046117,67.02321,train
4429,60.456358375515045,60.846302,train
7672,113.1117727502116,114.198456,train
5113,26.657804872047155,26.492147,train
4613,76.00671399435468,75.75512,train
8656,22.51608457834825,23.06564,train
9075,76.77816930527784,76.91864,train
8085,25.857534399290905,25.902805,train
7732,99.4907361299304,99.75607,train
12430,86.00802491357506,85.99107,train
3638,55.1604052272772,54.890385,train
13809,84.6747137742003,84.68852,train
8007,6.750079908713624,7.0540876,train
4114,25.32142942667775,25.432634,train
4420,56.318371719458256,56.352142,train
14427,101.51368217124082,102.32644,train
5337,73.68374035525322,73.23743,train
2277,39.33748405428104,38.464607,train
6596,80.57929170551442,80.58715,train
4094,24.63527893831387,24.878103,train
14053,13.681305189167857,13.669046,train
9433,78.70967419713557,78.257484,train
9861,41.27982950557314,41.620014,train
9223,37.34804120151974,37.09239,train
6285,29.34578260289036,28.47664,train
2563,17.650012712740526,17.755945,train
7526,53.00734926713273,53.05436,train
1088,18.731792724897712,18.788692,train
584,97.47338258073955,97.58241,train
13118,35.06929068218894,34.95714,train
3012,23.43298254652068,23.537079,train
9652,55.05208924433604,54.823112,train
11172,38.72775337298162,38.90892,train
8006,6.750079908713624,6.5180326,train
4769,21.824079935423136,21.890541,train
1822,136.76886894565047,136.18433,train
2550,15.826709276493416,15.885726,train
2597,26.620833128631787,25.960842,train
6880,56.553861435166894,57.44089,train
1370,56.44692913934201,56.475014,train
14000,93.28231569539822,93.565384,train
13246,57.05450517605655,55.614967,train
10685,61.47666898968674,62.157528,train
636,6.442036183009371,6.465546,train
217,39.0547337639536,39.413887,train
10542,12.31628944406271,12.7147,train
13260,52.08281461664617,52.101257,train
2020,136.76886894565047,135.74495,train
6363,59.89579766367838,59.998566,train
3202,13.92854978889145,13.855272,train
1389,37.38629228613615,37.2975,train
388,78.79814514174707,78.855446,train
13764,76.04901284854375,76.02762,train
8521,84.52419181559287,84.440155,train
11023,76.77816930527784,77.20277,train
7778,3.3460458597073703,3.542901,train
1636,9.839051198642553,10.242538,train
12159,47.53432583996549,47.81215,train
8078,22.34386956684365,22.507294,train
2633,35.46372651810452,35.41293,train
13623,71.34845173855356,71.20727,train
10078,71.35912677124634,71.0468,train
10925,94.83357335355618,94.20218,train
12277,84.82941053361527,84.87037,train
8617,11.995094370873645,12.810704,train
2510,49.00862249254413,49.022285,train
3061,39.33748405428104,38.722485,train
3643,55.1604052272772,55.128452,train
749,38.10425093875088,38.109303,train
5580,52.561077422993925,52.378445,train
8145,56.44692913934201,56.475014,train
8830,41.380738858681696,41.72193,train
10299,65.47137652330578,65.58582,train
6158,71.78670881619587,71.69884,train
12527,50.93322091321282,51.354115,train
12756,82.74203335367166,82.62804,train
621,4.196221297202333,4.2176785,train
7174,84.60291252746008,84.52923,train
9373,95.84505322335384,96.00013,train
5039,55.271872386990935,55.281967,train
13130,37.48026356057577,37.568207,train
5225,62.1233802776967,62.64364,train
2249,28.753615695926324,28.246138,train
1082,15.977335233233198,15.995449,train
1930,99.4907361299304,99.42213,train
2011,145.24040847801632,145.52725,train
8844,43.604537301970495,43.080566,train
658,9.499438230882436,9.4823885,train
10229,31.91051408188231,31.958763,train
7719,101.86758015295236,101.492004,train
2632,35.46372651810452,35.25305,train
12922,36.02701366128638,36.08053,train
7552,67.18811819694348,67.84053,train
7483,38.72775337298162,39.02565,train
5429,80.25361829662151,80.205215,train
14287,107.5197399548222,107.58171,train
11872,16.57780018172115,16.742014,train
7673,113.1117727502116,112.710945,train
13437,53.18976182780735,52.755154,train
2518,55.271872386990935,55.26333,train
11846,16.20097931775689,16.145092,train
7202,119.35792066219084,119.55313,train
5738,28.753615695926324,28.737852,train
14463,83.56214469765372,84.30266,train
5056,62.12878854692645,62.14138,train
2971,16.125116344342604,15.961047,train
9003,82.51266906756706,82.51704,train
2123,99.4907361299304,99.420616,train
551,101.86758015295236,101.9446,train
4010,93.38657295807928,93.296234,train
13201,60.69477696945295,60.39371,train
5405,75.16417987128504,75.22509,train
2970,16.125116344342604,16.08454,train
11320,9.839051198642553,9.784307,train
5065,18.448270263304188,18.682518,train
7920,38.4884049367477,38.59918,train
6387,70.03363402017787,69.7572,train
2860,48.84238573144443,48.858887,train
9072,75.8861492644395,76.22377,train
3810,70.5776831156227,70.852806,train
6134,70.5776831156227,70.74647,train
12972,47.982575358036456,48.294853,train
11684,104.48871564383238,103.834,train
7788,4.22054923341766,4.1632366,train
13302,47.99809684590056,47.66571,train
12291,80.93195157639853,80.46951,train
6188,77.53876431170232,77.56058,train
1136,33.39074910957999,33.42985,train
7553,67.18811819694348,67.64768,train
4582,71.91030133184738,72.105804,train
6844,58.13900410472736,57.53154,train
7215,107.5602418843858,107.48069,train
14311,96.9560797736986,96.78033,train
3609,42.55205181960314,42.713707,train
6860,56.347326863317264,56.782402,train
1561,74.77670776968583,74.84654,train
8675,29.87847222265743,29.837437,train
9682,64.63130975413613,64.59682,train
2800,29.533535528411715,29.378944,train
1999,154.98431615588598,154.86914,train
10480,73.76729204182922,74.41301,train
12911,35.06929068218894,35.473846,train
3610,42.55205181960314,42.520454,train
6532,48.84238573144443,48.42859,train
9896,55.131604537436736,56.304527,train
4529,75.33592393483191,75.835815,train
1324,29.77075417333722,29.68344,train
14368,92.24483243250832,92.8134,train
8987,89.93891881356173,90.37122,train
4573,71.5126952436544,72.02437,train
6620,77.41176032874927,77.14316,train
9289,63.896198456162885,63.809254,train
6528,44.597910972306806,45.001514,train
8249,26.93699031659804,27.502811,train
6396,75.24982629334554,75.19051,train
1100,21.824079935423136,21.890541,train
7293,70.8998858391393,70.97728,train
12706,91.2397572047843,90.514305,train
3606,38.88107047950797,39.00012,train
6958,71.44838330678776,72.255165,train
5706,21.22276810141124,20.652275,train
5488,35.86295586622186,35.960205,train
1851,123.0978685654898,123.46462,train
6485,31.73671877096429,31.68184,train
11254,72.52135855398946,72.73618,train
14551,78.37770085810139,78.18858,train
510,113.1117727502116,112.75312,train
296,43.12759497575015,43.5176,train
6558,58.5236929318425,58.821323,train
8297,45.49256223877087,45.71254,train
12610,75.03655084716752,74.71439,train
3403,35.87508543765299,35.734528,train
5084,21.429473611547053,21.348215,train
14304,99.73165781686828,99.07179,train
11037,78.17671644727096,78.05006,train
1362,50.04341124314785,50.046593,train
3149,5.527128574206158,5.59856,train
11003,75.52912062238612,75.66097,train
7394,19.89991539202705,20.267927,train
12762,82.69911139745801,82.415985,train
4163,34.339930274970904,34.03476,train
13500,34.635546819221005,34.566402,train
6078,84.57638463785023,84.8427,train
14294,103.23350357813172,103.3729,train
11100,23.053352899871395,22.671068,train
852,145.24040847801632,145.12865,train
5979,75.16417987128504,75.22509,train
12802,86.82293470300802,86.63916,train
12239,75.02114224725477,75.60681,train
13404,68.7218064382226,68.78142,train
7107,75.72806675637788,75.68919,train
3055,35.43032585388161,35.86387,train
1698,29.77075417333722,29.68344,train
9020,79.86598582053819,80.17514,train
9926,50.733368627516406,50.435806,train
11122,26.657804872047155,26.70077,train
7781,3.3460458597073703,3.542901,train
3278,44.21359478458822,44.251316,train
4201,44.597910972306806,44.870934,train
8965,100.6187540373376,101.26142,train
733,33.39074910958052,33.42985,train
741,33.39074910958052,33.42985,train
438,166.17853479893557,167.33725,train
5637,12.124975352206752,12.344075,train
5711,21.22276810141124,21.859158,train
5418,77.53876431170232,77.27915,train
7050,89.93891881356173,90.27605,train
8058,16.40524145944573,16.451323,train
5780,43.65657505930208,44.361256,train
931,103.745126530115,103.7832,train
1095,18.731792724897712,18.79858,train
13654,101.51368217124082,102.32712,train
3239,25.857534399290905,25.89554,train
10916,100.6187540373376,100.24822,train
393,78.79814514174707,78.83047,train
237,38.49172622988656,38.975086,train
14547,76.98958830258586,76.84996,train
6137,70.5776831156227,70.846855,train
4202,44.597910972306806,44.90803,train
3377,30.8733631927149,30.48318,train
12092,49.56838968278535,49.59137,train
4305,35.919888386123255,35.782776,train
2650,42.55205181960314,42.520454,train
74,56.41096371227875,56.134415,train
254,38.74234435378403,39.00426,train
7326,71.78670881619587,71.49409,train
4587,71.91030133184738,72.16044,train
12185,54.343834943578464,55.046593,train
9152,24.63527893831387,24.749456,train
9487,80.66666767817155,80.88019,train
13946,94.85645482862957,94.4478,train
7677,113.1117727502116,112.93305,train
11336,11.747596709247082,11.706337,train
638,6.442036183009371,6.465546,train
13530,37.48026356057577,37.568207,train
1199,3.624115801788345,3.4979146,train
11347,13.92854978889145,13.888378,train
1251,9.839051198642553,9.784307,train
12715,88.31993375128738,88.236824,train
6372,64.87166628595628,64.82379,train
8164,16.08629542413324,15.83897,train
4184,40.76621946032643,40.523716,train
9570,49.12984125237405,49.498985,train
5431,80.25361829662151,80.40583,train
4800,33.39074910957999,33.42985,train
675,13.53610473193936,13.570401,train
13768,76.98958830258586,76.97305,train
10684,61.47666898968674,62.157528,train
3718,107.5602418843858,107.53071,train
188,81.83523066971891,80.82345,train
8305,50.43940763070308,49.86186,train
1794,166.17853479893557,165.72778,train
2015,145.24040847801632,145.25061,train
1277,16.40524145944573,16.485981,train
13909,103.23350357813172,103.50938,train
13473,36.99469593104042,37.296196,train
2321,59.31238391810723,59.28805,train
791,62.12878854692645,62.14138,train
14152,42.23549826962851,42.34686,train
13870,134.16905500217058,134.62561,train
6395,75.24982629334554,74.98833,train
12298,77.79019270718537,77.4019,train
7432,26.657804872047155,26.64027,train
2118,99.4907361299304,99.62697,train
436,166.17853479893557,166.11937,train
3437,48.96526861625701,48.71547,train
4560,71.63339382759735,72.293686,train
4000,94.85645482862957,94.4478,train
9382,91.22443951098568,90.181725,train
2389,7.85908552453503,7.8486624,train
8130,44.21359478458822,44.356483,train
3057,39.33748405428104,38.464607,train
7254,79.88545352007553,80.04548,train
5167,38.72775337298162,38.789223,train
5582,52.561077422993925,53.41005,train
13318,48.08623281605109,48.75818,train
3878,83.09935595306658,83.09708,train
1729,44.21359478458822,44.251316,train
14081,19.694692079282625,18.922781,train
938,101.86758015295236,102.12333,train
6219,14.147402430467531,14.545687,train
12128,45.5844800104469,45.757736,train
2684,55.1604052272772,55.040672,train
4603,74.18155972707093,74.31198,train
10783,35.46372651810452,35.55957,train
9693,68.7218064382226,68.41377,train
3439,48.96526861625701,48.839233,train
5503,36.94310571922444,37.384216,train
11102,23.053352899871395,23.231987,train
1758,230.9901536612257,231.8162,train
3224,19.20192266480916,19.301252,train
4873,3.328531319289431,3.3485863,train
12722,86.04998768751986,85.931564,train
5620,69.76848318728358,69.69112,train
3511,15.826709276493416,15.800065,train
6301,35.46372651810452,35.321564,train
9869,45.39928951266095,44.340824,train
7055,85.85337627290696,86.5176,train
8666,26.00016013994612,26.519632,train
4304,35.919888386123255,35.9478,train
5324,76.30367359186545,75.69087,train
4625,78.23957030362628,77.474335,train
8642,19.398995908192024,19.622856,train
6871,56.21134114752307,56.77867,train
13975,92.14301126701253,91.95241,train
8563,4.756993192217126,4.872234,train
8381,101.3171290408814,101.925186,train
11292,5.527128574206158,5.59856,train
9947,48.56996296403304,48.171566,train
9308,75.23466307522513,75.163345,train
2286,39.33748405428104,39.801445,train
8927,74.77670776968412,74.80966,train
7059,85.85337627290696,85.724304,train
6227,15.826709276493416,15.748926,train
10763,29.34578260289036,29.522072,train
8022,9.839051198642553,9.784307,train
5845,119.35792066219084,119.01128,train
5284,98.11718222077316,99.1872,train
13663,95.82256261856072,95.90069,train
13358,52.77367077007368,54.128296,train
5538,41.380738858681696,40.694874,train
3811,70.8890994699993,71.11721,train
10009,51.68892331520587,51.060802,train
6017,152.8177784761153,152.41454,train
7883,25.51278413365885,25.649954,train
13544,39.410668208964985,39.393227,train
3871,83.09935595306658,82.9647,train
5011,38.10425093874939,38.100716,train
13209,65.83077308186866,64.57731,train
11449,56.44692913934201,56.475014,train
7032,100.6187540373376,100.304276,train
4143,29.533535528411715,29.32267,train
2796,27.727713592149392,28.364288,train
12336,72.29320847026757,72.64818,train
8827,39.53055859179817,39.504395,train
9211,31.73671877096429,31.747446,train
1797,166.17853479893557,166.05438,train
5168,38.72775337298162,38.947315,train
11610,76.6667816523841,76.456436,train
313,47.39132880100697,46.333294,train
5107,24.789633367188944,24.90578,train
11708,94.86192637572438,94.773605,train
6643,65.44228559506357,65.88703,train
8375,107.7381594436571,108.39937,train
5317,79.88545352007553,80.02181,train
14085,19.694692079282625,19.410885,train
10383,59.37382867606714,60.51114,train
13132,37.48026356057577,37.373875,train
6707,58.30263960140757,58.256397,train
3963,103.23350357813172,103.50938,train
1279,16.40524145944573,16.485981,train
9503,84.52419181559287,84.4994,train
1256,9.839051198642553,10.242538,train
3669,70.03363402017787,69.895485,train
3477,67.18811819694348,66.59193,train
4569,71.5126952436544,71.933105,train
8554,3.883984274506569,3.9498596,train
12434,86.00802491357506,85.90555,train
10237,35.43032585388161,34.909378,train
5279,107.5602418843858,108.0959,train
7626,145.24040847801632,145.52725,train
5864,98.11718222077316,98.20356,train
5705,21.22276810141124,20.99472,train
52,58.305762831138,58.501526,train
2144,97.47338258073955,97.46263,train
14072,17.4903137095204,16.86575,train
5727,25.935608876074404,25.997763,train
11212,53.00734926713273,52.567017,train
12171,51.56721782835394,50.81497,train
9027,77.87315181130059,77.23273,train
5966,71.78670881619587,71.49409,train
11192,45.250987390322535,45.099483,train
8481,78.3521209153635,78.108894,train
3034,28.753615695926324,28.794262,train
13911,103.23350357813172,102.95007,train
2284,39.33748405428104,39.951324,train
5118,26.657804872047155,27.71125,train
14096,22.120024226901386,23.027779,train
4354,39.53055859179817,39.82125,train
6496,34.339930274970904,34.039783,train
1436,36.210240125305205,36.799248,train
11942,26.22042757385485,27.497164,train
13762,76.04901284854375,76.011024,train
5310,84.57638463785023,84.8427,train
4391,46.20624283129268,45.977425,train
1890,106.2025558056929,105.88004,train
9307,75.23466307522513,74.967,train
8625,14.162925999312623,14.11281,train
12155,47.53432583996549,47.571632,train
4148,29.533535528411715,29.286518,train
1200,3.624115801788345,3.4979146,train
3819,70.8890994699993,70.76665,train
12322,73.5169788308657,73.309296,train
4012,93.38657295807928,93.41428,train
11921,22.02913768609874,23.018253,train
13711,78.70427049849316,78.54873,train
7631,145.24040847801632,144.4857,train
201,41.2027500139872,40.797066,train
14215,183.50675596781025,183.38528,train
12370,72.80691569376961,72.92208,train
1027,6.442036183009371,6.465546,train
10254,39.33748405428104,39.801445,train
990,2.606366123918593,2.5885131,train
2003,154.98431615588598,155.04747,train
11728,88.31993375128738,88.24352,train
13589,55.99893434087522,54.784885,train
11144,30.8733631927149,30.73069,train
12638,136.40586584491066,136.07562,train
10356,62.82498618409738,62.728806,train
14355,92.14301126701253,92.50956,train
4807,33.39074910957999,33.42985,train
14203,67.80500732074917,67.45277,train
4776,21.824079935423136,21.890541,train
10157,16.125116344342604,16.02731,train
7602,179.04708701101467,178.93442,train
12325,73.5169788308657,74.072296,train
695,18.731792724897712,18.79858,train
12571,59.57543179697275,58.1032,train
12542,52.38623850151688,51.67752,train
1946,97.47338258073955,97.756226,train
12303,77.79019270718537,76.93182,train
6473,29.533535528411715,29.512505,train
987,2.606366123918593,2.5885131,train
463,136.76886894565047,137.82352,train
14252,134.16905500217058,134.62561,train
3245,25.857534399290905,25.902805,train
1193,2.9065837811274826,2.9278867,train
1805,154.98431615588598,155.01675,train
10,68.8978010059695,69.28674,train
12428,86.00802491357506,86.03271,train
3867,80.25361829662151,80.205215,train
1379,38.91834885517143,38.487164,train
11693,104.48871564383238,105.001465,train
4156,31.73671877096429,31.831873,train
10265,48.41170998900376,48.12925,train
14450,86.92916151125281,88.068535,train
2080,106.2025558056929,105.98624,train
11147,30.8733631927149,30.611885,train
7014,107.39789478589,107.17249,train
10061,64.10443142186895,63.1403,train
4833,49.00862249254413,49.022285,train
855,145.24040847801632,145.25061,train
3418,41.84557272242807,41.364998,train
8473,77.93378927116997,78.059235,train
7689,109.30466743726038,109.05028,train
12697,94.86192637572438,95.11913,train
3797,70.8998858391393,70.97728,train
765,49.0086224925457,49.022285,train
8595,8.444298436388001,8.673058,train
3342,23.053352899871395,23.48467,train
7317,71.78670881619587,72.0949,train
8086,25.857534399290905,25.902805,train
12089,52.60873127102636,51.402897,train
10359,62.82498618409738,62.27598,train
3873,83.09935595306658,82.93783,train
2040,123.0978685654898,123.30427,train
7633,136.76886894565047,137.82352,train
14491,77.1364912669906,76.48156,train
4444,69.76848318728358,69.547516,train
12134,45.64933795175344,45.967255,train
1188,2.9065837811274826,2.9177651,train
9633,50.944218333228456,50.67292,train
7881,22.019205815790816,21.726625,train
12841,47.10789941727601,47.011654,train
7333,73.22704486211128,72.95287,train
1242,8.180433892801254,8.095884,train
6330,42.55205181960314,43.083218,train
11390,29.77075417333722,29.68344,train
2879,58.5236929318425,58.08872,train
3767,76.30367359186545,76.300766,train
12384,74.18155972707093,73.83115,train
5548,43.604537301970495,43.080566,train
9606,48.08623281605109,48.495632,train
2146,97.47338258073955,97.566055,train
214,39.9122322296036,40.06191,train
1073,13.53610473193936,13.570401,train
11633,82.2895007905107,82.46623,train
5217,57.39162304208823,57.739143,train
3701,134.14502085001388,134.17383,train
4649,86.00802491357506,85.69525,train
4126,26.320863792397155,26.617363,train
9466,78.3521209153635,78.51763,train
9476,79.27542778284364,79.18736,train
7634,136.76886894565047,136.5796,train
7999,5.527128574206158,5.8426633,train
6098,76.30367359186545,76.310326,train
14236,143.8247661167656,143.36803,train
8075,22.34386956684365,22.306236,train
3147,5.527128574206158,5.127069,train
8771,35.919888386123255,35.782776,train
12304,77.79019270718537,76.51593,train
5325,76.30367359186545,76.26785,train
2929,12.124975352206752,12.222374,train
14175,51.441846041956246,51.860207,train
13382,60.97999362421386,61.1033,train
13004,60.69477696945295,60.562317,train
4228,58.5236929318425,58.411667,train
8701,44.17585277653098,43.99656,train
565,99.4907361299304,99.42301,train
4196,44.597910972306806,44.58044,train
1652,13.92854978889145,13.855272,train
7418,24.789633367188944,24.631311,train
669,11.384421137066337,11.389216,train
9555,52.08281461664617,52.2651,train
8461,78.04583599126548,78.03764,train
13430,53.18976182780735,52.751335,train
13032,53.18976182780735,53.747868,train
5697,19.28254456595652,19.39531,train
280,41.522611277483854,41.485188,train
11797,84.01038592956453,84.01228,train
14555,78.37770085810139,77.98625,train
6704,58.30263960140757,58.375053,train
3095,53.62497940433934,53.97127,train
309,47.39132880100697,47.16038,train
12141,46.3112758194042,46.60879,train
12684,99.25129745411776,99.56573,train
2218,21.22276810141124,20.745012,train
1308,25.857534399290905,25.89554,train
6212,14.147402430467531,14.125556,train
9741,26.58523738686569,26.917448,train
13808,84.6747137742003,84.989334,train
8437,81.7828321007955,81.624214,train
5029,49.00862249254413,49.022285,train
13743,75.59158411003656,75.73246,train
2182,14.865809293936342,14.853797,train
7035,94.83357335355618,95.86547,train
11876,17.141358034855276,16.802078,train
3999,94.85645482862957,94.16113,train
5268,119.35792066219084,119.55313,train
11230,62.1233802776967,61.55871,train
13221,71.34845173855356,71.10864,train
5209,57.39162304208823,56.82377,train
4101,24.63527893831387,24.444601,train
6752,66.87499746459498,67.102585,train
14111,27.698995930992588,26.832085,train
5218,57.39162304208823,58.021626,train
6059,98.11718222077316,98.1465,train
9136,25.04050211213976,24.805939,train
9949,48.56996296403304,48.197197,train
14,68.8978010059695,69.39069,train
4203,48.84238573144443,48.619,train
3799,70.8998858391393,70.90009,train
6445,25.32142942667775,25.545847,train
1542,64.95566127753861,64.957375,train
12011,52.35653033478938,53.803772,train
2592,24.10159309622668,24.267588,train
14590,86.84139842568032,87.188576,train
10394,58.48566458724775,58.660446,train
5630,74.77670776968583,74.84786,train
5599,60.456358375515045,60.846302,train
1976,193.8751524679473,194.98624,train
9708,73.1915613079784,73.52645,train
10163,16.125116344342604,16.45487,train
12044,78.77344906209804,77.50062,train
11554,68.87072465156034,69.19921,train
9045,75.72806675637788,76.11343,train
3755,79.88545352007553,80.02181,train
6373,64.87166628595628,64.65267,train
9206,31.73671877096429,31.831873,train
13860,143.8247661167656,143.42514,train
7336,73.22704486211128,73.76752,train
11143,30.8733631927149,30.707428,train
11317,8.180433892801254,8.095884,train
5131,30.8733631927149,30.575293,train
7175,84.60291252746008,84.61942,train
9292,63.896198456162885,64.582275,train
3558,26.620833128631787,26.619518,train
5142,33.2646262088608,33.144627,train
5592,56.318371719458256,56.28256,train
11045,80.03415155888028,79.872826,train
1500,49.19054255336955,49.158894,train
8961,107.39789478589,107.05874,train
11833,89.77171705634251,89.86933,train
2997,21.22276810141124,20.698324,train
14545,76.98958830258586,77.118355,train
4653,86.00802491357506,85.863495,train
13315,48.08623281605109,48.495632,train
6767,70.098803480824,70.04158,train
5565,49.19054255336955,48.81167,train
9515,86.49796272771329,86.20958,train
10695,14.147402430467531,14.795089,train
6056,98.11718222077316,98.41307,train
4539,73.5169788308657,74.49601,train
2311,53.62497940433934,53.391636,train
12472,52.99398689569749,53.23391,train
5017,38.10425093874939,38.109303,train
11066,84.60291252746008,84.49545,train
770,49.0086224925457,49.167248,train
11116,24.789633367188944,23.917307,train
2149,12.124975352206752,12.222374,train
5522,38.05130976592272,38.53797,train
13689,83.56214469765372,83.889496,train
12248,110.28871787139632,109.8809,train
13330,49.5567795038002,49.1941,train
13682,86.92916151125281,87.091255,train
764,49.0086224925457,49.022285,train
8254,29.856612492782848,28.61972,train
11849,16.20097931775689,16.619923,train
2973,16.125116344342604,16.25237,train
4254,75.23466307522513,75.12024,train
4818,38.10425093874939,38.109303,train
1743,50.04341124314785,50.046593,train
4907,6.442036183009371,6.465546,train
6960,75.14911418145515,74.92066,train
9656,55.05208924433604,55.06436,train
9613,48.60542794913941,48.46863,train
2022,136.76886894565047,135.86461,train
9112,82.25512726841218,82.61364,train
8540,3.157574944909513,3.249113,train
13891,112.6599718133244,113.237854,train
6706,58.30263960140757,58.710075,train
12423,83.53755060546025,83.23453,train
4303,35.919888386123255,36.054474,train
9091,78.17671644727096,78.2144,train
10673,55.25020379636824,55.970757,train
6249,19.628813853406385,20.234411,train
2936,12.124975352206752,12.668792,train
12772,83.13470642646298,83.01533,train
11387,25.857534399290905,25.902805,train
3749,84.57638463785023,84.49868,train
10760,29.34578260289036,28.47664,train
6159,71.78670881619587,71.43731,train
9965,48.10528443505019,49.07642,train
5992,77.53876431170232,77.27915,train
6614,83.01808144823141,82.803604,train
5299,90.56896135270873,90.33947,train
7752,97.47338258073955,97.783264,train
10328,72.67230242637233,72.3451,train
4944,13.53610473193936,13.570401,train
11115,24.789633367188944,24.01136,train
7182,84.60291252746008,84.68175,train
10595,21.99579802176319,22.972383,train
9094,80.03415155888028,80.21075,train
11217,53.00734926713273,53.398075,train
10711,17.650012712740526,17.450996,train
10318,83.01808144823141,82.803604,train
1688,25.857534399290905,25.89554,train
8203,18.82198014263801,17.84178,train
5836,134.14502085001388,133.64252,train
12982,51.76031579593137,51.46558,train
6391,75.24982629334554,74.60499,train
11252,72.52135855398946,72.44226,train
3364,26.657804872047155,26.466824,train
6483,31.73671877096429,31.766176,train
12490,50.09922712517202,49.117416,train
14451,86.92916151125281,86.03905,train
567,99.4907361299304,98.96975,train
531,106.2025558056929,106.34811,train
5009,38.10425093874939,38.100716,train
6385,70.03363402017787,70.23801,train
12070,62.25633543844163,62.65738,train
7617,154.98431615588598,155.03357,train
4966,18.731792724897712,18.79858,train
11649,136.40586584491066,136.07562,train
2731,26.05871153969042,25.860104,train
2033,129.4267602168825,128.99098,train
1965,211.02994799979388,211.24374,train
1826,136.76886894565047,136.86719,train
8522,84.52419181559287,84.4994,train
13371,57.78612866760917,58.206524,train
4588,71.91030133184738,72.33247,train
9888,55.131604537436736,52.568172,train
13193,55.99893434087522,56.154873,train
11371,22.34386956684365,22.306236,train
1553,69.76848318728358,69.6424,train
8859,49.19054255336985,49.76065,train
3731,90.56896135270873,90.544815,train
1216,4.491537072359547,4.5777535,train
11676,110.67568302020096,109.520996,train
10535,11.079698144729212,11.655257,train
3192,11.747596709247082,11.706337,train
3353,24.789633367188944,23.917307,train
4063,93.50643630226388,93.80747,train
7188,152.8177784761153,152.29869,train
10239,35.43032585388161,35.29604,train
5290,98.11718222077316,98.20356,train
8770,35.919888386123255,35.9478,train
1589,4.491537072359547,4.5777535,train
6360,55.1604052272772,55.95773,train
7176,84.60291252746008,84.575806,train
1827,136.76886894565047,135.86461,train
3909,143.8247661167656,143.6047,train
8122,44.21359478458822,44.260788,train
11945,28.80702918062262,27.456697,train
9276,58.5236929318425,58.57959,train
3076,43.65657505930208,44.66304,train
12865,39.2928079640545,39.286457,train
4660,2.606366123918593,2.5885131,train
5340,73.68374035525322,73.29604,train
2554,15.826709276493416,15.95637,train
11751,84.38693654155693,84.27323,train
5530,39.53055859179817,38.978584,train
4547,73.5169788308657,74.072296,train
1210,4.491537072359547,4.5777535,train
9214,34.339930274970904,34.085373,train
9509,84.52419181559287,84.87486,train
14343,92.49987338269456,92.802605,train
2880,58.5236929318425,58.57959,train
4611,76.00671399435468,76.649254,train
7979,3.624115801788345,3.6877751,train
14404,115.99146512869038,116.80456,train
5721,23.43298254652068,23.813871,train
5813,65.47137652330578,64.82291,train
12024,63.65496035831079,63.47029,train
3347,24.789633367188944,24.219313,train
2374,5.227697523949966,5.220631,train
3910,143.8247661167656,144.38599,train
10523,10.027769629293385,10.296988,train
2485,33.39074910957999,33.42985,train
6674,59.37382867606714,59.04397,train
3011,23.43298254652068,23.534418,train
1185,62.12878854692645,62.14138,train
4916,7.85908552453503,7.8486624,train
7910,33.71724493019231,33.976,train
5272,119.35792066219084,119.21069,train
8367,115.23290406090766,115.57111,train
14230,155.05412004324748,154.68584,train
2038,123.0978685654898,122.15926,train
233,38.59019696142197,39.129704,train
11547,68.87072465156034,69.83613,train
9882,50.01044157412626,49.84401,train
3958,107.5197399548222,108.370605,train
8911,69.76848318728075,69.79622,train
12545,52.38623850151688,53.018627,train
1926,99.4907361299304,99.893845,train
12136,45.64933795175344,46.166645,train
9336,123.96214174002029,125.17158,train
11896,19.038942421022504,18.400011,train
5067,18.448270263304188,18.896692,train
12126,45.5844800104469,46.149776,train
5553,46.20624283129268,46.391037,train
14257,125.86447482244527,125.73267,train
10365,62.82498618409738,62.757084,train
7695,106.2025558056929,105.98624,train
7259,76.30367359186545,76.26785,train
11251,72.52135855398946,71.6794,train
8140,50.04341124314785,50.046593,train
3111,65.47137652330578,65.58582,train
1084,15.977335233233198,15.995449,train
2638,38.88107047950797,38.510113,train
6529,44.597910972306806,44.870934,train
4296,36.41164086407028,35.941,train
4762,18.731792724897712,18.79858,train
6932,65.07118569106198,65.408806,train
2098,101.86758015295236,102.12333,train
1599,5.527128574206158,5.59856,train
4243,69.52453059841163,69.33924,train
1048,9.499438230882436,9.491684,train
556,100.48928695862324,100.200096,train
1427,36.210240125305205,36.642265,train
10447,64.1404088665598,64.18826,train
13133,37.48026356057577,37.60998,train
13882,118.73948000326068,119.011406,train
9885,50.01044157412626,50.129814,train
8532,86.49796272771329,86.27125,train
1102,21.824079935423136,21.890541,train
2250,28.753615695926324,28.729422,train
8158,16.314170769820958,16.382763,train
7671,117.68636585320668,118.03412,train
3210,16.40524145944573,16.485981,train
3183,9.839051198642553,9.784307,train
2339,2.606366123918593,2.5885131,train
6778,73.76729204182922,74.027,train
11936,26.22042757385485,25.894318,train
339,56.555790586714224,56.250927,train
7189,152.8177784761153,153.05574,train
1016,4.196221297202333,4.2176785,train
4475,102.11244006090304,101.62392,train
4646,83.53755060546025,83.35594,train
295,43.12759497575015,42.95058,train
5392,71.78670881619587,71.49409,train
11062,84.60291252746008,84.61942,train
13088,35.5258604479491,35.486397,train
9806,26.017457290686817,26.078732,train
13539,39.410668208964985,38.964912,train
2223,21.22276810141124,21.489853,train
13479,35.5258604479491,36.024254,train
13706,80.83497267860338,80.51832,train
7803,6.4852329987035695,6.3357587,train
3569,29.34578260289036,29.07134,train
8244,26.93699031659804,25.621458,train
6951,71.44838330678776,71.44386,train
7065,82.51266906756706,82.723755,train
4935,11.384421137066337,11.389216,train
2030,129.4267602168825,129.95163,train
1063,11.384421137066337,11.389216,train
7073,79.86598582053819,80.89001,train
6491,34.339930274970904,34.03476,train
7464,33.2646262088608,33.02228,train
3438,48.96526861625701,48.572872,train
4998,29.12596598702036,29.164534,train
13652,101.51368217124082,102.71426,train
14394,93.50643630226388,93.36468,train
11209,48.96526861625701,49.81026,train
7676,113.1117727502116,112.577446,train
12703,91.2397572047843,91.00558,train
6897,57.36151983905263,57.253757,train
8569,5.7950658060046285,5.2575326,train
7457,33.2646262088608,32.687386,train
10118,12.124975352206752,12.44734,train
1089,18.731792724897712,18.79858,train
8552,3.883984274506569,3.8999758,train
13563,44.66517096340306,44.495216,train
2555,15.826709276493416,16.36126,train
1493,46.20624283129268,45.89381,train
1672,19.20192266480916,19.301252,train
2039,123.0978685654898,122.66158,train
10765,29.34578260289036,29.81391,train
721,25.27984779576332,25.3728,train
2133,98.65596999066533,98.63053,train
2319,59.31238391810723,59.139088,train
2256,28.753615695926324,29.316195,train
3431,45.250987390322535,45.353493,train
10093,75.34654859935269,76.203476,train
12693,94.86192637572438,94.79538,train
5358,70.8998858391393,70.61612,train
336,53.12049932369545,54.708416,train
2587,24.10159309622668,23.968742,train
7870,18.89411765969292,19.188337,train
812,193.8751524679473,193.67345,train
10049,60.937760889072194,59.93381,train
4577,71.5126952436544,71.752426,train
5853,107.5602418843858,108.0959,train
11485,81.59299887306369,81.175964,train
8842,43.604537301970495,43.94393,train
9513,86.49796272771329,86.27125,train
10393,58.48566458724775,58.95,train
8453,78.70967419713557,78.216675,train
1908,101.86758015295236,101.61326,train
2662,46.48566476712182,46.77634,train
7534,57.39162304208823,57.690723,train
8108,34.113034957437215,34.287853,train
8909,69.76848318728075,69.64583,train
10995,75.72806675637788,76.18324,train
3114,65.47137652330578,65.62978,train
2709,70.03363402017787,69.895485,train
9765,24.43615168584176,26.102613,train
526,106.2025558056929,106.12078,train
7997,5.527128574206158,5.59856,train
3660,64.87166628595628,64.62051,train
9160,24.74816706908628,24.494324,train
9911,66.94929169823543,66.678665,train
9083,78.17671644727096,78.192795,train
4678,3.328531319289431,3.375473,train
5366,70.5776831156227,70.74647,train
2773,25.32142942667775,24.770252,train
8181,16.251795051003693,16.398527,train
10548,13.757667367208375,13.045083,train
13409,73.1915613079784,72.88863,train
6733,61.911697819840086,61.94346,train
4619,78.23957030362628,79.09046,train
9971,48.10528443505019,47.99362,train
10741,24.10159309622668,24.267588,train
13379,60.97999362421386,60.78052,train
11072,18.448270263304188,18.248869,train
5158,35.87508543765299,36.343937,train
4632,80.80332043496728,81.19476,train
10072,67.58928448046117,67.982346,train
5585,56.318371719458256,56.392273,train
903,113.1117727502116,112.85745,train
10766,32.289249758728964,31.920458,train
3665,64.87166628595628,64.87466,train
23,65.25916422455259,65.07836,train
5702,19.28254456595652,20.108662,train
3066,39.33748405428104,39.801445,train
14232,155.05412004324748,154.93338,train
5742,28.753615695926324,29.316195,train
14362,92.24483243250832,92.23428,train
11477,85.80236635218084,86.1561,train
12300,77.79019270718537,77.48206,train
14452,86.92916151125281,87.28051,train
14387,93.28231569539822,93.27486,train
1937,98.65596999066533,98.67805,train
3459,57.39162304208823,56.868797,train
3317,19.89991539202705,19.632261,train
9259,48.84238573144443,49.025597,train
7243,84.57638463785023,84.2719,train
3505,14.147402430467531,14.545687,train
14388,93.28231569539822,92.96164,train
3416,38.72775337298162,38.947315,train
3823,71.78670881619587,71.57929,train
2085,106.2025558056929,105.88004,train
10066,67.58928448046117,68.23472,train
12590,66.59566485208973,66.076836,train
3009,23.43298254652068,23.102919,train
1226,5.527128574206158,5.8426633,train
19,65.25916422455259,65.23849,train
5875,90.56896135270873,90.3902,train
6723,60.19466070864491,60.511,train
3392,33.2646262088608,32.89305,train
7465,33.2646262088608,33.6219,train
9234,40.76621946032643,40.523716,train
9001,85.85337627290696,85.76026,train
11629,82.2895007905107,82.008064,train
779,55.27187238699012,55.34347,train
8643,19.398995908192024,19.828989,train
14016,93.50643630226388,93.31317,train
11718,91.2397572047843,91.00558,train
11424,44.21359478458822,44.251316,train
870,129.4267602168825,129.95163,train
8357,123.96214174002029,124.88194,train
7600,179.04708701101467,178.75491,train
11983,42.852961632253525,41.45182,train
428,179.04708701101467,177.46169,train
3062,39.33748405428104,39.12659,train
6671,60.81262844049596,61.54274,train
9518,86.49796272771329,86.39217,train
10312,83.01808144823141,83.3621,train
10536,12.31628944406271,11.7462635,train
2739,25.04050211213976,25.152378,train
7963,2.9065837811274826,2.9177651,train
13259,52.08281461664617,52.22442,train
13353,52.77367077007368,52.758698,train
2511,49.00862249254413,49.022285,train
7088,77.87315181130059,77.650826,train
3933,125.86447482244527,126.397545,train
12857,42.58610637454368,42.480267,train
2509,49.00862249254413,49.022285,train
3862,80.25361829662151,79.974884,train
629,5.227697523949966,5.220631,train
1116,25.27984779576332,25.3728,train
906,113.1117727502116,113.060326,train
10517,10.027769629293385,9.087284,train
14288,107.5197399548222,107.98664,train
4473,102.11244006090304,102.475044,train
12923,36.02701366128638,35.887714,train
7425,24.789633367188944,24.90578,train
964,99.4907361299304,99.94252,train
12687,99.25129745411776,99.30982,train
10130,12.885025212225244,12.808706,train
3500,14.147402430467531,14.198435,train
3366,26.657804872047155,27.71125,train
2378,6.442036183009371,6.465546,train
4408,52.561077422993925,52.37651,train
9354,107.7381594436571,107.39562,train
5380,70.8890994699993,70.87736,train
12055,69.43701604268931,70.890564,train
1677,22.34386956684365,22.306236,train
5187,45.250987390322535,45.10383,train
2254,28.753615695926324,28.794262,train
12331,72.29320847026757,72.03457,train
7034,94.83357335355618,94.53613,train
6736,61.911697819840086,61.56177,train
4897,5.227697523949966,5.220631,train
940,101.86758015295236,101.470276,train
13676,90.99196236438706,91.4363,train
6914,60.336165845635456,59.720314,train
11674,110.67568302020096,109.89928,train
13499,34.635546819221005,35.18353,train
12834,53.18976182780735,52.013863,train
5351,71.91197889308408,71.80643,train
8054,16.40524145944573,16.485981,train
13913,103.23350357813172,102.730804,train
13483,35.5258604479491,35.05459,train
13480,35.5258604479491,35.624065,train
13688,83.56214469765372,83.52079,train
13608,60.69477696945295,61.36739,train
4643,83.53755060546025,83.08578,train
3950,112.6599718133244,112.757835,train
767,49.0086224925457,49.022285,train
5795,53.62497940433934,53.342674,train
8507,80.66666767817155,80.64111,train
13462,39.2928079640545,39.126488,train
7857,16.11129124792047,16.360985,train
12477,51.23740717945918,50.431557,train
3917,134.16905500217058,133.43495,train
2972,16.125116344342604,16.230154,train
12004,52.35653033478938,52.094673,train
6551,58.5236929318425,58.27197,train
9903,60.77778500000022,61.237904,train
11646,85.05997393992781,85.11215,train
6851,56.980886431131886,57.171875,train
10700,15.826709276493416,15.800065,train
6041,119.35792066219084,119.72807,train
2812,31.73671877096429,31.60564,train
11221,57.39162304208823,56.73905,train
1458,39.53055859179817,39.82125,train
12757,82.74203335367166,82.93851,train
4641,83.53755060546025,83.14301,train
4669,3.328531319289431,3.3485863,train
9250,44.597910972306806,45.001514,train
3223,19.20192266480916,19.301252,train
8767,36.41164086407028,36.376556,train
13944,94.85645482862957,94.55102,train
3851,77.53876431170232,77.83332,train
8586,7.017482350592017,7.2007475,train
813,193.8751524679473,193.83714,train
13714,78.70427049849316,78.11368,train
13162,44.66517096340306,44.166176,train
1629,9.839051198642553,9.784307,train
11109,23.053352899871395,23.77913,train
13557,41.80739580968886,42.052883,train
8741,38.91834885517143,38.487164,train
4638,80.80332043496728,81.04563,train
4812,38.10425093874939,38.100716,train
11177,38.72775337298162,38.59051,train
2882,58.5236929318425,58.411667,train
10058,64.10443142186895,63.733337,train
5614,69.76848318728358,69.547516,train
14540,76.98958830258586,76.97305,train
2977,17.59043680885926,17.460567,train
8278,36.85856235276155,37.027344,train
4713,7.85908552453503,7.8486624,train
2565,17.650012712740526,17.391165,train
6493,34.339930274970904,34.190357,train
12631,83.55792357754082,83.55431,train
3986,96.9560797736986,96.91004,train
7826,9.570229866524786,9.669128,train
745,38.10425093875088,38.100716,train
5382,70.8890994699993,70.841896,train
14065,15.49099131419465,16.067253,train
403,230.9901536612257,231.17438,train
6852,56.980886431131886,56.761936,train
1077,15.977335233233198,15.995449,train
11401,34.113034957437215,34.002846,train
7357,80.25361829662151,80.160484,train
14313,96.9560797736986,96.641556,train
243,38.49172622988656,39.073154,train
5684,17.59043680885926,17.242071,train
6636,68.70638879452079,69.01403,train
7371,83.09935595306658,82.98601,train
10476,73.76729204182922,73.46914,train
6374,64.87166628595628,64.62051,train
3982,99.73165781686828,99.80616,train
6488,31.73671877096429,31.824429,train
10408,58.30263960140757,58.375053,train
12079,56.75820297103196,55.746006,train
2226,21.22276810141124,21.759878,train
13661,95.82256261856072,96.16746,train
8948,115.30303150446332,115.4448,train
9799,26.017457290686817,25.538733,train
7498,45.250987390322535,44.56711,train
14243,143.8247661167656,142.7933,train
13655,101.51368217124082,102.32644,train
7360,80.25361829662151,80.205025,train
11482,81.59299887306369,81.17299,train
4273,38.91834885517143,39.482086,train
1340,38.91593697359398,38.889015,train
7459,33.2646262088608,33.04884,train
10616,31.40638173133023,29.575651,train
1766,230.9901536612257,231.11064,train
6443,25.32142942667775,25.476345,train
5528,39.53055859179817,39.245472,train
10458,66.87499746459498,67.221794,train
2670,50.68801501365044,50.622326,train
14563,80.17803902352684,79.80314,train
1240,8.180433892801254,8.095884,train
10544,12.31628944406271,12.5493145,train
6275,26.620833128631787,26.032904,train
4760,18.731792724897712,18.788692,train
1413,35.919888386123255,35.930195,train
7238,84.57638463785023,84.80321,train
1236,6.750079908713624,7.0540876,train
6658,62.82498618409738,62.396553,train
76,56.41096371227875,56.548634,train
2763,24.74816706908628,24.157675,train
8501,80.66666767817155,80.57982,train
5925,71.91197889308408,71.80643,train
9529,60.40667057436809,60.491966,train
11174,38.72775337298162,38.988903,train
11125,26.657804872047155,26.64027,train
1840,129.4267602168825,128.94719,train
12146,46.3112758194042,46.81931,train
7081,79.86598582053819,79.74152,train
12655,117.94057501366258,118.162895,train
12934,37.48026356057577,37.5621,train
2125,99.4907361299304,99.42213,train
643,7.85908552453503,7.8486624,train
4186,40.76621946032643,40.941357,train
11663,126.44708143304572,126.55471,train
8366,115.23290406090766,115.606514,train
4550,72.29320847026757,72.45803,train
9514,86.49796272771329,86.202385,train
4655,86.00802491357506,85.97614,train
7621,154.98431615588598,155.25247,train
13598,55.99893434087522,56.71525,train
1081,15.977335233233198,15.995449,train
13366,55.05208924433604,54.834835,train
12180,51.56721782835394,52.08269,train
7840,11.473018356565088,11.611689,train
7638,136.76886894565047,136.9256,train
11425,44.21359478458822,44.251316,train
12318,73.5169788308657,73.176605,train
13595,55.99893434087522,55.79266,train
7355,77.53876431170232,77.58191,train
11455,96.6886854171183,96.4425,train
8215,20.33936974007777,19.702938,train
3170,8.180433892801254,8.095884,train
4396,49.19054255336955,49.158894,train
2462,25.27984779576332,25.3728,train
9362,101.3171290408814,101.925186,train
12480,51.23740717945918,51.019547,train
5658,13.792313484057486,13.615967,train
1986,179.04708701101467,178.53008,train
3608,42.55205181960314,42.431248,train
11067,84.60291252746008,84.67659,train
992,2.606366123918593,2.5885131,train
1523,56.318371719458256,56.08493,train
9319,80.57929170551442,80.62067,train
11479,81.59299887306369,81.81805,train
4324,36.210240125305205,36.625183,train
3024,25.935608876074404,26.501438,train
12001,47.383642487349135,48.528576,train
4256,75.23466307522513,75.04121,train
1122,29.12596598702036,29.164534,train
8062,19.20192266480916,19.095121,train
13215,65.83077308186866,65.94734,train
8259,29.856612492782848,30.411795,train
13842,168.1502886891345,168.99196,train
6264,24.10159309622668,24.092453,train
401,230.9901536612257,231.4126,train
7562,72.52135855398946,72.73989,train
7204,119.35792066219084,118.58686,train
6601,89.61281744144841,90.08044,train
10141,13.792313484057486,13.675819,train
11220,57.39162304208823,56.82377,train
12988,51.76031579593137,52.114914,train
4700,6.442036183009371,6.465546,train
10891,124.5037870661705,124.10812,train
2197,17.59043680885926,17.460567,train
623,5.227697523949966,5.220631,train
6336,46.48566476712182,46.77634,train
12596,70.67888709810615,71.00425,train
10478,73.76729204182922,73.64529,train
7347,77.53876431170232,77.83332,train
6102,73.68374035525322,73.47298,train
13979,92.24483243250832,92.586845,train
1952,230.9901536612257,230.50969,train
11515,72.90167939974636,73.39613,train
4515,80.93195157639853,80.25013,train
12014,57.78179082659215,57.410595,train
7801,5.260504433154911,5.26385,train
11351,16.40524145944573,16.485981,train
11080,19.89991539202705,19.632261,train
2408,11.384421137066337,11.382449,train
8460,78.04583599126548,78.31898,train
2010,145.24040847801632,146.1742,train
9848,37.63391748347983,36.06701,train
11447,56.44692913934201,56.475014,train
6404,26.05871153969042,25.496695,train
8518,82.46105591073825,82.93554,train
10217,28.753615695926324,28.246138,train
3336,21.429473611547053,22.066208,train
9474,79.27542778284364,79.27449,train
13258,54.29787772679955,54.421993,train
904,113.1117727502116,112.886696,train
10077,71.35912677124634,70.80394,train
10884,135.2198141561254,135.62408,train
9233,40.76621946032643,40.48518,train
14249,134.16905500217058,135.27113,train
1085,15.977335233233198,15.995449,train
13325,48.60542794913941,48.818333,train
6042,107.5602418843858,107.83141,train
12553,54.316367961579786,52.933285,train
11341,13.92854978889145,13.855272,train
3919,134.16905500217058,134.37843,train
2481,33.39074910957999,33.42985,train
8354,123.96214174002029,123.76914,train
7302,70.5776831156227,71.054924,train
11281,4.491537072359547,4.5777535,train
13673,90.99196236438706,90.83446,train
1437,36.94310571922444,37.384216,train
12139,45.64933795175344,46.69867,train
5171,41.84557272242807,41.818546,train
13770,76.98958830258586,76.53878,train
6933,65.07118569106198,65.37346,train
4586,71.91030133184738,71.879944,train
8693,38.93464249503359,38.86214,train
127,59.85653291285112,60.64598,train
8720,56.26207912881144,56.080215,train
8134,50.04341124314785,50.046593,train
1058,11.384421137066337,11.382449,train
8376,107.7381594436571,108.41408,train
1998,166.17853479893557,166.61868,train
8964,100.6187540373376,100.11609,train
11398,29.77075417333722,30.16478,train
8614,11.995094370873645,11.672405,train
2176,13.792313484057486,13.829479,train
2872,53.49135176226452,53.66611,train
9608,48.08623281605109,48.21582,train
12549,54.316367961579786,53.931953,train
12461,55.4430882998278,55.156967,train
9300,69.52453059841163,69.69843,train
11213,53.00734926713273,52.759827,train
3391,33.2646262088608,33.170017,train
2106,101.86758015295236,101.9446,train
11558,69.0602255325774,69.709526,train
14363,92.24483243250832,92.48811,train
12903,34.635546819221005,35.062664,train
1719,38.91593697359398,38.889015,train
2426,13.53610473193936,13.570401,train
7416,23.053352899871395,23.77913,train
11414,38.91593697359398,38.889015,train
13830,183.50675596781025,183.0333,train
7269,73.68374035525322,73.799194,train
12195,57.60964815073893,57.582005,train
9329,134.13491032325388,133.8768,train
172,74.15381360397033,73.66185,train
3237,25.857534399290905,25.89554,train
6118,71.91197889308408,72.02872,train
8715,49.93884663241446,49.784225,train
12948,39.410668208964985,39.412308,train
5094,23.053352899871395,23.48467,train
4128,26.320863792397155,26.343803,train
3775,73.68374035525322,73.23743,train
11111,24.789633367188944,24.631311,train
6649,65.44228559506357,65.71768,train
1161,49.00862249254413,49.022285,train
12016,57.78179082659215,57.891422,train
5231,67.18811819694348,67.10187,train
6240,17.650012712740526,19.755007,train
832,166.17853479893557,166.05438,train
1623,8.180433892801254,8.095884,train
3535,19.628813853406385,20.234411,train
321,50.06812082695872,50.18568,train
12688,99.25129745411776,99.165634,train
14095,22.120024226901386,22.826534,train
10878,135.2198141561254,134.33694,train
10992,75.72806675637788,76.11343,train
14471,80.83497267860338,81.06857,train
4446,69.76848318728358,69.58944,train
11619,79.3711852446667,79.569084,train
8659,26.00016013994612,25.903555,train
10961,79.86598582053819,79.065506,train
3961,107.5197399548222,108.49579,train
14559,80.17803902352684,80.07102,train
10649,44.32847378550269,44.251472,train
6039,119.35792066219084,119.01128,train
966,99.4907361299304,99.514084,train
3429,45.250987390322535,45.099483,train
12404,78.23957030362628,77.76263,train
5908,73.68374035525322,73.47298,train
14190,62.03409074627981,61.513447,train
9650,55.05208924433604,54.958393,train
8092,29.77075417333722,29.68344,train
5323,76.30367359186545,75.93833,train
5281,107.5602418843858,107.48069,train
7306,70.5776831156227,70.852806,train
4722,9.499438230882436,9.491684,train
746,38.10425093875088,38.100716,train
11101,23.053352899871395,22.929955,train
7544,62.1233802776967,62.274876,train
4011,93.38657295807928,93.53179,train
11481,81.59299887306369,82.11642,train
6105,73.68374035525322,73.23743,train
12965,44.66517096340306,44.01409,train
976,98.65596999066533,98.48588,train
12782,84.01038592956453,84.162056,train
14585,84.6747137742003,84.4959,train
11910,20.391351361528265,20.006893,train
6840,58.13900410472736,57.728733,train
6201,83.09935595306658,82.9647,train
1938,98.65596999066533,98.63053,train
710,21.824079935423136,21.8916,train
3798,70.8998858391393,71.18582,train
7956,62.858388995900896,62.81541,train
9119,84.60291252746008,84.49545,train
13927,99.73165781686828,99.33791,train
7441,28.678520203607828,28.533989,train
11920,22.02913768609874,22.874851,train
54,58.305762831138,58.000328,train
1615,6.750079908713624,7.0540876,train
6215,14.147402430467531,14.056814,train
3686,75.24982629334554,75.498924,train
13738,75.59158411003656,75.62197,train
6223,15.826709276493416,15.89258,train
11153,33.2646262088608,33.144627,train
5887,79.88545352007553,79.799934,train
12634,83.55792357754082,83.86244,train
14185,56.56699701702424,57.215004,train
13222,71.34845173855356,71.20727,train
12344,71.63339382759735,71.62928,train
2867,53.49135176226452,53.331394,train
6544,53.49135176226452,53.425674,train
12249,110.28871787139632,111.08543,train
7304,70.5776831156227,70.82271,train
12820,89.77171705634251,90.27968,train
7286,71.91197889308408,72.11902,train
11805,85.2707950135868,85.361496,train
13834,183.50675596781025,183.38528,train
8468,78.04583599126548,78.736855,train
4113,25.32142942667775,25.656149,train
5055,62.12878854692645,62.14138,train
3291,50.04341124314785,50.046593,train
10871,75.24982629334554,75.19051,train
1516,52.561077422993925,53.41005,train
207,39.9122322296036,39.89718,train
6980,82.6921619327566,82.53158,train
13896,112.6599718133244,112.757835,train
14567,80.17803902352684,79.89315,train
9167,25.32142942667775,25.545847,train
8993,85.85337627290696,86.010605,train
6974,79.03051139114216,78.99192,train
2532,62.12878854692645,62.100945,train
3599,38.88107047950797,38.58365,train
13709,78.70427049849316,77.98554,train
14182,56.56699701702424,56.10884,train
2564,17.650012712740526,17.901424,train
5138,30.8733631927149,31.991617,train
7608,166.17853479893557,167.33725,train
3953,107.5197399548222,107.892494,train
5468,36.41164086407028,36.452435,train
11361,19.20192266480916,19.095121,train
12588,66.59566485208973,66.64806,train
3109,65.47137652330578,65.53647,train
4942,13.53610473193936,13.570401,train
9976,48.45410543881178,48.48633,train
12729,84.38693654155693,85.27122,train
1614,6.750079908713624,7.0540876,train
13540,39.410668208964985,38.921482,train
6748,64.1404088665598,64.03136,train
7370,83.09935595306658,83.0485,train
13263,52.08281461664617,51.870888,train
1107,25.27984779576332,25.3728,train
3549,24.10159309622668,24.3378,train
12073,56.75820297103196,56.025375,train
5954,70.8890994699993,70.87736,train
9530,57.05450517605655,57.136444,train
6032,134.14502085001388,134.21608,train
11969,35.05216416707113,35.61778,train
10643,39.58683345367714,39.576584,train
9101,80.03415155888028,80.12727,train
13626,71.34845173855356,71.68848,train
7212,107.5602418843858,108.117386,train
4673,3.328531319289431,3.3485863,train
14032,10.57203228982024,10.508992,train
8488,78.3521209153635,78.75231,train
10791,38.88107047950797,39.009693,train
5734,28.753615695926324,28.17849,train
11127,26.657804872047155,26.466824,train
13878,125.86447482244527,124.862434,train
5477,35.919888386123255,35.974213,train
5847,119.35792066219084,119.72807,train
1042,7.85908552453503,7.8486624,train
1097,21.824079935423136,21.890541,train
4029,92.14301126701253,91.95241,train
8300,45.49256223877087,45.859833,train
9758,24.43615168584176,25.184233,train
1483,43.604537301970495,42.55329,train
13250,54.29787772679955,54.4341,train
3545,21.77517690158367,22.066484,train
7838,11.473018356565088,11.611689,train
8231,22.19104778233357,23.336481,train
955,100.48928695862324,100.243706,train
2273,35.43032585388161,35.542675,train
11007,75.52912062238612,75.738365,train
8115,38.91593697359398,38.889015,train
1241,8.180433892801254,8.095884,train
11421,44.21359478458822,44.251316,train
14455,86.92916151125281,86.93189,train
11532,69.8994010800787,70.642586,train
7064,82.51266906756706,82.18002,train
7751,98.65596999066533,98.48588,train
500,117.68636585320668,117.66771,train
1518,56.318371719458256,55.92279,train
8352,123.96214174002029,124.36965,train
14504,76.10569077995255,75.82852,train
7755,97.47338258073955,97.16948,train
6435,24.74816706908628,24.941956,train
2320,59.31238391810723,59.21446,train
10224,28.753615695926324,29.316195,train
7770,2.618505311135724,2.4686174,train
3734,90.56896135270873,89.58923,train
8448,79.9470355349353,80.103485,train
328,53.12049932369545,53.0557,train
12843,47.10789941727601,47.316498,train
11268,2.9065837811274826,2.9278867,train
9847,34.44495678366445,35.71053,train
1961,230.9901536612257,231.11064,train
10651,44.32847378550269,44.24603,train
4250,69.52453059841163,69.69843,train
2762,24.74816706908628,24.97831,train
4040,92.24483243250832,92.8134,train
5345,71.91197889308408,72.59007,train
13664,95.82256261856072,95.928406,train
5873,90.56896135270873,90.33947,train
1155,43.29863673312664,43.34936,train
12437,62.90876193978079,63.584557,train
9322,80.57929170551442,80.599556,train
6289,29.34578260289036,29.789915,train
10088,75.34654859935269,75.50714,train
10985,76.50234292040042,76.32379,train
11394,29.77075417333722,29.68344,train
7891,25.51278413365885,25.649954,train
9647,52.77367077007368,52.550297,train
9273,58.5236929318425,58.27197,train
10946,85.85337627290696,85.724304,train
7783,4.22054923341766,4.1632366,train
362,64.57695773677871,64.31662,train
2548,15.826709276493416,15.79261,train
8559,4.756993192217126,4.105998,train
1650,13.92854978889145,13.855272,train
4045,92.69393389813976,93.29105,train
5884,84.57638463785023,84.8427,train
6091,76.30367359186545,75.93833,train
593,2.606366123918593,2.5885131,train
947,100.48928695862324,100.81572,train
14025,9.244705548457503,9.89256,train
13195,55.99893434087522,55.79266,train
4913,7.85908552453503,7.8486624,train
10435,60.19466070864491,59.915432,train
469,136.76886894565047,136.709,train
4567,71.63339382759735,71.63838,train
11450,96.6886854171183,96.25645,train
3801,70.5776831156227,70.88884,train
872,129.4267602168825,130.24811,train
9498,82.46105591073825,82.40429,train
4275,38.91834885517143,38.487164,train
1942,97.47338258073955,97.783264,train
13126,36.02701366128638,35.708706,train
7128,75.8861492644395,76.27748,train
3051,35.43032585388161,35.29604,train
7277,71.91197889308408,72.2956,train
7192,134.14502085001388,133.96198,train
13420,77.83754965179875,77.90045,train
2943,12.885025212225244,12.663141,train
14157,42.23549826962851,43.080635,train
14225,155.05412004324748,155.3916,train
12670,110.67568302020096,110.057365,train
6011,83.09935595306658,82.98601,train
4540,73.5169788308657,73.176605,train
13124,36.02701366128638,36.098354,train
209,39.9122322296036,39.618744,train
9977,48.45410543881178,48.825523,train
1354,44.21359478458822,44.356483,train
11306,6.750079908713624,7.0540876,train
14051,13.681305189167857,13.5510435,train
8734,63.18646167076461,63.536396,train
13253,54.29787772679955,54.8569,train
897,113.1117727502116,114.198456,train
6100,76.30367359186545,76.31562,train
2418,13.53610473193936,13.578428,train
3458,57.39162304208823,56.73905,train
7443,28.678520203607828,28.375834,train
7864,18.89411765969292,19.188337,train
335,53.12049932369545,53.3659,train
474,129.4267602168825,130.03374,train
3106,59.31238391810723,59.7709,train
14421,101.51368217124082,101.52441,train
6192,80.25361829662151,79.974884,train
12969,47.982575358036456,47.358543,train
6402,26.05871153969042,25.467136,train
14253,125.86447482244527,125.392914,train
756,43.29863673312746,43.34936,train
13296,48.34358630374402,48.46952,train
9565,50.36965316093952,50.730213,train
4927,9.499438230882436,9.4823885,train
11796,84.01038592956453,84.162056,train
8209,18.82198014263801,19.112934,train
3021,25.935608876074404,25.997763,train
11201,48.96526861625701,48.572872,train
2905,69.52453059841163,69.97852,train
5771,39.33748405428104,39.83566,train
6530,44.597910972306806,44.90803,train
2794,27.727713592149392,27.649464,train
2172,13.792313484057486,13.615967,train
5109,26.657804872047155,26.175613,train
14391,93.50643630226388,93.80747,train
1076,13.53610473193936,13.570401,train
14036,10.57203228982024,10.9916935,train
320,50.06812082695872,49.717117,train
229,38.59019696142197,38.41534,train
11374,22.34386956684365,22.507294,train
6268,24.10159309622668,24.082737,train
12878,36.99469593104042,37.60559,train
3137,4.491537072359547,3.9090438,train
1549,69.76848318728358,69.79622,train
8732,63.18646167076461,62.699944,train
806,211.02994799979388,211.15405,train
13061,39.2928079640545,38.859592,train
2429,15.977335233233198,15.995449,train
920,106.2025558056929,105.98624,train
6888,56.553861435166894,56.502823,train
12668,110.67568302020096,111.33031,train
9166,25.32142942667775,25.785467,train
8013,8.180433892801254,8.045279,train
3781,71.91197889308408,72.2956,train
6199,80.25361829662151,80.40583,train
2841,40.76621946032643,41.11716,train
7644,129.4267602168825,130.03374,train
8315,55.80060084695615,55.243725,train
69,56.41096371227875,56.330673,train
5612,64.95566127753861,64.96293,train
492,117.68636585320668,118.14496,train
13796,80.17803902352684,80.0413,train
6326,42.55205181960314,42.760796,train
9494,82.46105591073825,82.11485,train
7005,124.5037870661705,124.48183,train
2437,18.731792724897712,18.788692,train
10596,24.78528594550229,23.924837,train
12276,89.57234360169679,90.8629,train
12272,89.57234360169679,89.641624,train
11162,35.87508543765299,35.700447,train
1592,4.491537072359547,4.5777535,train
12752,82.74203335367166,82.44058,train
7085,77.87315181130059,78.337685,train
7294,70.8998858391393,71.18582,train
13919,99.73165781686828,100.608505,train
13029,53.18976182780735,54.290527,train
11881,17.141358034855276,17.526344,train
9822,29.38334863141901,29.667274,train
9588,48.34358630374402,48.520832,train
9630,50.944218333228456,50.552334,train
6623,77.41176032874927,77.516235,train
5160,38.72775337298162,38.343727,train
13656,101.51368217124082,102.01528,train
12880,35.5258604479491,35.624065,train
9864,41.27982950557314,41.8478,train
13582,51.76031579593137,51.46558,train
13974,92.14301126701253,92.118515,train
963,99.4907361299304,99.420616,train
8068,19.20192266480916,19.301252,train
418,193.8751524679473,193.83714,train
5211,57.39162304208823,56.868797,train
8040,11.747596709247082,11.706337,train
13939,94.85645482862957,94.52558,train
4637,80.80332043496728,80.92559,train
5377,70.8890994699993,70.508995,train
728,29.125965987027584,29.164534,train
8152,16.314170769820958,16.651672,train
10779,35.46372651810452,35.6732,train
13630,115.99146512869038,114.61859,train
1715,34.113034957437215,34.287853,train
13776,76.98958830258586,76.953316,train
5878,84.57638463785023,84.80321,train
13136,37.48026356057577,37.286076,train
13733,76.10569077995255,76.035614,train
6183,77.53876431170232,77.435104,train
5733,28.753615695926324,28.301027,train
3456,53.00734926713273,53.05436,train
1201,3.624115801788345,3.6672137,train
11348,13.92854978889145,13.888378,train
1642,11.747596709247082,11.706337,train
7928,43.74945572579272,43.7372,train
5645,12.885025212225244,13.051417,train
1128,33.39074910957999,33.42985,train
1477,43.604537301970495,44.106354,train
9014,79.86598582053819,79.065506,train
8576,5.7950658060046285,6.0666656,train
2026,136.76886894565047,137.19708,train
10395,58.48566458724775,59.057594,train
8424,84.24741541524314,84.29764,train
10622,31.40638173133023,30.884901,train
1663,16.40524145944573,16.451323,train
11377,22.34386956684365,22.507294,train
3266,34.113034957437215,34.287853,train
2023,136.76886894565047,136.9256,train
3713,107.5602418843858,107.734634,train
1769,211.02994799979388,210.22757,train
9969,48.10528443505019,47.780262,train
8817,38.05130976592272,38.05716,train
7733,99.4907361299304,99.62697,train
7405,21.429473611547053,21.317226,train
4851,62.12878854692645,62.100945,train
3766,76.30367359186545,76.53875,train
10797,42.55205181960314,42.431248,train
9750,25.22774623249076,25.463388,train
12125,45.5844800104469,46.00028,train
6911,60.336165845635456,61.72642,train
9829,31.69861229808904,30.375954,train
8233,24.386290598811208,23.032957,train
4986,25.27984779576332,25.3728,train
12884,35.5258604479491,34.99002,train
11832,88.48216304859169,88.75659,train
1488,46.20624283129268,46.56044,train
9099,80.03415155888028,79.851265,train
10936,89.93891881356173,90.12809,train
6127,70.8998858391393,70.97728,train
7812,7.914848156370223,8.151059,train
9454,77.93378927116997,78.059235,train
4666,2.606366123918593,2.5885131,train
11229,57.39162304208823,58.021626,train
5761,35.43032585388161,35.86387,train
5192,48.96526861625701,48.966595,train
6867,56.347326863317264,56.372246,train
4698,5.227697523949966,5.220631,train
2639,38.88107047950797,38.58365,train
2195,16.125116344342604,16.45487,train
3571,29.34578260289036,28.47664,train
3772,73.68374035525322,73.47298,train
9811,27.490995490790755,26.653696,train
1022,5.227697523949966,5.220631,train
8763,36.41164086407028,36.475185,train
7798,5.260504433154911,5.26385,train
12413,80.80332043496728,80.425156,train
4197,44.597910972306806,44.4876,train
5106,24.789633367188944,24.25528,train
124,59.85653291285112,59.2212,train
6979,82.6921619327566,82.80215,train
6938,65.07118569106198,65.209305,train
8096,29.77075417333722,29.68344,train
1232,6.750079908713624,7.0540876,train
2878,58.5236929318425,58.056263,train
9838,34.44495678366445,31.796976,train
11203,48.96526861625701,48.966595,train
13847,155.05412004324748,154.48593,train
11282,4.491537072359547,4.5777535,train
957,99.4907361299304,99.75607,train
12784,84.01038592956453,84.01046,train
4327,36.210240125305205,36.079857,train
4301,36.41164086407028,36.376556,train
511,113.1117727502116,113.060326,train
3027,28.753615695926324,28.301027,train
3530,19.628813853406385,19.601408,train
7262,76.30367359186545,76.53875,train
14149,42.23549826962851,41.48215,train
1175,55.271872386990935,55.34347,train
10520,10.027769629293385,10.179016,train
5828,152.8177784761153,152.29869,train
3010,23.43298254652068,23.53266,train
6125,70.8998858391393,70.85728,train
3796,70.8998858391393,70.61612,train
357,64.57695773677871,63.857292,train
12493,50.09922712517202,50.46569,train
6057,98.11718222077316,98.23964,train
13343,50.944218333228456,50.32921,train
9443,78.04583599126548,77.86949,train
12101,47.46331387653679,48.31676,train
10652,44.32847378550269,44.24603,train
5150,35.87508543765299,35.386963,train
9894,55.131604537436736,55.69035,train
2447,21.824079935423136,21.890541,train
9892,55.131604537436736,55.100742,train
433,179.04708701101467,178.93442,train
13713,78.70427049849316,78.81926,train
14298,103.23350357813172,103.1806,train
9374,95.84505322335384,96.03769,train
8444,79.9470355349353,79.619316,train
11323,9.839051198642553,9.784307,train
13734,76.10569077995255,76.42962,train
645,7.85908552453503,7.8486624,train
12575,59.57543179697275,60.64743,train
6283,29.34578260289036,29.07134,train
3539,21.77517690158367,21.33589,train
8335,67.6283211738766,67.52938,train
6859,56.347326863317264,56.684055,train
7570,230.9901536612257,229.98538,train
10489,77.7528643276994,77.79087,train
13237,60.40667057436809,59.9043,train
8205,18.82198014263801,18.266182,train
6095,76.30367359186545,76.69339,train
2906,69.52453059841163,70.252525,train
13533,37.48026356057577,37.60998,train
6760,66.87499746459498,66.87767,train
4867,2.606366123918593,2.5885131,train
11699,99.25129745411776,99.30982,train
4524,77.79019270718537,77.431526,train
9129,26.05871153969042,25.50674,train
12233,75.02114224725477,74.30476,train
1356,44.21359478458822,44.356483,train
3625,46.48566476712182,46.50478,train
11617,79.3711852446667,79.894394,train
2381,6.442036183009371,6.465546,train
2804,29.533535528411715,29.266382,train
7834,11.473018356565088,11.611689,train
5412,75.16417987128504,75.50805,train
10187,21.22276810141124,20.99472,train
12933,37.48026356057577,37.60998,train
1512,52.561077422993925,52.37651,train
14210,183.50675596781025,183.22752,train
10640,39.58683345367714,39.52948,train
13489,34.767713483007924,35.167473,train
5668,14.865809293936342,14.853797,train
7737,99.4907361299304,98.96975,train
8257,29.856612492782848,29.915676,train
7278,71.91197889308408,72.31668,train
14156,42.23549826962851,42.496326,train
8598,8.444298436388001,8.837616,train
5775,43.65657505930208,43.04155,train
7494,41.84557272242807,41.765747,train
8901,64.95566127753808,64.98001,train
5831,134.14502085001388,134.96986,train
3069,43.65657505930208,43.04155,train
13631,115.99146512869038,115.583664,train
12075,56.75820297103196,56.490074,train
10419,58.991170602037386,59.0684,train
2669,50.68801501365044,50.62385,train
14382,93.28231569539822,93.565384,train
7298,70.5776831156227,70.84615,train
4433,64.95566127753861,64.578,train
7848,13.645628914737031,13.711275,train
10728,21.77517690158367,21.33589,train
6775,73.76729204182922,74.01958,train
12290,80.93195157639853,79.557686,train
7365,80.25361829662151,80.40583,train
13153,41.80739580968886,41.78526,train
13362,55.05208924433604,54.470318,train
2715,70.03363402017787,70.26969,train
6785,77.7528643276994,77.79087,train
13108,34.635546819221005,34.74799,train
12718,88.31993375128738,87.92006,train
7802,6.4852329987035695,6.3357587,train
974,98.65596999066533,98.38569,train
2734,26.05871153969042,25.953556,train
12851,42.58610637454368,42.01727,train
2569,19.628813853406385,19.499573,train
7718,101.86758015295236,101.61326,train
11376,22.34386956684365,22.507294,train
4817,38.10425093874939,38.109303,train
7940,49.53704304744422,49.47516,train
12271,89.57234360169679,89.755325,train
1444,36.94310571922444,36.942005,train
8236,24.386290598811208,24.459957,train
11890,17.95913696269572,18.48869,train
6730,60.19466070864491,59.938984,train
1742,50.04341124314785,50.046593,train
13307,47.99809684590056,48.211483,train
11356,16.40524145944573,16.451323,train
3184,9.839051198642553,9.784307,train
5619,69.76848318728358,69.6424,train
6600,80.57929170551442,80.599556,train
5567,49.19054255336955,49.380882,train
13660,95.82256261856072,96.33802,train
9407,84.24741541524314,83.77923,train
4023,92.14301126701253,92.40708,train
5500,36.210240125305205,36.39392,train
11274,3.624115801788345,3.6672137,train
7397,21.429473611547053,21.315592,train
10332,72.67230242637233,72.41551,train
9021,79.86598582053819,79.74152,train
739,33.39074910958052,33.42985,train
11269,2.9065837811274826,2.9278867,train
9826,29.38334863141901,30.091415,train
8664,26.00016013994612,26.155014,train
9893,55.131604537436736,55.613804,train
2884,58.5236929318425,58.821323,train
10879,135.2198141561254,136.39,train
11527,69.8994010800787,70.80743,train
11851,16.20097931775689,16.964035,train
502,113.1117727502116,114.198456,train
9901,60.77778500000022,61.190533,train
9999,50.2526064803528,49.385426,train
6080,84.57638463785023,84.50711,train
3857,77.53876431170232,77.50041,train
9996,50.2526064803528,50.50039,train
4208,48.84238573144443,49.027103,train
1740,50.04341124314785,50.046593,train
11530,69.8994010800787,69.44394,train
5075,19.89991539202705,20.47914,train
2524,55.271872386990935,55.34347,train
7390,19.89991539202705,19.965235,train
8621,14.162925999312623,13.943347,train
6067,90.56896135270873,90.33947,train
13,68.8978010059695,69.40579,train
6945,68.06824537618436,66.69764,train
358,64.57695773677871,63.739418,train
11508,72.90167939974636,72.06061,train
12578,62.87797862213373,63.45623,train
13174,47.982575358036456,47.898136,train
2517,55.271872386990935,55.281967,train
8293,45.49256223877087,45.333664,train
13998,92.69393389813976,92.520935,train
2358,4.196221297202333,4.2176785,train
414,211.02994799979388,210.86295,train
8932,135.2198141561254,136.39,train
13122,36.02701366128638,36.08053,train
7131,75.8861492644395,76.13669,train
12728,86.04998768751986,86.6407,train
4312,35.919888386123255,36.322876,train
14028,9.244705548457503,10.123202,train
10288,59.31238391810723,59.21446,train
11261,2.9065837811274826,2.9177651,train
8826,39.53055859179817,38.978584,train
951,100.48928695862324,100.200096,train
13612,65.83077308186866,65.58197,train
1037,7.85908552453503,7.8486624,train
14501,76.10569077995255,76.06842,train
8544,3.157574944909513,3.249113,train
7832,11.473018356565088,11.611689,train
6321,42.55205181960314,42.115147,train
9860,41.27982950557314,40.9756,train
6160,71.78670881619587,71.49409,train
9818,29.38334863141901,27.835737,train
6648,65.44228559506357,66.26382,train
8017,8.180433892801254,8.095884,train
11293,5.527128574206158,5.59856,train
9058,75.52912062238612,76.02358,train
9754,25.22774623249076,25.577854,train
1418,35.86295586622186,35.755642,train
1726,38.91593697359398,38.889015,train
7599,179.04708701101467,179.53664,train
3388,33.2646262088608,33.247787,train
2337,2.606366123918593,2.5885131,train
10795,38.88107047950797,39.00012,train
8863,49.19054255336985,49.380882,train
10555,13.757667367208375,14.093696,train
11420,44.21359478458822,44.260788,train
7142,76.77816930527784,77.038765,train
12000,47.383642487349135,48.197807,train
13829,183.50675596781025,183.36143,train
10473,70.098803480824,70.33776,train
12607,75.03655084716752,74.8368,train
518,109.30466743726038,109.42389,train
6607,83.01808144823141,82.601364,train
2596,24.10159309622668,25.189121,train
1301,22.34386956684365,22.507294,train
10456,66.87499746459498,67.102585,train
7873,22.019205815790816,21.726625,train
13326,48.60542794913941,48.96819,train
2242,25.935608876074404,25.886793,train
6524,44.597910972306806,44.58044,train
4694,5.227697523949966,5.220631,train
1859,117.68636585320668,118.25894,train
6673,59.37382867606714,59.809204,train
9557,52.08281461664617,51.40483,train
10978,77.87315181130059,77.73133,train
6533,48.84238573144443,48.477417,train
3863,80.25361829662151,80.46891,train
5190,48.96526861625701,48.572872,train
5974,73.22704486211128,73.00925,train
8865,49.19054255336985,48.87243,train
7291,70.8998858391393,70.85728,train
7011,115.30303150446332,115.47479,train
7525,53.00734926713273,53.25458,train
4750,15.977335233233198,15.995449,train
1653,13.92854978889145,13.888378,train
8290,40.966698718012495,42.036453,train
5399,73.22704486211128,72.95287,train
1290,19.20192266480916,19.301252,train
6915,60.336165845635456,59.78536,train
271,40.259092491267545,40.2703,train
12536,52.38623850151688,52.685585,train
13355,52.77367077007368,52.327084,train
12429,86.00802491357506,85.343605,train
12056,69.43701604268931,70.461044,train
12053,69.43701604268931,70.50646,train
13085,35.5258604479491,35.53472,train
7776,3.3460458597073703,3.542901,train
3732,90.56896135270873,91.04332,train
4215,53.49135176226452,53.32576,train
4852,62.12878854692645,62.100945,train
7454,30.8733631927149,30.611885,train
12990,55.99893434087522,55.83204,train
12167,49.29258108243957,49.20643,train
2116,100.48928695862324,100.909225,train
7759,97.47338258073955,97.46263,train
7310,70.8890994699993,70.76163,train
7232,90.56896135270873,90.07115,train
7742,98.65596999066533,98.80887,train
9170,25.32142942667775,24.695988,train
2921,80.57929170551442,80.58715,train
7679,113.1117727502116,112.886696,train
14178,51.441846041956246,52.605003,train
4654,86.00802491357506,85.95382,train
3406,35.87508543765299,36.343937,train
7275,73.68374035525322,74.24492,train
1935,98.65596999066533,98.610794,train
1585,3.624115801788345,3.6877751,train
10105,83.09327843384654,82.81634,train
8663,26.00016013994612,26.18693,train
1808,154.98431615588598,155.04747,train
8161,16.314170769820958,16.65589,train
9342,115.23290406090766,115.46763,train
12947,39.410668208964985,39.651627,train
6579,69.52453059841163,69.97852,train
5977,75.16417987128504,75.028885,train
7714,101.86758015295236,102.01872,train
7364,80.25361829662151,80.112305,train
10785,35.46372651810452,36.056194,train
10952,82.51266906756706,82.723755,train
4145,29.533535528411715,29.512505,train
9069,75.8861492644395,76.19279,train
8212,20.33936974007777,18.983948,train
8752,37.38629228613615,36.79336,train
12528,50.93322091321282,50.433163,train
1772,211.02994799979388,210.86295,train
7020,107.39789478589,107.7,train
9039,76.50234292040042,76.33182,train
5967,73.22704486211128,73.20884,train
2890,63.896198456162885,63.410664,train
8030,9.839051198642553,10.242538,train
6550,53.49135176226452,53.94252,train
368,69.12845902908616,68.6222,train
20,65.25916422455259,66.03297,train
7054,85.85337627290696,85.57444,train
5719,23.43298254652068,23.849062,train
12121,45.5844800104469,46.828606,train
1953,230.9901536612257,231.8162,train
14166,46.6663635563764,47.086456,train
1502,49.19054255336955,48.928875,train
235,38.59019696142197,38.6975,train
10284,53.62497940433934,54.38383,train
13668,90.99196236438706,91.66086,train
5416,77.53876431170232,77.32083,train
13562,44.66517096340306,44.166176,train
12909,35.06929068218894,35.629826,train
11064,84.60291252746008,84.49365,train
10491,77.7528643276994,77.63074,train
5958,71.78670881619587,71.63369,train
6083,79.88545352007553,80.04787,train
5293,90.56896135270873,90.544815,train
7800,5.260504433154911,5.26385,train
3805,70.5776831156227,70.44172,train
11566,69.0602255325774,69.99374,train
4766,18.731792724897712,18.79858,train
9932,50.733368627516406,51.299713,train
7382,18.448270263304188,18.846508,train
4674,3.328531319289431,3.3485863,train
477,129.4267602168825,130.24811,train
13226,71.34845173855356,71.68848,train
5804,59.31238391810723,59.536415,train
13827,183.50675596781025,183.30684,train
9451,77.93378927116997,78.30641,train
9890,55.131604537436736,55.23663,train
8178,16.251795051003693,16.345583,train
8717,49.93884663241446,49.784225,train
7447,30.8733631927149,30.48318,train
10274,48.41170998900376,49.249016,train
10665,49.54087768021748,49.897358,train
4072,93.50643630226388,93.25972,train
3664,64.87166628595628,64.76584,train
1198,3.624115801788345,3.4979146,train
11059,82.25512726841218,82.61364,train
5731,25.935608876074404,26.368546,train
12815,88.48216304859169,87.88883,train
12107,47.46331387653679,47.434727,train
1960,230.9901536612257,231.11064,train
13579,51.76031579593137,50.99969,train
12743,83.29477154332817,82.82113,train
4363,41.380738858681696,41.53564,train
13022,71.34845173855356,71.20727,train
2727,26.05871153969042,26.225237,train
11525,71.14396606839321,72.059105,train
4078,26.05871153969042,26.17344,train
6929,65.07118569106198,65.79007,train
12096,49.56838968278535,48.870888,train
8935,135.2198141561254,135.30678,train
2083,106.2025558056929,106.27653,train
2425,13.53610473193936,13.570401,train
10937,89.93891881356173,90.27605,train
8155,16.314170769820958,16.503326,train
5906,76.30367359186545,76.31562,train
8905,64.95566127753808,64.698524,train
8716,49.93884663241446,49.784225,train
8972,100.6187540373376,100.304276,train
9553,52.08281461664617,51.684593,train
9809,27.490995490790755,26.460058,train
8745,38.91834885517143,38.512363,train
11637,85.05997393992781,84.18853,train
11132,28.678520203607828,28.93409,train
10214,25.935608876074404,26.337881,train
6900,58.62478073631361,59.51557,train
373,69.12845902908616,69.103546,train
9037,76.50234292040042,75.97144,train
11923,23.96684006413348,22.175444,train
6066,90.56896135270873,90.07115,train
11151,33.2646262088608,33.247787,train
6063,90.56896135270873,89.799225,train
1753,56.44692913934201,56.475014,train
3119,2.9065837811274826,2.9177651,train
11491,78.081523194867,77.8324,train
3927,125.86447482244527,124.058235,train
7423,24.789633367188944,23.917307,train
10450,64.1404088665598,64.069176,train
960,99.4907361299304,99.42301,train
3719,107.5602418843858,107.48069,train
6925,62.48827997014724,61.43862,train
10579,19.521311513476668,19.114346,train
577,98.65596999066533,98.67805,train
1761,230.9901536612257,231.4126,train
2008,154.98431615588598,155.05888,train
1972,193.8751524679473,193.67345,train
6818,65.21758392694511,64.158134,train
8368,115.23290406090766,116.110176,train
11381,25.857534399290905,25.89554,train
3661,64.87166628595628,64.773346,train
3585,32.289249758728964,32.985172,train
8457,78.70967419713557,78.82331,train
5783,48.41170998900376,48.12925,train
9452,77.93378927116997,77.832054,train
10294,59.31238391810723,59.7709,train
3659,64.87166628595628,64.65267,train
5204,53.00734926713273,53.45841,train
950,100.48928695862324,100.89306,train
12027,63.65496035831079,63.50771,train
6426,24.63527893831387,24.810663,train
278,41.522611277483854,41.10377,train
3518,17.650012712740526,17.572124,train
2527,62.12878854692645,62.13978,train
10731,21.77517690158367,21.199009,train
4361,39.53055859179817,39.504395,train
11625,79.3711852446667,80.03975,train
4490,89.57234360169679,89.67336,train
14338,93.38657295807928,93.296234,train
7228,90.56896135270873,91.04332,train
6786,77.7528643276994,77.875496,train
11032,78.17671644727096,78.465256,train
11900,19.038942421022504,18.965557,train
5573,52.561077422993925,52.180183,train
1318,29.77075417333722,29.68344,train
4210,48.84238573144443,49.196903,train
12088,52.60873127102636,51.44835,train
6068,90.56896135270873,90.340515,train
5595,60.456358375515045,60.2193,train
13811,84.6747137742003,84.6995,train
1424,35.86295586622186,36.041145,train
5005,33.39074910957999,33.42985,train
13799,82.32445746323637,81.90152,train
9769,24.152412660023124,25.420113,train
8687,34.179775749222635,34.469246,train
4065,93.50643630226388,93.46769,train
11166,35.87508543765299,35.734528,train
1600,5.527128574206158,5.59856,train
8966,100.6187540373376,100.02209,train
4269,80.57929170551442,80.62067,train
10915,100.6187540373376,100.17458,train
1069,13.53610473193936,13.578428,train
6377,64.87166628595628,64.63206,train
8117,38.91593697359398,38.889015,train
5459,37.38629228613615,37.11434,train
1864,113.1117727502116,112.864746,train
12452,58.6937159884268,58.670494,train
6870,56.21134114752307,57.344753,train
2042,123.0978685654898,122.70017,train
13609,65.83077308186866,64.57731,train
5914,73.68374035525322,73.29604,train
9333,123.96214174002029,124.36965,train
2412,11.384421137066337,11.382449,train
2541,14.147402430467531,14.056814,train
331,53.12049932369545,53.05067,train
3025,25.935608876074404,26.368546,train
1506,49.19054255336955,49.527855,train
4804,33.39074910957999,33.42985,train
10136,13.792313484057486,13.982587,train
3987,96.9560797736986,96.21994,train
10503,8.4007707299833,9.27445,train
2758,24.74816706908628,25.149466,train
8889,60.456358375515045,60.304653,train
537,103.745126530115,104.05705,train
3105,59.31238391810723,59.743557,train
11578,70.8035239631433,70.2634,train
1495,46.20624283129268,45.977425,train
2177,14.865809293936342,14.89572,train
8271,33.15923815640949,34.00262,train
1449,38.05130976592272,38.05574,train
10831,55.1604052272772,54.91465,train
9805,26.017457290686817,26.34365,train
11451,96.6886854171183,95.76206,train
1263,11.747596709247082,11.706337,train
3171,8.180433892801254,8.095884,train
4080,26.05871153969042,25.953556,train
6169,73.22704486211128,73.22182,train
1348,44.21359478458822,44.251316,train
10483,73.76729204182922,73.965675,train
14199,67.80500732074917,67.004265,train
13536,37.48026356057577,37.286076,train
9600,48.08623281605109,48.10688,train
14266,118.73948000326068,118.1631,train
14524,75.57765272049815,75.91376,train
11499,75.20136128981777,74.44186,train
12889,34.767713483007924,35.167473,train
7242,84.57638463785023,84.130424,train
3559,26.620833128631787,26.370972,train
3194,11.747596709247082,11.706337,train
10588,21.99579802176319,21.907658,train
4117,25.32142942667775,25.545847,train
10428,60.19466070864491,60.15334,train
12026,63.65496035831079,63.469437,train
2127,98.65596999066533,98.80887,train
13181,51.76031579593137,51.457375,train
5001,33.39074910957999,33.42985,train
2556,15.826709276493416,15.924517,train
10918,100.6187540373376,100.07121,train
9394,87.37869480347202,87.419205,train
6991,135.2198141561254,134.33694,train
7585,193.8751524679473,194.05234,train
12767,82.69911139745801,82.92089,train
13415,73.1915613079784,73.53169,train
5507,36.94310571922444,36.86044,train
5120,28.678520203607828,28.70218,train
14167,46.6663635563764,47.57018,train
7472,35.87508543765299,35.69869,train
3091,53.62497940433934,53.391636,train
7078,79.86598582053819,79.48751,train
6536,48.84238573144443,49.027103,train
14353,92.14301126701253,92.15251,train
13270,50.36965316093952,50.207092,train
2593,24.10159309622668,23.7916,train
1533,60.456358375515045,60.846302,train
8283,40.966698718012495,40.723495,train
6494,34.339930274970904,34.151405,train
3404,35.87508543765299,35.91152,train
176,74.15381360397033,74.692406,train
4782,25.27984779576332,25.3728,train
14401,115.99146512869038,116.5321,train
5999,80.25361829662151,80.46891,train
8975,94.83357335355618,95.86547,train
937,101.86758015295236,102.13324,train
8888,56.318371719454376,56.28256,train
3552,24.10159309622668,24.267588,train
12507,49.49174784981139,49.300488,train
2689,59.89579766367838,59.998566,train
13951,93.38657295807928,93.53277,train
4790,29.12596598702036,29.1604,train
13275,50.36965316093952,50.65673,train
7723,100.48928695862324,100.71848,train
5048,55.271872386990935,55.34347,train
14076,17.4903137095204,18.009287,train
14066,15.49099131419465,15.975797,train
11297,5.527128574206158,5.8426633,train
5779,43.65657505930208,44.04871,train
12576,62.87797862213373,63.083378,train
10941,85.85337627290696,85.57444,train
7639,136.76886894565047,136.709,train
7016,107.39789478589,106.29104,train
9591,47.99809684590056,48.317524,train
12758,82.74203335367166,83.21597,train
12579,62.87797862213373,62.866096,train
4520,77.79019270718537,77.4019,train
10762,29.34578260289036,29.774336,train
2489,38.10425093874939,38.100716,train
6090,79.88545352007553,79.904816,train
8603,10.096319714222924,9.792488,train
1725,38.91593697359398,38.889015,train
7115,75.52912062238612,75.57668,train
7915,38.4884049367477,38.59918,train
5247,72.52135855398946,72.736534,train
2839,40.76621946032643,40.962475,train
4164,34.339930274970904,34.085373,train
7735,99.4907361299304,99.42301,train
6676,59.37382867606714,59.112495,train
8044,13.92854978889145,13.855272,train
504,113.1117727502116,112.864746,train
3333,21.429473611547053,21.647495,train
12636,136.40586584491066,136.97354,train
8588,7.017482350592017,7.2007475,train
7185,152.8177784761153,152.8819,train
10745,24.10159309622668,25.189121,train
7818,7.914848156370223,8.151059,train
14151,42.23549826962851,41.66827,train
8794,36.210240125305205,35.62404,train
2371,5.227697523949966,5.220631,train
9287,63.896198456162885,63.9163,train
6406,26.05871153969042,26.17344,train
8615,11.995094370873645,11.672405,train
13369,57.78612866760917,57.28767,train
5398,73.22704486211128,73.30544,train
5805,59.31238391810723,59.139088,train
13439,47.10789941727601,47.06462,train
3423,41.84557272242807,41.64562,train
5610,64.95566127753861,65.30718,train
8803,36.94310571922444,36.86044,train
3390,33.2646262088608,33.144627,train
5453,37.38629228613615,37.47832,train
740,33.39074910958052,33.42985,train
6611,83.01808144823141,82.54823,train
4179,37.34804120151974,37.73048,train
13313,48.08623281605109,48.253193,train
6807,69.0298957457494,68.92705,train
8237,24.386290598811208,24.756365,train
10934,89.93891881356173,90.37122,train
726,29.125965987027584,29.164534,train
6892,57.36151983905263,58.18565,train
14503,76.10569077995255,75.76857,train
4022,92.49987338269456,92.90811,train
8093,29.77075417333722,29.68344,train
11588,72.34090204261534,72.80256,train
10921,94.83357335355618,94.53613,train
9490,82.46105591073825,82.7385,train
8355,123.96214174002029,125.17158,train
8258,29.856612492782848,30.36981,train
12072,56.75820297103196,55.934612,train
4679,4.196221297202333,4.2176785,train
3949,112.6599718133244,113.14294,train
6779,73.76729204182922,73.965675,train
7288,70.8998858391393,71.58951,train
14278,112.6599718133244,112.757835,train
594,2.606366123918593,2.5885131,train
10430,60.19466070864491,59.99666,train
5571,49.19054255336955,48.94652,train
11767,82.74203335367166,82.781624,train
6323,42.55205181960314,42.713707,train
1395,37.38629228613615,37.50922,train
7777,3.3460458597073703,3.542901,train
10926,94.83357335355618,94.380104,train
2909,75.23466307522513,74.731735,train
3544,21.77517690158367,21.895151,train
4777,21.824079935423136,21.8916,train
10440,61.911697819840086,61.56177,train
13125,36.02701366128638,36.122044,train
2260,31.91051408188231,31.473116,train
14233,155.05412004324748,154.5391,train
10815,46.48566476712182,47.372215,train
9130,26.05871153969042,25.953556,train
7414,23.053352899871395,22.610226,train
5926,71.91197889308408,72.11902,train
9887,50.01044157412626,50.43067,train
13651,101.51368217124082,101.535774,train
14162,46.6663635563764,46.842373,train
14224,168.1502886891345,168.99196,train
8002,6.750079908713624,6.5180326,train
5146,33.2646262088608,33.02228,train
8773,35.919888386123255,35.974213,train
13732,76.10569077995255,75.82852,train
5921,71.91197889308408,71.95168,train
6813,65.21758392694511,65.01084,train
6074,84.57638463785023,84.69092,train
3273,38.91593697359398,38.889015,train
1934,98.65596999066533,98.48835,train
4495,89.57234360169679,89.402725,train
1520,56.318371719458256,56.105618,train
11360,19.20192266480916,19.095121,train
6270,24.10159309622668,25.189121,train
3816,70.8890994699993,70.98585,train
2446,18.731792724897712,18.79858,train
13576,47.982575358036456,48.84673,train
13164,44.66517096340306,44.57976,train
7045,89.93891881356173,89.92894,train
1000,3.328531319289431,3.3485863,train
10150,14.865809293936342,14.853797,train
10073,67.58928448046117,67.54804,train
9982,48.45410543881178,49.37445,train
1771,211.02994799979388,211.15405,train
11898,19.038942421022504,19.335281,train
14373,92.69393389813976,93.29105,train
8384,101.3171290408814,101.46633,train
120,59.85653291285112,60.391884,train
5242,72.52135855398946,72.59314,train
4744,13.53610473193936,13.570401,train
6939,68.06824537618436,69.37238,train
4813,38.10425093874939,38.100716,train
13552,41.80739580968886,41.687817,train
11873,17.141358034855276,16.36882,train
498,117.68636585320668,117.77595,train
2199,17.59043680885926,17.675146,train
4559,71.63339382759735,72.08238,train
4310,35.919888386123255,36.07114,train
615,4.196221297202333,4.2176785,train
3751,79.88545352007553,79.799934,train
258,39.33265262833491,39.38027,train
3489,72.52135855398946,72.44226,train
13239,57.05450517605655,57.136444,train
12352,71.5126952436544,71.80179,train
1970,193.8751524679473,194.05234,train
6338,46.48566476712182,46.30904,train
2059,113.1117727502116,112.864746,train
1849,123.0978685654898,123.39627,train
11330,11.747596709247082,11.706337,train
3153,5.527128574206158,5.59856,train
2394,7.85908552453503,7.8486624,train
14381,93.28231569539822,93.68222,train
8037,11.747596709247082,11.706337,train
9849,37.63391748347983,37.97159,train
8958,107.39789478589,107.62636,train
3634,50.68801501365044,50.75116,train
6924,62.48827997014724,61.789513,train
3992,96.9560797736986,97.31922,train
9428,79.9470355349353,80.418205,train
5378,70.8890994699993,70.98585,train
547,101.86758015295236,101.56274,train
3080,48.41170998900376,48.308357,train
1876,109.30466743726038,109.28048,train
12587,66.59566485208973,67.27216,train
11363,19.20192266480916,19.301252,train
12585,62.87797862213373,63.555172,train
6721,58.991170602037386,59.160915,train
3752,79.88545352007553,79.5379,train
4378,43.604537301970495,43.080566,train
9184,27.727713592149392,28.21634,train
13905,107.5197399548222,107.58171,train
2157,12.885025212225244,12.664854,train
7561,72.52135855398946,72.73618,train
2873,53.49135176226452,53.64551,train
3675,70.03363402017787,70.26969,train
3636,50.68801501365044,51.145863,train
10400,58.132094825297145,57.988094,train
9658,55.05208924433604,55.66167,train
221,39.0547337639536,39.50653,train
7191,134.14502085001388,134.96986,train
3264,34.113034957437215,34.287853,train
10938,89.93891881356173,89.82522,train
12374,72.80691569376961,73.07944,train
8782,35.86295586622186,35.42514,train
609,3.328531319289431,3.3485863,train
11417,38.91593697359398,38.889015,train
9646,52.77367077007368,52.327084,train
12875,36.99469593104042,37.55463,train
415,193.8751524679473,194.05234,train
13518,35.06929068218894,34.95714,train
6664,60.81262844049596,59.779037,train
10360,62.82498618409738,62.415638,train
2483,33.39074910957999,33.42985,train
5068,18.448270263304188,18.7998,train
9107,82.25512726841218,82.227715,train
2979,17.59043680885926,17.675146,train
9194,29.533535528411715,29.966042,train
8857,46.20624283129268,45.977425,train
3839,73.22704486211128,73.22182,train
13041,47.10789941727601,47.011654,train
9151,24.63527893831387,24.444601,train
10018,53.47823699991465,53.259922,train
7990,4.491537072359547,4.5777535,train
4356,39.53055859179817,39.392124,train
1357,50.04341124314785,50.060677,train
1031,6.442036183009371,6.465546,train
7663,117.68636585320668,117.236,train
2267,35.43032585388161,34.517544,train
9562,50.36965316093952,50.28851,train
2229,23.43298254652068,23.102919,train
10776,35.46372651810452,35.321564,train
1297,22.34386956684365,22.306236,train
12310,75.33592393483191,74.743614,train
546,101.86758015295236,101.46148,train
9930,50.733368627516406,50.98794,train
13983,92.24483243250832,92.18955,train
14417,108.1849630836454,108.295845,train
212,39.9122322296036,40.42044,train
5450,38.91834885517143,39.14733,train
14014,93.50643630226388,93.515976,train
5669,14.865809293936342,14.755678,train
9836,31.69861229808904,33.51108,train
4427,60.456358375515045,60.34614,train
8671,29.87847222265743,29.853815,train
2686,55.1604052272772,55.95773,train
8549,3.883984274506569,3.6445823,train
103,57.128108492674905,56.878536,train
9726,31.36358082816288,30.687449,train
9078,76.77816930527784,76.987144,train
6458,26.320863792397155,26.549273,train
10567,17.33846922503352,16.65566,train
6055,98.11718222077316,98.42758,train
4331,36.210240125305205,36.3135,train
9542,54.29787772679955,54.40994,train
9093,80.03415155888028,80.42663,train
10798,42.55205181960314,42.713707,train
924,106.2025558056929,106.38104,train
6335,46.48566476712182,46.734596,train
1108,25.27984779576332,25.3728,train
11602,74.30450585772448,73.92215,train
10033,55.61817953038767,56.0383,train
5942,70.5776831156227,71.054924,train
1894,103.745126530115,104.34743,train
3969,103.23350357813172,102.93853,train
13512,35.06929068218894,35.2301,train
12151,47.53432583996549,47.73791,train
8882,56.318371719454376,56.105618,train
674,13.53610473193936,13.578428,train
12339,71.63339382759735,71.88313,train
1428,36.210240125305205,36.625183,train
9304,75.23466307522513,75.12024,train
2062,113.1117727502116,112.93305,train
9951,48.56996296403304,48.70837,train
8034,11.747596709247082,11.706337,train
3642,55.1604052272772,54.91465,train
1631,9.839051198642553,9.784307,train
8960,107.39789478589,107.7,train
286,41.522611277483854,41.95156,train
3262,34.113034957437215,34.287853,train
2756,24.63527893831387,24.749456,train
1181,62.12878854692645,62.100945,train
5381,70.8890994699993,70.76665,train
355,60.376848442270685,61.174465,train
5139,33.2646262088608,32.687386,train
8051,13.92854978889145,13.888378,train
1703,29.77075417333722,29.68344,train
5855,107.5602418843858,107.48069,train
5264,134.14502085001388,134.21608,train
9989,49.17258922572702,48.31911,train
310,47.39132880100697,46.537205,train
1036,6.442036183009371,6.465546,train
2298,48.41170998900376,48.051174,train
242,38.49172622988656,39.42918,train
9666,57.78612866760917,57.750725,train
6243,19.628813853406385,19.499573,train
8772,35.919888386123255,35.222942,train
8012,8.180433892801254,8.045279,train
12573,59.57543179697275,58.757572,train
7780,3.3460458597073703,3.542901,train
5497,36.210240125305205,36.079857,train
6451,26.320863792397155,26.336197,train
6927,62.48827997014724,61.950943,train
844,154.98431615588598,155.81001,train
5868,90.56896135270873,91.04332,train
9967,48.10528443505019,47.83475,train
10482,73.76729204182922,74.027,train
398,230.9901536612257,231.8162,train
7274,73.68374035525322,73.29604,train
1619,8.180433892801254,8.095884,train
785,62.12878854692645,62.100945,train
7890,25.51278413365885,25.649954,train
2457,25.27984779576332,25.3728,train
8195,17.633485569278523,17.77119,train
4871,3.328531319289431,3.3485863,train
5143,33.2646262088608,33.170017,train
5589,56.318371719458256,56.08493,train
3008,23.43298254652068,22.336487,train
3460,57.39162304208823,57.43734,train
12015,57.78179082659215,57.154938,train
6725,60.19466070864491,59.946323,train
1852,117.68636585320668,118.14496,train
6526,44.597910972306806,44.856678,train
5331,76.30367359186545,76.30677,train
11112,24.789633367188944,24.759245,train
8754,37.38629228613615,37.5809,train
9270,53.49135176226452,53.449036,train
3621,46.48566476712182,46.734596,train
14084,19.694692079282625,19.616257,train
10182,19.28254456595652,19.971346,train
10627,35.28853714924939,35.049633,train
4480,95.27995050133204,95.82263,train
4580,71.91030133184738,72.18349,train
5982,75.16417987128504,74.96795,train
12466,52.99398689569749,52.453438,train
6994,135.2198141561254,135.94507,train
5833,134.14502085001388,133.8555,train
13904,107.5197399548222,108.370605,train
5539,41.380738858681696,40.609516,train
3943,118.73948000326068,117.62835,train
13053,42.58610637454368,42.438343,train
7907,33.71724493019231,33.976,train
8081,22.34386956684365,22.507294,train
7764,2.618505311135724,2.4686174,train
8992,89.93891881356173,90.197556,train
1414,35.919888386123255,36.07114,train
8388,101.3171290408814,101.50927,train
2904,69.52453059841163,69.69843,train
10689,14.147402430467531,14.198435,train
5860,98.11718222077316,98.23132,train
10667,55.25020379636824,55.090145,train
9762,24.43615168584176,23.803175,train
6172,75.16417987128504,75.006485,train
10414,58.30263960140757,58.102432,train
12748,83.29477154332817,83.70904,train
13619,71.34845173855356,70.26654,train
7017,107.39789478589,107.45358,train
11533,69.8994010800787,70.47913,train
7982,4.491537072359547,3.9090438,train
380,73.95193879191451,73.9847,train
1738,50.04341124314785,50.060677,train
8653,22.51608457834825,22.644878,train
1224,5.527128574206158,5.8426633,train
9483,80.66666767817155,80.42592,train
1191,2.9065837811274826,2.9177651,train
3613,42.55205181960314,43.00332,train
4238,63.896198456162885,63.408875,train
13090,34.767713483007924,35.782867,train
13173,47.982575358036456,47.49767,train
4159,31.73671877096429,31.505913,train
14565,80.17803902352684,79.8632,train
92,56.43271139946915,56.695885,train
3631,50.68801501365044,50.56005,train
10561,15.424596218027991,15.092752,train
7932,49.53704304744422,49.47516,train
6943,68.06824537618436,67.72303,train
4591,72.80691569376961,73.013084,train
693,18.731792724897712,18.788692,train
13646,108.1849630836454,107.84751,train
5948,70.8890994699993,71.18902,train
8977,94.83357335355618,94.5279,train
9702,73.1915613079784,72.88264,train
6858,56.980886431131886,57.82223,train
11219,53.00734926713273,53.05436,train
9400,84.24741541524314,85.20542,train
7440,28.678520203607828,28.417017,train
228,38.59019696142197,38.757706,train
11239,62.1233802776967,62.294556,train
2072,109.30466743726038,109.43491,train
12094,49.56838968278535,48.28144,train
8714,49.93884663241446,49.784225,train
10988,76.50234292040042,76.12842,train
8185,16.774054817925467,16.793737,train
1322,29.77075417333722,29.68344,train
6376,64.87166628595628,65.022125,train
11556,68.87072465156034,69.772095,train
13100,34.635546819221005,34.566402,train
11,68.8978010059695,70.2253,train
10905,107.39789478589,107.62636,train
2930,12.124975352206752,12.44734,train
7775,3.3460458597073703,3.542901,train
6716,58.991170602037386,58.9363,train
1325,29.77075417333722,30.16478,train
2382,6.442036183009371,6.465546,train
8807,36.94310571922444,36.996597,train
9810,27.490995490790755,26.419226,train
9573,49.12984125237405,48.433247,train
8416,87.37869480347202,86.896835,train
1331,34.113034957437215,34.287853,train
14591,86.84139842568032,86.84458,train
7178,84.60291252746008,84.52713,train
3059,39.33748405428104,38.526848,train
8916,69.76848318728075,69.69112,train
744,38.10425093875088,38.100716,train
2335,65.47137652330578,65.8209,train
10953,82.51266906756706,82.403175,train
10085,75.34654859935269,75.16184,train
4001,94.85645482862957,94.81414,train
4634,80.80332043496728,80.32282,train
12355,71.5126952436544,71.752426,train
4554,72.29320847026757,72.04147,train
219,39.0547337639536,38.371025,train
14308,99.73165781686828,99.69388,train
9202,29.533535528411715,29.512524,train
7104,75.72806675637788,76.16499,train
10336,72.67230242637233,73.34375,train
583,97.47338258073955,98.06985,train
6454,26.320863792397155,26.617363,train
9499,82.46105591073825,82.93554,train
14189,62.03409074627981,61.159245,train
168,74.15381360397033,73.760826,train
3206,13.92854978889145,13.888378,train
12256,102.11244006090304,101.46103,train
11170,38.72775337298162,38.25842,train
2777,26.320863792397155,26.336197,train
6398,75.24982629334554,75.309494,train
11741,86.04998768751986,85.8617,train
14134,34.36019909387007,33.126045,train
53,58.305762831138,58.421467,train
8722,56.26207912881144,56.080215,train
8451,78.70967419713557,78.85269,train
1489,46.20624283129268,47.05172,train
3426,41.84557272242807,42.33679,train
2735,26.05871153969042,26.200397,train
1963,211.02994799979388,211.14124,train
11985,42.852961632253525,42.512962,train
6726,60.19466070864491,59.99666,train
10173,17.59043680885926,18.134644,train
11569,69.70696214856945,69.36576,train
14305,99.73165781686828,98.35719,train
1467,41.380738858681696,41.53564,train
11734,86.04998768751986,86.30521,train
2764,24.74816706908628,24.494324,train
6642,68.70638879452079,69.47816,train
1536,60.456358375515045,60.468994,train
8490,79.27542778284364,79.14797,train
5491,35.86295586622186,36.212025,train
11069,84.60291252746008,84.68175,train
3865,80.25361829662151,80.35408,train
9740,26.58523738686569,26.739319,train
11332,11.747596709247082,11.706337,train
3914,143.8247661167656,143.42514,train
4677,3.328531319289431,3.3485863,train
8321,55.80060084695615,56.929653,train
2071,109.30466743726038,109.28048,train
8904,64.95566127753808,64.957375,train
9087,78.17671644727096,78.25467,train
10547,13.757667367208375,13.063279,train
13268,52.08281461664617,51.980072,train
22,65.25916422455259,65.01598,train
2369,5.227697523949966,5.220631,train
731,29.125965987027584,29.164534,train
9897,55.131604537436736,56.256332,train
1869,113.1117727502116,112.886696,train
10379,59.37382867606714,59.190624,train
8668,26.00016013994612,26.519632,train
4326,36.210240125305205,35.88138,train
14374,92.69393389813976,92.653595,train
11811,85.2707950135868,85.36808,train
273,40.259092491267545,39.88954,train
5535,41.380738858681696,41.753086,train
6547,53.49135176226452,53.64551,train
10882,135.2198141561254,135.30678,train
12221,70.13557868690133,69.98737,train
3186,9.839051198642553,10.242538,train
7961,62.858388995900896,62.81541,train
10809,46.48566476712182,46.319885,train
9788,24.963663940738886,25.289715,train
5411,75.16417987128504,75.41331,train
3648,59.89579766367838,59.63657,train
5613,69.76848318728358,69.64583,train
10366,60.81262844049596,60.824917,train
32,62.33053491715185,61.78401,train
1230,6.750079908713624,6.5180326,train
6824,62.19468556359693,61.315037,train
263,39.33265262833491,39.22143,train
7246,84.57638463785023,84.50711,train
12660,117.94057501366258,117.983345,train
11901,19.038942421022504,19.166399,train
11975,38.74855875286944,38.52059,train
1311,25.857534399290905,25.902805,train
12930,37.48026356057577,37.568207,train
4337,36.94310571922444,36.86044,train
2741,25.04050211213976,25.04077,train
1429,36.210240125305205,36.39136,train
13376,57.78612866760917,57.38805,train
12987,51.76031579593137,52.30482,train
5321,79.88545352007553,79.76603,train
7305,70.5776831156227,70.76415,train
4802,33.39074910957999,33.42985,train
8194,17.633485569278523,17.436245,train
1730,44.21359478458822,44.251316,train
11719,91.2397572047843,91.25093,train
7470,35.87508543765299,36.15651,train
27,65.25916422455259,64.96093,train
7344,75.16417987128504,75.389175,train
359,64.57695773677871,64.87979,train
2738,25.04050211213976,24.944044,train
1419,35.86295586622186,35.745144,train
4711,7.85908552453503,7.8486624,train
2167,13.792313484057486,13.495607,train
8494,79.27542778284364,79.28685,train
5386,71.78670881619587,71.24285,train
8256,29.856612492782848,30.15059,train
7407,23.053352899871395,22.671068,train
1087,18.731792724897712,18.788692,train
1233,6.750079908713624,7.0540876,train
12351,71.5126952436544,72.02437,train
11339,11.747596709247082,11.706337,train
1046,7.85908552453503,8.007407,train
4486,95.27995050133204,94.797295,train
11264,2.9065837811274826,2.9177651,train
3572,29.34578260289036,29.183527,train
2854,44.597910972306806,45.001514,train
10713,17.650012712740526,17.901424,train
10281,53.62497940433934,54.26087,train
13217,65.83077308186866,66.804924,train
8422,84.24741541524314,83.850136,train
10296,65.47137652330578,65.38965,train
5888,79.88545352007553,79.5379,train
9548,54.29787772679955,53.445885,train
14261,125.86447482244527,126.397545,train
1748,56.44692913934201,56.441246,train
1083,15.977335233233198,15.995449,train
3365,26.657804872047155,27.19863,train
9176,26.320863792397155,26.617363,train
7614,154.98431615588598,154.86914,train
3710,119.35792066219084,119.21069,train
12558,56.716123866601365,56.580875,train
5842,119.35792066219084,119.55313,train
653,9.499438230882436,9.491684,train
12114,46.16640159983851,45.70784,train
5917,71.91197889308408,72.2956,train
2928,12.124975352206752,12.1535635,train
14409,115.99146512869038,116.014534,train
9922,52.53979191594191,53.014595,train
8003,6.750079908713624,6.5180326,train
4707,6.442036183009371,6.465546,train
1641,11.747596709247082,11.706337,train
2246,25.935608876074404,26.337881,train
2264,31.91051408188231,32.161903,train
4533,75.33592393483191,74.9589,train
13942,94.85645482862957,95.02401,train
507,113.1117727502116,112.93305,train
8802,36.94310571922444,37.104702,train
3235,22.34386956684365,22.507294,train
1265,11.747596709247082,11.706337,train
8336,67.6283211738766,67.219406,train
4403,52.561077422993925,52.180183,train
573,98.65596999066533,99.01703,train
13820,86.84139842568032,86.5001,train
1608,6.750079908713624,6.5180326,train
12317,73.5169788308657,74.49601,train
10570,17.33846922503352,17.891882,train
8533,86.49796272771329,86.202385,train
12054,69.43701604268931,70.9403,train
8100,29.77075417333722,30.16478,train
14283,107.5197399548222,107.434555,train
11858,16.264210965298563,16.754436,train
13112,35.06929068218894,35.2301,train
2942,12.885025212225244,12.808706,train
7876,22.019205815790816,21.726625,train
12122,45.5844800104469,45.685387,train
4194,44.597910972306806,44.29755,train
8761,36.41164086407028,36.331795,train
9550,52.08281461664617,52.22442,train
1557,74.77670776968583,74.54734,train
11025,76.77816930527784,76.987144,train
4093,24.63527893831387,25.171124,train
9393,87.37869480347202,87.19986,train
11279,3.624115801788345,3.6877751,train
9067,75.8861492644395,76.23243,train
14100,24.782599128301666,23.801794,train
9156,24.74816706908628,25.317505,train
2844,40.76621946032643,40.91114,train
12896,34.767713483007924,34.967415,train
2825,34.339930274970904,34.820477,train
11670,117.94057501366258,118.41355,train
11391,29.77075417333722,29.68344,train
10566,17.33846922503352,16.644028,train
8493,79.27542778284364,79.27449,train
762,49.0086224925457,49.022285,train
14586,84.6747137742003,84.68467,train
9457,77.93378927116997,78.17705,train
12184,54.343834943578464,54.882652,train
1951,97.47338258073955,97.566055,train
10107,83.09327843384654,82.763115,train
9978,48.45410543881178,47.923954,train
2356,3.328531319289431,3.375473,train
2954,13.792313484057486,13.652866,train
9746,26.58523738686569,26.690334,train
843,154.98431615588598,155.04747,train
4993,29.12596598702036,29.164534,train
416,193.8751524679473,193.65483,train
8018,8.180433892801254,8.095884,train
13006,60.69477696945295,61.21234,train
9731,28.59149940899789,28.16124,train
2894,63.896198456162885,64.03794,train
2346,2.606366123918593,2.5885131,train
8439,79.9470355349353,79.19142,train
13569,47.982575358036456,47.358543,train
8692,38.93464249503359,38.7577,train
14439,90.99196236438706,91.354416,train
11877,17.141358034855276,17.391949,train
5951,70.8890994699993,70.508995,train
2028,129.4267602168825,129.43854,train
7166,82.25512726841218,82.15868,train
1560,74.77670776968583,74.82856,train
10524,10.027769629293385,10.230429,train
11060,84.60291252746008,84.51853,train
6002,80.25361829662151,80.25926,train
9670,60.97999362421386,60.78052,train
2682,55.1604052272772,54.91465,train
13588,51.76031579593137,52.114914,train
6783,77.7528643276994,77.59576,train
1086,15.977335233233198,15.995449,train
6038,119.35792066219084,118.58686,train
7519,53.00734926713273,52.567017,train
6040,119.35792066219084,119.21069,train
44,60.032163690610005,60.130295,train
11141,30.8733631927149,30.944313,train
885,123.0978685654898,123.18528,train
2210,19.28254456595652,19.123316,train
13317,48.08623281605109,48.21582,train
2691,59.89579766367838,59.847828,train
1183,62.12878854692645,62.14138,train
2475,29.12596598702036,29.164534,train
5552,43.604537301970495,44.034134,train
3344,23.053352899871395,22.610226,train
12945,39.410668208964985,39.423214,train
13081,35.5258604479491,36.041843,train
1917,100.48928695862324,99.87875,train
13633,115.99146512869038,116.483406,train
7942,55.891675169143376,55.728836,train
2219,21.22276810141124,20.99472,train
10047,60.937760889072194,60.807602,train
13902,107.5197399548222,109.02411,train
3706,119.35792066219084,119.55313,train
4140,27.727713592149392,27.649464,train
1372,56.44692913934201,56.475014,train
9469,78.3521209153635,78.75231,train
13501,34.635546819221005,34.585014,train
6320,38.88107047950797,39.00012,train
8632,16.622909808932246,16.473038,train
12168,49.29258108243957,49.41341,train
12725,86.04998768751986,87.15069,train
8318,55.80060084695615,55.843792,train
3214,16.40524145944573,16.451323,train
10289,59.31238391810723,59.28805,train
12230,70.13557868690133,70.12502,train
7079,79.86598582053819,79.39094,train
8973,100.6187540373376,100.26421,train
13972,92.14301126701253,92.362045,train
12624,79.48504113105551,79.81226,train
5060,18.448270263304188,18.521479,train
8443,79.9470355349353,79.263954,train
8600,10.096319714222924,9.792488,train
14218,168.1502886891345,168.25713,train
7255,79.88545352007553,79.76603,train
7197,134.14502085001388,134.17383,train
2855,44.597910972306806,44.870934,train
13455,42.58610637454368,42.677597,train
13542,39.410668208964985,39.267162,train
10354,65.44228559506357,65.41781,train
709,21.824079935423136,21.890541,train
1707,34.113034957437215,34.002846,train
8823,39.53055859179817,39.4353,train
9388,91.22443951098568,90.6249,train
12028,63.65496035831079,63.720043,train
1625,8.180433892801254,8.095884,train
4355,39.53055859179817,39.766994,train
11180,41.84557272242807,41.351597,train
795,230.9901536612257,229.98538,train
11195,45.250987390322535,45.431564,train
6898,57.36151983905263,58.110657,train
6457,26.320863792397155,26.48453,train
14205,67.80500732074917,68.081,train
6988,82.6921619327566,83.0126,train
9997,50.2526064803528,49.988796,train
12142,46.3112758194042,46.852093,train
3093,53.62497940433934,54.26087,train
10179,19.28254456595652,19.39531,train
14220,168.1502886891345,168.23395,train
8846,43.604537301970495,42.852943,train
880,123.0978685654898,123.30427,train
10875,75.24982629334554,75.498924,train
4456,74.77670776968583,74.82856,train
4155,31.73671877096429,31.766176,train
1550,69.76848318728358,69.58944,train
2048,117.68636585320668,117.236,train
2540,14.147402430467531,14.198435,train
2566,17.650012712740526,19.755007,train
7927,43.74945572579272,43.7372,train
230,38.59019696142197,38.031387,train
10828,55.1604052272772,54.827717,train
9584,48.34358630374402,48.161476,train
2271,35.43032585388161,35.29604,train
2767,25.32142942667775,25.656149,train
6392,75.24982629334554,75.15196,train
5492,35.86295586622186,36.12189,train
6120,71.91197889308408,72.11902,train
3072,43.65657505930208,43.768837,train
5593,60.456358375515045,60.304653,train
8179,16.251795051003693,16.115404,train
2397,9.499438230882436,9.491684,train
7996,5.527128574206158,5.59856,train
3892,168.1502886891345,168.23395,train
6341,50.68801501365044,50.42975,train
13984,92.24483243250832,92.20926,train
4872,3.328531319289431,3.3485863,train
1991,166.17853479893557,166.11937,train
2492,38.10425093874939,38.100716,train
1323,29.77075417333722,29.68344,train
10696,15.826709276493416,15.538785,train
5301,90.56896135270873,90.3902,train
10422,58.991170602037386,59.03099,train
7691,109.30466743726038,109.34491,train
125,59.85653291285112,59.36878,train
11204,48.96526861625701,48.944218,train
9084,78.17671644727096,78.193054,train
12294,80.93195157639853,81.31358,train
14583,84.6747137742003,84.6995,train
1680,22.34386956684365,22.306236,train
14003,93.28231569539822,93.08489,train
10244,35.43032585388161,36.012913,train
10485,73.76729204182922,73.589935,train
6505,37.34804120151974,37.215977,train
11396,29.77075417333722,29.68344,train
11247,67.18811819694348,67.75633,train
9126,26.05871153969042,25.496695,train
397,230.9901536612257,230.50969,train
12559,56.716123866601365,56.523235,train
7309,70.8890994699993,70.69567,train
4230,58.5236929318425,58.821323,train
8560,4.756993192217126,4.872234,train
8403,91.22443951098568,91.94133,train
3618,46.48566476712182,45.990513,train
7575,230.9901536612257,231.11064,train
7409,23.053352899871395,23.231987,train
1567,2.9065837811274826,2.9177651,train
1640,11.747596709247082,11.706337,train
9019,79.86598582053819,79.39094,train
10317,83.01808144823141,82.95276,train
2594,24.10159309622668,24.082737,train
6380,64.87166628595628,65.35463,train
840,154.98431615588598,155.01675,train
8485,78.3521209153635,78.51763,train
8984,89.93891881356173,89.85842,train
12714,88.31993375128738,88.387596,train
3293,50.04341124314785,50.046593,train
8128,44.21359478458822,44.251316,train
1350,44.21359478458822,44.251316,train
3150,5.527128574206158,5.59856,train
5666,14.865809293936342,14.945129,train
7490,41.84557272242807,41.828064,train
5623,74.77670776968583,74.54734,train
2138,97.47338258073955,98.06985,train
5423,80.25361829662151,80.160484,train
8735,63.18646167076461,63.536396,train
306,45.080962845763935,46.512,train
12667,110.67568302020096,111.276405,train
2077,106.2025558056929,105.95131,train
14535,76.04901284854375,75.82179,train
13346,50.944218333228456,50.599884,train
8104,34.113034957437215,34.002846,train
2464,25.27984779576332,25.3728,train
4404,52.561077422993925,52.51056,train
11989,42.852961632253525,43.105156,train
6625,72.67230242637233,73.083565,train
6205,83.09935595306658,82.98601,train
11636,82.2895007905107,82.808846,train
7384,18.448270263304188,19.202826,train
11698,99.25129745411776,98.81017,train
9986,49.17258922572702,49.591595,train
11409,34.113034957437215,34.287853,train
4866,2.606366123918593,2.5885131,train
9248,44.597910972306806,44.856678,train
1396,37.38629228613615,37.63767,train
2270,35.43032585388161,34.733425,train
238,38.49172622988656,38.083996,train
14530,76.04901284854375,76.059166,train
4947,13.53610473193936,13.570401,train
3649,59.89579766367838,59.998566,train
14542,76.98958830258586,76.53878,train
4787,25.27984779576332,25.3728,train
8057,16.40524145944573,16.451323,train
4699,6.442036183009371,6.465546,train
10146,14.865809293936342,14.749386,train
1176,55.271872386990935,55.34347,train
6863,56.347326863317264,56.51549,train
7094,76.50234292040042,76.66144,train
8525,84.52419181559287,84.436424,train
13813,84.6747137742003,84.4959,train
79,56.19046936462432,56.698677,train
1941,98.65596999066533,98.48588,train
2567,19.628813853406385,19.386066,train
13107,34.635546819221005,34.760826,train
8906,64.95566127753808,65.30718,train
12883,35.5258604479491,35.05459,train
1701,29.77075417333722,29.68344,train
1053,9.499438230882436,9.4823885,train
11416,38.91593697359398,38.889015,train
14399,93.50643630226388,93.28349,train
5796,53.62497940433934,53.42105,train
6261,24.10159309622668,23.968742,train
4686,4.196221297202333,4.2176785,train
4436,64.95566127753861,64.78493,train
3966,103.23350357813172,103.3729,train
10589,21.99579802176319,22.122978,train
3219,19.20192266480916,19.095121,train
13247,57.05450517605655,56.017616,train
11089,19.89991539202705,20.784784,train
2171,13.792313484057486,13.809383,train
10660,49.54087768021748,49.6324,train
12760,82.69911139745801,82.82581,train
5510,36.94310571922444,36.942005,train
6358,55.1604052272772,55.040672,train
633,6.442036183009371,6.465546,train
9325,134.13491032325388,133.42903,train
14067,15.49099131419465,16.619257,train
5102,24.789633367188944,25.129097,train
5054,62.12878854692645,62.100945,train
13113,35.06929068218894,35.14716,train
8219,20.33936974007777,20.646143,train
13244,57.05450517605655,57.93809,train
4135,27.727713592149392,28.12124,train
8523,84.52419181559287,84.43398,train
5070,19.89991539202705,19.380749,train
8839,43.604537301970495,44.106354,train
6412,25.04050211213976,24.944044,train
5849,107.5602418843858,107.734634,train
6081,79.88545352007553,79.799934,train
7829,9.570229866524786,9.669128,train
12630,83.55792357754082,83.55601,train
7171,82.25512726841218,82.21662,train
12734,84.38693654155693,84.257034,train
2165,12.885025212225244,12.914359,train
877,123.0978685654898,122.79751,train
6438,24.74816706908628,24.494324,train
8620,14.162925999312623,13.943347,train
6417,25.04050211213976,24.270725,train
6394,75.24982629334554,74.90699,train
11792,83.13470642646298,83.33005,train
2459,25.27984779576332,25.3728,train
14277,112.6599718133244,113.14294,train
1125,29.12596598702036,29.164534,train
4840,55.271872386990935,55.26333,train
3427,45.250987390322535,44.51127,train
63,57.10888254437111,57.53953,train
9323,134.13491032325388,133.8341,train
1875,109.30466743726038,108.88957,train
13565,44.66517096340306,44.01409,train
7482,38.72775337298162,38.903553,train
10027,55.61817953038767,55.599926,train
5970,73.22704486211128,73.31161,train
10806,46.48566476712182,45.822483,train
6103,73.68374035525322,73.799194,train
4085,25.04050211213976,25.152378,train
7488,41.84557272242807,41.364998,train
114,58.27067223232277,57.830383,train
12675,104.48871564383238,104.075195,train
7861,16.11129124792047,16.360985,train
7763,2.618505311135724,2.4686174,train
3346,23.053352899871395,23.77913,train
3860,77.53876431170232,77.91764,train
9928,50.733368627516406,50.365177,train
9010,82.51266906756706,82.6425,train
6475,29.533535528411715,29.39034,train
1913,100.48928695862324,100.71848,train
12220,65.54060841010474,65.573425,train
7155,80.03415155888028,80.10604,train
478,129.4267602168825,128.99098,train
12115,46.16640159983851,46.11713,train
7665,117.68636585320668,117.47972,train
9096,80.03415155888028,80.090454,train
821,179.04708701101467,176.7065,train
4328,36.210240125305205,35.62404,train
742,38.10425093875088,38.100716,train
5448,38.91834885517143,38.84693,train
12532,50.93322091321282,51.08012,train
12977,47.982575358036456,48.340134,train
562,99.4907361299304,99.75607,train
3843,75.16417987128504,75.22509,train
9534,57.05450517605655,57.730633,train
14438,95.82256261856072,95.64058,train
11765,82.74203335367166,82.55715,train
12328,72.29320847026757,72.45803,train
727,29.125965987027584,29.164534,train
11553,68.87072465156034,68.7458,train
12329,72.29320847026757,72.6849,train
5903,76.30367359186545,76.300766,train
13707,78.70427049849316,78.641785,train
7747,98.65596999066533,98.67805,train
253,38.74234435378403,38.89675,train
7683,109.30466743726038,108.752594,train
12608,75.03655084716752,74.82476,train
1020,5.227697523949966,5.220631,train
14548,76.98958830258586,76.953316,train
1660,16.40524145944573,16.485981,train
3639,55.1604052272772,54.827717,train
2675,50.68801501365044,51.025845,train
13338,49.5567795038002,49.968433,train
10574,17.33846922503352,18.861559,train
1607,6.750079908713624,6.5180326,train
8144,56.44692913934201,56.441246,train
10024,53.47823699991465,54.83975,train
4770,21.824079935423136,21.890541,train
13150,41.80739580968886,41.934288,train
11331,11.747596709247082,11.706337,train
7446,28.678520203607828,29.320341,train
12099,49.56838968278535,50.701782,train
2362,4.196221297202333,4.2176785,train
2163,12.885025212225244,12.663141,train
1283,16.40524145944573,16.451323,train
2516,49.00862249254413,49.167248,train
9446,78.04583599126548,77.97368,train
13399,68.7218064382226,68.148315,train
12045,78.77344906209804,78.33972,train
8793,36.210240125305205,36.079857,train
5007,33.39074910957999,33.42985,train
13054,42.58610637454368,42.395653,train
2572,19.628813853406385,19.574045,train
11278,3.624115801788345,3.6877751,train
14424,101.51368217124082,102.71426,train
1090,18.731792724897712,18.79858,train
5274,107.5602418843858,107.83141,train
10206,25.935608876074404,25.364368,train
10672,55.25020379636824,56.072945,train
1497,49.19054255336955,49.76065,train
4274,38.91834885517143,38.72481,train
13284,49.12984125237405,49.46709,train
4349,38.05130976592272,37.590103,train
14174,51.441846041956246,51.62549,train
7004,124.5037870661705,124.10812,train
12019,57.78179082659215,57.85879,train
9401,84.24741541524314,83.09583,train
6178,75.16417987128504,75.389175,train
3478,67.18811819694348,66.15699,train
5024,43.29863673312664,43.34936,train
12062,62.25633543844163,62.776524,train
10465,66.87499746459498,67.501755,train
8876,52.561077422995496,52.378445,train
5457,37.38629228613615,37.29968,train
5950,70.8890994699993,70.76163,train
3521,17.650012712740526,17.519032,train
14411,108.1849630836454,107.5979,train
1206,3.624115801788345,3.6877751,train
7216,107.5602418843858,108.99111,train
1475,41.380738858681696,41.176327,train
13665,95.82256261856072,95.023445,train
7606,166.17853479893557,166.11937,train
8221,20.33936974007777,21.653875,train
297,45.080962845763935,44.681553,train
8021,8.180433892801254,8.572685,train
11084,19.89991539202705,20.075949,train
4564,71.63339382759735,71.9929,train
2815,31.73671877096429,31.747446,train
9742,26.58523738686569,26.276817,train
10991,75.72806675637788,76.16499,train
4596,72.80691569376961,73.07944,train
1400,36.41164086407028,35.941,train
3925,125.86447482244527,125.392914,train
7584,211.02994799979388,210.86295,train
10110,83.09327843384654,83.24346,train
1554,69.76848318728358,69.69112,train
435,166.17853479893557,166.42114,train
5594,60.456358375515045,60.10656,train
1513,52.561077422993925,52.502556,train
14012,93.50643630226388,93.36468,train
9913,66.94929169823543,66.9296,train
257,39.33265262833491,39.416664,train
2898,69.52453059841163,69.25637,train
13005,60.69477696945295,61.2317,train
9173,26.320863792397155,26.336197,train
4511,80.93195157639853,80.3871,train
13078,36.99469593104042,37.60559,train
10256,43.65657505930208,43.094746,train
7060,85.85337627290696,85.85446,train
10276,53.62497940433934,53.342674,train
13001,60.69477696945295,60.39371,train
783,62.12878854692645,62.100945,train
11840,89.77171705634251,89.75883,train
1213,4.491537072359547,4.5777535,train
8107,34.113034957437215,34.287853,train
12013,57.78179082659215,55.884014,train
3358,26.657804872047155,26.296125,train
4344,38.05130976592272,38.51038,train
5883,84.57638463785023,84.2719,train
7010,115.30303150446332,115.21376,train
8587,7.017482350592017,7.2007475,train
8749,37.38629228613615,37.47832,train
14483,78.70427049849316,78.54873,train
1685,22.34386956684365,22.507294,train
9957,48.1381815952728,47.88712,train
2625,32.289249758728964,32.985172,train
4740,13.53610473193936,13.578428,train
4042,92.24483243250832,92.26428,train
7361,80.25361829662151,80.35408,train
6065,90.56896135270873,90.160355,train
6471,29.533535528411715,29.32267,train
13529,37.48026356057577,37.402172,train
3378,30.8733631927149,30.944313,train
3362,26.657804872047155,26.64027,train
10615,27.913859585699885,28.663624,train
7038,94.83357335355618,94.20218,train
6382,70.03363402017787,69.423775,train
1503,49.19054255336955,48.87243,train
303,45.080962845763935,43.799534,train
5147,33.2646262088608,33.6219,train
4819,43.29863673312664,43.34936,train
11737,86.04998768751986,85.713554,train
11108,23.053352899871395,22.81374,train
7376,83.09935595306658,83.300934,train
8838,41.380738858681696,42.132267,train
4455,74.77670776968583,74.53945,train
13670,90.99196236438706,92.49127,train
4062,93.28231569539822,93.00359,train
12301,77.79019270718537,77.30459,train
5025,43.29863673312664,43.34936,train
3611,42.55205181960314,42.406372,train
2396,7.85908552453503,8.007407,train
7886,25.51278413365885,25.649954,train
14223,168.1502886891345,168.25229,train
11145,30.8733631927149,30.340412,train
83,56.19046936462432,56.996853,train
5260,134.14502085001388,134.59259,train
7165,82.25512726841218,82.41469,train
3747,84.57638463785023,84.2719,train
9975,48.45410543881178,49.48994,train
9874,45.39928951266095,45.947304,train
637,6.442036183009371,6.465546,train
12047,78.77344906209804,79.08501,train
189,81.83523066971891,81.8728,train
5635,12.124975352206752,12.222374,train
6718,58.991170602037386,59.03099,train
5605,64.95566127753861,64.98001,train
5745,31.91051408188231,31.368294,train
11952,28.80702918062262,29.617683,train
14577,82.32445746323637,82.16708,train
11464,90.79649380247676,90.46118,train
11855,16.264210965298563,16.141113,train
2119,99.4907361299304,100.1331,train
12776,83.13470642646298,83.25396,train
13517,35.06929068218894,34.97845,train
14447,90.99196236438706,90.34291,train
923,106.2025558056929,106.27653,train
11766,82.74203335367166,82.44058,train
3124,2.9065837811274826,2.9278867,train
6331,46.48566476712182,45.822483,train
9703,73.1915613079784,72.95729,train
71,56.41096371227875,56.77293,train
11036,78.17671644727096,78.044914,train
5436,83.09935595306658,83.0485,train
1010,4.196221297202333,4.2176785,train
11294,5.527128574206158,5.59856,train
14297,103.23350357813172,102.93853,train
13010,65.83077308186866,65.62482,train
1423,35.86295586622186,35.810448,train
5940,70.5776831156227,70.74647,train
6829,59.85944449766063,60.40565,train
9876,45.39928951266095,46.899982,train
8924,74.77670776968412,74.6596,train
8902,64.95566127753808,64.78493,train
9699,68.7218064382226,69.28682,train
12938,37.48026356057577,37.4585,train
12669,110.67568302020096,110.51158,train
13198,55.99893434087522,56.71525,train
13466,39.2928079640545,38.627533,train
12258,95.27995050133204,95.82263,train
3247,29.77075417333722,29.68344,train
285,41.522611277483854,41.128582,train
13011,65.83077308186866,65.596085,train
9752,25.22774623249076,24.209896,train
11549,68.87072465156034,69.34326,train
5194,48.96526861625701,49.09767,train
13262,52.08281461664617,51.684593,train
9917,66.94929169823543,67.705864,train
9419,81.7828321007955,82.28583,train
5205,53.00734926713273,53.35957,train
13952,93.38657295807928,92.84827,train
8623,14.162925999312623,14.11281,train
12323,73.5169788308657,73.01084,train
8396,95.84505322335384,95.04939,train
2802,29.533535528411715,29.286518,train
5501,36.210240125305205,36.3135,train
8951,115.30303150446332,115.47479,train
8138,50.04341124314785,50.046593,train
4614,76.00671399435468,75.56021,train
481,129.4267602168825,129.6121,train
116,58.27067223232277,59.123287,train
7613,166.17853479893557,166.61868,train
6204,83.09935595306658,83.0485,train
8261,29.856612492782848,30.613213,train
3146,4.491537072359547,4.5777535,train
722,29.125965987027584,29.1604,train
2940,12.885025212225244,13.037014,train
7710,103.745126530115,103.3405,train
8928,74.77670776968412,74.99631,train
9073,76.77816930527784,76.99221,train
9528,60.40667057436809,59.9043,train
10500,8.4007707299833,8.323636,train
13453,42.58610637454368,42.438343,train
10913,100.6187540373376,100.02209,train
13969,92.14301126701253,92.40708,train
994,2.606366123918593,2.5885131,train
5391,71.78670881619587,71.43731,train
8762,36.41164086407028,35.941,train
4105,24.74816706908628,25.041542,train
9778,24.33686745588429,25.477737,train
4130,26.320863792397155,26.549273,train
1360,50.04341124314785,50.046593,train
9155,24.74816706908628,25.041542,train
6946,68.06824537618436,67.239944,train
5526,39.53055859179817,39.392124,train
1830,136.76886894565047,136.18718,train
8276,36.85856235276155,36.72801,train
1555,69.76848318728358,69.9585,train
3644,55.1604052272772,55.040672,train
10314,83.01808144823141,82.580215,train
12513,49.49174784981139,50.72743,train
3373,28.678520203607828,28.375834,train
4789,29.12596598702036,29.1604,train
14487,78.70427049849316,77.66046,train
11803,85.2707950135868,85.54938,train
4977,21.824079935423136,21.8916,train
10133,12.885025212225244,12.914359,train
5163,38.72775337298162,38.988903,train
10545,12.31628944406271,13.196437,train
8645,19.398995908192024,19.828989,train
2113,100.48928695862324,100.20841,train
716,25.27984779576332,25.3728,train
4205,48.84238573144443,48.477417,train
755,43.29863673312746,43.34936,train
3794,70.8998858391393,70.70787,train
3607,42.55205181960314,42.115147,train
8303,50.43940763070308,49.623352,train
10190,21.22276810141124,21.478024,train
202,41.2027500139872,40.822063,train
5990,77.53876431170232,77.32083,train
13106,34.635546819221005,34.82709,train
106,57.128108492674905,58.03984,train
2923,80.57929170551442,80.62067,train
180,78.0347307986556,77.838844,train
5162,38.72775337298162,38.98588,train
7791,4.22054923341766,4.1632366,train
6751,64.1404088665598,64.183266,train
838,166.17853479893557,166.61868,train
8112,38.91593697359398,38.889015,train
3475,62.1233802776967,62.230255,train
10191,21.22276810141124,21.489853,train
884,123.0978685654898,123.39627,train
7070,82.51266906756706,82.6425,train
5342,73.68374035525322,73.97819,train
10498,8.4007707299833,8.013329,train
7329,73.22704486211128,72.8633,train
1957,230.9901536612257,229.70288,train
12388,76.00671399435468,76.575745,train
4767,18.731792724897712,18.79858,train
7945,55.891675169143376,55.864098,train
3355,24.789633367188944,24.90578,train
13007,60.69477696945295,61.15134,train
11614,76.6667816523841,76.41973,train
10338,68.70638879452079,68.99912,train
3196,11.747596709247082,11.706337,train
10999,75.72806675637788,76.155716,train
4364,41.380738858681696,41.72193,train
7744,98.65596999066533,98.48835,train
3118,2.9065837811274826,2.9177651,train
7724,100.48928695862324,100.51356,train
12029,63.65496035831079,64.180244,train
430,179.04708701101467,178.75491,train
13334,49.5567795038002,49.475235,train
5682,16.125116344342604,16.14346,train
4726,9.499438230882436,9.4823885,train
7160,80.03415155888028,80.00747,train
11461,90.79649380247676,91.16956,train
9910,66.94929169823543,66.609215,train
11189,41.84557272242807,42.33679,train
8483,78.3521209153635,78.39561,train
6405,26.05871153969042,25.860104,train
6546,53.49135176226452,53.66611,train
3626,46.48566476712182,47.372215,train
3832,73.22704486211128,73.23118,train
374,69.12845902908616,68.663666,train
4706,6.442036183009371,6.465546,train
2776,25.32142942667775,25.078257,train
11746,84.38693654155693,84.00214,train
12885,35.5258604479491,35.53472,train
13147,39.410668208964985,39.651627,train
1987,179.04708701101467,178.93442,train
7722,100.48928695862324,100.81572,train
6597,80.57929170551442,80.62067,train
489,123.0978685654898,123.39627,train
4300,36.41164086407028,36.283127,train
12338,71.63339382759735,72.293686,train
14322,94.85645482862957,95.05785,train
13401,68.7218064382226,68.7203,train
1286,16.40524145944573,16.451323,train
13129,37.48026356057577,37.402172,train
6917,60.336165845635456,59.76681,train
8222,22.19104778233357,20.662928,train
8053,16.40524145944573,16.485981,train
13566,44.66517096340306,44.572674,train
1363,50.04341124314785,50.046593,train
3044,31.91051408188231,32.161903,train
4399,49.19054255336955,48.87243,train
13541,39.410668208964985,39.038757,train
7463,33.2646262088608,32.849815,train
412,211.02994799979388,210.86295,train
10634,35.28853714924939,36.051315,train
5052,62.12878854692645,62.100945,train
585,97.47338258073955,97.16948,train
10487,77.7528643276994,77.59576,train
6153,71.78670881619587,71.57929,train
2535,62.12878854692645,62.14138,train
13337,49.5567795038002,49.970905,train
3913,143.8247661167656,142.43753,train
3244,25.857534399290905,25.902805,train
12682,99.25129745411776,99.5934,train
84,56.19046936462432,55.934383,train
13594,55.99893434087522,56.449917,train
11943,28.80702918062262,26.160616,train
6990,135.2198141561254,134.67316,train
4861,2.606366123918593,2.5885131,train
12204,61.34974693767026,60.954823,train
431,179.04708701101467,178.53008,train
4182,37.34804120151974,37.659603,train
7203,119.35792066219084,118.66772,train
11492,78.081523194867,77.33999,train
1178,62.12878854692645,62.100945,train
4020,92.49987338269456,92.71091,train
6828,62.19468556359693,63.108696,train
5996,77.53876431170232,77.91764,train
4097,24.63527893831387,24.57698,train
4342,36.94310571922444,36.82499,train
4933,11.384421137066337,11.382449,train
4439,64.95566127753861,64.698524,train
13857,143.8247661167656,144.25313,train
6959,75.14911418145515,74.608604,train
8098,29.77075417333722,29.68344,train
11446,56.44692913934201,56.475014,train
5059,18.448270263304188,18.63969,train
7992,5.527128574206158,5.127069,train
515,109.30466743726038,108.88957,train
11238,62.1233802776967,62.230255,train
11504,75.20136128981777,75.2141,train
12025,63.65496035831079,63.487556,train
4574,71.5126952436544,71.80179,train
13434,53.18976182780735,52.013863,train
2668,50.68801501365044,50.188652,train
8872,52.561077422995496,52.706364,train
13374,57.78612866760917,58.299755,train
5309,84.57638463785023,84.2719,train
12371,72.80691569376961,72.93218,train
279,41.522611277483854,41.24,train
5254,152.8177784761153,152.29869,train
11780,82.69911139745801,82.773605,train
13935,96.9560797736986,96.16999,train
9495,82.46105591073825,82.18334,train
4466,110.28871787139632,110.75527,train
5082,21.429473611547053,21.703712,train
2743,25.04050211213976,24.270725,train
12677,104.48871564383238,104.10048,train
7823,9.570229866524786,9.669128,train
12686,99.25129745411776,98.81017,train
4757,15.977335233233198,15.995449,train
10243,35.43032585388161,35.86387,train
10822,50.68801501365044,50.371655,train
13280,49.12984125237405,49.366833,train
251,38.74234435378403,38.447704,train
5536,41.380738858681696,41.383755,train
11658,126.44708143304572,125.62637,train
10849,64.87166628595628,64.62051,train
11836,89.77171705634251,89.560005,train
9485,80.66666767817155,80.42924,train
5388,71.78670881619587,71.44013,train
14201,67.80500732074917,67.21021,train
1484,43.604537301970495,42.852943,train
10642,39.58683345367714,39.576584,train
1978,193.8751524679473,194.06828,train
11005,75.52912062238612,76.02358,train
10708,17.650012712740526,17.693602,train
8070,19.20192266480916,19.354261,train
12039,69.92772157818914,69.52871,train
12179,51.56721782835394,50.695515,train
7510,48.96526861625701,48.966595,train
12117,46.16640159983851,46.65119,train
9305,75.23466307522513,74.731735,train
10789,38.88107047950797,38.589832,train
11017,75.8861492644395,75.94442,train
10803,42.55205181960314,42.901146,train
11813,86.82293470300802,87.16677,train
5677,16.125116344342604,15.961047,train
2795,27.727713592149392,27.524494,train
8118,38.91593697359398,38.889015,train
12138,45.64933795175344,46.067894,train
13298,48.34358630374402,49.01377,train
6942,68.06824537618436,68.18097,train
10340,68.70638879452079,69.01403,train
2672,50.68801501365044,50.325047,train
9422,79.9470355349353,80.133545,train
14246,134.16905500217058,136.13162,train
2196,16.125116344342604,16.14346,train
4663,2.606366123918593,2.5885131,train
13597,55.99893434087522,56.640594,train
8019,8.180433892801254,8.095884,train
13269,50.36965316093952,50.565052,train
12186,54.343834943578464,54.897026,train
13593,55.99893434087522,56.154873,train
1751,56.44692913934201,56.475014,train
13481,35.5258604479491,36.041843,train
6114,71.91197889308408,72.524864,train
5987,77.53876431170232,77.83332,train
158,70.51384660091139,71.44854,train
11184,41.84557272242807,41.879284,train
944,101.86758015295236,101.492004,train
12,68.8978010059695,69.083916,train
1137,38.10425093874939,38.100716,train
8363,115.23290406090766,114.30256,train
12081,52.60873127102636,52.472576,train
538,103.745126530115,103.8769,train
5333,73.68374035525322,73.70931,train
495,117.68636585320668,117.47972,train
4773,21.824079935423136,21.890541,train
3363,26.657804872047155,26.853872,train
10969,79.86598582053819,79.73542,train
5433,83.09935595306658,82.9647,train
6901,58.62478073631361,59.360676,train
14044,12.046394034663363,12.315544,train
1361,50.04341124314785,50.046593,train
2775,25.32142942667775,25.27009,train
4523,77.79019270718537,77.30459,train
2490,38.10425093874939,38.100716,train
6759,66.87499746459498,66.62409,train
11626,79.3711852446667,80.26751,train
1044,7.85908552453503,7.8486624,train
11104,23.053352899871395,23.215778,train
4618,76.00671399435468,76.38648,train
7860,16.11129124792047,16.360985,train
8067,19.20192266480916,19.301252,train
5296,90.56896135270873,89.58923,train
3260,34.113034957437215,34.002846,train
1469,41.380738858681696,41.753086,train
1158,49.00862249254413,49.022285,train
3837,73.22704486211128,72.95287,train
3868,80.25361829662151,80.112305,train
6181,77.53876431170232,77.83332,train
1391,37.38629228613615,37.29968,train
1239,8.180433892801254,8.095884,train
13886,118.73948000326068,117.15654,train
1651,13.92854978889145,13.855272,train
8954,107.39789478589,107.17249,train
14034,10.57203228982024,10.8987055,train
8978,94.83357335355618,94.20218,train
9123,26.05871153969042,26.225237,train
6101,73.68374035525322,73.70931,train
105,57.128108492674905,57.0049,train
5221,62.1233802776967,61.728405,train
1455,38.05130976592272,38.05716,train
14164,46.6663635563764,46.816822,train
9875,45.39928951266095,46.123985,train
4583,71.91030133184738,72.1131,train
7765,2.618505311135724,2.4686174,train
4317,35.86295586622186,35.900734,train
4435,64.95566127753861,64.98001,train
4937,11.384421137066337,11.389216,train
7398,21.429473611547053,21.062145,train
10526,11.079698144729212,10.182127,train
446,154.98431615588598,154.63916,train
13175,47.982575358036456,47.86461,train
14068,15.49099131419465,16.472773,train
7493,41.84557272242807,41.64562,train
3834,73.22704486211128,73.31161,train
9688,64.63130975413613,64.91203,train
11570,69.70696214856945,69.65924,train
7268,73.68374035525322,73.47298,train
6801,73.77568009618804,74.57962,train
3110,65.47137652330578,64.96109,train
9055,75.52912062238612,75.57668,train
10518,10.027769629293385,9.737866,train
14150,42.23549826962851,41.585503,train
5003,33.39074910957999,33.42985,train
7704,103.745126530115,104.34743,train
1460,39.53055859179817,39.392124,train
9634,50.944218333228456,50.32921,train
13149,41.80739580968886,41.172813,train
5817,65.47137652330578,65.58582,train
9611,48.60542794913941,48.23017,train
13393,64.63130975413613,64.3243,train
10602,24.78528594550229,25.664669,train
6843,58.13900410472736,57.605232,train
6460,26.320863792397155,27.017809,train
7849,13.645628914737031,13.711275,train
10464,66.87499746459498,66.87767,train
12462,55.4430882998278,54.87585,train
13678,86.92916151125281,88.068535,train
8446,79.9470355349353,79.626434,train
1289,19.20192266480916,19.095121,train
4971,21.824079935423136,21.890541,train
12061,69.43701604268931,70.89242,train
1065,11.384421137066337,11.389216,train
12197,57.60964815073893,57.464146,train
8740,38.91834885517143,38.72481,train
7922,43.74945572579272,43.706245,train
2064,113.1117727502116,112.886696,train
9664,57.78612866760917,58.26791,train
1501,49.19054255336955,49.380882,train
12709,88.31993375128738,88.49974,train
2099,101.86758015295236,102.01872,train
7835,11.473018356565088,11.611689,train
7893,29.402411149110645,29.774786,train
10115,12.124975352206752,11.80343,train
12816,88.48216304859169,87.67204,train
14456,86.92916151125281,86.33044,train
406,230.9901536612257,231.11064,train
3306,56.44692913934201,56.475014,train
5164,38.72775337298162,38.903553,train
6719,58.991170602037386,58.701866,train
7240,84.57638463785023,84.69092,train
11831,88.48216304859169,88.57597,train
6115,71.91197889308408,71.95168,train
13763,76.04901284854375,75.82179,train
13433,53.18976182780735,53.79104,train
3904,155.05412004324748,154.93338,train
936,103.745126530115,103.51277,train
1601,5.527128574206158,5.59856,train
9961,48.1381815952728,48.566654,train
2435,15.977335233233198,15.995449,train
13148,39.410668208964985,39.412308,train
5475,35.919888386123255,35.782776,train
6841,58.13900410472736,57.789818,train
11573,69.70696214856945,70.15136,train
12052,69.43701604268931,70.66031,train
8189,16.774054817925467,17.522535,train
14523,75.57765272049815,75.55808,train
8241,24.386290598811208,26.280787,train
11284,4.491537072359547,4.5777535,train
6899,58.62478073631361,59.342056,train
7698,106.2025558056929,106.27653,train
3576,29.34578260289036,29.81391,train
10757,29.34578260289036,29.523891,train
5765,39.33748405428104,38.526848,train
10573,17.33846922503352,17.487875,train
2009,145.24040847801632,145.37465,train
14477,80.83497267860338,80.48075,train
8834,41.380738858681696,40.694874,train
1012,4.196221297202333,4.2176785,train
7855,16.11129124792047,16.360985,train
13385,60.97999362421386,60.869633,train
11431,50.04341124314785,50.060677,train
2484,33.39074910957999,33.42985,train
13760,76.04901284854375,75.73925,train
1059,11.384421137066337,11.382449,train
9766,24.43615168584176,25.721748,train
6926,62.48827997014724,61.30549,train
5098,23.053352899871395,23.77913,train
316,47.39132880100697,48.625526,train
2606,26.620833128631787,27.616774,train
1451,38.05130976592272,37.576805,train
14546,76.98958830258586,76.67422,train
2781,26.320863792397155,26.288343,train
8503,80.66666767817155,80.40514,train
13636,115.99146512869038,115.22858,train
3939,118.73948000326068,117.86921,train
3139,4.491537072359547,4.5777535,train
14024,9.244705548457503,9.559892,train
8328,61.551258937303125,61.84763,train
919,106.2025558056929,106.288506,train
9879,50.01044157412626,48.33876,train
7453,30.8733631927149,30.46753,train
7486,38.72775337298162,38.947315,train
5289,98.11718222077316,98.23964,train
4207,48.84238573144443,48.46393,train
4109,24.74816706908628,24.157675,train
5531,39.53055859179817,39.504395,train
351,60.376848442270685,60.33166,train
1901,103.745126530115,103.51277,train
3681,75.24982629334554,74.98833,train
6119,71.91197889308408,71.80643,train
10656,49.54087768021748,48.914375,train
1347,44.21359478458822,44.260788,train
9165,25.32142942667775,25.476345,train
12855,42.58610637454368,42.677597,train
4002,94.85645482862957,94.48235,train
4041,92.24483243250832,92.41471,train
8599,10.096319714222924,9.792488,train
6525,44.597910972306806,44.4876,train
7514,48.96526861625701,48.995842,train
10811,46.48566476712182,46.77634,train
3302,56.44692913934201,56.475014,train
11107,23.053352899871395,22.610226,train
1247,9.839051198642553,9.784307,train
5715,23.43298254652068,23.102919,train
11506,75.20136128981777,75.27189,train
6495,34.339930274970904,33.85273,train
5042,55.271872386990935,55.26333,train
13368,55.05208924433604,56.491543,train
11856,16.264210965298563,16.147167,train
6468,27.727713592149392,27.649464,train
11120,26.657804872047155,26.175613,train
11604,74.30450585772448,73.88463,train
6770,70.098803480824,70.4003,train
2824,34.339930274970904,34.514675,train
9991,49.17258922572702,49.156334,train
8406,91.22443951098568,90.89928,train
5801,53.62497940433934,53.97127,train
6430,24.63527893831387,24.749456,train
11509,72.90167939974636,72.056244,train
1728,44.21359478458822,44.251316,train
8263,33.15923815640949,32.44581,train
14370,92.24483243250832,92.26428,train
2041,123.0978685654898,123.27762,train
12567,59.57543179697275,59.942444,train
11061,84.60291252746008,84.52923,train
9764,24.43615168584176,25.714632,train
3452,53.00734926713273,53.45841,train
12561,56.716123866601365,55.715427,train
12993,55.99893434087522,56.154873,train
4335,36.94310571922444,37.324047,train
6353,55.1604052272772,54.827717,train
6269,24.10159309622668,24.315777,train
7820,7.914848156370223,8.151059,train
3673,70.03363402017787,69.7572,train
7007,115.30303150446332,115.20354,train
7563,72.52135855398946,72.59317,train
2428,15.977335233233198,15.995449,train
7845,13.645628914737031,13.711275,train
13425,77.83754965179875,77.978905,train
1270,13.92854978889145,13.855272,train
3425,41.84557272242807,41.924976,train
11287,4.491537072359547,4.5777535,train
9082,76.77816930527784,77.038765,train
1249,9.839051198642553,9.784307,train
11753,83.29477154332817,83.91855,train
8329,61.551258937303125,62.04512,train
2591,24.10159309622668,23.94026,train
9963,48.1381815952728,49.184353,train
7234,90.56896135270873,90.340515,train
13928,99.73165781686828,99.80616,train
3371,28.678520203607828,28.533989,train
5165,38.72775337298162,39.02565,train
5672,14.865809293936342,15.311715,train
8431,81.7828321007955,81.13102,train
4347,38.05130976592272,37.576805,train
763,49.0086224925457,49.022285,train
2705,64.87166628595628,64.87466,train
14159,46.6663635563764,45.77076,train
11683,110.67568302020096,111.76207,train
13812,84.6747137742003,84.617256,train
10553,13.757667367208375,14.257923,train
7063,82.51266906756706,82.51704,train
9261,48.84238573144443,49.053825,train
8930,135.2198141561254,134.67316,train
12912,35.06929068218894,35.2301,train
13583,51.76031579593137,51.639347,train
12862,39.2928079640545,39.126488,train
14256,125.86447482244527,126.3285,train
6562,63.896198456162885,63.57961,train
7201,119.35792066219084,118.93089,train
4961,18.731792724897712,18.79858,train
216,39.9122322296036,39.582394,train
12970,47.982575358036456,47.81423,train
663,11.384421137066337,11.382449,train
13310,48.08623281605109,47.76415,train
8420,84.24741541524314,83.09583,train
7591,193.8751524679473,194.98624,train
14109,27.698995930992588,26.070625,train
3946,112.6599718133244,112.443146,train
8577,5.7950658060046285,6.0666656,train
1153,43.29863673312664,43.34936,train
5469,36.41164086407028,36.269077,train
11688,104.48871564383238,103.71956,train
2616,29.34578260289036,29.81391,train
5155,35.87508543765299,35.734528,train
9755,25.22774623249076,25.64953,train
14217,168.1502886891345,168.54645,train
5440,83.09935595306658,83.09708,train
2255,28.753615695926324,29.331951,train
8039,11.747596709247082,11.706337,train
670,11.384421137066337,11.389216,train
12457,55.4430882998278,55.25098,train
482,123.0978685654898,122.79751,train
3721,98.11718222077316,97.72814,train
7167,82.25512726841218,82.227715,train
1013,4.196221297202333,4.2176785,train
9906,60.77778500000022,61.273857,train
959,99.4907361299304,100.1331,train
366,64.57695773677871,64.646835,train
1443,36.94310571922444,36.638897,train
11344,13.92854978889145,13.855272,train
5618,69.76848318728358,69.51249,train
12118,46.16640159983851,46.03484,train
7527,57.39162304208823,56.82377,train
5499,36.210240125305205,36.002758,train
10006,51.68892331520587,52.118717,train
14037,10.57203228982024,10.774159,train
8530,86.49796272771329,86.34743,train
12084,52.60873127102636,52.6589,train
9142,25.04050211213976,25.004782,train
14168,46.6663635563764,47.42164,train
2399,9.499438230882436,9.491684,train
8412,87.37869480347202,87.19986,train
9367,101.3171290408814,101.14025,train
6784,77.7528643276994,77.60061,train
6167,73.22704486211128,72.95287,train
3748,84.57638463785023,84.8427,train
8654,22.51608457834825,22.875101,train
11878,17.141358034855276,17.105413,train
9153,24.74816706908628,24.905273,train
10539,12.31628944406271,12.238359,train
30,62.33053491715185,61.87615,train
3700,134.14502085001388,133.64252,train
9231,37.34804120151974,37.451733,train
163,70.51384660091139,70.060265,train
6184,77.53876431170232,77.32083,train
1033,6.442036183009371,6.465546,train
2655,42.55205181960314,42.876614,train
11130,28.678520203607828,27.959976,train
8479,78.3521209153635,78.700325,train
4912,7.85908552453503,7.8486624,train
11857,16.264210965298563,16.164566,train
521,109.30466743726038,109.34491,train
13554,41.80739580968886,41.76488,train
3840,73.22704486211128,73.76752,train
389,78.79814514174707,78.517715,train
3761,76.30367359186545,75.93833,train
7218,98.11718222077316,99.1872,train
4067,93.50643630226388,93.696396,train
4489,89.57234360169679,89.09403,train
7332,73.22704486211128,73.30544,train
752,43.29863673312746,43.34936,train
9420,79.9470355349353,79.19142,train
3898,155.05412004324748,154.34389,train
9385,91.22443951098568,90.99789,train
7641,136.76886894565047,137.19708,train
3240,25.857534399290905,25.902805,train
6641,68.70638879452079,69.53587,train
14138,34.36019909387007,35.025192,train
14423,101.51368217124082,101.535774,train
1358,50.04341124314785,50.060677,train
11224,57.39162304208823,57.729656,train
13759,76.04901284854375,75.87915,train
5298,90.56896135270873,90.07115,train
7955,62.858388995900896,62.81541,train
2205,17.59043680885926,18.134644,train
6425,24.63527893831387,24.57698,train
6148,70.8890994699993,70.87736,train
12279,84.82941053361527,84.78191,train
2494,38.10425093874939,38.109303,train
1120,29.12596598702036,29.164534,train
1754,56.44692913934201,56.475014,train
5874,90.56896135270873,90.340515,train
7478,38.72775337298162,38.343727,train
3134,3.624115801788345,3.6877751,train
4006,93.38657295807928,92.84827,train
7686,109.30466743726038,109.28048,train
1359,50.04341124314785,50.046593,train
12069,62.25633543844163,62.33432,train
4027,92.14301126701253,92.50956,train
16,68.8978010059695,68.61689,train
5216,57.39162304208823,57.690723,train
14390,93.28231569539822,93.00359,train
4584,71.91030133184738,72.097244,train
6413,25.04050211213976,25.152378,train
8811,38.05130976592272,38.05574,train
8304,50.43940763070308,49.605995,train
2818,34.339930274970904,34.085373,train
9524,60.40667057436809,60.667137,train
807,211.02994799979388,210.86295,train
10552,13.757667367208375,14.258221,train
11816,86.82293470300802,86.63916,train
9070,75.8861492644395,75.94442,train
1817,145.24040847801632,145.12865,train
210,39.9122322296036,39.435993,train
2458,25.27984779576332,25.3728,train
7156,80.03415155888028,80.090454,train
6236,17.650012712740526,17.450996,train
1146,38.10425093874939,38.109303,train
11729,88.31993375128738,88.387596,train
730,29.125965987027584,29.164534,train
1836,129.4267602168825,129.04076,train
9638,50.944218333228456,51.080776,train
13488,35.5258604479491,35.486397,train
341,56.555790586714224,56.61884,train
4735,11.384421137066337,11.389216,train
6006,80.25361829662151,80.35883,train
2055,117.68636585320668,117.66771,train
1383,38.91834885517143,38.512363,train
8885,56.318371719454376,56.08493,train
3037,31.91051408188231,31.340502,train
3869,80.25361829662151,80.40583,train
5959,71.78670881619587,71.57929,train
681,13.53610473193936,13.570401,train
554,100.48928695862324,100.51356,train
5203,53.00734926713273,52.96277,train
4340,36.94310571922444,36.942005,train
13070,36.99469593104042,36.41416,train
9379,95.84505322335384,95.24325,train
12451,58.6937159884268,59.121483,train
9797,24.963663940738886,25.451578,train
12375,72.80691569376961,72.65147,train
6831,59.85944449766063,60.118076,train
926,106.2025558056929,106.34811,train
8994,85.85337627290696,85.57444,train
4991,29.12596598702036,29.164534,train
10164,16.125116344342604,16.14346,train
14384,93.28231569539822,93.49478,train
395,78.79814514174707,78.83117,train
14416,108.1849630836454,108.55933,train
7363,80.25361829662151,80.205215,train
1510,52.561077422993925,52.706364,train
11365,19.20192266480916,19.301252,train
3704,119.35792066219084,118.56488,train
12018,57.78179082659215,57.8625,train
14309,99.73165781686828,99.33791,train
13142,39.410668208964985,39.267162,train
6256,21.77517690158367,21.199009,train
10119,12.124975352206752,12.344075,train
4481,95.27995050133204,95.52936,train
2852,44.597910972306806,44.856678,train
2126,99.4907361299304,99.514084,train
14414,108.1849630836454,109.12571,train
514,109.30466743726038,109.58083,train
13746,75.59158411003656,76.30484,train
11992,42.852961632253525,43.69154,train
11593,72.34090204261534,72.1575,train
6407,26.05871153969042,25.50674,train
11542,69.14676947161414,69.40826,train
6638,68.70638879452079,68.94119,train
2817,34.339930274970904,34.03476,train
1985,179.04708701101467,178.75491,train
3594,35.46372651810452,35.55957,train
8061,16.40524145944573,16.451323,train
1920,100.48928695862324,100.243706,train
7383,18.448270263304188,18.682518,train
13900,107.5197399548222,107.40333,train
2985,17.59043680885926,18.134644,train
13890,118.73948000326068,119.278366,train
13199,60.69477696945295,59.911434,train
9282,58.5236929318425,59.291218,train
3048,35.43032585388161,34.879215,train
6097,76.30367359186545,76.300766,train
5410,75.16417987128504,75.389175,train
4774,21.824079935423136,21.890541,train
6447,25.32142942667775,24.770252,train
75,56.41096371227875,56.310074,train
2676,50.68801501365044,51.145863,train
10143,13.792313484057486,13.855521,train
4704,6.442036183009371,6.465546,train
9576,49.12984125237405,49.42519,train
7516,48.96526861625701,49.81026,train
5751,31.91051408188231,32.54629,train
13190,55.99893434087522,55.83204,train
1189,2.9065837811274826,2.9177651,train
7828,9.570229866524786,9.669128,train
1476,41.380738858681696,42.132267,train
4181,37.34804120151974,37.451733,train
3303,56.44692913934201,56.475014,train
10120,12.124975352206752,12.266336,train
14112,27.698995930992588,27.368265,train
2368,5.227697523949966,5.220631,train
5278,107.5602418843858,108.117386,train
10016,53.47823699991465,53.63008,train
3112,65.47137652330578,65.78629,train
13328,48.60542794913941,49.144554,train
1252,9.839051198642553,9.784307,train
4793,29.12596598702036,29.164534,train
7031,100.6187540373376,100.07121,train
14268,118.73948000326068,117.15654,train
2363,4.196221297202333,4.2176785,train
245,38.49172622988656,38.70101,train
8440,79.9470355349353,80.20249,train
6537,48.84238573144443,49.025597,train
4731,11.384421137066337,11.382449,train
10221,28.753615695926324,28.788296,train
13833,183.50675596781025,183.38528,train
12177,51.56721782835394,51.48116,train
96,56.43271139946915,57.02249,train
11283,4.491537072359547,4.5777535,train
2390,7.85908552453503,7.8486624,train
10441,61.911697819840086,61.559925,train
2024,136.76886894565047,136.709,train
3527,19.628813853406385,19.386066,train
3882,183.50675596781025,183.22752,train
13775,76.98958830258586,76.84996,train
555,100.48928695862324,100.89306,train
1075,13.53610473193936,13.570401,train
11362,19.20192266480916,19.095121,train
1591,4.491537072359547,4.5777535,train
14027,9.244705548457503,10.233982,train
2299,48.41170998900376,48.051174,train
703,21.824079935423136,21.890541,train
451,154.98431615588598,155.25247,train
2870,53.49135176226452,53.425674,train
370,69.12845902908616,68.81881,train
1162,49.00862249254413,49.022285,train
6082,79.88545352007553,79.5379,train
3236,22.34386956684365,22.507294,train
2391,7.85908552453503,7.8486624,train
13384,60.97999362421386,60.94586,train
9768,24.152412660023124,25.128363,train
385,73.95193879191451,74.27412,train
13288,49.12984125237405,49.62454,train
10633,35.28853714924939,36.12787,train
14354,92.14301126701253,92.362045,train
3479,67.18811819694348,67.10187,train
10407,58.30263960140757,58.674053,train
11519,71.14396606839321,70.3215,train
13863,134.16905500217058,133.43495,train
11124,26.657804872047155,26.492147,train
9808,27.490995490790755,26.322882,train
4479,102.11244006090304,102.63554,train
6455,26.320863792397155,26.288343,train
4189,40.76621946032643,40.580288,train
5314,79.88545352007553,79.5379,train
4224,58.5236929318425,58.056263,train
10769,32.289249758728964,32.39974,train
14515,75.59158411003656,75.73246,train
2375,5.227697523949966,5.220631,train
10484,73.76729204182922,73.73493,train
3442,48.96526861625701,49.09767,train
3928,125.86447482244527,126.3285,train
7569,230.9901536612257,230.827,train
2333,65.47137652330578,65.59412,train
3197,13.92854978889145,13.855272,train
1416,35.919888386123255,36.322876,train
4992,29.12596598702036,29.164534,train
588,97.47338258073955,97.88837,train
1971,193.8751524679473,193.65483,train
8943,124.5037870661705,124.60374,train
14509,75.59158411003656,75.21476,train
12289,80.93195157639853,80.3871,train
350,60.376848442270685,60.4687,train
10971,77.87315181130059,77.83067,train
9063,75.8861492644395,76.378296,train
3818,70.8890994699993,70.87736,train
4920,9.499438230882436,9.491684,train
12346,71.63339382759735,71.98204,train
688,15.977335233233198,15.995449,train
60,57.10888254437111,56.7391,train
10012,51.68892331520587,51.838284,train
2700,64.87166628595628,64.62051,train
5901,76.30367359186545,76.69339,train
9980,48.45410543881178,48.543148,train
3148,5.527128574206158,5.127069,train
13444,47.10789941727601,46.911858,train
11267,2.9065837811274826,2.9278867,train
12209,61.34974693767026,61.61188,train
40,60.032163690610005,59.6234,train
7578,211.02994799979388,211.14124,train
12240,75.02114224725477,75.479164,train
9856,37.63391748347983,39.32471,train
3345,23.053352899871395,22.81374,train
3032,28.753615695926324,28.737852,train
10895,115.30303150446332,115.4448,train
13048,47.10789941727601,47.952744,train
867,129.4267602168825,129.21019,train
4365,41.380738858681696,41.753086,train
11598,74.30450585772448,74.3316,train
4626,78.23957030362628,77.76263,train
7684,109.30466743726038,109.58083,train
13953,93.38657295807928,93.10995,train
3671,70.03363402017787,70.23801,train
1103,21.824079935423136,21.890541,train
2211,19.28254456595652,19.39531,train
12488,50.09922712517202,49.75398,train
14231,155.05412004324748,154.97957,train
5735,28.753615695926324,28.246138,train
11018,75.8861492644395,76.13669,train
1765,230.9901536612257,231.11064,train
4728,9.499438230882436,9.4823885,train
14296,103.23350357813172,103.74564,train
14080,19.694692079282625,18.030712,train
962,99.4907361299304,98.96975,train
10576,19.521311513476668,18.375145,train
6366,59.89579766367838,59.465923,train
9127,26.05871153969042,25.860104,train
1026,5.227697523949966,5.220631,train
14181,56.56699701702424,55.712982,train
11888,17.95913696269572,17.761833,train
10927,94.83357335355618,94.170845,train
8647,19.398995908192024,19.828989,train
7154,80.03415155888028,80.21075,train
1828,136.76886894565047,136.9256,train
2266,31.91051408188231,32.6341,train
11475,85.80236635218084,85.02569,train
1664,16.40524145944573,16.451323,train
10116,12.124975352206752,12.1535635,train
1160,49.00862249254413,49.022285,train
8210,18.82198014263801,19.750523,train
1321,29.77075417333722,29.68344,train
12650,126.44708143304572,126.55471,train
484,123.0978685654898,122.66158,train
11543,69.14676947161414,69.8778,train
7375,83.09935595306658,83.34111,train
4615,76.00671399435468,75.372665,train
8125,44.21359478458822,44.251316,train
2304,48.41170998900376,48.78423,train
5700,19.28254456595652,19.971346,train
252,38.74234435378403,38.976513,train
7645,129.4267602168825,129.95163,train
3922,134.16905500217058,134.53603,train
3169,8.180433892801254,8.095884,train
10610,27.913859585699885,27.378494,train
1595,4.491537072359547,4.5777535,train
13261,52.08281461664617,51.877934,train
13947,94.85645482862957,94.81414,train
6112,71.91197889308408,72.31668,train
10752,26.620833128631787,26.379417,train
10663,49.54087768021748,49.594162,train
7473,35.87508543765299,35.734528,train
1799,166.17853479893557,165.62688,train
8629,16.622909808932246,16.353367,train
4995,29.12596598702036,29.164534,train
14013,93.50643630226388,93.696396,train
751,38.10425093875088,38.109303,train
2183,14.865809293936342,14.755678,train
6955,71.44838330678776,70.481804,train
10800,42.55205181960314,42.406372,train
10928,94.83357335355618,94.152275,train
6937,65.07118569106198,64.54798,train
2590,24.10159309622668,24.092453,train
14549,78.37770085810139,78.726906,train
11784,83.13470642646298,83.07893,train
711,21.824079935423136,21.8916,train
772,55.27187238699012,55.281967,train
12821,89.77171705634251,89.855415,train
8390,95.84505322335384,96.04105,train
11291,5.527128574206158,5.127069,train
11731,88.31993375128738,87.623344,train
5518,38.05130976592272,37.577343,train
3536,19.628813853406385,20.452904,train
4845,55.271872386990935,55.26333,train
5125,28.678520203607828,28.375834,train
7688,109.30466743726038,109.42389,train
157,67.22734142322994,67.82775,train
10565,15.424596218027991,16.059317,train
290,43.12759497575015,42.711933,train
9033,76.50234292040042,76.13757,train
4692,5.227697523949966,5.220631,train
2331,65.47137652330578,65.58582,train
9732,28.59149940899789,28.565496,train
6827,62.19468556359693,61.359867,train
682,15.977335233233198,15.995449,train
3328,21.429473611547053,21.062145,train
413,211.02994799979388,210.86295,train
7279,71.91197889308408,72.59007,train
8985,89.93891881356173,89.92894,train
14459,83.56214469765372,84.41319,train
10324,77.41176032874927,77.14316,train
11368,19.20192266480916,19.354261,train
2310,53.62497940433934,53.42105,train
8534,86.49796272771329,86.20958,train
9339,123.96214174002029,122.39103,train
5766,39.33748405428104,38.838367,train
10808,46.48566476712182,46.577286,train
2547,15.826709276493416,15.538785,train
7656,123.0978685654898,123.27762,train
2069,109.30466743726038,109.58083,train
4555,72.29320847026757,72.020195,train
6692,58.132094825297145,59.23205,train
7978,3.624115801788345,3.6672137,train
14489,77.1364912669906,77.866196,train
6701,58.132094825297145,58.132137,train
13758,76.04901284854375,76.059166,train
11129,26.657804872047155,27.71125,train
5910,73.68374035525322,73.63487,train
1881,109.30466743726038,109.34491,train
7738,99.4907361299304,99.420616,train
6274,26.620833128631787,26.471313,train
9635,50.944218333228456,50.649673,train
12330,72.29320847026757,72.36104,train
2766,24.74816706908628,24.819693,train
3161,6.750079908713624,6.5180326,train
10087,75.34654859935269,75.17552,train
980,97.47338258073955,97.16948,train
13748,75.57765272049815,75.71308,train
3167,8.180433892801254,8.045279,train
3717,107.5602418843858,108.0959,train
8193,17.633485569278523,17.453833,train
9831,31.69861229808904,30.613451,train
6585,75.23466307522513,74.967,train
11967,35.05216416707113,34.756596,train
11070,18.448270263304188,18.63969,train
8496,79.27542778284364,79.166084,train
5748,31.91051408188231,32.236465,train
11596,72.34090204261534,72.651825,train
2967,16.125116344342604,15.662814,train
3793,70.8998858391393,71.46021,train
4904,6.442036183009371,6.465546,train
11966,35.05216416707113,33.213028,train
7139,76.77816930527784,76.891846,train
943,101.86758015295236,101.61326,train
7124,75.8861492644395,75.91719,train
10132,12.885025212225244,12.68915,train
7532,57.39162304208823,57.358273,train
525,106.2025558056929,105.98624,train
9543,54.29787772679955,54.54017,train
12962,44.66517096340306,44.166176,train
4030,92.14301126701253,92.75704,train
11854,16.264210965298563,15.707457,train
1922,99.4907361299304,99.75607,train
8464,78.04583599126548,78.28675,train
646,7.85908552453503,7.8486624,train
5244,72.52135855398946,72.73989,train
13955,93.38657295807928,93.41361,train
14043,12.046394034663363,11.990771,train
1858,117.68636585320668,117.77595,train
13449,42.58610637454368,42.2236,train
10655,44.32847378550269,44.5575,train
6619,77.41176032874927,77.67746,train
8945,124.5037870661705,124.48183,train
1618,8.180433892801254,8.045279,train
6599,80.57929170551442,80.62135,train
9047,75.72806675637788,75.68919,train
1078,15.977335233233198,15.995449,train
1171,55.271872386990935,55.26333,train
2522,55.271872386990935,55.26333,train
12255,102.11244006090304,101.33532,train
13213,65.83077308186866,65.70547,train
788,62.12878854692645,62.14138,train
9181,26.320863792397155,26.425556,train
13680,86.92916151125281,87.28051,train
5383,71.78670881619587,72.0949,train
10242,35.43032585388161,35.600494,train
14090,22.120024226901386,20.913095,train
4850,62.12878854692645,62.100945,train
14273,112.6599718133244,113.237854,train
8787,35.86295586622186,36.212025,train
4909,7.85908552453503,7.8486624,train
3487,72.52135855398946,72.179214,train
11471,85.80236635218084,85.68753,train
3064,39.33748405428104,39.951324,train
12278,84.82941053361527,84.93684,train
2237,25.935608876074404,25.475578,train
2626,32.289249758728964,33.046074,train
8892,60.456358375515045,60.58972,train
1669,19.20192266480916,19.095121,train
2719,75.24982629334554,74.28101,train
6122,70.8998858391393,71.58951,train
4226,58.5236929318425,58.57959,train
3177,9.839051198642553,9.784307,train
9733,28.59149940899789,28.155489,train
8028,9.839051198642553,9.784307,train
12497,49.52880914978266,49.294827,train
10802,42.55205181960314,43.00332,train
4672,3.328531319289431,3.3485863,train
12057,69.43701604268931,68.33688,train
3234,22.34386956684365,22.507294,train
2452,21.824079935423136,21.890541,train
4061,93.28231569539822,93.0463,train
9009,82.51266906756706,82.461815,train
10278,53.62497940433934,53.42105,train
6617,77.41176032874927,76.97101,train
6230,15.826709276493416,15.924517,train
689,15.977335233233198,15.995449,train
892,117.68636585320668,116.89803,train
13305,47.99809684590056,48.45966,train
2379,6.442036183009371,6.465546,train
6313,38.88107047950797,38.58365,train
11928,23.96684006413348,24.707108,train
5933,70.8998858391393,70.97728,train
984,97.47338258073955,97.46263,train
8786,35.86295586622186,36.041145,train
9662,57.78612866760917,58.206524,train
10778,35.46372651810452,35.373882,train
13102,34.635546819221005,35.21096,train
2188,16.125116344342604,15.693031,train
2276,35.43032585388161,36.012913,train
9537,57.05450517605655,55.614967,train
13365,55.05208924433604,55.06436,train
1776,193.8751524679473,193.65483,train
6563,63.896198456162885,63.779366,train
12961,44.66517096340306,44.0908,train
8031,9.839051198642553,10.242538,train
9215,34.339930274970904,34.190357,train
4200,44.597910972306806,45.001514,train
1895,103.745126530115,103.39083,train
10248,39.33748405428104,38.838367,train
8004,6.750079908713624,6.5180326,train
13428,77.83754965179875,77.908806,train
2667,50.68801501365044,50.42975,train
2688,59.89579766367838,59.63657,train
8649,22.51608457834825,22.33086,train
6527,44.597910972306806,44.00588,train
3696,134.14502085001388,133.96198,train
1028,6.442036183009371,6.465546,train
472,129.4267602168825,129.21019,train
2325,59.31238391810723,59.743557,train
2504,43.29863673312664,43.34936,train
1763,230.9901536612257,231.17438,train
283,41.522611277483854,40.586918,train
7991,4.491537072359547,4.5777535,train
10349,65.44228559506357,65.29517,train
1878,109.30466743726038,109.42389,train
10195,23.43298254652068,22.266193,train
12868,39.2928079640545,39.307323,train
3079,48.41170998900376,48.051174,train
14448,90.99196236438706,91.4363,train
10773,32.289249758728964,32.435596,train
5916,73.68374035525322,73.97819,train
2068,109.30466743726038,108.752594,train
4829,49.00862249254413,49.022285,train
3831,73.22704486211128,73.20884,train
7642,129.4267602168825,129.21019,train
11681,110.67568302020096,110.51158,train
5473,35.919888386123255,36.054474,train
3065,39.33748405428104,39.83566,train
8491,79.27542778284364,79.227806,train
1227,6.750079908713624,6.5180326,train
1874,109.30466743726038,109.58083,train
9794,24.963663940738886,24.407188,train
8116,38.91593697359398,38.889015,train
993,2.606366123918593,2.5885131,train
3309,18.448270263304188,18.248869,train
12796,85.2707950135868,84.8639,train
4092,25.04050211213976,25.004782,train
800,230.9901536612257,231.11064,train
3841,75.16417987128504,75.028885,train
9418,81.7828321007955,81.624214,train
10669,55.25020379636824,55.34893,train
2703,64.87166628595628,64.63206,train
7811,6.4852329987035695,6.4940386,train
10452,64.1404088665598,64.03136,train
2248,28.753615695926324,28.17849,train
5256,152.8177784761153,153.05574,train
13532,37.48026356057577,37.373875,train
11640,85.05997393992781,85.11239,train
8417,87.37869480347202,86.63683,train
2851,44.597910972306806,44.4876,train
6416,25.04050211213976,25.216984,train
5051,62.12878854692645,62.100945,train
6000,80.25361829662151,80.205025,train
7075,79.86598582053819,79.47318,train
2552,15.826709276493416,15.816963,train
3414,38.72775337298162,38.59051,train
9117,84.60291252746008,84.49365,train
12533,50.93322091321282,51.066185,train
10331,72.67230242637233,73.292175,train
9686,64.63130975413613,64.455124,train
5945,70.5776831156227,70.76415,train
4931,11.384421137066337,11.382449,train
7322,71.78670881619587,71.44013,train
9571,49.12984125237405,49.366833,train
10488,77.7528643276994,77.60061,train
11722,91.2397572047843,90.56404,train
3836,73.22704486211128,73.30544,train
3692,152.8177784761153,152.29869,train
14316,96.9560797736986,96.559875,train
175,74.15381360397033,74.03169,train
12913,35.06929068218894,35.14716,train
8508,80.66666767817155,80.656525,train
1899,103.745126530115,103.557205,train
14099,24.782599128301666,23.247414,train
7021,107.39789478589,107.05874,train
12491,50.09922712517202,49.53466,train
8514,82.46105591073825,82.18334,train
1681,22.34386956684365,22.507294,train
5307,84.57638463785023,84.33315,train
8089,25.857534399290905,25.902805,train
13342,50.944218333228456,50.67292,train
2050,117.68636585320668,117.47972,train
1441,36.94310571922444,36.86044,train
1486,43.604537301970495,44.034134,train
12065,62.25633543844163,62.787823,train
12954,41.80739580968886,41.76488,train
1415,35.919888386123255,36.0838,train
8688,34.179775749222635,34.469246,train
2713,70.03363402017787,69.7572,train
12898,34.767713483007924,34.847298,train
13534,37.48026356057577,37.5621,train
10176,19.28254456595652,18.299284,train
11467,90.79649380247676,91.15492,train
11048,80.03415155888028,80.12727,train
5183,45.250987390322535,45.353493,train
10848,64.87166628595628,64.65267,train
12788,84.01038592956453,84.123245,train
9692,68.7218064382226,68.7203,train
11352,16.40524145944573,16.485981,train
14064,15.49099131419465,15.326042,train
11863,16.57780018172115,15.99316,train
13848,155.05412004324748,154.68584,train
10824,50.68801501365044,51.025845,train
11154,33.2646262088608,33.170017,train
12108,47.46331387653679,47.099136,train
5226,62.1233802776967,62.274876,train
7852,16.11129124792047,16.360985,train
1043,7.85908552453503,7.8486624,train
10816,50.68801501365044,50.42975,train
14126,30.88595532017685,31.09367,train
12964,44.66517096340306,44.57976,train
4180,37.34804120151974,37.67915,train
8024,9.839051198642553,9.784307,train
104,57.128108492674905,56.499794,test
1871,113.1117727502116,113.060326,test
6502,37.34804120151974,36.81595,test
5100,24.789633367188944,24.631311,test
2910,75.23466307522513,75.04121,test
11234,62.1233802776967,62.35348,test
8669,29.87847222265743,29.833757,test
3312,18.448270263304188,18.846508,test
1353,44.21359478458822,44.251316,test
7122,75.52912062238612,76.112755,test
13884,118.73948000326068,118.1631,test
13725,77.1364912669906,76.95418,test
10226,31.91051408188231,31.40106,test
2203,17.59043680885926,17.869051,test
3813,70.8890994699993,70.69567,test
6543,53.49135176226452,53.32576,test
1056,9.499438230882436,9.4823885,test
11703,99.25129745411776,99.101166,test
4307,35.919888386123255,35.974213,test
12036,69.92772157818914,69.022995,test
12550,54.316367961579786,53.37907,test
1593,4.491537072359547,4.5777535,test
12605,70.67888709810615,71.531456,test
3699,134.14502085001388,133.7993,test
9158,24.74816706908628,24.97831,test
4729,11.384421137066337,11.382449,test
3923,134.16905500217058,134.48529,test
11705,94.86192637572438,94.79538,test
1658,16.40524145944573,16.485981,test
4823,43.29863673312664,43.34936,test
6151,71.78670881619587,72.0949,test
5943,70.5776831156227,70.846855,test
6805,69.0298957457494,68.82551,test
7548,67.18811819694348,66.15699,test
10823,50.68801501365044,50.75116,test
4288,37.38629228613615,37.5809,test
3584,32.289249758728964,32.435596,test
9414,81.7828321007955,81.15597,test
1541,64.95566127753861,65.06118,test
9175,26.320863792397155,26.61645,test
4859,2.606366123918593,2.5885131,test
10683,61.47666898968674,61.69035,test
7657,123.0978685654898,122.70017,test
13176,47.982575358036456,48.84673,test
685,15.977335233233198,15.995449,test
8226,22.19104778233357,21.019733,test
3708,119.35792066219084,118.58686,test
5931,70.8998858391393,70.85728,test
12544,52.38623850151688,50.95029,test
8316,55.80060084695615,55.107647,test
4277,38.91834885517143,38.700535,test
11026,76.77816930527784,76.891846,test
557,100.48928695862324,99.87875,test
2732,26.05871153969042,26.17344,test
12183,54.343834943578464,53.107983,test
4862,2.606366123918593,2.5885131,test
330,53.12049932369545,53.25325,test
9406,84.24741541524314,83.80441,test
281,41.522611277483854,41.352512,test
11441,56.44692913934201,56.441246,test
13395,64.63130975413613,64.455124,test
407,211.02994799979388,210.82059,test
11795,84.01038592956453,83.91035,test
10940,85.85337627290696,86.010605,test
3123,2.9065837811274826,2.9278867,test
460,145.24040847801632,145.25061,test
2683,55.1604052272772,55.128452,test
7748,98.65596999066533,98.63053,test
10861,70.03363402017787,70.54149,test
1777,193.8751524679473,193.67345,test
3070,43.65657505930208,42.719604,test
1575,2.9065837811274826,2.9278867,test
4402,49.19054255336955,49.527855,test
1051,9.499438230882436,9.4823885,test
6885,56.553861435166894,56.052166,test
11497,78.081523194867,77.76417,test
11958,31.74469640013553,31.438536,test
8033,11.747596709247082,11.706337,test
8433,81.7828321007955,81.15597,test
4627,78.23957030362628,77.920975,test
13766,76.04901284854375,76.43227,test
8113,38.91593697359398,38.889015,test
2461,25.27984779576332,25.3728,test
10632,35.28853714924939,35.58832,test
11829,88.48216304859169,87.88883,test
13747,75.57765272049815,75.6626,test
13901,107.5197399548222,107.434555,test
3305,56.44692913934201,56.475014,test
4076,26.05871153969042,25.496695,test
12504,49.52880914978266,51.03404,test
9612,48.60542794913941,48.073513,test
13564,44.66517096340306,44.57976,test
14386,93.28231569539822,92.98042,test
6593,80.57929170551442,80.44566,test
5169,41.84557272242807,41.351597,test
8001,5.527128574206158,5.8426633,test
12944,39.410668208964985,39.393227,test
1697,29.77075417333722,29.68344,test
1376,56.44692913934201,56.475014,test
2862,48.84238573144443,49.027103,test
14141,38.13815414182142,35.16082,test
1352,44.21359478458822,44.251316,test
12041,69.92772157818914,69.895164,test
3145,4.491537072359547,4.5777535,test
6912,60.336165845635456,62.285275,test
10469,70.098803480824,69.70784,test
2373,5.227697523949966,5.220631,test
4518,80.93195157639853,81.84699,test
8747,38.91834885517143,39.197544,test
6281,29.34578260289036,29.162434,test
7101,76.50234292040042,76.12842,test
148,67.22734142322994,67.8219,test
12203,61.34974693767026,60.746647,test
9618,48.60542794913941,48.74726,test
10148,14.865809293936342,14.945129,test
753,43.29863673312746,43.34936,test
4195,44.597910972306806,44.64407,test
13921,99.73165781686828,99.54049,test
13846,155.05412004324748,154.4738,test
7148,78.17671644727096,78.14919,test
13077,36.99469593104042,37.588898,test
5961,71.78670881619587,71.56575,test
3445,48.96526861625701,49.614594,test
513,109.30466743726038,108.752594,test
6176,75.16417987128504,74.96795,test
12395,76.00671399435468,75.36313,test
10304,65.47137652330578,65.54062,test
10168,17.59043680885926,17.225601,test
8492,79.27542778284364,79.359245,test
8976,94.83357335355618,94.46292,test
7323,71.78670881619587,71.6087,test
7427,26.657804872047155,26.175613,test
2094,103.745126530115,103.557205,test
1215,4.491537072359547,4.5777535,test
6742,64.1404088665598,64.03568,test
11245,67.18811819694348,67.84053,test
2600,26.620833128631787,26.471313,test
7756,97.47338258073955,97.756226,test
329,53.12049932369545,53.532246,test
3485,67.18811819694348,67.45048,test
4806,33.39074910957999,33.42985,test
3462,57.39162304208823,57.358273,test
4733,11.384421137066337,11.382449,test
2657,46.48566476712182,45.822483,test
1842,123.0978685654898,122.79751,test
5834,134.14502085001388,134.59259,test
11772,82.74203335367166,83.21597,test
7137,76.77816930527784,77.23288,test
6757,66.87499746459498,66.77241,test
12614,75.03655084716752,75.78914,test
9237,40.76621946032643,41.11716,test
1768,211.02994799979388,211.14124,test
11314,8.180433892801254,8.095884,test
2343,2.606366123918593,2.5885131,test
4295,36.41164086407028,36.331795,test
4940,13.53610473193936,13.578428,test
1314,25.857534399290905,25.902805,test
12340,71.63339382759735,72.424675,test
10759,29.34578260289036,28.932192,test
8704,44.17585277653098,43.99656,test
6233,17.650012712740526,17.693602,test
4831,49.00862249254413,49.022285,test
8835,41.380738858681696,40.609516,test
1690,25.857534399290905,25.902805,test
13787,80.17803902352684,80.07102,test
6660,62.82498618409738,62.645977,test
4623,78.23957030362628,78.34529,test
12327,72.29320847026757,72.24925,test
7640,136.76886894565047,136.18718,test
4482,95.27995050133204,95.26476,test
2544,14.147402430467531,14.283004,test
5778,43.65657505930208,43.768837,test
3593,35.46372651810452,35.41293,test
13264,52.08281461664617,52.2651,test
3932,125.86447482244527,124.862434,test
13026,71.34845173855356,71.68848,test
1833,129.4267602168825,129.43854,test
3205,13.92854978889145,13.888378,test
11040,80.03415155888028,80.42663,test
9954,48.56996296403304,49.247223,test
4579,71.91030133184738,72.33174,test
7057,85.85337627290696,86.06629,test
978,97.47338258073955,98.06985,test
9579,49.12984125237405,49.62454,test
12087,52.60873127102636,53.455544,test
10994,75.72806675637788,75.68919,test
697,18.731792724897712,18.79858,test
7260,76.30367359186545,75.978035,test
8079,22.34386956684365,22.507294,test
973,98.65596999066533,98.63053,test
4409,52.561077422993925,52.502556,test
2217,21.22276810141124,20.698324,test
8455,78.70967419713557,78.507706,test
14133,34.36019909387007,33.067657,test
10345,68.70638879452079,69.53587,test
11290,5.527128574206158,5.127069,test
864,136.76886894565047,136.709,test
7046,89.93891881356173,90.57141,test
7251,79.88545352007553,80.02181,test
10618,31.40638173133023,30.083265,test
246,38.49172622988656,39.78002,test
8320,55.80060084695615,56.724434,test
5077,19.89991539202705,20.224121,test
10821,50.68801501365044,50.325047,test
10889,124.5037870661705,124.688965,test
8270,33.15923815640949,33.944782,test
7554,67.18811819694348,67.75633,test
11233,62.1233802776967,61.33575,test
10865,70.03363402017787,70.624596,test
540,103.745126530115,103.3405,test
652,9.499438230882436,9.491684,test
737,33.39074910958052,33.42985,test
11463,90.79649380247676,89.51079,test
4358,39.53055859179817,39.245472,test
5133,30.8733631927149,30.73069,test
11033,78.17671644727096,78.37828,test
6061,90.56896135270873,90.544815,test
11422,44.21359478458822,44.251316,test
8480,78.3521209153635,78.204094,test
5872,90.56896135270873,90.07115,test
10306,89.61281744144841,89.58915,test
14239,143.8247661167656,144.25313,test
10409,58.30263960140757,58.509777,test
13266,52.08281461664617,51.40483,test
5924,71.91197889308408,72.02872,test
10406,58.30263960140757,58.499813,test
5932,70.8998858391393,70.61612,test
14419,108.1849630836454,107.16379,test
12100,49.56838968278535,50.075096,test
13205,60.69477696945295,61.2317,test
9737,28.59149940899789,29.144762,test
8607,10.096319714222924,10.299746,test
11448,56.44692913934201,56.475014,test
6463,27.727713592149392,28.12124,test
5441,83.09935595306658,83.34111,test
12639,136.40586584491066,137.78934,test
13345,50.944218333228456,50.585907,test
2136,98.65596999066533,98.48588,test
6317,38.88107047950797,38.905846,test
4348,38.05130976592272,37.577343,test
1800,166.17853479893557,166.10231,test
14280,112.6599718133244,113.201515,test
8651,22.51608457834825,22.644878,test
13611,65.83077308186866,65.596085,test
5799,53.62497940433934,54.26087,test
5288,98.11718222077316,98.41307,test
1254,9.839051198642553,9.784307,test
10739,24.10159309622668,24.092453,test
11114,24.789633367188944,24.937218,test
12861,39.2928079640545,38.859592,test
6680,59.37382867606714,60.41179,test
12176,51.56721782835394,51.160526,test
2787,27.727713592149392,27.68039,test
13917,103.23350357813172,104.89453,test
5609,64.95566127753861,64.698524,test
9299,69.52453059841163,69.45244,test
13854,143.8247661167656,143.36803,test
7572,230.9901536612257,229.70288,test
5988,77.53876431170232,77.30991,test
1439,36.94310571922444,37.324047,test
12606,75.03655084716752,74.528915,test
8556,3.883984274506569,3.9498596,test
6681,59.37382867606714,60.947968,test
6432,24.74816706908628,25.149466,test
1819,145.24040847801632,145.7465,test
13505,34.635546819221005,34.908783,test
13171,47.982575358036456,48.124454,test
5135,30.8733631927149,30.46753,test
13581,51.76031579593137,51.457375,test
9225,37.34804120151974,37.152355,test
4748,13.53610473193936,13.570401,test
2737,25.04050211213976,25.360582,test
9751,25.22774623249076,25.336842,test
5976,73.22704486211128,73.76752,test
4620,78.23957030362628,79.0084,test
225,39.0547337639536,39.338486,test
5445,38.91834885517143,38.487164,test
5422,77.53876431170232,77.91764,test
8738,63.18646167076461,63.536396,test
4165,34.339930274970904,34.190357,test
3968,103.23350357813172,103.74564,test
6352,55.1604052272772,54.890385,test
5852,107.5602418843858,108.117386,test
6165,73.22704486211128,73.08114,test
7404,21.429473611547053,21.458221,test
4069,93.50643630226388,93.171715,test
2886,58.5236929318425,59.291218,test
277,41.522611277483854,40.4773,test
5343,71.91197889308408,72.2956,test
13490,34.767713483007924,35.782867,test
12620,79.48504113105551,78.505905,test
5643,12.885025212225244,12.664854,test
10348,65.44228559506357,65.853874,test
12253,102.11244006090304,101.62392,test
3265,34.113034957437215,34.287853,test
9552,52.08281461664617,51.877934,test
8509,82.46105591073825,82.7385,test
14561,80.17803902352684,80.11628,test
10212,25.935608876074404,26.501438,test
712,25.27984779576332,25.3728,test
150,67.22734142322994,67.718605,test
6580,69.52453059841163,70.252525,test
9500,84.52419181559287,84.62788,test
9281,58.5236929318425,58.773937,test
67,57.10888254437111,58.07017,test
989,2.606366123918593,2.5885131,test
14360,92.14301126701253,92.40001,test
13602,60.69477696945295,60.71079,test
9668,57.78612866760917,57.834637,test
1775,193.8751524679473,194.05234,test
13835,168.1502886891345,168.54645,test
736,33.39074910958052,33.42985,test
2150,12.124975352206752,12.44734,test
3464,57.39162304208823,57.690723,test
9844,34.44495678366445,35.228657,test
9369,101.3171290408814,101.50927,test
13624,71.34845173855356,71.65909,test
9739,26.58523738686569,25.927155,test
13674,90.99196236438706,90.771614,test
7565,72.52135855398946,72.736534,test
9878,50.01044157412626,47.05358,test
1597,5.527128574206158,5.127069,test
12257,102.11244006090304,102.63554,test
3092,53.62497940433934,53.720493,test
8709,49.93884663241446,49.624886,test
12905,34.635546819221005,34.908783,test
9862,41.27982950557314,41.76632,test
5856,107.5602418843858,108.99111,test
5487,35.86295586622186,35.900734,test
3436,45.250987390322535,45.602497,test
6739,61.911697819840086,61.340378,test
11659,126.44708143304572,127.10189,test
11685,104.48871564383238,104.85088,test
5485,35.86295586622186,35.745144,test
384,73.95193879191451,74.16525,test
13251,54.29787772679955,54.40994,test
11738,86.04998768751986,86.1414,test
9164,25.32142942667775,25.432634,test
4905,6.442036183009371,6.465546,test
7917,38.4884049367477,38.59918,test
5176,41.84557272242807,41.765747,test
5653,13.792313484057486,13.495607,test
10363,62.82498618409738,62.5363,test
5698,19.28254456595652,19.130913,test
2661,46.48566476712182,46.734596,test
7377,18.448270263304188,18.63969,test
379,73.95193879191451,73.73511,test
7716,101.86758015295236,101.46148,test
605,3.328531319289431,3.3485863,test
7040,94.83357335355618,94.170845,test
3042,31.91051408188231,32.236465,test
3779,73.68374035525322,74.24492,test
7566,72.52135855398946,72.974045,test
878,123.0978685654898,122.15926,test
5886,84.57638463785023,84.50711,test
5415,77.53876431170232,77.435104,test
4232,58.5236929318425,59.291218,test
14497,77.1364912669906,76.95418,test
3389,33.2646262088608,33.04884,test
4438,64.95566127753861,64.957375,test
11743,84.38693654155693,85.27122,test
3213,16.40524145944573,16.451323,test
5930,70.8998858391393,70.70787,test
5379,70.8890994699993,71.157646,test
8998,85.85337627290696,86.22116,test
9867,41.27982950557314,43.527473,test
9802,26.017457290686817,25.095076,test
773,55.27187238699012,55.26333,test
7233,90.56896135270873,90.33947,test
759,43.29863673312746,43.34936,test
13954,93.38657295807928,93.39073,test
382,73.95193879191451,74.05242,test
3519,17.650012712740526,17.693602,test
2507,49.00862249254413,49.022285,test
10505,8.4007707299833,9.919262,test
12619,79.48504113105551,78.712944,test
12985,51.76031579593137,52.289085,test
4742,13.53610473193936,13.570401,test
1746,50.04341124314785,50.046593,test
7244,84.57638463785023,84.8427,test
10251,39.33748405428104,39.913082,test
3424,41.84557272242807,41.765747,test
4276,38.91834885517143,38.124878,test
2656,42.55205181960314,43.083218,test
13991,92.69393389813976,93.29105,test
8077,22.34386956684365,22.507294,test
8891,60.456358375515045,60.2193,test
11403,34.113034957437215,34.002846,test
9410,81.7828321007955,81.81315,test
14029,10.57203228982024,9.565876,test
5275,107.5602418843858,107.734634,test
6868,56.347326863317264,56.83937,test
5851,107.5602418843858,108.56929,test
7790,4.22054923341766,4.1632366,test
5360,70.8998858391393,71.18582,test
14317,96.9560797736986,96.16999,test
4374,43.604537301970495,44.09993,test
793,230.9901536612257,231.8162,test
13527,36.02701366128638,35.83653,test
12563,56.716123866601365,54.988567,test
8581,7.017482350592017,6.571296,test
13403,68.7218064382226,68.44639,test
11407,34.113034957437215,34.287853,test
9526,60.40667057436809,60.288578,test
6954,71.44838330678776,70.3031,test
4562,71.63339382759735,72.424675,test
13389,64.63130975413613,64.39644,test
9685,64.63130975413613,64.89397,test
2053,117.68636585320668,117.77595,test
4053,93.28231569539822,93.68222,test
5294,90.56896135270873,91.04332,test
13700,80.83497267860338,80.88152,test
2340,2.606366123918593,2.5885131,test
5304,84.57638463785023,84.80321,test
5764,39.33748405428104,38.34593,test
3655,59.89579766367838,60.49309,test
8131,44.21359478458822,44.356483,test
117,58.27067223232277,59.83619,test
5762,35.43032585388161,36.012913,test
9076,76.77816930527784,77.20277,test
2877,58.5236929318425,58.27197,test
2601,26.620833128631787,26.032904,test
13708,78.70427049849316,77.71248,test
361,64.57695773677871,64.08156,test
7403,21.429473611547053,21.647495,test
10183,19.28254456595652,19.983175,test
3736,90.56896135270873,90.07115,test
1879,109.30466743726038,109.05028,test
4015,92.49987338269456,92.802605,test
6244,19.628813853406385,19.601408,test
14517,75.59158411003656,75.80335,test
946,101.86758015295236,101.9446,test
8766,36.41164086407028,36.283127,test
4775,21.824079935423136,21.890541,test
6478,29.533535528411715,29.266382,test
9115,84.60291252746008,84.61942,test
10529,11.079698144729212,10.839435,test
14285,107.5197399548222,108.27138,test
2089,103.745126530115,104.34743,test
14235,143.8247661167656,145.43945,test
8553,3.883984274506569,3.9498596,test
8397,95.84505322335384,94.972084,test
6149,70.8890994699993,70.76665,test
14511,75.59158411003656,75.549995,test
2999,21.22276810141124,20.99472,test
12959,44.66517096340306,43.914505,test
7842,13.645628914737031,13.711275,test
7387,19.89991539202705,19.632261,test
9899,60.77778500000022,59.900024,test
982,97.47338258073955,97.5188,test
12215,65.54060841010474,65.33398,test
3417,41.84557272242807,41.351597,test
6561,63.896198456162885,63.572266,test
4985,25.27984779576332,25.3728,test
14469,80.83497267860338,81.70181,test
10986,76.50234292040042,76.33182,test
12966,44.66517096340306,44.572674,test
831,166.17853479893557,166.11937,test
3280,44.21359478458822,44.251316,test
11215,53.00734926713273,53.45841,test
1336,34.113034957437215,34.287853,test
11771,82.74203335367166,82.93851,test
11763,82.74203335367166,83.74689,test
11809,85.2707950135868,85.12811,test
2831,37.34804120151974,37.215977,test
12411,80.80332043496728,80.24996,test
2558,17.650012712740526,17.572124,test
9566,50.36965316093952,50.65673,test
12296,80.93195157639853,81.84699,test
7200,119.35792066219084,118.56488,test
2170,13.792313484057486,13.7711735,test
14371,92.69393389813976,92.84202,test
13372,57.78612866760917,58.244614,test
14433,95.82256261856072,96.16746,test
5687,17.59043680885926,17.576525,test
5634,12.124975352206752,12.1535635,test
9779,24.33686745588429,24.891508,test
11691,104.48871564383238,102.6441,test
14102,24.782599128301666,24.607506,test
4989,29.12596598702036,29.1604,test
2275,35.43032585388161,35.86387,test
266,39.33265262833491,40.049473,test
4681,4.196221297202333,4.2176785,test
4743,13.53610473193936,13.570401,test
9182,26.320863792397155,27.017809,test
5235,67.18811819694348,67.64768,test
4594,72.80691569376961,72.65042,test
1229,6.750079908713624,6.5180326,test
5128,28.678520203607828,29.320341,test
6812,65.21758392694511,65.50596,test
4451,69.76848318728358,69.9585,test
14595,86.84139842568032,86.81943,test
4628,78.23957030362628,78.6985,test
13094,34.767713483007924,34.5182,test
6329,42.55205181960314,42.876614,test
927,103.745126530115,103.48608,test
12790,85.2707950135868,85.36386,test
9090,78.17671644727096,78.05006,test
929,103.745126530115,104.34743,test
8938,135.2198141561254,135.59512,test
11744,84.38693654155693,85.64497,test
4805,33.39074910957999,33.42985,test
4999,33.39074910957999,33.42985,test
9520,60.40667057436809,61.669033,test
4965,18.731792724897712,18.79858,test
6130,70.8998858391393,70.95271,test
9695,68.7218064382226,68.78142,test
11548,68.87072465156034,69.74096,test
13110,35.06929068218894,34.912846,test
12801,86.82293470300802,86.736115,test
10508,9.141045624325722,8.475989,test
4621,78.23957030362628,78.997086,test
10184,19.28254456595652,20.108662,test
1375,56.44692913934201,56.475014,test
13454,42.58610637454368,42.395653,test
2896,63.896198456162885,64.582275,test
9627,49.5567795038002,49.649525,test
10023,53.47823699991465,52.467663,test
4468,110.28871787139632,106.34686,test
10245,39.33748405428104,38.464607,test
1605,5.527128574206158,5.8426633,test
4552,72.29320847026757,72.36104,test
12448,58.6937159884268,59.071968,test
13386,60.97999362421386,60.76368,test
80,56.19046936462432,56.612217,test
9068,75.8861492644395,76.27748,test
7449,30.8733631927149,30.575293,test
4955,15.977335233233198,15.995449,test
5904,76.30367359186545,76.310326,test
9734,28.59149940899789,25.950037,test
12586,66.59566485208973,67.630165,test
12712,88.31993375128738,86.47674,test
7127,75.8861492644395,76.23243,test
12165,49.29258108243957,49.375275,test
1546,64.95566127753861,64.96293,test
3854,77.53876431170232,77.32083,test
7515,48.96526861625701,49.614594,test
468,136.76886894565047,136.9256,test
5692,17.59043680885926,18.821552,test
4332,36.210240125305205,36.799248,test
12967,44.66517096340306,44.53151,test
6079,84.57638463785023,84.49868,test
8959,107.39789478589,107.56168,test
14543,76.98958830258586,76.543846,test
6839,58.13900410472736,58.7256,test
9607,48.08623281605109,48.386246,test
8683,34.179775749222635,34.145275,test
2976,16.125116344342604,16.14346,test
11452,96.6886854171183,96.36225,test
3596,35.46372651810452,36.056194,test
10960,79.86598582053819,80.89001,test
1807,154.98431615588598,155.03357,test
12435,86.00802491357506,85.94184,test
10825,50.68801501365044,51.145863,test
8757,37.38629228613615,37.50922,test
12942,39.410668208964985,39.267162,test
8545,3.157574944909513,3.249113,test
6559,58.5236929318425,58.773937,test
10813,46.48566476712182,46.30904,test
11248,67.18811819694348,67.45048,test
10320,77.41176032874927,77.214455,test
1062,11.384421137066337,11.382449,test
3800,70.8998858391393,70.95271,test
3683,75.24982629334554,75.022354,test
9054,75.52912062238612,75.96821,test
13097,34.767713483007924,34.93321,test
6060,98.11718222077316,98.42598,test
11788,83.13470642646298,83.04561,test
5602,60.456358375515045,60.468994,test
5956,70.8890994699993,70.841896,test
5097,23.053352899871395,22.81374,test
9727,31.36358082816288,31.676926,test
891,117.68636585320668,116.80874,test
2312,53.62497940433934,53.720493,test
10076,71.35912677124634,71.28302,test
7208,107.5602418843858,107.83141,test
5449,38.91834885517143,38.512363,test
7959,62.858388995900896,62.81541,test
7546,62.1233802776967,62.294556,test
11008,75.52912062238612,75.79156,test
14553,78.37770085810139,78.04369,test
1783,193.8751524679473,194.06828,test
13561,44.66517096340306,44.0908,test
11804,85.2707950135868,85.36386,test
3203,13.92854978889145,13.888378,test
863,136.76886894565047,136.9256,test
13767,76.98958830258586,77.21676,test
13184,51.76031579593137,52.02045,test
4282,38.91834885517143,39.911404,test
2221,21.22276810141124,20.842152,test
2078,106.2025558056929,106.40461,test
293,43.12759497575015,41.256413,test
14324,94.85645482862957,95.02401,test
14170,51.441846041956246,50.777588,test
13413,73.1915613079784,73.33906,test
13556,41.80739580968886,42.311512,test
11340,13.92854978889145,13.855272,test
3985,96.9560797736986,96.641556,test
7984,4.491537072359547,4.5777535,test
1150,43.29863673312664,43.34936,test
10290,59.31238391810723,58.854126,test
4019,92.49987338269456,93.0714,test
1905,101.86758015295236,101.470276,test
9012,82.51266906756706,82.61201,test
7530,57.39162304208823,57.43734,test
5802,53.62497940433934,54.38383,test
12316,75.33592393483191,75.489296,test
8255,29.856612492782848,29.811394,test
12191,57.60964815073893,56.684868,test
4926,9.499438230882436,9.4823885,test
14143,38.13815414182142,37.892353,test
7111,75.72806675637788,75.85831,test
11457,96.6886854171183,97.47449,test
5078,19.89991539202705,20.784784,test
5334,73.68374035525322,73.47298,test
10032,55.61817953038767,54.182144,test
12212,65.54060841010474,65.076195,test
7539,62.1233802776967,61.728405,test
108,58.27067223232277,58.42097,test
5153,35.87508543765299,35.687725,test
4595,72.80691569376961,72.3136,test
3722,98.11718222077316,99.1872,test
9224,37.34804120151974,36.81595,test
4658,86.00802491357506,86.7475,test
42,60.032163690610005,60.03492,test
6284,29.34578260289036,28.932192,test
2620,32.289249758728964,32.39974,test
4571,71.5126952436544,72.0605,test
2216,19.28254456595652,20.108662,test
7296,70.8998858391393,70.95271,test
4316,35.86295586622186,35.42514,test
6110,73.68374035525322,73.97819,test
9458,77.93378927116997,78.53718,test
8449,78.70967419713557,78.471954,test
13030,53.18976182780735,52.751335,test
12342,71.63339382759735,71.9929,test
673,13.53610473193936,13.578428,test
12804,86.82293470300802,86.76112,test
6497,34.339930274970904,34.20358,test
1721,38.91593697359398,38.889015,test
7741,99.4907361299304,99.514084,test
10678,61.47666898968674,61.36403,test
2595,24.10159309622668,24.315777,test
11700,99.25129745411776,99.165634,test
14088,19.694692079282625,21.008627,test
8604,10.096319714222924,10.299746,test
9689,64.63130975413613,64.78458,test
13352,52.77367077007368,52.542152,test
10750,26.620833128631787,26.032904,test
6874,56.21134114752307,57.14773,test
5676,16.125116344342604,16.08454,test
4535,75.33592393483191,74.59749,test
4531,75.33592393483191,74.93436,test
2612,29.34578260289036,29.183527,test
13739,75.59158411003656,75.549995,test
2037,123.0978685654898,122.79751,test
4366,41.380738858681696,41.383755,test
2623,32.289249758728964,32.549664,test
4664,2.606366123918593,2.5885131,test
13685,86.92916151125281,86.30908,test
13170,47.982575358036456,47.81423,test
13257,54.29787772679955,53.445885,test
8697,38.93464249503359,38.86214,test
4617,76.00671399435468,75.36313,test
13702,80.83497267860338,81.44821,test
5882,84.57638463785023,84.130424,test
9057,75.52912062238612,75.50041,test
6186,77.53876431170232,77.27915,test
6571,69.52453059841163,69.33924,test
10213,25.935608876074404,26.368546,test
14186,56.56699701702424,58.006542,test
10426,60.19466070864491,60.041386,test
9159,24.74816706908628,24.157675,test
13815,84.6747137742003,84.97107,test
2451,21.824079935423136,21.890541,test
3007,23.43298254652068,22.266193,test
440,166.17853479893557,166.10231,test
7709,103.745126530115,103.557205,test
6816,65.21758392694511,63.93833,test
11054,82.25512726841218,82.227715,test
9787,24.33686745588429,24.996857,test
9843,34.44495678366445,35.0182,test
7951,55.891675169143376,55.864098,test
2646,38.88107047950797,39.00012,test
5291,98.11718222077316,98.1465,test
4414,56.318371719458256,55.92279,test
8768,36.41164086407028,37.200207,test
3989,96.9560797736986,96.16999,test
6126,70.8998858391393,70.61612,test
13165,44.66517096340306,44.01409,test
10386,58.48566458724775,58.961327,test
590,97.47338258073955,97.42891,test
7110,75.72806675637788,75.89669,test
9800,26.017457290686817,25.41363,test
365,64.57695773677871,64.67104,test
3598,38.88107047950797,38.510113,test
8829,41.380738858681696,41.53564,test
3276,38.91593697359398,38.889015,test
5079,21.429473611547053,21.315592,test
1649,13.92854978889145,13.855272,test
3568,29.34578260289036,29.523891,test
7345,75.16417987128504,75.41331,test
8979,94.83357335355618,94.380104,test
8753,37.38629228613615,37.29968,test
5193,48.96526861625701,48.944218,test
1259,11.747596709247082,11.706337,test
13995,92.69393389813976,92.46475,test
2728,26.05871153969042,25.467136,test
7136,76.77816930527784,77.20277,test
7036,94.83357335355618,94.46292,test
13992,92.69393389813976,92.653595,test
9168,25.32142942667775,24.424686,test
6231,17.650012712740526,17.342613,test
2666,46.48566476712182,47.372215,test
14337,93.38657295807928,93.41361,test
13186,51.76031579593137,52.1716,test
12035,69.92772157818914,68.83898,test
12872,36.99469593104042,37.26529,test
5258,134.14502085001388,133.96198,test
9313,80.57929170551442,79.924164,test
7924,43.74945572579272,43.7372,test
717,25.27984779576332,25.3728,test
5347,71.91197889308408,71.95168,test
942,101.86758015295236,101.56274,test
7736,99.4907361299304,99.893845,test
3993,94.85645482862957,94.52558,test
2914,75.23466307522513,75.25315,test
580,98.65596999066533,98.66757,test
6490,31.73671877096429,33.033363,test
5714,23.43298254652068,22.336487,test
9043,75.72806675637788,75.870384,test
9852,37.63391748347983,38.582596,test
5352,71.91197889308408,72.11902,test
2283,39.33748405428104,39.913082,test
9201,29.533535528411715,29.499607,test
7502,45.250987390322535,45.431564,test
9041,76.50234292040042,76.12842,test
1722,38.91593697359398,38.889015,test
2726,75.24982629334554,75.498924,test
249,38.74234435378403,38.602028,test
3294,50.04341124314785,50.046593,test
13931,96.9560797736986,96.641556,test
4017,92.49987338269456,92.50658,test
9257,48.84238573144443,48.46393,test
8731,63.18646167076461,62.699944,test
13922,99.73165781686828,99.07179,test
11979,38.74855875286944,39.39667,test
6484,31.73671877096429,31.831873,test
3739,90.56896135270873,90.3902,test
2975,16.125116344342604,16.45487,test
7725,100.48928695862324,100.89306,test
8337,67.6283211738766,68.44092,test
3716,107.5602418843858,108.117386,test
14413,108.1849630836454,108.36355,test
2392,7.85908552453503,7.8486624,test
12704,91.2397572047843,91.25093,test
4106,24.74816706908628,25.317505,test
8242,26.93699031659804,24.510283,test
10001,50.2526064803528,49.891018,test
14582,84.6747137742003,84.74465,test
3645,55.1604052272772,55.10616,test
5367,70.5776831156227,70.44172,test
5348,71.91197889308408,71.56728,test
10636,39.58683345367714,38.20321,test
12315,75.33592393483191,75.832924,test
14375,92.69393389813976,92.731575,test
9538,57.05450517605655,56.017616,test
9199,29.533535528411715,29.484598,test
8395,95.84505322335384,95.099365,test
1328,34.113034957437215,34.002846,test
2262,31.91051408188231,32.236465,test
6069,90.56896135270873,90.3902,test
9501,84.52419181559287,84.63882,test
10974,77.87315181130059,77.23273,test
5002,33.39074910957999,33.42985,test
5628,74.77670776968583,74.6596,test
14473,80.83497267860338,81.35105,test
8847,43.604537301970495,43.757935,test
5066,18.448270263304188,19.202826,test
3341,23.053352899871395,23.215778,test
5784,48.41170998900376,48.051174,test
9828,31.69861229808904,29.234087,test
367,69.12845902908616,68.771774,test
8641,19.398995908192024,19.622856,test
8634,16.622909808932246,16.473038,test
7988,4.491537072359547,4.5777535,test
6936,65.07118569106198,63.597775,test
9827,29.38334863141901,30.415804,test
1245,8.180433892801254,8.095884,test
10668,55.25020379636824,54.8231,test
9895,55.131604537436736,56.362724,test
3893,168.1502886891345,167.36014,test
9918,52.53979191594191,54.003845,test
5726,25.935608876074404,26.25681,test
6393,75.24982629334554,74.28101,test
5243,72.52135855398946,72.73618,test
11541,69.14676947161414,69.69578,test
8313,55.80060084695615,54.769184,test
13290,48.34358630374402,47.990665,test
11883,17.95913696269572,16.17904,test
2922,80.57929170551442,80.58715,test
13485,35.5258604479491,35.53472,test
10172,17.59043680885926,17.740475,test
1692,25.857534399290905,25.902805,test
7138,76.77816930527784,76.987144,test
3976,99.73165781686828,99.07179,test
6916,60.336165845635456,59.750893,test
8788,35.86295586622186,36.12189,test
5984,75.16417987128504,75.389175,test
371,69.12845902908616,68.67239,test
6895,57.36151983905263,56.704456,test
6626,72.67230242637233,73.59157,test
8798,36.210240125305205,36.799248,test
5210,57.39162304208823,56.73905,test
10543,12.31628944406271,12.599694,test
789,62.12878854692645,62.14138,test
13516,35.06929068218894,34.987034,test
1166,49.00862249254413,49.167248,test
11790,83.13470642646298,83.25396,test
13716,78.70427049849316,77.55569,test
7341,75.16417987128504,75.32466,test
11754,83.29477154332817,84.19611,test
651,7.85908552453503,8.007407,test
505,113.1117727502116,115.03595,test
11301,6.750079908713624,6.5180326,test
8685,34.179775749222635,34.145275,test
14569,82.32445746323637,82.47557,test
13875,125.86447482244527,125.73267,test
1329,34.113034957437215,34.002846,test
13441,47.10789941727601,47.011654,test
7981,3.624115801788345,3.6877751,test
7882,25.51278413365885,25.649954,test
10459,66.87499746459498,67.125984,test
6741,61.911697819840086,61.527668,test
1967,211.02994799979388,210.86295,test
13861,143.8247661167656,142.7933,test
9327,134.13491032325388,135.58833,test
7846,13.645628914737031,13.711275,test
6973,79.03051139114216,78.67061,test
915,109.30466743726038,108.954124,test
10315,83.01808144823141,82.54823,test
6682,58.48566458724775,58.961327,test
2969,16.125116344342604,16.02731,test
5447,38.91834885517143,38.700535,test
12915,35.06929068218894,35.161373,test
6963,75.14911418145515,74.31515,test
9056,75.52912062238612,75.66097,test
1716,34.113034957437215,34.287853,test
3138,4.491537072359547,4.5777535,test
10021,53.47823699991465,52.73376,test
1762,230.9901536612257,229.70288,test
12617,79.48504113105551,78.32621,test
11884,17.95913696269572,16.76853,test
13753,75.57765272049815,75.78951,test
6461,27.727713592149392,27.68039,test
4351,38.05130976592272,38.05716,test
3384,30.8733631927149,30.611885,test
5300,90.56896135270873,90.340515,test
294,43.12759497575015,42.062202,test
9674,60.97999362421386,60.94128,test
13906,107.5197399548222,107.98664,test
12406,78.23957030362628,78.6985,test
14286,107.5197399548222,108.370605,test
7593,193.8751524679473,194.06828,test
1657,16.40524145944573,16.485981,test
13736,76.10569077995255,76.58051,test
4950,15.977335233233198,15.995449,test
9169,25.32142942667775,24.770252,test
4127,26.320863792397155,26.288343,test
11591,72.34090204261534,72.01422,test
153,67.22734142322994,66.10469,test
6631,72.67230242637233,72.90498,test
13616,65.83077308186866,66.45844,test
5064,18.448270263304188,18.846508,test
9219,34.339930274970904,34.20358,test
13272,50.36965316093952,50.36178,test
627,5.227697523949966,5.220631,test
3849,75.16417987128504,75.41331,test
1184,62.12878854692645,62.14138,test
14255,125.86447482244527,124.058235,test
5881,84.57638463785023,84.33315,test
1632,9.839051198642553,9.784307,test
4054,93.28231569539822,93.565384,test
8539,3.157574944909513,3.4028482,test
2413,11.384421137066337,11.389216,test
2495,38.10425093874939,38.109303,test
3965,103.23350357813172,102.95007,test
983,97.47338258073955,97.88837,test
3251,29.77075417333722,29.68344,test
11309,6.750079908713624,7.0540876,test
508,113.1117727502116,112.85745,test
9413,81.7828321007955,80.39242,test
12863,39.2928079640545,39.2243,test
12311,75.33592393483191,74.9589,test
10342,68.70638879452079,68.94119,test
9623,49.5567795038002,49.514687,test
6368,59.89579766367838,60.020126,test
8202,18.82198014263801,17.853157,test
11821,86.82293470300802,86.426796,test
9558,52.08281461664617,51.619694,test
12433,86.00802491357506,85.97614,test
3367,28.678520203607828,27.959976,test
1720,38.91593697359398,38.889015,test
10646,44.32847378550269,43.274273,test
239,38.49172622988656,37.830967,test
3453,53.00734926713273,53.35957,test
1326,29.77075417333722,30.16478,test
4,73.3559439690645,71.458145,test
9404,84.24741541524314,84.41893,test
4421,56.318371719458256,56.364338,test
2477,33.39074910957999,33.42985,test
5063,18.448270263304188,18.625572,test
6709,58.30263960140757,58.375095,test
9972,48.10528443505019,48.199142,test
11460,90.79649380247676,90.43116,test
12825,89.77171705634251,89.06014,test
13431,53.18976182780735,52.78021,test
14254,125.86447482244527,125.285995,test
11357,16.40524145944573,16.451323,test
3226,19.20192266480916,19.354261,test
11354,16.40524145944573,16.451323,test
13742,75.59158411003656,75.81214,test
4780,25.27984779576332,25.3728,test
9516,86.49796272771329,86.382675,test
7596,179.04708701101467,176.7065,test
9417,81.7828321007955,82.059784,test
5199,53.00734926713273,52.498444,test
5772,39.33748405428104,39.801445,test
5494,36.210240125305205,36.625183,test
6689,58.48566458724775,58.95,test
803,211.02994799979388,211.14124,test
12076,56.75820297103196,56.769966,test
14073,17.4903137095204,17.613604,test
4983,25.27984779576332,25.3728,test
8759,36.41164086407028,36.824398,test
6202,83.09935595306658,83.02027,test
7731,100.48928695862324,100.909225,test
4154,31.73671877096429,31.987755,test
9889,55.131604537436736,53.92393,test
1147,43.29863673312664,43.34936,test
2414,11.384421137066337,11.389216,test
9062,75.52912062238612,76.112755,test
7911,33.71724493019231,33.976,test
12957,41.80739580968886,42.052883,test
7935,49.53704304744422,49.47516,test
12710,88.31993375128738,88.37755,test
11902,19.038942421022504,20.122179,test
4095,24.63527893831387,24.534248,test
7388,19.89991539202705,19.380749,test
1770,211.02994799979388,211.24374,test
4454,74.77670776968583,74.5651,test
6670,60.81262844049596,61.22502,test
8867,49.19054255336985,48.94652,test
9629,49.5567795038002,49.968433,test
6278,26.620833128631787,27.228214,test
3557,26.620833128631787,25.960842,test
13898,112.6599718133244,113.201515,test
10593,21.99579802176319,23.277008,test
2224,21.22276810141124,21.589254,test
7029,100.6187540373376,100.24822,test
9561,50.36965316093952,50.207092,test
12421,83.53755060546025,83.08578,test
12104,47.46331387653679,46.554005,test
12665,110.67568302020096,110.87948,test
12737,84.38693654155693,84.27323,test
8288,40.966698718012495,41.733364,test
14040,12.046394034663363,10.873382,test
9632,50.944218333228456,50.911896,test
2421,13.53610473193936,13.570401,test
10162,16.125116344342604,16.303017,test
7226,98.11718222077316,98.42598,test
1838,129.4267602168825,128.99098,test
13206,60.69477696945295,61.21234,test
4141,27.727713592149392,27.524494,test
4869,3.328531319289431,3.3485863,test
725,29.125965987027584,29.164534,test
1643,11.747596709247082,11.706337,test
13977,92.14301126701253,92.39663,test
6690,58.48566458724775,58.660446,test
6439,24.74816706908628,24.689999,test
12719,86.04998768751986,87.61879,test
12615,75.03655084716752,76.36164,test
3566,26.620833128631787,27.616774,test
1732,44.21359478458822,44.251316,test
7854,16.11129124792047,16.360985,test
2081,106.2025558056929,106.12078,test
4661,2.606366123918593,2.5885131,test
6427,24.63527893831387,24.036362,test
11903,20.391351361528265,17.827026,test
13990,92.69393389813976,92.70708,test
857,136.76886894565047,136.18433,test
9467,78.3521209153635,78.412125,test
4500,84.82941053361527,84.93684,test
2225,21.22276810141124,21.859158,test
4642,83.53755060546025,83.29056,test
7495,41.84557272242807,41.924976,test
1983,179.04708701101467,177.46169,test
3680,75.24982629334554,74.90699,test
8235,24.386290598811208,23.878054,test
10421,58.991170602037386,58.967957,test
1900,103.745126530115,103.3405,test
12778,83.13470642646298,83.33005,test
11994,47.383642487349135,46.343094,test
13359,55.05208924433604,54.958393,test
3689,152.8177784761153,152.8819,test
3193,11.747596709247082,11.706337,test
12543,52.38623850151688,51.49198,test
6652,62.82498618409738,62.728806,test
13948,94.85645482862957,94.48235,test
7067,82.51266906756706,82.78072,test
5341,73.68374035525322,74.24492,test
8463,78.04583599126548,78.042175,test
2797,29.533535528411715,29.32267,test
7307,70.8890994699993,71.11721,test
11938,26.22042757385485,26.15768,test
8626,14.162925999312623,14.11281,test
2162,12.885025212225244,12.808706,test
2671,50.68801501365044,50.56005,test
2148,12.124975352206752,12.1535635,test
9312,75.23466307522513,75.8645,test
2520,55.271872386990935,55.26333,test
9979,48.45410543881178,47.977627,test
2463,25.27984779576332,25.3728,test
6208,83.09935595306658,83.09708,test
3036,28.753615695926324,29.316195,test
12773,83.13470642646298,83.14214,test
9065,75.8861492644395,75.83906,test
338,56.555790586714224,56.105312,test
4739,13.53610473193936,13.578428,test
11576,69.70696214856945,70.97772,test
8913,69.76848318728075,70.21914,test
10770,32.289249758728964,31.74171,test
13320,48.60542794913941,48.23017,test
12952,41.80739580968886,41.687817,test
1266,11.747596709247082,11.706337,test
9958,48.1381815952728,48.178734,test
10629,35.28853714924939,35.44881,test
13573,47.982575358036456,47.49767,test
12225,70.13557868690133,70.32845,test
12213,65.54060841010474,65.82166,test
5509,36.94310571922444,36.638897,test
8637,16.622909808932246,17.164541,test
2265,31.91051408188231,32.54629,test
7652,123.0978685654898,122.79751,test
8408,91.22443951098568,90.72861,test
8974,94.83357335355618,94.53613,test
10470,70.098803480824,69.692665,test
6257,21.77517690158367,22.185669,test
13166,44.66517096340306,44.572674,test
13024,71.34845173855356,71.65909,test
8338,67.6283211738766,68.19568,test
9593,47.99809684590056,47.66571,test
10587,21.99579802176319,21.910263,test
10283,53.62497940433934,53.97127,test
10509,9.141045624325722,8.977336,test
5848,107.5602418843858,107.83141,test
6791,77.7528643276994,77.820305,test
6754,66.87499746459498,67.221794,test
11837,89.77171705634251,89.486786,test
14011,93.50643630226388,93.46769,test
2992,19.28254456595652,19.130913,test
467,136.76886894565047,135.86461,test
819,193.8751524679473,194.06828,test
4751,15.977335233233198,15.995449,test
5832,134.14502085001388,133.96198,test
4216,53.49135176226452,53.425674,test
369,69.12845902908616,68.70171,test
12458,55.4430882998278,54.688004,test
4526,77.79019270718537,76.51593,test
12335,72.29320847026757,73.0543,test
12627,83.55792357754082,82.45699,test
5739,28.753615695926324,28.788296,test
13924,99.73165781686828,98.70726,test
1355,44.21359478458822,44.356483,test
2269,35.43032585388161,34.909378,test
4970,21.824079935423136,21.890541,test
11825,88.48216304859169,88.28355,test
10095,79.40102080305233,78.135574,test
998,3.328531319289431,3.3485863,test
6477,29.533535528411715,29.484598,test
13903,107.5197399548222,108.27138,test
10098,79.40102080305233,78.77328,test
10703,15.826709276493416,15.95637,test
4138,27.727713592149392,27.866194,test
4693,5.227697523949966,5.220631,test
7739,99.4907361299304,99.94252,test
11651,136.40586584491066,137.24805,test
12916,35.06929068218894,34.987034,test
14513,75.59158411003656,75.49689,test
3730,98.11718222077316,98.42598,test
10716,19.628813853406385,19.386066,test
11842,89.77171705634251,91.75809,test
11584,70.8035239631433,70.61846,test
14352,92.14301126701253,92.74125,test
782,62.12878854692645,62.13978,test
6832,59.85944449766063,59.767372,test
7713,101.86758015295236,102.12333,test
11110,24.789633367188944,24.219313,test
11893,19.038942421022504,17.512056,test
4258,75.23466307522513,75.163345,test
8513,82.46105591073825,82.11485,test
4946,13.53610473193936,13.570401,test
11418,38.91593697359398,38.889015,test
3687,152.8177784761153,152.41454,test
2434,15.977335233233198,15.995449,test
7114,75.52912062238612,75.96821,test
11263,2.9065837811274826,2.9177651,test
4297,36.41164086407028,36.475185,test
12282,84.82941053361527,84.84712,test
1912,100.48928695862324,100.81572,test
6688,58.48566458724775,58.90716,test
12589,66.59566485208973,66.38215,test
12953,41.80739580968886,41.78526,test
3900,155.05412004324748,154.4738,test
11453,96.6886854171183,97.611206,test
9347,115.23290406090766,115.606514,test
5968,73.22704486211128,73.23118,test
7071,82.51266906756706,82.17954,test
3003,21.22276810141124,21.489853,test
5375,70.8890994699993,70.69567,test
4162,31.73671877096429,33.033363,test
10880,135.2198141561254,136.34988,test
13159,44.66517096340306,43.914505,test
10945,85.85337627290696,86.22116,test
13789,80.17803902352684,80.11628,test
7564,72.52135855398946,72.762955,test
9736,28.59149940899789,28.87041,test
1491,46.20624283129268,45.867588,test
5540,41.380738858681696,41.13188,test
4522,77.79019270718537,77.48206,test
2474,29.12596598702036,29.164534,test
4049,92.69393389813976,92.46475,test
4508,84.82941053361527,85.29975,test
10204,23.43298254652068,25.14559,test
13281,49.12984125237405,48.124424,test
10869,75.24982629334554,74.90699,test
12678,104.48871564383238,104.01073,test
11432,50.04341124314785,50.046593,test
5827,152.8177784761153,153.35208,test
9854,37.63391748347983,38.931267,test
193,81.83523066971891,81.89599,test
14383,93.28231569539822,93.318085,test
1045,7.85908552453503,7.8486624,test
1438,36.94310571922444,37.353268,test
2538,14.147402430467531,14.125556,test
2791,27.727713592149392,27.793585,test
7547,67.18811819694348,66.59193,test
2744,25.04050211213976,24.700535,test
11660,126.44708143304572,127.606834,test
8912,69.76848318728075,69.58944,test
6479,29.533535528411715,29.499607,test
2100,101.86758015295236,101.470276,test
3255,29.77075417333722,30.16478,test
10300,65.47137652330578,65.78629,test
10850,64.87166628595628,64.773346,test
3883,183.50675596781025,183.36143,test
13435,53.18976182780735,52.025673,test
13101,34.635546819221005,34.585014,test
9007,82.51266906756706,82.78072,test
8729,63.18646167076461,62.699944,test
4376,43.604537301970495,43.94393,test
13793,80.17803902352684,79.8632,test
2677,55.1604052272772,55.097538,test
11609,76.6667816523841,77.2528,test
3198,13.92854978889145,13.855272,test
6905,58.62478073631361,57.889977,test
11385,25.857534399290905,25.902805,test
12449,58.6937159884268,61.028217,test
1060,11.384421137066337,11.382449,test
11305,6.750079908713624,7.0540876,test
10156,16.125116344342604,15.693031,test
4549,72.29320847026757,72.24925,test
5115,26.657804872047155,26.853872,test
2324,59.31238391810723,59.902725,test
4292,37.38629228613615,37.63767,test
5747,31.91051408188231,31.958763,test
1253,9.839051198642553,9.784307,test
11845,16.20097931775689,16.145758,test
3444,48.96526861625701,48.995842,test
9636,50.944218333228456,50.585907,test
8613,11.995094370873645,11.672405,test
2236,23.43298254652068,25.14559,test
2654,42.55205181960314,42.901146,test
2222,21.22276810141124,21.478024,test
3590,35.46372651810452,35.6732,test
7831,9.570229866524786,9.669128,test
10777,35.46372651810452,35.005135,test
14331,93.38657295807928,93.72405,test
7543,62.1233802776967,62.64364,test
4309,35.919888386123255,35.930195,test
9352,107.7381594436571,106.51495,test
11513,72.90167939974636,73.429886,test
12247,110.28871787139632,109.228745,test
11081,19.89991539202705,19.380749,test
6581,75.23466307522513,74.61203,test
2087,103.745126530115,103.48608,test
2581,21.77517690158367,21.380707,test
8631,16.622909808932246,16.473038,test
1426,35.86295586622186,36.12189,test
13083,35.5258604479491,35.05459,test
1055,9.499438230882436,9.4823885,test
12357,71.91030133184738,72.33174,test
4969,21.824079935423136,21.890541,test
5792,48.41170998900376,49.249016,test
1072,13.53610473193936,13.570401,test
6241,19.628813853406385,19.386066,test
5332,76.30367359186545,76.31562,test
73,56.41096371227875,56.95011,test
6637,68.70638879452079,68.27124,test
6961,75.14911418145515,74.82538,test
1205,3.624115801788345,3.6877751,test
9146,24.63527893831387,24.532187,test
1292,19.20192266480916,19.301252,test
1786,179.04708701101467,176.7065,test
13341,50.944218333228456,50.911896,test
4506,84.82941053361527,84.26597,test
12188,54.343834943578464,54.433693,test
9622,49.5567795038002,49.486374,test
1343,38.91593697359398,38.889015,test
13168,44.66517096340306,45.37631,test
1019,5.227697523949966,5.220631,test
4710,7.85908552453503,7.8486624,test
3623,46.48566476712182,46.50158,test
3650,59.89579766367838,60.029427,test
6296,32.289249758728964,32.272346,test
4018,92.49987338269456,92.456955,test
9286,63.896198456162885,63.410664,test
7146,78.17671644727096,78.37828,test
6154,71.78670881619587,71.24285,test
10510,9.141045624325722,9.1571045,test
12341,71.63339382759735,72.055786,test
3725,98.11718222077316,98.42758,test
7711,103.745126530115,103.51277,test
6985,82.6921619327566,82.792046,test
1857,117.68636585320668,116.89803,test
1639,11.747596709247082,11.706337,test
11988,42.852961632253525,42.162205,test
13211,65.83077308186866,65.596085,test
6820,65.21758392694511,65.86525,test
7537,62.1233802776967,61.55871,test
13509,35.06929068218894,35.629826,test
6028,134.14502085001388,134.59259,test
4172,34.339930274970904,34.929558,test
9337,123.96214174002029,125.16452,test
13443,47.10789941727601,47.316498,test
7126,75.8861492644395,75.92729,test
6,73.3559439690645,70.89644,test
165,70.51384660091139,69.47201,test
13233,60.40667057436809,60.667137,test
907,109.30466743726038,109.97588,test
1113,25.27984779576332,25.3728,test
3532,19.628813853406385,19.574045,test
7625,145.24040847801632,146.1742,test
7000,124.5037870661705,124.55799,test
11639,85.05997393992781,84.31205,test
3249,29.77075417333722,29.68344,test
1264,11.747596709247082,11.706337,test
9377,95.84505322335384,95.04939,test
7280,71.91197889308408,72.524864,test
4178,37.34804120151974,36.880283,test
9179,26.320863792397155,26.48453,test
11476,85.80236635218084,85.806244,test
886,123.0978685654898,123.46462,test
9044,75.72806675637788,76.16499,test
6956,71.44838330678776,70.34344,test
11231,62.1233802776967,61.514088,test
8662,26.00016013994612,26.18693,test
6822,62.19468556359693,60.99038,test
970,98.65596999066533,98.610794,test
11589,72.34090204261534,72.48323,test
571,99.4907361299304,99.514084,test
13303,47.99809684590056,48.106007,test
841,154.98431615588598,154.63916,test
4566,71.63339382759735,71.62928,test
1883,106.2025558056929,106.40461,test
14359,92.14301126701253,92.39663,test
13672,90.99196236438706,91.08335,test
14488,78.70427049849316,77.55569,test
1017,5.227697523949966,5.220631,test
5665,14.865809293936342,14.70631,test
3131,3.624115801788345,3.6672137,test
5395,73.22704486211128,72.8633,test
11193,45.250987390322535,45.09821,test
9510,86.49796272771329,86.120255,test
6315,38.88107047950797,38.71269,test
461,145.24040847801632,144.4857,test
12450,58.6937159884268,60.48152,test
10339,68.70638879452079,69.62119,test
3129,3.624115801788345,3.4979146,test
12049,78.77344906209804,74.76833,test
10495,77.7528643276994,77.820305,test
10479,73.76729204182922,74.01958,test
8536,86.49796272771329,86.37188,test
12468,52.99398689569749,51.33147,test
6308,35.46372651810452,35.55957,test
10412,58.30263960140757,58.353313,test
11021,76.77816930527784,76.77588,test
4644,83.53755060546025,81.98207,test
5087,21.429473611547053,21.317226,test
18,68.8978010059695,68.953156,test
8211,18.82198014263801,20.676521,test
12582,62.87797862213373,61.94002,test
10720,19.628813853406385,19.303915,test
6481,31.73671877096429,31.783262,test
7925,43.74945572579272,43.7372,test
7761,97.47338258073955,97.566055,test
11049,80.03415155888028,80.17685,test
7957,62.858388995900896,62.81541,test
2280,39.33748405428104,38.838367,test
9694,68.7218064382226,68.44639,test
8791,36.210240125305205,36.39136,test
1312,25.857534399290905,25.902805,test
13020,71.34845173855356,70.54845,test
10718,19.628813853406385,19.499573,test
11176,38.72775337298162,39.02565,test
3217,19.20192266480916,19.095121,test
1735,44.21359478458822,44.356483,test
7717,101.86758015295236,101.56274,test
2526,55.271872386990935,55.34347,test
6539,48.84238573144443,49.053825,test
3074,43.65657505930208,44.361256,test
631,5.227697523949966,5.220631,test
3782,71.91197889308408,72.31668,test
4177,37.34804120151974,37.215977,test
10253,39.33748405428104,39.83566,test
5476,35.919888386123255,35.222942,test
2553,15.826709276493416,15.748926,test
6049,107.5602418843858,107.48069,test
9371,95.84505322335384,96.04105,test
12998,55.99893434087522,56.71525,test
1485,43.604537301970495,43.757935,test
3254,29.77075417333722,29.68344,test
2164,12.885025212225244,12.68915,test
12949,41.80739580968886,41.172813,test
3098,59.31238391810723,59.536415,test
2736,26.05871153969042,26.173517,test
8474,77.93378927116997,78.09252,test
14139,38.13815414182142,34.317787,test
10104,79.40102080305233,79.8331,test
11885,17.95913696269572,17.034279,test
9192,27.727713592149392,28.364288,test
680,13.53610473193936,13.570401,test
11913,22.02913768609874,19.769567,test
12078,56.75820297103196,55.138992,test
2577,21.77517690158367,21.008434,test
2142,97.47338258073955,97.5188,test
1964,211.02994799979388,210.22757,test
1194,2.9065837811274826,2.9278867,test
2559,17.650012712740526,17.693602,test
8837,41.380738858681696,41.176327,test
7352,77.53876431170232,77.27915,test
7662,117.68636585320668,118.14496,test
13469,36.99469593104042,37.492054,test
7181,84.60291252746008,84.65177,test
748,38.10425093875088,38.109303,test
5893,79.88545352007553,79.67092,test
13737,75.59158411003656,75.21476,test
1287,19.20192266480916,19.095121,test
12647,126.44708143304572,127.606834,test
2047,117.68636585320668,118.14496,test
2214,19.28254456595652,19.971346,test
5265,134.14502085001388,134.28368,test
10410,58.30263960140757,58.710075,test
11891,17.95913696269572,20.31355,test
7424,24.789633367188944,24.25528,test
7822,9.570229866524786,9.669128,test
9716,77.83754965179875,77.978905,test
4033,92.24483243250832,92.586845,test
6790,77.7528643276994,77.876465,test
13075,36.99469593104042,37.55463,test
9582,48.34358630374402,47.45034,test
1616,6.750079908713624,7.0540876,test
5997,80.25361829662151,80.160484,test
3350,24.789633367188944,25.129097,test
7386,18.448270263304188,18.7998,test
1534,60.456358375515045,60.223446,test
8724,56.26207912881144,56.080215,test
9437,78.70967419713557,78.63313,test
3641,55.1604052272772,54.55997,test
13467,39.2928079640545,38.75542,test
1596,4.491537072359547,4.5777535,test
7782,4.22054923341766,4.1632366,test
13200,60.69477696945295,60.50105,test
11529,69.8994010800787,70.01467,test
13721,77.1364912669906,77.0896,test
9331,134.13491032325388,134.14566,test
10014,51.68892331520587,53.878136,test
4432,60.456358375515045,60.468994,test
5179,45.250987390322535,44.51127,test
3697,134.14502085001388,133.8555,test
7540,62.1233802776967,61.33575,test
10268,48.41170998900376,48.308357,test
2290,43.65657505930208,42.719604,test
12871,36.99469593104042,36.810886,test
527,106.2025558056929,106.36982,test
12332,72.29320847026757,72.04147,test
14007,93.28231569539822,93.0463,test
8719,56.26207912881144,56.080215,test
12235,75.02114224725477,74.2345,test
7568,230.9901536612257,231.8162,test
6584,75.23466307522513,75.04121,test
14193,62.03409074627981,60.770004,test
6967,75.14911418145515,75.4139,test
7772,3.3460458597073703,3.542901,test
6996,135.2198141561254,135.077,test
2444,18.731792724897712,18.79858,test
6594,80.57929170551442,80.63314,test
10357,62.82498618409738,62.199623,test
12354,71.5126952436544,71.36231,test
9479,79.27542778284364,79.57736,test
13822,86.84139842568032,86.53772,test
5712,21.22276810141124,21.759878,test
9590,47.99809684590056,48.570316,test
12621,79.48504113105551,79.135864,test
47,60.032163690610005,61.3936,test
9574,49.12984125237405,49.194977,test
88,56.43271139946915,56.43435,test
13344,50.944218333228456,50.649673,test
2395,7.85908552453503,7.8486624,test
7047,89.93891881356173,90.37122,test
13178,47.982575358036456,48.732613,test
10948,85.85337627290696,85.76026,test
854,145.24040847801632,145.7465,test
4811,38.10425093874939,38.100716,test
9118,84.60291252746008,84.52713,test
43,60.032163690610005,59.826504,test
11271,3.624115801788345,3.4979146,test
10334,72.67230242637233,73.05828,test
8585,7.017482350592017,7.2096467,test
6310,35.46372651810452,36.056194,test
7753,97.47338258073955,98.06985,test
3465,57.39162304208823,57.739143,test
10998,75.72806675637788,75.85831,test
9148,24.63527893831387,24.810663,test
9907,60.77778500000022,61.62238,test
475,129.4267602168825,129.95163,test
5326,76.30367359186545,75.978035,test
786,62.12878854692645,62.100945,test
13446,47.10789941727601,45.903126,test
5236,67.18811819694348,67.75633,test
2121,99.4907361299304,99.893845,test
817,193.8751524679473,193.96939,test
6390,70.03363402017787,70.624596,test
7655,123.0978685654898,123.30427,test
1673,19.20192266480916,19.301252,test
1580,3.624115801788345,3.4979146,test
441,166.17853479893557,165.474,test
3399,35.87508543765299,35.700447,test
9064,75.8861492644395,75.91719,test
140,64.3427073914329,64.8594,test
4234,63.896198456162885,63.57961,test
14318,96.9560797736986,96.60295,test
12635,83.55792357754082,83.86009,test
6968,75.14911418145515,75.35177,test
13662,95.82256261856072,96.27115,test
7129,75.8861492644395,76.19279,test
13628,71.34845173855356,71.63781,test
4089,25.04050211213976,24.270725,test
705,21.824079935423136,21.890541,test
13047,47.10789941727601,46.676533,test
4959,18.731792724897712,18.788692,test
683,15.977335233233198,15.995449,test
7506,45.250987390322535,45.602497,test
796,230.9901536612257,231.4126,test
3450,53.00734926713273,52.759827,test
6605,89.61281744144841,97.70758,test
8758,37.38629228613615,37.63767,test
12951,41.80739580968886,42.02492,test
6211,14.147402430467531,14.2521305,test
10287,59.31238391810723,59.139088,test
12364,71.91030133184738,71.879944,test
13182,51.76031579593137,51.46558,test
13282,49.12984125237405,48.433247,test
11095,21.429473611547053,21.348215,test
11946,28.80702918062262,28.139626,test
10504,8.4007707299833,9.27445,test
1382,38.91834885517143,38.84693,test
1814,145.24040847801632,145.37465,test
6842,58.13900410472736,57.352753,test
4272,80.57929170551442,80.599556,test
7069,82.51266906756706,82.461815,test
6486,31.73671877096429,31.60564,test
5502,36.210240125305205,36.799248,test
14062,15.49099131419465,14.800248,test
11099,21.429473611547053,22.066208,test
9873,45.39928951266095,45.949947,test
6287,29.34578260289036,29.774336,test
677,13.53610473193936,13.570401,test
3930,125.86447482244527,125.60621,test
2208,19.28254456595652,18.299284,test
2660,46.48566476712182,46.319885,test
12828,89.77171705634251,91.75809,test
4416,56.318371719458256,56.105618,test
8677,29.87847222265743,30.14371,test
8898,60.456358375515045,60.468994,test
1568,2.9065837811274826,2.9177651,test
7230,90.56896135270873,89.58923,test
11073,18.448270263304188,18.441872,test
11892,17.95913696269572,21.032116,test
13916,103.23350357813172,103.1806,test
7583,211.02994799979388,210.86295,test
3233,22.34386956684365,22.507294,test
7433,26.657804872047155,26.853872,test
3370,28.678520203607828,28.417017,test
13644,108.1849630836454,108.55933,test
7936,49.53704304744422,49.47516,test
2244,25.935608876074404,26.501438,test
11168,35.87508543765299,36.00031,test
13751,75.57765272049815,75.55808,test
2944,12.885025212225244,12.68915,test
10973,77.87315181130059,77.347115,test
8361,115.23290406090766,115.46763,test
6572,69.52453059841163,69.25637,test
360,64.57695773677871,63.633053,test
4709,7.85908552453503,7.8486624,test
14161,46.6663635563764,46.529213,test
7729,100.48928695862324,100.46041,test
2323,59.31238391810723,59.587593,test
1529,60.456358375515045,60.2193,test
13482,35.5258604479491,34.760475,test
2729,26.05871153969042,25.718132,test
6720,58.991170602037386,58.96294,test
4359,39.53055859179817,38.8387,test
447,154.98431615588598,155.03357,test
8334,67.6283211738766,66.90993,test
13458,42.58610637454368,44.934,test
12539,52.38623850151688,52.186295,test
3494,72.52135855398946,72.762955,test
6161,73.22704486211128,73.20884,test
311,47.39132880100697,46.418777,test
11993,47.383642487349135,45.552624,test
5870,90.56896135270873,89.58923,test
2347,3.328531319289431,3.3485863,test
12764,82.69911139745801,82.801384,test
9113,84.60291252746008,84.51853,test
9449,78.04583599126548,78.736855,test
4055,93.28231569539822,93.318085,test
911,109.30466743726038,109.28048,test
3971,103.23350357813172,104.89453,test
12356,71.5126952436544,72.05631,test
9239,40.76621946032643,40.580288,test
3894,168.1502886891345,166.69661,test
12924,36.02701366128638,36.098354,test
9966,48.10528443505019,49.093193,test
4662,2.606366123918593,2.5885131,test
6873,56.21134114752307,56.828224,test
4367,41.380738858681696,41.284595,test
4827,43.29863673312664,43.34936,test
9924,52.53979191594191,53.573067,test
8517,82.46105591073825,82.40429,test
6144,70.8890994699993,70.76163,test
2515,49.00862249254413,49.167248,test
6277,26.620833128631787,26.379417,test
10401,58.132094825297145,58.021427,test
10059,64.10443142186895,63.40978,test
5269,119.35792066219084,118.66772,test
6608,83.01808144823141,83.3621,test
5262,134.14502085001388,133.64252,test
13604,60.69477696945295,60.562317,test
7339,75.16417987128504,75.22509,test
14592,86.84139842568032,86.5001,test
6375,64.87166628595628,64.773346,test
3551,24.10159309622668,23.94026,test
4058,93.28231569539822,92.98042,test
7417,24.789633367188944,24.219313,test
6191,80.25361829662151,80.160484,test
7451,30.8733631927149,30.73069,test
14219,168.1502886891345,168.57129,test
12308,75.33592393483191,74.85691,test
1409,35.919888386123255,35.782776,test
10346,68.70638879452079,69.47816,test
5912,73.68374035525322,72.86915,test
7509,48.96526861625701,48.839233,test
2821,34.339930274970904,33.85273,test
7518,53.00734926713273,52.33525,test
1873,109.30466743726038,108.752594,test
14176,51.441846041956246,51.7502,test
4190,40.76621946032643,40.91114,test
13971,92.14301126701253,92.15251,test
14467,83.56214469765372,83.647446,test
13936,96.9560797736986,96.60295,test
13283,49.12984125237405,49.194977,test
2486,33.39074910957999,33.42985,test
8150,56.44692913934201,56.475014,test
13821,86.84139842568032,86.527176,test
4423,60.456358375515045,60.304653,test
10726,21.77517690158367,21.008434,test
4004,93.38657295807928,93.812294,test
5596,60.456358375515045,60.58972,test
12390,76.00671399435468,76.571144,test
2761,24.74816706908628,24.941956,test
12173,51.56721782835394,51.432117,test
4665,2.606366123918593,2.5885131,test
4826,43.29863673312664,43.34936,test
2220,21.22276810141124,20.652275,test
11043,80.03415155888028,80.090454,test
12002,47.383642487349135,49.312874,test
6669,60.81262844049596,61.17008,test
11696,99.25129745411776,99.56573,test
4241,63.896198456162885,64.08789,test
5513,38.05130976592272,38.23238,test
7121,75.52912062238612,75.79156,test
10028,55.61817953038767,54.835278,test
5016,38.10425093874939,38.109303,test
13547,39.410668208964985,39.651627,test
1558,74.77670776968583,74.5651,test
529,106.2025558056929,106.38104,test
13172,47.982575358036456,48.294853,test
5220,62.1233802776967,61.514088,test
1736,44.21359478458822,44.356483,test
761,43.29863673312746,43.34936,test
2605,26.620833128631787,27.0513,test
5606,64.95566127753861,64.78493,test
3556,24.10159309622668,25.189121,test
7667,117.68636585320668,116.89803,test
11624,79.3711852446667,79.247604,test
12403,78.23957030362628,77.474335,test
3905,155.05412004324748,154.5391,test
323,50.06812082695872,49.489944,test
13336,49.5567795038002,49.649525,test
13749,75.57765272049815,75.983154,test
13477,36.99469593104042,37.588898,test
7884,25.51278413365885,25.649954,test
9780,24.33686745588429,25.5762,test
13398,64.63130975413613,64.78458,test
8323,61.551258937303125,60.461082,test
11206,48.96526861625701,48.97399,test
8831,41.380738858681696,41.753086,test
2186,14.865809293936342,15.311715,test
918,106.2025558056929,106.40461,test
1207,4.491537072359547,3.9090438,test
11623,79.3711852446667,79.13659,test
3990,96.9560797736986,96.60295,test
2981,17.59043680885926,17.576525,test
1005,3.328531319289431,3.3485863,test
3937,118.73948000326068,117.17053,test
2000,154.98431615588598,155.01675,test
12172,51.56721782835394,51.028595,test
14560,80.17803902352684,79.900536,test
12478,51.23740717945918,51.322346,test
1866,113.1117727502116,112.577446,test
7448,30.8733631927149,30.944313,test
2487,38.10425093874939,38.100716,test
6758,66.87499746459498,66.70635,test
6663,60.81262844049596,60.230644,test
2156,12.124975352206752,12.668792,test
5319,79.88545352007553,79.67092,test
3451,53.00734926713273,52.96277,test
6311,38.88107047950797,38.228325,test
4738,11.384421137066337,11.389216,test
12963,44.66517096340306,44.495216,test
3376,28.678520203607828,29.320341,test
5403,75.16417987128504,75.028885,test
3803,70.5776831156227,71.069885,test
14588,84.6747137742003,84.973274,test
14131,34.36019909387007,32.24405,test
1517,56.318371719458256,56.277824,test
4924,9.499438230882436,9.4823885,test
9340,123.96214174002029,123.95786,test
5484,35.86295586622186,35.755642,test
7225,98.11718222077316,98.1465,test
1793,179.04708701101467,178.93442,test
581,98.65596999066533,98.48588,test
13970,92.14301126701253,92.74125,test
4956,15.977335233233198,15.995449,test
12562,56.716123866601365,54.734528,test
9592,47.99809684590056,47.510555,test
12538,52.38623850151688,52.239727,test
7958,62.858388995900896,62.81541,test
12708,91.2397572047843,92.76851,test
11521,71.14396606839321,69.888885,test
10838,59.89579766367838,59.998566,test
491,123.0978685654898,123.46462,test
7066,82.51266906756706,82.403175,test
4428,60.456358375515045,60.234993,test
13691,83.56214469765372,84.30266,test
11288,4.491537072359547,4.5777535,test
2932,12.124975352206752,12.266336,test
10935,89.93891881356173,89.9402,test
2789,27.727713592149392,28.12124,test
2294,43.65657505930208,44.361256,test
10719,19.628813853406385,19.601408,test
2799,29.533535528411715,29.512505,test
5686,17.59043680885926,17.225601,test
3627,50.68801501365044,50.42975,test
318,50.06812082695872,49.97881,test
7437,28.678520203607828,27.959976,test
13986,92.24483243250832,92.8134,test
11710,94.86192637572438,94.942215,test
8699,44.17585277653098,43.99656,test
4255,75.23466307522513,74.731735,test
826,179.04708701101467,178.53008,test
11774,82.69911139745801,82.82581,test
3815,70.8890994699993,70.508995,test
12442,62.90876193978079,63.630505,test
14579,84.6747137742003,84.636955,test
5713,23.43298254652068,22.266193,test
2252,28.753615695926324,28.737852,test
2213,19.28254456595652,19.13067,test
3886,183.50675596781025,182.01694,test
4928,9.499438230882436,9.4823885,test
13151,41.80739580968886,42.02492,test
9771,24.152412660023124,25.59314,test
887,117.68636585320668,118.14496,test
12080,56.75820297103196,58.88525,test
8246,26.93699031659804,26.549889,test
2733,26.05871153969042,25.50674,test
2328,65.47137652330578,65.38965,test
12410,80.80332043496728,81.19476,test
13400,68.7218064382226,67.93837,test
5640,12.124975352206752,12.197548,test
9330,134.13491032325388,133.11859,test
1296,19.20192266480916,19.354261,test
8557,3.883984274506569,3.9498596,test
14079,19.694692079282625,17.709364,test
11808,85.2707950135868,84.866776,test
10819,50.68801501365044,50.622326,test
13152,41.80739580968886,41.687817,test
8873,52.561077422995496,52.733273,test
13851,155.05412004324748,154.5391,test
7497,45.250987390322535,44.51127,test
14378,92.69393389813976,92.63378,test
10127,12.885025212225244,13.051417,test
7616,154.98431615588598,154.63916,test
173,74.15381360397033,73.19843,test
4122,25.32142942667775,25.078257,test
8309,50.43940763070308,51.09479,test
8689,38.93464249503359,38.7577,test
13067,39.2928079640545,38.75542,test
7342,75.16417987128504,74.96795,test
2259,31.91051408188231,31.368294,test
10976,77.87315181130059,77.62487,test
14267,118.73948000326068,117.86921,test
10233,31.91051408188231,32.54629,test
5909,73.68374035525322,73.799194,test
304,45.080962845763935,43.821598,test
13840,168.1502886891345,166.69661,test
8799,36.94310571922444,37.384216,test
13718,77.1364912669906,76.256195,test
11915,22.02913768609874,20.763588,test
501,117.68636585320668,118.03412,test
6825,62.19468556359693,60.786457,test
2238,25.935608876074404,25.364368,test
14412,108.1849630836454,107.32178,test
13648,108.1849630836454,108.95225,test
14110,27.698995930992588,26.20678,test
10474,70.098803480824,70.4003,test
7824,9.570229866524786,9.669128,test
13038,53.18976182780735,53.96623,test
5985,75.16417987128504,75.41331,test
2885,58.5236929318425,58.773937,test
13761,76.04901284854375,75.73142,test
7939,49.53704304744422,49.47516,test
9104,82.25512726841218,82.34579,test
13915,103.23350357813172,102.93853,test
12792,85.2707950135868,84.91953,test
517,109.30466743726038,109.43491,test
1223,5.527128574206158,5.59856,test
14050,13.681305189167857,12.668185,test
6809,69.0298957457494,67.75594,test
5434,83.09935595306658,83.02027,test
12925,36.02701366128638,36.122044,test
9216,34.339930274970904,34.151405,test
8606,10.096319714222924,10.299746,test
5955,70.8890994699993,70.76665,test
11123,26.657804872047155,26.75049,test
13888,118.73948000326068,118.00152,test
3222,19.20192266480916,19.301252,test
1556,69.76848318728358,70.38015,test
12890,34.767713483007924,35.782867,test
8500,80.66666767817155,80.846115,test
1377,38.91834885517143,39.482086,test
2076,109.30466743726038,109.34491,test
5791,48.41170998900376,49.244022,test
2692,59.89579766367838,59.465923,test
14406,115.99146512869038,116.182045,test
8922,74.77670776968412,74.82856,test
5027,43.29863673312664,43.34936,test
8238,24.386290598811208,25.003958,test
5581,52.561077422993925,52.38776,test
1521,56.318371719458256,56.192642,test
2539,14.147402430467531,14.128533,test
2786,26.320863792397155,27.017809,test
14172,51.441846041956246,51.15033,test
4242,63.896198456162885,64.582275,test
10269,48.41170998900376,47.91991,test
10812,46.48566476712182,46.50158,test
465,136.76886894565047,135.74495,test
14581,84.6747137742003,84.68852,test
8220,20.33936974007777,21.318554,test
10591,21.99579802176319,22.964886,test
1787,179.04708701101467,177.64952,test
10919,100.6187540373376,100.304276,test
9005,82.51266906756706,82.723755,test
11155,33.2646262088608,32.89305,test
9455,77.93378927116997,78.09252,test
3077,48.41170998900376,48.12925,test
11119,24.789633367188944,25.053284,test
6197,80.25361829662151,80.205215,test
4112,24.74816706908628,24.819693,test
11581,70.8035239631433,70.26828,test
11057,82.25512726841218,82.1589,test
58,57.10888254437111,58.228664,test
649,7.85908552453503,7.8486624,test
9386,91.22443951098568,90.86988,test
2338,2.606366123918593,2.5885131,test
6421,24.63527893831387,25.171124,test
8201,17.633485569278523,22.19405,test
13241,57.05450517605655,57.731865,test
559,100.48928695862324,100.46041,test
2627,35.46372651810452,35.321564,test
13865,134.16905500217058,134.37843,test
14396,93.50643630226388,93.515976,test
11572,69.70696214856945,69.29876,test
65,57.10888254437111,57.004845,test
13408,68.7218064382226,69.28682,test
13191,55.99893434087522,55.86318,test
12921,36.02701366128638,36.15718,test
11677,110.67568302020096,110.87948,test
11655,136.40586584491066,144.56302,test
3666,64.87166628595628,65.35463,test
2614,29.34578260289036,29.522072,test
6869,56.21134114752307,57.039574,test
14070,17.4903137095204,16.116756,test
3632,50.68801501365044,50.325047,test
494,117.68636585320668,116.82686,test
14290,107.5197399548222,108.77221,test
2097,101.86758015295236,102.13324,test
13121,36.02701366128638,36.15718,test
1115,25.27984779576332,25.3728,test
2561,17.650012712740526,17.519032,test
10835,55.1604052272772,55.95773,test
9017,79.86598582053819,79.2686,test
7337,75.16417987128504,75.028885,test
7627,145.24040847801632,145.12865,test
13319,48.60542794913941,47.65639,test
1478,43.604537301970495,44.09993,test
5130,30.8733631927149,30.944313,test
2431,15.977335233233198,15.995449,test
3482,67.18811819694348,67.84053,test
12133,45.64933795175344,45.926422,test
7460,33.2646262088608,33.144627,test
1914,100.48928695862324,100.51356,test
2057,113.1117727502116,114.198456,test
485,123.0978685654898,123.30427,test
10343,68.70638879452079,69.252266,test
9676,60.97999362421386,60.869633,test
6849,56.980886431131886,58.45932,test
12656,117.94057501366258,118.605194,test
5096,23.053352899871395,22.610226,test
9654,55.05208924433604,54.94441,test
10272,48.41170998900376,48.78423,test
8418,87.37869480347202,87.80918,test
11249,67.18811819694348,67.61565,test
3880,83.09935595306658,83.300934,test
2330,65.47137652330578,64.96109,test
9793,24.963663940738886,24.404621,test
3760,79.88545352007553,79.904816,test
7866,18.89411765969292,19.188337,test
5570,49.19054255336955,48.75205,test
13474,36.99469593104042,37.43515,test
10556,15.424596218027991,13.912397,test
13204,60.69477696945295,60.562317,test
14528,75.57765272049815,76.43232,test
9698,68.7218064382226,69.05194,test
8907,64.95566127753808,65.73311,test
2453,21.824079935423136,21.890541,test
2551,15.826709276493416,15.800065,test
10901,107.39789478589,107.17249,test
2433,15.977335233233198,15.995449,test
7908,33.71724493019231,33.976,test
6557,58.5236929318425,58.3316,test
6286,29.34578260289036,29.183527,test
12785,84.01038592956453,83.85625,test
9391,87.37869480347202,86.01867,test
6913,60.336165845635456,60.170673,test
4801,33.39074910957999,33.42985,test
3181,9.839051198642553,9.784307,test
8356,123.96214174002029,125.16452,test
5202,53.00734926713273,52.759827,test
5197,48.96526861625701,49.614594,test
2679,55.1604052272772,54.827717,test
3052,35.43032585388161,35.50305,test
7541,62.1233802776967,62.35348,test
449,154.98431615588598,155.81001,test
3492,72.52135855398946,72.73989,test
9729,31.36358082816288,37.361824,test
8682,34.179775749222635,34.145275,test
9624,49.5567795038002,49.573692,test
1570,2.9065837811274826,2.9177651,test
7235,90.56896135270873,90.3902,test
14568,80.17803902352684,80.0413,test
10144,13.792313484057486,13.829479,test
7603,179.04708701101467,178.93442,test
5018,38.10425093874939,38.109303,test
10512,9.141045624325722,9.403243,test
8102,34.113034957437215,34.002846,test
218,39.0547337639536,39.012516,test
10521,10.027769629293385,10.013233,test
1294,19.20192266480916,19.301252,test
8486,78.3521209153635,78.412125,test
7133,76.77816930527784,76.99221,test
2468,29.12596598702036,29.1604,test
12560,56.716123866601365,55.879135,test
14474,80.83497267860338,81.44821,test
10208,25.935608876074404,26.25681,test
8804,36.94310571922444,36.357044,test
1392,37.38629228613615,37.5809,test
1104,21.824079935423136,21.890541,test
11965,35.05216416707113,33.180233,test
4406,52.561077422993925,52.706364,test
11905,20.391351361528265,18.959148,test
14537,76.04901284854375,76.01131,test
13781,78.37770085810139,78.04369,test
14554,78.37770085810139,77.83748,test
9361,101.3171290408814,100.14307,test
5302,90.56896135270873,91.152214,test
10117,12.124975352206752,12.222374,test
4741,13.53610473193936,13.578428,test
1757,230.9901536612257,230.50969,test
5413,77.53876431170232,77.83332,test
9721,31.36358082816288,29.479927,test
11758,83.29477154332817,83.17079,test
9859,41.27982950557314,40.655968,test
10671,55.25020379636824,55.736748,test
8387,101.3171290408814,100.76888,test
7702,103.745126530115,103.48608,test
3785,71.91197889308408,71.95168,test
3017,25.935608876074404,25.475578,test
12786,84.01038592956453,84.17671,test
4701,6.442036183009371,6.465546,test
11412,38.91593697359398,38.889015,test
130,61.88227452014178,61.991653,test
11937,26.22042757385485,26.236841,test
7117,75.52912062238612,75.50041,test
3870,80.25361829662151,80.35883,test
10347,65.44228559506357,65.88703,test
14177,51.441846041956246,52.00514,test
81,56.19046936462432,56.913128,test
12373,72.80691569376961,72.3136,test
11285,4.491537072359547,4.5777535,test
5430,80.25361829662151,80.112305,test
6213,14.147402430467531,14.128533,test
12120,46.16640159983851,47.162815,test
11875,17.141358034855276,16.687466,test
3929,125.86447482244527,125.73267,test
9667,57.78612866760917,57.38805,test
5776,43.65657505930208,42.719604,test
1745,50.04341124314785,50.046593,test
4372,41.380738858681696,42.132267,test
2120,99.4907361299304,99.42301,test
5354,70.8998858391393,71.58951,test
2410,11.384421137066337,11.382449,test
9872,45.39928951266095,46.00169,test
8739,38.91834885517143,39.482086,test
10630,35.28853714924939,35.54835,test
14584,84.6747137742003,84.617256,test
13726,77.1364912669906,76.90215,test
13960,92.49987338269456,93.171104,test
5090,23.053352899871395,22.929955,test
801,230.9901536612257,231.11064,test
12358,71.91030133184738,72.18349,test
7091,77.87315181130059,77.73133,test
3826,71.78670881619587,71.44013,test
2185,14.865809293936342,14.896745,test
7901,29.402411149110645,29.794844,test
2834,37.34804120151974,37.67915,test
11919,22.02913768609874,22.030813,test
10744,24.10159309622668,24.315777,test
1581,3.624115801788345,3.6672137,test
13267,52.08281461664617,51.619694,test
9000,85.85337627290696,85.85446,test
5356,70.8998858391393,70.70787,test
4252,69.52453059841163,70.252525,test
4541,73.5169788308657,73.071846,test
859,136.76886894565047,136.5796,test
5182,45.250987390322535,45.09821,test
3047,35.43032585388161,34.517544,test
12238,75.02114224725477,76.1156,test
5949,70.8890994699993,70.69567,test
10866,75.24982629334554,74.60499,test
9213,34.339930274970904,34.03476,test
9984,48.45410543881178,48.464314,test
5156,35.87508543765299,35.91152,test
6697,58.132094825297145,58.021427,test
4440,64.95566127753861,65.30718,test
9615,48.60542794913941,48.527493,test
8980,94.83357335355618,94.170845,test
4542,73.5169788308657,72.79993,test
10670,55.25020379636824,55.54656,test
5282,107.5602418843858,108.99111,test
6821,62.19468556359693,61.986156,test
2423,13.53610473193936,13.570401,test
458,145.24040847801632,145.0241,test
6981,82.6921619327566,82.912636,test
12628,83.55792357754082,83.13725,test
12200,57.60964815073893,58.874725,test
2274,35.43032585388161,35.600494,test
829,166.17853479893557,165.72778,test
3133,3.624115801788345,3.6672137,test
11050,82.25512726841218,82.57819,test
7571,230.9901536612257,231.4126,test
1785,179.04708701101467,179.63483,test
10768,32.289249758728964,32.16589,test
12664,110.67568302020096,109.520996,test
11914,22.02913768609874,20.031393,test
7179,84.60291252746008,84.49545,test
11276,3.624115801788345,3.6672137,test
945,101.86758015295236,101.49462,test
12066,62.25633543844163,62.000057,test
453,154.98431615588598,155.05888,test
8214,20.33936974007777,19.811533,test
4957,15.977335233233198,15.995449,test
12017,57.78179082659215,58.32327,test
6170,73.22704486211128,73.76752,test
5558,46.20624283129268,45.880585,test
12997,55.99893434087522,56.640594,test
2519,55.271872386990935,55.26333,test
4185,40.76621946032643,40.962475,test
392,78.79814514174707,79.077324,test
6300,32.289249758728964,33.046074,test
6944,68.06824537618436,66.675026,test
11978,38.74855875286944,39.28773,test
5547,43.604537301970495,43.085903,test
3383,30.8733631927149,30.46753,test
13522,36.02701366128638,36.08053,test
9857,37.63391748347983,39.87606,test
12960,44.66517096340306,44.253136,test
9205,31.73671877096429,31.766176,test
13203,60.69477696945295,60.382675,test
12511,49.49174784981139,49.29356,test
4379,43.604537301970495,42.55329,test
7892,29.402411149110645,29.774786,test
7624,145.24040847801632,145.37465,test
11152,33.2646262088608,33.04884,test
2993,19.28254456595652,19.13067,test
14033,10.57203228982024,10.329658,test
7843,13.645628914737031,13.711275,test
10385,59.37382867606714,60.947968,test
3875,83.09935595306658,82.98601,test
3769,76.30367359186545,76.30677,test
1909,101.86758015295236,101.492004,test
11028,76.77816930527784,76.894295,test
10322,77.41176032874927,77.77585,test
13874,125.86447482244527,126.3285,test
3322,19.89991539202705,20.285542,test
5385,71.78670881619587,71.57929,test
13316,48.08623281605109,48.386246,test
9459,77.93378927116997,78.58099,test
1307,25.857534399290905,25.89554,test
13451,42.58610637454368,42.01727,test
7359,80.25361829662151,80.46891,test
13210,65.83077308186866,65.62482,test
12869,36.99469593104042,37.492054,test
12033,69.92772157818914,67.92052,test
1925,99.4907361299304,99.42301,test
10467,70.098803480824,69.60223,test
8778,35.919888386123255,36.322876,test
8223,22.19104778233357,20.597301,test
3387,33.2646262088608,32.687386,test
8512,82.46105591073825,82.416374,test
12597,70.67888709810615,70.64101,test
82,56.19046936462432,57.05659,test
6133,70.5776831156227,71.069885,test
6722,60.19466070864491,60.041386,test
1530,60.456358375515045,60.58972,test
10887,124.5037870661705,124.55799,test
3158,6.750079908713624,6.5180326,test
1733,44.21359478458822,44.251316,test
1211,4.491537072359547,4.5777535,test
7517,53.00734926713273,52.498444,test
12359,71.91030133184738,72.70979,test
4557,72.29320847026757,73.0543,test
9881,50.01044157412626,49.850517,test
804,211.02994799979388,210.22757,test
12241,110.28871787139632,109.90665,test
1157,49.00862249254413,49.022285,test
13397,64.63130975413613,64.91203,test
13779,78.37770085810139,78.18858,test
11222,57.39162304208823,56.868797,test
8852,46.20624283129268,45.864323,test
5722,23.43298254652068,25.14559,test
1050,9.499438230882436,9.491684,test
8365,115.23290406090766,115.98502,test
8920,74.77670776968412,74.5651,test
10502,8.4007707299833,8.938574,test
13076,36.99469593104042,37.529514,test
5057,62.12878854692645,62.14138,test
268,40.259092491267545,39.85406,test
2001,154.98431615588598,154.63916,test
11678,110.67568302020096,111.43949,test
7392,19.89991539202705,20.285542,test
8515,82.46105591073825,82.3651,test
10743,24.10159309622668,24.082737,test
11615,76.6667816523841,77.06596,test
2828,37.34804120151974,36.81595,test
10748,26.620833128631787,26.370972,test
11727,88.31993375128738,86.47674,test
4864,2.606366123918593,2.5885131,test
13463,39.2928079640545,39.2243,test
13087,35.5258604479491,35.478256,test
8655,22.51608457834825,22.875101,test
8886,56.318371719454376,56.352142,test
10232,31.91051408188231,32.161903,test
11484,81.59299887306369,81.083,test
1094,18.731792724897712,18.79858,test
12520,49.964974571776985,49.516582,test
7358,80.25361829662151,79.974884,test
7258,76.30367359186545,75.69087,test
5219,62.1233802776967,61.55871,test
4519,77.79019270718537,78.28862,test
6517,40.76621946032643,40.580288,test
11378,22.34386956684365,22.507294,test
4036,92.24483243250832,92.52646,test
10537,12.31628944406271,11.592209,test
12739,83.29477154332817,83.91855,test
4474,102.11244006090304,102.3267,test
7995,5.527128574206158,5.59856,test
5137,30.8733631927149,30.572224,test
13836,168.1502886891345,168.25713,test
5246,72.52135855398946,72.762955,test
204,41.2027500139872,41.299114,test
3941,118.73948000326068,117.620186,test
5188,45.250987390322535,45.602497,test
9453,77.93378927116997,77.823586,test
11465,90.79649380247676,90.21975,test
12867,39.2928079640545,38.75542,test
8806,36.94310571922444,36.942005,test
6591,80.57929170551442,79.924164,test
9898,60.77778500000022,56.573917,test
6838,59.85944449766063,61.343678,test
9684,64.63130975413613,64.3243,test
523,106.2025558056929,106.40461,test
6819,65.21758392694511,64.57629,test
3209,16.40524145944573,16.485981,test
2560,17.650012712740526,17.640043,test
6089,79.88545352007553,79.76603,test
10121,12.124975352206752,12.401071,test
10888,124.5037870661705,123.66888,test
5151,35.87508543765299,35.700447,test
3502,14.147402430467531,14.290309,test
13429,53.18976182780735,54.290527,test
2840,40.76621946032643,40.941357,test
1854,117.68636585320668,116.82686,test
2959,14.865809293936342,14.70631,test
5123,28.678520203607828,28.533989,test
5554,46.20624283129268,46.56044,test
3670,70.03363402017787,69.51679,test
4142,27.727713592149392,28.364288,test
2720,75.24982629334554,74.90699,test
10292,59.31238391810723,59.902725,test
11768,82.74203335367166,82.85716,test
11634,82.2895007905107,82.2787,test
13478,36.99469593104042,37.60559,test
4874,3.328531319289431,3.3485863,test
625,5.227697523949966,5.220631,test
10417,58.991170602037386,59.180466,test
4385,46.20624283129268,47.05172,test
4464,110.28871787139632,109.603134,test
3486,67.18811819694348,67.61565,test
1962,211.02994799979388,210.82059,test
2174,13.792313484057486,13.652866,test
4169,34.339930274970904,34.20358,test
2881,58.5236929318425,58.551228,test
3314,18.448270263304188,19.202826,test
1968,211.02994799979388,210.86295,test
2833,37.34804120151974,37.73048,test
5222,62.1233802776967,61.33575,test
2364,4.196221297202333,4.2176785,test
4675,3.328531319289431,3.3485863,test
7442,28.678520203607828,28.650946,test
11661,126.44708143304572,127.323715,test
5939,70.5776831156227,71.069885,test
9053,75.52912062238612,75.724625,test
4746,13.53610473193936,13.570401,test
11307,6.750079908713624,7.0540876,test
3087,53.62497940433934,53.106033,test
14293,103.23350357813172,102.95007,test
10679,61.47666898968674,61.365044,test
4749,15.977335233233198,15.995449,test
11749,84.38693654155693,84.00177,test
13981,92.24483243250832,92.48811,test
4901,6.442036183009371,6.465546,test
2988,19.28254456595652,18.299284,test
1315,25.857534399290905,25.902805,test
14148,38.13815414182142,38.7957,test
12319,73.5169788308657,73.071846,test
14129,34.36019909387007,31.847813,test
14251,134.16905500217058,134.48529,test
5891,79.88545352007553,80.02181,test
14475,80.83497267860338,81.69519,val
7318,71.78670881619587,71.63369,val
134,61.88227452014178,60.9407,val
805,211.02994799979388,211.24374,val
5175,41.84557272242807,41.64562,val
9301,69.52453059841163,69.97852,val
5390,71.78670881619587,71.69884,val
3693,152.8177784761153,153.05574,val
12833,53.18976182780735,53.79104,val
2893,63.896198456162885,63.809254,val
8890,60.456358375515045,60.10656,val
7001,124.5037870661705,123.66888,val
10297,65.47137652330578,65.53647,val
6846,58.13900410472736,57.57344,val
11657,126.44708143304572,126.027695,val
6549,53.49135176226452,53.536102,val
8573,5.7950658060046285,6.092368,val
12609,75.03655084716752,75.100975,val
10957,82.51266906756706,82.6425,val
6466,27.727713592149392,27.866194,val
5093,23.053352899871395,23.215778,val
9229,37.34804120151974,37.73048,val
1406,36.41164086407028,37.200207,val
2303,48.41170998900376,48.78423,val
12519,49.964974571776985,49.070583,val
13614,65.83077308186866,66.00269,val
6168,73.22704486211128,73.00925,val
2808,31.73671877096429,31.987755,val
642,7.85908552453503,7.8486624,val
8005,6.750079908713624,6.5180326,val
11304,6.750079908713624,6.5180326,val
13577,47.982575358036456,48.340134,val
3512,15.826709276493416,15.816963,val
7967,2.9065837811274826,2.9278867,val
10558,15.424596218027991,14.249636,val
11524,71.14396606839321,72.374954,val
900,113.1117727502116,115.03595,val
13868,134.16905500217058,134.53603,val
12754,82.74203335367166,82.85716,val
4485,95.27995050133204,95.563446,val
11423,44.21359478458822,44.251316,val
14519,75.57765272049815,75.6626,val
7918,38.4884049367477,38.59918,val
11973,38.74855875286944,35.538136,val
6273,26.620833128631787,26.370972,val
10867,75.24982629334554,75.15196,val
6018,152.8177784761153,152.39119,val
13394,64.63130975413613,64.89397,val
421,193.8751524679473,194.98624,val
6782,77.7528643276994,77.519905,val
1889,106.2025558056929,106.38104,val
8343,134.13491032325388,133.01236,val
9995,50.2526064803528,50.253357,val
10868,75.24982629334554,74.28101,val
2228,23.43298254652068,22.336487,val
7003,124.5037870661705,124.60374,val
10538,12.31628944406271,11.776541,val
6875,56.21134114752307,56.664337,val
11134,28.678520203607828,28.533989,val
9690,68.7218064382226,68.148315,val
151,67.22734142322994,67.55351,val
968,98.65596999066533,99.01703,val
3031,28.753615695926324,28.957153,val
3603,38.88107047950797,38.905846,val
6747,64.1404088665598,63.939777,val
6508,37.34804120151974,37.67915,val
13098,34.767713483007924,34.847298,val
5578,52.561077422993925,52.37651,val
426,179.04708701101467,176.7065,val
6162,73.22704486211128,73.23118,val
10034,55.61817953038767,57.90857,val
1610,6.750079908713624,6.5180326,val
1061,11.384421137066337,11.382449,val
10860,70.03363402017787,70.23801,val
12063,62.25633543844163,62.53161,val
5462,37.38629228613615,37.63767,val
7503,45.250987390322535,45.146194,val
10984,76.50234292040042,75.97144,val
4166,34.339930274970904,34.151405,val
8776,35.919888386123255,36.07114,val
14400,93.50643630226388,93.25972,val
3050,35.43032585388161,34.733425,val
575,98.65596999066533,98.610794,val
13838,168.1502886891345,168.23395,val
4233,63.896198456162885,63.572266,val
2234,23.43298254652068,23.78155,val
7769,2.618505311135724,2.4686174,val
12266,95.27995050133204,95.65188,val
8611,11.995094370873645,11.635423,val
12674,104.48871564383238,103.45456,val
404,230.9901536612257,231.11064,val
1573,2.9065837811274826,2.9278867,val
9789,24.963663940738886,26.05105,val
10261,43.65657505930208,44.04871,val
12973,47.982575358036456,47.49767,val
7628,145.24040847801632,145.0241,val
6651,65.44228559506357,65.73443,val
8934,135.2198141561254,135.94507,val
3428,45.250987390322535,44.56711,val
11186,41.84557272242807,41.64562,val
10051,60.937760889072194,59.99916,val
14425,101.51368217124082,102.53028,val
4188,40.76621946032643,40.9188,val
11010,75.8861492644395,76.378296,val
5737,28.753615695926324,28.957153,val
6434,24.74816706908628,25.317505,val
7153,80.03415155888028,80.42663,val
4476,102.11244006090304,102.41974,val
4007,93.38657295807928,93.10995,val
9397,87.37869480347202,86.896835,val
8596,8.444298436388001,8.673058,val
5349,71.91197889308408,71.96929,val
5905,76.30367359186545,76.30677,val
11565,69.0602255325774,70.25761,val
3942,118.73948000326068,118.00152,val
8660,26.00016013994612,25.903555,val
13114,35.06929068218894,35.055,val
9157,24.74816706908628,24.941956,val
5126,28.678520203607828,28.61912,val
4118,25.32142942667775,24.424686,val
14520,75.57765272049815,75.71308,val
5688,17.59043680885926,17.68941,val
9663,57.78612866760917,58.244614,val
11843,16.20097931775689,18.894209,val
13009,65.83077308186866,64.57731,val
13457,42.58610637454368,42.480267,val
8436,81.7828321007955,82.059784,val
1494,46.20624283129268,45.691532,val
141,64.3427073914329,63.81511,val
12293,80.93195157639853,80.25013,val
4960,18.731792724897712,18.788692,val
9851,37.63391748347983,38.478123,val
12976,47.982575358036456,48.84673,val
1863,113.1117727502116,112.710945,val
2349,3.328531319289431,3.3485863,val
3327,21.429473611547053,21.315592,val
4622,78.23957030362628,78.33874,val
7708,103.745126530115,103.8769,val
12157,47.53432583996549,47.333378,val
1906,101.86758015295236,101.46148,val
9423,79.9470355349353,79.267914,val
3385,30.8733631927149,30.572224,val
10008,51.68892331520587,50.93731,val
6766,70.098803480824,69.692665,val
13180,51.76031579593137,50.981953,val
14379,92.69393389813976,92.63425,val
1884,106.2025558056929,106.288506,val
5586,56.318371719458256,56.105618,val
3628,50.68801501365044,50.188652,val
13424,77.83754965179875,77.63551,val
11020,76.77816930527784,76.99221,val
8505,80.66666767817155,80.486275,val
10089,75.34654859935269,74.92484,val
7799,5.260504433154911,5.26385,val
3127,3.624115801788345,3.4979146,val
325,50.06812082695872,50.602497,val
13572,47.982575358036456,48.294853,val
1812,154.98431615588598,155.05888,val
24,65.25916422455259,64.83374,val
9232,37.34804120151974,37.659603,val
2849,44.597910972306806,44.64407,val
1904,101.86758015295236,102.01872,val
6238,17.650012712740526,17.901424,val
6548,53.49135176226452,53.449036,val
8267,33.15923815640949,32.90781,val
2994,19.28254456595652,19.971346,val
3493,72.52135855398946,72.59317,val
14593,86.84139842568032,86.527176,val
6909,60.336165845635456,61.317806,val
10096,79.40102080305233,77.92152,val
6297,32.289249758728964,32.549664,val
10897,115.30303150446332,115.21376,val
1845,123.0978685654898,123.30427,val
4647,83.53755060546025,83.721886,val
13723,77.1364912669906,77.42088,val
7865,18.89411765969292,19.188337,val
10463,66.87499746459498,66.62409,val
8499,80.66666767817155,80.385994,val
6290,29.34578260289036,29.81391,val
14432,95.82256261856072,96.33802,val
5214,57.39162304208823,57.358273,val
2317,59.31238391810723,58.588562,val
2021,136.76886894565047,136.86719,val
14082,19.694692079282625,18.830397,val
10608,27.913859585699885,27.464912,val
9720,31.36358082816288,30.060215,val
12876,36.99469593104042,37.529514,val
6023,152.8177784761153,153.05574,val
14284,107.5197399548222,109.02411,val
7452,30.8733631927149,30.340412,val
13930,96.9560797736986,97.13152,val
7825,9.570229866524786,9.669128,val
8025,9.839051198642553,9.784307,val
13719,77.1364912669906,76.48156,val
8875,52.561077422995496,52.502556,val
11106,23.053352899871395,22.342949,val
2422,13.53610473193936,13.570401,val
11077,18.448270263304188,19.202826,val
14015,93.50643630226388,93.171715,val
11175,38.72775337298162,38.903553,val
7367,83.09935595306658,82.9647,val
14140,38.13815414182142,35.012672,val
1446,36.94310571922444,36.82499,val
1248,9.839051198642553,9.784307,val
439,166.17853479893557,165.62688,val
684,15.977335233233198,15.995449,val
6446,25.32142942667775,24.424686,val
3586,32.289249758728964,33.046074,val
9719,77.83754965179875,77.908806,val
14356,92.14301126701253,92.118515,val
5707,21.22276810141124,20.842152,val
10413,58.30263960140757,58.375095,val
2937,12.885025212225244,12.664854,val
13034,53.18976182780735,52.013863,val
1170,55.271872386990935,55.26333,val
5471,36.41164086407028,36.376556,val
12135,45.64933795175344,46.160713,val
3313,18.448270263304188,18.682518,val
6764,70.098803480824,69.922966,val
13049,42.58610637454368,42.2236,val
7061,85.85337627290696,85.76026,val
11518,71.14396606839321,71.0642,val
11156,33.2646262088608,32.849815,val
13123,36.02701366128638,35.887714,val
5456,37.38629228613615,36.79336,val
12981,51.76031579593137,51.457375,val
11597,74.30450585772448,75.119835,val
4253,75.23466307522513,74.61203,val
13869,134.16905500217058,134.48529,val
10043,58.10615179076552,59.34439,val
2014,145.24040847801632,145.7465,val
14327,94.85645482862957,94.16113,val
162,70.51384660091139,70.16299,val
9365,101.3171290408814,101.46633,val
5746,31.91051408188231,31.473116,val
5047,55.271872386990935,55.34347,val
2366,4.196221297202333,4.2176785,val
4175,37.34804120151974,37.152355,val
11355,16.40524145944573,16.451323,val
6931,65.07118569106198,66.00145,val
7947,55.891675169143376,55.864098,val
14063,15.49099131419465,15.519375,val
11039,78.17671644727096,78.341705,val
12280,84.82941053361527,83.499825,val
10788,38.88107047950797,38.58365,val
6365,59.89579766367838,59.847828,val
4893,5.227697523949966,5.220631,val
6687,58.48566458724775,59.083157,val
9653,55.05208924433604,54.470318,val
5755,35.43032585388161,34.909378,val
6450,25.32142942667775,25.078257,val
12217,65.54060841010474,65.28773,val
9784,24.33686745588429,23.699883,val
8939,124.5037870661705,125.43374,val
10493,77.7528643276994,77.84669,val
3591,35.46372651810452,35.03117,val
9291,63.896198456162885,64.08789,val
12803,86.82293470300802,86.56315,val
144,64.3427073914329,62.534683,val
3187,11.747596709247082,11.706337,val
3573,29.34578260289036,29.774336,val
7972,3.624115801788345,3.4979146,val
1177,62.12878854692645,62.13978,val
11092,21.429473611547053,21.808239,val
12192,57.60964815073893,57.725266,val
3895,168.1502886891345,168.25229,val
10411,58.30263960140757,58.256397,val
12345,71.63339382759735,71.63838,val
12632,83.55792357754082,83.588585,val
3415,38.72775337298162,38.789223,val
12471,52.99398689569749,52.815525,val
12882,35.5258604479491,34.760475,val
7308,70.8890994699993,71.18902,val
8043,13.92854978889145,13.855272,val
6987,82.6921619327566,83.02175,val
2919,80.57929170551442,80.44566,val
610,3.328531319289431,3.3485863,val
9985,49.17258922572702,50.286324,val
3940,118.73948000326068,117.15654,val
8010,6.750079908713624,7.0540876,val
12067,62.25633543844163,61.51228,val
10475,70.098803480824,70.37487,val
13765,76.04901284854375,76.01131,val
7830,9.570229866524786,9.669128,val
12904,34.635546819221005,34.692142,val
9945,48.56996296403304,49.5217,val
9905,60.77778500000022,61.200417,val
12393,76.00671399435468,75.372665,val
10501,8.4007707299833,8.973686,val
11645,85.05997393992781,85.11334,val
848,154.98431615588598,155.05888,val
3045,31.91051408188231,32.54629,val
2889,63.896198456162885,63.779366,val
12426,83.53755060546025,83.68736,val
734,33.39074910958052,33.42985,val
12460,55.4430882998278,56.17309,val
14596,86.84139842568032,86.789,val
10313,83.01808144823141,83.31342,val
10036,58.10615179076552,58.357655,val
1196,2.9065837811274826,2.9278867,val
1820,145.24040847801632,145.25061,val
11687,104.48871564383238,104.075195,val
4640,83.53755060546025,83.85235,val
6029,134.14502085001388,133.7993,val
4688,4.196221297202333,4.2176785,val
7664,117.68636585320668,116.82686,val
9777,24.152412660023124,25.012266,val
660,9.499438230882436,9.4823885,val
12939,39.410668208964985,38.964912,val
11063,84.60291252746008,84.575806,val
1667,19.20192266480916,19.095121,val
1052,9.499438230882436,9.4823885,val
13694,83.56214469765372,84.0072,val
324,50.06812082695872,50.376137,val
12613,75.03655084716752,74.70387,val
1420,35.86295586622186,35.42514,val
3058,39.33748405428104,38.34593,val
13666,95.82256261856072,95.64058,val
3162,6.750079908713624,7.0540876,val
3446,48.96526861625701,49.81026,val
213,39.9122322296036,40.015923,val
3980,99.73165781686828,99.69388,val
260,39.33265262833491,39.16251,val
13082,35.5258604479491,34.760475,val
10448,64.1404088665598,64.144585,val
12446,58.6937159884268,60.00685,val
9383,91.22443951098568,91.907715,val
1867,113.1117727502116,112.93305,val
5929,70.8998858391393,71.46021,val
2745,25.04050211213976,24.889671,val
11800,84.01038592956453,84.17671,val
10575,17.33846922503352,19.27247,val
12106,47.46331387653679,47.30319,val
11739,86.04998768751986,87.15069,val
2702,64.87166628595628,65.022125,val
1825,136.76886894565047,135.74495,val
4478,102.11244006090304,101.46103,val
9523,60.40667057436809,59.976295,val
11395,29.77075417333722,29.68344,val
4322,35.86295586622186,36.12189,val
14460,83.56214469765372,83.52079,val
4510,80.93195157639853,79.976524,val
10246,39.33748405428104,38.34593,val
6384,70.03363402017787,69.51679,val
6866,56.347326863317264,56.52906,val
9489,80.66666767817155,80.656525,val
8926,74.77670776968412,74.84786,val
6971,79.03051139114216,77.332756,val
11769,82.74203335367166,82.839035,val
10236,35.43032585388161,34.879215,val
9597,47.99809684590056,48.328896,val
9915,66.94929169823543,67.77581,val
1837,129.4267602168825,130.24811,val
11613,76.6667816523841,76.17992,val
10507,9.141045624325722,8.099714,val
5053,62.12878854692645,62.100945,val
11930,23.96684006413348,24.934933,val
1628,9.839051198642553,9.784307,val
46,60.032163690610005,60.79987,val
10772,32.289249758728964,32.549664,val
1442,36.94310571922444,36.357044,val
14229,155.05412004324748,154.48593,val
9328,134.13491032325388,135.25122,val
7025,100.6187540373376,101.26142,val
14101,24.782599128301666,24.314625,val
3523,17.650012712740526,17.755945,val
3279,44.21359478458822,44.251316,val
2952,13.792313484057486,13.615967,val
4941,13.53610473193936,13.578428,val
9030,77.87315181130059,77.58032,val
14522,75.57765272049815,75.55615,val
12295,80.93195157639853,80.828575,val
2445,18.731792724897712,18.79858,val
14008,93.28231569539822,93.00359,val
7839,11.473018356565088,11.611689,val
13510,35.06929068218894,34.912846,val
5837,134.14502085001388,134.17383,val
3179,9.839051198642553,9.784307,val
3434,45.250987390322535,45.340748,val
2506,43.29863673312664,43.34936,val
12812,88.48216304859169,88.29169,val
7049,89.93891881356173,90.12809,val
13956,93.38657295807928,93.296234,val
1401,36.41164086407028,36.475185,val
9877,45.39928951266095,47.707226,val
344,56.555790586714224,56.267002,val
12037,69.92772157818914,69.022995,val
9038,76.50234292040042,76.32379,val
5241,72.52135855398946,72.44226,val
882,123.0978685654898,122.70017,val
5694,19.28254456595652,18.299284,val
2104,101.86758015295236,101.492004,val
2941,12.885025212225244,12.898198,val
14113,27.698995930992588,27.362936,val
3724,98.11718222077316,98.23132,val
9025,77.87315181130059,78.337685,val
13035,53.18976182780735,52.025673,val
45,60.032163690610005,60.500614,val
2472,29.12596598702036,29.164534,val
9535,57.05450517605655,57.93809,val
895,117.68636585320668,117.66771,val
256,38.74234435378403,39.447495,val
7880,22.019205815790816,21.726625,val
1724,38.91593697359398,38.889015,val
14299,103.23350357813172,104.89453,val
13679,86.92916151125281,86.03905,val
8915,69.76848318728075,69.6424,val
5861,98.11718222077316,98.42758,val
13657,95.82256261856072,95.25334,val
11085,19.89991539202705,20.285542,val
12901,34.635546819221005,34.585014,val
7598,179.04708701101467,177.46169,val
12102,47.46331387653679,47.490955,val
11866,16.57780018172115,16.535303,val
1099,21.824079935423136,21.890541,val
9217,34.339930274970904,33.85273,val
9139,25.04050211213976,24.270725,val
138,64.3427073914329,64.30875,val
13850,155.05412004324748,154.93338,val
3410,38.72775337298162,38.98588,val
10981,76.50234292040042,76.66144,val
37,62.33053491715185,61.924778,val
8851,46.20624283129268,47.05172,val
11701,99.25129745411776,98.839905,val
9502,84.52419181559287,84.440155,val
9914,66.94929169823543,66.47712,val
12189,54.343834943578464,54.286655,val
13196,55.99893434087522,56.148422,val
3763,76.30367359186545,76.26785,val
12685,99.25129745411776,97.12226,val
3323,19.89991539202705,20.47914,val
2194,16.125116344342604,16.303017,val
12955,41.80739580968886,42.06015,val
5397,73.22704486211128,73.08114,val
1369,56.44692913934201,56.441246,val
3787,71.91197889308408,71.96929,val
9776,24.152412660023124,23.763659,val
10559,15.424596218027991,14.236239,val
11535,69.8994010800787,71.37275,val
12717,88.31993375128738,87.03709,val
5069,19.89991539202705,19.632261,val
7975,3.624115801788345,3.4979146,val
10391,58.48566458724775,59.083157,val
11534,69.8994010800787,71.502846,val
11139,28.678520203607828,29.320341,val
11711,94.86192637572438,94.436676,val
9547,54.29787772679955,53.159645,val
7597,179.04708701101467,177.64952,val
11709,94.86192637572438,95.11913,val
2314,53.62497940433934,53.805992,val
7348,77.53876431170232,77.30991,val
4832,49.00862249254413,49.022285,val
2245,25.935608876074404,26.368546,val
3467,62.1233802776967,61.55871,val
8711,49.93884663241446,49.624886,val
11469,85.80236635218084,84.63417,val
6381,70.03363402017787,69.93339,val
3121,2.9065837811274826,2.9177651,val
5815,65.47137652330578,65.53647,val
9782,24.33686745588429,24.480968,val
5083,21.429473611547053,21.791204,val
3945,112.6599718133244,113.237854,val
4610,76.00671399435468,76.575745,val
6500,34.339930274970904,34.929558,val
713,25.27984779576332,25.3728,val
55,58.305762831138,58.53171,val
13535,37.48026356057577,37.254566,val
8896,60.456358375515045,60.223446,val
7501,45.250987390322535,45.353493,val
9392,87.37869480347202,87.33364,val
8048,13.92854978889145,13.888378,val
10787,38.88107047950797,38.510113,val
2386,6.442036183009371,6.465546,val
8983,94.83357335355618,95.63564,val
12003,52.35653033478938,51.040707,val
10715,17.650012712740526,19.755007,val
6962,75.14911418145515,75.184364,val
5844,119.35792066219084,118.58686,val
6250,19.628813853406385,20.452904,val
4593,72.80691569376961,72.93218,val
8169,16.08629542413324,15.920006,val
9092,78.17671644727096,78.341705,val
12644,126.44708143304572,126.43227,val
7512,48.96526861625701,49.09767,val
1365,50.04341124314785,50.046593,val
8435,81.7828321007955,81.02565,val
10674,55.25020379636824,55.906178,val
4082,26.05871153969042,26.173517,val
10585,19.521311513476668,22.125702,val
8871,52.561077422995496,53.052395,val
14300,103.23350357813172,103.79766,val
6621,77.41176032874927,76.82751,val
8401,91.22443951098568,90.181725,val
9243,44.597910972306806,44.2347,val
3165,6.750079908713624,7.0540876,val
6180,75.16417987128504,75.50805,val
2034,129.4267602168825,129.083,val
13308,47.99809684590056,48.853268,val
13391,64.63130975413613,64.59682,val
8123,44.21359478458822,44.251316,val
14587,84.6747137742003,84.97107,val
5013,38.10425093874939,38.100716,val
4350,38.05130976592272,37.81097,val
10238,35.43032585388161,34.733425,val
2746,25.04050211213976,25.004782,val
282,41.522611277483854,40.92762,val
2049,117.68636585320668,116.82686,val
10080,71.35912677124634,70.34508,val
10166,17.59043680885926,17.242071,val
2730,26.05871153969042,25.496695,val
2344,2.606366123918593,2.5885131,val
12902,34.635546819221005,35.21096,val
12824,89.77171705634251,89.515236,val
8574,5.7950658060046285,6.092368,val
4470,110.28871787139632,109.8809,val
13802,82.32445746323637,82.01204,val
2027,129.4267602168825,129.21019,val
2534,62.12878854692645,62.14138,val
7749,98.65596999066533,98.38569,val
10829,55.1604052272772,54.753662,val
5483,35.86295586622186,36.127625,val
6919,62.48827997014724,63.24481,val
7099,76.50234292040042,76.33182,val
3122,2.9065837811274826,2.9278867,val
8279,36.85856235276155,37.387226,val
11086,19.89991539202705,20.47914,val
11318,8.180433892801254,8.095884,val
12353,71.5126952436544,71.797874,val
9589,48.34358630374402,49.01377,val
12526,50.93322091321282,51.15063,val
8016,8.180433892801254,8.095884,val
4393,49.19054255336955,49.76065,val
13735,76.10569077995255,76.17408,val
4690,5.227697523949966,5.220631,val
10011,51.68892331520587,51.96229,val
2401,9.499438230882436,9.4823885,val
11312,8.180433892801254,8.095884,val
1699,29.77075417333722,29.68344,val
9599,47.99809684590056,48.853268,val
13252,54.29787772679955,54.54017,val
3397,35.87508543765299,35.47007,val
563,99.4907361299304,99.62697,val
7938,49.53704304744422,49.47516,val
9715,77.83754965179875,77.63551,val
13571,47.982575358036456,48.124454,val
8427,84.24741541524314,83.536446,val
14486,78.70427049849316,78.11368,val
6947,68.06824537618436,67.27214,val
6949,71.44838330678776,72.465576,val
11218,53.00734926713273,53.25458,val
1990,166.17853479893557,166.42114,val
3164,6.750079908713624,7.0540876,val
13104,34.635546819221005,34.692142,val
5470,36.41164086407028,36.283127,val
9071,75.8861492644395,76.13669,val
4498,89.57234360169679,90.8629,val
8667,26.00016013994612,26.519632,val
1142,38.10425093874939,38.100716,val
400,230.9901536612257,229.98538,val
5424,80.25361829662151,79.974884,val
2415,11.384421137066337,11.389216,val
10154,14.865809293936342,15.311715,val
14347,92.49987338269456,93.0714,val
3432,45.250987390322535,45.431564,val
10082,71.35912677124634,71.09692,val
5099,24.789633367188944,24.219313,val
8561,4.756993192217126,4.872234,val
181,78.0347307986556,77.85777,val
8385,101.3171290408814,101.15494,val
8394,95.84505322335384,95.22291,val
5481,35.919888386123255,36.0838,val
5237,67.18811819694348,67.45048,val
5044,55.271872386990935,55.26333,val
14531,76.04901284854375,75.87915,val
7594,193.8751524679473,194.06828,val
7905,33.71724493019231,33.976,val
2641,38.88107047950797,38.71269,val
70,56.41096371227875,56.30145,val
4199,44.597910972306806,44.00588,val
2814,31.73671877096429,31.824429,val
13908,107.5197399548222,108.77221,val
13703,80.83497267860338,81.69519,val
10843,59.89579766367838,60.020126,val
14372,92.69393389813976,92.70708,val
5455,37.38629228613615,37.2975,val
9823,29.38334863141901,29.351475,val
7108,75.72806675637788,76.18324,val
12392,76.00671399435468,75.56021,val
13932,96.9560797736986,96.91004,val
12008,52.35653033478938,52.707798,val
750,38.10425093875088,38.109303,val
6224,15.826709276493416,15.885726,val
509,113.1117727502116,112.886696,val
13277,50.36965316093952,49.89193,val
14495,77.1364912669906,77.42088,val
6750,64.1404088665598,63.86869,val
5767,39.33748405428104,38.722485,val
3620,46.48566476712182,46.319885,val
5154,35.87508543765299,35.69869,val
10964,79.86598582053819,79.2686,val
12281,84.82941053361527,85.042114,val
5428,80.25361829662151,80.25926,val
8314,55.80060084695615,54.901524,val
5934,70.8998858391393,71.18582,val
13634,115.99146512869038,116.182045,val
11850,16.20097931775689,16.39099,val
11972,35.05216416707113,36.277203,val
8996,85.85337627290696,86.09712,val
12386,74.18155972707093,73.99162,val
9580,48.34358630374402,48.69261,val
552,100.48928695862324,100.81572,val
11444,56.44692913934201,56.475014,val
5830,152.8177784761153,153.05574,val
9767,24.43615168584176,27.237139,val
5729,25.935608876074404,26.602875,val
12984,51.76031579593137,52.02045,val
3903,155.05412004324748,154.97957,val
2206,17.59043680885926,18.821552,val
167,70.51384660091139,71.563126,val
5695,19.28254456595652,19.076628,val
11822,86.82293470300802,87.44773,val
5076,19.89991539202705,20.267927,val
11904,20.391351361528265,18.839977,val
14213,183.50675596781025,180.0604,val
5898,76.30367359186545,75.69087,val
10044,58.10615179076552,60.569374,val
2007,154.98431615588598,155.05888,val
13710,78.70427049849316,78.00868,val
4761,18.731792724897712,18.79858,val
7977,3.624115801788345,3.6672137,val
9796,24.963663940738886,25.743593,val
14086,19.694692079282625,20.454391,val
267,40.259092491267545,39.60503,val
10000,50.2526064803528,49.27996,val
5329,76.30367359186545,76.300766,val
7588,193.8751524679473,193.83714,val
8841,43.604537301970495,43.953922,val
1815,145.24040847801632,146.1742,val
4590,72.80691569376961,73.50268,val
5822,65.47137652330578,65.54062,val
14163,46.6663635563764,46.31079,val
14306,99.73165781686828,98.70726,val
247,38.74234435378403,39.326866,val
664,11.384421137066337,11.382449,val
3117,2.9065837811274826,2.9177651,val
8897,60.456358375515045,60.483078,val
6347,50.68801501365044,50.371655,val
12648,126.44708143304572,127.323715,val
2500,43.29863673312664,43.34936,val
13242,57.05450517605655,57.407253,val
4212,48.84238573144443,49.325783,val
13803,82.32445746323637,82.28201,val
7869,18.89411765969292,19.188337,val
4377,43.604537301970495,43.085903,val
6853,56.980886431131886,57.031883,val
7937,49.53704304744422,49.47516,val
7023,107.39789478589,107.21504,val
2103,101.86758015295236,101.61326,val
4191,40.76621946032643,40.53881,val
11029,76.77816930527784,77.038765,val
9006,82.51266906756706,82.403175,val
13357,52.77367077007368,52.402733,val
6634,68.70638879452079,68.99912,val
2931,12.124975352206752,12.344075,val
8538,86.49796272771329,87.423836,val
8694,38.93464249503359,38.86214,val
1498,49.19054255336955,49.89626,val
8055,16.40524145944573,16.485981,val
11620,79.3711852446667,79.60941,val
4352,38.05130976592272,38.53797,val
12672,104.48871564383238,103.834,val
13192,55.99893434087522,55.978416,val
3016,23.43298254652068,25.14559,val
8277,36.85856235276155,36.970013,val
10128,12.885025212225244,13.037014,val
8135,50.04341124314785,50.046593,val
2813,31.73671877096429,31.505913,val
11742,86.04998768751986,86.6407,val
14158,42.23549826962851,43.08855,val
14478,80.83497267860338,80.51832,val
9077,76.77816930527784,77.23288,val
12489,50.09922712517202,49.71248,val
128,61.88227452014178,61.537533,val
2181,14.865809293936342,14.725729,val
6189,77.53876431170232,77.58191,val
1947,97.47338258073955,97.5188,val
1159,49.00862249254413,49.022285,val
11090,21.429473611547053,21.315592,val
5704,21.22276810141124,20.745012,val
1687,25.857534399290905,25.89554,val
12475,52.99398689569749,54.877808,val
12919,36.02701366128638,35.4083,val
4837,49.00862249254413,49.167248,val
13405,68.7218064382226,69.27024,val
13806,82.32445746323637,82.690704,val
13475,36.99469593104042,37.55463,val
13387,60.97999362421386,61.26334,val
11009,75.52912062238612,76.112755,val
12505,49.52880914978266,50.634716,val
11338,11.747596709247082,11.706337,val
5760,35.43032585388161,35.600494,val
1940,98.65596999066533,98.66757,val
3897,155.05412004324748,155.3916,val
8619,14.162925999312623,13.952391,val
8815,38.05130976592272,37.590103,val
1417,35.86295586622186,36.127625,val
7159,80.03415155888028,79.851265,val
312,47.39132880100697,46.607277,val
12199,57.60964815073893,58.434883,val
2974,16.125116344342604,16.303017,val
12696,94.86192637572438,94.773605,val
11270,3.624115801788345,3.4979146,val
14269,118.73948000326068,117.620186,val
349,60.376848442270685,59.705032,val
12755,82.74203335367166,82.839035,val
6902,58.62478073631361,58.982723,val
2618,32.289249758728964,32.074333,val
1093,18.731792724897712,18.79858,val
9212,31.73671877096429,33.033363,val
432,179.04708701101467,178.93442,val
4601,74.18155972707093,74.55651,val
13273,50.36965316093952,50.486305,val
4395,49.19054255336955,48.81167,val
8765,36.41164086407028,36.269077,val
14165,46.6663635563764,46.78828,val
921,106.2025558056929,106.12078,val
8296,45.49256223877087,44.676807,val
512,109.30466743726038,109.97588,val
5894,79.88545352007553,80.04548,val
5306,84.57638463785023,84.69092,val
3920,134.16905500217058,135.73584,val
2291,43.65657505930208,43.395477,val
9133,25.04050211213976,25.360582,val
11721,91.2397572047843,90.514305,val
12503,49.52880914978266,50.936028,val
10896,115.30303150446332,115.48713,val
8583,7.017482350592017,7.2096467,val
9441,78.04583599126548,78.31898,val
4369,41.380738858681696,40.609516,val
2454,21.824079935423136,21.890541,val
9644,52.77367077007368,52.758698,val
10638,39.58683345367714,39.455772,val
1992,166.17853479893557,166.05438,val
13580,51.76031579593137,50.981953,val
9567,50.36965316093952,49.958683,val
4771,21.824079935423136,21.890541,val
4809,38.10425093874939,38.100716,val
13050,42.58610637454368,42.01016,val
10729,21.77517690158367,21.55294,val
3,73.3559439690645,72.20728,val
7098,76.50234292040042,76.32379,val
4525,77.79019270718537,76.93182,val
9028,77.87315181130059,77.650826,val
10943,85.85337627290696,86.09712,val
12208,61.34974693767026,61.61224,val
12362,71.91030133184738,72.097244,val
7172,82.25512726841218,82.61364,val
13045,47.10789941727601,45.94949,val
1049,9.499438230882436,9.491684,val
2424,13.53610473193936,13.570401,val
10210,25.935608876074404,25.886793,val
13044,47.10789941727601,46.911858,val
6514,40.76621946032643,40.941357,val
2179,14.865809293936342,14.70631,val
12216,65.54060841010474,65.73916,val
13503,34.635546819221005,35.062664,val
8511,82.46105591073825,82.04411,val
8969,100.6187540373376,100.24822,val
632,6.442036183009371,6.465546,val
1888,106.2025558056929,106.27653,val
1034,6.442036183009371,6.465546,val
1704,29.77075417333722,29.68344,val
7871,18.89411765969292,19.188337,val
9348,115.23290406090766,115.57111,val
5369,70.5776831156227,70.846855,val
10675,55.25020379636824,55.9952,val
3690,152.8177784761153,152.31595,val
8121,38.91593697359398,38.889015,val
1977,193.8751524679473,193.96939,val
2005,154.98431615588598,155.08774,val
3269,38.91593697359398,38.889015,val
410,211.02994799979388,211.24374,val
1579,3.624115801788345,3.4979146,val
995,2.606366123918593,2.5885131,val
1759,230.9901536612257,230.827,val
7653,123.0978685654898,122.15926,val
10316,83.01808144823141,82.434,val
2701,64.87166628595628,64.773346,val
3604,38.88107047950797,38.584156,val
12654,117.94057501366258,116.18152,val
8968,100.6187540373376,100.17458,val
11188,41.84557272242807,41.924976,val
1074,13.53610473193936,13.570401,val
10477,73.76729204182922,73.57347,val
6699,58.132094825297145,57.90297,val
13871,125.86447482244527,125.392914,val
7199,134.14502085001388,134.28368,val
12723,86.04998768751986,85.713554,val
14035,10.57203228982024,11.716139,val
9390,87.37869480347202,88.66302,val
5442,83.09935595306658,83.300934,val
11934,26.22042757385485,24.391212,val
5353,70.8998858391393,71.36617,val
12625,79.48504113105551,79.905754,val
2112,100.48928695862324,99.87875,val
6934,65.07118569106198,63.946705,val
7285,71.91197889308408,71.80643,val
14244,143.8247661167656,145.1117,val
3684,75.24982629334554,75.309494,val
2687,59.89579766367838,59.75779,val
2846,40.76621946032643,41.474724,val
9171,25.32142942667775,25.27009,val
7162,80.03415155888028,80.17685,val
10527,11.079698144729212,10.31425,val
5108,24.789633367188944,25.053284,val
12012,52.35653033478938,53.45784,val
13144,39.410668208964985,39.393227,val
6953,71.44838330678776,70.381996,val
7692,106.2025558056929,105.95131,val
5400,73.22704486211128,73.00925,val
4441,64.95566127753861,65.73311,val
6830,59.85944449766063,59.04023,val
2866,48.84238573144443,49.325783,val
10864,70.03363402017787,70.26969,val
13224,71.34845173855356,71.65909,val
8566,4.756993192217126,4.901273,val
13080,35.5258604479491,35.624065,val
10857,70.03363402017787,69.423775,val
13230,60.40667057436809,60.173183,val
820,179.04708701101467,179.63483,val
11799,84.01038592956453,83.85625,val
7327,73.22704486211128,73.20884,val
13299,47.99809684590056,48.570316,val
9687,64.63130975413613,64.58965,val
10692,14.147402430467531,14.357005,val
1453,38.05130976592272,37.590103,val
10784,35.46372651810452,35.60025,val
4339,36.94310571922444,36.638897,val
6735,61.911697819840086,61.572575,val
12846,47.10789941727601,45.903126,val
9431,78.70967419713557,78.90924,val
6245,19.628813853406385,19.303915,val
9150,24.63527893831387,24.629463,val
12245,110.28871787139632,109.03128,val
9813,27.490995490790755,26.21085,val
6433,24.74816706908628,25.041542,val
6152,71.78670881619587,71.63369,val
10390,58.48566458724775,58.575134,val
7245,84.57638463785023,84.49868,val
2191,16.125116344342604,15.961047,val
6271,26.620833128631787,25.960842,val
5270,119.35792066219084,118.58686,val
5604,64.95566127753861,64.689575,val
12321,73.5169788308657,73.276695,val
3802,70.5776831156227,70.84615,val
10364,62.82498618409738,62.645977,val
5647,12.885025212225244,12.898198,val
2063,113.1117727502116,112.85745,val
8373,107.7381594436571,107.39562,val
10492,77.7528643276994,77.966736,val
423,193.8751524679473,194.06828,val
12441,62.90876193978079,64.3208,val
9350,115.23290406090766,114.862724,val
11167,35.87508543765299,35.91152,val
10257,43.65657505930208,43.04155,val
14132,34.36019909387007,32.384666,val
3483,67.18811819694348,67.64768,val
8170,16.08629542413324,16.363712,val
3935,118.73948000326068,117.70663,val
3698,134.14502085001388,134.59259,val
11827,88.48216304859169,88.1388,val
5781,43.65657505930208,44.38075,val
12534,50.93322091321282,50.71868,val
3173,8.180433892801254,8.095884,val
10893,115.30303150446332,115.50927,val
12732,84.38693654155693,84.00214,val
6050,107.5602418843858,108.99111,val
13340,50.944218333228456,50.89851,val
7856,16.11129124792047,16.360985,val
1714,34.113034957437215,34.287853,val
12377,74.18155972707093,75.35089,val
7002,124.5037870661705,124.688965,val
7082,79.86598582053819,79.73542,val
3934,125.86447482244527,126.55081,val
10796,42.55205181960314,42.115147,val
14250,134.16905500217058,134.53603,val
1823,136.76886894565047,137.82352,val
12508,49.49174784981139,49.664673,val
1030,6.442036183009371,6.465546,val
9839,34.44495678366445,32.40555,val
10377,59.37382867606714,59.809204,val
14328,94.85645482862957,94.4478,val
9679,60.97999362421386,61.685658,val
2966,14.865809293936342,15.311715,val
6795,73.77568009618804,71.99103,val
7902,33.71724493019231,33.976,val
5280,107.5602418843858,107.53071,val
3335,21.429473611547053,21.317226,val
10396,58.132094825297145,59.23205,val
3000,21.22276810141124,20.652275,val
11853,16.264210965298563,16.145664,val
1996,166.17853479893557,165.474,val
11953,31.74469640013553,29.352879,val
12603,70.67888709810615,69.3906,val
1727,44.21359478458822,44.260788,val
11618,79.3711852446667,79.83101,val
10836,59.89579766367838,59.75779,val
5,73.3559439690645,71.94727,val
8389,101.3171290408814,102.64112,val
5563,49.19054255336955,49.76065,val
3720,107.5602418843858,108.99111,val
5305,84.57638463785023,84.841225,val
11704,94.86192637572438,95.624466,val
8340,67.6283211738766,68.25151,val
12288,80.93195157639853,79.976524,val
7896,29.402411149110645,29.774786,val
6222,15.826709276493416,15.79261,val
541,103.745126530115,103.51277,val
6618,77.41176032874927,77.77585,val
13686,86.92916151125281,86.470634,val
9236,40.76621946032643,40.941357,val
4976,21.824079935423136,21.890541,val
4723,9.499438230882436,9.4823885,val
7106,75.72806675637788,75.571526,val
2383,6.442036183009371,6.465546,val
12681,104.48871564383238,105.001465,val
10990,75.72806675637788,75.870384,val
9959,48.1381815952728,48.134426,val
714,25.27984779576332,25.3728,val
799,230.9901536612257,231.11064,val
10060,64.10443142186895,62.82414,val
8783,35.86295586622186,35.900734,val
4014,92.49987338269456,93.171104,val
2583,21.77517690158367,22.185669,val
4791,29.12596598702036,29.164534,val
5584,56.318371719458256,55.92279,val
5838,134.14502085001388,134.21608,val
873,129.4267602168825,128.99098,val
2835,37.34804120151974,37.451733,val
11255,72.52135855398946,72.73989,val
11078,18.448270263304188,18.896692,val
2013,145.24040847801632,145.0241,val
3430,45.250987390322535,45.09821,val
1855,117.68636585320668,117.47972,val
13105,34.635546819221005,34.908783,val
14453,86.92916151125281,86.8925,val
1448,38.05130976592272,38.51038,val
2,73.3559439690645,71.73218,val
9609,48.08623281605109,48.75818,val
8317,55.80060084695615,56.622772,val
11909,20.391351361528265,19.260695,val
8933,135.2198141561254,136.34988,val
2609,29.34578260289036,29.07134,val
5680,16.125116344342604,16.303017,val
9835,31.69861229808904,31.998785,val
7295,70.8998858391393,70.90009,val
10050,60.937760889072194,59.270058,val
14122,30.88595532017685,31.07556,val
1801,166.17853479893557,165.474,val
1228,6.750079908713624,6.5180326,val
2257,31.91051408188231,31.340502,val
4418,56.318371719458256,56.344265,val
4353,39.53055859179817,39.76579,val
287,43.12759497575015,42.338932,val
12554,54.316367961579786,52.95791,val
9269,53.49135176226452,53.64551,val
13292,48.34358630374402,47.63361,val
5508,36.94310571922444,36.357044,val
5649,12.885025212225244,12.663141,val
5035,49.00862249254413,49.022285,val
11240,67.18811819694348,66.59193,val
4784,25.27984779576332,25.3728,val
8332,67.6283211738766,66.685936,val
6246,19.628813853406385,19.574045,val
11298,5.527128574206158,5.8426633,val
5022,43.29863673312664,43.34936,val
8266,33.15923815640949,32.90678,val
639,6.442036183009371,6.465546,val
5198,48.96526861625701,49.81026,val
2755,24.63527893831387,24.444601,val
9002,85.85337627290696,86.81598,val
8636,16.622909808932246,17.164541,val
12626,83.55792357754082,80.61806,val
12741,83.29477154332817,83.13699,val
7632,136.76886894565047,136.18433,val
9314,80.57929170551442,80.19862,val
830,166.17853479893557,166.42114,val
1402,36.41164086407028,36.452435,val
9180,26.320863792397155,26.549273,val
8196,17.633485569278523,17.659042,val
4024,92.14301126701253,92.74125,val
1989,166.17853479893557,165.72778,val
402,230.9901536612257,229.70288,val
10781,35.46372651810452,35.25305,val
1390,37.38629228613615,36.79336,val
14241,143.8247661167656,142.43753,val
12007,52.35653033478938,52.536114,val
4229,58.5236929318425,58.3316,val
1344,38.91593697359398,38.889015,val
8225,22.19104778233357,21.259455,val
1434,36.210240125305205,36.39392,val
8091,25.857534399290905,25.902805,val
13873,125.86447482244527,124.058235,val
4546,73.5169788308657,72.58616,val
8029,9.839051198642553,9.784307,val
9416,81.7828321007955,81.02565,val
8218,20.33936974007777,20.077509,val
5743,31.91051408188231,31.340502,val
3679,75.24982629334554,74.28101,val
2285,39.33748405428104,39.83566,val
7900,29.402411149110645,29.794844,val
10571,17.33846922503352,17.535295,val
6294,32.289249758728964,32.39974,val
11981,38.74855875286944,39.68449,val
9482,80.66666767817155,80.57982,val
4008,93.38657295807928,93.39073,val
14539,76.98958830258586,77.21676,val
2380,6.442036183009371,6.465546,val
11137,28.678520203607828,28.61912,val
10250,39.33748405428104,39.12659,val
1273,13.92854978889145,13.888378,val
6698,58.132094825297145,57.918205,val
5032,49.00862249254413,49.022285,val
6279,26.620833128631787,27.0513,val
4321,35.86295586622186,36.212025,val
2998,21.22276810141124,20.745012,val
9492,82.46105591073825,82.04411,val
9496,82.46105591073825,82.3651,val
1268,13.92854978889145,13.855272,val
634,6.442036183009371,6.465546,val
6307,35.46372651810452,35.41293,val
603,3.328531319289431,3.3485863,val
11232,62.1233802776967,61.728405,val
1903,101.86758015295236,102.12333,val
14325,94.85645482862957,94.22909,val
11912,20.391351361528265,21.608862,val
12485,51.23740717945918,53.016346,val
12569,59.57543179697275,59.18434,val
13980,92.24483243250832,92.23428,val
2770,25.32142942667775,25.785467,val
10885,135.2198141561254,135.59512,val
2129,98.65596999066533,98.48835,val
12643,136.40586584491066,144.56302,val
11428,44.21359478458822,44.356483,val
4314,35.86295586622186,35.755642,val
2829,37.34804120151974,37.152355,val
9863,41.27982950557314,41.97591,val
9246,44.597910972306806,44.58044,val
9226,37.34804120151974,36.974342,val
14276,112.6599718133244,114.170685,val
6666,60.81262844049596,60.35319,val
9161,24.74816706908628,24.689999,val
3263,34.113034957437215,34.287853,val
3506,14.147402430467531,14.795089,val
4483,95.27995050133204,94.68804,val
13804,82.32445746323637,81.98711,val
11575,69.70696214856945,70.8982,val
10462,66.87499746459498,66.70635,val
10192,21.22276810141124,21.589254,val
5031,49.00862249254413,49.022285,val
8989,89.93891881356173,90.12809,val
10454,64.1404088665598,63.86869,val
13414,73.1915613079784,73.40956,val
11540,69.14676947161414,69.163704,val
5998,80.25361829662151,79.974884,val
6538,48.84238573144443,49.196903,val
6304,35.46372651810452,35.6732,val
8748,38.91834885517143,39.911404,val
5420,77.53876431170232,77.56058,val
1456,38.05130976592272,38.53797,val
11440,56.44692913934201,56.441246,val
2184,14.865809293936342,14.961182,val
3924,134.16905500217058,134.62561,val
4320,35.86295586622186,36.041145,val
2227,23.43298254652068,22.266193,val
12860,39.2928079640545,38.798508,val
14107,24.782599128301666,26.966993,val
12119,46.16640159983851,47.371407,val
11024,76.77816930527784,77.23288,val
1303,22.34386956684365,22.507294,val
8370,115.23290406090766,115.52777,val
9049,75.72806675637788,76.00947,val
4251,69.52453059841163,69.97852,val
4858,62.12878854692645,62.14138,val
7313,70.8890994699993,71.157646,val
442,166.17853479893557,165.64131,val
7521,53.00734926713273,52.96277,val
13849,155.05412004324748,154.97957,val
377,73.95193879191451,73.183174,val
9008,82.51266906756706,82.71796,val
363,64.57695773677871,64.071655,val
13187,51.76031579593137,52.30482,val
3695,134.14502085001388,134.96986,val
9450,77.93378927116997,78.15645,val
11289,4.491537072359547,4.5777535,val
7948,55.891675169143376,55.864098,val
10497,8.4007707299833,8.868437,val
14348,92.49987338269456,92.71091,val
1846,123.0978685654898,123.27762,val
7875,22.019205815790816,21.726625,val
5616,69.76848318728358,69.58944,val
11328,9.839051198642553,10.242538,val
592,2.606366123918593,2.5885131,val
3398,35.87508543765299,35.386963,val
8895,60.456358375515045,60.846302,val
5394,73.22704486211128,73.23118,val
4467,110.28871787139632,109.03128,val
7523,53.00734926713273,53.35957,val
9279,58.5236929318425,58.3316,val
14171,51.441846041956246,50.705074,val
12866,39.2928079640545,38.627533,val
13208,60.69477696945295,61.36739,val
3522,17.650012712740526,17.450996,val
5085,21.429473611547053,21.647495,val
12234,75.02114224725477,74.62512,val
14198,62.03409074627981,63.22888,val
2261,31.91051408188231,31.958763,val
12690,99.25129745411776,98.82719,val
9332,134.13491032325388,134.00287,val
3526,17.650012712740526,19.755007,val
7030,100.6187540373376,100.008606,val
7145,78.17671644727096,78.465256,val
9919,52.53979191594191,52.13373,val
4612,76.00671399435468,76.571144,val
14057,13.681305189167857,14.643042,val
5681,16.125116344342604,16.45487,val
1275,13.92854978889145,13.888378,val
2341,2.606366123918593,2.5885131,val
9801,26.017457290686817,25.269033,val
4671,3.328531319289431,3.3485863,val
13202,60.69477696945295,60.71079,val
12020,57.78179082659215,57.214485,val
1269,13.92854978889145,13.855272,val
6894,57.36151983905263,56.825317,val
3030,28.753615695926324,28.729422,val
13095,34.767713483007924,35.032574,val
4720,9.499438230882436,9.491684,val
2061,113.1117727502116,112.577446,val
6965,75.14911418145515,73.95915,val
3231,22.34386956684365,22.507294,val
13907,107.5197399548222,108.49579,val
12546,54.316367961579786,54.09312,val
2708,70.03363402017787,69.423775,val
11389,25.857534399290905,25.902805,val
7903,33.71724493019231,33.976,val
771,49.0086224925457,49.167248,val
4958,15.977335233233198,15.995449,val
14310,99.73165781686828,99.80616,val
12263,95.27995050133204,95.563446,val
7366,80.25361829662151,80.35883,val
11087,19.89991539202705,20.267927,val
12387,76.00671399435468,76.62242,val
10604,24.78528594550229,26.052673,val
12432,86.00802491357506,85.95382,val
13637,115.99146512869038,116.014534,val
5789,48.41170998900376,48.78423,val
14275,112.6599718133244,113.131256,val
2955,13.792313484057486,13.855521,val
8742,38.91834885517143,38.124878,val
4794,29.12596598702036,29.164534,val
7720,101.86758015295236,101.49462,val
14115,27.698995930992588,28.611643,val
8528,84.52419181559287,84.87486,val
12229,70.13557868690133,70.53181,val
3440,48.96526861625701,48.966595,val
2978,17.59043680885926,17.242071,val
3633,50.68801501365044,50.371655,val
10003,50.2526064803528,49.97969,val
2235,23.43298254652068,23.813871,val
11404,34.113034957437215,34.287853,val
506,113.1117727502116,112.577446,val
11995,47.383642487349135,46.623463,val
5840,119.35792066219084,118.56488,val
2995,19.28254456595652,19.983175,val
780,55.27187238699012,55.34347,val
5983,75.16417987128504,75.24446,val
1096,18.731792724897712,18.79858,val
2105,101.86758015295236,101.49462,val
7560,72.52135855398946,72.59314,val
13841,168.1502886891345,168.25229,val
3180,9.839051198642553,9.784307,val
9335,123.96214174002029,123.76914,val
1450,38.05130976592272,38.085167,val
7964,2.9065837811274826,2.9177651,val
3677,75.24982629334554,74.60499,val
7693,106.2025558056929,106.40461,val
5116,26.657804872047155,26.466824,val
7009,115.30303150446332,115.48713,val
14206,67.80500732074917,67.44159,val
11642,85.05997393992781,85.03847,val
417,193.8751524679473,193.67345,val
12602,70.67888709810615,70.52845,val
12459,55.4430882998278,56.62985,val
13367,55.05208924433604,55.66167,val
3331,21.429473611547053,21.791204,val
1291,19.20192266480916,19.301252,val
9625,49.5567795038002,49.475235,val
2990,19.28254456595652,19.123316,val
10199,23.43298254652068,23.534418,val
2359,4.196221297202333,4.2176785,val
179,78.0347307986556,78.17332,val
12270,89.57234360169679,88.3335,val
6793,73.77568009618804,71.79527,val
10155,16.125116344342604,15.662814,val
1524,56.318371719458256,56.352142,val
13073,36.99469593104042,37.296196,val
2747,24.63527893831387,25.171124,val
14184,56.56699701702424,56.95363,val
7954,62.858388995900896,62.81541,val
6774,73.76729204182922,73.64529,val
3622,46.48566476712182,46.77634,val
7858,16.11129124792047,16.360985,val
4066,93.50643630226388,93.36468,val
11669,117.94057501366258,118.37687,val
10100,79.40102080305233,79.17683,val
12009,52.35653033478938,52.86653,val
569,99.4907361299304,99.94252,val
3630,50.68801501365044,50.622326,val
1760,230.9901536612257,229.98538,val
13895,112.6599718133244,113.14294,val
12243,110.28871787139632,109.95475,val
1564,74.77670776968583,74.84786,val
10086,75.34654859935269,75.38404,val
10235,35.43032585388161,34.517544,val
9396,87.37869480347202,86.622116,val
11408,34.113034957437215,34.287853,val
14145,38.13815414182142,38.13253,val
12730,84.38693654155693,85.64497,val
12727,86.04998768751986,85.8617,val
13333,49.5567795038002,49.573692,val
3778,73.68374035525322,73.29604,val
1508,52.561077422993925,52.51056,val
9368,101.3171290408814,100.76888,val
6209,83.09935595306658,83.34111,val
6717,58.991170602037386,58.967957,val
5773,43.65657505930208,42.974453,val
12091,49.56838968278535,50.367607,val
12649,126.44708143304572,127.61497,val
3130,3.624115801788345,3.4979146,val
3029,28.753615695926324,28.246138,val
9533,57.05450517605655,57.407253,val
13410,73.1915613079784,72.24224,val
5529,39.53055859179817,38.8387,val
8273,36.85856235276155,35.399227,val
7084,77.87315181130059,77.83067,val
3221,19.20192266480916,19.301252,val
10607,27.913859585699885,27.427732,val
12376,72.80691569376961,73.25417,val
13234,60.40667057436809,61.27929,val
8648,19.398995908192024,19.828989,val
8535,86.49796272771329,86.382675,val
10626,35.28853714924939,34.38642,val
11241,67.18811819694348,66.15699,val
8616,11.995094370873645,12.810704,val
4218,53.49135176226452,53.66611,val
7222,98.11718222077316,98.41307,val
3852,77.53876431170232,77.30991,val
9569,50.36965316093952,50.03908,val
14493,77.1364912669906,77.0896,val
13185,51.76031579593137,52.289085,val
9575,49.12984125237405,49.46709,val
13899,107.5197399548222,107.892494,val
6864,56.347326863317264,56.83796,val
925,106.2025558056929,105.88004,val
2991,19.28254456595652,19.39531,val
1948,97.47338258073955,97.88837,val
198,41.2027500139872,44.342083,val
10160,16.125116344342604,16.230154,val
7687,109.30466743726038,109.43491,val
5646,12.885025212225244,13.037014,val
8023,9.839051198642553,9.784307,val
11918,22.02913768609874,21.384949,val
11706,94.86192637572438,95.72185,val
8710,49.93884663241446,49.624886,val
4599,74.18155972707093,75.35089,val
11337,11.747596709247082,11.706337,val
8056,16.40524145944573,16.451323,val
6364,59.89579766367838,60.029427,val
226,39.0547337639536,40.857628,val
8454,78.70967419713557,78.57381,val
1586,3.624115801788345,3.6877751,val
12254,102.11244006090304,102.41974,val
2313,53.62497940433934,54.26087,val
5843,119.35792066219084,118.66772,val
11083,19.89991539202705,19.965235,val
13236,60.40667057436809,59.14669,val
2665,46.48566476712182,46.50478,val
2895,63.896198456162885,64.08789,val
9595,47.99809684590056,48.535347,val
11496,78.081523194867,76.839294,val
2531,62.12878854692645,62.100945,val
2109,100.48928695862324,100.51356,val
6024,152.8177784761153,153.05574,val
13798,82.32445746323637,81.98447,val
8894,60.456358375515045,60.234993,val
13837,168.1502886891345,168.57129,val
3379,30.8733631927149,30.575293,val
10291,59.31238391810723,59.587593,val
9108,82.25512726841218,81.96329,val
6659,62.82498618409738,62.5363,val
7373,83.09935595306658,83.07792,val
12577,62.87797862213373,62.876835,val
13859,143.8247661167656,142.43753,val
1617,8.180433892801254,8.045279,val
8240,24.386290598811208,26.278183,val
4730,11.384421137066337,11.382449,val
11907,20.391351361528265,20.05346,val
66,57.10888254437111,57.089993,val
12260,95.27995050133204,95.26476,val
5818,65.47137652330578,65.78629,val
7567,230.9901536612257,230.50969,val
7950,55.891675169143376,55.864098,val
427,179.04708701101467,177.64952,val
2848,44.597910972306806,44.29755,val
1678,22.34386956684365,22.306236,val
3977,99.73165781686828,98.35719,val
3321,19.89991539202705,20.075949,val
1648,13.92854978889145,13.855272,val
13638,115.99146512869038,115.9683,val
4602,74.18155972707093,74.375916,val
7827,9.570229866524786,9.669128,val
5363,70.5776831156227,70.88884,val
702,21.824079935423136,21.890541,val
1257,11.747596709247082,11.706337,val
5073,19.89991539202705,20.075949,val
2827,37.34804120151974,37.09239,val
2074,109.30466743726038,109.05028,val
1316,25.857534399290905,25.902805,val
8546,3.157574944909513,3.249113,val
11075,18.448270263304188,18.846508,val
13099,34.635546819221005,35.18353,val
10139,13.792313484057486,13.809383,val
13419,77.83754965179875,77.10473,val
12622,79.48504113105551,78.65013,val
5105,24.789633367188944,23.917307,val
13279,49.12984125237405,49.498985,val
12541,52.38623850151688,52.07397,val
6218,14.147402430467531,14.283004,val
1806,154.98431615588598,154.63916,val
12378,74.18155972707093,74.60622,val
9556,52.08281461664617,51.969837,val
4107,24.74816706908628,24.941956,val
4462,74.77670776968583,74.99631,val
851,145.24040847801632,145.52725,val
11592,72.34090204261534,72.19426,val
1613,6.750079908713624,7.0540876,val
13229,60.40667057436809,61.669033,val
10369,60.81262844049596,59.96175,val
10013,51.68892331520587,51.76678,val
12273,89.57234360169679,89.402725,val
2420,13.53610473193936,13.570401,val
520,109.30466743726038,108.954124,val
3067,43.65657505930208,42.974453,val
12746,83.29477154332817,83.02979,val
8764,36.41164086407028,36.452435,val
4231,58.5236929318425,58.773937,val
3814,70.8890994699993,70.76163,val
10862,70.03363402017787,69.7572,val
13285,49.12984125237405,49.42519,val
7813,7.914848156370223,8.151059,val
1190,2.9065837811274826,2.9177651,val
7072,82.51266906756706,82.61201,val
3281,44.21359478458822,44.251316,val
10293,59.31238391810723,59.743557,val
1993,166.17853479893557,167.33725,val
3743,84.57638463785023,84.841225,val
13551,41.80739580968886,42.02492,val
6442,25.32142942667775,25.432634,val
14434,95.82256261856072,96.27115,val
8828,39.53055859179817,40.363457,val
1981,179.04708701101467,176.7065,val
5670,14.865809293936342,14.961182,val
2807,31.73671877096429,31.783262,val
3874,83.09935595306658,83.0485,val
2806,29.533535528411715,29.512524,val
7389,19.89991539202705,19.809881,val
5512,36.94310571922444,36.82499,val
4261,75.23466307522513,75.69347,val
14502,76.10569077995255,75.31291,val
2178,14.865809293936342,14.749386,val
1212,4.491537072359547,4.5777535,val
5995,77.53876431170232,77.58191,val
11405,34.113034957437215,34.287853,val
12269,89.57234360169679,89.09061,val
12305,77.79019270718537,78.09802,val
8458,78.70967419713557,79.034454,val
13876,125.86447482244527,125.60621,val
6005,80.25361829662151,80.40583,val
2707,70.03363402017787,69.93339,val
3005,21.22276810141124,21.859158,val
11841,89.77171705634251,90.039,val
11963,35.05216416707113,31.91179,val
7721,101.86758015295236,101.9446,val
12827,89.77171705634251,90.039,val
10853,64.87166628595628,64.76584,val
13555,41.80739580968886,42.06015,val
5387,71.78670881619587,71.56575,val
11545,69.14676947161414,71.191666,val
14108,24.782599128301666,26.565071,val
10707,17.650012712740526,17.572124,val
11097,21.429473611547053,21.458221,val
1773,211.02994799979388,210.86295,val
3567,29.34578260289036,29.162434,val
1156,43.29863673312664,43.34936,val
2962,14.865809293936342,14.853797,val
3538,21.77517690158367,21.333347,val
6734,61.911697819840086,61.488155,val
7378,18.448270263304188,18.521479,val
12836,53.18976182780735,53.08114,val
13486,35.5258604479491,35.39499,val
6025,134.14502085001388,134.96986,val
8090,25.857534399290905,25.902805,val
3053,35.43032585388161,35.542675,val
7715,101.86758015295236,101.470276,val
9247,44.597910972306806,44.4876,val
8339,67.6283211738766,67.457115,val
11406,34.113034957437215,34.287853,val
11544,69.14676947161414,70.31242,val
262,39.33265262833491,39.699528,val
1590,4.491537072359547,4.5777535,val
1149,43.29863673312664,43.34936,val
14440,90.99196236438706,91.66086,val
10273,48.41170998900376,49.244022,val
11716,91.2397572047843,91.57808,val
9263,53.49135176226452,53.331394,val
1955,230.9901536612257,229.98538,val
8307,50.43940763070308,51.02611,val
2695,59.89579766367838,60.49309,val
5564,49.19054255336955,49.89626,val
9678,60.97999362421386,61.26334,val
834,166.17853479893557,165.62688,val
4908,6.442036183009371,6.465546,val
11917,22.02913768609874,21.476782,val
671,11.384421137066337,11.389216,val
2920,80.57929170551442,80.63314,val
4168,34.339930274970904,34.039783,val
4437,64.95566127753861,65.06118,val
1788,179.04708701101467,177.46169,val
7976,3.624115801788345,3.6672137,val
10650,44.32847378550269,44.518925,val
2278,39.33748405428104,38.34593,val
12246,110.28871787139632,106.34686,val
5839,134.14502085001388,134.28368,val
5777,43.65657505930208,43.395477,val
4896,5.227697523949966,5.220631,val
6469,27.727713592149392,27.524494,val
4158,31.73671877096429,31.60564,val
3157,6.750079908713624,6.5180326,val
1741,50.04341124314785,50.046593,val
9853,37.63391748347983,39.377735,val
3443,48.96526861625701,48.97399,val
1929,99.4907361299304,99.94252,val
8506,80.66666767817155,80.88019,val
2693,59.89579766367838,59.82753,val
1038,7.85908552453503,7.8486624,val
4512,80.93195157639853,79.557686,val
969,98.65596999066533,98.48835,val
7256,79.88545352007553,79.904816,val
5117,26.657804872047155,27.19863,val
10987,76.50234292040042,76.273994,val
8073,22.34386956684365,22.306236,val
5654,13.792313484057486,13.982587,val
1547,69.76848318728358,69.64583,val
9545,54.29787772679955,54.72897,val
2945,12.885025212225244,12.914359,val
354,60.376848442270685,59.961403,val
3088,53.62497940433934,53.342674,val
3356,24.789633367188944,25.053284,val
11931,23.96684006413348,25.985147,val
10641,39.58683345367714,39.6051,val
9610,48.60542794913941,47.65639,val
3757,79.88545352007553,79.67092,val
13000,60.69477696945295,60.50105,val
12267,89.57234360169679,89.09403,val
12182,54.343834943578464,53.36391,val
5261,134.14502085001388,133.7993,val
1705,29.77075417333722,30.16478,val
2562,17.650012712740526,17.450996,val
12064,62.25633543844163,63.011894,val
12794,85.2707950135868,84.866776,val
2243,25.935608876074404,26.602875,val
3889,168.1502886891345,168.54645,val
8036,11.747596709247082,11.706337,val
11265,2.9065837811274826,2.9278867,val
261,39.33265262833491,39.383186,val
2432,15.977335233233198,15.995449,val
10942,85.85337627290696,86.5176,val
3163,6.750079908713624,7.0540876,val
10997,75.72806675637788,75.89669,val
12034,69.92772157818914,67.456436,val
8884,56.318371719454376,56.344265,val
6713,58.991170602037386,59.180466,val
9497,82.46105591073825,82.351326,val
12420,83.53755060546025,83.29056,val
13231,60.40667057436809,60.68369,val
12175,51.56721782835394,51.078415,val
9288,63.896198456162885,63.408875,val
4890,5.227697523949966,5.220631,val
10962,79.86598582053819,79.47318,val
14418,108.1849630836454,107.84751,val
3859,77.53876431170232,77.58191,val
9302,69.52453059841163,70.252525,val
14019,9.244705548457503,10.735772,val
7466,33.2646262088608,33.809376,val
12251,102.11244006090304,102.475044,val
8593,8.444298436388001,8.195818,val
11510,72.90167939974636,72.12954,val
7186,152.8177784761153,152.31595,val
11764,82.74203335367166,83.02642,val
11150,33.2646262088608,32.687386,val
8047,13.92854978889145,13.855272,val
9649,52.77367077007368,54.128296,val
1803,166.17853479893557,166.61868,val
2838,40.76621946032643,40.523716,val
12205,61.34974693767026,60.371716,val
10174,17.59043680885926,18.821552,val
6908,58.62478073631361,59.322704,val
12473,52.99398689569749,53.535862,val
8737,63.18646167076461,63.536396,val
14442,90.99196236438706,92.49127,val
14541,76.98958830258586,76.35282,val
5493,36.210240125305205,36.642265,val
10677,61.47666898968674,61.290245,val
3454,53.00734926713273,53.398075,val
6935,65.07118569106198,63.130085,val
624,5.227697523949966,5.220631,val
4570,71.5126952436544,72.13077,val
10839,59.89579766367838,60.029427,val
10639,39.58683345367714,39.44609,val
597,2.606366123918593,2.5885131,val
10514,9.141045624325722,9.737733,val
11791,83.13470642646298,83.04481,val
1092,18.731792724897712,18.79858,val
11353,16.40524145944573,16.485981,val
4102,24.63527893831387,24.749456,val
8869,52.561077422995496,52.180183,val
3597,38.88107047950797,38.228325,val
3663,64.87166628595628,64.63206,val
8956,107.39789478589,106.29104,val
10965,79.86598582053819,79.48751,val
8243,26.93699031659804,25.110228,val
6316,38.88107047950797,39.009693,val
7312,70.8890994699993,70.98585,val
11459,90.79649380247676,90.79525,val
14214,183.50675596781025,182.01694,val
3703,134.14502085001388,134.28368,val
8947,115.30303150446332,115.20354,val
3480,67.18811819694348,67.06852,val
5566,49.19054255336955,49.158894,val
6624,72.67230242637233,72.3451,val
1936,98.65596999066533,100.35254,val
12422,83.53755060546025,81.98207,val
3207,16.40524145944573,16.485981,val
10950,82.51266906756706,82.51704,val
6950,71.44838330678776,71.41137,val
1675,19.20192266480916,19.354261,val
1511,52.561077422993925,52.733273,val
732,33.39074910958052,33.42985,val
8358,123.96214174002029,122.39103,val
6388,70.03363402017787,69.98662,val
2933,12.124975352206752,12.401071,val
11595,72.34090204261534,72.343704,val
3348,24.789633367188944,24.631311,val
4397,49.19054255336955,49.380882,val
13585,51.76031579593137,52.289085,val
9121,84.60291252746008,84.65177,val
4536,75.33592393483191,74.41513,val
405,230.9901536612257,231.11064,val
3948,112.6599718133244,114.170685,val
9249,44.597910972306806,44.00588,val
1117,29.12596598702036,29.1604,val
12805,86.82293470300802,86.57342,val
10189,21.22276810141124,20.842152,val
8862,49.19054255336985,49.158894,val
10067,67.58928448046117,67.71627,val
6195,80.25361829662151,80.35408,val
917,106.2025558056929,105.95131,val
4997,29.12596598702036,29.164534,val
2190,16.125116344342604,16.08454,val
10429,60.19466070864491,59.946323,val
3330,21.429473611547053,21.703712,val
7077,79.86598582053819,79.2686,val
11760,83.29477154332817,83.02979,val
6253,21.77517690158367,21.33589,val
6302,35.46372651810452,35.005135,val
9675,60.97999362421386,60.94586,val
4471,110.28871787139632,111.08543,val
3020,25.935608876074404,26.25681,val
5328,76.30367359186545,76.53875,val
10002,50.2526064803528,49.910404,val
3728,98.11718222077316,98.20356,val
6293,32.289249758728964,32.16589,val
707,21.824079935423136,21.890541,val
10601,24.78528594550229,24.540974,val
14564,80.17803902352684,79.86166,val
13507,34.635546819221005,34.760826,val
8756,37.38629228613615,37.39963,val
1791,179.04708701101467,178.53008,val
1702,29.77075417333722,29.68344,val
9376,95.84505322335384,95.099365,val
928,103.745126530115,103.975815,val
8814,38.05130976592272,37.577343,val
5250,152.8177784761153,152.39119,val
14398,93.50643630226388,93.31317,val
2634,35.46372651810452,35.55957,val
808,211.02994799979388,210.86295,val
6710,58.30263960140757,58.102432,val
13450,42.58610637454368,42.01016,val
11956,31.74469640013553,30.194328,val
14092,22.120024226901386,21.97201,val
11730,88.31993375128738,88.236824,val
3351,24.789633367188944,24.937218,val
4857,62.12878854692645,62.14138,val
8612,11.995094370873645,11.635423,val
3705,119.35792066219084,118.93089,val
13824,86.84139842568032,86.789,val
13321,48.60542794913941,48.073513,val
169,74.15381360397033,72.34314,val
6694,58.132094825297145,58.787796,val
97,56.43271139946915,57.22717,val
8,73.3559439690645,71.5399,val
9657,55.05208924433604,54.834835,val
6266,24.10159309622668,24.267588,val
1112,25.27984779576332,25.3728,val
11056,82.25512726841218,81.97812,val
7321,71.78670881619587,71.56575,val
4384,46.20624283129268,46.56044,val
5376,70.8890994699993,70.76163,val
7762,2.618505311135724,2.4686174,val
8819,39.53055859179817,39.76579,val
6975,79.03051139114216,77.87249,val
12671,110.67568302020096,111.76207,val
11733,86.04998768751986,87.61879,val
11830,88.48216304859169,87.67204,val
7450,30.8733631927149,30.707428,val
6983,82.6921619327566,82.85186,val
4037,92.24483243250832,92.18955,val
14188,56.56699701702424,57.266373,val
14340,93.38657295807928,93.41428,val
4911,7.85908552453503,7.8486624,val
7436,26.657804872047155,27.71125,val
2996,19.28254456595652,20.108662,val
11940,26.22042757385485,26.9086,val
2385,6.442036183009371,6.465546,val
12775,83.13470642646298,82.84176,val
6855,56.980886431131886,56.694393,val
6691,58.48566458724775,59.057594,val
1333,34.113034957437215,34.287853,val
3172,8.180433892801254,8.095884,val
9795,24.963663940738886,24.473928,val
7381,18.448270263304188,18.625572,val
5660,13.792313484057486,13.652866,val
12414,80.80332043496728,80.32543,val
13962,92.49987338269456,92.618484,val
14349,92.49987338269456,92.9171,val
10846,64.87166628595628,64.8606,val
5451,38.91834885517143,39.197544,val
139,64.3427073914329,64.19502,val
2131,98.65596999066533,100.35254,val
1609,6.750079908713624,6.5180326,val
10431,60.19466070864491,60.133835,val
4387,46.20624283129268,45.867588,val
10914,100.6187540373376,100.269806,val
14098,22.120024226901386,23.415188,val
12483,51.23740717945918,52.69146,val
6077,84.57638463785023,84.2719,val
13331,49.5567795038002,49.486374,val
7899,29.402411149110645,29.794844,val
9185,27.727713592149392,28.12124,val
3884,183.50675596781025,183.0333,val
6369,59.89579766367838,60.49309,val
1887,106.2025558056929,106.36982,val
12219,65.54060841010474,65.89023,val
1750,56.44692913934201,56.475014,val
11511,72.90167939974636,71.389,val
8801,36.94310571922444,37.324047,val
11537,69.14676947161414,69.740845,val
9706,73.1915613079784,73.53169,val
10682,61.47666898968674,61.540764,val
1067,13.53610473193936,13.578428,val
129,61.88227452014178,61.769203,val
9022,79.86598582053819,79.73542,val
11094,21.429473611547053,21.791204,val
5030,49.00862249254413,49.022285,val
11697,99.25129745411776,97.12226,val
934,103.745126530115,103.557205,val
12006,52.35653033478938,52.792175,val
3082,48.41170998900376,48.745525,val
2354,3.328531319289431,3.3485863,val
10753,26.620833128631787,27.228214,val
4472,102.11244006090304,102.39646,val
1349,44.21359478458822,44.251316,val
6564,63.896198456162885,63.410664,val
13438,53.18976182780735,53.96623,val
8605,10.096319714222924,10.299746,val
4659,2.606366123918593,2.5885131,val
3300,56.44692913934201,56.475014,val
3004,21.22276810141124,21.589254,val
6397,75.24982629334554,75.022354,val
1818,145.24040847801632,145.0241,val
604,3.328531319289431,3.3485863,val
13300,47.99809684590056,48.317524,val
8380,101.3171290408814,100.14307,val
6921,62.48827997014724,64.20523,val
6309,35.46372651810452,35.60025,val
4651,86.00802491357506,85.343605,val
3847,75.16417987128504,75.24446,val
3094,53.62497940433934,53.805992,val
7263,76.30367359186545,76.300766,val
766,49.0086224925457,49.022285,val
4964,18.731792724897712,18.79858,val
6684,58.48566458724775,58.80917,val
5636,12.124975352206752,12.44734,val
2322,59.31238391810723,58.854126,val
5506,36.94310571922444,37.104702,val
4249,69.52453059841163,69.45244,val
12237,75.02114224725477,75.21253,val
9228,37.34804120151974,36.880283,val
1114,25.27984779576332,25.3728,val
411,211.02994799979388,211.15405,val
4412,52.561077422993925,53.41005,val
650,7.85908552453503,7.8486624,val
4987,25.27984779576332,25.3728,val
4009,93.38657295807928,93.41361,val
13769,76.98958830258586,76.35282,val
4815,38.10425093874939,38.109303,val
11133,28.678520203607828,28.417017,val
11044,80.03415155888028,79.92051,val
7144,78.17671644727096,78.193054,val
10266,48.41170998900376,48.051174,val
12894,34.767713483007924,34.5182,val
10387,58.48566458724775,59.660206,val
7923,43.74945572579272,43.706245,val
13416,73.1915613079784,73.27519,val
1792,179.04708701101467,178.93442,val
5092,23.053352899871395,23.333712,val
2073,109.30466743726038,109.42389,val
11895,19.038942421022504,18.46025,val
8639,19.398995908192024,19.622856,val
8489,79.27542778284364,79.298965,val
2853,44.597910972306806,44.00588,val
10924,94.83357335355618,94.5279,val
2207,19.28254456595652,18.870237,val
9581,48.34358630374402,47.990665,val
1098,21.824079935423136,21.890541,val
10438,61.911697819840086,61.488155,val
10856,70.03363402017787,69.93339,val
4259,75.23466307522513,74.99941,val
9124,26.05871153969042,25.467136,val
5583,56.318371719458256,56.277824,val
1234,6.750079908713624,7.0540876,val
8101,29.77075417333722,30.16478,val
5532,39.53055859179817,40.363457,val
12837,53.18976182780735,52.755154,val
7123,75.8861492644395,76.378296,val
7163,82.25512726841218,82.57819,val
1943,97.47338258073955,98.06985,val
10583,19.521311513476668,21.40016,val
2388,7.85908552453503,7.8486624,val
8510,82.46105591073825,82.07942,val
7096,76.50234292040042,75.91618,val
10358,62.82498618409738,62.332924,val
6896,57.36151983905263,56.709484,val
2124,99.4907361299304,99.94252,val
2427,15.977335233233198,15.995449,val
5504,36.94310571922444,37.353268,val
3225,19.20192266480916,19.354261,val
13696,83.56214469765372,84.02465,val
12705,91.2397572047843,90.88984,val
6386,70.03363402017787,70.54149,val
164,70.51384660091139,69.577354,val
7187,152.8177784761153,153.35208,val
672,13.53610473193936,13.578428,val
1862,113.1117727502116,114.198456,val
8298,45.49256223877087,45.840748,val
4753,15.977335233233198,15.995449,val
13019,71.34845173855356,70.26654,val
4932,11.384421137066337,11.382449,val
13256,54.29787772679955,53.159645,val
10109,83.09327843384654,83.21157,val
8165,16.08629542413324,16.253632,val
8407,91.22443951098568,90.6249,val
13560,44.66517096340306,44.253136,val
6174,75.16417987128504,75.171,val
874,129.4267602168825,129.083,val
8769,35.919888386123255,36.054474,val
9095,80.03415155888028,80.10604,val
13867,134.16905500217058,135.27113,val
2084,106.2025558056929,106.38104,val
14242,143.8247661167656,143.42514,val
4343,38.05130976592272,38.23238,val
3640,55.1604052272772,54.753662,val
11818,86.82293470300802,86.76112,val
194,81.83523066971891,81.876945,val
5617,69.76848318728358,70.21914,val
6030,134.14502085001388,133.64252,val
10617,31.40638173133023,29.536055,val
10020,53.47823699991465,53.21605,val
9617,48.60542794913941,48.96819,val
3570,29.34578260289036,28.932192,val
11526,71.14396606839321,71.667496,val
13052,42.58610637454368,42.55377,val
11430,50.04341124314785,50.060677,val
1386,38.91834885517143,39.911404,val
5913,73.68374035525322,73.293884,val
7805,6.4852329987035695,6.3357587,val
5480,35.919888386123255,36.07114,val
8239,24.386290598811208,25.264442,val
6177,75.16417987128504,75.24446,val
4505,84.82941053361527,84.91343,val
14518,75.59158411003656,76.30484,val
10516,10.027769629293385,9.420073,val
7335,73.22704486211128,73.22182,val
2160,12.885025212225244,13.037014,val
11726,88.31993375128738,88.33768,val
1576,2.9065837811274826,2.9278867,val
6672,59.37382867606714,60.39593,val
1559,74.77670776968583,74.53945,val
13920,99.73165781686828,99.7607,val
14570,82.32445746323637,81.98447,val
10075,71.35912677124634,71.77348,val
10403,58.132094825297145,57.90297,val
10653,44.32847378550269,44.234238,val
9938,49.424339205446245,49.899918,val
1021,5.227697523949966,5.220631,val
13704,80.83497267860338,80.965225,val
14476,80.83497267860338,80.965225,val
13897,112.6599718133244,113.497604,val
12887,35.5258604479491,35.478256,val
579,98.65596999066533,98.38569,val
7325,71.78670881619587,71.43731,val
10271,48.41170998900376,48.78423,val
5603,64.95566127753861,64.578,val
11468,85.80236635218084,85.57658,val
7328,73.22704486211128,73.23118,val
1310,25.857534399290905,25.902805,val
5900,76.30367359186545,75.978035,val
11555,68.87072465156034,70.23278,val
13066,39.2928079640545,38.627533,val
10230,31.91051408188231,32.236465,val
387,78.79814514174707,77.25469,val
4410,52.561077422993925,52.378445,val
6762,70.098803480824,69.55964,val
2780,26.320863792397155,26.617363,val
7467,35.87508543765299,35.47007,val
3103,59.31238391810723,59.587593,val
3277,44.21359478458822,44.260788,val
12928,36.02701366128638,35.86445,val
3619,46.48566476712182,46.577286,val
9197,29.533535528411715,29.39034,val
9481,80.66666767817155,80.846115,val
3817,70.8890994699993,71.157646,val
12702,91.2397572047843,90.57886,val
7859,16.11129124792047,16.360985,val
6654,62.82498618409738,62.332924,val
4828,43.29863673312664,43.34936,val
9824,29.38334863141901,29.361753,val
10361,62.82498618409738,61.58659,val
5633,12.124975352206752,11.80343,val
4759,18.731792724897712,18.788692,val
2095,103.745126530115,103.3405,val
7841,11.473018356565088,11.611689,val
8784,35.86295586622186,35.960205,val
12424,83.53755060546025,83.35594,val
10280,53.62497940433934,53.720493,val
2624,32.289249758728964,32.435596,val
1779,193.8751524679473,193.44923,val
2589,24.10159309622668,24.3378,val
4843,55.271872386990935,55.26333,val
11889,17.95913696269572,18.560966,val
7420,24.789633367188944,25.129097,val
11015,75.8861492644395,76.27748,val
10686,14.147402430467531,14.2521305,val
4796,29.12596598702036,29.164534,val
1106,21.824079935423136,21.8916,val
4204,48.84238573144443,48.42859,val
8708,44.17585277653098,43.925007,val
10084,71.35912677124634,72.11241,val
2287,43.65657505930208,42.974453,val
8311,50.43940763070308,51.37207,val
9478,79.27542778284364,79.519775,val
13677,86.92916151125281,87.362175,val
11582,70.8035239631433,70.3793,val
11590,72.34090204261534,72.10733,val
5472,36.41164086407028,37.200207,val
3954,107.5197399548222,107.40333,val
11074,18.448270263304188,18.625572,val
13819,86.84139842568032,86.84458,val
14364,92.24483243250832,92.52646,val
10376,59.37382867606714,60.39593,val
4945,13.53610473193936,13.570401,val
7214,107.5602418843858,107.53071,val
12236,75.02114224725477,74.01067,val
2263,31.91051408188231,32.106277,val
2892,63.896198456162885,63.408875,val
11551,68.87072465156034,68.61458,val
6957,71.44838330678776,70.72651,val
1645,11.747596709247082,11.706337,val
8253,29.856612492782848,28.599646,val
6941,68.06824537618436,69.218124,val
922,106.2025558056929,106.36982,val
10372,60.81262844049596,60.944443,val
10258,43.65657505930208,42.719604,val
1071,13.53610473193936,13.570401,val
11561,69.0602255325774,68.801544,val
7700,106.2025558056929,105.88004,val
10910,107.39789478589,107.21504,val
1480,43.604537301970495,43.94393,val
5978,75.16417987128504,75.006485,val
2716,70.03363402017787,70.624596,val
7786,4.22054923341766,4.1632366,val
11169,35.87508543765299,36.343937,val
3496,72.52135855398946,72.974045,val
2296,43.65657505930208,44.66304,val
4311,35.919888386123255,36.0838,val
5560,46.20624283129268,45.691532,val
9405,84.24741541524314,84.29764,val
14510,75.59158411003656,75.62197,val
10249,39.33748405428104,38.722485,val
11223,57.39162304208823,57.43734,val
10042,58.10615179076552,58.01622,val
1853,117.68636585320668,117.236,val
14135,34.36019909387007,34.619183,val
5690,17.59043680885926,17.740475,val
10225,31.91051408188231,31.340502,val
1831,136.76886894565047,137.19708,val
14538,76.04901284854375,76.43227,val
1132,33.39074910957999,33.42985,val
12811,88.48216304859169,88.28355,val
9252,44.597910972306806,44.90803,val
12264,95.27995050133204,94.797295,val
13042,47.10789941727601,47.54656,val
5753,35.43032585388161,34.517544,val
9040,76.50234292040042,76.273994,val
3154,5.527128574206158,5.8426633,val
2533,62.12878854692645,62.14138,val
932,103.745126530115,104.05705,val
12814,88.48216304859169,87.910576,val
754,43.29863673312746,43.34936,val
12334,72.29320847026757,71.50246,val
13823,86.84139842568032,86.81943,val
13617,65.83077308186866,66.804924,val
10637,39.58683345367714,38.37493,val
236,38.59019696142197,40.02932,val
10099,79.40102080305233,78.5907,val
4443,69.76848318728358,69.64583,val
7745,98.65596999066533,98.610794,val
51,58.305762831138,58.200764,val
10582,19.521311513476668,21.055609,val
3676,70.03363402017787,70.624596,val
576,98.65596999066533,100.35254,val
7118,75.52912062238612,76.02358,val
6794,73.77568009618804,72.03146,val
10309,89.61281744144841,97.70758,val
6440,24.74816706908628,24.819693,val
6989,135.2198141561254,135.90556,val
2958,14.865809293936342,14.749386,val
6210,83.09935595306658,83.300934,val
10446,64.1404088665598,64.03568,val
8114,38.91593697359398,38.889015,val
7194,134.14502085001388,134.59259,val
3885,183.50675596781025,180.0604,val
13831,183.50675596781025,180.0604,val
1123,29.12596598702036,29.164534,val
5562,46.20624283129268,46.966183,val
5038,49.00862249254413,49.167248,val
11345,13.92854978889145,13.855272,val
2803,29.533535528411715,29.484598,val
12202,61.34974693767026,60.639103,val
8111,34.113034957437215,34.287853,val
302,45.080962845763935,43.857624,val
10746,26.620833128631787,25.960842,val
6964,75.14911418145515,73.76668,val
11852,16.20097931775689,17.0222,val
10584,19.521311513476668,21.555153,val
1809,154.98431615588598,155.81001,val
7316,70.8890994699993,70.841896,val
8438,81.7828321007955,82.28583,val
7406,21.429473611547053,22.066208,val
3393,33.2646262088608,32.849815,val
8917,69.76848318728075,69.9585,val
11321,9.839051198642553,9.784307,val
10375,60.81262844049596,61.54274,val
13961,92.49987338269456,92.802605,val
5673,16.125116344342604,15.662814,val
1756,56.44692913934201,56.475014,val
3756,79.88545352007553,79.81192,val
1280,16.40524145944573,16.485981,val
2752,24.63527893831387,24.810663,val
3973,99.73165781686828,100.608505,val
10129,12.885025212225244,12.898198,val
4287,37.38629228613615,37.29968,val
5417,77.53876431170232,77.66643,val
2917,80.57929170551442,79.924164,val
3846,75.16417987128504,74.96795,val
8760,36.41164086407028,36.403477,val
9303,75.23466307522513,74.61203,val
5240,72.52135855398946,71.6794,val
5763,39.33748405428104,38.464607,val
12980,51.76031579593137,50.981953,val
4556,72.29320847026757,71.50246,val
12713,88.31993375128738,88.24352,val
899,113.1117727502116,112.864746,val
11093,21.429473611547053,21.703712,val
6337,46.48566476712182,46.50158,val
10709,17.650012712740526,17.640043,val
11466,90.79649380247676,91.05494,val
13240,57.05450517605655,57.67527,val
11173,38.72775337298162,38.98588,val
5350,71.91197889308408,72.02872,val
6644,65.44228559506357,65.853874,val
8377,107.7381594436571,108.33287,val
8678,29.87847222265743,30.14371,val
14180,56.56699701702424,55.55825,val
4115,25.32142942667775,25.476345,val
8302,50.43940763070308,48.963524,val
6798,73.77568009618804,71.93695,val
12097,49.56838968278535,49.090755,val
7816,7.914848156370223,8.151059,val
11375,22.34386956684365,22.507294,val
348,60.376848442270685,59.438553,val
7134,76.77816930527784,76.77588,val
3140,4.491537072359547,4.5777535,val
6513,40.76621946032643,40.962475,val
522,106.2025558056929,105.95131,val
14087,19.694692079282625,20.779503,val
10923,94.83357335355618,94.46292,val
13783,78.37770085810139,77.98625,val
5172,41.84557272242807,41.828064,val
12419,83.53755060546025,83.14301,val
12666,110.67568302020096,111.43949,val
1144,38.10425093874939,38.109303,val
3858,77.53876431170232,77.56058,val
9987,49.17258922572702,49.07451,val
9245,44.597910972306806,44.64407,val
13392,64.63130975413613,64.31463,val
5266,119.35792066219084,118.56488,val
13383,60.97999362421386,60.94128,val
7758,97.47338258073955,97.88837,val
12502,49.52880914978266,49.61808,val
4581,71.91030133184738,72.70979,val
6993,135.2198141561254,136.34988,val
723,29.125965987027584,29.1604,val
5632,74.77670776968583,74.99631,val
3901,155.05412004324748,154.48593,val
4270,80.57929170551442,80.62067,val
14444,90.99196236438706,91.08335,val
3548,24.10159309622668,23.924612,val
10872,75.24982629334554,75.022354,val
2460,25.27984779576332,25.3728,val
10983,76.50234292040042,75.91618,val
12731,84.38693654155693,84.71464,val
12937,37.48026356057577,37.310764,val
4198,44.597910972306806,44.856678,val
11512,72.90167939974636,73.03355,val
9196,29.533535528411715,29.378944,val
11295,5.527128574206158,5.59856,val
6814,65.21758392694511,64.928024,val
12768,82.69911139745801,83.196014,val
2948,13.792313484057486,13.982587,val
7581,211.02994799979388,211.15405,val
9295,69.52453059841163,69.2358,val
8143,56.44692913934201,56.441246,val
8733,63.18646167076461,62.699944,val
13134,37.48026356057577,37.5621,val
5122,28.678520203607828,28.417017,val
9723,31.36358082816288,29.968235,val
3709,119.35792066219084,119.01128,val
2456,21.824079935423136,21.8916,val
5283,98.11718222077316,97.72814,val
12412,80.80332043496728,80.32282,val
2897,69.52453059841163,69.33924,val
12152,47.53432583996549,47.33231,val
195,81.83523066971891,82.14726,val
11820,86.82293470300802,86.54064,val
13844,155.05412004324748,154.34389,val
3014,23.43298254652068,23.78155,val
7746,98.65596999066533,100.35254,val
9981,48.45410543881178,48.365055,val
10298,65.47137652330578,64.96109,val
12509,49.49174784981139,48.721287,val
10876,135.2198141561254,135.90556,val
7986,4.491537072359547,4.5777535,val
8633,16.622909808932246,16.473038,val
3168,8.180433892801254,8.045279,val
619,4.196221297202333,4.2176785,val
2513,49.00862249254413,49.022285,val
241,38.49172622988656,38.76956,val
5458,37.38629228613615,37.5809,val
3617,46.48566476712182,45.822483,val
5006,33.39074910957999,33.42985,val
2268,35.43032585388161,34.879215,val
9724,31.36358082816288,28.059143,val
5622,69.76848318728358,70.38015,val
6139,70.5776831156227,70.76415,val
3372,28.678520203607828,28.650946,val
5200,53.00734926713273,52.33525,val
8198,17.633485569278523,18.098118,val
7757,97.47338258073955,97.5188,val
4452,69.76848318728358,70.38015,val
11121,26.657804872047155,26.296125,val
5757,35.43032585388161,35.29604,val
5061,18.448270263304188,18.248869,val
10580,19.521311513476668,19.661055,val
4099,24.63527893831387,24.036362,val
13957,93.38657295807928,93.53179,val
3258,34.113034957437215,34.002846,val
776,55.27187238699012,55.26333,val
2496,38.10425093874939,38.109303,val
7211,107.5602418843858,108.56929,val
6187,77.53876431170232,77.50041,val
7887,25.51278413365885,25.649954,val
11161,35.87508543765299,35.386963,val
1635,9.839051198642553,10.242538,val
12809,88.48216304859169,88.70258,val
5568,49.19054255336955,48.928875,val
3838,73.22704486211128,73.00925,val
5991,77.53876431170232,77.66643,val
7879,22.019205815790816,21.726625,val
7116,75.52912062238612,75.66097,val
11016,75.8861492644395,76.19279,val
1532,60.456358375515045,60.234993,val
2760,24.74816706908628,25.317505,val
4892,5.227697523949966,5.220631,val
8071,19.20192266480916,19.354261,val
10780,35.46372651810452,35.03117,val
11118,24.789633367188944,24.90578,val
12418,83.53755060546025,83.85235,val
5129,30.8733631927149,30.48318,val
9260,48.84238573144443,49.196903,val
14397,93.50643630226388,93.171715,val
4534,75.33592393483191,75.03184,val
6085,79.88545352007553,80.02181,val
7044,89.93891881356173,89.85842,val
566,99.4907361299304,99.893845,val
11933,26.22042757385485,23.624487,val
112,58.27067223232277,58.133427,val
386,73.95193879191451,74.7515,val
479,129.4267602168825,129.083,val
12886,35.5258604479491,35.39499,val
9085,78.17671644727096,78.465256,val
6104,73.68374035525322,73.63487,val
1208,4.491537072359547,4.5777535,val
10308,89.61281744144841,90.83481,val
10319,83.01808144823141,83.22132,val
289,43.12759497575015,42.8989,val
5728,25.935608876074404,25.886793,val
1606,5.527128574206158,5.8426633,val
11574,69.70696214856945,70.24301,val
9128,26.05871153969042,26.17344,val
5678,16.125116344342604,16.230154,val
6862,56.347326863317264,56.712906,val
616,4.196221297202333,4.2176785,val
10792,38.88107047950797,38.905846,val
9936,49.424339205446245,49.70978,val
13491,34.767713483007924,34.624714,val
2130,98.65596999066533,98.610794,val
1274,13.92854978889145,13.888378,val
4822,43.29863673312664,43.34936,val
7690,109.30466743726038,108.954124,val
8132,50.04341124314785,50.060677,val
1295,19.20192266480916,19.354261,val
13590,55.99893434087522,55.83204,val
7685,109.30466743726038,108.88957,val
5318,79.88545352007553,79.81192,val
3931,125.86447482244527,125.35429,val
9983,48.45410543881178,48.548183,val
5919,71.91197889308408,72.59007,val
6094,76.30367359186545,75.978035,val
11329,9.839051198642553,10.242538,val
7934,49.53704304744422,49.47516,val
10619,31.40638173133023,30.220139,val
7897,29.402411149110645,29.774786,val
8721,56.26207912881144,56.080215,val
9540,54.29787772679955,54.038383,val
7402,21.429473611547053,21.348215,val
10113,83.09327843384654,83.4767,val
1924,99.4907361299304,100.1331,val
10228,31.91051408188231,31.473116,val
2334,65.47137652330578,65.62978,val
11824,88.48216304859169,88.51338,val
8348,134.13491032325388,133.8768,val
7574,230.9901536612257,231.11064,val
3075,43.65657505930208,44.38075,val
11616,76.6667816523841,77.61865,val
3646,55.1604052272772,55.95773,val
13681,86.92916151125281,86.8925,val
12593,66.59566485208973,67.22067,val
12611,75.03655084716752,74.23884,val
11183,41.84557272242807,41.828064,val
